time,v,ω,p,φ
0.0,1.0129905544336824,0.0,2.337356369139037,0.09364790980239814
0.01,1.012990554433682,1.9934098815500758e-14,2.3373563691368835,0.09364790980239814
0.02,1.01299055443368,7.64878918856967e-14,2.337356369134776,0.09364790980239857
0.03,1.0129905544336768,1.652726792066361e-13,2.3373563691327264,0.09364790980239973
0.04,1.0129905544336724,2.8212957988664604e-13,2.3373563691307404,0.09364790980240192
0.05,1.0129905544336666,4.2305384781398434e-13,2.3373563691288197,0.09364790980240542
0.060000000000000005,1.0129905544336595,5.84432805185094e-13,2.3373563691269665,0.09364790980241045
0.07,1.0129905544336517,7.633539903128744e-13,2.3373563691251817,0.09364790980241715
0.08,1.0129905544336426,9.565966481163016e-13,2.33735636912346,0.0936479098024257
0.09,1.0129905544336328,1.1624468791656359e-12,2.3373563691218,0.09364790980243626
0.09999999999999999,1.012990554433622,1.3786993367125243e-12,2.3373563691201973,0.09364790980244891
0.10999999999999999,1.01299055443361,1.6039556200685338e-12,2.3373563691186483,0.09364790980246382
0.11999999999999998,1.0129905544335973,1.8376173546963883e-12,2.33735636911715,0.093647909802481
0.12999999999999998,1.0129905544335838,2.078587917316967e-12,2.3373563691156978,0.09364790980250055
0.13999999999999999,1.0129905544335693,2.326410157669951e-12,2.337356369114287,0.09364790980252256
0.15,1.012990554433554,2.581267217541768e-12,2.337356369112914,0.09364790980254709
0.16,1.0129905544335385,2.8433030449975355e-12,2.337356369111569,0.09364790980257418
0.17,1.012990554433522,3.113186019489113e-12,2.3373563691102412,0.09364790980260393
0.18000000000000002,1.0129905544335052,3.392105624923537e-12,2.3373563691089156,0.09364790980263642
0.19000000000000003,1.0129905544334878,3.68239807160223e-12,2.3373563691075647,0.09364790980267179
0.20000000000000004,1.01299055443347,3.987546388518776e-12,2.3373563691061543,0.0936479098027101
0.21000000000000005,1.0129905544334517,4.313089594492131e-12,2.337356369104631,0.09364790980275157
0.22000000000000006,1.012990554433433,4.6671046910544295e-12,2.3373563691029338,0.09364790980279644
0.23000000000000007,1.0129905544334143,5.060631154930564e-12,2.3373563691009758,0.09364790980284506
0.24000000000000007,1.0129905544333953,5.5087737506089426e-12,2.3373563690986474,0.09364790980289786
0.25000000000000006,1.0129905544333762,6.031324069444489e-12,2.3373563690958177,0.0936479098029555
0.26000000000000006,1.0129905544333573,6.654302029653008e-12,2.3373563690923267,0.09364790980301883
0.2700000000000001,1.0129905544333386,7.410238999031445e-12,2.337356369087992,0.09364790980308903
0.2800000000000001,1.0129905544333204,8.338991428512273e-12,2.3373563690825985,0.0936479098031676
0.2900000000000001,1.012990554433303,9.489599107135968e-12,2.337356369075908,0.09364790980325652
0.3000000000000001,1.0129905544332864,1.0919858334759126e-11,2.3373563690676527,0.09364790980335831
0.3100000000000001,1.0129905544332714,1.269780155183535e-11,2.3373563690575434,0.09364790980347606
0.3200000000000001,1.0129905544332578,1.4901907419987786e-11,2.337356369045257,0.09364790980361366
0.3300000000000001,1.0129905544332463,1.762216671647141e-11,2.337356369030446,0.09364790980377584
0.34000000000000014,1.0129905544332378,2.096090758490657e-11,2.3373563690127366,0.0936479098039682
0.35000000000000014,1.0129905544332327,2.5032687281310326e-11,2.3373563689917134,0.0936479098041975
0.36000000000000015,1.0129905544332316,2.996638258786758e-11,2.3373563689669346,0.09364790980447171
0.37000000000000016,1.0129905544332352,3.5905560262746947e-11,2.3373563689379115,0.09364790980480019
0.38000000000000017,1.012990554433245,4.3010112166945574e-11,2.337356368904119,0.09364790980519372
0.3900000000000002,1.012990554433262,5.1456458348021896e-11,2.3373563688649774,0.09364790980566483
0.4000000000000002,1.0129905544332871,6.144062645962842e-11,2.3373563688198535,0.09364790980622793
0.4100000000000002,1.0129905544333222,7.317922509024916e-11,2.337356368768055,0.09364790980689944
0.4200000000000002,1.0129905544333688,8.691151824812722e-11,2.3373563687088255,0.09364790980769813
0.4300000000000002,1.0129905544334288,1.0290107266523352e-10,2.337356368641343,0.0936479098086452
0.4400000000000002,1.0129905544335043,1.214381593099677e-10,2.3373563685647145,0.09364790980976465
0.45000000000000023,1.012990554433598,1.4284192091990106e-10,2.3373563684779732,0.09364790981108352
0.46000000000000024,1.012990554433712,1.674615557404313e-10,2.337356368380081,0.09364790981263223
0.47000000000000025,1.0129905544338502,1.956792180445282e-10,2.337356368269927,0.09364790981444478
0.48000000000000026,1.0129905544340152,2.2791116400969628e-10,2.337356368146329,0.09364790981655924
0.49000000000000027,1.0129905544342117,2.646096658044869e-10,2.3373563680080376,0.09364790981901791
0.5000000000000002,1.0129905544344435,3.0626405999893043e-10,2.337356367853734,0.09364790982186792
0.5100000000000002,1.0129905544347155,3.534026320689092e-10,2.337356367682034,0.09364790982516144
0.5200000000000002,1.0129905544350326,4.065935610100658e-10,2.337356367491493,0.09364790982895614
0.5300000000000002,1.0129905544354008,4.664456438354735e-10,2.3373563672806092,0.09364790983331554
0.5400000000000003,1.0129905544358264,5.336098146129517e-10,2.337356367047817,0.09364790983830945
0.5500000000000003,1.0129905544363167,6.087787862216483e-10,2.3373563667915005,0.0936479098440144
0.5600000000000003,1.0129905544368796,6.926890484286511e-10,2.337356366509979,0.09364790985051412
0.5700000000000003,1.012990554437523,7.861209354768234e-10,2.337356366201517,0.09364790985789989
0.5800000000000003,1.0129905544382563,8.899005620869173e-10,2.3373563658643177,0.09364790986627103
0.5900000000000003,1.0129905544390896,1.004900025331553e-9,2.337356365496527,0.09364790987573529
0.6000000000000003,1.012990554440034,1.1320386678862258e-9,2.3373563650962255,0.09364790988640949
0.6100000000000003,1.0129905544411013,1.2722841079657182e-9,2.33735636466143,0.09364790989841977
0.6200000000000003,1.0129905544423043,1.4266537548395997e-9,2.3373563641900943,0.09364790991190226
0.6300000000000003,1.0129905544436575,1.5962161888898542e-9,2.337356363680104,0.09364790992700346
0.6400000000000003,1.0129905544451752,1.7820918273676028e-9,2.33735636312928,0.09364790994388092
0.6500000000000004,1.0129905544468738,1.9854549324522537e-9,2.337356362535382,0.09364790996270357
0.6600000000000004,1.0129905544487712,2.2075347099147258e-9,2.3373563618961066,0.09364790998365242
0.6700000000000004,1.0129905544508866,2.449615549086264e-9,2.337356361209095,0.09364791000692096
0.6800000000000004,1.0129905544532396,2.7130381260421357e-9,2.3373563604719294,0.09364791003271586
0.6900000000000004,1.0129905544558526,2.999200659517876e-9,2.3373563596821487,0.0936479100612575
0.7000000000000004,1.0129905544587487,3.309558859536844e-9,2.3373563588372446,0.09364791009278045
0.7100000000000004,1.0129905544619526,3.6456262404864146e-9,2.3373563579346746,0.09364791012753432
0.7200000000000004,1.0129905544654911,4.008974605717821e-9,2.3373563569718616,0.09364791016578389
0.7300000000000004,1.012990554469393,4.401233206145627e-9,2.3373563559462047,0.09364791020781013
0.7400000000000004,1.0129905544736881,4.824088492121201e-9,2.3373563548550833,0.09364791025391052
0.7500000000000004,1.0129905544784095,5.279284039377938e-9,2.337356353695859,0.0936479103043997
0.7600000000000005,1.012990554483591,5.768619741651289e-9,2.337356352465879,0.09364791035961004
0.7700000000000005,1.0129905544892697,6.293951351690638e-9,2.337356351162489,0.09364791041989215
0.7800000000000005,1.0129905544954838,6.857189916558941e-9,2.3373563497830214,0.09364791048561547
0.7900000000000005,1.0129905545022753,7.460300819440707e-9,2.3373563483248128,0.09364791055716888
0.8000000000000005,1.0129905545096873,8.105303471801907e-9,2.337356346785199,0.09364791063496111
0.8100000000000005,1.0129905545177658,8.794270758461057e-9,2.3373563451615125,0.09364791071942145
0.8200000000000005,1.0129905545265598,9.529328534452813e-9,2.3373563434510927,0.0936479108110001
0.8300000000000005,1.0129905545361204,1.0312655275806643e-8,2.3373563416512866,0.09364791091016889
0.8400000000000005,1.0129905545465019,1.1146481001958736e-8,2.337356339759452,0.09364791101742151
0.8500000000000005,1.0129905545577615,1.2033087668007474e-8,2.3373563377729547,0.09364791113327442
0.8600000000000005,1.012990554569959,1.2974807610107373e-8,2.3373563356891784,0.09364791125826699
0.8700000000000006,1.0129905545831577,1.3974023668995538e-8,2.3373563335055363,0.09364791139296223
0.8800000000000006,1.0129905545974245,1.5033167561125903e-8,2.3373563312194614,0.0936479115379472
0.8900000000000006,1.0129905546128293,1.615471925564937e-8,2.337356328828421,0.09364791169383356
0.9000000000000006,1.0129905546294449,1.7341206227621423e-8,2.3373563263299224,0.09364791186125802
0.9100000000000006,1.012990554647348,1.8595202052951408e-8,2.3373563237215125,0.09364791204088271
0.9200000000000006,1.0129905546666194,1.9919324964322038e-8,2.3373563210007973,0.09364791223339582
0.9300000000000006,1.012990554687343,2.131623646938826e-8,2.337356318165432,0.09364791243951184
0.9400000000000006,1.0129905547096067,2.2788639644760428e-8,2.33735631521314,0.09364791265997217
0.9500000000000006,1.0129905547335027,2.433927751079777e-8,2.337356312141712,0.09364791289554543
0.9600000000000006,1.0129905547591274,2.597093101070707e-8,2.3373563089490164,0.09364791314702779
0.9700000000000006,1.0129905547865805,2.768641701810578e-8,2.3373563056329947,0.09364791341524348
0.9800000000000006,1.0129905548159666,2.948858681405564e-8,2.3373563021916697,0.09364791370104507
0.9900000000000007,1.012990554847395,3.138032457556637e-8,2.3373562986231584,0.09364791400531376
1.0000000000000007,1.0129905548809783,3.336454406246609e-8,2.337356294925662,0.09364791432895989
1.0100000000000007,1.0129905549168359,3.544418849646495e-8,2.3373562910974774,0.09364791467292276
1.0200000000000007,1.0129905549550895,3.7622226824933755e-8,2.3373562871369953,0.0936479150381716
1.0300000000000007,1.0129905549958669,3.990165398944126e-8,2.337356283042705,0.09364791542570525
1.0400000000000007,1.0129905550393008,4.228548721628775e-8,2.3373562788132003,0.09364791583655267
1.0500000000000007,1.012990555085528,4.47767658707549e-8,2.3373562744471736,0.09364791627177317
1.0600000000000007,1.012990555134692,4.73785485504774e-8,2.3373562699434336,0.09364791673245637
1.0700000000000007,1.0129905551869407,5.009391140726552e-8,2.3373562653008984,0.09364791721972272
1.0800000000000007,1.0129905552424268,5.292594668622947e-8,2.3373562605185967,0.09364791773472349
1.0900000000000007,1.012990555301309,5.587776042853679e-8,2.3373562555956777,0.09364791827864091
1.1000000000000008,1.0129905553637517,5.8952471061985956e-8,2.3373562505314207,0.09364791885268833
1.1100000000000008,1.012990555429925,6.215320668111588e-8,2.33735624532523,0.09364791945811038
1.1200000000000008,1.0129905555000043,6.548310324345705e-8,2.3373562399766366,0.09364792009618297
1.1300000000000008,1.0129905555741707,6.89453024558269e-8,2.3373562344853163,0.09364792076821342
1.1400000000000008,1.012990555652612,7.25429496318105e-8,2.3373562288510805,0.09364792147554049
1.1500000000000008,1.0129905557355212,7.627919115895576e-8,2.3373562230738867,0.0936479222195344
1.1600000000000008,1.012990555823098,8.015717215776602e-8,2.337356217153843,0.0936479230015968
1.1700000000000008,1.0129905559155479,8.418003437799099e-8,2.3373562110912074,0.09364792382316078
1.1800000000000008,1.0129905560130834,8.835091308774133e-8,2.3373562048863925,0.09364792468569086
1.1900000000000008,1.0129905561159218,9.267293583436308e-8,2.3373561985399682,0.09364792559068287
1.2000000000000008,1.0129905562242891,9.714921916041858e-8,2.337356192052665,0.09364792653966376
1.2100000000000009,1.0129905563384156,1.0178286628354249e-7,2.3373561854253717,0.09364792753419181
1.2200000000000009,1.0129905564585393,1.0657696572855875e-7,2.337356178659143,0.093647928575856
1.2300000000000009,1.0129905565849053,1.1153458807210291e-7,2.337356171755199,0.09364792966627625
1.2400000000000009,1.0129905567177648,1.1665878367268775e-7,2.3373561647149264,0.09364793080710303
1.2500000000000009,1.0129905568573758,1.2195258074125284e-7,2.3373561575398796,0.0936479320000173
1.260000000000001,1.0129905570040039,1.274189832901911e-7,2.337356150231781,0.09364793324672999
1.270000000000001,1.0129905571579199,1.3306096822203978e-7,2.337356142792523,0.09364793454898222
1.280000000000001,1.0129905573194036,1.3888148450031586e-7,2.3373561352241747,0.09364793590854449
1.290000000000001,1.012990557488741,1.448834496768383e-7,2.337356127528976,0.09364793732721677
1.300000000000001,1.0129905576662257,1.5106974795955174e-7,2.337356119709348,0.09364793880682797
1.310000000000001,1.0129905578521576,1.5744322762905309e-7,2.337356111767885,0.0936479403492357
1.320000000000001,1.0129905580468443,1.6400670011318673e-7,2.337356103707362,0.09364794195632586
1.330000000000001,1.0129905582506014,1.7076293612821793e-7,2.3373560955307395,0.09364794363001225
1.340000000000001,1.0129905584637504,1.7771466395850325e-7,2.337356087241158,0.09364794537223621
1.350000000000001,1.0129905586866212,1.8486456770519217e-7,2.3373560788419416,0.09364794718496608
1.360000000000001,1.0129905589195507,1.9221528408201246e-7,2.337356070336603,0.09364794907019688
1.370000000000001,1.0129905591628832,1.9976940055925294e-7,2.3373560617288436,0.09364795102994972
1.380000000000001,1.0129905594169704,2.0752945271333253e-7,2.3373560530225497,0.09364795306627138
1.390000000000001,1.0129905596821718,2.1549792267216297e-7,2.3373560442218038,0.09364795518123355
1.400000000000001,1.012990559958854,2.2367723489816168e-7,2.3373560353308713,0.09364795737693263
1.410000000000001,1.012990560247392,2.3206975574362364e-7,2.3373560263542132,0.09364795965548892
1.420000000000001,1.0129905605481668,2.406777899657868e-7,2.337356017296478,0.09364796201904611
1.430000000000001,1.0129905608615684,2.495035792192584e-7,2.337356008162505,0.09364796446977057
1.440000000000001,1.0129905611879932,2.5854929957497766e-7,2.3373559989573223,0.0936479670098508
1.450000000000001,1.012990561527846,2.678170586859834e-7,2.337355989686152,0.09364796964149669
1.460000000000001,1.0129905618815385,2.773088946336127e-7,2.3373559803544017,0.0936479723669389
1.470000000000001,1.01299056224949,2.870267732526502e-7,2.3373559709676677,0.09364797518842809
1.480000000000001,1.0129905626321274,2.969725855209747e-7,2.3373559615317405,0.09364797810823419
1.490000000000001,1.0129905630298857,3.071481460732225e-7,2.337355952052596,0.09364798112864565
1.500000000000001,1.0129905634432066,3.1755519054207325e-7,2.3373559425363992,0.0936479842519687
1.5100000000000011,1.012990563872539,3.281953732937437e-7,2.337355932989502,0.09364798748052662
1.5200000000000011,1.0129905643183397,3.3907026666702017e-7,2.3373559234184405,0.0936479908166586
1.5300000000000011,1.0129905647810733,3.501813570080832e-7,2.337355913829947,0.09364799426271929
1.5400000000000011,1.0129905652612106,3.615300435561173e-7,2.3373559042309293,0.09364799782107777
1.5500000000000012,1.0129905657592309,3.7311763627457637e-7,2.3373558946284927,0.09364800149411655
1.5600000000000012,1.01299056627562,3.8494535314649307e-7,2.337355885029919,0.09364800528423092
1.5700000000000012,1.0129905668108705,3.9701431829876586e-7,2.3373558754426753,0.09364800919382782
1.5800000000000012,1.0129905673654829,4.09325560728273e-7,2.337355865874415,0.09364801322532493
1.5900000000000012,1.0129905679399647,4.218800107591082e-7,2.3373558563329753,0.09364801738114974
1.6000000000000012,1.01299056853483,4.346784985794241e-7,2.3373558468263687,0.0936480216637386
1.6100000000000012,1.0129905691505994,4.4772175269826277e-7,2.337355837362792,0.09364802607553561
1.6200000000000012,1.0129905697878017,4.610103971463482e-7,2.3373558279506175,0.09364803061899164
1.6300000000000012,1.0129905704469706,4.7454494978658806e-7,2.3373558185983927,0.09364803529656326
1.6400000000000012,1.0129905711286484,4.883258203396228e-7,2.337355809314845,0.0936480401107117
1.6500000000000012,1.0129905718333823,5.023533079585843e-7,2.3373558001088655,0.09364804506390172
1.6600000000000013,1.0129905725617263,5.16627600158781e-7,2.33735579098952,0.09364805015860057
1.6700000000000013,1.0129905733142415,5.311487703985269e-7,2.337355781966042,0.09364805539727669
1.6800000000000013,1.0129905740914946,5.459167759304076e-7,2.3373557730478334,0.09364806078239876
1.6900000000000013,1.0129905748940584,5.60931456430224e-7,2.3373557642444536,0.09364806631643449
1.7000000000000013,1.0129905757225117,5.761925319692776e-7,2.337355755565628,0.09364807200184928
1.7100000000000013,1.0129905765774394,5.916996013097173e-7,2.337355747021235,0.09364807784110518
1.7200000000000013,1.0129905774594323,6.074521396883923e-7,2.3373557386213206,0.09364808383665957
1.7300000000000013,1.0129905783690858,6.234494975075195e-7,2.3373557303760686,0.09364808999096405
1.7400000000000013,1.012990579307002,6.396908991036931e-7,2.3373557222958263,0.093648096306463
1.7500000000000013,1.0129905802737873,6.561754395880314e-7,2.337355714391082,0.09364810278559249
1.7600000000000013,1.0129905812700535,6.729020846560243e-7,2.337355706672472,0.09364810943077882
1.7700000000000014,1.0129905822964174,6.898696683700465e-7,2.3373556991507725,0.09364811624443735
1.7800000000000014,1.0129905833535007,7.07076891615987e-7,2.337355691836898,0.09364812322897104
1.7900000000000014,1.0129905844419298,7.245223202809059e-7,2.3373556847419077,0.09364813038676921
1.8000000000000014,1.0129905855623353,7.42204383478119e-7,2.3373556778769835,0.0936481377202062
1.8100000000000014,1.0129905867153521,7.601213730023038e-7,2.337355671253436,0.09364814523163996
1.8200000000000014,1.012990587901619,7.782714413757707e-7,2.337355664882708,0.09364815292341062
1.8300000000000014,1.0129905891217792,7.966525999771348e-7,2.337355658776357,0.09364816079783914
1.8400000000000014,1.0129905903764793,8.152627183261076e-7,2.337355652946063,0.09364816885722588
1.8500000000000014,1.0129905916663695,8.340995224196983e-7,2.3373556474036183,0.09364817710384914
1.8600000000000014,1.0129905929921028,8.531605932441925e-7,2.33735564216092,0.0936481855399639
1.8700000000000014,1.012990594354336,8.724433662621527e-7,2.337355637229977,0.09364819416780001
1.8800000000000014,1.0129905957537273,8.919451292486987e-7,2.337355632622887,0.09364820298956117
1.8900000000000015,1.0129905971909396,9.116630230710791e-7,2.3373556283518573,0.09364821200742303
1.9000000000000015,1.0129905986666363,9.315940380618493e-7,2.3373556244291747,0.09364822122353206
1.9100000000000015,1.0129906001814841,9.517350153156172e-7,2.337355620867221,0.09364823064000372
1.9200000000000015,1.012990601736151,9.720826442320107e-7,2.3373556176784533,0.09364824025892125
1.9300000000000015,1.0129906033313072,9.926334619334762e-7,2.3373556148754076,0.09364825008233392
1.9400000000000015,1.012990604967623,1.013383853175234e-6,2.337355612470686,0.09364826011225573
1.9500000000000015,1.0129906066457715,1.0343300495000345e-6,2.3373556104769655,0.0936482703506637
1.9600000000000015,1.0129906083664257,1.0554681271756986e-6,2.337355608906977,0.09364828079949633
1.9700000000000015,1.0129906101302595,1.0767940082394495e-6,2.337355607773509,0.09364829146065226
1.9800000000000015,1.0129906119379466,1.09830345922931e-6,2.3373556070893975,0.0936483023359884
1.9900000000000015,1.0129906137901614,1.1199920906261083e-6,2.3373556068675185,0.09364831342731873
2.0000000000000013,1.0129906156875776,1.1418553569755019e-6,2.337355607120795,0.09364832473641237
2.010000000000001,1.012990617630869,1.1638885556923926e-6,2.337355607862172,0.09364833626499229
2.020000000000001,1.0129906196207077,1.1860868277590592e-6,2.337355609104628,0.09364834801473369
2.0300000000000007,1.0129906216577647,1.2084451564270364e-6,2.3373556108611506,0.09364835998726241
2.0400000000000005,1.0129906237427109,1.23095836874458e-6,2.3373556131447484,0.09364837218415317
2.0500000000000003,1.0129906258762142,1.2536211337640738e-6,2.3373556159684346,0.09364838460692833
2.06,1.012990628058941,1.2764279633912393e-6,2.337355619345217,0.09364839725705605
2.07,1.012990630291555,1.2993732128742875e-6,2.3373556232880968,0.09364841013594895
2.0799999999999996,1.0129906325747173,1.3224510808349463e-6,2.3373556278100565,0.09364842324496236
2.0899999999999994,1.0129906349090858,1.345655609998494e-6,2.337355632924056,0.0936484365853928
2.099999999999999,1.012990637295316,1.3689806872808802e-6,2.3373556386430323,0.0936484501584764
2.109999999999999,1.0129906397340585,1.392420044209528e-6,2.3373556449798802,0.0936484639653875
2.1199999999999988,1.012990642225961,1.4159672578821346e-6,2.3373556519474463,0.09364847800723683
2.1299999999999986,1.0129906447716663,1.4396157513331897e-6,2.3373556595585345,0.09364849228507023
2.1399999999999983,1.0129906473718122,1.463358794554229e-6,2.337355667825878,0.09364850679986701
2.149999999999998,1.012990650027032,1.4871895060819119e-6,2.337355676762151,0.09364852155253836
2.159999999999998,1.0129906527379533,1.5111008530582069e-6,2.337355686379944,0.09364853654392594
2.1699999999999977,1.0129906555051986,1.5350856528850814e-6,2.337355696691769,0.09364855177480028
2.1799999999999975,1.0129906583293833,1.5591365746387513e-6,2.3373557077100444,0.09364856724585943
2.1899999999999973,1.0129906612111175,1.5832461397399152e-6,2.337355719447087,0.0936485829577273
2.199999999999997,1.0129906641510034,1.6074067242292697e-6,2.3373557319151015,0.09364859891095231
2.209999999999997,1.0129906671496367,1.6316105598764562e-6,2.337355745126182,0.09364861510600597
2.2199999999999966,1.0129906702076055,1.6558497363278366e-6,2.3373557590922864,0.09364863154328133
2.2299999999999964,1.0129906733254899,1.6801162024618419e-6,2.33735577382525,0.09364864822309166
2.239999999999996,1.0129906765038619,1.704401768321751e-6,2.3373557893367494,0.093648665145669
2.249999999999996,1.012990679743284,1.7286981078308854e-6,2.337355805638317,0.0936486823111629
2.259999999999996,1.0129906830443107,1.75299676046844e-6,2.337355822741319,0.09364869971963885
2.2699999999999956,1.0129906864074867,1.7772891338473196e-6,2.3373558406569477,0.0936487173710772
2.2799999999999954,1.012990689833347,1.8015665058000535e-6,2.337355859396222,0.09364873526537154
2.289999999999995,1.0129906933224162,1.8258200270880921e-6,2.3373558789699613,0.09364875340232777
2.299999999999995,1.0129906968752087,1.8500407244818834e-6,2.3373558993887906,0.09364877178166266
2.3099999999999947,1.0129907004922276,1.8742195032316973e-6,2.3373559206631236,0.09364879040300254
2.3199999999999945,1.012990704173965,1.8983471499161287e-6,2.3373559428031534,0.09364880926588229
2.3299999999999943,1.0129907079209013,1.922414335418812e-6,2.3373559658188454,0.09364882836974404
2.339999999999994,1.0129907117335049,1.946411618823835e-6,2.337355989719931,0.093648847713936
2.349999999999994,1.0129907156122309,1.970329449506211e-6,2.3373560145158825,0.09364886729771159
2.3599999999999937,1.0129907195575225,1.994158172351546e-6,2.3373560402159232,0.09364888712022802
2.3699999999999934,1.01299072356981,2.0178880297981e-6,2.3373560668290074,0.09364890718054551
2.3799999999999932,1.0129907276495094,2.041509165858478e-6,2.337356094363811,0.0936489274776262
2.389999999999993,1.0129907317970221,2.0650116302617253e-6,2.3373561228287176,0.09364894801033326
2.399999999999993,1.0129907360127366,2.088385382755828e-6,2.337356152231819,0.0936489687774298
2.4099999999999926,1.0129907402970257,2.111620296255726e-6,2.3373561825809013,0.09364898977757814
2.4199999999999924,1.0129907446502475,2.1347061615250896e-6,2.3373562138834263,0.0936490110093389
2.429999999999992,1.0129907490727441,2.1576326915287205e-6,2.337356246146534,0.09364903247117026
2.439999999999992,1.0129907535648426,2.1803895262219246e-6,2.3373562793770284,0.09364905416142709
2.4499999999999917,1.0129907581268531,2.202966236485246e-6,2.3373563135813633,0.09364907607836037
2.4599999999999915,1.0129907627590693,2.225352329083473e-6,2.337356348765635,0.09364909822011644
2.4699999999999913,1.0129907674617684,2.24753725181134e-6,2.337356384935582,0.09364912058473637
2.479999999999991,1.0129907722352094,2.2695103977078743e-6,2.337356422096556,0.09364914317015555
2.489999999999991,1.0129907770796345,2.2912611110228564e-6,2.3373564602535324,0.09364916597420289
2.4999999999999907,1.0129907819952675,2.312778691555447e-6,2.3373564994110843,0.09364918899460062
2.5099999999999905,1.0129907869823132,2.334052400420532e-6,2.337356539573382,0.09364921222896379
2.5199999999999902,1.0129907920409587,2.355071465801508e-6,2.337356580744185,0.09364923567479981
2.52999999999999,1.0129907971713712,2.37582508769842e-6,2.3373566229268263,0.09364925932950828
2.53999999999999,1.0129908023736993,2.3963024441549183e-6,2.3373566661242062,0.09364928319038068
2.5499999999999896,1.0129908076480711,2.4164926963707716e-6,2.3373567103387853,0.09364930725460015
2.5599999999999894,1.0129908129945953,2.436384995127469e-6,2.3373567555725727,0.09364933151924142
2.569999999999989,1.0129908184133596,2.4559684863370244e-6,2.3373568018271205,0.09364935598127067
2.579999999999989,1.0129908239044314,2.4752323171829823e-6,2.337356849103505,0.0936493806375456
2.5899999999999888,1.0129908294678567,2.494165642430804e-6,2.3373568974023335,0.09364940548481533
2.5999999999999885,1.0129908351036605,2.512757630682101e-6,2.3373569467237214,0.09364943051972066
2.6099999999999883,1.012990840811846,2.5309974706866484e-6,2.337356997067297,0.09364945573879413
2.619999999999988,1.0129908465923945,2.5488743771027963e-6,2.3373570484321813,0.09364948113846028
2.629999999999988,1.012990852445265,2.5663775979906055e-6,2.3373571008169884,0.09364950671503605
2.6399999999999877,1.0129908583703946,2.5834964210278872e-6,2.337357154219817,0.09364953246473096
2.6499999999999875,1.0129908643676975,2.6002201794937746e-6,2.3373572086382426,0.09364955838364758
2.6599999999999873,1.012990870437064,2.616538259420717e-6,2.3373572640692983,0.09364958446778224
2.669999999999987,1.0129908765783622,2.6324401071045466e-6,2.337357320509489,0.09364961071302531
2.679999999999987,1.012990882791436,2.6479152349764232e-6,2.337357377954768,0.093649637115162
2.6899999999999866,1.0129908890761066,2.6629532290501603e-6,2.3373574364005423,0.09364966366987289
2.6999999999999864,1.0129908954321694,2.677543755533971e-6,2.3373574958416503,0.09364969037273502
2.709999999999986,1.0129909018593979,2.6916765683780762e-6,2.3373575562723747,0.09364971721922226
2.719999999999986,1.0129909083575392,2.705341515673601e-6,2.3373576176864197,0.09364974420470677
2.7299999999999858,1.0129909149263172,2.7185285477027923e-6,2.337357680076919,0.09364977132445952
2.7399999999999856,1.0129909215654305,2.7312277233383686e-6,2.3373577434364234,0.09364979857365155
2.7499999999999853,1.012990928274553,2.74342921705178e-6,2.337357807756899,0.09364982594735505
2.759999999999985,1.0129909350533333,2.7551233267547345e-6,2.337357873029714,0.09364985344054458
2.769999999999985,1.0129909419013945,2.766300481159913e-6,2.3373579392456505,0.09364988104809835
2.7799999999999847,1.0129909488183346,2.7769512464231165e-6,2.3373580063948816,0.09364990876479955
2.7899999999999845,1.0129909558037262,2.7870663340881812e-6,2.3373580744669837,0.09364993658533768
2.7999999999999843,1.0129909628571163,2.7966366080265027e-6,2.337358143450926,0.09364996450431018
2.809999999999984,1.012990969978026,2.8056530915963517e-6,2.337358213335066,0.09364999251622386
2.819999999999984,1.0129909771659502,2.8141069751120513e-6,2.337358284107151,0.09365002061549663
2.8299999999999836,1.0129909844203584,2.821989623397184e-6,2.3373583557543136,0.09365004879645922
2.8399999999999834,1.012990991740694,2.8292925828218487e-6,2.3373584282630664,0.0936500770533568
2.849999999999983,1.012990999126374,2.8360075885907445e-6,2.337358501619309,0.09365010538035101
2.859999999999983,1.012991006576789,2.84212657249686e-6,2.3373585758083157,0.09365013377152182
2.869999999999983,1.0129910140913052,2.847641669460942e-6,2.3373586508147532,0.09365016222086951
2.8799999999999826,1.0129910216692608,2.852545224618161e-6,2.3373587266226528,0.0936501907223167
2.8899999999999824,1.012991029309968,2.856829801403636e-6,2.337358803215431,0.09365021926971072
2.899999999999982,1.012991037012714,2.860488188277845e-6,2.3373588805758896,0.09365024785682545
2.909999999999982,1.0129910447767587,2.8635134054481266e-6,2.3373589586862047,0.09365027647736389
2.9199999999999817,1.0129910526013366,2.8658987121570894e-6,2.337359037527936,0.09365030512496046
2.9299999999999815,1.0129910604856556,2.8676376138414424e-6,2.3373591170820247,0.09365033379318341
2.9399999999999813,1.012991068428898,2.868723869097866e-6,2.3373591973288046,0.09365036247553722
2.949999999999981,1.0129910764302206,2.869151495779081e-6,2.3373592782479915,0.09365039116546535
2.959999999999981,1.0129910844887535,2.8689147788330876e-6,2.337359359818694,0.09365041985635265
2.9699999999999807,1.0129910926036017,2.868008275916712e-6,2.337359442019416,0.09365044854152828
2.9799999999999804,1.0129911007738444,2.8664268247002338e-6,2.3373595248280576,0.09365047721426828
2.9899999999999802,1.0129911089985353,2.8641655493643054e-6,2.3373596082219192,0.09365050586779862
2.99999999999998,1.012991117276703,2.861219866895889e-6,2.337359692177714,0.09365053449529785
3.00999999999998,1.0129911256073507,2.8575854932419196e-6,2.3373597766715615,0.09365056308990029
3.0199999999999796,1.0129911339894573,2.8532584499954664e-6,2.3373598616790057,0.09365059164469881
3.0299999999999794,1.0129911424219764,2.848235069680752e-6,2.3373599471750035,0.09365062015274817
3.039999999999979,1.0129911509038374,2.842512002611974e-6,2.3373600331339546,0.09365064860706791
3.049999999999979,1.0129911594339456,2.8360862219490565e-6,2.3373601195296856,0.0936506770006458
3.0599999999999787,1.0129911680111818,2.8289550297934845e-6,2.3373602063354735,0.09365070532644093
3.0699999999999785,1.0129911766344035,2.82111606269704e-6,2.337360293524044,0.09365073357738707
3.0799999999999783,1.0129911853024443,2.812567297534308e-6,2.33736038106758,0.09365076174639611
3.089999999999978,1.0129911940141147,2.8033070564076317e-6,2.337360468937742,0.09365078982636138
3.099999999999978,1.0129912027682029,2.7933340116783504e-6,2.3373605571056566,0.09365081781016116
3.1099999999999777,1.0129912115634738,2.7826471914898676e-6,2.337360645541949,0.09365084569066229
3.1199999999999775,1.0129912203986706,2.7712459840239035e-6,2.3373607342167317,0.09365087346072365
3.1299999999999772,1.0129912292725143,2.759130143039721e-6,2.337360823099632,0.09365090111319982
3.139999999999977,1.0129912381837047,2.7462997917774844e-6,2.337360912159794,0.09365092864094478
3.149999999999977,1.0129912471309213,2.732755427020181e-6,2.337361001365891,0.09365095603681557
3.1599999999999766,1.0129912561128218,2.7184979236739567e-6,2.337361090686138,0.09365098329367612
3.1699999999999764,1.0129912651280437,2.703528539024566e-6,2.3373611800883025,0.09365101040440103
3.179999999999976,1.0129912741752056,2.687848916378652e-6,2.3373612695397217,0.09365103736187942
3.189999999999976,1.012991283252906,2.6714610885402576e-6,2.3373613590073052,0.0936510641590187
3.1999999999999758,1.012991292359725,2.654367481266473e-6,2.3373614484575596,0.09365109078874853
3.2099999999999755,1.0129913014942242,2.636570916729752e-6,2.3373615378565984,0.09365111724402506
3.2199999999999753,1.0129913106549475,2.6180746166480893e-6,2.337361627170154,0.09365114351783436
3.229999999999975,1.012991319840421,2.5988822047225158e-6,2.337361716363593,0.09365116960319696
3.239999999999975,1.0129913290491548,2.5789977095203055e-6,2.3373618054019336,0.0936511954931715
3.2499999999999747,1.0129913382796418,2.558425566869602e-6,2.3373618942498577,0.09365122118085897
3.2599999999999745,1.0129913475303598,2.537170622431065e-6,2.3373619828717245,0.09365124665940679
3.2699999999999743,1.0129913567997715,2.5152381334165914e-6,2.3373620712315946,0.09365127192201289
3.279999999999974,1.0129913660863252,2.4926337704321308e-6,2.337362159293244,0.09365129696192984
3.289999999999974,1.012991375388455,2.4693636187122814e-6,2.3373622470201725,0.09365132177246896
3.2999999999999736,1.0129913847045815,2.4454341801752645e-6,2.3373623343756273,0.09365134634700455
3.3099999999999734,1.0129913940331134,2.4208523742662883e-6,2.337362421322626,0.09365137067897795
3.319999999999973,1.012991403372447,2.395625538600302e-6,2.3373625078239604,0.09365139476190187
3.329999999999973,1.012991412720967,2.369761430437928e-6,2.3373625938422258,0.09365141858936445
3.3399999999999728,1.0129914220770482,2.343268226363533e-6,2.3373626793398374,0.09365144215503345
3.3499999999999726,1.0129914314390547,2.316154522714052e-6,2.337362764279045,0.09365146545266058
3.3599999999999723,1.0129914408053422,2.2884293359985864e-6,2.337362848621956,0.09365148847608556
3.369999999999972,1.012991450174257,2.260102101896993e-6,2.3373629323305503,0.09365151121924042
3.379999999999972,1.0129914595441378,2.2311826756299294e-6,2.337363015366704,0.0936515336761536
3.3899999999999717,1.0129914689133173,2.2016813309769325e-6,2.3373630976922084,0.09365155584095416
3.3999999999999715,1.0129914782801213,2.1716087590543454e-6,2.3373631792687894,0.09365157770787605
3.4099999999999713,1.012991487642869,2.1409760669855124e-6,2.337363260058122,0.09365159927126221
3.419999999999971,1.0129914969998766,2.1097947774282947e-6,2.3373633400218647,0.09365162052556868
3.429999999999971,1.0129915063494552,2.0780768259755365e-6,2.337363419121661,0.09365164146536883
3.4399999999999706,1.0129915156899139,2.0458345598030597e-6,2.33736349731918,0.09365166208535741
3.4499999999999704,1.012991525019558,2.01308073524646e-6,2.3373635745761208,0.09365168238035479
3.45999999999997,1.012991534336693,1.9798285158544164e-6,2.3373636508542464,0.09365170234531078
3.46999999999997,1.0129915436396228,1.9460914690779424e-6,2.3373637261153957,0.09365172197530895
3.47999999999997,1.0129915529266513,1.9118835638740847e-6,2.3373638003215107,0.09365174126557058
3.4899999999999696,1.0129915621960839,1.877219167637582e-6,2.337363873434653,0.09365176021145856
3.4999999999999694,1.0129915714462285,1.8421130430097247e-6,2.337363945417035,0.09365177880848144
3.509999999999969,1.0129915806753944,1.8065803434357268e-6,2.337364016231028,0.09365179705229744
3.519999999999969,1.0129915898818955,1.7706366109319769e-6,2.337364085839196,0.09365181493871816
3.5299999999999687,1.0129915990640508,1.7342977706051606e-6,2.337364154204314,0.09365183246371256
3.5399999999999685,1.0129916082201835,1.697580126651875e-6,2.3373642212893873,0.09365184962341082
3.5499999999999683,1.0129916173486242,1.6605003585188757e-6,2.337364287057676,0.09365186641410797
3.559999999999968,1.0129916264477103,1.6230755157224244e-6,2.33736435147272,0.09365188283226766
3.569999999999968,1.0129916355157873,1.5853230124569649e-6,2.337364414498354,0.093651898874526
3.5799999999999677,1.0129916445512106,1.5472606232509197e-6,2.337364476098737,0.0936519145376949
3.5899999999999674,1.0129916535523447,1.5089064769678432e-6,2.337364536238373,0.0936519298187659
3.5999999999999672,1.0129916625175654,1.4702790512306914e-6,2.337364594882133,0.0936519447149135
3.609999999999967,1.0129916714452616,1.4313971662705523e-6,2.3373646519952724,0.09365195922349868
3.619999999999967,1.0129916803338332,1.3922799794162181e-6,2.337364707543465,0.09365197334207244
3.6299999999999666,1.0129916891816952,1.3529469778394902e-6,2.3373647614928093,0.09365198706837886
3.6399999999999664,1.012991697987277,1.3134179730197122e-6,2.3373648138098675,0.0936520004003586
3.649999999999966,1.0129917067490242,1.273713093345581e-6,2.3373648644616742,0.09365201333615204
3.659999999999966,1.0129917154653982,1.2338527769642663e-6,2.337364913415769,0.09365202587410233
3.6699999999999657,1.0129917241348787,1.1938577651725877e-6,2.337364960640208,0.09365203801275858
3.6799999999999655,1.012991732755964,1.1537490945347654e-6,2.337365006103596,0.09365204975087875
3.6899999999999653,1.0129917413271723,1.1135480891102143e-6,2.3373650497751024,0.09365206108743268
3.699999999999965,1.012991749847041,1.0732763532032636e-6,2.3373650916244832,0.09365207202160476
3.709999999999965,1.0129917583141312,1.0329557627022163e-6,2.3373651316221085,0.09365208255279683
3.7199999999999647,1.0129917667270243,9.926084569948506e-7,2.3373651697389723,0.0936520926806309
3.7299999999999645,1.0129917750843267,9.522568306461305e-7,2.3373652059467265,0.09365210240495152
3.7399999999999642,1.0129917833846682,9.119235250439555e-7,2.3373652402176934,0.09365211172582855
3.749999999999964,1.0129917916267046,8.716314187927227e-7,2.337365272524892,0.09365212064355934
3.759999999999964,1.0129917998091178,8.314036193524222e-7,2.3373653028420542,0.09365212915867124
3.7699999999999636,1.012991807930617,7.912634533119776e-7,2.33736533114365,0.0936521372719238
3.7799999999999634,1.0129918159899394,7.512344576613528e-7,2.3373653574049036,0.09365214498431085
3.789999999999963,1.0129918239858517,7.113403697612405e-7,2.3373653816018187,0.0936521522970626
3.799999999999963,1.0129918319171507,6.71605117495306e-7,2.3373654037111904,0.09365215921164767
3.8099999999999627,1.012991839782664,6.320528095363071e-7,2.3373654237106356,0.09365216572977472
3.8199999999999625,1.0129918475812512,5.927077254202715e-7,2.3373654415786036,0.09365217185339454
3.8299999999999623,1.012991855311805,5.535943047900527e-7,2.337365457294398,0.09365217758470144
3.839999999999962,1.012991862973252,5.147371378014322e-7,2.3373654708382,0.09365218292613484
3.849999999999962,1.0129918705645529,4.7616095378577405e-7,2.3373654821910788,0.09365218788038084
3.8599999999999617,1.0129918780847058,4.378906107050649e-7,2.3373654913350204,0.09365219245037337
3.8699999999999615,1.012991885532743,3.9995108391701644e-7,2.3373654982529293,0.09365219663929573
3.8799999999999613,1.0129918929077353,3.6236745630730325e-7,2.3373655029286624,0.0936522004505814
3.889999999999961,1.0129919002087926,3.251649064502903e-7,2.337365505347045,0.09365220388791513
3.899999999999961,1.0129919074350628,2.883686969283245e-7,2.337365505493876,0.093652206955234
3.9099999999999606,1.0129919145857347,2.5200416309250886e-7,2.3373655033559535,0.093652209656728
3.9199999999999604,1.0129919216600372,2.1609670210938502e-7,2.3373654989210912,0.09365221199684082
3.92999999999996,1.0129919286572413,1.8067176069843544e-7,2.33736549217813,0.09365221398027046
3.93999999999996,1.0129919355766612,1.4575482340625724e-7,2.3373654831169595,0.0936522156119694
3.9499999999999598,1.0129919424176534,1.1137140083240726e-7,2.337365471728527,0.09365221689714529
3.9599999999999596,1.012991949179619,7.754701787605383e-8,2.337365458004855,0.0936522178412609
3.9699999999999593,1.0129919558620049,4.4307200761018226e-8,2.337365441939056,0.09365221845003421
3.979999999999959,1.0129919624643027,1.1677465717640853e-8,2.3373654235253496,0.09365221872943848
3.989999999999959,1.0129919689860507,-2.0316694101020376e-8,2.3373654027590662,0.09365221868570205
3.9999999999999587,1.0129919754268344,-5.164982036202169e-8,2.3373653796366667,0.09365221832530804
4.009999999999959,1.012991981786288,-8.229650161714462e-8,2.3373653541557604,0.09365221765499379
4.019999999999959,1.0129919880640939,-1.1223138746030744e-7,2.3373653263151093,0.09365221668175065
4.0299999999999585,1.0129919942599837,-1.414291997528584e-7,2.3373652961146396,0.09365221541282297
4.039999999999958,1.0129920003737398,-1.698647463215455e-7,2.337365263555459,0.09365221385570754
4.049999999999958,1.012992006405195,-1.9751293306423524e-7,2.3373652286398596,0.09365221201815258
4.059999999999958,1.0129920123542329,-2.2434877701481893e-7,2.3373651913713323,0.09365220990815672
4.069999999999958,1.01299201822079,-2.5034741893649267e-7,2.3373651517545815,0.09365220753396776
4.079999999999957,1.0129920240048558,-2.7548413655057417e-7,2.337365109795526,0.09365220490408145
4.089999999999957,1.012992029706472,-2.9973435781806016e-7,2.3373650655013103,0.09365220202724005
4.099999999999957,1.0129920353257351,-3.230736736707594e-7,2.337365018880318,0.09365219891243068
4.109999999999957,1.0129920408627953,-3.454778507045281e-7,2.3373649699421675,0.09365219556888373
4.119999999999957,1.0129920463178577,-3.669228445964234e-7,2.337364918697733,0.09365219200607099
4.129999999999956,1.0129920516911837,-3.8738481312371743e-7,2.3373648651591403,0.09365218823370365
4.139999999999956,1.0129920569830901,-4.0684012897194e-7,2.3373648093397836,0.09365218426173026
4.149999999999956,1.0129920621939499,-4.2526539378192397e-7,2.337364751254316,0.09365218010033462
4.159999999999956,1.0129920673241934,-4.426374500479314e-7,2.337364690918669,0.09365217575993316
4.1699999999999555,1.0129920723743087,-4.5893339490706643e-7,2.337364628350048,0.09365217125117267
4.179999999999955,1.0129920773448402,-4.7413059311080727e-7,2.3373645635669407,0.09365216658492775
4.189999999999955,1.0129920822363914,-4.882066901334271e-7,2.3373644965891116,0.09365216177229782
4.199999999999955,1.0129920870496238,-5.011396243965244e-7,2.3373644274376164,0.09365215682460451
4.209999999999955,1.0129920917852584,-5.129076411771321e-7,2.3373643561347985,0.09365215175338844
4.2199999999999545,1.0129920964440744,-5.23489305417513e-7,2.337364282704286,0.09365214657040624
4.229999999999954,1.0129921010269112,-5.328635143632933e-7,2.3373642071710017,0.09365214128762721
4.239999999999954,1.0129921055346671,-5.410095107256792e-7,2.3373641295611494,0.09365213591723003
4.249999999999954,1.0129921099683012,-5.479068947340875e-7,2.3373640499022326,0.09365213047159907
4.259999999999954,1.0129921143288318,-5.535356383287825e-7,2.3373639682230296,0.09365212496332094
4.269999999999953,1.0129921186173378,-5.578760959686856e-7,2.337363884553612,0.0936521194051806
4.279999999999953,1.012992122834959,-5.609090182656939e-7,2.3373637989253293,0.09365211381015753
4.289999999999953,1.0129921269828952,-5.626155643549708e-7,2.3373637113708154,0.09365210819142154
4.299999999999953,1.0129921310624068,-5.6297731414053e-7,2.3373636219239735,0.09365210256232892
4.3099999999999525,1.0129921350748157,-5.619762802562135e-7,2.3373635306199825,0.0936520969364179
4.319999999999952,1.0129921390215038,-5.595949209304132e-7,2.337363437495281,0.09365209132740444
4.329999999999952,1.0129921429039144,-5.558161513570734e-7,2.337363342587572,0.09365208574917758
4.339999999999952,1.0129921467235514,-5.506233556836576e-7,2.3373632459358054,0.09365208021579492
4.349999999999952,1.0129921504819792,-5.440003990714371e-7,2.3373631475801786,0.09365207474147777
4.3599999999999515,1.0129921541808236,-5.359316386196995e-7,2.337363047562127,0.09365206934060633
4.369999999999951,1.0129921578217709,-5.264019360914589e-7,2.337362945924315,0.0936520640277148
4.379999999999951,1.012992161406567,-5.153966682946093e-7,2.3373628427106197,0.09365205881748619
4.389999999999951,1.012992164937019,-5.029017375900957e-7,2.337362737966131,0.09365205372474707
4.399999999999951,1.0129921684149947,-4.889035844971753e-7,2.337362631737137,0.0936520487644623
4.40999999999995,1.0129921718424209,-4.733891973502037e-7,2.337362524071107,0.09365204395172962
4.41999999999995,1.012992175221285,-4.563461231324102e-7,2.337362415016691,0.09365203930177407
4.42999999999995,1.012992178553633,-4.3776247865142976e-7,2.3373623046236904,0.09365203482994246
4.43999999999995,1.0129921818415708,-4.1762695917997284e-7,2.337362192943056,0.09365203055169748
4.4499999999999496,1.0129921850872627,-3.959288490083251e-7,2.3373620800268724,0.09365202648261198
4.459999999999949,1.0129921882929316,-3.7265803207955403e-7,2.337361965928336,0.09365202263836295
4.469999999999949,1.0129921914608588,-3.4780500018547497e-7,2.3373618507017526,0.09365201903472548
4.479999999999949,1.0129921945933835,-3.2136086359624245e-7,2.3373617344025024,0.09365201568756668
4.489999999999949,1.0129921976929015,-2.9331735895300935e-7,2.337361617087037,0.09365201261283951
4.4999999999999485,1.012992200761866,-2.636668584971128e-7,2.337361498812854,0.09365200982657625
4.509999999999948,1.0129922038027859,-2.3240237903255078e-7,2.3373613796384842,0.09365200734488234
4.519999999999948,1.0129922068182264,-1.9951758927219808e-7,2.3373612596234636,0.09365200518392981
4.529999999999948,1.012992209810808,-1.6500681869197845e-7,2.337361138828321,0.0936520033599506
4.539999999999948,1.0129922127832052,-1.2886506451228468e-7,2.337361017314554,0.09365200188923015
4.549999999999947,1.012992215738147,-9.108800011244095e-8,2.337360895144605,0.09365200078810043
4.559999999999947,1.0129922186784155,-5.167198113383384e-8,2.3373607723818446,0.09365200007293338
4.569999999999947,1.0129922216068454,-1.0614052862263859e-8,2.3373606490905408,0.0936519997601339
4.579999999999947,1.0129922245263236,3.20880435711532e-8,2.337360525335843,0.09365199986613296
4.589999999999947,1.0129922274397876,7.643586504139714e-8,2.33736040118375,0.09365200040738061
4.599999999999946,1.0129922303502257,1.2243026017941233e-7,2.3373602767010935,0.09365200140033896
4.609999999999946,1.0129922332606762,1.700713639984486e-7,2.337360151955505,0.09365200286147496
4.619999999999946,1.0129922361742256,2.1935859297129263e-7,2.337360027015395,0.09365200480725341
4.629999999999946,1.0129922390940087,2.702906397106789e-7,2.337359901949918,0.09365200725412962
4.6399999999999455,1.0129922420232067,3.228654687860983e-7,2.3373597768289525,0.09365201021854222
4.649999999999945,1.012992244965048,3.7708031255064247e-7,2.3373596517230735,0.0936520137169058
4.659999999999945,1.0129922479228048,4.3293166715750753e-7,2.337359526703513,0.0936520177656036
4.669999999999945,1.0129922508997946,4.904152895898561e-7,2.337359401842142,0.09365202238098015
4.679999999999945,1.0129922538993779,5.495261940799783e-7,2.3373592772114344,0.09365202757933375
4.689999999999944,1.012992256924957,6.102586496468751e-7,2.3373591528844386,0.09365203337690926
4.699999999999944,1.0129922599799757,6.726061777818887e-7,2.337359028934741,0.09365203978989042
4.709999999999944,1.0129922630679176,7.365615509682912e-7,2.337358905436446,0.0936520468343924
4.719999999999944,1.0129922661923054,8.021167901195788e-7,2.337358782464129,0.09365205452645442
4.729999999999944,1.0129922693566995,8.692631646900708e-7,2.3373586600928085,0.09365206288203211
4.739999999999943,1.0129922725646967,9.379911912191421e-7,2.3373585383979174,0.09365207191699002
4.749999999999943,1.0129922758199303,1.008290633281855e-6,2.337358417455271,0.0936520816470941
4.759999999999943,1.012992279126067,1.0801505009878734e-6,2.3373582973410176,0.09365209208800421
4.769999999999943,1.012992282486806,1.153559052386074e-6,2.3373581781316166,0.09365210325526653
4.7799999999999425,1.0129922859058795,1.228503794250649e-6,2.3373580599037993,0.09365211516430601
4.789999999999942,1.012992289387049,1.3049714828318483e-6,2.3373579427345326,0.09365212783041903
4.799999999999942,1.0129922929341069,1.3829481260080557e-6,2.3373578267009885,0.09365214126876566
4.809999999999942,1.0129922965508718,1.462418985136366e-6,2.337357711880497,0.09365215549436237
4.819999999999942,1.0129923002411894,1.5433685776911539e-6,2.3373575983505117,0.09365217052207454
4.8299999999999415,1.0129923040089306,1.625780680875112e-6,2.33735748618858,0.09365218636660903
4.839999999999941,1.01299230785799,1.70963833443824e-6,2.337357375472297,0.09365220304250677
4.849999999999941,1.0129923117922852,1.7949238447236245e-6,2.3373572662792754,0.09365222056413534
4.859999999999941,1.0129923158157537,1.8816187887628435e-6,2.3373571586870945,0.09365223894568189
4.869999999999941,1.0129923199323532,1.9697040193721865e-6,2.3373570527732785,0.09365225820114553
4.87999999999994,1.0129923241460594,2.059159669435288e-6,2.3373569486152403,0.0936522783443304
4.88999999999994,1.0129923284608642,2.1499651588067453e-6,2.337356846290256,0.09365229938883847
4.89999999999994,1.0129923328807746,2.242099198797678e-6,2.3373567458754154,0.0936523213480622
4.90999999999994,1.0129923374098118,2.335539799983904e-6,2.337356647447596,0.09365234423517772
4.9199999999999395,1.0129923420520084,2.430264277270614e-6,2.337356551083403,0.09365236806313783
4.929999999999939,1.0129923468114073,2.5262492588846893e-6,2.3373564568591494,0.09365239284466502
4.939999999999939,1.0129923516920607,2.623470693329127e-6,2.3373563648508062,0.0936524185922446
4.949999999999939,1.0129923566980283,2.721903856924718e-6,2.337356275133963,0.09365244531811807
4.959999999999939,1.0129923618333756,2.821523362621683e-6,2.3373561877837945,0.09365247303427628
4.9699999999999385,1.0129923671021717,2.9223031686806795e-6,2.3373561028750047,0.09365250175245302
4.979999999999938,1.0129923725084886,3.0242165882760046e-6,2.3373560204818093,0.0936525314841184
4.989999999999938,1.0129923780563987,3.1272362992793925e-6,2.337355940677874,0.0936525622404725
4.999999999999938,1.0129923837499748,3.2313343539011125e-6,2.3373558635362928,0.09365259403243896
5.009999999999938,1.0129923895932864,3.3364821887459094e-6,2.3373557891295342,0.09365262687065894
5.019999999999937,1.0129923955903997,3.4426506361861933e-6,2.3373557175294097,0.0936526607654849
5.029999999999937,1.0129924017453749,3.5498099355417017e-6,2.337355648807035,0.0936526957269746
5.039999999999937,1.0129924080622645,3.6579297439159282e-6,2.3373555830327803,0.0936527317648854
5.049999999999937,1.0129924145451132,3.7669791491791434e-6,2.3373555202762493,0.09365276888866826
5.0599999999999365,1.012992421197954,3.876926680816695e-6,2.3373554606062186,0.09365280710746224
5.069999999999936,1.012992428024808,3.987740323529623e-6,2.337355404090618,0.09365284643008899
5.079999999999936,1.012992435029682,4.099387530010098e-6,2.337355350796476,0.0936528868650473
5.089999999999936,1.012992442216568,4.211835233863286e-6,2.3373553007898993,0.09365292842050796
5.099999999999936,1.0129924495894387,4.325049863953509e-6,2.3373552541360145,0.09365297110430848
5.1099999999999355,1.0129924571522504,4.438997357320736e-6,2.337355210898953,0.09365301492394822
5.119999999999935,1.0129924649089372,4.5536431735278495e-6,2.337355171141801,0.09365305988658341
5.129999999999935,1.0129924728634103,4.6689523093066355e-6,2.3373551349265584,0.09365310599902275
5.139999999999935,1.0129924810195576,4.784889313768012e-6,2.3373551023141124,0.09365315326772254
5.149999999999935,1.0129924893812412,4.901418302825917e-6,2.3373550733641997,0.09365320169878237
5.159999999999934,1.012992497952295,5.018502975206744e-6,2.337355048135371,0.09365325129794091
5.169999999999934,1.012992506736525,5.136106626975835e-6,2.337355026684957,0.09365330207057182
5.179999999999934,1.012992515737705,5.254192167963694e-6,2.33735500906903,0.0936533540216798
5.189999999999934,1.0129925249595775,5.372722137916329e-6,2.3373549953423773,0.09365340715589666
5.199999999999934,1.0129925344058501,5.491658722820397e-6,2.3373549855584628,0.09365346147747798
5.209999999999933,1.0129925440801948,5.610963770623794e-6,2.337354979769401,0.09365351699029938
5.219999999999933,1.0129925539862468,5.730598808627077e-6,2.3373549780259197,0.09365357369785335
5.229999999999933,1.012992564127601,5.850525059864857e-6,2.3373549803773286,0.09365363160324622
5.239999999999933,1.0129925745078125,5.970703460754884e-6,2.3373549868714982,0.09365369070919502
5.2499999999999325,1.0129925851303938,6.091094677708942e-6,2.337354997554816,0.09365375101802478
5.259999999999932,1.0129925959988133,6.211659125077066e-6,2.3373550124721745,0.093653812531666
5.269999999999932,1.012992607116494,6.332356982306815e-6,2.337355031666929,0.09365387525165203
5.279999999999932,1.0129926184868125,6.453148211617619e-6,2.337355055180881,0.0936539391791169
5.289999999999932,1.012992630113096,6.573992575380247e-6,2.337355083054247,0.09365400431479336
5.299999999999931,1.0129926419986213,6.694849654481751e-6,2.337355115325631,0.09365407065901082
5.309999999999931,1.0129926541466143,6.815678866162414e-6,2.3373551520320066,0.09365413821169359
5.319999999999931,1.012992666560247,6.936439481772174e-6,2.3373551932086873,0.09365420697235947
5.329999999999931,1.0129926792426365,7.057090645086562e-6,2.337355238889311,0.09365427694011837
5.339999999999931,1.0129926921968442,7.177591390503336e-6,2.337355289105806,0.09365434811367097
5.34999999999993,1.0129927054258734,7.2979006611986155e-6,2.3373553438883827,0.09365442049130795
5.35999999999993,1.0129927189326682,7.417977327127683e-6,2.337355403265505,0.09365449407090891
5.36999999999993,1.012992732720113,7.537780203906481e-6,2.337355467263884,0.09365456884994192
5.37999999999993,1.0129927467910287,7.657268069360724e-6,2.33735553590844,0.093654644825463
5.3899999999999295,1.0129927611481742,7.776399684017245e-6,2.3373556092223056,0.09365472199411583
5.399999999999929,1.0129927757942423,7.895133807646456e-6,2.337355687226787,0.09365480035213175
5.409999999999929,1.0129927907318608,8.013429218532348e-6,2.337355769941381,0.09365487989532965
5.419999999999929,1.01299280596359,8.131244730440537e-6,2.3373558573837316,0.09365496061911649
5.429999999999929,1.0129928214919208,8.248539211495639e-6,2.3373559495696257,0.09365504251848751
5.4399999999999284,1.0129928373192745,8.365271602174455e-6,2.33735604651299,0.0936551255880271
5.449999999999928,1.0129928534480013,8.481400933005612e-6,2.3373561482258727,0.09365520982190936
5.459999999999928,1.0129928698803787,8.596886342081554e-6,2.33735625471843,0.09365529521389933
5.469999999999928,1.0129928866186104,8.711687093255752e-6,2.337356365998925,0.09365538175735401
5.479999999999928,1.012992903664826,8.825762593807352e-6,2.337356482073719,0.09365546944522365
5.489999999999927,1.0129929210210782,8.939072411408958e-6,2.3373566029472563,0.09365555827005355
5.499999999999927,1.012992938689343,9.051576291892349e-6,2.33735672862207,0.0936556482239854
5.509999999999927,1.0129929566715183,9.163234176248265e-6,2.337356859098769,0.09365573929875937
5.519999999999927,1.0129929749694226,9.274006217805315e-6,2.337356994376039,0.09365583148571609
5.5299999999999265,1.0129929935847943,9.38385279889364e-6,2.3373571344506368,0.09365592477579884
5.539999999999926,1.0129930125192907,9.492734547742472e-6,2.3373572793173962,0.09365601915955592
5.549999999999926,1.0129930317744862,9.60061235424423e-6,2.3373574289692147,0.09365611462714327
5.559999999999926,1.012993051351873,9.707447387193368e-6,2.337357583397066,0.09365621116832702
5.569999999999926,1.0129930712528579,9.813201109707129e-6,2.337357742589995,0.09365630877248658
5.5799999999999255,1.012993091478764,9.917835295685649e-6,2.3373579065351273,0.0936564074286174
5.589999999999925,1.012993112030828,1.002131204472238e-5,2.3373580752176633,0.09365650712533434
5.599999999999925,1.0129931329102002,1.0123593797682787e-5,2.3373582486208897,0.09365660785087493
5.609999999999925,1.0129931541179433,1.0224643352122421e-5,2.3373584267261847,0.0936567095931029
5.619999999999925,1.0129931756550319,1.0324423877257404e-5,2.3373586095130223,0.09365681233951179
5.629999999999924,1.0129931975223512,1.0422898928141427e-5,2.3373587969589806,0.09365691607722881
5.639999999999924,1.012993219720698,1.05200324605181e-5,2.3373589890397573,0.09365702079301859
5.649999999999924,1.0129932422507781,1.0615788844519487e-5,2.3373591857291687,0.09365712647328746
5.659999999999924,1.0129932651132068,1.0710132878563022e-5,2.3373593869991645,0.09365723310408758
5.6699999999999235,1.0129932883085073,1.0803029803028163e-5,2.3373595928198436,0.09365734067112126
5.679999999999923,1.0129933118371115,1.0894445313810532e-5,2.337359803159459,0.09365744915974554
5.689999999999923,1.0129933356993588,1.0984345574765557e-5,2.337360017984442,0.09365755855497668
5.699999999999923,1.0129933598954959,1.1072697230405398e-5,2.337360237259406,0.09365766884149496
5.709999999999923,1.0129933844256749,1.1159467418390515e-5,2.3373604609471617,0.09365778000364966
5.7199999999999225,1.0129934092899555,1.1244623781804645e-5,2.3373606890087464,0.09365789202546386
5.729999999999922,1.0129934344883023,1.1328134480500516e-5,2.3373609214034263,0.09365800489063968
5.739999999999922,1.0129934600205859,1.1409968202785656e-5,2.337361158088724,0.09365811858256345
5.749999999999922,1.0129934858865823,1.1490094175840298e-5,2.3373613990204274,0.09365823308431113
5.759999999999922,1.012993512085971,1.1568482177314735e-5,2.337361644152614,0.09365834837865364
5.769999999999921,1.0129935386183373,1.1645102546324747e-5,2.3373618934376768,0.09365846444806247
5.779999999999921,1.0129935654831705,1.171992619211023e-5,2.337362146826335,0.09365858127471544
5.789999999999921,1.0129935926798648,1.1792924605176178e-5,2.337362404267662,0.0936586988405022
5.799999999999921,1.012993620207718,1.1864069865663815e-5,2.3373626657091084,0.09365881712703032
5.809999999999921,1.0129936480659323,1.1933334652873639e-5,2.3373629310965165,0.09365893611563124
5.81999999999992,1.0129936762536136,1.2000692254823889e-5,2.337363200374159,0.09365905578736608
5.82999999999992,1.0129937047697712,1.2066116575441545e-5,2.3373634734847397,0.09365917612303203
5.83999999999992,1.0129937336133197,1.2129582144229527e-5,2.3373637503694447,0.09365929710316839
5.84999999999992,1.0129937627830767,1.2191064123006901e-5,2.337364030967954,0.09365941870806288
5.8599999999999195,1.012993792277764,1.2250538313583625e-5,2.3373643152184593,0.09365954091775816
5.869999999999919,1.0129938220960082,1.2307981165476591e-5,2.3373646030577118,0.09365966371205797
5.879999999999919,1.0129938522363395,1.2363369782602003e-5,2.33736489442103,0.0936597870705339
5.889999999999919,1.0129938826971925,1.2416681929546315e-5,2.3373651892423357,0.09365991097253196
5.899999999999919,1.012993913476907,1.2467896038354818e-5,2.3373654874541785,0.09366003539717896
5.909999999999918,1.012993944573728,1.251699121429977e-5,2.33736578898777,0.0936601603233895
5.919999999999918,1.0129939759858049,1.2563947240898629e-5,2.337366093773007,0.09366028572987264
5.929999999999918,1.0129940077111936,1.260874458622858e-5,2.3373664017385005,0.0936604115951386
5.939999999999918,1.0129940397478547,1.2651364407177122e-5,2.3373667128116056,0.09366053789750584
5.949999999999918,1.0129940720936559,1.2691788555031966e-5,2.3373670269184523,0.09366066461510779
5.959999999999917,1.0129941047463717,1.2729999579237361e-5,2.33736734398398,0.09366079172589983
5.969999999999917,1.0129941377036837,1.2765980731196822e-5,2.3373676639319596,0.09366091920766641
5.979999999999917,1.0129941709631807,1.279971596890666e-5,2.3373679866850283,0.09366104703802802
5.989999999999917,1.0129942045223599,1.2831189960153913e-5,2.33736831216472,0.09366117519444822
5.9999999999999165,1.0129942383786268,1.2860388085642336e-5,2.3373686402914933,0.0936613036542409
6.009999999999916,1.012994272529296,1.2887296442731747e-5,2.337368970984766,0.09366143239457732
6.019999999999916,1.012994306971593,1.2911901847894448e-5,2.3373693041629506,0.09366156139249322
6.029999999999916,1.0129943417026528,1.2934191838763128e-5,2.3373696397434762,0.09366169062489614
6.039999999999916,1.0129943767195215,1.2954154676676395e-5,2.3373699776428234,0.09366182006857272
6.0499999999999154,1.0129944120191576,1.2971779348909352e-5,2.3373703177765615,0.09366194970019572
6.059999999999915,1.0129944475984314,1.2987055570381758e-5,2.337370660059374,0.0936620794963314
6.069999999999915,1.012994483454127,1.2999973784805196e-5,2.3373710044050915,0.09366220943344697
6.079999999999915,1.012994519582942,1.3010525166971463e-5,2.337371350726724,0.09366233948791755
6.089999999999915,1.0129945559814895,1.3018701622698994e-5,2.3373716989364937,0.0936624696360338
6.099999999999914,1.012994592646298,1.302449579055588e-5,2.3373720489458667,0.09366259985400896
6.109999999999914,1.0129946295738126,1.3027901041862676e-5,2.337372400665583,0.09366273011798643
6.119999999999914,1.0129946667603955,1.3028911481826918e-5,2.337372754005687,0.09366286040404698
6.129999999999914,1.012994704202328,1.3027521949417934e-5,2.3373731088755667,0.09366299068821606
6.1399999999999135,1.01299474189581,1.3023728017273221e-5,2.337373465183974,0.0936631209464712
6.149999999999913,1.012994779836962,1.3017525992512537e-5,2.337373822839063,0.09366325115474936
6.159999999999913,1.0129948180218264,1.3008912915438726e-5,2.337374181748424,0.09366338128895413
6.169999999999913,1.0129948564463664,1.299788655929507e-5,2.3373745418191034,0.0936635113249633
6.179999999999913,1.0129948951064698,1.2984445430579463e-5,2.3373749029576447,0.093663641238636
6.1899999999999125,1.0129949339979485,1.2968588767727972e-5,2.337375265070119,0.09366377100582005
6.199999999999912,1.0129949731165402,1.2950316539537384e-5,2.33737562806215,0.09366390060235938
6.209999999999912,1.0129950124579086,1.2929629445403132e-5,2.337375991838945,0.0936640300041012
6.219999999999912,1.0129950520176458,1.2906528913192947e-5,2.3373763563053336,0.09366415918690338
6.229999999999912,1.0129950917912727,1.2881017098462615e-5,2.337376721365784,0.09366428812664174
6.239999999999911,1.0129951317742403,1.2853096883491791e-5,2.337377086924443,0.09366441679921725
6.249999999999911,1.012995171961931,1.282277187444625e-5,2.3373774528851623,0.09366454518056336
6.259999999999911,1.0129952123496604,1.2790046401061725e-5,2.337377819151528,0.09366467324665309
6.269999999999911,1.012995252932677,1.275492551443842e-5,2.3373781856268865,0.09366480097350653
6.2799999999999105,1.0129952937061648,1.271741498523439e-5,2.337378552214375,0.09366492833719778
6.28999999999991,1.0129953346652447,1.2677521301815841e-5,2.3373789188169543,0.09366505531386231
6.29999999999991,1.0129953758049752,1.2635251668708424e-5,2.337379285337433,0.09366518187970391
6.30999999999991,1.0129954171203537,1.2590614003460046e-5,2.337379651678488,0.09366530801100213
6.31999999999991,1.0129954586063188,1.2543616935804384e-5,2.337380017742709,0.09366543368411921
6.3299999999999095,1.0129955002577502,1.2494269804393087e-5,2.3373803834326083,0.09366555887550722
6.339999999999909,1.0129955420694712,1.2442582655099992e-5,2.3373807486506593,0.09366568356171516
6.349999999999909,1.0129955840362501,1.2388566238838692e-5,2.3373811132993167,0.09366580771939603
6.359999999999909,1.0129956261528013,1.2332232008769864e-5,2.337381477281046,0.0936659313253138
6.369999999999909,1.0129956684137864,1.2273592118083795e-5,2.337381840498344,0.09366605435635059
6.379999999999908,1.0129957108138168,1.2212659418212203e-5,2.3373822028537776,0.09366617678951339
6.389999999999908,1.0129957533474538,1.2149447454635293e-5,2.337382564249993,0.09366629860194131
6.399999999999908,1.0129957960092117,1.2083970465911036e-5,2.3373829245897473,0.09366641977091232
6.409999999999908,1.012995838793558,1.2016243380684407e-5,2.33738328377594,0.0936665402738502
6.419999999999908,1.0129958816949152,1.1946281814538069e-5,2.337383641711625,0.09366666008833152
6.429999999999907,1.0129959247076628,1.1874102068176881e-5,2.337383998300044,0.09366677919209243
6.439999999999907,1.0129959678261387,1.1799721124140631e-5,2.337384353444646,0.09366689756303544
6.449999999999907,1.0129960110446403,1.1723156644245202e-5,2.337384707049108,0.09366701517923637
6.459999999999907,1.0129960543574277,1.1644426967342064e-5,2.3373850590173686,0.09366713201895094
6.4699999999999065,1.0129960977587227,1.1563551105863838e-5,2.3373854092536415,0.09366724806062171
6.479999999999906,1.0129961412427133,1.1480548743777807e-5,2.3373857576624406,0.09366736328288468
6.489999999999906,1.0129961848035531,1.1395440232489445e-5,2.337386104148603,0.09366747766457605
6.499999999999906,1.0129962284353646,1.1308246589561749e-5,2.337386448617313,0.09366759118473884
6.509999999999906,1.0129962721322399,1.1218989494717115e-5,2.337386790974122,0.09366770382262957
6.519999999999905,1.0129963158882418,1.1127691287411205e-5,2.3373871311249688,0.09366781555772491
6.529999999999905,1.0129963596974072,1.1034374964073833e-5,2.337387468976196,0.09366792636972816
6.539999999999905,1.0129964035537475,1.093906417538038e-5,2.3373878044345897,0.0936680362385759
6.549999999999905,1.0129964474512518,1.0841783222749897e-5,2.3373881374073844,0.09366814514444441
6.559999999999905,1.0129964913838865,1.0742557055263511e-5,2.337388467802282,0.09366825306775627
6.569999999999904,1.012996535345599,1.0641411267284519e-5,2.3373887955274895,0.09366835998918673
6.579999999999904,1.0129965793303177,1.0538372094845536e-5,2.3373891204917183,0.09366846588967027
6.589999999999904,1.0129966233319565,1.0433466412983984e-5,2.3373894426042225,0.09366857075040687
6.599999999999904,1.0129966673444126,1.0326721731755392e-5,2.3373897617748054,0.09366867455286847
6.6099999999999035,1.0129967113615725,1.0218166194713855e-5,2.3373900779138497,0.09366877727880522
6.619999999999903,1.0129967553773105,1.0107828573787201e-5,2.337390390932333,0.09366887891025201
6.629999999999903,1.0129967993854927,9.995738267303282e-6,2.3373907007418437,0.09366897942953442
6.639999999999903,1.012996843379978,9.881925296150304e-6,2.337391007254615,0.09366907881927512
6.649999999999903,1.0129968873546198,9.76642030005484e-6,2.3373913103835267,0.09366917706240019
6.659999999999902,1.012996931303268,9.649254534542281e-6,2.337391610042136,0.09366927414214517
6.669999999999902,1.0129969752197705,9.530459867249742e-6,2.3373919061446933,0.09366937004206115
6.679999999999902,1.0129970190979756,9.410068774476207e-6,2.337392198606163,0.09366946474602103
6.689999999999902,1.0129970629317342,9.288114337816292e-6,2.337392487342244,0.09366955823822543
6.699999999999902,1.0129971067149008,9.164630239238892e-6,2.337392772269389,0.09366965050320884
6.709999999999901,1.012997150441336,9.039650757907792e-6,2.3373930533048197,0.0936697415258455
6.719999999999901,1.0129971941049078,8.913210765830415e-6,2.337393330366556,0.09366983129135553
6.729999999999901,1.0129972376994942,8.785345724288119e-6,2.337393603373425,0.09366991978531058
6.739999999999901,1.0129972812189847,8.656091678972324e-6,2.33739387224509,0.0936700069936399
6.7499999999999005,1.0129973246572823,8.525485255839284e-6,2.337394136902062,0.09367009290263614
6.7599999999999,1.0129973680083058,8.393563656761864e-6,2.3373943972657294,0.093670177498961
6.7699999999999,1.0129974112659905,8.26036465471807e-6,2.3373946532583667,0.09367026076965117
6.7799999999999,1.0129974544242915,8.125926588655668e-6,2.3373949048031615,0.09367034270212382
6.7899999999999,1.012997497477185,7.990288359355257e-6,2.337395151824238,0.09367042328418233
6.7999999999998995,1.0129975404186704,7.853489423080597e-6,2.3373953942466703,0.09367050250402194
6.809999999999899,1.012997583242773,7.715569787630797e-6,2.3373956319965115,0.09367058035023508
6.819999999999899,1.0129976259435438,7.576570005189776e-6,2.337395865000801,0.09367065681181709
6.829999999999899,1.0129976685150635,7.436531167864797e-6,2.3373960931876,0.09367073187817158
6.839999999999899,1.0129977109514434,7.295494901583682e-6,2.337396316486006,0.09367080553911565
6.849999999999898,1.0129977532468284,7.15350335945988e-6,2.3373965348261696,0.09367087778488534
6.859999999999898,1.0129977953953977,7.010599216129687e-6,2.3373967481393314,0.09367094860614078
6.869999999999898,1.0129978373913673,6.866825660005811e-6,2.337396956357825,0.09367101799397154
6.879999999999898,1.0129978792289926,6.722226387650506e-6,2.3373971594151146,0.09367108593990152
6.8899999999998975,1.012997920902569,6.5768455954916e-6,2.3373973572458064,0.09367115243589415
6.899999999999897,1.0129979624064345,6.430727973715337e-6,2.337397549785672,0.09367121747435729
6.909999999999897,1.0129980037349724,6.283918698281334e-6,2.337397736971688,0.09367128104814809
6.919999999999897,1.0129980448826121,6.136463422101047e-6,2.3373979187420324,0.09367134315057789
6.929999999999897,1.012998085843832,5.988408267618247e-6,2.337398095036131,0.0936714037754169
6.9399999999998965,1.012998126613161,5.839799818164282e-6,2.337398265794666,0.09367146291689889
6.949999999999896,1.0129981671851798,5.690685108997403e-6,2.337398430959613,0.09367152056972572
6.959999999999896,1.0129982075545245,5.541111618071403e-6,2.337398590474254,0.09367157672907177
6.969999999999896,1.0129982477158863,5.391127256546818e-6,2.3373987442832016,0.09367163139058843
6.979999999999896,1.012998287664016,5.240780359321803e-6,2.337398892332438,0.09367168455040839
6.989999999999895,1.0129983273937238,5.0901196749093405e-6,2.337399034569324,0.09367173620514962
6.999999999999895,1.0129983668998823,4.939194353795934e-6,2.3373991709426365,0.09367178635191971
7.009999999999895,1.012998406177428,4.788053938912524e-6,2.3373993014025825,0.0936718349883197
7.019999999999895,1.0129984452213643,4.636748353459287e-6,2.337399425900838,0.09367188211244788
7.0299999999998946,1.012998484026761,4.485327889352247e-6,2.337399544390563,0.09367192772290377
7.039999999999894,1.0129985225887586,4.333843195787227e-6,2.337399656826437,0.09367197181879151
7.049999999999894,1.0129985609025693,4.182345265826205e-6,2.3373997631646772,0.09367201439972347
7.059999999999894,1.0129985989634784,4.0308854244526894e-6,2.337399863363074,0.0936720554658237
7.069999999999894,1.0129986367668473,3.879515315285841e-6,2.337399957381012,0.09367209501773102
7.0799999999998935,1.0129986743081139,3.728286885923363e-6,2.337400045179503,0.09367213305660221
7.089999999999893,1.0129987115827959,3.5772523745549864e-6,2.337400126721207,0.09367216958411506
7.099999999999893,1.0129987485864915,3.4264642951572664e-6,2.337400201970468,0.09367220460247111
7.109999999999893,1.012998785314882,3.2759754230479145e-6,2.337400270893337,0.09367223811439832
7.119999999999893,1.0129988217637338,3.1258387787635507e-6,2.337400333457603,0.09367227012315364
7.129999999999892,1.0129988579288987,2.976107612557146e-6,2.337400389632819,0.09367230063252548
7.139999999999892,1.0129988938063172,2.826835387365602e-6,2.3374004393903345,0.0936723296468357
7.149999999999892,1.0129989293920199,2.678075763483243e-6,2.337400482703319,0.09367235717094187
7.159999999999892,1.0129989646821282,2.529882579949584e-6,2.3374005195467937,0.09367238321023909
7.169999999999892,1.0129989996728586,2.3823098379038414e-6,2.337400549897667,0.09367240777066162
7.179999999999891,1.012999034360521,2.2354116811830016e-6,2.337400573734754,0.09367243085868446
7.189999999999891,1.012999068741523,2.0892423792097757e-6,2.337400591038808,0.09367245248132476
7.199999999999891,1.0129991028123708,1.9438563068363877e-6,2.337400601792556,0.09367247264614281
7.209999999999891,1.01299913656967,1.7993079248430439e-6,2.3374006059807186,0.0936724913612432
7.2199999999998905,1.0129991700101293,1.655651760445164e-6,2.337400603590052,0.09367250863527533
7.22999999999989,1.0129992031305588,1.512942386095628e-6,2.3374005946093566,0.09367252447743434
7.23999999999989,1.0129992359278746,1.3712343999185497e-6,2.337400579029528,0.09367253889746105
7.24999999999989,1.0129992683991,1.2305824032137294e-6,2.3374005568435763,0.09367255190564232
7.25999999999989,1.012999300541365,1.0910409780549392e-6,2.3374005280466554,0.09367256351281103
7.269999999999889,1.0129993323519104,9.526646663525701e-7,2.33740049263609,0.0936725737303456
7.279999999999889,1.012999363828086,8.155079463977168e-7,2.337400450611403,0.09367258257016968
7.289999999999889,1.0129993949673561,6.796252099838509e-7,2.3374004019743566,0.09367259004475119
7.299999999999889,1.012999425767298,5.450707380627042e-7,2.3374003467289617,0.09367259616710147
7.309999999999889,1.0129994562256037,4.118986773514699e-7,2.337400284881517,0.09367260095077401
7.319999999999888,1.0129994863400824,2.8016301575332344e-7,2.3374002164406327,0.09367260440986307
7.329999999999888,1.0129995161086613,1.4991755715411263e-7,2.3374001414172616,0.09367260655900175
7.339999999999888,1.0129995455293859,2.1215896299713195e-8,2.3374000598247187,0.09367260741336027
7.349999999999888,1.0129995746004228,-1.0588860676598656e-7,2.3373999716787117,0.09367260698864359
7.3599999999998875,1.0129996033200603,-2.3134285287237226e-7,2.3373998769973685,0.09367260530108901
7.369999999999887,1.0129996316867083,-3.550940310559205e-7,2.337399775801254,0.09367260236746344
7.379999999999887,1.0129996596989022,-4.770896434761554e-7,2.337399668113402,0.0936725982050603
7.389999999999887,1.0129996873553009,-5.972775346460455e-7,2.3373995539593375,0.09367259283169634
7.399999999999887,1.0129997146546905,-7.156059174955119e-7,2.3373994333670987,0.09367258626570799
7.4099999999998865,1.0129997415959833,-8.320234021945655e-7,2.3373993063672573,0.09367257852594767
7.419999999999886,1.0129997681782201,-9.464790238497289e-7,2.337399172992945,0.09367256963177956
7.429999999999886,1.0129997944005706,-1.0589222711714015e-6,2.337399033279869,0.09367255960307522
7.439999999999886,1.0129998202623345,-1.1693031150269053e-6,2.337398887266339,0.09367254846020888
7.449999999999886,1.0129998457629414,-1.277572038261475e-6,2.3373987349932697,0.0936725362240527
7.459999999999885,1.0129998709019532,-1.383680063287537e-6,2.3373985765042224,0.09367252291597117
7.469999999999885,1.0129998956790636,-1.4875787833565778e-6,2.337398411845405,0.09367250855781584
7.479999999999885,1.0129999200940987,-1.5892203911446958e-6,2.3373982410656877,0.09367249317191931
7.489999999999885,1.0129999441470192,-1.688557708740562e-6,2.337398064216632,0.09367247678108905
7.4999999999998845,1.0129999678379185,-1.7855442183425655e-6,2.3373978813524845,0.09367245940860121
7.509999999999884,1.012999991167026,-1.8801340912931572e-6,2.3373976925302085,0.09367244107819356
7.519999999999884,1.0130000141347058,-1.9722822198707902e-6,2.3373974978094827,0.09367242181405859
7.529999999999884,1.013000036741457,-2.061944246548756e-6,2.337397297252715,0.09367240164083623
7.539999999999884,1.0130000589879153,-2.1490765951190037e-6,2.33739709092505,0.09367238058360601
7.5499999999998835,1.0130000808748525,-2.2336365003967222e-6,2.3373968788943777,0.09367235866787922
7.559999999999883,1.0130001024031765,-2.3155820400248413e-6,2.3373966612313373,0.09367233591959064
7.569999999999883,1.013000123573932,-2.394872163676382e-6,2.337396438009322,0.09367231236508995
7.579999999999883,1.0130001443883017,-2.4714667243688896e-6,2.3373962093044858,0.09367228803113274
7.589999999999883,1.0130001648476044,-2.545326509197575e-6,2.33739597519574,0.0936722629448715
7.599999999999882,1.0130001849532957,-2.616413269450135e-6,2.3373957357647526,0.09367223713384608
7.609999999999882,1.0130002047069684,-2.6846897506654937e-6,2.3373954910959442,0.09367221062597388
7.619999999999882,1.0130002241103528,-2.7501197228016382e-6,2.3373952412764956,0.09367218344953962
7.629999999999882,1.013000243165315,-2.8126680106733996e-6,2.3373949863963244,0.0936721556331852
7.6399999999998816,1.0130002618738583,-2.8723005233212054e-6,2.337394726548097,0.09367212720589882
7.649999999999881,1.013000280238122,-2.9289842843342244e-6,2.3373944618272007,0.09367209819700409
7.659999999999881,1.0130002982603816,-2.982687459799075e-6,2.337394192331749,0.09367206863614858
7.669999999999881,1.0130003159430483,-3.0333793891998165e-6,2.33739391816256,0.09367203855329248
7.679999999999881,1.013000333288667,-3.08103061264273e-6,2.337393639423136,0.09367200797869663
7.6899999999998805,1.0130003502999185,-3.1256128992333183e-6,2.3373933562196605,0.0936719769429102
7.69999999999988,1.0130003669796173,-3.167099276091802e-6,2.3373930686609734,0.09367194547675851
7.70999999999988,1.0130003833307106,-3.20546405554093e-6,2.3373927768585476,0.09367191361133019
7.71999999999988,1.013000399356279,-3.240682862094845e-6,2.33739248092647,0.09367188137796416
7.72999999999988,1.013000415059534,-3.2727326597887444e-6,2.337392180981411,0.09367184880823648
7.739999999999879,1.0130004304438176,-3.3015917776009186e-6,2.3373918771426014,0.09367181593394679
7.749999999999879,1.0130004455126032,-3.327239935332312e-6,2.337391569531811,0.09367178278710435
7.759999999999879,1.0130004602694918,-3.3496582693092094e-6,2.3373912582733016,0.09367174939991435
7.769999999999879,1.0130004747182122,-3.368829356223914e-6,2.3373909434938027,0.09367171580476334
7.779999999999879,1.013000488862621,-3.3847372373858754e-6,2.337390625322479,0.0936716820342048
7.789999999999878,1.013000502706699,-3.3973674422019984e-6,2.3373903038908845,0.09367164812094438
7.799999999999878,1.0130005162545515,-3.406707010163664e-6,2.337389979332926,0.09367161409782496
7.809999999999878,1.0130005295104068,-3.412744512632383e-6,2.337389651784823,0.09367157999781131
7.819999999999878,1.0130005424786148,-3.4154700746443573e-6,2.3373893213850616,0.09367154585397473
7.8299999999998775,1.0130005551636447,-3.4148753950803473e-6,2.337388988274349,0.09367151169947749
7.839999999999877,1.0130005675700846,-3.410953765383218e-6,2.3373886525955583,0.09367147756755684
7.849999999999877,1.0130005797026385,-3.403700088950507e-6,2.337388314493685,0.09367144349150917
7.859999999999877,1.0130005915661255,-3.39311089847184e-6,2.337387974115791,0.09367140950467365
7.869999999999877,1.0130006031654788,-3.3791843729330346e-6,2.3373876316109494,0.09367137564041587
7.879999999999876,1.0130006145057422,-3.361920353828246e-6,2.337387287130187,0.09367134193211138
7.889999999999876,1.0130006255920694,-3.341320360000266e-6,2.337386940826421,0.09367130841312893
7.899999999999876,1.0130006364297213,-3.317387601867933e-6,2.337386592854403,0.09367127511681363
7.909999999999876,1.0130006470240642,-3.2901269938545496e-6,2.3373862433706423,0.09367124207646994
7.919999999999876,1.0130006573805677,-3.2595451669481353e-6,2.3373858925333573,0.0936712093253447
7.929999999999875,1.0130006675048033,-3.2256504792559402e-6,2.337385540502392,0.09367117689660971
7.939999999999875,1.0130006774024403,-3.18845302603544e-6,2.3373851874391502,0.09367114482334456
7.949999999999875,1.013000687079245,-3.1479646482710334e-6,2.3373848335065204,0.09367111313851918
7.959999999999875,1.0130006965410785,-3.1041989400803617e-6,2.3373844788688096,0.09367108187497626
7.9699999999998745,1.0130007057938932,-3.0571712557457568e-6,2.3373841236916513,0.09367105106541386
7.979999999999874,1.0130007148437312,-3.006898714004159e-6,2.337383768141939,0.09367102074236756
7.989999999999874,1.0130007236967207,-2.9534002033075746e-6,2.3373834123877377,0.09367099093819303
7.999999999999874,1.0130007323590744,-2.8966963832679528e-6,2.3373830565982026,0.09367096168504808
8.009999999999874,1.0130007408370865,-2.836809687276028e-6,2.337382700943498,0.0936709330148752
8.019999999999873,1.0130007491371302,-2.7737643222800604e-6,2.33738234559471,0.09367090495938349
8.029999999999873,1.0130007572656545,-2.7075862684913116e-6,2.337381990723748,0.09367087755003123
8.039999999999873,1.0130007652291808,-2.6383032768566055e-6,2.3373816365032662,0.09367085081800812
8.049999999999873,1.013000773034302,-2.56594486515222e-6,2.33738128310657,0.09367082479421733
8.059999999999873,1.0130007806876768,-2.4905423138319064e-6,2.33738093070751,0.09367079950925818
8.069999999999872,1.0130007881960292,-2.4121286589551954e-6,2.3373805794804072,0.09367077499340828
8.079999999999872,1.0130007955661442,-2.3307386859933876e-6,2.33738022959994,0.09367075127660623
8.089999999999872,1.0130008028048638,-2.2464089203904805e-6,2.3373798812410516,0.09367072838843409
8.099999999999872,1.0130008099190868,-2.1591776169214674e-6,2.337379534578854,0.09367070635809983
8.109999999999872,1.013000816915762,-2.0690847493451853e-6,2.3373791897885177,0.09367068521442047
8.119999999999871,1.0130008238018873,-1.9761719964654724e-6,2.3373788470451786,0.09367066498580463
8.129999999999871,1.0130008305845055,-1.8804827285047123e-6,2.33737850652383,0.09367064570023577
8.139999999999871,1.0130008372707018,-1.7820619911675354e-6,2.3373781683992236,0.09367062738525515
8.14999999999987,1.013000843867599,-1.6809564889872118e-6,2.337377832845755,0.09367061006794535
8.15999999999987,1.0130008503823558,-1.5772145673269095e-6,2.337377500037368,0.09367059377491363
8.16999999999987,1.0130008568221618,-1.4708861918406672e-6,2.337377170147438,0.09367057853227573
8.17999999999987,1.0130008631942355,-1.3620229281312685e-6,2.337376843348672,0.09367056436563961
8.18999999999987,1.0130008695058186,-1.2506779199340652e-6,2.3373765198129903,0.09367055130008983
8.19999999999987,1.0130008757641753,-1.136905863788567e-6,2.3373761997114313,0.09367053936017158
8.20999999999987,1.0130008819765868,-1.0207629853962633e-6,2.3373758832140283,0.0936705285698755
8.21999999999987,1.0130008881503476,-9.023070128191405e-7,2.337375570489708,0.09367051895262239
8.229999999999869,1.013000894292763,-7.815971485233944e-7,2.3373752617061734,0.09367051053124842
8.239999999999869,1.013000900411145,-6.586940408091099e-7,2.3373749570298035,0.09367050332799044
8.249999999999869,1.0130009065128087,-5.336597536700369e-7,2.3373746566255327,0.09367049736447175
8.259999999999868,1.0130009126050679,-4.0655773494048476e-7,2.3373743606567405,0.09367049266168802
8.269999999999868,1.0130009186952322,-2.774527835221128e-7,2.3373740692851515,0.09367048923999369
8.279999999999868,1.0130009247906033,-1.4641101548800546e-7,2.337373782670713,0.09367048711908854
8.289999999999868,1.0130009308984715,-1.3499828925717049e-8,2.33737350097149,0.09367048631800488
8.299999999999867,1.01300093702611,1.212121324750436e-7,2.337373224343553,0.0936704868550947
8.309999999999867,1.0130009431807743,2.576550176494366e-7,2.3373729529408767,0.09367048874801741
8.319999999999867,1.0130009493696956,3.957578057505653e-7,2.3373726869152174,0.0936704920137282
8.329999999999867,1.0130009556000799,5.354483472783966e-7,2.3373724264160196,0.09367049666846616
8.339999999999867,1.0130009618791007,6.766534036607432e-7,2.3373721715902946,0.09367050272774365
8.349999999999866,1.0130009682138994,8.192986908480939e-7,2.3373719225825327,0.09367051020633514
8.359999999999866,1.0130009746115778,9.63308920590953e-7,2.3373716795345776,0.09367051911826738
8.369999999999866,1.013000981079197,1.1086078457961113e-6,2.3373714425855354,0.09367052947680927
8.379999999999866,1.0130009876237716,1.2551183051165954e-6,2.3373712118716665,0.09367054129446284
8.389999999999866,1.0130009942522686,1.4027622691227988e-6,2.337370987526287,0.09367055458295385
8.399999999999865,1.0130010009716013,1.5514608865242523e-6,2.3373707696796644,0.09367056935322382
8.409999999999865,1.013001007788627,1.7011345325532576e-6,2.3373705584589253,0.09367058561542178
8.419999999999865,1.013001014710143,1.851702856884293e-6,2.3373703539879527,0.09367060337889684
8.429999999999865,1.0130010217428824,2.003084833598496e-6,2.3373701563872893,0.09367062265219121
8.439999999999864,1.013001028893512,2.1551988108668576e-6,2.337369965774051,0.09367064344303361
8.449999999999864,1.013001036168628,2.3079625614824803e-6,2.337369782261834,0.0936706657583334
8.459999999999864,1.0130010435747505,2.4612933347089198e-6,2.3373696059606144,0.09367068960417495
8.469999999999864,1.0130010511183232,2.615107908569369e-6,2.3373694369766715,0.09367071498581278
8.479999999999864,1.0130010588057088,2.7693226419646293e-6,2.3373692754125033,0.09367074190766701
8.489999999999863,1.0130010666431843,2.923853528704647e-6,2.3373691213667365,0.09367077037331949
8.499999999999863,1.0130010746369393,3.078616250208524e-6,2.33736897493405,0.09367080038551039
8.509999999999863,1.0130010827930727,3.233526230273712e-6,2.337368836205103,0.09367083194613536
8.519999999999863,1.0130010911175873,3.3884986889035022e-6,2.3373687052664405,0.09367086505624325
8.529999999999863,1.0130010996163887,3.543448698166289e-6,2.3373685822004435,0.0936708997160343
8.539999999999862,1.0130011082952817,3.6982912367342397e-6,2.3373684670852417,0.09367093592485899
8.549999999999862,1.0130011171599664,3.852941245772795e-6,2.3373683599946546,0.09367097368121732
8.559999999999862,1.0130011262160363,4.0073136840607245e-6,2.33736826099813,0.09367101298275868
8.569999999999862,1.0130011354689739,4.161323583765002e-6,2.33736817016067,0.09367105382628253
8.579999999999862,1.0130011449241485,4.314886107230371e-6,2.3373680875427834,0.09367109620773911
8.589999999999861,1.0130011545868134,4.467916602101046e-6,2.337368013200427,0.09367114012223124
8.599999999999861,1.0130011644621026,4.620330657777168e-6,2.337367947184954,0.09367118556401632
8.60999999999986,1.0130011745550291,4.772044161294481e-6,2.3373678895430663,0.09367123252650915
8.61999999999986,1.0130011848704803,4.922973352934547e-6,2.3373678403167615,0.0936712810022851
8.62999999999986,1.0130011954132168,5.0730348824900455e-6,2.3373677995433026,0.09367133098308394
8.63999999999986,1.0130012061878697,5.222145864594853e-6,2.3373677672551687,0.0936713824598142
8.64999999999986,1.0130012171989378,5.370223933945355e-6,2.33736774348003,0.09367143542255812
8.65999999999986,1.013001228450785,5.5171873001902686e-6,2.3373677282407006,0.09367148986057713
8.66999999999986,1.013001239947639,5.662954802950718e-6,2.3373677215551316,0.09367154576231783
8.67999999999986,1.0130012516935873,5.807445965547598e-6,2.337367723436365,0.09367160311541861
8.68999999999986,1.0130012636925763,5.950581049824152e-6,2.337367733892522,0.09367166190671677
8.699999999999859,1.013001275948409,6.092281108756566e-6,2.337367752926792,0.0936717221222561
8.709999999999859,1.0130012884647435,6.232468039473564e-6,2.337367780537412,0.09367178374729505
8.719999999999859,1.0130013012450891,6.3710646350966655e-6,2.33736781671765,0.09367184676631561
8.729999999999858,1.0130013142928067,6.507994637127759e-6,2.3373678614558133,0.0936719111630323
8.739999999999858,1.013001327611106,6.64318278594199e-6,2.337367914735239,0.09367197692040202
8.749999999999858,1.0130013412030434,6.77655487108301e-6,2.3373679765342854,0.0936720440206343
8.759999999999858,1.0130013550715218,6.908037780885837e-6,2.337368046826359,0.09367211244520204
8.769999999999857,1.0130013692192876,7.037559550939092e-6,2.3373681255799066,0.09367218217485265
8.779999999999857,1.0130013836489307,7.165049411436955e-6,2.33736821275843,0.09367225318961987
8.789999999999857,1.0130013983628816,7.290437834687889e-6,2.337368308320512,0.0936723254688359
8.799999999999857,1.0130014133634118,7.413656580575784e-6,2.3373684122198215,0.09367239899114413
8.809999999999857,1.0130014286526319,7.534638742084615e-6,2.3373685244051527,0.09367247373451208
8.819999999999856,1.01300144423249,7.653318788519343e-6,2.337368644820442,0.09367254967624514
8.829999999999856,1.0130014601047723,7.769632608821106e-6,2.337368773404809,0.09367262679300031
8.839999999999856,1.0130014762711015,7.883517552761706e-6,2.3373689100925876,0.09367270506080086
8.849999999999856,1.0130014927329343,7.994912471658899e-6,2.3373690548133537,0.09367278445505108
8.859999999999856,1.0130015094915648,8.103757758696628e-6,2.3373692074919936,0.09367286495055133
8.869999999999855,1.0130015265481196,8.209995385845489e-6,2.3373693680487246,0.09367294652151384
8.879999999999855,1.013001543903561,8.313568941533466e-6,2.337369536399159,0.09367302914157861
8.889999999999855,1.0130015615586838,8.414423666022062e-6,2.337369712454362,0.09367311278382971
8.899999999999855,1.0130015795141178,8.512506485912551e-6,2.3373698961208933,0.09367319742081204
8.909999999999854,1.0130015977703244,8.607766046483762e-6,2.337370087300876,0.09367328302454836
8.919999999999854,1.0130016163275999,8.700152744808661e-6,2.337370285892066,0.09367336956655654
8.929999999999854,1.0130016351860736,8.789618758559589e-6,2.3373704917879157,0.0936734570178674
8.939999999999854,1.0130016543457077,8.876118075196026e-6,2.3373707048776358,0.09367354534904249
8.949999999999854,1.0130016738062988,8.959606519751642e-6,2.337370925046279,0.09367363453019245
8.959999999999853,1.0130016935674788,9.040041780957524e-6,2.3373711521748253,0.09367372453099537
8.969999999999853,1.0130017136287128,9.117383434013653e-6,2.337371386140241,0.09367381532071575
8.979999999999853,1.0130017339893016,9.191592965531701e-6,2.3373716268155764,0.09367390686822341
8.989999999999853,1.0130017546483823,9.262633794079468e-6,2.3373718740700533,0.09367399914201252
8.999999999999853,1.0130017756049283,9.330471289467047e-6,2.337372127769148,0.09367409211022128
9.009999999999852,1.013001796857751,9.395072791894253e-6,2.3373723877746873,0.09367418574065138
9.019999999999852,1.0130018184054994,9.456407628132809e-6,2.337372653944936,0.09367428000078798
9.029999999999852,1.0130018402466632,9.514447127213636e-6,2.3373729261347114,0.0936743748578193
9.039999999999852,1.0130018623795727,9.569164633450818e-6,2.33737320419547,0.093674470278657
9.049999999999851,1.013001884802399,9.620535517929388e-6,2.3373734879754076,0.0936745662299563
9.059999999999851,1.0130019075131576,9.668537189950423e-6,2.3373737773195753,0.09367466267813636
9.069999999999851,1.0130019305097078,9.713149105108387e-6,2.337374072069978,0.09367475958940064
9.07999999999985,1.0130019537897557,9.75435277271366e-6,2.337374372065689,0.09367485692975738
9.08999999999985,1.0130019773508545,9.792131760814098e-6,2.3373746771429604,0.09367495466504024
9.09999999999985,1.0130020011904075,9.826471701032349e-6,2.3373749871353384,0.09367505276092883
9.10999999999985,1.0130020253056689,9.857360289680735e-6,2.3373753018737706,0.09367515118296947
9.11999999999985,1.0130020496937457,9.884787288972122e-6,2.3373756211867383,0.09367524989659573
9.12999999999985,1.0130020743516002,9.908744526436502e-6,2.3373759449003595,0.09367534886714911
9.13999999999985,1.0130020992760516,9.929225891637663e-6,2.337376272838522,0.09367544805989975
9.14999999999985,1.0130021244637781,9.946227332476212e-6,2.3373766048230005,0.09367554744006691
9.15999999999985,1.0130021499113187,9.9597468494833e-6,2.337376940673573,0.09367564697283973
9.169999999999849,1.0130021756150764,9.96978448899058e-6,2.337377280208161,0.0936757466233974
9.179999999999849,1.0130022015713198,9.976342333329189e-6,2.337377623242942,0.09367584635692991
9.189999999999849,1.013002227776186,9.979424491374762e-6,2.337377969592485,0.09367594613865818
9.199999999999848,1.0130022542256825,9.979037085761307e-6,2.3373783190698716,0.09367604593385427
9.209999999999848,1.0130022809156893,9.975188240500233e-6,2.337378671486826,0.09367614570786152
9.219999999999848,1.0130023078419637,9.967888065385689e-6,2.337379026653852,0.09367624542611441
9.229999999999848,1.0130023350001396,9.957148639500957e-6,2.337379384380349,0.09367634505415844
9.239999999999847,1.0130023623857332,9.942983994215713e-6,2.3373797444747533,0.0936764445576696
9.249999999999847,1.013002389994144,9.925410093578966e-6,2.3373801067446633,0.09367654390247392
9.259999999999847,1.0130024178206594,9.904444813298483e-6,2.3373804709969757,0.09367664305456665
9.269999999999847,1.0130024458604545,9.880107919167904e-6,2.3373808370380056,0.09367674198013126
9.279999999999847,1.013002474108599,9.852421044100682e-6,2.337381204673633,0.09367684064555822
9.289999999999846,1.0130025025600569,9.821407662198438e-6,2.3373815737094183,0.09367693901746353
9.299999999999846,1.013002531209691,9.787093064054484e-6,2.3373819439507417,0.09367703706270715
9.309999999999846,1.0130025600522665,9.749504329065706e-6,2.3373823152029325,0.09367713474841081
9.319999999999846,1.013002589082453,9.70867029659877e-6,2.337382687271395,0.09367723204197585
9.329999999999846,1.0130026182948275,9.664621537214475e-6,2.3373830599617373,0.09367732891110077
9.339999999999845,1.0130026476838796,9.617390321287616e-6,2.337383433079909,0.0936774253237982
9.349999999999845,1.0130026772440128,9.56701058704113e-6,2.337383806432316,0.09367752124841192
9.359999999999845,1.013002706969548,9.51351790728556e-6,2.3373841798259556,0.09367761665363322
9.369999999999845,1.013002736854728,9.456949456488834e-6,2.3373845530685395,0.09367771150851725
9.379999999999844,1.0130027668937194,9.397343974041253e-6,2.3373849259686184,0.09367780578249868
9.389999999999844,1.0130027970806172,9.334741729179808e-6,2.337385298335702,0.09367789944540729
9.399999999999844,1.0130028274094474,9.269184484276026e-6,2.337385669980392,0.09367799246748305
9.409999999999844,1.0130028578741708,9.200715455634419e-6,2.3373860407144877,0.09367808481939086
9.419999999999844,1.0130028884686868,9.129379275677781e-6,2.3373864103511184,0.09367817647223484
9.429999999999843,1.0130029191868355,9.055221952748866e-6,2.3373867787048503,0.09367826739757243
9.439999999999843,1.0130029500224031,8.978290830735336e-6,2.337387145591809,0.09367835756742776
9.449999999999843,1.013002980969124,8.89863454847722e-6,2.337387510829793,0.09367844695430504
9.459999999999843,1.0130030120206843,8.816302996597017e-6,2.3373878742383836,0.09367853553120103
9.469999999999843,1.0130030431707266,8.73134727598202e-6,2.3373882356390516,0.09367862327161756
9.479999999999842,1.013003074412852,8.643819654710698e-6,2.3373885948552724,0.09367871014957341
9.489999999999842,1.013003105740624,8.553773523787735e-6,2.337388951712628,0.09367879613961551
9.499999999999842,1.0130031371475732,8.461263353033934e-6,2.3373893060389137,0.0936788812168303
9.509999999999842,1.0130031686271992,8.366344645753038e-6,2.3373896576642346,0.09367896535685401
9.519999999999841,1.0130032001729752,8.269073894578534e-6,2.3373900064211095,0.09367904853588298
9.529999999999841,1.0130032317783508,8.169508534841762e-6,2.337390352144563,0.09367913073068315
9.539999999999841,1.0130032634367565,8.067706899057701e-6,2.337390694672228,0.09367921191859933
9.54999999999984,1.0130032951416055,7.963728169875805e-6,2.337391033844419,0.09367929207756404
9.55999999999984,1.0130033268862983,7.857632334993623e-6,2.3373913695042434,0.0936793711861056
9.56999999999984,1.0130033586642273,7.749480138750856e-6,2.337391701497675,0.09367944922335607
9.57999999999984,1.013003390468777,7.639333035971916e-6,2.3373920296736386,0.09367952616905856
9.58999999999984,1.013003422293331,7.527253144733192e-6,2.337392353884092,0.09367960200357407
9.59999999999984,1.0130034541312731,7.4133031984577245e-6,2.3373926739841053,0.09367967670788785
9.60999999999984,1.0130034859759915,7.297546499143453e-6,2.3373929898319346,0.09367975026361543
9.61999999999984,1.0130035178208816,7.180046869773411e-6,2.3373933012890897,0.09367982265300803
9.62999999999984,1.0130035496593506,7.060868607155595e-6,2.3373936082204168,0.09367989385895736
9.639999999999839,1.013003581484819,6.940076433743888e-6,2.337393910494144,0.09367996386500041
9.649999999999839,1.0130036132907247,6.817735451772183e-6,2.3373942079819594,0.09368003265532329
9.659999999999838,1.0130036450705269,6.693911095456423e-6,2.3373945005590695,0.09368010021476485
9.669999999999838,1.0130036768177086,6.568669083973708e-6,2.337394788104251,0.09368016652881966
9.679999999999838,1.0130037085257788,6.442075375116341e-6,2.3373950704999076,0.09368023158364087
9.689999999999838,1.0130037401882777,6.314196118523865e-6,2.337395347632118,0.09368029536604203
9.699999999999838,1.0130037717987779,6.185097610359011e-6,2.337395619390689,0.09368035786349908
9.709999999999837,1.0130038033508888,6.054846246214131e-6,2.337395885669193,0.0936804190641514
9.719999999999837,1.0130038348382582,5.923508476540189e-6,2.337396146365014,0.09368047895680261
9.729999999999837,1.0130038662545757,5.791150761587804e-6,2.337396401379375,0.09368053753092105
9.739999999999837,1.0130038975935767,5.657839527243777e-6,2.337396650617393,0.09368059477663941
9.749999999999837,1.0130039288490433,5.523641120129356e-6,2.337396893988088,0.09368065068475434
9.759999999999836,1.0130039600148086,5.388621764540315e-6,2.3373971314044266,0.09368070524672534
9.769999999999836,1.013003991084759,5.25284751920353e-6,2.33739736278334,0.09368075845467334
9.779999999999836,1.0130040220528365,5.116384234643955e-6,2.337397588045749,0.09368081030137894
9.789999999999836,1.0130040529130406,4.979297511588398e-6,2.337397807116578,0.09368086078027996
9.799999999999836,1.0130040836594338,4.841652659666634e-6,2.337398019924778,0.09368090988546882
9.809999999999835,1.0130041142861408,4.7035146565258564e-6,2.3373982264033333,0.09368095761168936
9.819999999999835,1.013004144787352,4.564948107962514e-6,2.337398426489269,0.0936810039543335
9.829999999999835,1.0130041751573262,4.426017208796435e-6,2.337398620123664,0.09368104890943708
9.839999999999835,1.0130042053903932,4.286785704972137e-6,2.337398807251646,0.09368109247367573
9.849999999999834,1.013004235480955,4.147316855217825e-6,2.3373989878223993,0.09368113464436008
9.859999999999834,1.0130042654234888,4.00767339417868e-6,2.3373991617891523,0.09368117541943087
9.869999999999834,1.013004295212549,3.8679174968437505e-6,2.3373993291091844,0.09368121479745328
9.879999999999834,1.0130043248427691,3.728110742224152e-6,2.3373994897438033,0.09368125277761138
9.889999999999834,1.0130043543088638,3.588314080454038e-6,2.337399643658342,0.09368128935970187
9.899999999999833,1.0130043836056306,3.4485877975983678e-6,2.3373997908221407,0.09368132454412766
9.909999999999833,1.0130044127279514,3.308991484368194e-6,2.3373999312085276,0.09368135833189113
9.919999999999833,1.013004441670796,3.1695840036826287e-6,2.3374000647948048,0.09368139072458688
9.929999999999833,1.0130044704292211,3.0304234601351515e-6,2.337400191562213,0.09368142172439445
9.939999999999833,1.0130044989983746,2.8915671702559425e-6,2.33740031149592,0.09368145133407041
9.949999999999832,1.0130045273734956,2.753071632941398e-6,2.337400424584983,0.09368147955694045
9.959999999999832,1.0130045555499156,2.6149925021745825e-6,2.3374005308223174,0.09368150639689117
9.969999999999832,1.0130045835230619,2.4773845598824463e-6,2.3374006302046677,0.09368153185836121
9.979999999999832,1.0130046112884563,2.3403016899454653e-6,2.3374007227325673,0.09368155594633272
9.989999999999831,1.0130046388417187,2.2037968533918932e-6,2.3374008084102997,0.09368157866632193
9.999999999999831,1.0130046661785672,2.0679220640111454e-6,2.337400887245865,0.09368160002437007
10.009999999999831,1.0130046932948196,1.932728365698869e-6,2.3374009592509246,0.09368162002703363
10.01999999999983,1.0130047201863939,1.7982658103211522e-6,2.337401024440762,0.09368163868137465
10.02999999999983,1.0130047468493097,1.6645834373530794e-6,2.3374010828342384,0.09368165599495057
10.03999999999983,1.01300477327969,1.5317292534824685e-6,2.337401134453734,0.09368167197580414
10.04999999999983,1.0130047994737603,1.399750213900789e-6,2.337401179325105,0.09368168663245295
10.05999999999983,1.0130048254278514,1.2686922046722194e-6,2.337401217477628,0.09368169997387867
10.06999999999983,1.0130048511383984,1.1386000255473976e-6,2.3374012489439355,0.0936817120095166
10.07999999999983,1.0130048766019417,1.0095173747734768e-6,2.3374012737599665,0.09368172274924441
10.08999999999983,1.0130049018151293,8.814868342544749e-7,2.337401291964907,0.09368173220337127
10.09999999999983,1.013004926774715,7.545498558361215e-7,2.337401303601129,0.0936817403826264
10.109999999999829,1.0130049514775592,6.287467486929506e-7,2.3374013087141146,0.09368174729814806
10.119999999999829,1.0130049759206319,5.041166684887884e-7,2.3374013073524194,0.09368175296147163
10.129999999999828,1.0130050001010094,3.8069760551971904e-7,2.3374012995675746,0.09368175738451831
10.139999999999828,1.013005024015877,2.585263762235877e-7,2.3374012854140473,0.09368176057958333
10.149999999999828,1.0130050476625285,1.3763861425373574e-7,2.3374012649491487,0.09368176255932417
10.159999999999828,1.0130050710383656,1.806876297329555e-8,2.3374012382329816,0.09368176333674876
10.169999999999828,1.0130050941408992,-1.0014993030787836e-7,2.3374012053283626,0.09368176292520344
10.179999999999827,1.013005116967749,-2.169854208692369e-7,2.3374011663007477,0.09368176133836098
10.189999999999827,1.013005139516643,-3.3240687073775593e-7,2.3374011212181673,0.09368175859020862
10.199999999999827,1.0130051617854172,-4.4638465192395475e-7,2.3374010701511363,0.09368175469503594
10.209999999999827,1.013005183772017,-5.588903489681452e-7,2.337401013172601,0.0936817496674227
10.219999999999827,1.013005205474495,-6.698967618510855e-7,2.337400950357844,0.09368174352222673
10.229999999999826,1.0130052268910115,-7.793779050322926e-7,2.337400881784414,0.09368173627457184
10.239999999999826,1.0130052480198344,-8.873090074405089e-7,2.337400807532055,0.09368172793983559
10.249999999999826,1.0130052688593387,-9.936665124112262e-7,2.337400727682615,0.09368171853363719
10.259999999999826,1.013005289408006,-1.0984280749535434e-6,2.337400642319984,0.09368170807182528
10.269999999999825,1.0130053096644231,-1.2015725588217827e-6,2.337400551529998,0.09368169657046607
10.279999999999825,1.0130053296272827,-1.3030800327432209e-6,2.3374004554003736,0.09368168404583097
10.289999999999825,1.0130053492953823,-1.4029317660361333e-6,2.3374003540206205,0.09368167051438471
10.299999999999825,1.0130053686676235,-1.501110223142482e-6,2.3374002474819657,0.09368165599277338
10.309999999999825,1.0130053877430107,-1.5975990570920139e-6,2.3374001358772687,0.09368164049781247
10.319999999999824,1.0130054065206513,-1.6923831026722729e-6,2.3374000193009468,0.09368162404647501
10.329999999999824,1.0130054249997547,-1.785448368830417e-6,2.3373998978488957,0.09368160665587984
10.339999999999824,1.01300544317963,-1.8767820296890087e-6,2.337399771618402,0.09368158834327982
10.349999999999824,1.0130054610596875,-1.9663724159126673e-6,2.3373996407080666,0.09368156912605033
10.359999999999824,1.0130054786394354,-2.054209003538669e-6,2.337399505217731,0.09368154902167763
10.369999999999823,1.0130054959184802,-2.140282404214627e-6,2.3373993652483867,0.09368152804774765
10.379999999999823,1.0130055128965254,-2.224584353620678e-6,2.3373992209021055,0.09368150622193451
10.389999999999823,1.0130055295733698,-2.307107699252408e-6,2.337399072281955,0.09368148356198938
10.399999999999823,1.013005545948907,-2.3878463875102222e-6,2.3373989194919207,0.09368146008572951
10.409999999999823,1.0130055620231242,-2.4667954509084056e-6,2.337398762636831,0.09368143581102722
10.419999999999822,1.013005577796101,-2.5439509937962822e-6,2.3373986018222768,0.09368141075579905
10.429999999999822,1.013005593268007,-2.619310178351836e-6,2.337398437154533,0.09368138493799531
10.439999999999822,1.0130056084391028,-2.6928712091717467e-6,2.3373982687404866,0.09368135837558947
10.449999999999822,1.0130056233097364,-2.7646333178232138e-6,2.337398096687558,0.09368133108656765
10.459999999999821,1.0130056378803436,-2.834596746902184e-6,2.337397921103627,0.09368130308891881
10.469999999999821,1.0130056521514446,-2.9027627332335628e-6,2.337397742096951,0.0936812744006243
10.479999999999821,1.013005666123645,-2.9691334909570183e-6,2.3373975597761105,0.09368124503964838
10.48999999999982,1.0130056797976332,-3.033712194187424e-6,2.337397374249917,0.09368121502392816
10.49999999999982,1.0130056931741782,-3.096502959795581e-6,2.3373971856273514,0.09368118437136441
10.50999999999982,1.0130057062541296,-3.157510828143462e-6,2.3373969940174923,0.09368115309981204
10.51999999999982,1.013005719038415,-3.216741744836154e-6,2.3373967995294413,0.09368112122707109
10.52999999999982,1.0130057315280385,-3.2742025417927124e-6,2.3373966022722636,0.09368108877087764
10.53999999999982,1.01300574372408,-3.32990091798267e-6,2.337396402354911,0.09368105574889513
10.54999999999982,1.0130057556276932,-3.3838454198145685e-6,2.337396199886164,0.09368102217870564
10.55999999999982,1.0130057672401036,-3.4360454213967724e-6,2.3373959949745613,0.09368098807780181
10.569999999999819,1.0130057785626079,-3.486511104134956e-6,2.337395787728335,0.09368095346357835
10.579999999999819,1.01300578959657,-3.5352534366434184e-6,2.3373955782553537,0.09368091835332436
10.589999999999819,1.0130058003434235,-3.5822841534965985e-6,2.337395366663056,0.09368088276421517
10.599999999999818,1.013005810804666,-3.627615735533808e-6,2.3373951530583925,0.09368084671330516
10.609999999999818,1.0130058209818595,-3.6712613881785114e-6,2.3373949375477676,0.09368081021752028
10.619999999999818,1.013005830876628,-3.71323502020397e-6,2.3373947202369743,0.09368077329365086
10.629999999999818,1.0130058404906568,-3.753551222485828e-6,2.3373945012311492,0.09368073595834471
10.639999999999818,1.0130058498256898,-3.792225246496611e-6,2.3373942806347157,0.09368069822810039
10.649999999999817,1.013005858883528,-3.829272983715512e-6,2.33739405855132,0.09368066011926078
10.659999999999817,1.0130058676660278,-3.864710942935538e-6,2.3373938350837933,0.09368062164800672
10.669999999999817,1.0130058761751002,-3.8985562288205795e-6,2.3373936103340904,0.09368058283035094
10.679999999999817,1.0130058844127081,-3.930826520906721e-6,2.337393384403251,0.09368054368213219
10.689999999999817,1.0130058923808645,-3.9615400515503535e-6,2.337393157391344,0.09368050421900978
10.699999999999816,1.0130059000816312,-3.990715584286578e-6,2.3373929293974194,0.09368046445645788
10.709999999999816,1.0130059075171172,-4.018372391602469e-6,2.3373927005194717,0.09368042440976058
10.719999999999816,1.013005914689477,-4.044530233885189e-6,2.3373924708543945,0.09368038409400671
10.729999999999816,1.0130059216009089,-4.069209337877003e-6,2.3373922404979353,0.09368034352408511
10.739999999999815,1.0130059282536523,-4.0924303751296085e-6,2.3373920095446574,0.09368030271468025
10.749999999999815,1.013005934649988,-4.11421444003382e-6,2.3373917780879054,0.09368026168026759
10.759999999999815,1.013005940792234,-4.134583029255318e-6,2.337391546219757,0.09368022043510978
10.769999999999815,1.0130059466827468,-4.153558019682788e-6,2.3373913140310036,0.09368017899325239
10.779999999999815,1.0130059523239165,-4.171161648267915e-6,2.337391081611102,0.09368013736852061
10.789999999999814,1.013005957718168,-4.187416489916369e-6,2.337390849048147,0.09368009557451541
10.799999999999814,1.013005962867957,-4.2023454375832e-6,2.337390616428844,0.09368005362461053
10.809999999999814,1.0130059677757706,-4.215971681369149e-6,2.337390383838475,0.09368001153194905
10.819999999999814,1.0130059724441234,-4.22831868821578e-6,2.337390151360875,0.09367996930944102
10.829999999999814,1.0130059768755575,-4.239410181308987e-6,2.3373899190783964,0.09367992696976037
10.839999999999813,1.0130059810726404,-4.249270120028428e-6,2.337389687071899,0.09367988452534261
10.849999999999813,1.0130059850379634,-4.257922680687615e-6,2.337389455420712,0.0936798419883826
10.859999999999813,1.0130059887741394,-4.265392236796251e-6,2.33738922420262,0.09367979937083239
10.869999999999813,1.013005992283803,-4.271703339022563e-6,2.3373889934938425,0.0936797566843994
10.879999999999812,1.0130059955696071,-4.2768806968650705e-6,2.337388763369015,0.09367971394054474
10.889999999999812,1.0130059986342221,-4.280949159988019e-6,2.3373885339011613,0.09367967115048179
10.899999999999812,1.0130060014803348,-4.283933698694995e-6,2.3373883051616953,0.09367962832517462
10.909999999999812,1.013006004110646,-4.285859386799031e-6,2.337388077220392,0.09367958547533732
10.919999999999812,1.01300600652787,-4.28675138261112e-6,2.33738785014538,0.09367954261143255
10.929999999999811,1.0130060087347328,-4.2866349122165696e-6,2.337387624003134,0.0936794997436712
10.939999999999811,1.0130060107339702,-4.285535252013928e-6,2.3373873988584477,0.09367945688201156
10.949999999999811,1.0130060125283262,-4.283477710550914e-6,2.337387174774443,0.09367941403615904
10.95999999999981,1.0130060141205532,-4.280487613146192e-6,2.3373869518125567,0.09367937121556583
10.96999999999981,1.0130060155134084,-4.276590285096389e-6,2.3373867300325264,0.09367932842943087
10.97999999999981,1.0130060167096546,-4.271811034819139e-6,2.337386509492395,0.09367928568669985
10.98999999999981,1.0130060177120574,-4.266175139707707e-6,2.337386290248505,0.09367924299606561
10.99999999999981,1.0130060185233838,-4.259707829576146e-6,2.3373860723554856,0.09367920036596843
11.00999999999981,1.013006019146402,-4.252434271597439e-6,2.337385855866265,0.09367915780459654
11.01999999999981,1.0130060195838797,-4.24437955599841e-6,2.3373856408320655,0.09367911531988687
11.02999999999981,1.0130060198385824,-4.235568682468664e-6,2.337385427302399,0.09367907291952596
11.039999999999809,1.0130060199132727,-4.226026545190103e-6,2.337385215325075,0.09367903061095079
11.049999999999809,1.0130060198107083,-4.215777919550266e-6,2.3373850049461984,0.09367898840135003
11.059999999999809,1.0130060195336423,-4.204847448827019e-6,2.3373847962101806,0.09367894629766521
11.069999999999808,1.0130060190848207,-4.193259631970222e-6,2.337384589159739,0.09367890430659216
11.079999999999808,1.0130060184669814,-4.181038810220809e-6,2.337384383835904,0.09367886243458255
11.089999999999808,1.0130060176828541,-4.168209155462407e-6,2.33738418027803,0.09367882068784539
11.099999999999808,1.013006016735158,-4.154794658572113e-6,2.3373839785237966,0.09367877907234894
11.109999999999808,1.0130060156266028,-4.140819117785368e-6,2.3373837786092335,0.09367873759382238
11.119999999999807,1.0130060143598842,-4.126306128495372e-6,2.337383580568707,0.09367869625775802
11.129999999999807,1.0130060129376859,-4.111279071835193e-6,2.337383384434945,0.09367865506941331
11.139999999999807,1.0130060113626778,-4.095761104241626e-6,2.337383190239056,0.09367861403381292
11.149999999999807,1.0130060096375146,-4.0797751483429555e-6,2.3373829980105256,0.09367857315575112
11.159999999999807,1.0130060077648355,-4.0633438827833025e-6,2.3373828077772427,0.09367853243979424
11.169999999999806,1.0130060057472632,-4.0464897340575995e-6,2.337382619565508,0.093678491890283
11.179999999999806,1.0130060035874016,-4.029234867115987e-6,2.337382433400045,0.09367845151133525
11.189999999999806,1.0130060012878384,-4.01160117628335e-6,2.3373822493040337,0.0936784113068484
11.199999999999806,1.0130059988511397,-3.9936102790097314e-6,2.337382067299102,0.09367837128050242
11.209999999999805,1.013005996279854,-3.975283506452978e-6,2.337381887405366,0.0936783314357624
11.219999999999805,1.0130059935765077,-3.9566418975034825e-6,2.3373817096414347,0.09367829177588172
11.229999999999805,1.013005990743606,-3.937706191526569e-6,2.33738153402443,0.09367825230390474
11.239999999999805,1.0130059877836317,-3.9184968213602025e-6,2.33738136057001,0.09367821302267006
11.249999999999805,1.0130059846990456,-3.899033906850063e-6,2.3373811892923855,0.0936781739348134
11.259999999999804,1.013005981492284,-3.8793372503463955e-6,2.3373810202043406,0.093678135042771
11.269999999999804,1.0130059781657603,-3.859426329447282e-6,2.337380853317261,0.09367809634878255
11.279999999999804,1.0130059747218618,-3.839320293082917e-6,2.337380688641136,0.09367805785489473
11.289999999999804,1.013005971162952,-3.819037955621467e-6,2.3373805261846083,0.09367801956296433
11.299999999999804,1.0130059674913672,-3.798597793656499e-6,2.337380365954969,0.09367798147466168
11.309999999999803,1.0130059637094186,-3.7780179405523484e-6,2.337380207958202,0.09367794359147406
11.319999999999803,1.0130059598193901,-3.7573161830716352e-6,2.337380052198989,0.09367790591470915
11.329999999999803,1.013005955823538,-3.736509958163005e-6,2.3373798986807466,0.09367786844549854
11.339999999999803,1.0130059517240908,-3.7156163490261237e-6,2.337379747405644,0.0936778311848012
11.349999999999802,1.0130059475232498,-3.6946520823277022e-6,2.337379598374623,0.09367779413340702
11.359999999999802,1.0130059432231864,-3.673633525966729e-6,2.3373794515874344,0.09367775729194049
11.369999999999802,1.0130059388260442,-3.652576685723994e-6,2.337379307042651,0.09367772066086409
11.379999999999802,1.0130059343339366,-3.63149720482714e-6,2.337379164737697,0.09367768424048219
11.389999999999802,1.0130059297489482,-3.61041036074924e-6,2.3373790246688757,0.09367764803094451
11.399999999999801,1.0130059250731334,-3.5893310642462656e-6,2.33737888683139,0.09367761203224981
11.409999999999801,1.0130059203085162,-3.568273858081188e-6,2.3373787512193687,0.09367757624424954
11.419999999999801,1.01300591545709,-3.5472529164408194e-6,2.3373786178258933,0.09367754066665165
11.4299999999998,1.0130059105208176,-3.5262820433252515e-6,2.337378486643021,0.09367750529902426
11.4399999999998,1.0130059055016314,-3.505374672373315e-6,2.337378357661819,0.0936774701407991
11.4499999999998,1.013005900401432,-3.4845438672428865e-6,2.337378230872379,0.09367743519127555
11.4599999999998,1.0130058952220893,-3.4638023213097155e-6,2.337378106263853,0.09367740044962422
11.4699999999998,1.0130058899654417,-3.443162357758109e-6,2.337377983824471,0.09367736591489051
11.4799999999998,1.0130058846332954,-3.422635930927317e-6,2.337377863541569,0.09367733158599857
11.4899999999998,1.013005879227426,-3.402234625537106e-6,2.3373777454016222,0.0936772974617548
11.4999999999998,1.0130058737495762,-3.381969658826477e-6,2.3373776293902617,0.09367726354085157
11.509999999999799,1.0130058682014573,-3.3618518816175592e-6,2.3373775154923027,0.09367722982187095
11.519999999999799,1.0130058625847496,-3.3418917790153098e-6,2.3373774036917774,0.09367719630328829
11.529999999999799,1.0130058569011,-3.322099472732052e-6,2.337377293971949,0.09367716298347599
11.539999999999798,1.0130058511521247,-3.3024847223768848e-6,2.3373771863153485,0.09367712986070699
11.549999999999798,1.0130058453394075,-3.283056927701815e-6,2.3373770807037926,0.09367709693315832
11.559999999999798,1.0130058394645005,-3.2638251304835e-6,2.3373769771184176,0.09367706419891501
11.569999999999798,1.0130058335289234,-3.244798017244414e-6,2.3373768755396886,0.09367703165597335
11.579999999999798,1.0130058275341642,-3.2259839205472314e-6,2.3373767759474466,0.09367699930224455
11.589999999999797,1.01300582148168,-3.2073908232838037e-6,2.337376678320915,0.09367696713555823
11.599999999999797,1.0130058153728954,-3.189026360205983e-6,2.3373765826387385,0.09367693515366592
11.609999999999797,1.013005809209204,-3.170897821591519e-6,2.3373764888789985,0.09367690335424456
11.619999999999797,1.0130058029919675,-3.1530121562389774e-6,2.33737639701924,0.09367687173489993
11.629999999999797,1.0130057967225172,-3.135375974069941e-6,2.3373763070365015,0.09367684029316985
11.639999999999796,1.0130057904021528,-3.1179955512458442e-6,2.3373762189073313,0.09367680902652786
11.649999999999796,1.0130057840321427,-3.100876831458989e-6,2.3373761326078144,0.0936767779323864
11.659999999999796,1.0130057776137247,-3.084025430631019e-6,2.337376048113593,0.09367674700810015
11.669999999999796,1.0130057711481064,-3.067446640744535e-6,2.337375965399903,0.09367671625096906
11.679999999999795,1.0130057646364645,-3.0511454338280262e-6,2.3373758844415757,0.09367668565824204
11.689999999999795,1.013005758079946,-3.035126464637513e-6,2.3373758052130817,0.09367665522711963
11.699999999999795,1.0130057514796684,-3.019394076687352e-6,2.337375727688546,0.09367662495475747
11.709999999999795,1.0130057448367182,-3.0039523055006283e-6,2.3373756518417594,0.09367659483826934
11.719999999999795,1.0130057381521538,-2.988804882246258e-6,2.3373755776462177,0.09367656487473015
11.729999999999794,1.0130057314270036,-2.9739552390537016e-6,2.3373755050751335,0.09367653506117905
11.739999999999794,1.0130057246622672,-2.959406512561492e-6,2.3373754341014585,0.09367650539462231
11.749999999999794,1.0130057178589162,-2.9451615492467665e-6,2.3373753646979085,0.09367647587203626
11.759999999999794,1.0130057110178936,-2.931222909614615e-6,2.3373752968369845,0.09367644649037024
11.769999999999794,1.0130057041401137,-2.9175928728551863e-6,2.3373752304909847,0.09367641724654938
11.779999999999793,1.0130056972264645,-2.9042734412969244e-6,2.3373751656320345,0.0936763881374774
11.789999999999793,1.0130056902778055,-2.8912663458833583e-6,2.337375102232104,0.0936763591600394
11.799999999999793,1.01300568329497,-2.8785730501845525e-6,2.337375040263025,0.09367633031110444
11.809999999999793,1.013005676278764,-2.866194756321105e-6,2.337374979696512,0.09367630158752838
11.819999999999792,1.0130056692299674,-2.854132408298299e-6,2.337374920504174,0.09367627298615616
11.829999999999792,1.0130056621493344,-2.8423866982476118e-6,2.3373748626575526,0.09367624450382471
11.839999999999792,1.013005655037593,-2.830958071227856e-6,2.3373748061281163,0.09367621613736521
11.849999999999792,1.0130056478954468,-2.819846729897566e-6,2.337374750887296,0.09367618788360564
11.859999999999792,1.0130056407235737,-2.8090526400206156e-6,2.3373746969064895,0.0936761597393731
11.869999999999791,1.013005633522628,-2.7985755350513243e-6,2.3373746441570944,0.0936761317014962
11.879999999999791,1.0130056262932392,-2.78841492194917e-6,2.3373745926105016,0.09367610376680742
11.889999999999791,1.0130056190360135,-2.7785700855112667e-6,2.337374542238142,0.09367607593214515
11.89999999999979,1.0130056117515334,-2.7690400942395126e-6,2.3373744930114686,0.09367604819435618
11.90999999999979,1.0130056044403593,-2.7598238046129145e-6,2.3373744449020055,0.09367602055029753
11.91999999999979,1.0130055971030278,-2.7509198678133566e-6,2.3373743978813337,0.09367599299683886
11.92999999999979,1.0130055897400547,-2.742326732526572e-6,2.3373743519211296,0.09367596553086417
11.93999999999979,1.0130055823519344,-2.734042652792212e-6,2.3373743069931687,0.09367593814927398
11.94999999999979,1.0130055749391382,-2.7260656917248647e-6,2.3373742630693335,0.09367591084898734
11.95999999999979,1.0130055675021183,-2.7183937265254454e-6,2.3373742201216414,0.09367588362694348
11.96999999999979,1.0130055600413062,-2.7110244542214694e-6,2.337374178122251,0.09367585648010379
11.979999999999789,1.0130055525571133,-2.7039553970071686e-6,2.3373741370434744,0.0936758294054536
11.989999999999789,1.013005545049931,-2.6971839071846345e-6,2.337374096857791,0.09367580240000392
11.999999999999789,1.0130055375201321,-2.690707171784428e-6,2.3373740575378594,0.09367577546079293
12.009999999999788,1.013005529968071,-2.684522218499092e-6,2.3373740190565355,0.09367574858488785
12.019999999999788,1.0130055223940835,-2.678625920603681e-6,2.337373981386876,0.09367572176938635
12.029999999999788,1.0130055147984873,-2.6730150020951558e-6,2.3373739445021497,0.09367569501141813
12.039999999999788,1.0130055071815833,-2.6676860425781816e-6,2.3373739083758576,0.09367566830814639
12.049999999999788,1.0130054995436553,-2.662635482458986e-6,2.337373872981732,0.09367564165676925
12.059999999999787,1.0130054918849705,-2.65785962748506e-6,2.3373738382937583,0.09367561505452106
12.069999999999787,1.0130054842057803,-2.6533546551316863e-6,2.337373804286176,0.09367558849867373
12.079999999999787,1.0130054765063203,-2.6491166183075425e-6,2.3373737709334925,0.09367556198653815
12.089999999999787,1.0130054687868109,-2.6451414507543926e-6,2.3373737382104913,0.09367553551546517
12.099999999999786,1.013005461047458,-2.6414249721227e-6,2.3373737060922424,0.09367550908284686
12.109999999999786,1.0130054532884527,-2.6379628926036876e-6,2.337373674554107,0.09367548268611771
12.119999999999786,1.013005445509973,-2.634750818134256e-6,2.337373643571754,0.09367545632275565
12.129999999999786,1.0130054377121833,-2.631784254914553e-6,2.337373613121157,0.09367542999028294
12.139999999999786,1.0130054298952342,-2.6290586145262315e-6,2.3373735831786107,0.09367540368626742
12.149999999999785,1.0130054220592641,-2.626569218027776e-6,2.337373553720729,0.09367537740832317
12.159999999999785,1.0130054142043998,-2.6243113011219044e-6,2.3373735247244665,0.09367535115411148
12.169999999999785,1.0130054063307559,-2.6222800190765768e-6,2.3373734961671127,0.09367532492134169
12.179999999999785,1.0130053984384357,-2.6204704511030574e-6,2.3373734680263016,0.09367529870777201
12.189999999999785,1.0130053905275318,-2.6188776046017416e-6,2.3373734402800217,0.09367527251121023
12.199999999999784,1.013005382598126,-2.617496420088366e-6,2.337373412906614,0.09367524632951435
12.209999999999784,1.01300537465029,-2.6163217759541785e-6,2.337373385884783,0.09367522016059333
12.219999999999784,1.0130053666840866,-2.6153484917439156e-6,2.3373733591936032,0.09367519400240762
12.229999999999784,1.0130053586995682,-2.614571333514987e-6,2.33737333281252,0.09367516785296977
12.239999999999783,1.0130053506967798,-2.6139850186546535e-6,2.33737330672136,0.09367514171034481
12.249999999999783,1.0130053426757566,-2.6135842189942862e-6,2.337373280900324,0.093675115572651
12.259999999999783,1.0130053346365262,-2.6133635658965968e-6,2.3373732553300015,0.09367508943805995
12.269999999999783,1.013005326579109,-2.613317653370481e-6,2.3373732299913708,0.09367506330479722
12.279999999999783,1.0130053185035173,-2.61344104343984e-6,2.3373732048658047,0.09367503717114256
12.289999999999782,1.0130053104097574,-2.6137282697095896e-6,2.33737317993507,0.09367501103543024
12.299999999999782,1.0130053022978283,-2.614173841453776e-6,2.3373731551813317,0.09367498489604936
12.309999999999782,1.0130052941677237,-2.6147722474346886e-6,2.3373731305871575,0.09367495875144395
12.319999999999782,1.0130052860194305,-2.6155179599018803e-6,2.337373106135515,0.09367493260011336
12.329999999999782,1.0130052778529308,-2.6164054381985844e-6,2.337373081809778,0.09367490644061222
12.339999999999781,1.0130052696682017,-2.6174291328379425e-6,2.33737305759373,0.09367488027155055
12.349999999999781,1.0130052614652154,-2.618583489135145e-6,2.3373730334715668,0.09367485409159401
12.359999999999781,1.0130052532439393,-2.6198629511378665e-6,2.337373009427883,0.0936748278994638
12.36999999999978,1.0130052450043383,-2.6212619644210638e-6,2.3373729854476983,0.0936748016939365
12.37999999999978,1.0130052367463718,-2.622774980982378e-6,2.337372961516435,0.09367477547384448
12.38999999999978,1.0130052284699966,-2.6243964613920814e-6,2.337372937619929,0.09367474923807537
12.39999999999978,1.0130052201751671,-2.6261208787277803e-6,2.337372913744436,0.09367472298557214
12.40999999999978,1.0130052118618342,-2.6279427224391163e-6,2.337372889876617,0.09367469671533303
12.41999999999978,1.0130052035299464,-2.6298565008441655e-6,2.3373728660035518,0.09367467042641127
12.42999999999978,1.0130051951794505,-2.6318567447166538e-6,2.3373728421127327,0.09367464411791485
12.43999999999978,1.0130051868102916,-2.6339380108290766e-6,2.3373728181920614,0.09367461778900635
12.449999999999779,1.0130051784224132,-2.6360948843975665e-6,2.3373727942298546,0.09367459143890262
12.459999999999779,1.0130051700157572,-2.6383219826898653e-6,2.3373727702148375,0.09367456506687458
12.469999999999779,1.0130051615902653,-2.640613957487152e-6,2.337372746136147,0.0936745386722467
12.479999999999778,1.013005153145878,-2.6429654986014895e-6,2.3373727219833245,0.09367451225439687
12.489999999999778,1.0130051446825354,-2.6453713360685422e-6,2.337372697746323,0.09367448581275574
12.499999999999778,1.0130051362001782,-2.647826243317219e-6,2.3373726734154987,0.09367445934680656
12.509999999999778,1.0130051276987466,-2.6503250398555653e-6,2.3373726489816113,0.09367443285608455
12.519999999999778,1.0130051191781813,-2.6528625938651537e-6,2.3373726244358184,0.09367440634017658
12.529999999999777,1.013005110638424,-2.6554338248759827e-6,2.337372599769681,0.09367437979872044
12.539999999999777,1.013005102079417,-2.6580337061384516e-6,2.3373725749751535,0.09367435323140456
12.549999999999777,1.0130050935011043,-2.6606572673448228e-6,2.3373725500445857,0.09367432663796736
12.559999999999777,1.0130050849034307,-2.663299596957199e-6,2.337372524970717,0.09367430001819664
12.569999999999776,1.0130050762863416,-2.665955844137879e-6,2.3373724997466714,0.09367427337192905
12.579999999999776,1.0130050676497862,-2.6686212208773157e-6,2.337372474365963,0.09367424669904938
12.589999999999776,1.0130050589937152,-2.6712910050313513e-6,2.3373724488224896,0.09367421999948995
12.599999999999776,1.0130050503180803,-2.673960542213043e-6,2.337372423110519,0.09367419327323007
12.609999999999776,1.0130050416228369,-2.6766252475297625e-6,2.337372397224697,0.09367416652029524
12.619999999999775,1.0130050329079425,-2.6792806071925276e-6,2.337372371160044,0.0936741397407563
12.629999999999775,1.0130050241733568,-2.6819221816787135e-6,2.337372344911939,0.09367411293472906
12.639999999999775,1.0130050154190435,-2.684545606105749e-6,2.337372318476128,0.0936740861023732
12.649999999999775,1.0130050066449687,-2.687146592897647e-6,2.3373722918487165,0.09367405924389173
12.659999999999775,1.013004997851102,-2.689720933327829e-6,2.3373722650261626,0.09367403235953017
12.669999999999774,1.0130049890374162,-2.6922644989605466e-6,2.3373722380052753,0.09367400544957566
12.679999999999774,1.013004980203888,-2.6947732437243496e-6,2.337372210783208,0.09367397851435626
12.689999999999774,1.0130049713504976,-2.69724320504349e-6,2.3373721833574526,0.09367395155424006
12.699999999999774,1.0130049624772288,-2.699670504874545e-6,2.33737215572584,0.09367392456963437
12.709999999999773,1.01300495358407,-2.7020513520437205e-6,2.3373721278865314,0.09367389756098482
12.719999999999773,1.0130049446710132,-2.7043820428744503e-6,2.3373720998380123,0.09367387052877456
12.729999999999773,1.0130049357380546,-2.7066589626773484e-6,2.33737207157909,0.09367384347352323
12.739999999999773,1.0130049267851946,-2.708878586819037e-6,2.3373720431088825,0.0936738163957863
12.749999999999773,1.013004917812439,-2.711037481557854e-6,2.3373720144268306,0.09367378929615393
12.759999999999772,1.0130049088197965,-2.7131323060062545e-6,2.3373719855326627,0.09367376217525022
12.769999999999772,1.0130048998072816,-2.7151598119513724e-6,2.33737195642642,0.09367373503373219
12.779999999999772,1.0130048907749127,-2.717116845490132e-6,2.3373719271084297,0.09367370787228892
12.789999999999772,1.013004881722714,-2.7190003474196077e-6,2.337371897579312,0.0936736806916404
12.799999999999772,1.0130048726507135,-2.7208073547947956e-6,2.3373718678399666,0.09367365349253698
12.809999999999771,1.0130048635589446,-2.7225350009001666e-6,2.3373718378915704,0.0936736262757579
12.819999999999771,1.0130048544474455,-2.724180516167505e-6,2.337371807735572,0.09367359904211073
12.829999999999771,1.0130048453162592,-2.7257412289974877e-6,2.337371777373678,0.09367357179243027
12.83999999999977,1.0130048361654342,-2.727214565357632e-6,2.3373717468078636,0.09367354452757745
12.84999999999977,1.013004826995024,-2.7285980505186263e-6,2.3373717160403515,0.09367351724843848
12.85999999999977,1.0130048178050868,-2.729889308759401e-6,2.3373716850736077,0.09367348995592385
12.86999999999977,1.013004808595686,-2.731086063875588e-6,2.337371653910344,0.09367346265096732
12.87999999999977,1.0130047993668911,-2.7321861388586794e-6,2.3373716225535057,0.09367343533452484
12.88999999999977,1.0130047901187755,-2.7331874573466894e-6,2.3373715910062622,0.09367340800757375
12.89999999999977,1.0130047808514189,-2.7340880426560874e-6,2.3373715592720075,0.09367338067111151
12.90999999999977,1.0130047715649049,-2.7348860185586993e-6,2.337371527354347,0.09367335332615495
12.919999999999769,1.0130047622593243,-2.7355796089825098e-6,2.3373714952571043,0.09367332597373908
12.929999999999769,1.013004752934771,-2.736167138331718e-6,2.337371462984289,0.0936732986149163
12.939999999999769,1.0130047435913454,-2.7366470304134583e-6,2.3373714305401236,0.09367327125075513
12.949999999999768,1.0130047342291528,-2.7370178099405415e-6,2.3373713979290125,0.09367324388233941
12.959999999999768,1.0130047248483038,-2.7372781011503235e-6,2.3373713651555414,0.09367321651076721
12.969999999999768,1.0130047154489137,-2.7374266279689243e-6,2.3373713322244756,0.09367318913714992
12.979999999999768,1.0130047060311034,-2.7374622135292856e-6,2.337371299140751,0.0936731617626111
12.989999999999768,1.0130046965949984,-2.7373837800001362e-6,2.3373712659094634,0.09367313438828569
12.999999999999767,1.0130046871407297,-2.7371903480814083e-6,2.337371232535873,0.09367310701531886
13.009999999999767,1.0130046776684334,-2.7368810365868382e-6,2.3373711990253825,0.09367307964486501
13.019999999999767,1.0130046681782496,-2.7364550621460215e-6,2.3373711653835443,0.09367305227808702
13.029999999999767,1.013004658670325,-2.7359117381076595e-6,2.3373711316160453,0.09367302491615498
13.039999999999766,1.0130046491448097,-2.7352504743653935e-6,2.3373710977287097,0.09367299756024541
13.049999999999766,1.0130046396018593,-2.734470777235738e-6,2.3373710637274803,0.09367297021154025
13.059999999999766,1.0130046300416338,-2.7335722475366138e-6,2.3373710296184202,0.09367294287122595
13.069999999999766,1.013004620464298,-2.7325545808557335e-6,2.337370995407704,0.09367291554049242
13.079999999999766,1.0130046108700215,-2.7314175658861903e-6,2.3373709611016174,0.09367288822053217
13.089999999999765,1.013004601258978,-2.7301610846282143e-6,2.3373709267065395,0.09367286091253935
13.099999999999765,1.0130045916313462,-2.7287851108036386e-6,2.337370892228944,0.09367283361770883
13.109999999999765,1.0130045819873088,-2.7272897092236145e-6,2.337370857675393,0.09367280633723525
13.119999999999765,1.0130045723270527,-2.72567503479785e-6,2.3373708230525247,0.09367277907231221
13.129999999999765,1.0130045626507695,-2.723941331133009e-6,2.3373707883670614,0.09367275182413132
13.139999999999764,1.0130045529586544,-2.7220889302194785e-6,2.337370753625782,0.09367272459388125
13.149999999999764,1.0130045432509063,-2.72011825069238e-6,2.337370718835533,0.09367269738274694
13.159999999999764,1.0130045335277291,-2.7180297970681028e-6,2.3373706840032216,0.09367267019190881
13.169999999999764,1.0130045237893297,-2.7158241586631786e-6,2.3373706491357944,0.09367264302254165
13.179999999999763,1.0130045140359187,-2.713502008178903e-6,2.337370614240251,0.093672615875814
13.189999999999763,1.0130045042677103,-2.7110641002917287e-6,2.3373705793236237,0.09367258875288738
13.199999999999763,1.013004494484923,-2.7085112708788907e-6,2.337370544392983,0.09367256165491511
13.209999999999763,1.013004484687778,-2.7058444361260637e-6,2.3373705094554227,0.09367253458304195
13.219999999999763,1.0130044748764993,-2.703064590148204e-6,2.3373704745180532,0.09367250753840309
13.229999999999762,1.0130044650513155,-2.7001728040239435e-6,2.3373704395880104,0.09367248052212329
13.239999999999762,1.0130044552124564,-2.697170225151425e-6,2.3373704046724275,0.09367245353531631
13.249999999999762,1.013004445360156,-2.6940580745442127e-6,2.337370369778451,0.093672426579084
13.259999999999762,1.013004435494651,-2.690837646420109e-6,2.337370334913219,0.09367239965451575
13.269999999999762,1.01300442561618,-2.687510306253447e-6,2.3373703000838706,0.09367237276268749
13.279999999999761,1.0130044157249851,-2.6840774896563216e-6,2.337370265297524,0.09367234590466124
13.289999999999761,1.0130044058213103,-2.6805407007553787e-6,2.337370230561292,0.09367231908148428
13.299999999999761,1.013004395905402,-2.6769015109857485e-6,2.3373701958822513,0.09367229229418855
13.30999999999976,1.0130043859775084,-2.6731615564505597e-6,2.337370161267456,0.09367226554378998
13.31999999999976,1.0130043760378804,-2.6693225372458487e-6,2.3373701267239313,0.09367223883128768
13.32999999999976,1.0130043660867705,-2.665386216068225e-6,2.337370092258662,0.09367221215766357
13.33999999999976,1.0130043561244328,-2.6613544160583003e-6,2.337370057878593,0.09367218552388161
13.34999999999976,1.0130043461511233,-2.6572290197689404e-6,2.337370023590619,0.09367215893088722
13.35999999999976,1.0130043361670993,-2.6530119668393803e-6,2.337369989401581,0.0936721323796067
13.36999999999976,1.0130043261726192,-2.6487052524788533e-6,2.3373699553182634,0.09367210587094675
13.37999999999976,1.0130043161679432,-2.6443109258787822e-6,2.3373699213473986,0.0936720794057937
13.389999999999759,1.013004306153332,-2.6398310891655197e-6,2.337369887495645,0.09367205298501328
13.399999999999759,1.013004296129048,-2.6352678945913283e-6,2.337369853769594,0.09367202660944979
13.409999999999759,1.0130042860953536,-2.630623543665407e-6,2.337369820175762,0.0936720002799259
13.419999999999758,1.0130042760525124,-2.6259002853409932e-6,2.3373697867205863,0.09367197399724196
13.429999999999758,1.0130042660007883,-2.6211004134692646e-6,2.337369753410428,0.0936719477621756
13.439999999999758,1.0130042559404455,-2.616226266280574e-6,2.3373697202515555,0.09367192157548129
13.449999999999758,1.0130042458717492,-2.611280224130369e-6,2.337369687250152,0.09367189543788992
13.459999999999757,1.0130042357949631,-2.606264707109477e-6,2.3373696544123024,0.09367186935010838
13.469999999999757,1.0130042257103526,-2.6011821740835735e-6,2.3373696217439965,0.09367184331281916
13.479999999999757,1.013004215618182,-2.5960351205280235e-6,2.3373695892511237,0.09367181732667999
13.489999999999757,1.0130042055187156,-2.590826076954858e-6,2.3373695569394695,0.09367179139232343
13.499999999999757,1.013004195412217,-2.585557607036613e-6,2.3373695248147084,0.09367176551035655
13.509999999999756,1.0130041852989493,-2.580232305771353e-6,2.337369492882405,0.09367173968136072
13.519999999999756,1.0130041751791752,-2.5748527977029292e-6,2.337369461148009,0.09367171390589113
13.529999999999756,1.0130041650531565,-2.5694217350727403e-6,2.3373694296168575,0.09367168818447663
13.539999999999756,1.0130041549211533,-2.5639417964408312e-6,2.3373693982941566,0.09367166251761937
13.549999999999756,1.0130041447834255,-2.5584156840130533e-6,2.337369367184998,0.09367163690579462
13.559999999999755,1.0130041346402312,-2.5528461228038514e-6,2.3373693362943415,0.09367161134945051
13.569999999999755,1.013004124491827,-2.5472358578291947e-6,2.337369305627018,0.09367158584900784
13.579999999999755,1.013004114338469,-2.541587653015115e-6,2.3373692751877306,0.09367156040485981
13.589999999999755,1.01300410418041,-2.5359042894343843e-6,2.33736924498104,0.09367153501737199
13.599999999999755,1.0130040940179026,-2.5301885626648037e-6,2.3373692150113787,0.09367150968688193
13.609999999999754,1.0130040838511964,-2.524443281936125e-6,2.3373691852830323,0.09367148441369924
13.619999999999754,1.0130040736805395,-2.518671267902656e-6,2.3373691558001473,0.09367145919810538
13.629999999999754,1.0130040635061777,-2.5128753504409745e-6,2.3373691265667245,0.09367143404035357
13.639999999999754,1.0130040533283549,-2.5070583677266454e-6,2.3373690975866226,0.09367140894066857
13.649999999999753,1.0130040431473117,-2.501223163651349e-6,2.337369068863545,0.09367138389924691
13.659999999999753,1.0130040329632866,-2.495372586012523e-6,2.337369040401047,0.09367135891625655
13.669999999999753,1.0130040227765162,-2.489509484904424e-6,2.3373690122025383,0.09367133399183697
13.679999999999753,1.0130040125872337,-2.483636711364927e-6,2.337368984271267,0.09367130912609913
13.689999999999753,1.0130040023956692,-2.4777571152861936e-6,2.3373689566103257,0.09367128431912546
13.699999999999752,1.0130039922020502,-2.4718735433079586e-6,2.3373689292226483,0.09367125957097003
13.709999999999752,1.0130039820066012,-2.4659888367367725e-6,2.337368902111017,0.09367123488165836
13.719999999999752,1.013003971809543,-2.4601058311110685e-6,2.337368875278044,0.09367121025118763
13.729999999999752,1.0130039616110937,-2.4542273525340008e-6,2.3373688487261846,0.09367118567952662
13.739999999999752,1.0130039514114675,-2.4483562172955726e-6,2.337368822457731,0.09367116116661604
13.749999999999751,1.0130039412108753,-2.4424952297527314e-6,2.3373687964748058,0.09367113671236842
13.759999999999751,1.0130039310095245,-2.4366471800490234e-6,2.3373687707793698,0.09367111231666832
13.76999999999975,1.0130039208076187,-2.430814842905715e-6,2.337368745373218,0.09367108797937244
13.77999999999975,1.0130039106053583,-2.425000975579531e-6,2.337368720257976,0.0936710637003099
13.78999999999975,1.0130039004029383,-2.4192083164924494e-6,2.3373686954350963,0.09367103947928228
13.79999999999975,1.0130038902005514,-2.4134395827265754e-6,2.337368670905869,0.09367101531606384
13.80999999999975,1.0130038799983856,-2.4076974691334656e-6,2.3373686466714108,0.09367099121040186
13.81999999999975,1.0130038697966242,-2.401984645935349e-6,2.337368622732661,0.09367096716201681
13.82999999999975,1.0130038595954471,-2.3963037572470924e-6,2.3373685990903996,0.0936709431706025
13.83999999999975,1.0130038493950302,-2.3906574193466856e-6,2.337368575745223,0.09367091923582647
13.84999999999975,1.0130038391955432,-2.3850482187058006e-6,2.337368552697558,0.09367089535733034
13.859999999999749,1.0130038289971537,-2.3794787103588018e-6,2.337368529947661,0.09367087153472983
13.869999999999749,1.0130038188000234,-2.3739514165199546e-6,2.3373685074956123,0.09367084776761543
13.879999999999749,1.0130038086043096,-2.3684688248010194e-6,2.337368485341317,0.0936708240555525
13.889999999999748,1.0130037984101654,-2.3630333858871196e-6,2.3373684634845087,0.09367080039808177
13.899999999999748,1.0130037882177392,-2.357647512477114e-6,2.3373684419247494,0.09367077679471954
13.909999999999748,1.0130037780271741,-2.3523135777993525e-6,2.337368420661421,0.09367075324495834
13.919999999999748,1.0130037678386088,-2.3470339131472463e-6,2.337368399693734,0.09367072974826705
13.929999999999747,1.0130037576521769,-2.3418108066976237e-6,2.3373683790207234,0.09367070630409152
13.939999999999747,1.0130037474680076,-2.3366465018537324e-6,2.3373683586412537,0.09367068291185489
13.949999999999747,1.0130037372862248,-2.331543195156204e-6,2.3373683385540143,0.09367065957095815
13.959999999999747,1.0130037271069476,-2.3265030355172286e-6,2.33736831875752,0.09367063628078051
13.969999999999747,1.01300371693029,-2.3215281217357383e-6,2.3373682992501164,0.09367061304067996
13.979999999999746,1.0130037067563613,-2.3166205013571782e-6,2.3373682800299767,0.09367058984999374
13.989999999999746,1.0130036965852651,-2.311782169257474e-6,2.3373682610950968,0.09367056670803897
13.999999999999746,1.013003686417101,-2.307015065420184e-6,2.337368242443312,0.09367054361411291
14.009999999999746,1.0130036762519616,-2.3023210742275194e-6,2.3373682240722746,0.09367052056749395
14.019999999999746,1.0130036660899369,-2.297702021681744e-6,2.337368205979477,0.09367049756744165
14.029999999999745,1.01300365593111,-2.29315967488889e-6,2.3373681881622446,0.09367047461319783
14.039999999999745,1.0130036457755591,-2.2886957405020233e-6,2.3373681706177263,0.0936704517039868
14.049999999999745,1.013003635623358,-2.2843118623415253e-6,2.3373681533429136,0.09367042883901616
14.059999999999745,1.0130036254745745,-2.2800096213592807e-6,2.337368136334627,0.09367040601747743
14.069999999999744,1.013003615329272,-2.275790532461009e-6,2.337368119589525,0.09367038323854655
14.079999999999744,1.0130036051875084,-2.2716560441016156e-6,2.337368103104106,0.09367036050138473
14.089999999999744,1.0130035950493363,-2.2676075369798324e-6,2.3373680868747027,0.09367033780513903
14.099999999999744,1.0130035849148034,-2.263646321634309e-6,2.3373680708974898,0.09367031514894303
14.109999999999744,1.0130035747839528,-2.2597736379465906e-6,2.3373680551684863,0.09367029253191751
14.119999999999743,1.0130035646568212,-2.255990653948188e-6,2.3373680396835486,0.09367026995317129
14.129999999999743,1.0130035545334417,-2.252298462875754e-6,2.3373680244383874,0.09367024741180183
14.139999999999743,1.0130035444138419,-2.248698083880453e-6,2.337368009428554,0.09367022490689603
14.149999999999743,1.0130035342980444,-2.2451904598541437e-6,2.337367994649448,0.093670202437531
14.159999999999743,1.0130035241860667,-2.241776455723211e-6,2.3373679800963254,0.09367018000277474
14.169999999999742,1.0130035140779217,-2.238456858265885e-6,2.3373679657642907,0.09367015760168716
14.179999999999742,1.0130035039736172,-2.2352323736200123e-6,2.337367951648306,0.09367013523332053
14.189999999999742,1.0130034938731562,-2.232103626964633e-6,2.3373679377431906,0.09367011289672056
14.199999999999742,1.0130034837765372,-2.22907116128212e-6,2.337367924043623,0.09367009059092705
14.209999999999742,1.0130034736837543,-2.2261354357212503e-6,2.337367910544145,0.09367006831497485
14.219999999999741,1.0130034635947958,-2.2232968253719065e-6,2.3373678972391603,0.09367004606789459
14.229999999999741,1.0130034535096468,-2.2205556190072493e-6,2.3373678841229464,0.09367002384871363
14.23999999999974,1.0130034434282869,-2.217912019348836e-6,2.337367871189645,0.09367000165645684
14.24999999999974,1.0130034333506923,-2.2153661409452993e-6,2.3373678584332795,0.09366997949014744
14.25999999999974,1.0130034232768335,-2.2129180104742473e-6,2.3373678458477385,0.09366995734880813
14.26999999999974,1.013003413206678,-2.2105675645540965e-6,2.3373678334268,0.09366993523146161
14.27999999999974,1.0130034031401893,-2.2083146496375598e-6,2.337367821164121,0.0936699131371317
14.28999999999974,1.013003393077325,-2.206159021305449e-6,2.3373678090532417,0.09366989106484432
14.29999999999974,1.0130033830180405,-2.2041003430873264e-6,2.3373677970875963,0.09366986901362813
14.30999999999974,1.013003372962287,-2.202138185803426e-6,2.3373677852605104,0.09366984698251574
14.31999999999974,1.0130033629100115,-2.200272027393571e-6,2.3373677735652056,0.09366982497054445
14.329999999999739,1.0130033528611575,-2.198501251501747e-6,2.337367761994804,0.09366980297675724
14.339999999999739,1.013003342815665,-2.1968251479621737e-6,2.337367750542331,0.09366978100020382
14.349999999999739,1.0130033327734704,-2.1952429109781708e-6,2.3373677392007206,0.09366975903994137
14.359999999999738,1.0130033227345068,-2.1937536392998346e-6,2.337367727962816,0.09366973709503568
14.369999999999738,1.0130033126987041,-2.1923563361982912e-6,2.3373677168213836,0.09366971516456202
14.379999999999738,1.0130033026659893,-2.1910499087304224e-6,2.3373677057691036,0.09366969324760603
14.389999999999738,1.013003292636286,-2.1898331674586073e-6,2.3373676947985813,0.09366967134326488
14.399999999999737,1.0130032826095154,-2.1887048258283782e-6,2.3373676839023587,0.09366964945064801
14.409999999999737,1.0130032725855957,-2.1876635010454724e-6,2.3373676730728987,0.09366962756887828
14.419999999999737,1.0130032625644425,-2.186707712827355e-6,2.3373676623026105,0.09366960569709289
14.429999999999737,1.0130032525459698,-2.18583588393264e-6,2.3373676515838535,0.09366958383444415
14.439999999999737,1.0130032425300879,-2.1850463409988956e-6,2.33736764090892,0.09366956198010089
14.449999999999736,1.0130032325167062,-2.184337313082018e-6,2.3373676302700677,0.09366954013324895
14.459999999999736,1.0130032225057315,-2.183706932570623e-6,2.3373676196595037,0.09366951829309246
14.469999999999736,1.0130032124970685,-2.1831532354978754e-6,2.337367609069404,0.09366949645885471
14.479999999999736,1.0130032024906213,-2.1826741616953806e-6,2.337367598491914,0.09366947462977902
14.489999999999736,1.0130031924862917,-2.1822675554692745e-6,2.33736758791915,0.09366945280512992
14.499999999999735,1.01300318248398,-2.1819311659706757e-6,2.3373675773432105,0.09366943098419382
14.509999999999735,1.0130031724835857,-2.1816626474758054e-6,2.3373675667561757,0.09366940916628035
14.519999999999735,1.013003162485007,-2.1814595601477353e-6,2.337367556150117,0.09366938735072279
14.529999999999735,1.013003152488142,-2.1813193706010744e-6,2.337367545517108,0.09366936553687946
14.539999999999734,1.013003142492887,-2.1812394528655325e-6,2.337367534849219,0.09366934372413445
14.549999999999734,1.0130031324991384,-2.1812170892804996e-6,2.3373675241385303,0.09366932191189851
14.559999999999734,1.0130031225067921,-2.1812494716554353e-6,2.3373675133771386,0.09366930009961015
14.569999999999734,1.0130031125157442,-2.1813337012190117e-6,2.337367502557157,0.09366927828673628
14.579999999999734,1.0130031025258905,-2.181466791157669e-6,2.337367491670731,0.09366925647277327
14.589999999999733,1.0130030925371278,-2.1816456671242823e-6,2.337367480710039,0.0936692346572478
14.599999999999733,1.0130030825493515,-2.1818671686377126e-6,2.337367469667288,0.09366921283971781
14.609999999999733,1.013003072562459,-2.1821280497819125e-6,2.3373674585347426,0.09366919101977317
14.619999999999733,1.013003062576349,-2.1824249816507436e-6,2.337367447304719,0.09366916919703663
14.629999999999733,1.0130030525909195,-2.1827545534276596e-6,2.3373674359695853,0.09366914737116472
14.639999999999732,1.0130030426060712,-2.183113273999037e-6,2.337367424521783,0.09366912554184839
14.649999999999732,1.013003032621705,-2.1834975739463784e-6,2.3373674129538187,0.09366910370881396
14.659999999999732,1.0130030226377242,-2.183903806938696e-6,2.337367401258281,0.09366908187182378
14.669999999999732,1.0130030126540328,-2.184328251648955e-6,2.3373673894278397,0.0936690600306771
14.679999999999731,1.0130030026705383,-2.1847671136981176e-6,2.337367377455266,0.0936690381852107
14.689999999999731,1.0130029926871489,-2.185216528383772e-6,2.3373673653334217,0.09366901633529968
14.699999999999731,1.0130029827037756,-2.1856725621507794e-6,2.337367353055278,0.09366899448085808
14.70999999999973,1.0130029727203325,-2.186131215035078e-6,2.337367340613917,0.09366897262183971
14.71999999999973,1.0130029627367354,-2.1865884228537623e-6,2.337367328002541,0.0936689507582386
14.72999999999973,1.0130029527529039,-2.1870400597800095e-6,2.33736731521448,0.09366892889008982
14.73999999999973,1.0130029427687601,-2.1874819407219308e-6,2.3373673022431936,0.09366890701746994
14.74999999999973,1.0130029327842298,-2.1879098241048096e-6,2.3373672890822865,0.09366888514049769
14.75999999999973,1.013002922799242,-2.1883194144355365e-6,2.3373672757255033,0.09366886325933445
14.76999999999973,1.0130029128137303,-2.1887063646509445e-6,2.337367262166751,0.09366884137418485
14.77999999999973,1.0130029028276308,-2.1890662798269368e-6,2.3373672484000885,0.09366881948529722
14.78999999999973,1.013002892840884,-2.189394719075183e-6,2.3373672344197414,0.09366879759296416
14.799999999999729,1.0130028828534356,-2.1896871986755722e-6,2.3373672202201203,0.09366877569752272
14.809999999999729,1.0130028728652352,-2.1899391961228853e-6,2.3373672057958044,0.09366875379935509
14.819999999999729,1.0130028628762366,-2.190146152178118e-6,2.337367191141564,0.09366873189888891
14.829999999999728,1.0130028528863992,-2.190303474358717e-6,2.337367176252364,0.09366870999659752
14.839999999999728,1.0130028428956874,-2.1904065403046755e-6,2.3373671611233737,0.09366868809300029
14.849999999999728,1.0130028329040703,-2.1904507018210454e-6,2.3373671457499614,0.09366866618866304
14.859999999999728,1.0130028229115227,-2.1904312870036006e-6,2.337367130127708,0.09366864428419817
14.869999999999727,1.0130028129180253,-2.1903436043825034e-6,2.337367114252423,0.09366862238026485
14.879999999999727,1.0130028029235636,-2.1901829465827387e-6,2.337367098120131,0.09366860047756935
14.889999999999727,1.0130027929281304,-2.1899445938805037e-6,2.3373670817270944,0.09366857857686493
14.899999999999727,1.0130027829317236,-2.189623817478079e-6,2.3373670650698104,0.0936685566789522
14.909999999999727,1.0130027729343474,-2.1892158836528954e-6,2.337367048145017,0.0936685347846791
14.919999999999726,1.013002762936013,-2.18871605724355e-6,2.3373670309497037,0.09366851289494084
14.929999999999726,1.0130027529367382,-2.1881196058094354e-6,2.3373670134811175,0.09366849101068
14.939999999999726,1.0130027429365465,-2.18742180326034e-6,2.337366995736757,0.09366846913288654
14.949999999999726,1.0130027329354698,-2.1866179330059785e-6,2.337366977714391,0.0936684472625975
14.959999999999726,1.0130027229335459,-2.1857032938320685e-6,2.337366959412057,0.09366842540089712
14.969999999999725,1.0130027129308208,-2.1846732018223162e-6,2.33736694082807,0.09366840354891649
14.979999999999725,1.0130027029273472,-2.1835229959305195e-6,2.337366921961019,0.09366838170783348
14.989999999999725,1.0130026929231852,-2.1822480410298377e-6,2.3373669028097814,0.09366835987887243
14.999999999999725,1.0130026829184033,-2.1808437320920926e-6,2.337366883373521,0.09366833806330387
15.009999999999724,1.0130026729130772,-2.179305498953684e-6,2.337366863651696,0.09366831626244422
15.019999999999724,1.013002662907291,-2.177628809919686e-6,2.3373668436440624,0.09366829447765539
15.029999999999724,1.0130026529011353,-2.1758091760772636e-6,2.3373668233506697,0.09366827271034449
15.039999999999724,1.013002642894711,-2.1738421545876927e-6,2.337366802771878,0.0936682509619632
15.049999999999724,1.013002632888126,-2.1717233545062124e-6,2.337366781908355,0.09366822923400733
15.059999999999723,1.013002622881497,-2.1694484394763074e-6,2.3373667607610744,0.09366820752801648
15.069999999999723,1.0130026128749483,-2.167013132808733e-6,2.3373667393313227,0.09366818584557318
15.079999999999723,1.0130026028686139,-2.1644132203717573e-6,2.3373667176207054,0.0936681641883025
15.089999999999723,1.0130025928626358,-2.161644556351518e-6,2.3373666956311427,0.09366814255787131
15.099999999999723,1.013002582857165,-2.158703066136098e-6,2.33736667336488,0.09366812095598748
15.109999999999722,1.013002572852361,-2.155584751155446e-6,2.3373666508244804,0.09366809938439939
15.119999999999722,1.0130025628483923,-2.152285692394962e-6,2.3373666280128256,0.09366807784489493
15.129999999999722,1.013002552845436,-2.1488020545929744e-6,2.33736660493313,0.09366805633930081
15.139999999999722,1.0130025428436789,-2.145130090541002e-6,2.3373665815889306,0.09366803486948161
15.149999999999721,1.0130025328433163,-2.1412661443674727e-6,2.337366557984093,0.09366801343733895
15.159999999999721,1.0130025228445532,-2.137206656785279e-6,2.3373665341228054,0.09366799204481054
15.169999999999721,1.0130025128476023,-2.1329481678209984e-6,2.3373665100095846,0.09366797069386919
15.17999999999972,1.0130025028526872,-2.1284873209450683e-6,2.337366485649273,0.09366794938652175
15.18999999999972,1.0130024928600398,-2.1238208670466333e-6,2.337366461047043,0.09366792812480812
15.19999999999972,1.0130024828699007,-2.118945667934861e-6,2.3373664362083875,0.09366790691080024
15.20999999999972,1.0130024728825209,-2.1138587001292055e-6,2.3373664111391315,0.09366788574660069
15.21999999999972,1.0130024628981595,-2.1085570589893467e-6,2.3373663858454115,0.09366786463434183
15.22999999999972,1.0130024529170856,-2.103037961133412e-6,2.3373663603336947,0.09366784357618439
15.23999999999972,1.0130024429395768,-2.097298748883344e-6,2.3373663346107616,0.09366782257431634
15.24999999999972,1.01300243296592,-2.091336892824719e-6,2.3373663086837135,0.09366780163095158
15.25999999999972,1.0130024229964119,-2.085149995695348e-6,2.3373662825599686,0.09366778074832863
15.269999999999719,1.0130024130313573,-2.0787357957348685e-6,2.33736625624725,0.09366775992870935
15.279999999999719,1.013002403071071,-2.0720921692849143e-6,2.3373662297535938,0.09366773917437748
15.289999999999718,1.013002393115876,-2.0652171341684624e-6,2.3373662030873414,0.09366771848763734
15.299999999999718,1.013002383166105,-2.0581088524281893e-6,2.3373661762571296,0.0936676978708123
15.309999999999718,1.0130023732220987,-2.0507656333496316e-6,2.3373661492718982,0.09366767732624343
15.319999999999718,1.0130023632842073,-2.0431859358456575e-6,2.3373661221408777,0.09366765685628792
15.329999999999718,1.0130023533527899,-2.035368371731814e-6,2.3373660948735844,0.09366763646331762
15.339999999999717,1.0130023434282132,-2.0273117074642895e-6,2.33736606747982,0.0936676161497175
15.349999999999717,1.0130023335108536,-2.01901486705089e-6,2.3373660399696594,0.09366759591788408
15.359999999999717,1.013002323601095,-2.01047693388633e-6,2.3373660123534523,0.09366757577022382
15.369999999999717,1.0130023136993298,-2.0016971531138925e-6,2.337365984641808,0.09366755570915161
15.379999999999717,1.0130023038059597,-1.9926749335070314e-6,2.337365956845606,0.09366753573708896
15.389999999999716,1.0130022939213932,-1.983409850002109e-6,2.3373659289759723,0.09366751585646252
15.399999999999716,1.0130022840460473,-1.973901645207851e-6,2.3373659010442784,0.09366749606970239
15.409999999999716,1.0130022741803466,-1.9641502301871874e-6,2.337365873062135,0.09366747637924035
15.419999999999716,1.0130022643247236,-1.9541556868494295e-6,2.337365845041383,0.09366745678750822
15.429999999999715,1.0130022544796176,-1.9439182690347684e-6,2.337365816994087,0.0936674372969362
15.439999999999715,1.0130022446454767,-1.9334384034420327e-6,2.3373657889325363,0.093667417909951
15.449999999999715,1.0130022348227545,-1.922716691918026e-6,2.337365760869215,0.09366739862897427
15.459999999999715,1.0130022250119128,-1.9117539107182564e-6,2.3373657328168136,0.09366737945642073
15.469999999999715,1.0130022152134197,-1.9005510120725029e-6,2.337365704788214,0.09366736039469645
15.479999999999714,1.0130022054277494,-1.889109125031331e-6,2.3373656767964768,0.09366734144619714
15.489999999999714,1.0130021956553834,-1.8774295557078938e-6,2.337365648854836,0.09366732261330622
15.499999999999714,1.0130021858968092,-1.865513787663305e-6,2.3373656209766933,0.09366730389839335
15.509999999999714,1.01300217615252,-1.8533634824265292e-6,2.3373655931755986,0.09366728530381228
15.519999999999714,1.013002166423015,-1.8409804787528678e-6,2.3373655654652494,0.09366726683189938
15.529999999999713,1.013002156708799,-1.8283667933432134e-6,2.3373655378594775,0.09366724848497167
15.539999999999713,1.0130021470103816,-1.8155246204784743e-6,2.3373655103722393,0.09366723026532517
15.549999999999713,1.0130021373282783,-1.8024563312394835e-6,2.3373654830176047,0.09366721217523304
15.559999999999713,1.0130021276630088,-1.7891644732969898e-6,2.337365455809745,0.09366719421694382
15.569999999999713,1.0130021180150983,-1.7756517702426698e-6,2.337365428762932,0.0936671763926797
15.579999999999712,1.0130021083850744,-1.7619211206181591e-6,2.337365401891508,0.09366715870463489
15.589999999999712,1.013002098773471,-1.747975596520356e-6,2.3373653752098984,0.09366714115497357
15.599999999999712,1.0130020891808242,-1.7338184431880556e-6,2.3373653487325825,0.09366712374582839
15.609999999999712,1.0130020796076744,-1.7194530771611573e-6,2.3373653224740893,0.09366710647929877
15.619999999999711,1.0130020700545652,-1.7048830849789166e-6,2.3373652964489913,0.09366708935744898
15.629999999999711,1.0130020605220433,-1.6901122219486444e-6,2.3373652706718833,0.09366707238230665
15.639999999999711,1.0130020510106579,-1.6751444104799496e-6,2.337365245157377,0.09366705555586105
15.64999999999971,1.01300204152096,-1.6599837373641576e-6,2.3373652199200885,0.09366703888006135
15.65999999999971,1.0130020320535038,-1.6446344525807712e-6,2.3373651949746286,0.09366702235681504
15.66999999999971,1.0130020226088448,-1.629100966671928e-6,2.337365170335587,0.09366700598798633
15.67999999999971,1.0130020131875397,-1.6133878490422313e-6,2.3373651460175235,0.0936669897753945
15.68999999999971,1.0130020037901468,-1.5974998246398982e-6,2.337365122034956,0.0936669737208124
15.69999999999971,1.0130019944172255,-1.5814417724236134e-6,2.337365098402352,0.09366695782596479
15.70999999999971,1.013001985069335,-1.5652187217081338e-6,2.337365075134109,0.09366694209252698
15.71999999999971,1.0130019757470357,-1.548835850241203e-6,2.3373650522445555,0.09366692652212313
15.729999999999709,1.0130019664508874,-1.5322984811881017e-6,2.3373650297479234,0.09366691111632497
15.739999999999709,1.0130019571814493,-1.5156120790922879e-6,2.3373650076583505,0.09366689587665028
15.749999999999709,1.0130019479392804,-1.498782247606669e-6,2.3373649859898644,0.0936668808045615
15.759999999999708,1.0130019387249387,-1.4818147261908052e-6,2.337364964756367,0.09366686590146431
15.769999999999708,1.0130019295389805,-1.4647153865109576e-6,2.337364943971629,0.09366685116870639
15.779999999999708,1.0130019203819607,-1.4474902288577416e-6,2.337364923649273,0.09366683660757599
15.789999999999708,1.013001911254432,-1.430145378513745e-6,2.3373649038027717,0.09366682221930078
15.799999999999708,1.0130019021569443,-1.4126870824676706e-6,2.337364884445422,0.09366680800504659
15.809999999999707,1.0130018930900462,-1.3951217047125046e-6,2.337364865590353,0.09366679396591608
15.819999999999707,1.0130018840542818,-1.377455723619613e-6,2.3373648472504946,0.09366678010294784
15.829999999999707,1.0130018750501928,-1.3596957265410347e-6,2.3373648294385863,0.09366676641711502
15.839999999999707,1.013001866078317,-1.34184840709074e-6,2.337364812167151,0.0936667529093244
15.849999999999707,1.0130018571391883,-1.323920559796437e-6,2.3373647954484973,0.09366673958041528
15.859999999999706,1.0130018482333358,-1.3059190770138868e-6,2.3373647792946968,0.09366672643115859
15.869999999999706,1.013001839361284,-1.2878509435339454e-6,2.3373647637175825,0.09366671346225589
15.879999999999706,1.013001830523553,-1.269723232607043e-6,2.337364748728739,0.09366670067433833
15.889999999999706,1.013001821720657,-1.2515431015881074e-6,2.3373647343394848,0.09366668806796599
15.899999999999705,1.0130018129531042,-1.2333177870853989e-6,2.3373647205608763,0.09366667564362695
15.909999999999705,1.0130018042213984,-1.2150546007727158e-6,2.3373647074036876,0.09366666340173653
15.919999999999705,1.0130017955260353,-1.1967609251595437e-6,2.337364694878406,0.09366665134263659
15.929999999999705,1.013001786867505,-1.1784442082134977e-6,2.3373646829952195,0.09366663946659484
15.939999999999705,1.0130017782462901,-1.1601119588365438e-6,2.3373646717640106,0.09366662777380418
15.949999999999704,1.0130017696628661,-1.1417717421407316e-6,2.3373646611943495,0.0936666162643822
15.959999999999704,1.013001761117701,-1.1234311743961725e-6,2.3373646512954864,0.09366660493837049
15.969999999999704,1.0130017526112545,-1.1050979187064082e-6,2.3373646420763365,0.0936665937957343
15.979999999999704,1.0130017441439783,-1.0867796797001655e-6,2.3373646335454805,0.09366658283636205
15.989999999999704,1.013001735716316,-1.0684841993055095e-6,2.3373646257111558,0.09366657206006482
15.999999999999703,1.013001727328701,-1.0502192508842455e-6,2.337364618581243,0.09366656146657627
16.009999999999703,1.0130017189815597,-1.0319926347733284e-6,2.3373646121632725,0.09366655105555205
16.019999999999705,1.0130017106753069,-1.0138121740530146e-6,2.337364606464401,0.09366654082656975
16.029999999999706,1.0130017024103488,-9.95685708693049e-7,2.337364601491417,0.09366653077912859
16.039999999999708,1.0130016941870819,-9.77621091021484e-7,2.337364597250737,0.09366652091264936
16.04999999999971,1.0130016860058908,-9.596261812411565e-7,2.3373645937483807,0.09366651122647437
16.05999999999971,1.0130016778671511,-9.417088408316776e-7,2.3373645909899956,0.09366650171986719
16.069999999999713,1.013001669771227,-9.238769300757752e-7,2.337364588980827,0.09366649239201279
16.079999999999714,1.0130016617184712,-9.061383015385088e-7,2.337364587725723,0.09366648324201764
16.089999999999716,1.013001653709225,-8.885007954808561e-7,2.337364587229128,0.09366647426890971
16.099999999999717,1.0130016457438187,-8.709722350140742e-7,2.3373645874950837,0.09366646547163861
16.10999999999972,1.0130016378225704,-8.535604216391472e-7,2.337364588527218,0.09366645684907585
16.11999999999972,1.013001629945785,-8.362731303987773e-7,2.337364590328744,0.09366644840001509
16.129999999999722,1.0130016221137566,-8.191181046694219e-7,2.337364592902463,0.09366644012317238
16.139999999999723,1.0130016143267653,-8.021030520119244e-7,2.3373645962507474,0.09366643201718648
16.149999999999725,1.0130016065850798,-7.852356390294008e-7,2.337364600375558,0.09366642408061923
16.159999999999727,1.013001598888954,-7.685234874841792e-7,2.3373646052784207,0.09366641631195613
16.169999999999728,1.0130015912386297,-7.519741685988652e-7,2.3373646109604387,0.09366640870960667
16.17999999999973,1.0130015836343342,-7.355951992477713e-7,2.3373646174222826,0.09366640127190491
16.18999999999973,1.0130015760762818,-7.193940373237993e-7,2.337364624664202,0.09366639399710998
16.199999999999733,1.0130015685646725,-7.033780775251151e-7,2.3373646326860023,0.09366638688340681
16.209999999999734,1.0130015610996923,-6.87554646371325e-7,2.337364641487068,0.09366637992890667
16.219999999999736,1.013001553681513,-6.719309986099389e-7,2.337364651066347,0.0936663731316479
16.229999999999738,1.013001546310291,-6.56514312621148e-7,2.3373646614223524,0.09366636648959675
16.23999999999974,1.0130015389861695,-6.413116860144039e-7,2.3373646725531687,0.09366636000064807
16.24999999999974,1.0130015317092755,-6.263301317716058e-7,2.3373646844564457,0.09366635366262606
16.259999999999742,1.0130015244797221,-6.115765744833321e-7,2.3373646971294053,0.09366634747328535
16.269999999999744,1.0130015172976063,-5.97057845966532e-7,2.3373647105688344,0.09366634143031174
16.279999999999745,1.0130015101630103,-5.827806812366253e-7,2.337364724771093,0.0936663355313232
16.289999999999747,1.0130015030760016,-5.687517150737023e-7,2.337364739732121,0.09366632977387078
16.29999999999975,1.013001496036631,-5.549774787207806e-7,2.33736475544742,0.09366632415543977
16.30999999999975,1.0130014890449337,-5.414643952035281e-7,2.337364771912079,0.09366631867345068
16.31999999999975,1.0130014821009306,-5.282187762100941e-7,2.3373647891207594,0.0936663133252603
16.329999999999753,1.0130014752046252,-5.152468188694354e-7,2.337364807067709,0.09366630810816291
16.339999999999755,1.0130014683560054,-5.02554602000987e-7,2.3373648257467563,0.09366630301939144
16.349999999999756,1.013001461555044,-4.901480827365064e-7,2.337364845151321,0.09366629805611851
16.359999999999758,1.0130014548016961,-4.780330939050984e-7,2.3373648652744112,0.09366629321545798
16.36999999999976,1.0130014480959026,-4.6621533956872167e-7,2.3373648861086327,0.09366628849446584
16.37999999999976,1.0130014414375863,-4.5470039333275585e-7,2.3373649076461867,0.0936662838901418
16.389999999999763,1.0130014348266547,-4.4349369476910895e-7,2.3373649298788792,0.09366627939943047
16.399999999999764,1.0130014282629993,-4.3260054629550223e-7,2.3373649527981253,0.09366627501922271
16.409999999999766,1.0130014217464942,-4.220261107895693e-7,2.3373649763949467,0.09366627074635712
16.419999999999767,1.0130014152769986,-4.1177540850007837e-7,2.3373650006599886,0.09366626657762137
16.42999999999977,1.0130014088543535,-4.0185331507869304e-7,2.337365025583512,0.09366626250975357
16.43999999999977,1.0130014024783855,-3.9226455839184963e-7,2.337365051155408,0.09366625853944391
16.449999999999772,1.0130013961489033,-3.8301371641110767e-7,2.3373650773652,0.093666254663336
16.459999999999773,1.0130013898657002,-3.7410521467689877e-7,2.337365104202047,0.0936662508780284
16.469999999999775,1.0130013836285523,-3.655433243602593e-7,2.33736513165475,0.0936662471800763
16.479999999999777,1.01300137743722,-3.573321594231621e-7,2.3373651597117635,0.09366624356599279
16.489999999999778,1.013001371291447,-3.494756754232254e-7,2.3373651883611934,0.09366624003225078
16.49999999999978,1.0130013651909608,-3.4197766638233394e-7,2.3373652175908095,0.09366623657528436
16.50999999999978,1.0130013591354734,-3.3484176390367075e-7,2.3373652473880484,0.09366623319149044
16.519999999999783,1.0130013531246795,-3.2807143504691643e-7,2.3373652777400236,0.09366622987723053
16.529999999999784,1.0130013471582588,-3.2166998025753886e-7,2.337365308633526,0.0936662266288322
16.539999999999786,1.0130013412358747,-3.1564053229965925e-7,2.3373653400550394,0.0936662234425909
16.549999999999788,1.0130013353571747,-3.099860548518807e-7,2.337365371990739,0.09366622031477165
16.55999999999979,1.01300132952179,-3.047093402453913e-7,2.3373654044265044,0.09366621724161057
16.56999999999979,1.0130013237293365,-2.9981300835015933e-7,2.3373654373479202,0.09366621421931688
16.579999999999792,1.0130013179794146,-2.9529950530306946e-7,2.3373654707402935,0.0936662112440743
16.589999999999794,1.013001312271609,-2.9117110280660354e-7,2.3373655045886497,0.09366620831204309
16.599999999999795,1.0130013066054895,-2.8742989595636544e-7,2.3373655388777514,0.09366620541936155
16.609999999999797,1.0130013009806098,-2.8407780359037763e-7,2.337365573592093,0.09366620256214807
16.6199999999998,1.013001295396509,-2.8111656568885997e-7,2.3373656087159214,0.09366619973650264
16.6299999999998,1.013001289852712,-2.785477437178574e-7,2.33736564423324,0.09366619693850871
16.6399999999998,1.0130012843487282,-2.7637271961384355e-7,2.3373656801278058,0.09366619416423506
16.649999999999803,1.0130012788840514,-2.745926946641412e-7,2.337365716383152,0.0936661914097376
16.659999999999805,1.013001273458163,-2.7320868906618695e-7,2.337365752982593,0.09366618867106105
16.669999999999806,1.013001268070529,-2.7222154137196426e-7,2.3373657899092213,0.09366618594424092
16.679999999999808,1.0130012627206009,-2.7163190774338765e-7,2.3373658271459288,0.09366618322530515
16.68999999999981,1.0130012574078173,-2.714402618356719e-7,2.3373658646754114,0.09366618051027613
16.69999999999981,1.0130012521316027,-2.716468945482944e-7,2.337365902480174,0.0936661777951723
16.709999999999813,1.0130012468913683,-2.722519134402138e-7,2.337365940542539,0.09366617507601026
16.719999999999814,1.013001241686512,-2.73255242819208e-7,2.3373659788446592,0.0936661723488063
16.729999999999816,1.0130012365164183,-2.746566231472226e-7,2.337366017368519,0.0936661696095785
16.739999999999817,1.0130012313804588,-2.764556110534972e-7,2.33736605609595,0.09366616685434845
16.74999999999982,1.013001226277994,-2.786515797020493e-7,2.3373660950086363,0.093666164079143
16.75999999999982,1.0130012212083699,-2.81243718840153e-7,2.3373661340881178,0.09366616127999625
16.769999999999822,1.013001216170922,-2.8423103427563086e-7,2.337366173315814,0.0936661584529513
16.779999999999824,1.0130012111649735,-2.876123491562996e-7,2.3373662126730075,0.09366615559406219
16.789999999999825,1.0130012061898361,-2.913863028798579e-7,2.337366252140881,0.0936661526993955
16.799999999999827,1.0130012012448104,-2.9555135266755985e-7,2.3373662917005054,0.09366614976503246
16.809999999999828,1.0130011963291854,-3.0010577329104944e-7,2.337366331332854,0.09366614678707053
16.81999999999983,1.0130011914422399,-3.050476579550129e-7,2.337366371018812,0.09366614376162542
16.82999999999983,1.013001186583242,-3.1037491817884576e-7,2.3373664107391847,0.09366614068483277
16.839999999999833,1.0130011817514502,-3.1608528484881453e-7,2.33736645047471,0.09366613755285001
16.849999999999834,1.013001176946112,-3.2217630869239575e-7,2.337366490206056,0.0936661343618582
16.859999999999836,1.013001172166467,-3.2864536108170493e-7,2.33736652991384,0.09366613110806368
16.869999999999838,1.0130011674117434,-3.354896349737454e-7,2.337366569578634,0.09366612778770017
16.87999999999984,1.0130011626811621,-3.4270614474941094e-7,2.337366609180967,0.09366612439703019
16.88999999999984,1.0130011579739355,-3.50291727934243e-7,2.337366648701346,0.09366612093234702
16.899999999999842,1.0130011532892669,-3.582430464872864e-7,2.3373666881202557,0.09366611738997649
16.909999999999844,1.013001148626352,-3.665565870189996e-7,2.337366727418165,0.09366611376627865
16.919999999999845,1.0130011439843785,-3.7522866215994054e-7,2.33736676657554,0.09366611005764962
16.929999999999847,1.0130011393625276,-3.8425541165260834e-7,2.3373668055728554,0.09366610626052314
16.93999999999985,1.0130011347599726,-3.9363280325921507e-7,2.3373668443905937,0.09366610237137254
16.94999999999985,1.013001130175881,-4.0335663450351053e-7,2.337366883009261,0.09366609838671226
16.95999999999985,1.0130011256094134,-4.1342253314437934e-7,2.33736692140939,0.0936660943030996
16.969999999999853,1.0130011210597252,-4.2382595918545983e-7,2.33736695957156,0.09366609011713649
16.979999999999855,1.013001116525966,-4.345622062172982e-7,2.337366997476388,0.093666085825471
16.989999999999856,1.0130011120072804,-4.4562640288441704e-7,2.337367035104553,0.09366608142479914
16.999999999999858,1.013001107502807,-4.570135139373268e-7,2.3373670724367845,0.09366607691186656
17.00999999999986,1.0130011030116817,-4.687183416004207e-7,2.3373671094538966,0.0936660722834698
17.01999999999986,1.0130010985330353,-4.807355281531215e-7,2.3373671461367773,0.0936660675364585
17.029999999999863,1.0130010940659955,-4.930595570914661e-7,2.3373671824664046,0.09366606266773642
17.039999999999864,1.0130010896096862,-5.056847546759732e-7,2.3373672184238488,0.09366605767426343
17.049999999999866,1.0130010851632287,-5.186052919296968e-7,2.3373672539902866,0.09366605255305682
17.059999999999867,1.0130010807257417,-5.31815186775052e-7,2.3373672891470094,0.09366604730119305
17.06999999999987,1.0130010762963417,-5.453083052627757e-7,2.337367323875427,0.09366604191580902
17.07999999999987,1.0130010718741438,-5.590783640366772e-7,2.337367358157073,0.0936660363941038
17.089999999999872,1.013001067458261,-5.73118932196012e-7,2.337367391973626,0.09366603073334004
17.099999999999874,1.013001063047806,-5.874234329927777e-7,2.337367425306904,0.09366602493084539
17.109999999999875,1.0130010586418907,-6.019851469529094e-7,2.3373674581388815,0.093666018984014
17.119999999999877,1.013001054239627,-6.167972134206308e-7,2.3373674904516926,0.09366601289030793
17.129999999999878,1.0130010498401267,-6.3185263262651e-7,2.337367522227639,0.09366600664725855
17.13999999999988,1.0130010454425031,-6.471442685388293e-7,2.3373675534492033,0.09366600025246785
17.14999999999988,1.0130010410458692,-6.626648512233479e-7,2.3373675840990464,0.09366599370360999
17.159999999999883,1.0130010366493403,-6.78406978479306e-7,2.337367614160028,0.09366598699843237
17.169999999999884,1.0130010322520335,-6.943631192182161e-7,2.3373676436152073,0.09366598013475708
17.179999999999886,1.0130010278530683,-7.10525615816973e-7,2.337367672447854,0.09366597311048214
17.189999999999888,1.0130010234515672,-7.268866871598955e-7,2.3373677006414533,0.0936659659235828
17.19999999999989,1.013001019046654,-7.434384310322611e-7,2.337367728179711,0.09366595857211278
17.20999999999989,1.0130010146374584,-7.601728260155359e-7,2.337367755046573,0.09366595105420533
17.219999999999892,1.0130010102231122,-7.77081735920167e-7,2.3373677812262192,0.09366594336807454
17.229999999999894,1.0130010058027525,-7.941569112985731e-7,2.337367806703079,0.09366593551201641
17.239999999999895,1.0130010013755206,-8.113899932178886e-7,2.3373678314618394,0.09366592748440998
17.249999999999897,1.0130009969405638,-8.287725165491241e-7,2.337367855487454,0.09366591928371841
17.2599999999999,1.0130009924970336,-8.462959125954809e-7,2.3373678787651424,0.09366591090849004
17.2699999999999,1.0130009880440887,-8.639515124604617e-7,2.3373679012804027,0.09366590235735942
17.2799999999999,1.0130009835808933,-8.817305500964035e-7,2.3373679230190234,0.09366589362904831
17.289999999999903,1.013000979106619,-8.996241657137468e-7,2.3373679439670862,0.09366588472236649
17.299999999999905,1.013000974620444,-9.176234094098286e-7,2.3373679641109764,0.09366587563621287
17.309999999999906,1.0130009701215543,-9.357192446115204e-7,2.337367983437383,0.0936658663695763
17.319999999999908,1.013000965609144,-9.539025514655373e-7,2.3373680019333154,0.09366585692153641
17.32999999999991,1.013000961082416,-9.721641301769514e-7,2.3373680195861097,0.09366584729126437
17.33999999999991,1.013000956540581,-9.90494705759928e-7,2.3373680363834306,0.09366583747802379
17.349999999999913,1.0130009519828593,-1.008884930520866e-6,2.3373680523132805,0.0936658274811714
17.359999999999914,1.0130009474084807,-1.0273253883588005e-6,2.33736806736401,0.09366581730015776
17.369999999999916,1.0130009428166853,-1.0458065991502403e-6,2.337368081524322,0.09366580693452782
17.379999999999917,1.0130009382067233,-1.0643190218535246e-6,2.3373680947832853,0.09366579638392172
17.38999999999992,1.0130009335778558,-1.082853059769388e-6,2.3373681071303283,0.0936657856480753
17.39999999999992,1.013000928929355,-1.1013990637036813e-6,2.337368118555262,0.09366577472682062
17.409999999999922,1.0130009242605038,-1.1199473362199144e-6,2.3373681290482717,0.09366576362008648
17.419999999999924,1.0130009195705982,-1.1384881359519215e-6,2.337368138599937,0.09366575232789881
17.429999999999925,1.0130009148589456,-1.1570116827531327e-6,2.33736814720123,0.09366574085038125
17.439999999999927,1.0130009101248663,-1.175508160616624e-6,2.337368154843525,0.09366572918775538
17.44999999999993,1.0130009053676934,-1.193967723381286e-6,2.3373681615186057,0.09366571734034111
17.45999999999993,1.0130009005867735,-1.2123804984976257e-6,2.337368167218672,0.09366570530855693
17.46999999999993,1.0130008957814671,-1.2307365919896218e-6,2.337368171936345,0.09366569309292011
17.479999999999933,1.013000890951148,-1.2490260935351566e-6,2.3373681756646723,0.09366568069404706
17.489999999999934,1.0130008860952056,-1.267239080382505e-6,2.3373681783971407,0.09366566811265331
17.499999999999936,1.0130008812130427,-1.2853656227258217e-6,2.337368180127674,0.09366565534955361
17.509999999999938,1.0130008763040774,-1.3033957884701402e-6,2.33736818085064,0.09366564240566214
17.51999999999994,1.0130008713677445,-1.3213196477908886e-6,2.3373681805608664,0.09366562928199222
17.52999999999994,1.013000866403493,-1.3391272787307902e-6,2.33736817925363,0.09366561597965659
17.539999999999942,1.0130008614107882,-1.3568087716564315e-6,2.337368176924677,0.09366560249986709
17.549999999999944,1.013000856389112,-1.3743542343922253e-6,2.3373681735702196,0.09366558884393457
17.559999999999945,1.0130008513379627,-1.3917537975559388e-6,2.337368169186949,0.09366557501326875
17.569999999999947,1.0130008462568563,-1.4089976198521928e-6,2.3373681637720347,0.09366556100937778
17.57999999999995,1.0130008411453246,-1.4260758933368285e-6,2.337368157323124,0.09366554683386821
17.58999999999995,1.0130008360029188,-1.4429788480473031e-6,2.337368149838368,0.09366553248844432
17.59999999999995,1.0130008308292058,-1.4596967588141072e-6,2.337368141316396,0.09366551797490805
17.609999999999953,1.0130008256237721,-1.4762199486699936e-6,2.337368131756348,0.09366550329515821
17.619999999999955,1.0130008203862215,-1.4925387956078945e-6,2.337368121157858,0.09366548845119022
17.629999999999956,1.0130008151161771,-1.5086437375482385e-6,2.337368109521077,0.09366547344509532
17.639999999999958,1.0130008098132806,-1.5245252783636683e-6,2.3373680968466584,0.09366545827906014
17.64999999999996,1.0130008044771923,-1.5401739924674127e-6,2.337368083135774,0.09366544295536587
17.65999999999996,1.0130007991075924,-1.5555805312023036e-6,2.337368068390115,0.09366542747638756
17.669999999999963,1.01300079370418,-1.5707356280193652e-6,2.3373680526118883,0.09366541184459344
17.679999999999964,1.013000788266675,-1.5856301037137503e-6,2.3373680358038365,0.09366539606254379
17.689999999999966,1.0130007827948158,-1.6002548731517064e-6,2.337368017969219,0.0936653801328904
17.699999999999967,1.0130007772883616,-1.614600949583225e-6,2.3373679991118284,0.09366536405837532
17.70999999999997,1.0130007717470917,-1.628659451194175e-6,2.3373679792359887,0.09366534784182999
17.71999999999997,1.013000766170806,-1.64242160596267e-6,2.337367958346559,0.09366533148617412
17.729999999999972,1.0130007605593252,-1.6558787576021028e-6,2.3373679364489357,0.09366531499441455
17.739999999999974,1.01300075491249,-1.6690223720288704e-6,2.337367913549051,0.09366529836964413
17.749999999999975,1.0130007492301631,-1.681844041085027e-6,2.3373678896533754,0.0936652816150403
17.759999999999977,1.0130007435122275,-1.6943354904136911e-6,2.3373678647689218,0.09366526473386405
17.76999999999998,1.0130007377585875,-1.706488583217046e-6,2.337367838903239,0.09366524772945836
17.77999999999998,1.0130007319691685,-1.7182953266843492e-6,2.3373678120644192,0.09366523060524691
17.78999999999998,1.0130007261439182,-1.7297478772084475e-6,2.3373677842610974,0.09366521336473249
17.799999999999983,1.0130007202828049,-1.7408385465683424e-6,2.337367755502446,0.09366519601149562
17.809999999999985,1.0130007143858186,-1.7515598067725345e-6,2.33736772579818,0.0936651785491929
17.819999999999986,1.0130007084529706,-1.7619042957090716e-6,2.337367695158548,0.09366516098155539
17.829999999999988,1.0130007024842949,-1.7718648221038647e-6,2.337367663594344,0.0936651433123869
17.83999999999999,1.0130006964798461,-1.7814343717801678e-6,2.337367631116893,0.09366512554556222
17.84999999999999,1.0130006904397015,-1.7906061123621671e-6,2.337367597738056,0.09366510768502549
17.859999999999992,1.0130006843639596,-1.7993733986522587e-6,2.3373675634702265,0.09366508973478818
17.869999999999994,1.013000678252741,-1.8077297776738437e-6,2.3373675283263284,0.09366507169892724
17.879999999999995,1.0130006721061877,-1.8156689938380719e-6,2.3373674923198116,0.09366505358158321
17.889999999999997,1.0130006659244644,-1.8231849944112133e-6,2.337367455464652,0.09366503538695813
17.9,1.013000659707756,-1.8302719343292353e-6,2.3373674177753405,0.09366501711931352
17.91,1.013000653456271,-1.8369241804460897e-6,2.3373673792668854,0.09366499878296843
17.92,1.0130006471702382,-1.8431363169693765e-6,2.3373673399548123,0.09366498038229697
17.930000000000003,1.0130006408499086,-1.848903150458672e-6,2.3373672998551442,0.09366496192172644
17.940000000000005,1.0130006344955547,-1.8542197133928768e-6,2.3373672589844174,0.09366494340573488
17.950000000000006,1.0130006281074704,-1.8590812698081048e-6,2.3373672173596547,0.09366492483884889
17.960000000000008,1.0130006216859713,-1.8634833191678804e-6,2.3373671749983758,0.0936649062256412
17.97000000000001,1.0130006152313933,-1.867421600564419e-6,2.337367131918581,0.09366488757072841
17.98000000000001,1.0130006087440948,-1.8708920972825215e-6,2.3373670881387505,0.0936648688787685
17.990000000000013,1.0130006022244542,-1.8738910406821665e-6,2.337367043677834,0.09366485015445833
18.000000000000014,1.013000595672871,-1.8764149138097331e-6,2.3373669985552463,0.09366483140253126
18.010000000000016,1.013000589089765,-1.8784604552766254e-6,2.337366952790853,0.09366481262775453
18.020000000000017,1.0130005824755781,-1.8800246635355188e-6,2.3373669064049754,0.09366479383492665
18.03000000000002,1.0130005758307705,-1.8811047996462483e-6,2.337366859418365,0.09366477502887485
18.04000000000002,1.013000569155824,-1.8816983912386288e-6,2.3373668118522106,0.09366475621445249
18.050000000000022,1.01300056245124,-1.881803235417909e-6,2.337366763728121,0.09366473739653619
18.060000000000024,1.0130005557175388,-1.8814174018812196e-6,2.337366715068109,0.09366471858002337
18.070000000000025,1.0130005489552611,-1.8805392357949436e-6,2.337366665894599,0.09366469976982929
18.080000000000027,1.013000542164967,-1.8791673604522056e-6,2.337366616230399,0.09366468097088437
18.09000000000003,1.0130005353472347,-1.8773006802433713e-6,2.3373665660986993,0.09366466218813145
18.10000000000003,1.0130005285026618,-1.874938382474634e-6,2.337366515523062,0.09366464342652288
18.11000000000003,1.013000521631864,-1.8720799403934207e-6,2.3373664645274026,0.09366462469101765
18.120000000000033,1.0130005147354753,-1.8687251144465257e-6,2.3373664131359804,0.09366460598657869
18.130000000000035,1.0130005078141475,-1.8648739543378676e-6,2.337366361373396,0.09366458731816986
18.140000000000036,1.0130005008685499,-1.8605268011173877e-6,2.3373663092645667,0.09366456869075299
18.150000000000038,1.0130004938993693,-1.8556842884443654e-6,2.3373662568347173,0.09366455010928507
18.16000000000004,1.0130004869073084,-1.850347343997178e-6,2.3373662041093684,0.09366453157871536
18.17000000000004,1.0130004798930876,-1.8445171898319654e-6,2.337366151114324,0.09366451310398227
18.180000000000042,1.0130004728574427,-1.8381953446964609e-6,2.3373660978756514,0.09366449469001058
18.190000000000044,1.0130004658011253,-1.8313836234173854e-6,2.3373660444196744,0.09366447634170832
18.200000000000045,1.0130004587249033,-1.8240841383968852e-6,2.337365990772958,0.09366445806396397
18.210000000000047,1.0130004516295577,-1.8162992990389415e-6,2.3373659369622826,0.0936644398616434
18.22000000000005,1.0130004445158856,-1.8080318119300347e-6,2.337365883014648,0.09366442173958685
18.23000000000005,1.0130004373846977,-1.7992846816670426e-6,2.3373658289572403,0.09366440370260602
18.24000000000005,1.0130004302368185,-1.7900612091612143e-6,2.337365774817427,0.09366438575548108
18.250000000000053,1.0130004230730862,-1.780364991884172e-6,2.3373657206227385,0.09366436790295772
18.260000000000055,1.0130004158943513,-1.7701999234072836e-6,2.33736566640085,0.09366435014974415
18.270000000000056,1.013000408701477,-1.759570191669951e-6,2.3373656121795667,0.0936643325005082
18.280000000000058,1.013000401495338,-1.7484802783077568e-6,2.3373655579868076,0.0936643149598743
18.29000000000006,1.013000394276821,-1.7369349566757506e-6,2.3373655038505876,0.09366429753242067
18.30000000000006,1.013000387046824,-1.724939290919948e-6,2.3373654497990013,0.09366428022267631
18.310000000000063,1.0130003798062541,-1.7124986337135045e-6,2.3373653958602048,0.09366426303511816
18.320000000000064,1.0130003725560297,-1.699618623628083e-6,2.337365342062395,0.09366424597416817
18.330000000000066,1.0130003652970778,-1.686305183514361e-6,2.337365288433805,0.0936642290441905
18.340000000000067,1.013000358030335,-1.6725645179293781e-6,2.3373652350026686,0.09366421224948862
18.35000000000007,1.0130003507567467,-1.6584031102943939e-6,2.3373651817972187,0.09366419559430263
18.36000000000007,1.0130003434772648,-1.6438277199341796e-6,2.3373651288456543,0.09366417908280639
18.370000000000072,1.0130003361928501,-1.6288453786593193e-6,2.3373650761761353,0.09366416271910474
18.380000000000074,1.0130003289044693,-1.6134633878352568e-6,2.3373650238167545,0.09366414650723098
18.390000000000075,1.0130003216130956,-1.597689314060511e-6,2.3373649717955267,0.093664130451144
18.400000000000077,1.0130003143197086,-1.5815309856869358e-6,2.3373649201403683,0.09366411455472562
18.41000000000008,1.013000307025292,-1.564996489726369e-6,2.3373648688790745,0.0936640988217782
18.42000000000008,1.0130002997308345,-1.5480941656459068e-6,2.337364818039303,0.09366408325602196
18.43000000000008,1.0130002924373298,-1.53083260224506e-6,2.3373647676485616,0.09366406786109238
18.440000000000083,1.0130002851457738,-1.5132206329363448e-6,2.337364717734181,0.09366405264053793
18.450000000000085,1.0130002778571658,-1.4952673303762243e-6,2.3373646683233,0.09366403759781752
18.460000000000086,1.0130002705725074,-1.476982001378973e-6,2.3373646194428455,0.09366402273629812
18.470000000000088,1.0130002632928028,-1.4583741818935324e-6,2.3373645711195232,0.09366400805925246
18.48000000000009,1.0130002560190554,-1.4394536320967692e-6,2.337364523379779,0.09366399356985693
18.49000000000009,1.0130002487522711,-1.4202303291789173e-6,2.337364476249802,0.09366397927118908
18.500000000000092,1.0130002414934551,-1.4007144626669816e-6,2.3373644297554965,0.09366396516622562
18.510000000000094,1.0130002342436117,-1.380916428943267e-6,2.337364383922462,0.09366395125784041
18.520000000000095,1.0130002270037446,-1.3608468233388645e-6,2.3373643387759757,0.0936639375488023
18.530000000000097,1.0130002197748549,-1.3405164349585578e-6,2.3373642943409827,0.09366392404177325
18.5400000000001,1.0130002125579423,-1.319936239737492e-6,2.337364250642069,0.09366391073930631
18.5500000000001,1.0130002053540026,-1.2991173940734326e-6,2.337364207703441,0.09366389764384397
18.5600000000001,1.0130001981640286,-1.2780712270690654e-6,2.3373641655489243,0.0936638847577162
18.570000000000103,1.013000190989009,-1.2568092342178268e-6,2.3373641242019314,0.0936638720831389
18.580000000000105,1.0130001838299274,-1.2353430705383564e-6,2.3373640836854483,0.09366385962221213
18.590000000000106,1.013000176687762,-1.2136845423957579e-6,2.337364044022019,0.09366384737691874
18.600000000000108,1.0130001695634858,-1.1918456002967203e-6,2.337364005233728,0.0936638353491227
18.61000000000011,1.0130001624580645,-1.1698383313134276e-6,2.337363967342188,0.09366382354056783
18.62000000000011,1.0130001553724566,-1.1476749514904659e-6,2.3373639303685163,0.09366381195287644
18.630000000000113,1.0130001483076139,-1.1253677978766012e-6,2.3373638943333273,0.09366380058754806
18.640000000000114,1.0130001412644791,-1.1029293208444301e-6,2.3373638592567096,0.09366378944595821
18.650000000000116,1.013000134243986,-1.080372075320434e-6,2.3373638251582114,0.09366377852935752
18.660000000000117,1.0130001272470597,-1.0577087127570496e-6,2.337363792056837,0.09366376783887047
18.67000000000012,1.0130001202746142,-1.0349519734935544e-6,2.3373637599710118,0.09366375737549457
18.68000000000012,1.0130001133275546,-1.012114677347015e-6,2.337363728918591,0.09366374714009956
18.690000000000122,1.0130001064067735,-9.89209716151831e-7,2.33736369891683,0.09366373713342657
18.700000000000124,1.0130000995131527,-9.662500451525885e-7,2.3373636699823757,0.09366372735608759
18.710000000000125,1.0130000926475613,-9.432486737163535e-7,2.3373636421312525,0.09366371780856474
18.720000000000127,1.0130000858108563,-9.202186566708447e-7,2.3373636153788557,0.09366370849120965
18.73000000000013,1.0130000790038813,-8.971730865938695e-7,2.3373635897399283,0.0936636994042434
18.74000000000013,1.0130000722274655,-8.741250840442744e-7,2.3373635652285607,0.09366369054775596
18.75000000000013,1.013000065482424,-8.510877889096468e-7,2.337363541858166,0.093663681921706
18.760000000000133,1.0130000587695582,-8.28074351429972e-7,2.3373635196414857,0.09366367352592064
18.770000000000135,1.0130000520896534,-8.0509792384931e-7,2.3373634985905705,0.09366366536009554
18.780000000000136,1.0130000454434789,-7.821716517129579e-7,2.3373634787167648,0.09366365742379491
18.790000000000138,1.0130000388317884,-7.593086638068305e-7,2.3373634600307076,0.0936636497164515
18.80000000000014,1.0130000322553185,-7.365220640494346e-7,2.3373634425423186,0.09366364223736694
18.81000000000014,1.013000025714789,-7.138249223856242e-7,2.33736342626079,0.09366363498571198
18.820000000000142,1.0130000192109017,-6.912302660857516e-7,2.3373634111945787,0.09366362796052685
18.830000000000144,1.0130000127443406,-6.687510704026202e-7,2.337363397351402,0.09366362116072179
18.840000000000146,1.0130000063157711,-6.464002503650774e-7,2.3373633847382207,0.09366361458507755
18.850000000000147,1.0129999999258403,-6.24190651346107e-7,2.337363373361253,0.09366360823224607
18.86000000000015,1.0129999935751755,-6.021350409472837e-7,2.337363363225944,0.09366360210075121
18.87000000000015,1.0129999872643842,-5.802460994556823e-7,2.3373633543369783,0.09366359618898966
18.88000000000015,1.012999980994054,-5.585364116300535e-7,2.3373633466982664,0.09366359049523168
18.890000000000153,1.0129999747647525,-5.370184580848594e-7,2.337363340312948,0.09366358501762227
18.900000000000155,1.012999968577026,-5.157046063257392e-7,2.33736333518338,0.09366357975418219
18.910000000000156,1.0129999624313997,-4.94607102920669e-7,2.337363331311139,0.09366357470280898
18.920000000000158,1.012999956328378,-4.737380645492627e-7,2.3373633286970192,0.09366356986127854
18.93000000000016,1.0129999502684426,-4.531094701085026e-7,2.3373633273410244,0.09366356522724617
18.94000000000016,1.012999944252054,-4.327331518921855e-7,2.337363327242377,0.0936635607982482
18.950000000000163,1.0129999382796497,-4.12620788189396e-7,2.3373633283995097,0.09366355657170326
18.960000000000164,1.0129999323516454,-3.927838948879658e-7,2.337363330810065,0.09366355254491414
18.970000000000166,1.0129999264684328,-3.732338176448532e-7,2.3373633344708984,0.09366354871506924
18.980000000000167,1.0129999206303808,-3.539817235636486e-7,2.3373633393780806,0.09366354507924447
18.99000000000017,1.012999914837836,-3.3503859462160524e-7,2.3373633455269,0.09366354163440488
19.00000000000017,1.0129999090911201,-3.1641521974462353e-7,2.3373633529118605,0.09366353837740671
19.010000000000172,1.0129999033905317,-2.981221873072532e-7,2.337363361526686,0.09366353530499932
19.020000000000174,1.0129998977363457,-2.801698778518847e-7,2.337363371364326,0.0936635324138272
19.030000000000175,1.012999892128812,-2.62568457639638e-7,2.3373633824169557,0.09366352970043208
19.040000000000177,1.012999886568157,-2.4532787097206183e-7,2.3373633946759864,0.09366352716125521
19.05000000000018,1.012999881054582,-2.2845783380606508e-7,2.3373634081320622,0.0936635247926395
19.06000000000018,1.0129998755882645,-2.1196782674997074e-7,2.337363422775075,0.09366352259083177
19.07000000000018,1.0129998701693572,-1.958670896288274e-7,2.3373634385941684,0.09366352055198533
19.080000000000183,1.0129998647979872,-1.8016461523571665e-7,2.3373634555777345,0.09366351867216234
19.090000000000185,1.0129998594742577,-1.648691418091821e-7,2.3373634737134363,0.09366351694733628
19.100000000000186,1.0129998541982466,-1.4998914863984029e-7,2.3373634929882043,0.09366351537339454
19.110000000000188,1.0129998489700072,-1.3553285010242713e-7,2.3373635133882567,0.09366351394614097
19.12000000000019,1.012999843789567,-1.2150819008111895e-7,2.337363534899093,0.09366351266129873
19.13000000000019,1.0129998386569303,-1.0792283679920652e-7,2.3373635575055163,0.09366351151451281
19.140000000000192,1.0129998335720745,-9.478417828503808e-8,2.337363581191641,0.09366351050135296
19.150000000000194,1.012999828534953,-8.209931686018425e-8,2.3373636059408947,0.09366350961731652
19.160000000000196,1.0129998235454938,-6.987506457289219e-8,2.337363631736039,0.09366350885783122
19.170000000000197,1.0129998186036004,-5.8117939313651796e-8,2.3373636585591804,0.0936635082182581
19.1800000000002,1.0129998137091518,-4.683416005391375e-8,2.3373636863917775,0.09366350769389455
19.1900000000002,1.0129998088620011,-3.6029643816642524e-8,2.3373637152146545,0.09366350727997731
19.200000000000202,1.0129998040619779,-2.571000059794903e-8,2.337363745008021,0.09366350697168543
19.210000000000203,1.0129997993088873,-1.5880531530208464e-8,2.3373637757514776,0.09366350676414338
19.220000000000205,1.0129997946025093,-6.546224884199674e-9,2.337363807424028,0.09366350665242422
19.230000000000206,1.0129997899425998,2.28824736830939e-9,2.3373638400041052,0.09366350663155272
19.240000000000208,1.0129997853288912,1.061853188245652e-8,2.3373638734695743,0.09366350669650846
19.25000000000021,1.012999780761091,1.844059624709867e-8,2.3373639077977555,0.0936635068422292
19.26000000000021,1.012999776238884,2.575073164789787e-8,2.337363942965435,0.09366350706361387
19.270000000000213,1.0129997717619306,3.25455544697963e-8,2.33736397894888,0.09366350735552603
19.280000000000214,1.0129997673298683,3.8822008838587636e-8,2.3373640157238613,0.09366350771279704
19.290000000000216,1.012999762942312,4.4577367500677116e-8,2.3373640532656683,0.09366350813022922
19.300000000000217,1.0129997585988528,4.9809233132980193e-8,2.3373640915491207,0.09366350860259937
19.31000000000022,1.0129997542990608,5.451553927080396e-8,2.337364130548594,0.09366350912466194
19.32000000000022,1.0129997500424812,5.869455132444601e-8,2.337364170238022,0.09366350969115243
19.330000000000222,1.01299974582864,6.234486807089943e-8,2.337364210590936,0.09366351029679061
19.340000000000224,1.0129997416570395,6.546542016468899e-8,2.33736425158047,0.09366351093628388
19.350000000000225,1.0129997375271618,6.805547170523492e-8,2.3373642931793808,0.09366351160433065
19.360000000000227,1.0129997334384675,7.011461923129267e-8,2.337364335360068,0.09366351229562359
19.37000000000023,1.0129997293903963,7.164279158127961e-8,2.3373643780945947,0.09366351300485307
19.38000000000023,1.0129997253823677,7.264024902397516e-8,2.3373644213547013,0.09366351372671033
19.39000000000023,1.0129997214137814,7.310758292159957e-8,2.3373644651118344,0.09366351445589097
19.400000000000233,1.012999717484018,7.30457136598768e-8,2.33736450933716,0.09366351518709796
19.410000000000235,1.0129997135924373,7.245588960839643e-8,2.337364554001581,0.09366351591504533
19.420000000000236,1.0129997097383818,7.133968587019893e-8,2.337364599075764,0.09366351663446114
19.430000000000238,1.012999705921175,6.969900215816867e-8,2.33736464453016,0.09366351734009076
19.44000000000024,1.0129997021401225,6.753606001964207e-8,2.3373646903350105,0.09366351802670028
19.45000000000024,1.0129996983945126,6.485340156466926e-8,2.3373647364603922,0.09366351868907953
19.460000000000242,1.0129996946836162,6.165388586646057e-8,2.337364782876216,0.09366351932204539
19.470000000000244,1.0129996910066872,5.7940687060920004e-8,2.3373648295522527,0.09366351992044492
19.480000000000246,1.0129996873629639,5.3717291015695786e-8,2.3373648764581643,0.09366352047915845
19.490000000000247,1.012999683751669,4.8987491966248065e-8,2.337364923563518,0.09366352099310271
19.50000000000025,1.0129996801720096,4.3755388455505416e-8,2.3373649708378,0.09366352145723393
19.51000000000025,1.0129996766231781,3.8025380539553224e-8,2.337365018250448,0.0936635218665508
19.520000000000252,1.0129996731043531,3.18021656571513e-8,2.3373650657708636,0.09366352221609751
19.530000000000253,1.0129996696146994,2.509073415612429e-8,2.3373651133684445,0.0936635225009667
19.540000000000255,1.012999666153368,1.789636486233467e-8,2.3373651610125874,0.09366352271630234
19.550000000000257,1.0129996627194977,1.0224621127887502e-8,2.3373652086727215,0.09366352285730267
19.560000000000258,1.012999659312215,2.081345958568237e-9,2.3373652563183294,0.09366352291922295
19.57000000000026,1.0129996559306347,-6.527343044973765e-9,2.3373653039189617,0.0936635228973782
19.58000000000026,1.012999652573861,-1.559505887037312e-8,2.337365351444266,0.09366352278714596
19.590000000000263,1.0129996492409872,-2.5115150313877914e-8,2.3373653988639953,0.09366352258396904
19.600000000000264,1.0129996459310964,-3.5080707680657145e-8,2.3373654461480395,0.09366352228335802
19.610000000000266,1.0129996426432626,-4.5484567908224696e-8,2.33736549326644,0.09366352188089384
19.620000000000267,1.0129996393765512,-5.6319320719682284e-8,2.337365540189413,0.09366352137223033
19.63000000000027,1.0129996361300189,-6.757731485802148e-8,2.3373655868873637,0.09366352075309659
19.64000000000027,1.0129996329027147,-7.925066406725215e-8,2.3373656333309127,0.09366352001929948
19.650000000000272,1.0129996296936803,-9.133125295956343e-8,2.3373656794909095,0.09366351916672586
19.660000000000274,1.0129996265019516,-1.0381074393737302e-7,2.337365725338458,0.09366351819134473
19.670000000000275,1.0129996233265577,-1.1668058397977288e-7,2.3373657708449307,0.09366351708920972
19.680000000000277,1.012999620166522,-1.2993201059671183e-7,2.3373658159819843,0.09366351585646106
19.69000000000028,1.0129996170208637,-1.4355605921116904e-7,2.3373658607215893,0.09366351448932743
19.70000000000028,1.0129996138885982,-1.575435704106248e-7,2.3373659050360387,0.09366351298412828
19.71000000000028,1.012999610768736,-1.7188519632445637e-7,2.337365948897972,0.0936635113372756
19.720000000000283,1.012999607660285,-1.8657140842281993e-7,2.337365992280382,0.09366350954527573
19.730000000000285,1.0129996045622511,-2.0159250442361113e-7,2.33736603515665,0.09366350760473115
19.740000000000286,1.0129996014736373,-2.169386165068311e-7,2.3373660775005436,0.09366350551234225
19.750000000000288,1.0129995983934463,-2.3259971778931036e-7,2.33736611928625,0.09366350326490884
19.76000000000029,1.0129995953206792,-2.485656309194787e-7,2.3373661604883798,0.09366350085933181
19.77000000000029,1.012999592254337,-2.648260350533455e-7,2.337366201081991,0.09366349829261453
19.780000000000292,1.012999589193421,-2.8137047377180674e-7,2.337366241042594,0.09366349556186428
19.790000000000294,1.012999586136934,-2.981883627827385e-7,2.3373662803461843,0.09366349266429352
19.800000000000296,1.0129995830838794,-3.152689987828432e-7,2.3373663189692406,0.09366348959722118
19.810000000000297,1.0129995800332636,-3.326015657345608e-7,2.3373663568887464,0.09366348635807377
19.8200000000003,1.012999576984095,-3.501751445014014e-7,2.3373663940822054,0.09366348294438649
19.8300000000003,1.0129995739353856,-3.67978719989398e-7,2.337366430527652,0.0936634793538042
19.840000000000302,1.0129995708861506,-3.860011895703124e-7,2.3373664662036635,0.09366347558408243
19.850000000000303,1.0129995678354098,-4.04231370854431e-7,2.3373665010893734,0.09366347163308802
19.860000000000305,1.012999564782188,-4.2265801017271667e-7,2.3373665351644863,0.09366346749880017
19.870000000000307,1.012999561725515,-4.4126979049805994e-7,2.3373665684092906,0.09366346317931071
19.880000000000308,1.0129995586644267,-4.6005533978705527e-7,2.337366600804661,0.09366345867282513
19.89000000000031,1.0129995555979656,-4.790032391182301e-7,2.337366632332078,0.09366345397766276
19.90000000000031,1.0129995525251805,-4.98102030426953e-7,2.3373666629736336,0.09366344909225739
19.910000000000313,1.0129995494451287,-5.173402255581052e-7,2.337366692712046,0.09366344401515746
19.920000000000314,1.0129995463568742,-5.367063136651712e-7,2.3373667215306564,0.09366343874502653
19.930000000000316,1.01299954325949,-5.561887689546764e-7,2.3373667494134582,0.0936634332806433
19.940000000000317,1.0129995401520584,-5.75776059676398e-7,2.337366776345084,0.09366342762090173
19.95000000000032,1.0129995370336708,-5.954566556081357e-7,2.33736680231083,0.0936634217648111
19.96000000000032,1.0129995339034286,-6.152190364628787e-7,2.337366827296651,0.093663415711496
19.970000000000322,1.0129995307604434,-6.350516991124532e-7,2.3373668512891737,0.0936634094601961
19.980000000000324,1.012999527603837,-6.549431662089294e-7,2.337366874275697,0.09366340301026603
19.990000000000325,1.0129995244327437,-6.748819931258534e-7,2.337366896244207,0.09366339636117496
20.000000000000327,1.012999521246309,-6.948567767978324e-7,2.3373669171833766,0.09366338951250634
20.01000000000033,1.0129995180436904,-7.148561626468603e-7,2.337366937082568,0.0936633824639574
20.02000000000033,1.0129995148240574,-7.348688525405497e-7,2.3373669559318326,0.09366337521533873
20.03000000000033,1.0129995115865935,-7.548836116400485e-7,2.3373669737219305,0.09366336776657345
20.040000000000333,1.0129995083304946,-7.748892765378857e-7,2.3373669904443157,0.09366336011769683
20.050000000000335,1.0129995050549714,-7.948747620123904e-7,2.337367006091148,0.0936633522688552
20.060000000000336,1.012999501759247,-8.148290687098156e-7,2.3373670206552926,0.09366334422030549
20.070000000000338,1.0129994984425603,-8.347412897413795e-7,2.337367034130313,0.09366333597241414
20.08000000000034,1.0129994951041645,-8.546006174125101e-7,2.337367046510495,0.09366332752565604
20.09000000000034,1.0129994917433285,-8.743963512604707e-7,2.337367057790821,0.09366331888061376
20.100000000000342,1.012999488359336,-8.941179038933051e-7,2.3373670679669787,0.09366331003797625
20.110000000000344,1.0129994849514865,-9.137548074746634e-7,2.3373670770353665,0.09366330099853783
20.120000000000346,1.0129994815190957,-9.332967201318383e-7,2.3373670849930823,0.09366329176319675
20.130000000000347,1.0129994780614962,-9.527334326804245e-7,2.3373670918379292,0.0936632823329541
20.14000000000035,1.0129994745780362,-9.72054874856376e-7,2.3373670975684067,0.09366327270891234
20.15000000000035,1.0129994710680814,-9.912511204290326e-7,2.3373671021837064,0.09366326289227397
20.160000000000352,1.0129994675310152,-1.0103123934355025e-6,2.337367105683725,0.09366325288433988
20.170000000000353,1.0129994639662376,-1.0292290748968699e-6,2.337367108069031,0.09366324268650808
20.180000000000355,1.0129994603731667,-1.0479917068491066e-6,2.3373671093408905,0.0936632323002719
20.190000000000357,1.0129994567512377,-1.0665909986286994e-6,2.337367109501237,0.09366322172721844
20.200000000000358,1.0129994530999051,-1.085017831183653e-6,2.337367108552682,0.09366321096902684
20.21000000000036,1.0129994494186407,-1.1032632627836124e-6,2.3373671064985007,0.09366320002746653
20.22000000000036,1.012999445706935,-1.1213185335588033e-6,2.337367103342629,0.0936631889043955
20.230000000000363,1.012999441964297,-1.1391750700419733e-6,2.3373670990896547,0.09366317760175835
20.240000000000364,1.012999438190255,-1.156824490012858e-6,2.3373670937448146,0.0936631661215845
20.250000000000366,1.0129994343843554,-1.1742586063502576e-6,2.3373670873139734,0.09366315446598623
20.260000000000367,1.0129994305461636,-1.191469431080484e-6,2.3373670798036272,0.09366314263715672
20.27000000000037,1.012999426675265,-1.2084491791691888e-6,2.337367071220897,0.09366313063736795
20.28000000000037,1.0129994227712638,-1.2251902725650671e-6,2.3373670615735054,0.09366311846896871
20.290000000000372,1.0129994188337832,-1.241685343234187e-6,2.337367050869781,0.09366310613438263
20.300000000000374,1.0129994148624661,-1.2579272369798157e-6,2.337367039118639,0.09366309363610578
20.310000000000375,1.0129994108569744,-1.2739090158249258e-6,2.337367026329572,0.09366308097670495
20.320000000000377,1.0129994068169905,-1.2896239611413165e-6,2.3373670125126456,0.09366306815881495
20.33000000000038,1.0129994027422151,-1.3050655767983994e-6,2.337366997678475,0.09366305518513683
20.34000000000038,1.012999398632369,-1.3202275903629655e-6,2.3373669818382234,0.09366304205843545
20.35000000000038,1.0129993944871933,-1.3351039565507284e-6,2.3373669650035946,0.09366302878153719
20.360000000000383,1.0129993903064476,-1.3496888590468177e-6,2.3373669471867973,0.09366301535732788
20.370000000000385,1.0129993860899114,-1.3639767117496397e-6,2.3373669284005607,0.0936630017887502
20.380000000000386,1.0129993818373835,-1.3779621606291163e-6,2.337366908658099,0.09366298807880168
20.390000000000388,1.012999377548683,-1.3916400853708096e-6,2.3373668879731135,0.09366297423053212
20.40000000000039,1.0129993732236473,-1.405005600129374e-6,2.3373668663597686,0.09366296024704142
20.41000000000039,1.0129993688621348,-1.4180540549148576e-6,2.3373668438326916,0.09366294613147705
20.420000000000393,1.0129993644640214,-1.430781036743309e-6,2.3373668204069347,0.09366293188703191
20.430000000000394,1.0129993600292033,-1.4431823691651472e-6,2.337366796097983,0.09366291751694186
20.440000000000396,1.012999355557596,-1.45525411294906e-6,2.3373667709217316,0.0936629030244832
20.450000000000397,1.012999351049133,-1.466992567249457e-6,2.337366744894469,0.0936628884129706
20.4600000000004,1.0129993465037679,-1.4783942680929624e-6,2.337366718032865,0.09366287368575442
20.4700000000004,1.012999341921473,-1.4894559892299902e-6,2.337366690353956,0.09366285884621851
20.480000000000402,1.0129993373022372,-1.500174741142746e-6,2.337366661875117,0.0936628438977779
20.490000000000403,1.0129993326460713,-1.5105477700186418e-6,2.337366632614074,0.09366282884387615
20.500000000000405,1.0129993279530016,-1.520572558316014e-6,2.3373666025888533,0.09366281368798333
20.510000000000407,1.0129993232230738,-1.5302468219369536e-6,2.3373665718177987,0.09366279843359343
20.520000000000408,1.012999318456352,-1.5395685104776378e-6,2.3373665403195294,0.09366278308422217
20.53000000000041,1.0129993136529172,-1.5485358050648821e-6,2.33736650811294,0.09366276764340457
20.54000000000041,1.0129993088128684,-1.557147116668908e-6,2.337366475217177,0.09366275211469272
20.550000000000413,1.012999303936322,-1.5654010851227403e-6,2.337366441651627,0.09366273650165342
20.560000000000414,1.0129992990234122,-1.5732965760422622e-6,2.3373664074358977,0.09366272080786596
20.570000000000416,1.0129992940742893,-1.5808326800378795e-6,2.3373663725897984,0.09366270503691984
20.580000000000418,1.0129992890891206,-1.588008709088216e-6,2.3373663371333286,0.09366268919241263
20.59000000000042,1.0129992840680901,-1.594824194679007e-6,2.3373663010866648,0.09366267327794753
20.60000000000042,1.0129992790113984,-1.601278885272265e-6,2.337366264470137,0.09366265729713141
20.610000000000422,1.0129992739192615,-1.6073727433327338e-6,2.3373662273042153,0.09366264125357261
20.620000000000424,1.0129992687919116,-1.6131059425976417e-6,2.3373661896094937,0.09366262515087875
20.630000000000425,1.0129992636295961,-1.6184788647149109e-6,2.3373661514066737,0.09366260899265472
20.640000000000427,1.0129992584325778,-1.6234920957160904e-6,2.337366112716548,0.09366259278250047
20.65000000000043,1.0129992532011347,-1.6281464234563734e-6,2.3373660735599913,0.09366257652400915
20.66000000000043,1.0129992479355592,-1.63244283377575e-6,2.3373660339579283,0.09366256022076509
20.67000000000043,1.0129992426361587,-1.636382506121721e-6,2.3373659939313387,0.09366254387634163
20.680000000000433,1.0129992373032533,-1.639966811099121e-6,2.3373659535012195,0.09366252749429953
20.690000000000435,1.0129992319371783,-1.6431973053986947e-6,2.33736591268859,0.09366251107818482
20.700000000000436,1.0129992265382821,-1.6460757279922169e-6,2.3373658715144643,0.09366249463152702
20.710000000000438,1.0129992211069259,-1.6486039968281535e-6,2.3373658299998374,0.09366247815783746
20.72000000000044,1.0129992156434842,-1.6507842034309404e-6,2.3373657881656706,0.09366246166060734
20.73000000000044,1.0129992101483443,-1.6526186090302585e-6,2.3373657460328863,0.0936624451433061
20.740000000000443,1.0129992046219047,-1.6541096407608044e-6,2.337365703622335,0.09366242860937977
20.750000000000444,1.0129991990645775,-1.6552598859607434e-6,2.337365660954801,0.09366241206224926
20.760000000000446,1.0129991934767848,-1.6560720884288973e-6,2.337365618050969,0.09366239550530889
20.770000000000447,1.0129991878589613,-1.6565491437057318e-6,2.337365574931428,0.09366237894192471
20.78000000000045,1.0129991822115514,-1.6566940936199472e-6,2.3373655316166464,0.09366236237543307
20.79000000000045,1.0129991765350115,-1.6565101224209424e-6,2.337365488126962,0.09366234580913925
20.800000000000452,1.0129991708298067,-1.656000551088504e-6,2.3373654444825642,0.09366232924631596
20.810000000000453,1.0129991650964134,-1.6551688326014907e-6,2.3373654007034936,0.0936623126902021
20.820000000000455,1.0129991593353176,-1.6540185468082188e-6,2.337365356809617,0.09366229614400123
20.830000000000457,1.0129991535470135,-1.6525533959492507e-6,2.337365312820619,0.09366227961088072
20.840000000000458,1.012999147732005,-1.6507771990135681e-6,2.3373652687559954,0.09366226309397016
20.85000000000046,1.0129991418908049,-1.6486938867320555e-6,2.3373652246350307,0.09366224659636047
20.86000000000046,1.0129991360239334,-1.6463074964716151e-6,2.3373651804768008,0.09366223012110272
20.870000000000463,1.01299913013192,-1.643622167052407e-6,2.337365136300148,0.093662213671207
20.880000000000464,1.0129991242152998,-1.6406421336078002e-6,2.3373650921236813,0.09366219724964171
20.890000000000466,1.0129991182746176,-1.6373717219941456e-6,2.337365047965764,0.09366218085933227
20.900000000000468,1.0129991123104234,-1.6338153445519338e-6,2.3373650038444964,0.09366216450316048
20.91000000000047,1.0129991063232742,-1.6299774936146002e-6,2.3373649597777137,0.09366214818396362
20.92000000000047,1.0129991003137333,-1.6258627372262713e-6,2.337364915782975,0.09366213190453364
20.930000000000472,1.0129990942823706,-1.6214757134095787e-6,2.337364871877557,0.09366211566761642
20.940000000000474,1.0129990882297608,-1.616821125423173e-6,2.337364828078443,0.0936620994759112
20.950000000000475,1.012999082156484,-1.6119037366875248e-6,2.33736478440231,0.09366208333206989
20.960000000000477,1.0129990760631258,-1.6067283645613971e-6,2.3373647408655307,0.09366206723869644
20.97000000000048,1.012999069950276,-1.6012998764856152e-6,2.3373646974841606,0.09366205119834636
20.98000000000048,1.012999063818529,-1.5956231843230195e-6,2.3373646542739346,0.09366203521352628
20.99000000000048,1.012999057668483,-1.589703239707104e-6,2.337364611250254,0.09366201928669353
21.000000000000483,1.0129990515007405,-1.5835450283795127e-6,2.3373645684281854,0.0936620034202557
21.010000000000485,1.0129990453159066,-1.5771535657648571e-6,2.3373645258224562,0.09366198761657046
21.020000000000486,1.0129990391145896,-1.5705338921184817e-6,2.337364483447448,0.09366197187794512
21.030000000000488,1.0129990328974017,-1.5636910672708202e-6,2.337364441317187,0.09366195620663646
21.04000000000049,1.0129990266649564,-1.5566301664361339e-6,2.337364399445347,0.09366194060485065
21.05000000000049,1.01299902041787,-1.549356275015412e-6,2.337364357845241,0.09366192507474305
21.060000000000493,1.0129990141567604,-1.5418744840171333e-6,2.337364316529815,0.09366190961841815
21.070000000000494,1.0129990078822473,-1.5341898854992365e-6,2.3373642755116517,0.09366189423792944
21.080000000000496,1.0129990015949524,-1.5263075684507897e-6,2.3373642348029615,0.0936618789352795
21.090000000000497,1.0129989952954974,-1.5182326138292204e-6,2.3373641944155836,0.09366186371242016
21.1000000000005,1.012998988984506,-1.5099700908002404e-6,2.33736415436098,0.09366184857125247
21.1100000000005,1.0129989826626014,-1.5015250520580107e-6,2.337364114650237,0.09366183351362674
21.120000000000502,1.0129989763304077,-1.4929025298767525e-6,2.3373640752940603,0.09366181854134305
21.130000000000503,1.0129989699885495,-1.4841075318242408e-6,2.337364036302782,0.09366180365615107
21.140000000000505,1.0129989636376509,-1.475145037165586e-6,2.3373639976863467,0.0936617888597507
21.150000000000507,1.0129989572783347,-1.4660199931014036e-6,2.3373639594543203,0.09366177415379214
21.160000000000508,1.0129989509112245,-1.456737309914896e-6,2.337363921615891,0.09366175953987631
21.17000000000051,1.012998944536942,-1.4473018588160524e-6,2.3373638841798634,0.09366174501955517
21.18000000000051,1.0129989381561084,-1.4377184672538763e-6,2.337363847154662,0.09366173059433226
21.190000000000513,1.0129989317693433,-1.4279919161459027e-6,2.3373638105483323,0.09366171626566304
21.200000000000514,1.0129989253772647,-1.4181269360247964e-6,2.3373637743685434,0.09366170203495537
21.210000000000516,1.012998918980489,-1.4081282041029507e-6,2.3373637386225887,0.09366168790357016
21.220000000000518,1.0129989125796315,-1.3980003409782703e-6,2.337363703317386,0.09366167387282175
21.23000000000052,1.0129989061753037,-1.3877479082509735e-6,2.3373636684594823,0.09366165994397857
21.24000000000052,1.0129988997681163,-1.3773754045283428e-6,2.3373636340550537,0.0936616461182638
21.250000000000522,1.0129988933586769,-1.366887263621941e-6,2.337363600109914,0.0936616323968559
21.260000000000524,1.0129988869475903,-1.3562878517463158e-6,2.3373635666295054,0.09366161878088941
21.270000000000525,1.0129988805354588,-1.3455814640362803e-6,2.337363533618917,0.09366160527145545
21.280000000000527,1.0129988741228817,-1.3347723229816137e-6,2.3373635010828813,0.09366159186960261
21.29000000000053,1.0129988677104549,-1.3238645763748182e-6,2.337363469025772,0.09366157857633765
21.30000000000053,1.0129988612987715,-1.3128622943241754e-6,2.337363437451622,0.09366156539262618
21.31000000000053,1.0129988548884208,-1.3017694676105232e-6,2.3373634063641155,0.09366155231939358
21.320000000000533,1.0129988484799886,-1.2905900057194766e-6,2.3373633757666,0.0936615393575256
21.330000000000535,1.012998842074057,-1.2793277348156652e-6,2.3373633456620833,0.09366152650786949
21.340000000000536,1.0129988356712045,-1.2679863960204173e-6,2.337363316053253,0.09366151377123447
21.350000000000538,1.0129988292720056,-1.2565696442017484e-6,2.3373632869424665,0.09366150114839292
21.36000000000054,1.012998822877031,-1.2450810462728005e-6,2.3373632583317647,0.09366148864008103
21.37000000000054,1.0129988164868469,-1.2335240798868851e-6,2.337363230222873,0.09366147624699982
21.380000000000543,1.0129988101020144,-1.2219021314744904e-6,2.3373632026172078,0.09366146396981602
21.390000000000544,1.0129988037230921,-1.2102184956320265e-6,2.337363175515893,0.09366145180916285
21.400000000000546,1.0129987973506336,-1.1984763745095724e-6,2.3373631489197506,0.09366143976564108
21.410000000000547,1.0129987909851872,-1.1866788765762133e-6,2.33736312282932,0.09366142783981994
21.42000000000055,1.0129987846272979,-1.1748290155908238e-6,2.3373630972448534,0.09366141603223807
21.43000000000055,1.012998778277505,-1.162929710854874e-6,2.337363072166332,0.09366140434340439
21.440000000000552,1.012998771936343,-1.1509837848546587e-6,2.3373630475934597,0.09366139277379924
21.450000000000554,1.0129987656043427,-1.1389939639085678e-6,2.337363023525689,0.09366138132387504
21.460000000000555,1.0129987592820295,-1.1269628779818328e-6,2.3373629999622167,0.09366136999405751
21.470000000000557,1.0129987529699245,-1.1148930601667966e-6,2.3373629769019866,0.09366135878474656
21.480000000000558,1.0129987466685428,-1.1027869466460502e-6,2.337362954343707,0.09366134769631726
21.49000000000056,1.0129987403783953,-1.0906468761468838e-6,2.337362932285846,0.09366133672912083
21.50000000000056,1.012998734099988,-1.0784750898530605e-6,2.3373629107266565,0.0936613258834855
21.510000000000563,1.0129987278338222,-1.0662737325506024e-6,2.3373628896641643,0.0936613151597176
21.520000000000564,1.0129987215803937,-1.054044852185527e-6,2.3373628690961907,0.09366130455810254
21.530000000000566,1.0129987153401931,-1.0417904003614417e-6,2.3373628490203466,0.09366129407890575
21.540000000000568,1.012998709113707,-1.029512232499746e-6,2.3373628294340523,0.09366128372237359
21.55000000000057,1.012998702901416,-1.0172121082712177e-6,2.3373628103345405,0.09366127348873428
21.56000000000057,1.0129986967037965,-1.0048916929784563e-6,2.3373627917188613,0.09366126337819904
21.570000000000572,1.012998690521319,-9.92552557539391e-7,2.337362773583889,0.0936612533909628
21.580000000000574,1.0129986843544498,-9.80196178872452e-7,2.337362755926336,0.09366124352720535
21.590000000000575,1.0129986782036502,-9.67823941556116e-7,2.3373627387427582,0.09366123378709208
21.600000000000577,1.0129986720693758,-9.554371387119194e-7,2.3373627220295567,0.09366122417077508
21.61000000000058,1.012998665952078,-9.430369719649701e-7,2.337362705782994,0.09366121467839386
21.62000000000058,1.0129986598522034,-9.306245539822325e-7,2.3373626899991993,0.09366120531007646
21.63000000000058,1.0129986537701934,-9.182009082924451e-7,2.3373626746741674,0.0936611960659402
21.640000000000583,1.0129986477064845,-9.057669716560127e-7,2.3373626598037816,0.09366118694609259
21.650000000000585,1.0129986416615084,-8.933235944260995e-7,2.337362645383806,0.09366117795063221
21.660000000000586,1.0129986356356928,-8.808715421146042e-7,2.3373626314099063,0.09366116907964957
21.670000000000588,1.012998629629459,-8.6841149695357e-7,2.337362617877645,0.09366116033322798
21.68000000000059,1.0129986236432258,-8.559440592157959e-7,2.3373626047824967,0.09366115171144425
21.69000000000059,1.012998617677406,-8.434697489247671e-7,2.3373625921198564,0.09366114321436968
21.700000000000593,1.012998611732408,-8.309890070077965e-7,2.3373625798850384,0.09366113484207071
21.710000000000594,1.012998605808636,-8.185021971554392e-7,2.3373625680732895,0.09366112659460978
21.720000000000596,1.0129985999064903,-8.060096077542414e-7,2.3373625566798033,0.093661118472046
21.730000000000597,1.012998594026365,-7.935114536469437e-7,2.337362545699705,0.09366111047443616
21.7400000000006,1.0129985881686523,-7.810078764039972e-7,2.3373625351280833,0.09366110260183504
21.7500000000006,1.0129985823337389,-7.68498948380536e-7,2.337362524959985,0.09366109485429647
21.760000000000602,1.0129985765220069,-7.559846731709021e-7,2.3373625151904185,0.09366108723187387
21.770000000000604,1.0129985707338351,-7.434649879951279e-7,2.3373625058143683,0.09366107973462101
21.780000000000605,1.0129985649695985,-7.309397648099649e-7,2.337362496826798,0.09366107236259257
21.790000000000607,1.012998559229667,-7.184088135232048e-7,2.3373624882226562,0.09366106511584481
21.80000000000061,1.0129985535144082,-7.058718828267303e-7,2.337362479996885,0.09366105799443622
21.81000000000061,1.0129985478241847,-6.933286630908015e-7,2.3373624721444246,0.09366105099842807
21.82000000000061,1.0129985421593553,-6.807787879919039e-7,2.337362464660213,0.09366104412788512
21.830000000000613,1.0129985365202765,-6.682218362046633e-7,2.337362457539211,0.09366103738287591
21.840000000000614,1.0129985309073004,-6.55657334158508e-7,2.3373624507763875,0.09366103076347353
21.850000000000616,1.0129985253207752,-6.430847581381167e-7,2.337362444366732,0.09366102426975609
21.860000000000618,1.0129985197610467,-6.305035356538158e-7,2.3373624383052687,0.09366101790180716
21.87000000000062,1.0129985142284568,-6.179130481179815e-7,2.337362432587045,0.09366101165971626
21.88000000000062,1.0129985087233446,-6.053126333842189e-7,2.3373624272071565,0.09366100554357926
21.890000000000622,1.0129985032460456,-5.92701587203674e-7,2.3373624221607368,0.093660999553499
21.900000000000624,1.0129984977968927,-5.800791660657655e-7,2.337362417442969,0.0936609936895854
21.910000000000625,1.0129984923762154,-5.674445885583295e-7,2.3373624130490884,0.0936609879519562
21.920000000000627,1.0129984869843414,-5.547970381840897e-7,2.3373624089743963,0.09366098234073687
21.93000000000063,1.0129984816215947,-5.421356661306636e-7,2.3373624052142477,0.09366097685606148
21.94000000000063,1.0129984762882964,-5.294595921327312e-7,2.3373624017640715,0.09366097149807255
21.95000000000063,1.0129984709847664,-5.167679080295842e-7,2.3373623986193643,0.09366096626692162
21.960000000000633,1.0129984657113202,-5.040596790141951e-7,2.3373623957757004,0.09366096116276951
21.970000000000635,1.012998460468273,-4.913339461145778e-7,2.3373623932287404,0.09366095618578639
21.980000000000636,1.0129984552559355,-4.785897290316017e-7,2.3373623909742194,0.0936609513361522
21.990000000000638,1.0129984500746176,-4.6582602745386553e-7,2.3373623890079673,0.09366094661405674
22.00000000000064,1.012998444924627,-4.530418239716212e-7,2.337362387325906,0.09366094201969993
22.01000000000064,1.0129984398062686,-4.402360859322755e-7,2.3373623859240524,0.09366093755329204
22.020000000000643,1.0129984347198457,-4.274077679019491e-7,2.337362384798519,0.09366093321505355
22.030000000000644,1.0129984296656604,-4.1455581353695185e-7,2.3373623839455275,0.09366092900521548
22.040000000000646,1.0129984246440118,-4.016791583167861e-7,2.337362383361401,0.0936609249240196
22.050000000000647,1.0129984196551978,-3.8877673151557674e-7,2.3373623830425707,0.09366092097171823
22.06000000000065,1.0129984146995148,-3.7584745797556147e-7,2.3373623829855785,0.09366091714857445
22.07000000000065,1.0129984097772569,-3.628902610131749e-7,2.3373623831870853,0.09366091345486215
22.080000000000652,1.0129984048887177,-3.499040637679096e-7,2.3373623836438657,0.0936609098908659
22.090000000000654,1.012998400034189,-3.3688779216319633e-7,2.3373623843528115,0.0936609064568811
22.100000000000655,1.0129983952139607,-3.238403766269364e-7,2.3373623853109424,0.09366090315321385
22.110000000000657,1.0129983904283217,-3.1076075404936004e-7,2.3373623865153923,0.09366089998018096
22.12000000000066,1.0129983856775602,-2.9764786976783443e-7,2.33736238796343,0.09366089693810968
22.13000000000066,1.0129983809619625,-2.8450068093032563e-7,2.337362389652445,0.09366089402733789
22.14000000000066,1.012998376281814,-2.7131815655187236e-7,2.3373623915799606,0.09366089124821382
22.150000000000663,1.0129983716373987,-2.580992813160457e-7,2.3373623937436294,0.09366088860109596
22.160000000000664,1.012998367029001,-2.4484305606366674e-7,2.337362396141239,0.09366088608635273
22.170000000000666,1.0129983624569032,-2.315485014736612e-7,2.33736239877071,0.09366088370436258
22.180000000000668,1.0129983579213866,-2.1821465910613744e-7,2.337362401630095,0.09366088145551364
22.19000000000067,1.0129983534227323,-2.0484059303099612e-7,2.337362404717585,0.09366087934020347
22.20000000000067,1.01299834896122,-1.9142539220679372e-7,2.337362408031506,0.0936608773588389
22.210000000000672,1.0129983445371291,-1.779681724570956e-7,2.3373624115703278,0.0936608755118357
22.220000000000674,1.0129983401507385,-1.644680781546695e-7,2.337362415332654,0.09366087379961838
22.230000000000675,1.012998335802326,-1.509242842943149e-7,2.337362419317228,0.09366087222261983
22.240000000000677,1.0129983314921693,-1.3733599801405484e-7,2.3373624235229378,0.09366087078128102
22.25000000000068,1.012998327220545,-1.2370246116618917e-7,2.3373624279488032,0.09366086947605068
22.26000000000068,1.0129983229877293,-1.1002295100974932e-7,2.3373624325939906,0.09366086830738504
22.27000000000068,1.0129983187939984,-9.6296782370693e-8,2.337362437457804,0.09366086727574723
22.280000000000683,1.0129983146396273,-8.252330986724195e-8,2.3373624425396904,0.09366086638160712
22.290000000000685,1.0129983105248916,-6.870192913912503e-8,2.3373624478392347,0.09366086562544072
22.300000000000686,1.012998306450065,-5.4832078507038034e-8,2.337362453356163,0.0936608650077301
22.310000000000688,1.0129983024154219,-4.091324035320982e-8,2.337362459090338,0.09366086452896248
22.32000000000069,1.012998298421236,-2.6944943541070203e-8,2.337362465041765,0.09366086418963016
22.33000000000069,1.0129982944677807,-1.292676407510353e-8,2.3373624712105854,0.09366086399022985
22.340000000000693,1.0129982905553285,1.1416728535975461e-9,2.3373624775970776,0.0936608639312624
22.350000000000694,1.0129982866841527,1.526069187226286e-8,2.3373624842016585,0.09366086401323197
22.360000000000696,1.012998282854525,2.9430565063729016e-8,2.337362491024884,0.09366086423664581
22.370000000000697,1.0129982790667178,4.3651511240546537e-8,2.337362498067439,0.09366086460201352
22.3800000000007,1.0129982753210023,5.792369399023885e-8,2.337362505330144,0.09366086510984677
22.3900000000007,1.01299827161765,7.224722133404419e-8,2.337362512813951,0.09366086576065848
22.400000000000702,1.0129982679569312,8.662214339852118e-8,2.3373625205199438,0.09366086655496246
22.410000000000704,1.012998264339116,1.0104845200495164e-7,2.337362528449333,0.09366086749327264
22.420000000000705,1.0129982607644747,1.1552607860943709e-7,2.337362536603457,0.0936608685761026
22.430000000000707,1.0129982572332774,1.3005489399624309e-7,2.3373625449837863,0.09366086980396487
22.44000000000071,1.0129982537457927,1.446347055889993e-7,2.3373625535919085,0.09366087117737047
22.45000000000071,1.0129982503022894,1.5926525788463078e-7,2.337362562429541,0.09366087269682812
22.46000000000071,1.0129982469030356,1.7394623026614572e-7,2.3373625714985122,0.09366087436284366
22.470000000000713,1.012998243548299,1.8867723666479918e-7,2.3373625808007703,0.09366087617591946
22.480000000000715,1.0129982402383464,2.0345782468348655e-7,2.3373625903383872,0.09366087813655362
22.490000000000716,1.0129982369734438,2.1828747384249303e-7,2.3373626001135372,0.0936608802452395
22.500000000000718,1.0129982337538572,2.3316559566570019e-7,2.3373626101285128,0.09366088250246474
22.51000000000072,1.0129982305798526,2.480915319803279e-7,2.3373626203857194,0.09366088490871079
22.52000000000072,1.0129982274516929,2.6306455345893275e-7,2.337362630887658,0.09366088746445231
22.530000000000722,1.0129982243696423,2.7808386050244394e-7,2.3373626416369375,0.09366089017015616
22.540000000000724,1.012998221333963,2.9314858159089547e-7,2.337362652636271,0.09366089302628092
22.550000000000725,1.012998218344917,3.082577724919563e-7,2.337362663888466,0.09366089603327604
22.560000000000727,1.0129982154027648,3.2341041551172313e-7,2.3373626753964243,0.09366089919158123
22.57000000000073,1.0129982125077657,3.386054195783245e-7,2.337362687163141,0.09366090250162559
22.58000000000073,1.0129982096601786,3.538416188477753e-7,2.3373626991917016,0.09366090596382698
22.59000000000073,1.012998206860261,3.691177723007424e-7,2.337362711485279,0.09366090957859118
22.600000000000733,1.0129982041082681,3.844325633216063e-7,2.3373627240471206,0.09366091334631124
22.610000000000735,1.0129982014044554,3.997845996337019e-7,2.3373627368805647,0.09366091726736661
22.620000000000736,1.0129981987490757,4.151724122483909e-7,2.3373627499890155,0.09366092134212249
22.630000000000738,1.0129981961423806,4.305944557486086e-7,2.337362763375956,0.09366092557092898
22.64000000000074,1.0129981935846204,4.460491077258264e-7,2.3373627770449366,0.09366092995412034
22.65000000000074,1.012998191076043,4.615346681535121e-7,2.337362790999575,0.09366093449201422
22.660000000000743,1.0129981886168957,4.770493594853194e-7,2.3373628052435476,0.09366093918491085
22.670000000000744,1.0129981862074227,4.925913263475236e-7,2.337362819780592,0.09366094403309236
22.680000000000746,1.0129981838478668,5.081586359069266e-7,2.337362834614501,0.09366094903682187
22.690000000000747,1.012998181538468,5.237492769532041e-7,2.337362849749113,0.09366095419634286
22.70000000000075,1.0129981792794658,5.39361160685147e-7,2.3373628651883225,0.09366095951187824
22.71000000000075,1.0129981770710952,5.549921196890745e-7,2.337362880936061,0.09366096498362966
22.720000000000752,1.0129981749135906,5.706399091846098e-7,2.3373628969963027,0.09366097061177671
22.730000000000754,1.0129981728071824,5.8630220613556e-7,2.3373629133730534,0.09366097639647619
22.740000000000755,1.012998170752099,6.019766101717618e-7,2.3373629300703542,0.09366098233786123
22.750000000000757,1.0129981687485663,6.176606432221383e-7,2.337362947092271,0.09366098843604054
22.76000000000076,1.0129981667968073,6.333517498840437e-7,2.3373629644428973,0.09366099469109769
22.77000000000076,1.012998164897041,6.490472977069545e-7,2.337362982126337,0.09366100110309035
22.78000000000076,1.0129981630494842,6.647445780217456e-7,2.3373630001467207,0.09366100767204946
22.790000000000763,1.0129981612543504,6.804408053397867e-7,2.337363018508182,0.09366101439797841
22.800000000000765,1.0129981595118493,6.961331186149902e-7,2.337363037214865,0.0936610212808525
22.810000000000766,1.0129981578221874,7.118185807090276e-7,2.337363056270913,0.09366102832061793
22.820000000000768,1.0129981561855665,7.274941804139042e-7,2.337363075680467,0.09366103551719122
22.83000000000077,1.0129981546021858,7.431568321186233e-7,2.3373630954476674,0.0936610428704584
22.84000000000077,1.01299815307224,7.588033763453561e-7,2.337363115576638,0.0936610503802742
22.850000000000772,1.01299815159592,7.744305805273094e-7,2.3373631360714935,0.09366105804646144
22.860000000000774,1.0129981501734127,7.900351395923425e-7,2.3373631569363273,0.09366106586881028
22.870000000000775,1.012998148804899,8.056136767062997e-7,2.337363178175206,0.09366107384707746
22.880000000000777,1.0129981474905567,8.211627447208585e-7,2.337363199792173,0.09366108198098556
22.89000000000078,1.0129981462305588,8.366788261484116e-7,2.3373632217912355,0.09366109027022242
22.90000000000078,1.0129981450250731,8.521583343613197e-7,2.337363244176369,0.09366109871444023
22.91000000000078,1.012998143874263,8.675976143945533e-7,2.3373632669515074,0.093661107313255
22.920000000000783,1.012998142778286,8.829929441074352e-7,2.3373632901205355,0.09366111606624598
22.930000000000785,1.0129981417372942,8.98340535002826e-7,2.337363313687289,0.09366112497295473
22.940000000000786,1.012998140751435,9.136365333561452e-7,2.337363337655554,0.09366113403288472
22.950000000000788,1.0129981398208499,9.288770213894719e-7,2.3373633620290524,0.0936611432455004
22.96000000000079,1.0129981389456746,9.440580179425002e-7,2.3373633868114494,0.09366115261022682
22.97000000000079,1.0129981381260384,9.59175480325746e-7,2.337363412006336,0.09366116212644895
22.980000000000793,1.012998137362065,9.742253052808358e-7,2.3373634376172374,0.093661171793511
22.990000000000794,1.0129981366538716,9.892033302233048e-7,2.3373634636476006,0.09366118161071575
23.000000000000796,1.0129981360015696,1.004105333716328e-6,2.3373634901007914,0.09366119157732421
23.010000000000797,1.012998135405263,1.0189270384610313e-6,2.337363516980092,0.09366120169255478
23.0200000000008,1.012998134865049,1.033664111660188e-6,2.3373635442886957,0.09366121195558288
23.0300000000008,1.0129981343810188,1.0483121662959593e-6,2.337363572029704,0.0936612223655403
23.040000000000802,1.0129981339532563,1.0628667629052522e-6,2.3373636002061215,0.09366123292151468
23.050000000000804,1.012998133581837,1.077323410384807e-6,2.337363628820847,0.09366124362254903
23.060000000000805,1.0129981332668303,1.0916775690505102e-6,2.3373636578766748,0.09366125446764126
23.070000000000807,1.0129981330082973,1.1059246509061892e-6,2.337363687376295,0.09366126545574352
23.08000000000081,1.012998132806292,1.120060021509003e-6,2.337363717322275,0.09366127658576191
23.09000000000081,1.01299813266086,1.134079001844779e-6,2.33736374771707,0.09366128785655599
23.10000000000081,1.0129981325720387,1.1479768700122399e-6,2.337363778563012,0.09366129926693828
23.110000000000813,1.0129981325398583,1.1617488621012048e-6,2.337363809862307,0.09366131081567383
23.120000000000815,1.0129981325643396,1.1753901750775275e-6,2.337363841617029,0.09366132250147993
23.130000000000816,1.0129981326454949,1.188895967834669e-6,2.3373638738291196,0.09366133432302559
23.140000000000818,1.012998132783328,1.2022613633915639e-6,2.337363906500379,0.09366134627893129
23.15000000000082,1.0129981329778337,1.2154814507772123e-6,2.337363939632468,0.09366135836776852
23.16000000000082,1.0129981332289986,1.2285512865116135e-6,2.3373639732269056,0.09366137058805947
23.170000000000822,1.012998133536799,1.2414658962956874e-6,2.337364007285056,0.09366138293827682
23.180000000000824,1.0129981339012024,1.2542202777959532e-6,2.3373640418081294,0.09366139541684333
23.190000000000826,1.0129981343221661,1.266809402092429e-6,2.3373640767971793,0.09366140802213158
23.200000000000827,1.0129981347996388,1.2792282159363339e-6,2.3373641122531033,0.09366142075246373
23.21000000000083,1.0129981353335593,1.2914716433815521e-6,2.3373641481766354,0.09366143360611132
23.22000000000083,1.0129981359238553,1.3035345876345533e-6,2.3373641845683335,0.093661446581295
23.23000000000083,1.0129981365704455,1.3154119341382517e-6,2.337364221428594,0.09366145967618442
23.240000000000833,1.0129981372732373,1.3270985513802554e-6,2.3373642587576318,0.09366147288889794
23.250000000000835,1.012998138032129,1.3385892942357565e-6,2.3373642965554855,0.09366148621750255
23.260000000000836,1.012998138847007,1.3498790057515996e-6,2.337364334822018,0.09366149966001372
23.270000000000838,1.0129981397177479,1.3609625188909126e-6,2.337364373556902,0.09366151321439532
23.28000000000084,1.0129981406442172,1.3718346590030432e-6,2.3373644127596243,0.09366152687855948
23.29000000000084,1.0129981416262688,1.3824902460224674e-6,2.337364452429482,0.09366154065036662
23.300000000000843,1.0129981426637462,1.3929240972630491e-6,2.3373644925655737,0.09366155452762528
23.310000000000844,1.0129981437564812,1.4031310291237896e-6,2.337364533166813,0.09366156850809218
23.320000000000846,1.0129981449042946,1.413105859523869e-6,2.3373645742319016,0.09366158258947219
23.330000000000847,1.0129981461069955,1.4228434100069718e-6,2.337364615759347,0.09366159676941843
23.34000000000085,1.0129981473643808,1.4323385086788503e-6,2.3373646577474463,0.09366161104553221
23.35000000000085,1.0129981486762363,1.4415859920940504e-6,2.3373647001942954,0.0936616254153632
23.360000000000852,1.0129981500423353,1.45058070778335e-6,2.3373647430977704,0.0936616398764095
23.370000000000854,1.0129981514624393,1.459317517018181e-6,2.3373647864555416,0.09366165442611768
23.380000000000855,1.012998152936298,1.4677912966610183e-6,2.3373648302650634,0.09366166906188306
23.390000000000857,1.0129981544636482,1.4759969420301894e-6,2.33736487452357,0.09366168378104983
23.40000000000086,1.0129981560442143,1.4839293693972862e-6,2.337364919228074,0.09366169858091118
23.41000000000086,1.012998157677709,1.4915835183377925e-6,2.337364964375372,0.09366171345870965
23.42000000000086,1.0129981593638315,1.498954354252124e-6,2.33736500996203,0.09366172841163718
23.430000000000863,1.0129981611022691,1.5060368705831538e-6,2.337365055984391,0.09366174343683563
23.440000000000865,1.0129981628926954,1.5128260918967972e-6,2.3373651024385635,0.09366175853139694
23.450000000000866,1.0129981647347712,1.5193170767467916e-6,2.33736514932043,0.09366177369236336
23.460000000000868,1.0129981666281451,1.5255049195830405e-6,2.3373651966256395,0.09366178891672798
23.47000000000087,1.0129981685724516,1.53138475351172e-6,2.3373652443496047,0.09366180420143505
23.48000000000087,1.012998170567313,1.5369517531536861e-6,2.3373652924875046,0.0936618195433803
23.490000000000872,1.012998172612338,1.5422011368275801e-6,2.3373653410342827,0.09366183493941142
23.500000000000874,1.0129981747071217,1.5471281695919187e-6,2.3373653899846367,0.09366185038632852
23.510000000000876,1.0129981768512457,1.5517281657066918e-6,2.337365439333025,0.09366186588088467
23.520000000000877,1.0129981790442788,1.5559964918844564e-6,2.337365489073668,0.09366188141978628
23.53000000000088,1.0129981812857758,1.5599285688521035e-6,2.337365539200541,0.0936618969996937
23.54000000000088,1.012998183575278,1.5635198749700122e-6,2.337365589707369,0.09366191261722175
23.550000000000882,1.012998185912313,1.5667659489060043e-6,2.3373656405876364,0.0936619282689404
23.560000000000883,1.0129981882963948,1.5696623919301828e-6,2.337365691834581,0.09366194395137527
23.570000000000885,1.012998190727024,1.572204870753788e-6,2.337365743441191,0.09366195966100835
23.580000000000886,1.0129981932036867,1.5743891205392636e-6,2.337365795400204,0.0936619753942786
23.590000000000888,1.012998195725856,1.57621094749933e-6,2.337365847704113,0.09366199114758268
23.60000000000089,1.0129981982929905,1.5776662314924674e-6,2.3373659003451515,0.09366200691727573
23.61000000000089,1.0129982009045355,1.5787509291029353e-6,2.3373659533153153,0.09366202269967201
23.620000000000893,1.012998203559922,1.5794610759941615e-6,2.3373660066063353,0.09366203849104578
23.630000000000894,1.0129982062585672,1.579792790350774e-6,2.337366060209699,0.09366205428763207
23.640000000000896,1.0129982089998746,1.5797422752228205e-6,2.3373661141166395,0.0936620700856275
23.650000000000897,1.012998211783234,1.579305820870905e-6,2.3373661683181384,0.09366208588119113
23.6600000000009,1.0129982146080208,1.5784798085922285e-6,2.337366222804922,0.09366210167044539
23.6700000000009,1.0129982174735965,1.577260712523437e-6,2.3373662775674653,0.09366211744947701
23.680000000000902,1.012998220379309,1.5756451032152879e-6,2.3373663325959906,0.09366213321433796
23.690000000000904,1.0129982233244932,1.5736296500970524e-6,2.337366387880472,0.0936621489610463
23.700000000000905,1.0129982263084687,1.5712111239643998e-6,2.3373664434106267,0.09366216468558738
23.710000000000907,1.0129982293305422,1.5683864001474651e-6,2.3373664991759218,0.09366218038391474
23.72000000000091,1.012998232390006,1.5651524613273677e-6,2.3373665551655725,0.0936621960519513
23.73000000000091,1.0129982354861393,1.5615064002522027e-6,2.3373666113685423,0.09366221168559022
23.74000000000091,1.012998238618208,1.5574454227688414e-6,2.3373666677735496,0.0936622272806962
23.750000000000913,1.0129982417854628,1.5529668499951145e-6,2.3373667243690583,0.09366224283310666
23.760000000000915,1.0129982449871429,1.548068121683473e-6,2.3373667811432877,0.09366225833863268
23.770000000000916,1.0129982482224726,1.5427467984809447e-6,2.3373668380842094,0.09366227379306041
23.780000000000918,1.0129982514906635,1.5370005652728912e-6,2.3373668951795485,0.09366228919215226
23.79000000000092,1.0129982547909138,1.5308272333505611e-6,2.337366952416785,0.09366230453164805
23.80000000000092,1.0129982581224082,1.5242247436915529e-6,2.3373670097831534,0.09366231980726637
23.810000000000922,1.0129982614843183,1.5171911694471244e-6,2.3373670672656517,0.09366233501470596
23.820000000000924,1.0129982648758031,1.509724718762916e-6,2.337367124851034,0.09366235014964684
23.830000000000926,1.0129982682960084,1.5018237369237533e-6,2.3373671825258175,0.09366236520775188
23.840000000000927,1.0129982717440673,1.4934867098184618e-6,2.3373672402762806,0.09366238018466808
23.85000000000093,1.0129982752191002,1.484712266230115e-6,2.3373672980884708,0.09366239507602798
23.86000000000093,1.0129982787202148,1.4754991802215022e-6,2.3373673559481984,0.0936624098774512
23.870000000000932,1.0129982822465065,1.465846374644353e-6,2.3373674138410485,0.09366242458454582
23.880000000000933,1.0129982857970588,1.4557529228680095e-6,2.3373674717523745,0.09366243919290987
23.890000000000935,1.0129982893709426,1.445218051502077e-6,2.337367529667307,0.09366245369813285
23.900000000000936,1.012998292967217,1.4342411432532032e-6,2.337367587570752,0.09366246809579741
23.910000000000938,1.0129982965849293,1.4228217392119367e-6,2.337367645447395,0.09366248238148067
23.92000000000094,1.012998300223115,1.410959541821604e-6,2.337367703281706,0.09366249655075616
23.93000000000094,1.012998303880799,1.3986544166873152e-6,2.3373677610579455,0.09366251059919507
23.940000000000943,1.0129983075569935,1.3859063950903945e-6,2.3373678187601516,0.09366252452236817
23.950000000000944,1.012998311250701,1.3727156772622948e-6,2.3373678763721677,0.09366253831584728
23.960000000000946,1.0129983149609127,1.359082633389427e-6,2.3373679338776268,0.09366255197520722
23.970000000000947,1.012998318686609,1.3450078067924292e-6,2.3373679912599616,0.09366256549602729
23.98000000000095,1.0129983224267594,1.3304919163418592e-6,2.3373680485024098,0.09366257887389311
23.99000000000095,1.0129983261803241,1.3155358585207758e-6,2.337368105588016,0.09366259210439835
24.000000000000952,1.012998329946253,1.3001407088903245e-6,2.3373681624996387,0.09366260518314662
24.010000000000954,1.0129983337234862,1.2843077252988537e-6,2.3373682192199494,0.0936626181057531
24.020000000000955,1.0129983375109541,1.2680383494417947e-6,2.3373682757314413,0.09366263086784649
24.030000000000957,1.0129983413075783,1.2513342090781383e-6,2.337368332016431,0.09366264346507083
24.04000000000096,1.0129983451122704,1.234197119949116e-6,2.3373683880570635,0.09366265589308749
24.05000000000096,1.012998348923935,1.2166290879653464e-6,2.3373684438353255,0.09366266814757673
24.06000000000096,1.0129983527414665,1.1986323106567181e-6,2.3373684993330337,0.09366268022424006
24.070000000000963,1.0129983565637524,1.180209179400713e-6,2.337368554531855,0.09366269211880172
24.080000000000965,1.012998360389671,1.16136228084153e-6,2.337368609413303,0.09366270382701104
24.090000000000966,1.0129983642180944,1.1420943994024562e-6,2.3373686639587494,0.09366271534464404
24.100000000000968,1.0129983680478871,1.1224085176961702e-6,2.3373687181494294,0.09366272666750566
24.11000000000097,1.0129983718779056,1.1023078188952086e-6,2.3373687719664398,0.09366273779143164
24.12000000000097,1.012998375707001,1.0817956882328131e-6,2.337368825390753,0.09366274871229056
24.130000000000972,1.0129983795340167,1.0608757141431618e-6,2.3373688784032187,0.09366275942598588
24.140000000000974,1.012998383357792,1.0395516899566561e-6,2.3373689309845798,0.09366276992845797
24.150000000000976,1.0129983871771588,1.0178276144710984e-6,2.3373689831154625,0.09366278021568614
24.160000000000977,1.0129983909909448,9.95707693870722e-7,2.337369034776396,0.09366279028369072
24.17000000000098,1.0129983947979715,9.73196342762525e-7,2.3373690859478113,0.09366280012853521
24.18000000000098,1.0129983985970572,9.502981853078304e-7,2.337369136610059,0.09366280974632821
24.190000000000982,1.0129984023870149,9.270180554633553e-7,2.3373691867434054,0.09366281913322567
24.200000000000983,1.0129984061666546,9.033609983315002e-7,2.337369236328046,0.09366282828543288
24.210000000000985,1.012998409934782,8.793322709232311e-7,2.3373692853441077,0.09366283719920672
24.220000000000987,1.0129984136902,8.549373427395849e-7,2.3373693337716657,0.09366284587085759
24.230000000000988,1.0129984174317086,8.301818964802273e-7,2.337369381590739,0.09366285429675181
24.24000000000099,1.012998421158106,8.050718284247981e-7,2.337369428781313,0.09366286247331344
24.25000000000099,1.0129984248681883,7.796132487167119e-7,2.337369475323334,0.09366287039702666
24.260000000000993,1.0129984285607496,7.538124817802934e-7,2.337369521196728,0.0936628780644378
24.270000000000994,1.0129984322345837,7.276760661622754e-7,2.337369566381401,0.09366288547215747
24.280000000000996,1.0129984358884834,7.012107548309445e-7,2.3373696108572553,0.09366289261686277
24.290000000000997,1.012998439521241,6.744235148632441e-7,2.3373696546041915,0.09366289949529942
24.300000000001,1.0129984431316492,6.473215280878328e-7,2.3373696976021208,0.09366290610428389
24.310000000001,1.0129984467185016,6.199121901495139e-7,2.3373697398309803,0.09366291244070547
24.320000000001002,1.0129984502805924,5.922031094281445e-7,2.3373697812707266,0.09366291850152851
24.330000000001004,1.0129984538167178,5.642021079679421e-7,2.3373698219013623,0.09366292428379457
24.340000000001005,1.0129984573256756,5.359172201263602e-7,2.3373698617029355,0.09366292978462437
24.350000000001007,1.012998460806267,5.073566914268262e-7,2.3373699006555557,0.09366293500122012
24.36000000000101,1.0129984642572945,4.785289780804241e-7,2.337369938739394,0.09366293993086755
24.37000000000101,1.0129984676775654,4.4944274638256226e-7,2.3373699759347075,0.09366294457093795
24.38000000000101,1.0129984710658908,4.2010687079592726e-7,2.337370012221841,0.0936629489188903
24.390000000001013,1.0129984744210851,3.905304325233177e-7,2.337370047581229,0.09366295297227349
24.400000000001015,1.0129984777419692,3.6072271974708653e-7,2.3373700819934315,0.09366295672872806
24.410000000001016,1.0129984810273678,3.306932233614475e-7,2.337370115439117,0.09366296018598856
24.420000000001018,1.0129984842761122,3.004516377989422e-7,2.337370147899089,0.09366296334188552
24.43000000000102,1.0129984874870404,2.7000785801050377e-7,2.337370179354295,0.0936629661943473
24.44000000000102,1.0129984906589962,2.3937197730207347e-7,2.337370209785832,0.09366296874140229
24.450000000001022,1.012998493790832,2.0855428622000562e-7,2.3373702391749673,0.09366297098118075
24.460000000001024,1.0129984968814065,1.775652693494958e-7,2.3373702675031325,0.09366297291191689
24.470000000001026,1.0129984999295887,1.4641560364700595e-7,2.337370294751963,0.09366297453195062
24.480000000001027,1.012998502934255,1.1511615534922123e-7,2.3373703209032786,0.09366297583972966
24.49000000000103,1.0129985058942916,8.367797780976891e-8,2.3373703459391133,0.09366297683381127
24.50000000000103,1.0129985088085953,5.2112308319740005e-8,2.337370369841729,0.0936629775128642
24.510000000001032,1.0129985116760722,2.043056511627958e-8,2.3373703925936162,0.0936629778756705
24.520000000001033,1.01299851449564,-1.1355655463800535e-8,2.3373704141775082,0.09366297792112724
24.530000000001035,1.0129985172662281,-4.323458197158449e-8,2.3373704345763997,0.09366297764824837
24.540000000001037,1.012998519986778,-7.519427194909479e-8,2.3373704537735582,0.09366297705616639
24.550000000001038,1.012998522656243,-1.0722261534497528e-7,2.3373704717525268,0.09366297614413407
24.56000000000104,1.0129985252735902,-1.393073376461251e-7,2.3373704884971422,0.09366297491152617
24.57000000000104,1.0129985278378,-1.714360040998821e-7,2.3373705039915498,0.09366297335784086
24.580000000001043,1.0129985303478675,-2.0359602357270086e-7,2.337370518220216,0.09366297148270157
24.590000000001044,1.0129985328028017,-2.3577465316091097e-7,2.3373705311679296,0.09366296928585835
24.600000000001046,1.0129985352016275,-2.6795900194071776e-7,2.337370542819827,0.09366296676718942
24.610000000001047,1.012998537543385,-3.001360354253329e-7,2.3373705531613984,0.09366296392670265
24.62000000000105,1.0129985398271304,-3.322925804539803e-7,2.3373705621784953,0.093662960764537
24.63000000000105,1.0129985420519376,-3.644153291076662e-7,2.3373705698573555,0.09366295728096373
24.640000000001052,1.0129985442168978,-3.964908447582221e-7,2.337370576184609,0.09366295347638787
24.650000000001054,1.0129985463211195,-4.2850556659225785e-7,2.337370581147285,0.09366294935134943
24.660000000001055,1.0129985483637292,-4.6044581467007414e-7,2.337370584732824,0.09366294490652474
24.670000000001057,1.0129985503438734,-4.922977945851513e-7,2.3373705869291035,0.09366294014272736
24.68000000000106,1.0129985522607172,-5.240476041308047e-7,2.3373705877244335,0.09366293506090942
24.69000000000106,1.0129985541134463,-5.556812378842516e-7,2.3373705871075794,0.09366292966216255
24.70000000000106,1.0129985559012666,-5.871845934856567e-7,2.3373705850677733,0.0936629239477189
24.710000000001063,1.0129985576234046,-6.185434775461432e-7,2.3373705815947132,0.09366291791895222
24.720000000001065,1.0129985592791089,-6.497436107918806e-7,2.3373705766785946,0.0936629115773785
24.730000000001066,1.0129985608676497,-6.807706350052369e-7,2.3373705703101058,0.09366290492465701
24.740000000001068,1.0129985623883198,-7.116101191272114e-7,2.337370562480448,0.09366289796259095
24.75000000000107,1.0129985638404357,-7.422475650632357e-7,2.3373705531813487,0.09366289069312805
24.76000000000107,1.012998565223336,-7.726684150027733e-7,2.3373705424050586,0.0936628831183616
24.770000000001072,1.0129985665363845,-8.028580575646732e-7,2.337370530144384,0.09366287524053045
24.780000000001074,1.0129985677789692,-8.328018344367673e-7,2.3373705163926815,0.09366286706201997
24.790000000001076,1.0129985689505023,-8.624850476371274e-7,2.3373705011438743,0.09366285858536227
24.800000000001077,1.0129985700504227,-8.918929657705088e-7,2.337370484392464,0.09366284981323664
24.81000000000108,1.0129985710781937,-9.210108318133029e-7,2.337370466133537,0.09366284074846978
24.82000000000108,1.0129985720333057,-9.49823869574082e-7,2.3373704463627836,0.09366283139403615
24.830000000001082,1.0129985729152764,-9.783172913429143e-7,2.3373704250765,0.09366282175305785
24.840000000001083,1.01299857372365,-1.006476305616521e-6,2.3373704022716026,0.09366281182880502
24.850000000001085,1.0129985744579983,-1.0342861242174535e-6,2.3373703779456303,0.09366280162469572
24.860000000001087,1.0129985751179218,-1.061731969683952e-6,2.337370352096765,0.09366279114429578
24.870000000001088,1.0129985757030489,-1.088799083053982e-6,2.3373703247238344,0.0936627803913188
24.88000000000109,1.0129985762130371,-1.115472731557471e-6,2.3373702958263216,0.09366276936962568
24.89000000000109,1.0129985766475733,-1.1417382165228135e-6,2.3373702654043744,0.09366275808322468
24.900000000001093,1.0129985770063739,-1.1675808811100853e-6,2.3373702334588122,0.09366274653627073
24.910000000001094,1.0129985772891856,-1.1929861182204087e-6,2.337370199991139,0.09366273473306513
24.920000000001096,1.012998577495786,-1.2179393786708748e-6,2.337370165003548,0.09366272267805494
24.930000000001098,1.0129985776259822,-1.2424261795482314e-6,2.337370128498925,0.09366271037583243
24.9400000000011,1.0129985776796138,-1.2664321114966292e-6,2.3373700904808623,0.09366269783113429
24.9500000000011,1.0129985776565509,-1.2899428472969187e-6,2.3373700509536635,0.0936626850488409
24.960000000001102,1.0129985775566965,-1.3129441505611953e-6,2.337370009922352,0.0936626720339755
24.970000000001104,1.012998577379985,-1.335421883097205e-6,2.337369967392671,0.09366265879170314
24.980000000001105,1.0129985771263836,-1.3573620144884023e-6,2.3373699233710994,0.09366264532732983
24.990000000001107,1.0129985767958918,-1.3787506289013185e-6,2.3373698778648406,0.09366263164630127
25.00000000000111,1.0129985763885425,-1.3995739343141057e-6,2.337369830881851,0.09366261775420166
25.01000000000111,1.0129985759044022,-1.4198182704699704e-6,2.337369782430822,0.0936626036567525
25.02000000000111,1.0129985753435702,-1.439470117602301e-6,2.337369732521205,0.0936625893598112
25.030000000001113,1.0129985747061803,-1.4585161048565414e-6,2.337369681163193,0.0936625748693697
25.040000000001115,1.0129985739923997,-1.4769430179943888e-6,2.3373696283677474,0.0936625601915527
25.050000000001116,1.0129985732024307,-1.4947378082755152e-6,2.337369574146584,0.0936625453326164
25.060000000001118,1.0129985723365091,-1.5118876010713016e-6,2.337369518512183,0.09366253029894656
25.07000000000112,1.0129985713949061,-1.5283797033643555e-6,2.337369461477791,0.09366251509705673
25.08000000000112,1.0129985703779276,-1.5442016130552244e-6,2.337369403057423,0.0936624997335865
25.090000000001123,1.012998569285914,-1.5593410267613852e-6,2.3373693432658587,0.09366248421529949
25.100000000001124,1.0129985681192415,-1.5737858475124014e-6,2.337369282118652,0.09366246854908128
25.110000000001126,1.0129985668783208,-1.5875241939666512e-6,2.3373692196321234,0.09366245274193742
25.120000000001127,1.0129985655635987,-1.600544407996725e-6,2.337369155823369,0.09366243680099115
25.13000000000113,1.012998564175557,-1.6128350628508882e-6,2.3373690907102493,0.09366242073348109
25.14000000000113,1.0129985627147127,-1.6243849707839893e-6,2.337369024311392,0.09366240454675902
25.150000000001132,1.0129985611816192,-1.635183191587176e-6,2.337368956646199,0.0936623882482873
25.160000000001133,1.0129985595768654,-1.6452190401332944e-6,2.337368887734836,0.09366237184563643
25.170000000001135,1.0129985579010752,-1.6544820946787623e-6,2.337368817598228,0.09366235534648247
25.180000000001137,1.012998556154909,-1.6629622035491355e-6,2.3373687462580612,0.09366233875860436
25.190000000001138,1.0129985543390625,-1.670649494116841e-6,2.337368673736784,0.09366232208988115
25.20000000000114,1.0129985524542675,-1.6775343789513413e-6,2.337368600057592,0.0936623053482892
25.21000000000114,1.0129985505012904,-1.683607564170575e-6,2.337368525244429,0.0936622885418993
25.220000000001143,1.012998548480935,-1.6888600562026602e-6,2.3373684493219904,0.09366227167887362
25.230000000001144,1.012998546394039,-1.6932831696031806e-6,2.3373683723156953,0.0936622547674628
25.240000000001146,1.0129985442414757,-1.6968685331169305e-6,2.3373682942517053,0.09366223781600279
25.250000000001148,1.0129985420241552,-1.6996080972849809e-6,2.337368215156908,0.09366222083291152
25.26000000000115,1.0129985397430212,-1.701494140961083e-6,2.3373681350589037,0.09366220382668594
25.27000000000115,1.0129985373990533,-1.7025192781354053e-6,2.3373680539860024,0.09366218680589843
25.280000000001152,1.0129985349932658,-1.7026764638345408e-6,2.3373679719672253,0.09366216977919356
25.290000000001154,1.012998532526708,-1.7019590011308113e-6,2.33736788903228,0.09366215275528464
25.300000000001155,1.0129985300004631,-1.7003605468575858e-6,2.33736780521156,0.0936621357429502
25.310000000001157,1.0129985274156492,-1.6978751173587108e-6,2.3373677205361334,0.09366211875103035
25.32000000000116,1.0129985247734188,-1.694497094815616e-6,2.337367635037736,0.09366210178842324
25.33000000000116,1.0129985220749578,-1.6902212325182767e-6,2.337367548748757,0.09366208486408131
25.34000000000116,1.0129985193214859,-1.685042660423349e-6,2.3373674617022244,0.09366206798700766
25.350000000001163,1.012998516514256,-1.678956890190471e-6,2.337367373931801,0.09366205116625215
25.360000000001165,1.0129985136545543,-1.6719598203131358e-6,2.3373672854717675,0.09366203441090759
25.370000000001166,1.0129985107437,-1.6640477407381151e-6,2.337367196357011,0.09366201773010582
25.380000000001168,1.0129985077830437,-1.6552173382903492e-6,2.3373671066230073,0.09366200113301386
25.39000000000117,1.0129985047739687,-1.645465699767858e-6,2.3373670163058122,0.09366198462882988
25.40000000000117,1.0129985017178902,-1.6347903165032985e-6,2.337366925442048,0.09366196822677907
25.410000000001173,1.012998498616254,-1.6231890891764826e-6,2.337366834068885,0.09366195193610974
25.420000000001174,1.012998495470537,-1.610660330161948e-6,2.337366742224023,0.0936619357660891
25.430000000001176,1.0129984922822475,-1.597202767922255e-6,2.3373666499456878,0.09366191972599917
25.440000000001177,1.0129984890529222,-1.5828155501104012e-6,2.337366557272601,0.09366190382513265
25.45000000000118,1.0129984857841288,-1.5674982462716708e-6,2.3373664642439707,0.09366188807278854
25.46000000000118,1.0129984824774632,-1.5512508508899183e-6,2.3373663708994745,0.09366187247826807
25.470000000001182,1.0129984791345499,-1.5340737854205266e-6,2.3373662772792354,0.09366185705087046
25.480000000001183,1.0129984757570423,-1.5159679006880188e-6,2.3373661834238133,0.09366184179988847
25.490000000001185,1.0129984723466203,-1.4969344793121018e-6,2.3373660893741786,0.09366182673460426
25.500000000001187,1.0129984689049918,-1.4769752371517778e-6,2.3373659951716967,0.09366181186428499
25.510000000001188,1.0129984654338904,-1.4560923239606477e-6,2.3373659008581065,0.09366179719817848
25.52000000000119,1.0129984619350756,-1.4342883256239582e-6,2.3373658064755034,0.09366178274550886
25.53000000000119,1.012998458410333,-1.4115662644723627e-6,2.337365712066318,0.09366176851547221
25.540000000001193,1.0129984548614723,-1.3879296002920687e-6,2.3373656176732935,0.09366175451723228
25.550000000001194,1.012998451290327,-1.3633822300256902e-6,2.3373655233394652,0.09366174075991593
25.560000000001196,1.0129984476987546,-1.3379284885146336e-6,2.3373654291081416,0.09366172725260892
25.570000000001198,1.012998444088635,-1.3115731476250427e-6,2.3373653350228816,0.09366171400435153
25.5800000000012,1.0129984404618708,-1.2843214162500891e-6,2.3373652411274746,0.093661701024134
25.5900000000012,1.0129984368203853,-1.2561789393578956e-6,2.337365147465907,0.0936616883208924
25.600000000001202,1.0129984331661228,-1.227151796821201e-6,2.3373650540823583,0.09366167590350419
25.610000000001204,1.0129984295010483,-1.197246502081084e-6,2.3373649610211626,0.09366166378078375
25.620000000001205,1.0129984258271454,-1.166470000635657e-6,2.3373648683267914,0.09366165196147823
25.630000000001207,1.0129984221464163,-1.1348296680355336e-6,2.3373647760438305,0.09366164045426321
25.64000000000121,1.0129984184608816,-1.1023333072511087e-6,2.337364684216953,0.09366162926773837
25.65000000000121,1.0129984147725786,-1.068989146737542e-6,2.3373645928909,0.09366161841042313
25.66000000000121,1.0129984110835604,-1.0348058369615897e-6,2.337364502110452,0.09366160789075266
25.670000000001213,1.0129984073958975,-9.997924479838412e-7,2.337364411920409,0.09366159771707337
25.680000000001215,1.012998403711673,-9.639584661254762e-7,2.3373643223655627,0.09366158789763904
25.690000000001216,1.0129984000329852,-9.273137890962013e-7,2.337364233490668,0.09366157844060645
25.700000000001218,1.0129983963619456,-8.898687233560269e-7,2.337364145340431,0.09366156935403129
25.71000000000122,1.0129983927006774,-8.516339792110829e-7,2.337364057959468,0.09366156064586428
25.72000000000122,1.0129983890513152,-8.126206666804529e-7,2.3373639713922865,0.09366155232394703
25.730000000001223,1.0129983854160056,-7.728402896249272e-7,2.3373638856832724,0.09366154439600793
25.740000000001224,1.012998381796904,-7.323047424975964e-7,2.3373638008766444,0.09366153686965854
25.750000000001226,1.0129983781961747,-6.91026303278966e-7,2.3373637170164403,0.09366152975238945
25.760000000001227,1.0129983746159907,-6.490176289152311e-7,2.3373636341464903,0.0936615230515666
25.77000000000123,1.0129983710585313,-6.062917488485643e-7,2.337363552310383,0.09366151677442755
25.78000000000123,1.0129983675259828,-5.62862058157571e-7,2.3373634715514573,0.0936615109280777
25.790000000001232,1.0129983640205371,-5.187423126554738e-7,2.3373633919127608,0.09366150551948664
25.800000000001234,1.0129983605443906,-4.739466209538042e-7,2.3373633134370357,0.09366150055548468
25.810000000001235,1.0129983570997434,-4.2848943827388526e-7,2.337363236166684,0.09366149604275925
25.820000000001237,1.0129983536887983,-3.8238555843436385e-7,2.33736316014375,0.09366149198785158
25.830000000001238,1.0129983503137596,-3.3565010740746793e-7,2.3373630854098875,0.09366148839715334
25.84000000000124,1.0129983469768336,-2.8829853431260676e-7,2.337363012006341,0.09366148527690321
25.85000000000124,1.0129983436802257,-2.403466046498282e-7,2.3373629399739206,0.0936614826331839
25.860000000001243,1.0129983404261413,-1.9181039120431193e-7,2.3373628693529755,0.09366148047191879
25.870000000001244,1.0129983372167837,-1.4270626633138438e-7,2.337362800183368,0.09366147879886913
25.880000000001246,1.0129983340543534,-9.30508931704739e-8,2.3373627325044515,0.09366147761963095
25.890000000001248,1.0129983309410473,-4.2861216316432165e-8,2.33736266635504,0.0936614769396323
25.90000000000125,1.0129983278790582,7.845547394508527e-9,2.337362601773399,0.09366147676413031
25.91000000000125,1.0129983248705734,5.905191730009863e-8,2.337362538797203,0.09366147709820866
25.920000000001252,1.012998321917774,1.1074015873344694e-7,2.3373624774635324,0.09366147794677494
25.930000000001254,1.0129983190228333,1.628922928006977e-7,2.337362417808828,0.09366147931455819
25.940000000001255,1.0129983161879177,2.1549010631471773e-7,2.337362359868887,0.09366148120610641
25.950000000001257,1.0129983134151832,2.685151616351365e-7,2.3373623036788316,0.09366148362578446
25.96000000000126,1.0129983107067766,3.2194880718270507e-7,2.337362249273084,0.09366148657777165
25.97000000000126,1.0129983080648337,3.7577218744278073e-7,2.3373621966853566,0.09366149006605974
25.98000000000126,1.0129983054914786,4.299662536685858e-7,2.3373621459486156,0.09366149409445103
25.990000000001263,1.0129983029888232,4.845117746382549e-7,2.337362097095076,0.09366149866655635
26.000000000001265,1.0129983005589647,5.393893473201926e-7,2.337362050156162,0.09366150378579338
26.010000000001266,1.0129982982039871,5.945794078350091e-7,2.3373620051625066,0.09366150945538494
26.020000000001268,1.012998295925959,6.500622428543594e-7,2.3373619621439174,0.09366151567835744
26.03000000000127,1.0129982937269315,7.058180001607879e-7,2.337361921129365,0.09366152245753956
26.04000000000127,1.0129982916089404,7.618267007442601e-7,2.3373618821469626,0.09366152979556062
26.050000000001273,1.012998289574003,8.180682494379896e-7,2.3373618452239473,0.09366153769484975
26.060000000001274,1.0129982876241181,8.745224465584949e-7,2.3373618103866645,0.09366154615763445
26.070000000001276,1.012998285761264,9.311689999371827e-7,2.33736177766054,0.09366155518593987
26.080000000001277,1.0129982839873999,9.879875362325203e-7,2.337361747070083,0.09366156478158774
26.09000000000128,1.0129982823044628,1.0449576124973124e-6,2.3373617186388573,0.09366157494619574
26.10000000000128,1.0129982807143685,1.1020587280105642e-6,2.337361692389465,0.09366158568117679
26.110000000001282,1.0129982792190093,1.1592703364029177e-6,2.337361668343533,0.09366159698773859
26.120000000001284,1.0129982778202542,1.2165718573928437e-6,2.337361646521707,0.09366160886688324
26.130000000001285,1.012998276519948,1.2739426884827137e-6,2.337361626943627,0.09366162131940677
26.140000000001287,1.0129982753199094,1.331362216672393e-6,2.337361609627919,0.09366163434589933
26.150000000001288,1.0129982742219334,1.3888098306636285e-6,2.3373615945921906,0.09366164794674472
26.16000000000129,1.0129982732277858,1.4462649322931525e-6,2.3373615818529987,0.09366166212212089
26.17000000000129,1.012998272339207,1.5037069493792198e-6,2.3373615714258626,0.09366167687199974
26.180000000001293,1.012998271557908,1.5611153465762614e-6,2.3373615633252363,0.09366169219614776
26.190000000001294,1.0129982708855714,1.618469637834449e-6,2.337361557564507,0.0936617080941263
26.200000000001296,1.0129982703238511,1.675749397757577e-6,2.337361554155989,0.09366172456529208
26.210000000001298,1.0129982698743702,1.7329342734725058e-6,2.3373615531109055,0.09366174160879796
26.2200000000013,1.0129982695387214,1.7900039963788549e-6,2.337361554439391,0.09366175922359368
26.2300000000013,1.0129982693184651,1.846938393587927e-6,2.337361558150479,0.0936617774084268
26.240000000001302,1.012998269215131,1.9037173999057063e-6,2.3373615642520975,0.09366179616184361
26.250000000001304,1.0129982692302155,1.9603210686597005e-6,2.3373615727510675,0.09366181548219034
26.260000000001305,1.0129982693651822,2.016729583269232e-6,2.3373615836530948,0.0936618353676144
26.270000000001307,1.01299826962146,2.072923268360297e-6,2.337361596962761,0.09366185581606584
26.28000000000131,1.0129982700004443,2.1288826016100098e-6,2.3373616126835333,0.09366187682529856
26.29000000000131,1.0129982705034954,2.1845882236738367e-6,2.3373616308177514,0.09366189839287213
26.30000000000131,1.0129982711319383,2.2400209502218393e-6,2.3373616513666335,0.09366192051615337
26.310000000001313,1.0129982718870625,2.2951617815959917e-6,2.3373616743302716,0.09366194319231813
26.320000000001315,1.0129982727701201,2.3499919140546214e-6,2.3373616997076336,0.09366196641835331
26.330000000001316,1.012998273782328,2.404492749541212e-6,2.3373617274965603,0.09366199019105871
26.340000000001318,1.0129982749248643,2.4586459067764526e-6,2.3373617576937757,0.09366201450704932
26.35000000000132,1.0129982761988703,2.5124332304420105e-6,2.337361790294876,0.09366203936275737
26.36000000000132,1.0129982776054491,2.56583680194242e-6,2.3373618252943498,0.09366206475443474
26.370000000001323,1.012998279145666,2.618838948545812e-6,2.337361862685569,0.0936620906781553
26.380000000001324,1.0129982808205458,2.6714222528297274e-6,2.337361902460794,0.09366211712981755
26.390000000001326,1.0129982826310757,2.7235695628744387e-6,2.337361944611189,0.09366214410514706
26.400000000001327,1.0129982845782037,2.7752639998409964e-6,2.3373619891268245,0.09366217159969922
26.41000000000133,1.0129982866628369,2.8264889676347172e-6,2.3373620359966742,0.09366219960886214
26.42000000000133,1.012998288885843,2.8772281621239413e-6,2.3373620852086376,0.09366222812785932
26.430000000001332,1.0129982912480497,2.9274655782779333e-6,2.3373621367495416,0.09366225715175278
26.440000000001334,1.0129982937502435,2.977185518998582e-6,2.3373621906051447,0.09366228667544597
26.450000000001335,1.0129982963931712,3.0263726034693407e-6,2.3373622467601587,0.09366231669368692
26.460000000001337,1.0129982991775375,3.075011773593046e-6,2.3373623051982495,0.09366234720107158
26.47000000000134,1.0129983021040063,3.1230883027086057e-6,2.337362365902052,0.0936623781920469
26.48000000000134,1.0129983051732014,3.170587802053985e-6,2.337362428853186,0.09366240966091416
26.49000000000134,1.0129983083857041,3.217496227583872e-6,2.3373624940322637,0.09366244160183265
26.500000000001343,1.0129983117420545,3.2637998869342056e-6,2.337362561418901,0.09366247400882284
26.510000000001344,1.0129983152427513,3.3094854454054737e-6,2.3373626309917443,0.09366250687577005
26.520000000001346,1.0129983188882523,3.354539931157382e-6,2.3373627027284725,0.09366254019642813
26.530000000001348,1.012998322678972,3.3989507424045813e-6,2.337362776605815,0.09366257396442303
26.54000000000135,1.0129983266152849,3.442705652293136e-6,2.3373628525995724,0.0936626081732566
26.55000000000135,1.012998330697523,3.4857928139173712e-6,2.3373629306846295,0.09366264281631019
26.560000000001352,1.0129983349259764,3.528200764880873e-6,2.337363010834974,0.09366267788684876
26.570000000001354,1.012998339300894,3.5699184325169678e-6,2.337363093023708,0.09366271337802451
26.580000000001355,1.0129983438224837,3.6109351379957045e-6,2.3373631772230885,0.09366274928288085
26.590000000001357,1.012998348490911,3.651240599027599e-6,2.3373632634045136,0.0936627855943564
26.60000000000136,1.0129983533063005,3.690824935329885e-6,2.3373633515385634,0.093662822305289
26.61000000000136,1.0129983582687354,3.7296786709527566e-6,2.337363441595022,0.0936628594084197
26.62000000000136,1.0129983633782578,3.7677927369124096e-6,2.337363533542885,0.09366289689639683
26.630000000001363,1.0129983686348694,3.805158474928854e-6,2.3373636273503915,0.09366293476177999
26.640000000001365,1.0129983740385304,3.841767638271089e-6,2.337363722985037,0.09366297299704433
26.650000000001366,1.0129983795891606,3.877612395291274e-6,2.3373638204136027,0.09366301159458468
26.660000000001368,1.0129983852866407,3.91268533049875e-6,2.3373639196021783,0.09366305054671945
26.67000000000137,1.012998391130809,3.946979445589485e-6,2.3373640205161705,0.09366308984569514
26.68000000000137,1.0129983971214658,3.980488161719248e-6,2.3373641231203477,0.09366312948369032
26.690000000001373,1.0129984032583714,4.013205318817888e-6,2.337364227378851,0.09366316945281979
26.700000000001374,1.012998409541247,4.045125176726552e-6,2.3373643332552168,0.09366320974513895
26.710000000001376,1.0129984159697742,4.076242415569555e-6,2.3373644407124066,0.09366325035264786
26.720000000001377,1.0129984225435968,4.106552135308929e-6,2.3373645497128286,0.09366329126729545
26.73000000000138,1.0129984292623195,4.136049855343173e-6,2.337364660218361,0.09366333248098382
26.74000000000138,1.0129984361255104,4.164731513919115e-6,2.337364772190386,0.0936633739855723
26.750000000001382,1.0129984431326984,4.192593466243075e-6,2.337364885589799,0.0936634157728817
26.760000000001384,1.0129984502833764,4.219632484379689e-6,2.337365000377046,0.09366345783469847
26.770000000001385,1.0129984575770004,4.2458457550110565e-6,2.337365116512153,0.09366350016277886
26.780000000001387,1.0129984650129904,4.27123087669221e-6,2.3373652339547433,0.09366354274885302
26.79000000000139,1.0129984725907302,4.295785858194606e-6,2.3373653526640568,0.0936635855846292
26.80000000000139,1.012998480309568,4.3195091164169e-6,2.3373654725989974,0.09366362866179774
26.81000000000139,1.0129984881688177,4.342399472718968e-6,2.3373655937181375,0.09366367197203512
26.820000000001393,1.0129984961677578,4.364456150286134e-6,2.337365715979757,0.0936637155070082
26.830000000001395,1.0129985043056347,4.385678771061821e-6,2.3373658393418673,0.0936637592583779
26.840000000001396,1.0129985125816592,4.406067351121425e-6,2.337365963762235,0.09366380321780345
26.850000000001398,1.012998520995011,4.425622297641132e-6,2.3373660891984134,0.09366384737694611
26.8600000000014,1.012998529544837,4.444344403938801e-6,2.3373662156077635,0.0936638917274732
26.8700000000014,1.0129985382302513,4.46223484499686e-6,2.3373663429474782,0.0936639362610619
26.880000000001402,1.012998547050338,4.47929517413944e-6,2.337366471174618,0.09366398096940301
26.890000000001404,1.0129985560041501,4.4955273167146036e-6,2.337366600246131,0.09366402584420472
26.900000000001405,1.012998565090711,4.5109335653706845e-6,2.3373667301188785,0.09366407087719632
26.910000000001407,1.0129985743090133,4.5255165746120214e-6,2.3373668607496643,0.09366411606013184
26.92000000000141,1.0129985836580222,4.539279355374537e-6,2.337366992095257,0.09366416138479368
26.93000000000141,1.012998593136674,4.552225268609943e-6,2.337367124112421,0.09366420684299602
26.94000000000141,1.0129986027438775,4.564358019729032e-6,2.337367256757932,0.09366425242658846
26.950000000001413,1.012998612478514,4.575681652518352e-6,2.337367389988615,0.09366429812745933
26.960000000001415,1.0129986223394392,4.586200542304417e-6,2.3373675237613583,0.093664343937539
26.970000000001416,1.0129986323254827,4.595919389588674e-6,2.33736765803315,0.09366438984880332
26.980000000001418,1.0129986424354491,4.604843212589941e-6,2.337367792761092,0.09366443585327666
26.99000000000142,1.012998652668118,4.61297734095685e-6,2.337367927902421,0.09366448194303521
27.00000000000142,1.0129986630222458,4.6203274086211995e-6,2.3373680634145515,0.09366452811020994
27.010000000001423,1.0129986734965661,4.6268993466352125e-6,2.3373681992550828,0.09366457434698959
27.020000000001424,1.0129986840897889,4.632699374527834e-6,2.3373683353818198,0.09366462064562382
27.030000000001426,1.0129986948006038,4.637733994333001e-6,2.3373684717528183,0.09366466699842572
27.040000000001427,1.0129987056276786,4.642009981342445e-6,2.33736860832638,0.09366471339777493
27.05000000000143,1.0129987165696606,4.645534377491622e-6,2.3373687450610934,0.09366475983612003
27.06000000000143,1.0129987276251775,4.648314482890553e-6,2.3373688819158427,0.09366480630598147
27.070000000001432,1.012998738792838,4.650357847483962e-6,2.3373690188498446,0.09366485279995385
27.080000000001434,1.0129987500712327,4.651672263282368e-6,2.3373691558226573,0.09366489931070854
27.090000000001435,1.0129987614589342,4.65226575588969e-6,2.3373692927942042,0.093664945830996
27.100000000001437,1.012998772954498,4.65214657637301e-6,2.337369429724791,0.09366499235364804
27.11000000000144,1.0129987845564639,4.651323192283307e-6,2.3373695665751315,0.09366503887158013
27.12000000000144,1.0129987962633555,4.649804280016307e-6,2.337369703306368,0.09366508537779342
27.13000000000144,1.012998808073682,4.647598715408607e-6,2.337369839880077,0.09366513186537685
27.140000000001443,1.0129988199859377,4.644715565567825e-6,2.337369976258298,0.09366517832750908
27.150000000001445,1.0129988319986043,4.641164080532198e-6,2.3373701124035544,0.09366522475746035
27.160000000001446,1.0129988441101498,4.636953683814849e-6,2.3373702482788574,0.09366527114859426
27.170000000001448,1.012998856319031,4.632093964038015e-6,2.3373703838477384,0.09366531749436952
27.18000000000145,1.012998868623692,4.626594666620075e-6,2.337370519074249,0.09366536378834155
27.19000000000145,1.012998881022567,4.6204656843615e-6,2.337370653922986,0.0936654100241639
27.200000000001452,1.01299889351408,4.613717049478775e-6,2.3373707883591086,0.09366545619558972
27.210000000001454,1.0129989060966453,4.606358923758815e-6,2.3373709223483448,0.09366550229647325
27.220000000001455,1.0129989187686688,4.598401590921738e-6,2.3373710558570093,0.09366554832077084
27.230000000001457,1.0129989315285477,4.589855447288069e-6,2.3373711888520186,0.09366559426254234
27.24000000000146,1.012998944374672,4.580730993121535e-6,2.3373713213008958,0.09366564011595206
27.25000000000146,1.0129989573054257,4.571038824336351e-6,2.337371453171793,0.09366568587526977
27.26000000000146,1.0129989703191848,4.5607896234739325e-6,2.3373715844334906,0.09366573153487175
27.270000000001463,1.0129989834143218,4.549994151953072e-6,2.3373717150554234,0.09366577708924134
27.280000000001465,1.0129989965892026,4.538663240427981e-6,2.3373718450076773,0.09366582253296997
27.290000000001466,1.01299900984219,4.526807781293574e-6,2.337371974261002,0.09366586786075767
27.300000000001468,1.0129990231716426,4.51443871992499e-6,2.337372102786827,0.0936659130674136
27.31000000000147,1.0129990365759163,4.50156704585082e-6,2.3373722305572615,0.09366595814785668
27.32000000000147,1.0129990500533643,4.488203785807587e-6,2.337372357545104,0.0936660030971159
27.330000000001473,1.012999063602338,4.47435999461834e-6,2.337372483723853,0.09366604791033065
27.340000000001474,1.0129990772211883,4.460046747454171e-6,2.3373726090677134,0.09366609258275092
27.350000000001476,1.012999090908264,4.445275131620892e-6,2.3373727335515952,0.09366613710973765
27.360000000001477,1.0129991046619145,4.430056239338112e-6,2.337372857151125,0.09366618148676262
27.37000000000148,1.0129991184804903,4.414401159870851e-6,2.3373729798426552,0.09366622570940847
27.38000000000148,1.0129991323623417,4.398320971519198e-6,2.337373101603255,0.0936662697733688
27.390000000001482,1.0129991463058217,4.38182673440609e-6,2.337373222410728,0.09366631367444775
27.400000000001484,1.012999160309285,4.36492948297577e-6,2.337373342243607,0.09366635740856008
27.410000000001485,1.0129991743710882,4.347640218926309e-6,2.3373734610811545,0.09366640097173069
27.420000000001487,1.0129991884895924,4.329969904596538e-6,2.3373735789033745,0.0936664443600943
27.43000000000149,1.0129992026631611,4.311929454710312e-6,2.337373695691005,0.09366648756989499
27.44000000000149,1.0129992168901625,4.293529730725516e-6,2.3373738114255196,0.09366653059748581
27.45000000000149,1.0129992311689695,4.274781533991114e-6,2.3373739260891346,0.09366657343932805
27.460000000001493,1.0129992454979597,4.255695598631897e-6,2.337374039664797,0.0936666160919907
27.470000000001495,1.0129992598755164,4.236282585537409e-6,2.3373741521361944,0.09366665855214976
27.480000000001496,1.012999274300029,4.216553076929789e-6,2.3373742634877486,0.09366670081658743
27.490000000001498,1.0129992887698926,4.196517568900816e-6,2.3373743737046135,0.09366674288219133
27.5000000000015,1.0129993032835107,4.176186466702544e-6,2.3373744827726752,0.09366678474595354
27.5100000000015,1.0129993178392924,4.155570078286601e-6,2.3373745906785452,0.09366682640496977
27.520000000001502,1.0129993324356554,4.134678609079593e-6,2.337374697409563,0.09366686785643823
27.530000000001504,1.0129993470710252,4.113522156241154e-6,2.3373748029537844,0.09366690909765871
27.540000000001505,1.0129993617438362,4.0921107040406635e-6,2.3373749072999828,0.09366695012603136
27.550000000001507,1.0129993764525302,4.0704541181267306e-6,2.3373750104376416,0.09366699093905571
27.56000000000151,1.0129993911955595,4.0485621414222115e-6,2.3373751123569515,0.09366703153432912
27.57000000000151,1.0129994059713854,4.026444389078993e-6,2.3373752130488,0.09366707190954596
27.58000000000151,1.0129994207784792,4.004110343580315e-6,2.3373753125047725,0.09366711206249592
27.590000000001513,1.0129994356153216,3.981569350788936e-6,2.3373754107171374,0.093667151991063
27.600000000001515,1.0129994504804047,3.958830616306291e-6,2.337375507678845,0.09366719169322382
27.610000000001516,1.012999465372231,3.935903200414608e-6,2.337375603383521,0.09366723116704641
27.620000000001518,1.0129994802893136,3.912796014600841e-6,2.3373756978254527,0.09366727041068862
27.63000000000152,1.0129994952301775,3.8895178187353625e-6,2.337375790999581,0.09366730942239665
27.64000000000152,1.0129995101933584,3.866077216796162e-6,2.337375882901501,0.09366734820050364
27.650000000001523,1.0129995251774049,3.842482653961134e-6,2.337375973527444,0.09366738674342784
27.660000000001524,1.0129995401808767,3.818742413258082e-6,2.3373760628742755,0.09366742504967114
27.670000000001526,1.012999555202346,3.794864612794375e-6,2.337376150939476,0.09366746311781757
27.680000000001527,1.0129995702403976,3.7708572033498264e-6,2.33737623772114,0.0936675009465314
27.69000000000153,1.0129995852936287,3.7467279653398544e-6,2.3373763232179603,0.09366753853455557
27.70000000000153,1.0129996003606496,3.7224845068676953e-6,2.3373764074292245,0.09366757588071
27.710000000001532,1.0129996154400835,3.698134261069714e-6,2.3373764903547984,0.09366761298388973
27.720000000001534,1.0129996305305664,3.6736844841872516e-6,2.3373765719951116,0.09366764984306346
27.730000000001535,1.012999645630748,3.6491422545649956e-6,2.337376652351157,0.0936676864572713
27.740000000001537,1.0129996607392915,3.624514470120866e-6,2.3373767314244724,0.09366772282562341
27.75000000000154,1.0129996758548732,3.5998078470633682e-6,2.3373768092171283,0.09366775894729795
27.76000000000154,1.0129996909761836,3.5750289186365585e-6,2.3373768857317203,0.09366779482153934
27.77000000000154,1.0129997061019267,3.5501840337829434e-6,2.3373769609713517,0.09366783044765649
27.780000000001543,1.0129997212308208,3.525279356408133e-6,2.3373770349396294,0.09366786582502076
27.790000000001545,1.0129997363615977,3.5003208643248177e-6,2.337377107640641,0.09366790095306425
27.800000000001546,1.0129997514930031,3.4753143487986724e-6,2.3373771790789513,0.09366793583127798
27.810000000001548,1.0129997666237978,3.450265414206385e-6,2.337377249259586,0.09366797045920985
27.82000000000155,1.0129997817527554,3.4251794771515272e-6,2.3373773181880146,0.09366800483646294
27.83000000000155,1.0129997968786648,3.4000617667030186e-6,2.337377385870147,0.09366803896269352
27.840000000001552,1.012999812000328,3.374917324371291e-6,2.3373774523123108,0.09366807283760921
27.850000000001554,1.0129998271165628,3.3497510045086876e-6,2.337377517521248,0.09366810646096713
27.860000000001556,1.0129998422262003,3.3245674736687782e-6,2.3373775815040934,0.09366813983257193
27.870000000001557,1.0129998573280854,3.299371211582734e-6,2.3373776442683614,0.09366817295227416
27.88000000000156,1.012999872421078,3.274166511885887e-6,2.337377705821942,0.09366820581996808
27.89000000000156,1.0129998875040527,3.248957483059295e-6,2.337377766173078,0.09366823843558997
27.90000000000156,1.012999902575897,3.223748047996183e-6,2.3373778253303525,0.09366827079911638
27.910000000001563,1.0129999176355133,3.1985419465878136e-6,2.3373778833026817,0.09366830291056208
27.920000000001565,1.0129999326818184,3.1733427357098465e-6,2.337377940099295,0.09366833476997834
27.930000000001566,1.012999947713743,3.1481537909140494e-6,2.3373779957297227,0.09366836637745105
27.940000000001568,1.0129999627302317,3.122978307550425e-6,2.3373780502037884,0.09366839773309904
27.95000000000157,1.0129999777302428,3.0978193026063165e-6,2.337378103531585,0.09366842883707217
27.96000000000157,1.0129999927127489,3.072679616260817e-6,2.3373781557234685,0.09366845968954952
27.970000000001573,1.0130000076767363,3.0475619132272044e-6,2.3373782067900457,0.09366849029073782
27.980000000001574,1.0130000226212053,3.022468684867591e-6,2.3373782567421593,0.09366852064086939
27.990000000001576,1.013000037545169,2.9974022508409023e-6,2.337378305590867,0.09366855074020083
28.000000000001577,1.0130000524476552,2.97236476189648e-6,2.3373783533474444,0.09366858058901091
28.01000000000158,1.013000067327704,2.9473582009209505e-6,2.337378400023353,0.09366861018759912
28.02000000000158,1.013000082184369,2.9223843860877565e-6,2.337378445630241,0.09366863953628404
28.030000000001582,1.013000097016717,2.8974449735664863e-6,2.3373784901799226,0.09366866863540152
28.040000000001584,1.013000111823829,2.8725414588581632e-6,2.337378533684376,0.09366869748530315
28.050000000001585,1.013000126604797,2.8476751795106738e-6,2.337378576155714,0.09366872608635476
28.060000000001587,1.0130001413587264,2.822847318416013e-6,2.3373786176061824,0.09366875443893481
28.07000000000159,1.0130001560847361,2.7980589065740327e-6,2.337378658048147,0.09366878254343268
28.08000000000159,1.0130001707819567,2.7733108249783977e-6,2.3373786974940822,0.09366881040024738
28.09000000000159,1.013000185449531,2.7486038076182614e-6,2.337378735956549,0.09366883800978607
28.100000000001593,1.0130002000866143,2.7239384453448922e-6,2.337378773448196,0.0936688653724624
28.110000000001595,1.0130002146923738,2.69931518800004e-6,2.3373788099817348,0.0936688924886953
28.120000000001596,1.0130002292659879,2.6747343479081694e-6,2.337378845569939,0.09366891935890756
28.130000000001598,1.0130002438066472,2.650196103160413e-6,2.337378880225626,0.0936689459835243
28.1400000000016,1.0130002583135542,2.6257005005589865e-6,2.337378913961648,0.09366897236297177
28.1500000000016,1.0130002727859222,2.6012474584840274e-6,2.3373789467908823,0.09366899849767617
28.160000000001602,1.0130002872229749,2.57683677082001e-6,2.337378978726213,0.09366902438806216
28.170000000001604,1.013000301623948,2.5524681104180373e-6,2.3373790097805296,0.09366905003455173
28.180000000001606,1.013000315988087,2.5281410316764395e-6,2.337379039966709,0.09366907543756303
28.190000000001607,1.013000330314649,2.503854975121635e-6,2.3373790692976075,0.09366910059750914
28.20000000000161,1.0130003446029006,2.4796092697556444e-6,2.337379097786053,0.09366912551479704
28.21000000000161,1.0130003588521184,2.455403137492631e-6,2.3373791254448264,0.09366915018982648
28.220000000001612,1.0130003730615893,2.431235696459837e-6,2.337379152286665,0.09366917462298881
28.230000000001613,1.0130003872306101,2.4071059642502604e-6,2.3373791783242392,0.09366919881466614
28.240000000001615,1.0130004013584868,2.383012862330562e-6,2.3373792035701526,0.09366922276523022
28.250000000001616,1.013000415444535,2.3589552185639e-6,2.3373792280369265,0.0936692464750416
28.260000000001618,1.0130004294880788,2.3349317718342174e-6,2.337379251736998,0.0936692699444486
28.27000000000162,1.0130004434884519,2.3109411753868727e-6,2.3373792746826982,0.09366929317378654
28.28000000000162,1.0130004574449964,2.286982000716993e-6,2.3373792968862594,0.09366931616337684
28.290000000001623,1.0130004713570626,2.2630527410053392e-6,2.337379318359795,0.09366933891352627
28.300000000001624,1.0130004852240098,2.2391518153533164e-6,2.337379339115297,0.09366936142452613
28.310000000001626,1.0130004990452048,2.215277571845316e-6,2.3373793591646295,0.09366938369665152
28.320000000001627,1.0130005128200226,2.191428291478419e-6,2.3373793785195147,0.09366940573016076
28.33000000000163,1.013000526547846,2.167602192166753e-6,2.3373793971915315,0.09366942752529461
28.34000000000163,1.0130005402280642,2.1437974324110356e-6,2.3373794151921023,0.09366944908227573
28.350000000001632,1.013000553860075,2.1200121152141516e-6,2.3373794325324915,0.09366947040130807
28.360000000001634,1.0130005674432827,2.09624429145137e-6,2.3373794492237963,0.09366949148257635
28.370000000001635,1.0130005809770983,2.0724919637210565e-6,2.3373794652769466,0.09366951232624554
28.380000000001637,1.0130005944609397,2.0487530900938945e-6,2.337379480702684,0.09366953293246047
28.39000000000164,1.0130006078942306,2.0250255875085106e-6,2.337379495511571,0.09366955330134527
28.40000000000164,1.0130006212764027,2.001307336194935e-6,2.337379509713983,0.09366957343300306
28.41000000000164,1.0130006346068912,1.977596182279189e-6,2.3373795233200902,0.09366959332751565
28.420000000001643,1.0130006478851392,1.9538899425288567e-6,2.337379536339868,0.09366961298494311
28.430000000001645,1.0130006611105946,1.930186407032926e-6,2.337379548783085,0.0936696324053235
28.440000000001646,1.0130006742827111,1.9064833431143843e-6,2.337379560659301,0.0936696515886728
28.450000000001648,1.0130006874009472,1.8827784990630913e-6,2.3373795719778565,0.09366967053498443
28.46000000000165,1.0130007004647665,1.8590696074523436e-6,2.3373795827478774,0.09366968924422928
28.47000000000165,1.0130007134736385,1.8353543886937913e-6,2.3373795929782637,0.0936697077163555
28.480000000001652,1.0130007264270364,1.8116305540304278e-6,2.3373796026776943,0.09366972595128832
28.490000000001654,1.0130007393244382,1.787895809666005e-6,2.3373796118546117,0.09366974394893017
28.500000000001656,1.0130007521653261,1.7641478596256256e-6,2.3373796205172295,0.0936697617091605
28.510000000001657,1.0130007649491872,1.740384409643076e-6,2.337379628673529,0.09366977923183571
28.52000000000166,1.0130007776755119,1.7166031693637299e-6,2.3373796363312476,0.09366979651678936
28.53000000000166,1.0130007903437945,1.6928018563114437e-6,2.3373796434978864,0.09366981356383214
28.540000000001662,1.0130008029535338,1.6689781990877167e-6,2.337379650180703,0.09366983037275198
28.550000000001663,1.0130008155042307,1.6451299404266421e-6,2.337379656386708,0.09366984694331411
28.560000000001665,1.0130008279953913,1.6212548402378298e-6,2.337379662122674,0.09366986327526128
28.570000000001667,1.013000840426523,1.5973506783495391e-6,2.3373796673951164,0.09366987936831403
28.580000000001668,1.013000852797138,1.5734152577001365e-6,2.3373796722103144,0.09366989522217067
28.59000000000167,1.01300086510675,1.5494464070619154e-6,2.3373796765742876,0.09366991083650777
28.60000000000167,1.0130008773548773,1.5254419842848458e-6,2.337379680492817,0.09366992621098025
28.610000000001673,1.0130008895410387,1.501399878100963e-6,2.3373796839714225,0.09366994134522183
28.620000000001674,1.0130009016647572,1.4773180121528369e-6,2.3373796870153813,0.09366995623884529
28.630000000001676,1.0130009137255573,1.453194346996209e-6,2.337379689629718,0.09366997089144279
28.640000000001677,1.0130009257229666,1.4290268820116491e-6,2.337379691819213,0.09366998530258626
28.65000000000168,1.0130009376565143,1.4048136591732085e-6,2.3373796935883915,0.0936699994718279
28.66000000000168,1.013000949525732,1.3805527643379417e-6,2.337379694941532,0.0936700133987005
28.670000000001682,1.0130009613301518,1.3562423303293184e-6,2.337379695882665,0.09367002708271803
28.680000000001684,1.0130009730693095,1.33188053957502e-6,2.337379696415578,0.09367004052337595
28.690000000001685,1.0130009847427424,1.3074656256941305e-6,2.3373796965438105,0.09367005372015175
28.700000000001687,1.0130009963499886,1.2829958754076319e-6,2.3373796962706663,0.09367006667250564
28.71000000000169,1.0130010078905884,1.2584696312017522e-6,2.3373796955991963,0.09367007937988094
28.72000000000169,1.013001019364083,1.233885293261804e-6,2.3373796945322187,0.09367009184170463
28.73000000000169,1.0130010307700155,1.2092413215061412e-6,2.337379693072317,0.09367010405738804
28.740000000001693,1.01300104210793,1.1845362371349682e-6,2.337379691221833,0.09367011602632738
28.750000000001695,1.0130010533773723,1.1597686246322622e-6,2.337379688982881,0.09367012774790436
28.760000000001696,1.0130010645778886,1.134937133357267e-6,2.3373796863573433,0.09367013922148693
28.770000000001698,1.013001075709027,1.110040479408803e-6,2.337379683346878,0.09367015044642982
28.7800000000017,1.013001086770336,1.0850774472007259e-6,2.3373796799529125,0.09367016142207525
28.7900000000017,1.0130010977613657,1.060046890804954e-6,2.3373796761766643,0.09367017214775371
28.800000000001702,1.0130011086816664,1.0349477354419518e-6,2.3373796720191238,0.09367018262278444
28.810000000001704,1.0130011195307902,1.0097789788957084e-6,2.3373796674810703,0.0936701928464764
28.820000000001706,1.0130011303082889,9.84539692693036e-7,2.3373796625630736,0.0936702028181289
28.830000000001707,1.0130011410137163,9.59229023617191e-7,2.3373796572654957,0.0936702125370323
28.84000000000171,1.0130011516466266,9.338461944301303e-7,2.337379651588496,0.09367022200246884
28.85000000000171,1.0130011622065742,9.08390505206613e-7,2.337379645532035,0.09367023121371332
28.860000000001712,1.0130011726931152,8.828613341247604e-7,2.3373796390958774,0.09367024017003397
28.870000000001713,1.0130011831058057,8.572581384655791e-7,2.3373796322795974,0.09367024887069322
28.880000000001715,1.0130011934442027,8.315804558141442e-7,2.3373796250825816,0.09367025731494842
28.890000000001717,1.0130012037078637,8.058279046084057e-7,2.3373796175040344,0.09367026550205275
28.900000000001718,1.0130012138963476,7.800001846716164e-7,2.3373796095429844,0.09367027343125595
28.91000000000172,1.0130012240092134,7.540970782786679e-7,2.3373796011982835,0.09367028110180514
28.92000000000172,1.013001234046021,7.281184502206781e-7,2.337379592468619,0.09367028851294576
28.930000000001723,1.013001244006331,7.020642486842381e-7,2.3373795833525115,0.09367029566392222
28.940000000001724,1.0130012538897053,6.75934505631466e-7,2.337379573848325,0.09367030255397887
28.950000000001726,1.0130012636957055,6.497293366868353e-7,2.337379563954264,0.09367030918236086
28.960000000001727,1.0130012734238945,6.234489427243946e-7,2.337379553668388,0.09367031554831484
28.97000000000173,1.0130012830738357,5.970936091549873e-7,2.3373795429886073,0.09367032165108992
28.98000000000173,1.0130012926450944,5.706637063874363e-7,2.3373795319126978,0.09367032748993846
28.990000000001732,1.0130013021372362,5.441596894030419e-7,2.3373795204383,0.09367033306411701
29.000000000001734,1.013001311549827,5.175820986871657e-7,2.3373795085629223,0.093670338372887
29.010000000001735,1.0130013208824344,4.909315597413314e-7,2.3373794962839463,0.09367034341551579
29.020000000001737,1.0130013301346266,4.64208783692228e-7,2.3373794835986383,0.09367034819127741
29.03000000000174,1.0130013393059734,4.3741456660270697e-7,2.33737947050415,0.09367035269945335
29.04000000000174,1.0130013483960452,4.105497893104698e-7,2.3373794569975166,0.09367035693933358
29.05000000000174,1.0130013574044137,3.8361541808384265e-7,2.33737944307568,0.09367036091021717
29.060000000001743,1.013001366330652,3.5661250315926045e-7,2.3373794287354728,0.09367036461141341
29.070000000001745,1.0130013751743343,3.295421795945378e-7,2.3373794139736375,0.0936703680422425
29.080000000001746,1.0130013839350365,3.0240566660768835e-7,2.337379398786828,0.09367037120203638
29.090000000001748,1.0130013926123356,2.752042669686188e-7,2.337379383171611,0.09367037409013955
29.10000000000175,1.0130014012058104,2.47939367009744e-7,2.3373793671244765,0.09367037670591002
29.11000000000175,1.0130014097150413,2.2061243590642124e-7,2.3373793506418394,0.09367037904872012
29.120000000001752,1.01300141813961,1.932250252301846e-7,2.337379333720044,0.09367038111795715
29.130000000001754,1.0130014264791007,1.6577876880469808e-7,2.337379316355373,0.09367038291302446
29.140000000001756,1.013001434733099,1.3827538189415333e-7,2.3373792985440445,0.0936703844333421
29.150000000001757,1.013001442901192,1.1071666078926854e-7,2.3373792802822266,0.09367038567834766
29.16000000000176,1.0130014509829701,8.310448204191253e-8,2.3373792615660327,0.0936703866474971
29.17000000000176,1.013001458978025,5.5440801988249724e-8,2.3373792423915383,0.0936703873402656
29.180000000001762,1.0130014668859504,2.7727656266343477e-8,2.337379222754768,0.09367038775614826
29.190000000001763,1.0130014747063434,-3.284093239067008e-11,2.337379202651717,0.09367038789466087
29.200000000001765,1.0130014824388027,-2.7838497777432988e-8,2.3373791820783483,0.09367038775534087
29.210000000001767,1.01300149008293,-5.568704539674032e-8,2.3373791610305945,0.09367038733774792
29.220000000001768,1.0130014976383293,-8.357613784170437e-8,2.337379139504364,0.09367038664146478
29.23000000000177,1.013001505104608,-1.1150335372816221e-7,2.3373791174955514,0.09367038566609803
29.24000000000177,1.0130015124813756,-1.394661965406653e-7,2.337379095000035,0.09367038441127891
29.250000000001773,1.0130015197682456,-1.674620954022306e-7,2.3373790720136802,0.0936703828766639
29.260000000001774,1.0130015269648338,-1.9548840602029867e-7,2.337379048532349,0.0936703810619356
29.270000000001776,1.01300153407076,-2.2354241076748706e-7,2.3373790245518973,0.09367037896680346
29.280000000001777,1.0130015410856472,-2.516213201971146e-7,2.3373790000681876,0.09367037659100436
29.29000000000178,1.0130015480091217,-2.797222737567502e-7,2.3373789750770824,0.09367037393430352
29.30000000000178,1.0130015548408133,-3.0784233995903156e-7,2.3373789495744544,0.09367037099649515
29.310000000001782,1.013001561580357,-3.359785173670617e-7,2.3373789235561926,0.09367036777740301
29.320000000001784,1.0130015682273894,-3.6412773593823733e-7,2.337378897018194,0.09367036427688134
29.330000000001785,1.0130015747815533,-3.9228685670792007e-7,2.3373788699563853,0.09367036049481531
29.340000000001787,1.013001581242495,-4.20452673772342e-7,2.337378842366707,0.09367035643112188
29.35000000000179,1.013001587609865,-4.486219137550216e-7,2.337378814245128,0.09367035208575036
29.36000000000179,1.013001593883318,-4.767912376203382e-7,2.3373787855876462,0.09367034745868326
29.37000000000179,1.0130016000625133,-5.049572403016419e-7,2.3373787563902892,0.09367034254993667
29.380000000001793,1.013001606147116,-5.331164521562571e-7,2.3373787266491255,0.0936703373595611
29.390000000001795,1.0130016121367957,-5.61265339581874e-7,2.3373786963602536,0.09367033188764205
29.400000000001796,1.0130016180312265,-5.89400305615936e-7,2.3373786655198177,0.09367032613430074
29.410000000001798,1.013001623830088,-6.175176902956634e-7,2.3373786341240037,0.09367032009969455
29.4200000000018,1.0130016295330657,-6.456137723733819e-7,2.337378602169042,0.09367031378401791
29.4300000000018,1.0130016351398499,-6.736847685793774e-7,2.3373785696512086,0.09367030718750272
29.440000000001803,1.013001640650137,-7.017268347041303e-7,2.337378536566835,0.09367030031041895
29.450000000001804,1.013001646063629,-7.297360666621868e-7,2.337378502912303,0.09367029315307544
29.460000000001806,1.0130016513800342,-7.577085006022201e-7,2.337378468684048,0.09367028571582026
29.470000000001807,1.013001656599067,-7.856401135383292e-7,2.3373784338785644,0.09367027799904146
29.48000000000181,1.0130016617204471,-8.135268241151941e-7,2.3373783984923993,0.09367027000316765
29.49000000000181,1.0130016667439026,-8.413644925127275e-7,2.337378362522169,0.09367026172866844
29.500000000001812,1.0130016716691663,-8.69148922227728e-7,2.3373783259645484,0.09367025317605523
29.510000000001813,1.0130016764959788,-8.968758586632571e-7,2.3373782888162755,0.09367024434588167
29.520000000001815,1.0130016812240878,-9.24540991211619e-7,2.3373782510741576,0.09367023523874411
29.530000000001817,1.0130016858532473,-9.521399531689157e-7,2.337378212735066,0.09367022585528244
29.540000000001818,1.0130016903832197,-9.796683221091088e-7,2.337378173795947,0.09367021619618038
29.55000000000182,1.0130016948137737,-1.0071216201452496e-6,2.337378134253813,0.09367020626216623
29.56000000000182,1.013001699144686,-1.0344953147453474e-6,2.3373780941057505,0.09367019605401332
29.570000000001823,1.0130017033757412,-1.0617848187548801e-6,2.33737805334892,0.09367018557254056
29.580000000001824,1.0130017075067321,-1.088985490422885e-6,2.337378011980554,0.09367017481861302
29.590000000001826,1.0130017115374588,-1.1160926343537815e-6,2.3373779699979687,0.09367016379314248
29.600000000001828,1.01300171546773,-1.1431015016808338e-6,2.337377927398548,0.09367015249708793
29.61000000000183,1.0130017192973637,-1.1700072898502441e-6,2.3373778841797637,0.09367014093145606
29.62000000000183,1.0130017230261852,-1.1968051433217415e-6,2.3373778403391645,0.09367012909730192
29.630000000001832,1.0130017266540294,-1.2234901541852752e-6,2.337377795874379,0.09367011699572933
29.640000000001834,1.01300173018074,-1.2500573618251917e-6,2.337377750783122,0.09367010462789148
29.650000000001835,1.0130017336061692,-1.2765017532530751e-6,2.337377705063183,0.09367009199499149
29.660000000001837,1.0130017369301796,-1.3028182628064476e-6,2.337377658712449,0.09367007909828273
29.67000000000184,1.013001740152642,-1.3290017737171412e-6,2.3373776117288814,0.09367006593906961
29.68000000000184,1.0130017432734386,-1.3550471167986233e-6,2.3373775641105388,0.09367005251870786
29.69000000000184,1.01300174629246,-1.3809490722359587e-6,2.3373775158555614,0.09367003883860524
29.700000000001843,1.0130017492096073,-1.4067023685676187e-6,2.3373774669621783,0.09367002490022192
29.710000000001845,1.013001752024791,-1.4323016829883648e-6,2.337377417428707,0.09367001070507111
29.720000000001846,1.0130017547379329,-1.4577416412714573e-6,2.3373773672535605,0.09366999625471946
29.730000000001848,1.0130017573489654,-1.4830168187627039e-6,2.337377316435246,0.09366998155078755
29.74000000000185,1.013001759857831,-1.5081217403851636e-6,2.337377264972358,0.0936699665949506
29.75000000000185,1.013001762264483,-1.5330508800869455e-6,2.337377212863588,0.09366995138893867
29.760000000001853,1.0130017645688862,-1.5577986618747147e-6,2.337377160107725,0.09366993593453748
29.770000000001854,1.013001766771017,-1.5823594592811759e-6,2.3373771067036535,0.09366992023358874
29.780000000001856,1.0130017688708626,-1.606727595843467e-6,2.3373770526503588,0.09366990428799055
29.790000000001857,1.0130017708684218,-1.6308973458841073e-6,2.3373769979469206,0.09366988809969815
29.80000000000186,1.0130017727637055,-1.6548629335421148e-6,2.337376942592523,0.09366987167072419
29.81000000000186,1.0130017745567368,-1.6786185340825986e-6,2.337376886586456,0.0936698550031394
29.820000000001862,1.0130017762475498,-1.7021582736078399e-6,2.3373768299281044,0.09366983809907299
29.830000000001863,1.0130017778361922,-1.7254762292028948e-6,2.3373767726169654,0.0936698209607132
29.840000000001865,1.0130017793227235,-1.7485664292064454e-6,2.33737671465264,0.09366980359030762
29.850000000001867,1.0130017807072165,-1.7714228541043794e-6,2.337376656034839,0.09366978599016386
29.860000000001868,1.0130017819897565,-1.794039436273787e-6,2.3373765967633835,0.09366976816264998
29.87000000000187,1.0130017831704414,-1.8164100605728505e-6,2.3373765368382036,0.09366975011019497
29.88000000000187,1.0130017842493833,-1.8385285642532545e-6,2.337376476259347,0.09366973183528915
29.890000000001873,1.013001785226707,-1.8603887384197436e-6,2.337376415026974,0.09366971334048477
29.900000000001874,1.0130017861025515,-1.881984327277523e-6,2.3373763531413685,0.09366969462839632
29.910000000001876,1.013001786877069,-1.9033090297277107e-6,2.3373762906029243,0.09366967570170118
29.920000000001878,1.0130017875504262,-1.924356498842195e-6,2.3373762274121654,0.09366965656313983
29.93000000000188,1.0130017881228035,-1.9451203434281443e-6,2.3373761635697368,0.09366963721551658
29.94000000000188,1.013001788594396,-1.9655941278385214e-6,2.3373760990764096,0.0936696176616998
29.950000000001882,1.0130017889654135,-1.985771372950456e-6,2.337376033933088,0.09366959790462247
29.960000000001884,1.0130017892360796,-2.0056455572224693e-6,2.3373759681407997,0.09366957794728255
29.970000000001885,1.0130017894066345,-2.0252101168762238e-6,2.3373759017007183,0.09366955779274341
29.980000000001887,1.0130017894773313,-2.044458447427736e-6,2.3373758346141416,0.09366953744413431
29.99000000000189,1.0130017894484404,-2.0633839034342676e-6,2.337375766882516,0.0936695169046507
30.00000000000189,1.0130017893202463,-2.081979800596698e-6,2.3373756985074277,0.09366949617755477
30.01000000000189,1.0130017890930498,-2.1002394161035765e-6,2.337375629490611,0.09366947526617563
30.020000000001893,1.0130017887671674,-2.118155990404752e-6,2.3373755598339456,0.09366945417390989
30.030000000001895,1.0130017883429312,-2.135722727364358e-6,2.3373754895394647,0.09366943290422194
30.040000000001896,1.0130017878206898,-2.152932796012841e-6,2.3373754186093563,0.09366941146064427
30.050000000001898,1.0130017872008088,-2.169779331634271e-6,2.3373753470459744,0.09366938984677778
30.0600000000019,1.0130017864836691,-2.1862554380001216e-6,2.3373752748518237,0.09366936806629236
30.0700000000019,1.0130017856696687,-2.202354186887615e-6,2.33737520202958,0.09366934612292688
30.080000000001903,1.013001784759223,-2.2180686211129882e-6,2.3373751285820927,0.09366932402048968
30.090000000001904,1.013001783752764,-2.2333917558313585e-6,2.337375054512383,0.09366930176285881
30.100000000001906,1.0130017826507411,-2.2483165799369656e-6,2.3373749798236485,0.09366927935398227
30.110000000001907,1.0130017814536212,-2.2628360579309608e-6,2.337374904519268,0.09366925679787838
30.12000000000191,1.0130017801618887,-2.276943131902824e-6,2.3373748286028087,0.09366923409863581
30.13000000000191,1.0130017787760455,-2.2906307231249123e-6,2.3373747520780253,0.093669211260414
30.140000000001912,1.0130017772966116,-2.303891734176931e-6,2.337374674948868,0.0936691882874433
30.150000000001913,1.013001775724125,-2.3167190508078992e-6,2.3373745972194833,0.09366916518402502
30.160000000001915,1.0130017740591424,-2.3291055446818235e-6,2.337374518894227,0.09366914195453171
30.170000000001917,1.013001772302238,-2.341044075092358e-6,2.3373744399776553,0.09366911860340738
30.180000000001918,1.0130017704540055,-2.3525274910154747e-6,2.3373743604745405,0.0936690951351673
30.19000000000192,1.0130017685150572,-2.3635486347320583e-6,2.3373742803898723,0.09366907155439844
30.20000000000192,1.0130017664860231,-2.374100343506514e-6,2.3373741997288593,0.0936690478657594
30.210000000001923,1.0130017643675542,-2.3841754519641636e-6,2.337374118496938,0.09366902407398026
30.220000000001924,1.0130017621603187,-2.3937667952985073e-6,2.3373740366997753,0.0936690001838629
30.230000000001926,1.0130017598650056,-2.402867211923425e-6,2.3373739543432746,0.09366897620028077
30.240000000001928,1.0130017574823227,-2.411469546386049e-6,2.3373738714335794,0.09366895212817895
30.25000000000193,1.0130017550129973,-2.419566652387612e-6,2.3373737879770804,0.09366892797257398
30.26000000000193,1.0130017524577768,-2.4271513957265487e-6,2.3373737039804157,0.0936689037385538
30.270000000001932,1.0130017498174286,-2.434216657582473e-6,2.3373736194504837,0.09366887943127766
30.280000000001934,1.0130017470927393,-2.4407553376985727e-6,2.3373735343944397,0.09366885505597591
30.290000000001935,1.0130017442845167,-2.4467603578543734e-6,2.337373448819707,0.09366883061794977
30.300000000001937,1.0130017413935881,-2.4522246652166414e-6,2.3373733627339797,0.09366880612257114
30.31000000000194,1.0130017384208014,-2.4571412359916942e-6,2.3373732761452226,0.09366878157528229
30.32000000000194,1.013001735367025,-2.4615030787456986e-6,2.3373731890616845,0.09366875698159555
30.33000000000194,1.0130017322331484,-2.465303238062339e-6,2.3373731014919032,0.09366873234709301
30.340000000001943,1.0130017290200808,-2.468534799272713e-6,2.3373730134447004,0.09366870767742612
30.350000000001945,1.0130017257287527,-2.471190891344151e-6,2.337372924929195,0.09366868297831525
30.360000000001946,1.0130017223601158,-2.473264690941381e-6,2.3373728359548123,0.09366865825554926
30.370000000001948,1.0130017189151426,-2.474749427007795e-6,2.3373727465312717,0.09366863351498499
30.38000000000195,1.0130017153948268,-2.475638384335347e-6,2.3373726566686095,0.09366860876254667
30.39000000000195,1.0130017118001824,-2.475924908128842e-6,2.337372566377174,0.09366858400422541
30.400000000001953,1.0130017081322455,-2.475602407809537e-6,2.3373724756676273,0.09366855924607863
30.410000000001954,1.0130017043920738,-2.4746643616950303e-6,2.337372384550965,0.09366853449422913
30.420000000001956,1.013001700580746,-2.473104321835379e-6,2.3373722930385052,0.09366850975486468
30.430000000001957,1.0130016966993614,-2.4709159181588554e-6,2.337372201141891,0.09366848503423722
30.44000000000196,1.013001692749042,-2.4680928622302725e-6,2.3373721088731094,0.09366846033866186
30.45000000000196,1.0130016887309303,-2.4646289527435616e-6,2.3373720162444847,0.09366843567451617
30.460000000001962,1.0130016846461916,-2.4605180801158753e-6,2.337371923268684,0.09366841104823936
30.470000000001964,1.0130016804960111,-2.4557542308951474e-6,2.3373718299587196,0.09366838646633119
30.480000000001965,1.0130016762815972,-2.450331492702076e-6,2.337371736327959,0.09366836193535104
30.490000000001967,1.0130016720041792,-2.444244058968063e-6,2.337371642390123,0.09366833746191695
30.500000000001968,1.0130016676650078,-2.4374862338481983e-6,2.3373715481592847,0.09366831305270448
30.51000000000197,1.0130016632653553,-2.4300524369840563e-6,2.3373714536498835,0.09366828871444552
30.52000000000197,1.0130016588065167,-2.421937208653531e-6,2.337371358876719,0.09366826445392722
30.530000000001973,1.0130016542898075,-2.4131352144638355e-6,2.337371263854956,0.09366824027799062
30.540000000001974,1.013001649716565,-2.4036412507630213e-6,2.3373711686001335,0.09366821619352948
30.550000000001976,1.0130016450881483,-2.393450249330086e-6,2.3373710731281476,0.09366819220748906
30.560000000001978,1.0130016404059377,-2.382557282056634e-6,2.337370977455279,0.09366816832686442
30.57000000000198,1.0130016356713352,-2.370957566545494e-6,2.337370881598176,0.09366814455869928
30.58000000000198,1.0130016308857641,-2.3586464708980772e-6,2.3373707855738655,0.0936681209100844
30.590000000001982,1.0130016260506696,-2.3456195189431207e-6,2.3373706893997532,0.09366809738815607
30.600000000001984,1.013001621167517,-2.3318723955227315e-6,2.3373705930936124,0.09366807400009458
30.610000000001985,1.0130016162377935,-2.3174009504751583e-6,2.3373704966736035,0.09366805075312255
30.620000000001987,1.0130016112630076,-2.3022012046159063e-6,2.337370400158263,0.09366802765450326
30.63000000000199,1.0130016062446883,-2.2862693545527496e-6,2.337370303566508,0.09366800471153884
30.64000000000199,1.0130016011843856,-2.2696017778364605e-6,2.3373702069176305,0.09366798193156861
30.65000000000199,1.0130015960836707,-2.252195037381944e-6,2.3373701102313014,0.09366795932196718
30.660000000001993,1.0130015909441346,-2.2340458869986924e-6,2.3373700135275723,0.09366793689014259
30.670000000001995,1.0130015857673895,-2.2151512758948183e-6,2.3373699168268685,0.09366791464353436
30.680000000001996,1.0130015805550676,-2.1955083539939907e-6,2.3373698201499873,0.09366789258961147
30.690000000001998,1.0130015753088213,-2.175114476304875e-6,2.337369723518106,0.09366787073587048
30.700000000002,1.0130015700303232,-2.153967207908157e-6,2.337369626952767,0.09366784908983326
30.710000000002,1.013001564721265,-2.132064328510506e-6,2.337369530475877,0.09366782765904506
30.720000000002003,1.0130015593833588,-2.1094038365567577e-6,2.337369434109722,0.09366780645107214
30.730000000002004,1.0130015540183357,-2.08598395521605e-6,2.3373693378769382,0.09366778547349969
30.740000000002006,1.0130015486279467,-2.0618031357191966e-6,2.3373692418005283,0.09366776473392956
30.750000000002007,1.0130015432139605,-2.0368600621918573e-6,2.3373691459038453,0.09366774423997787
30.76000000000201,1.0130015377781656,-2.0111536561475056e-6,2.337369050210597,0.09366772399927276
30.77000000000201,1.0130015323223687,-1.9846830800150266e-6,2.337368954744836,0.093667704019452
30.780000000002012,1.013001526848394,-1.9574477422841934e-6,2.3373688595309563,0.09366768430816043
30.790000000002014,1.0130015213580852,-1.92944730037508e-6,2.337368764593691,0.09366766487304753
30.800000000002015,1.0130015158533028,-1.9006816659137408e-6,2.337368669958105,0.09366764572176504
30.810000000002017,1.013001510335924,-1.8711510080209553e-6,2.3373685756495814,0.09366762686196427
30.82000000000202,1.0130015048078442,-1.8408557563377193e-6,2.3373684816938285,0.09366760830129353
30.83000000000202,1.0130014992709748,-1.809796605505396e-6,2.3373683881168605,0.09366759004739551
30.84000000000202,1.0130014937272442,-1.7779745179226602e-6,2.3373682949449996,0.09366757210790459
30.850000000002023,1.0130014881785965,-1.7453907273848058e-6,2.337368202204868,0.09366755449044421
30.860000000002024,1.0130014826269924,-1.712046743122142e-6,2.3373681099233754,0.09366753720262405
30.870000000002026,1.013001477074407,-1.6779443518880295e-6,2.337368018127712,0.09366752025203738
30.880000000002028,1.0130014715228308,-1.6430856211937374e-6,2.337367926845339,0.09366750364625814
30.89000000000203,1.0130014659742688,-1.6074729017332494e-6,2.3373678361039825,0.09366748739283827
30.90000000000203,1.0130014604307407,-1.5711088304101604e-6,2.3373677459316267,0.09366747149930468
30.910000000002032,1.0130014548942798,-1.533996332768561e-6,2.3373676563564962,0.09366745597315651
30.920000000002034,1.0130014493669335,-1.4961386251181969e-6,2.337367567407054,0.09366744082186212
30.930000000002035,1.013001443850761,-1.4575392174094526e-6,2.3373674791119874,0.09366742605285636
30.940000000002037,1.013001438347835,-1.4182019143718595e-6,2.3373673915001922,0.09366741167353744
30.95000000000204,1.01300143286024,-1.3781308172451814e-6,2.337367304600774,0.09366739769126409
30.96000000000204,1.0130014273900727,-1.337330326039283e-6,2.3373672184430276,0.09366738411335244
30.97000000000204,1.0130014219394399,-1.2958051406866116e-6,2.3373671330564245,0.09366737094707327
30.980000000002043,1.0130014165104608,-1.253560262187989e-6,2.33736704847061,0.09366735819964868
30.990000000002045,1.0130014111052636,-1.2106009942143223e-6,2.3373669647153794,0.09366734587824938
31.000000000002046,1.0130014057259873,-1.1669329433099081e-6,2.3373668818206785,0.09366733398999144
31.010000000002048,1.0130014003747787,-1.1225620205374597e-6,2.3373667998165764,0.09366732254193345
31.02000000000205,1.013001395053795,-1.077494441165529e-6,2.337366718733259,0.09366731154107329
31.03000000000205,1.0130013897652013,-1.0317367252959719e-6,2.3373666386010252,0.0936673009943451
31.040000000002053,1.013001384511169,-9.852956986502852e-7,2.3373665594502504,0.0936672909086165
31.050000000002054,1.0130013792938786,-9.381784911480086e-7,2.337366481311398,0.0936672812906851
31.060000000002056,1.0130013741155157,-8.90392538304656e-7,2.337366404214983,0.09366727214727583
31.070000000002057,1.013001368978273,-8.419455793392256e-7,2.337366328191574,0.09366726348503769
31.08000000000206,1.0130013638843485,-7.92845657427008e-7,2.3373662532717727,0.09366725531054078
31.09000000000206,1.0130013588359443,-7.431011187541188e-7,2.337366179486192,0.09366724763027326
31.100000000002062,1.0130013538352678,-6.92720610979077e-7,2.3373661068654537,0.09366724045063834
31.110000000002064,1.0130013488845293,-6.417130826397699e-7,2.3373660354401604,0.09366723377795118
31.120000000002065,1.013001343985943,-5.900877812759116e-7,2.3373659652408945,0.093667227618436
31.130000000002067,1.0130013391417256,-5.378542525815819e-7,2.3373658962981896,0.09366722197822305
31.14000000000207,1.013001334354095,-4.850223375998931e-7,2.337365828642518,0.09366721686334564
31.15000000000207,1.0130013296252707,-4.316021712578196e-7,2.337365762304277,0.09366721227973722
31.16000000000207,1.0130013249574732,-3.7760417996492867e-7,2.337365697313776,0.09366720823322836
31.170000000002073,1.0130013203529225,-3.2303907922127884e-7,2.3373656337012116,0.09366720472954404
31.180000000002075,1.0130013158138382,-2.679178711338548e-7,2.3373655714966537,0.09366720177430053
31.190000000002076,1.013001311342439,-2.1225184134435994e-7,2.33736551073004,0.0936671993730027
31.200000000002078,1.0130013069409405,-1.5605255632124278e-7,2.3373654514311406,0.09366719753104123
31.21000000000208,1.013001302611557,-9.933185999254737e-8,2.3373653936295575,0.09366719625368966
31.22000000000208,1.0130012983564984,-4.2101870279346834e-8,2.337365337354698,0.09366719554610173
31.230000000002082,1.013001294177972,1.5625024510051368e-8,2.3373652826357674,0.09366719541330866
31.240000000002084,1.0130012900781793,7.383616909538284e-8,2.3373652295017404,0.09366719586021639
31.250000000002085,1.0130012860593163,1.3251864509494576e-7,2.3373651779813516,0.09366719689160316
31.260000000002087,1.0130012821235745,1.9165927644090702e-7,2.3373651281030825,0.09366719851211651
31.27000000000209,1.0130012782731372,2.512446314525426e-7,2.3373650798951346,0.09366720072627112
31.28000000000209,1.0130012745101815,3.112610294755087e-7,2.337365033385422,0.09366720353844599
31.29000000000209,1.0130012708368752,3.716945439411474e-7,2.3373649886015477,0.09366720695288215
31.300000000002093,1.013001267255379,4.325310085429363e-7,2.337364945570798,0.09366721097368004
31.310000000002095,1.013001263767842,4.937560205387106e-7,2.337364904320102,0.09366721560479752
31.320000000002096,1.0130012603764047,5.553549481259773e-7,2.3373648648760477,0.09366722085004693
31.330000000002098,1.0130012570831968,6.173129336104347e-7,2.337364827264844,0.09366722671309338
31.3400000000021,1.0130012538903357,6.796148995620765e-7,2.33736479151231,0.09366723319745222
31.3500000000021,1.013001250799927,7.422455548876163e-7,2.337364757643857,0.093667240306487
31.360000000002103,1.0130012478140629,8.051894001253576e-7,2.337364725684475,0.09366724804340729
31.370000000002104,1.0130012449348225,8.684307334990584e-7,2.3373646956587195,0.09366725641126661
31.380000000002106,1.0130012421642696,9.319536567489444e-7,2.3373646675906876,0.0936672654129606
31.390000000002107,1.0130012395044539,9.957420817044929e-7,2.337364641504012,0.09366727505122477
31.40000000000211,1.0130012369574086,1.0597797358251692e-6,2.337364617421837,0.09366728532863297
31.41000000000211,1.0130012345251505,1.12405016956785e-6,2.33736459536681,0.09366729624759543
31.420000000002112,1.0130012322096795,1.188536762517272e-6,2.337364575361068,0.09366730781035693
31.430000000002114,1.0130012300129776,1.2532227291682888e-6,2.3373645574262154,0.09366732001899528
31.440000000002115,1.0130012279370078,1.3180911264473134e-6,2.337364541583316,0.09366733287541965
31.450000000002117,1.0130012259837138,1.3831248609902464e-6,2.337364527852874,0.09366734638136898
31.46000000000212,1.0130012241550201,1.4483066950790104e-6,2.337364516254828,0.09366736053841056
31.47000000000212,1.0130012224528293,1.5136192539186651e-6,2.3373645068085276,0.09366737534793862
31.48000000000212,1.0130012208790236,1.5790450334921859e-6,2.3373644995327276,0.09366739081117305
31.490000000002123,1.0130012194354627,1.6445664067076029e-6,2.33736449444557,0.09366740692915795
31.500000000002125,1.0130012181239838,1.7101656312607389e-6,2.3373644915645806,0.09366742370276067
31.510000000002126,1.0130012169463998,1.7758248566971585e-6,2.3373644909066376,0.09366744113267061
31.520000000002128,1.0130012159045005,1.8415261324611042e-6,2.3373644924879833,0.09366745921939804
31.53000000000213,1.0130012150000514,1.907251414207568e-6,2.337364496324198,0.09366747796327331
31.54000000000213,1.0130012142347908,1.972982572160602e-6,2.3373645024301895,0.09366749736444592
31.550000000002132,1.0130012136104332,2.038701398228542e-6,2.337364510820187,0.09366751742288365
31.560000000002134,1.013001213128664,2.1043896137619087e-6,2.3373645215077268,0.09366753813837185
31.570000000002135,1.0130012127911439,2.170028877246532e-6,2.337364534505645,0.09366755951051271
31.580000000002137,1.0130012125995027,2.2356007918173375e-6,2.3373645498260625,0.09366758153872483
31.59000000000214,1.0130012125553438,2.301086913157137e-6,2.3373645674803782,0.09366760422224256
31.60000000000214,1.0130012126602406,2.366468757324175e-6,2.3373645874792675,0.0936676275601155
31.61000000000214,1.0130012129157364,2.431727807571178e-6,2.33736460983266,0.09366765155120838
31.620000000002143,1.0130012133233453,2.4968455234366154e-6,2.3373646345497443,0.09366767619420052
31.630000000002145,1.0130012138845483,2.5618033470542844e-6,2.337364661638946,0.09366770148758584
31.640000000002146,1.0130012146007963,2.6265827119889623e-6,2.337364691107933,0.0936677274296726
31.650000000002148,1.013001215473508,2.6911650506760003e-6,2.337364722963606,0.09366775401858334
31.66000000000215,1.0130012165040687,2.7555318017056007e-6,2.337364757212085,0.09366778125225499
31.67000000000215,1.013001217693831,2.819664417830761e-6,2.3373647938587108,0.0936678091284389
31.680000000002153,1.013001219044113,2.8835443735773088e-6,2.337364832908035,0.0936678376447011
31.690000000002154,1.0130012205561993,2.947153172918835e-6,2.337364874363817,0.09366786679842248
31.700000000002156,1.0130012222313383,3.010472356921663e-6,2.3373649182290124,0.09366789658679919
31.710000000002157,1.0130012240707438,3.07348351148092e-6,2.3373649645057806,0.09366792700684291
31.72000000000216,1.0130012260755943,3.1361682748245853e-6,2.3373650131954733,0.09366795805538143
31.73000000000216,1.0130012282470302,3.198508343995304e-6,2.337365064298629,0.09366798972905939
31.740000000002162,1.013001230586156,3.2604854840367793e-6,2.33736511781497,0.09366802202433852
31.750000000002164,1.0130012330940392,3.322081534432866e-6,2.33736517374341,0.09366805493749869
31.760000000002165,1.0130012357717082,3.383278416176075e-6,2.3373652320820377,0.09366808846463863
31.770000000002167,1.0130012386201541,3.4440581398832593e-6,2.3373652928281228,0.09366812260167648
31.78000000000217,1.0130012416403293,3.50440281221349e-6,2.337365355978117,0.0936681573443512
31.79000000000217,1.013001244833146,3.564294643321666e-6,2.337365421527641,0.09366819268822325
31.80000000000217,1.0130012481994783,3.623715954092806e-6,2.3373654894714972,0.09366822862867567
31.810000000002173,1.013001251740159,3.682649182846365e-6,2.337365559803665,0.0936682651609154
31.820000000002175,1.0130012554559815,3.741076892657399e-6,2.3373656325172973,0.09366830227997426
31.830000000002176,1.0130012593476978,3.7989817776385225e-6,2.337365707604724,0.09366833998071049
31.840000000002178,1.013001263416019,3.856346669962195e-6,2.3373657850574534,0.09366837825780985
31.85000000000218,1.0130012676616154,3.913154546695847e-6,2.337365864866178,0.09366841710578719
31.86000000000218,1.013001272085115,3.969388536077196e-6,2.3373659470207673,0.09366845651898782
31.870000000002182,1.013001276687103,4.025031923708484e-6,2.3373660315102742,0.09366849649158923
31.880000000002184,1.013001281468124,4.080068159987933e-6,2.337366118322941,0.09366853701760247
31.890000000002185,1.0130012864286784,4.134480865316474e-6,2.3373662074461974,0.09366857809087399
31.900000000002187,1.0130012915692244,4.18825383664514e-6,2.337366298866671,0.09366861970508732
31.91000000000219,1.013001296890176,4.241371053476785e-6,2.3373663925701766,0.09366866185376485
31.92000000000219,1.0130013023919053,4.293816684330383e-6,2.3373664885417402,0.09366870453026976
31.93000000000219,1.01300130807474,4.345575092014961e-6,2.3373665867655893,0.0936687477278078
31.940000000002193,1.013001313938963,4.3966308391183425e-6,2.337366687225163,0.09366879143942941
31.950000000002195,1.0130013199848147,4.446968694758535e-6,2.3373667899031165,0.09366883565803161
31.960000000002196,1.0130013262124906,4.496573638612479e-6,2.337366894781331,0.0936688803763602
31.970000000002198,1.013001332622141,4.545430867402626e-6,2.3373670018409096,0.09366892558701194
31.9800000000022,1.013001339213872,4.5935258000605575e-6,2.337367111062189,0.09366897128243658
31.9900000000022,1.0130013459877454,4.640844082706086e-6,2.337367222424756,0.09366901745493911
32.0000000000022,1.0130013529437782,4.687371593563219e-6,2.3373673359074414,0.0936690640966823
32.0100000000022,1.0130013600819412,4.733094447691197e-6,2.337367451488326,0.09366911119968878
32.0200000000022,1.0130013674021618,4.777999002763249e-6,2.3373675691447646,0.09366915875584357
32.0300000000022,1.0130013749043205,4.82207186244767e-6,2.3373676888533725,0.09366920675689651
32.040000000002195,1.0130013825882536,4.865299882128583e-6,2.337367810590052,0.09366925519446465
32.05000000000219,1.0130013904537518,4.907670172832931e-6,2.3373679343299907,0.09366930406003501
32.06000000000219,1.0130013985005604,4.949170105275116e-6,2.337368060047677,0.0936693533449669
32.07000000000219,1.0130014067283797,4.98978731443142e-6,2.3373681877169017,0.09366940304049469
32.08000000000219,1.013001415136864,5.02950970350536e-6,2.337368317310772,0.09366945313773041
32.090000000002185,1.0130014237256226,5.068325447995271e-6,2.3373684488017212,0.09366950362766657
32.10000000000218,1.0130014324942191,5.106222999438262e-6,2.3373685821615178,0.09366955450117875
32.11000000000218,1.0130014414421729,5.143191089217436e-6,2.3373687173612794,0.09366960574902836
32.12000000000218,1.0130014505689569,5.179218731341259e-6,2.3373688543714737,0.09366965736186564
32.13000000000218,1.0130014598739987,5.214295226915204e-6,2.3373689931619372,0.09366970933023246
32.140000000002175,1.0130014693566816,5.24841016738057e-6,2.3373691337018836,0.09366976164456499
32.15000000000217,1.013001479016344,5.2815534374058354e-6,2.337369275959919,0.0936698142951969
32.16000000000217,1.013001488852279,5.3137152175757165e-6,2.3373694199040465,0.0936698672723621
32.17000000000217,1.0130014988637346,5.344885987846165e-6,2.3373695655016773,0.09366992056619784
32.18000000000217,1.0130015090499145,5.3750565304621235e-6,2.3373697127196507,0.09366997416674772
32.190000000002165,1.013001519409978,5.404217932093853e-6,2.337369861524239,0.09367002806396461
32.20000000000216,1.0130015299430402,5.4323615876575334e-6,2.3373700118811627,0.09367008224771384
32.21000000000216,1.0130015406481714,5.4594792008159925e-6,2.337370163755597,0.09367013670777617
32.22000000000216,1.013001551524399,5.4855627884605654e-6,2.337370317112194,0.09367019143385107
32.23000000000216,1.013001562570706,5.5106046815159e-6,2.3373704719150847,0.0936702464155596
32.240000000002155,1.0130015737860316,5.534597527359447e-6,2.337370628127903,0.09367030164244788
32.25000000000215,1.0130015851692733,5.5575342922166634e-6,2.337370785713789,0.09367035710398987
32.26000000000215,1.0130015967192842,5.579408262138427e-6,2.3373709446354045,0.09367041278959097
32.27000000000215,1.0130016084348747,5.600213045809379e-6,2.337371104854947,0.09367046868859107
32.28000000000215,1.0130016203148133,5.619942575493386e-6,2.3373712663341633,0.09367052479026765
32.290000000002145,1.0130016323578261,5.63859110914855e-6,2.3373714290343592,0.09367058108383924
32.30000000000214,1.0130016445625982,5.656153231478966e-6,2.337371592916424,0.09367063755846844
32.31000000000214,1.0130016569277718,5.672623854851687e-6,2.3373717579408284,0.09367069420326549
32.32000000000214,1.0130016694519492,5.687998220810334e-6,2.337371924067647,0.09367075100729128
32.33000000000214,1.0130016821336911,5.70227190152385e-6,2.3373720912565723,0.09367080795956087
32.340000000002135,1.0130016949715182,5.715440800423021e-6,2.3373722594669277,0.09367086504904665
32.35000000000213,1.0130017079639106,5.727501153007954e-6,2.3373724286576745,0.09367092226468171
32.36000000000213,1.01300172110931,5.7384495275993865e-6,2.3373725987874443,0.09367097959536312
32.37000000000213,1.0130017344061175,5.748282825739729e-6,2.3373727698145244,0.09367103702995531
32.38000000000213,1.013001747852696,5.756998283231616e-6,2.3373729416969002,0.09367109455729346
32.390000000002125,1.0130017614473696,5.764593470206485e-6,2.3373731143922543,0.09367115216618671
32.40000000000212,1.013001775188425,5.7710662915060026e-6,2.3373732878579774,0.09367120984542163
32.41000000000212,1.013001789074111,5.776414987160257e-6,2.3373734620511986,0.09367126758376546
32.42000000000212,1.0130018031026393,5.780638132061323e-6,2.337373636928784,0.0936713253699695
32.43000000000212,1.0130018172721853,5.783734635923956e-6,2.3373738124473546,0.09367138319277256
32.440000000002115,1.013001831580888,5.785703743576752e-6,2.337373988563307,0.09367144104090418
32.45000000000211,1.0130018460268506,5.786545034878842e-6,2.3373741652328213,0.093671498903088
32.46000000000211,1.0130018606081421,5.786258423862185e-6,2.3373743424118802,0.09367155676804514
32.47000000000211,1.0130018753227958,5.784844158332371e-6,2.3373745200562777,0.09367161462449757
32.48000000000211,1.0130018901688125,5.782302819990709e-6,2.3373746981216397,0.09367167246117135
32.490000000002105,1.0130019051441577,5.778635323246399e-6,2.3373748765634335,0.09367173026680004
32.5000000000021,1.013001920246765,5.773842914592648e-6,2.337375055336985,0.09367178803012803
32.5100000000021,1.0130019354745354,5.767927172007539e-6,2.33737523439749,0.09367184573991386
32.5200000000021,1.0130019508253387,5.76089000393851e-6,2.3373754137000398,0.09367190338493336
32.5300000000021,1.0130019662970122,5.7527336479590215e-6,2.337375593199616,0.09367196095398324
32.540000000002095,1.0130019818873635,5.743460670549779e-6,2.3373757728511233,0.0936720184358842
32.55000000000209,1.0130019975941698,5.73307396492252e-6,2.3373759526093907,0.0936720758194842
32.56000000000209,1.0130020134151794,5.721576750666503e-6,2.337376132429201,0.09367213309366178
32.57000000000209,1.0130020293481112,5.708972571062776e-6,2.3373763122652886,0.0936721902473293
32.58000000000209,1.0130020453906565,5.69526529269299e-6,2.337376492072367,0.09367224726943617
32.590000000002085,1.0130020615404782,5.680459103424475e-6,2.337376671805129,0.09367230414897208
32.60000000000208,1.0130020777952131,5.66455851103587e-6,2.337376851418279,0.09367236087497019
32.61000000000208,1.0130020941524718,5.6475683410879815e-6,2.337377030866536,0.09367241743651032
32.62000000000208,1.0130021106098384,5.629493735215269e-6,2.337377210104647,0.0936724738227222
32.63000000000208,1.0130021271648733,5.610340149279155e-6,2.3373773890874125,0.09367253002278839
32.640000000002075,1.0130021438151118,5.590113350532611e-6,2.3373775677696815,0.09367258602594776
32.65000000000207,1.0130021605580661,5.568819416701277e-6,2.337377746106386,0.09367264182149825
32.66000000000207,1.0130021773912252,5.546464732922803e-6,2.337377924052544,0.09367269739880021
32.67000000000207,1.0130021943120564,5.523055989562285e-6,2.3373781015632753,0.09367275274727935
32.68000000000207,1.0130022113180048,5.498600179771824e-6,2.3373782785938153,0.09367280785642977
32.690000000002065,1.0130022284064957,5.473104597393108e-6,2.337378455099536,0.09367286271581701
32.70000000000206,1.0130022455749337,5.446576833368734e-6,2.337378631035948,0.0936729173150811
32.71000000000206,1.0130022628207045,5.419024773777114e-6,2.337378806358725,0.09367297164393933
32.72000000000206,1.0130022801411747,5.390456596904893e-6,2.3373789810237118,0.09367302569218947
32.73000000000206,1.0130022975336936,5.360880769889046e-6,2.337379154986943,0.09367307944971236
32.740000000002055,1.013002314995593,5.3303060463415785e-6,2.337379328204647,0.09367313290647514
32.75000000000205,1.0130023325241884,5.298741463412914e-6,2.337379500633276,0.09367318605253376
32.76000000000205,1.0130023501167802,5.266196337768199e-6,2.337379672229507,0.0936732388780359
32.77000000000205,1.0130023677706532,5.232680262660942e-6,2.3373798429502584,0.09367329137322393
32.78000000000205,1.0130023854830783,5.198203104390967e-6,2.337380012752701,0.09367334352843747
32.790000000002046,1.0130024032513132,5.162774999635593e-6,2.3373801815942845,0.09367339533411612
32.80000000000204,1.0130024210726025,5.126406351251756e-6,2.337380349432729,0.09367344678080225
32.81000000000204,1.0130024389441799,5.089107824993988e-6,2.3373805162260637,0.0936734978591435
32.82000000000204,1.0130024568632672,5.0508903448007535e-6,2.3373806819326175,0.09367354855989551
32.83000000000204,1.0130024748270765,5.011765090291926e-6,2.33738084651105,0.09367359887392443
32.840000000002036,1.01300249283281,4.971743491647153e-6,2.3373810099203527,0.09367364879220948
32.850000000002034,1.0130025108776612,4.930837226494645e-6,2.3373811721198634,0.09367369830584536
32.86000000000203,1.013002528958816,4.8890582152913404e-6,2.3373813330692923,0.09367374740604485
32.87000000000203,1.0130025470734527,4.8464186175894316e-6,2.337381492728715,0.09367379608414103
32.88000000000203,1.0130025652187435,4.802930826970197e-6,2.3373816510586,0.09367384433158986
32.890000000002026,1.0130025833918548,4.75860746730245e-6,2.337381808019815,0.0936738921399723
32.900000000002024,1.013002601589948,4.7134613883489e-6,2.337381963573642,0.09367393950099678
32.91000000000202,1.013002619810181,4.667505661196909e-6,2.3373821176817895,0.09367398640650121
32.92000000000202,1.0130026380497081,4.620753572717618e-6,2.3373822703064033,0.0936740328484554
32.93000000000202,1.0130026563056806,4.573218621987442e-6,2.337382421410081,0.09367407881896309
32.940000000002016,1.0130026745752496,4.524914515123704e-6,2.3373825709558833,0.09367412431026394
32.950000000002014,1.0130026928555638,4.475855159958282e-6,2.337382718907344,0.09367416931473581
32.96000000000201,1.013002711143772,4.426054661636324e-6,2.3373828652284856,0.09367421382489662
32.97000000000201,1.0130027294370247,4.3755273174439085e-6,2.337383009883831,0.09367425783340619
32.98000000000201,1.0130027477324726,4.324287611344145e-6,2.337383152838408,0.0936743013330684
32.990000000002006,1.0130027660272694,4.272350209016749e-6,2.337383294057775,0.09367434431683276
33.000000000002004,1.0130027843185714,4.2197299523382785e-6,2.337383433508017,0.0936743867777964
33.010000000002,1.0130028026035387,4.166441854399557e-6,2.337383571155762,0.09367442870920567
33.020000000002,1.0130028208793367,4.11250109355686e-6,2.3373837069682066,0.09367447010445794
33.030000000002,1.013002839143135,4.057923007984703e-6,2.3373838409130983,0.09367451095710311
33.040000000001996,1.0130028573921102,4.002723090723178e-6,2.3373839729587744,0.09367455126084531
33.050000000001994,1.0130028756234446,3.9469169826680865e-6,2.3373841030741502,0.09367459100954428
33.06000000000199,1.0130028938343292,3.890520468361972e-6,2.3373842312287465,0.09367463019721696
33.07000000000199,1.0130029120219637,3.833549469268587e-6,2.337384357392695,0.09367466881803871
33.08000000000199,1.013002930183555,3.776020037421912e-6,2.337384481536738,0.09367470686634491
33.090000000001986,1.0130029483163225,3.7179483508205177e-6,2.337384603632257,0.09367474433663196
33.100000000001984,1.013002966417494,3.6593507058649857e-6,2.3373847236512613,0.09367478122355871
33.11000000000198,1.0130029844843098,3.6002435127629142e-6,2.337384841566417,0.09367481752194756
33.12000000000198,1.0130030025140215,3.540643288609275e-6,2.3373849573510412,0.09367485322678552
33.13000000000198,1.013003020503895,3.480566650979051e-6,2.337385070979124,0.09367488833322529
33.140000000001976,1.0130030384512076,3.4200303119629026e-6,2.337385182425323,0.09367492283658622
33.150000000001974,1.0130030563532528,3.3590510723571537e-6,2.3373852916649875,0.09367495673235518
33.16000000000197,1.013003074207338,3.297645814390385e-6,2.337385398674155,0.0936749900161876
33.17000000000197,1.0130030920107866,3.235831495601926e-6,2.337385503429563,0.09367502268390798
33.18000000000197,1.0130031097609382,3.1736251431414175e-6,2.3373856059086617,0.09367505473151076
33.190000000001966,1.0130031274551503,3.1110438461210007e-6,2.3373857060896133,0.093675086155161
33.200000000001964,1.0130031450907966,3.0481047496447054e-6,2.3373858039513067,0.09367511695119497
33.21000000000196,1.0130031626652705,2.984825048587207e-6,2.337385899473359,0.0936751471161206
33.22000000000196,1.0130031801759836,2.9212219803429507e-6,2.3373859926361242,0.09367517664661804
33.23000000000196,1.0130031976203684,2.857312818945821e-6,2.3373860834207085,0.09367520553953991
33.240000000001956,1.0130032149958768,2.7931148676365404e-6,2.337386171808962,0.09367523379191178
33.250000000001954,1.013003232299982,2.7286454523054318e-6,2.3373862577834927,0.0936752614009324
33.26000000000195,1.0130032495301793,2.6639219155381272e-6,2.3373863413276754,0.09367528836397376
33.27000000000195,1.0130032666839854,2.598961608802653e-6,2.3373864224256478,0.09367531467858148
33.28000000000195,1.013003283758941,2.53378188683473e-6,2.3373865010623263,0.09367534034247456
33.290000000001946,1.0130033007526098,2.4684001001015613e-6,2.3373865772234024,0.09367536535354568
33.300000000001944,1.0130033176625792,2.4028335882905018e-6,2.337386650895353,0.09367538970986083
33.31000000000194,1.0130033344864624,2.337099673848064e-6,2.3373867220654425,0.09367541340965946
33.32000000000194,1.0130033512218966,2.2712156547588545e-6,2.3373867907217267,0.09367543645135401
33.33000000000194,1.0130033678665458,2.2051987983725176e-6,2.3373868568530582,0.09367545883352979
33.340000000001936,1.0130033844181003,2.139066333908074e-6,2.3373869204490876,0.09367548055494462
33.350000000001934,1.0130034008742772,2.072835446078807e-6,2.337386981500267,0.09367550161452842
33.36000000000193,1.013003417232821,2.0065232689690424e-6,2.337387039997855,0.09367552201138259
33.37000000000193,1.0130034334915046,1.940146878333318e-6,2.3373870959339142,0.09367554174477973
33.38000000000193,1.0130034496481282,1.8737232858301148e-6,2.337387149301319,0.09367556081416283
33.390000000001926,1.0130034657005231,1.8072694320472944e-6,2.337387200093754,0.09367557921914457
33.400000000001924,1.013003481646548,1.7408021795060606e-6,2.3373872483057156,0.0936755969595068
33.41000000000192,1.0130034974840934,1.6743383072583062e-6,2.3373872939325144,0.09367561403519946
33.42000000000192,1.013003513211079,1.6078945028787595e-6,2.3373873369702762,0.09367563044633982
33.43000000000192,1.0130035288254555,1.5414873566028379e-6,2.3373873774159355,0.09367564619321171
33.440000000001916,1.0130035443252055,1.4751333560142972e-6,2.337387415267248,0.09367566127626419
33.450000000001914,1.0130035597083438,1.4088488777564916e-6,2.3373874505227814,0.09367567569611061
33.46000000000191,1.0130035749729163,1.342650182110248e-6,2.337387483181917,0.09367568945352765
33.47000000000191,1.0130035901170011,1.2765534068937588e-6,2.3373875132448414,0.09367570254945401
33.48000000000191,1.0130036051387115,1.2105745615393762e-6,2.3373875407125606,0.09367571498498894
33.490000000001906,1.0130036200361914,1.144729520051519e-6,2.3373875655868837,0.09367572676139128
33.500000000001904,1.0130036348076206,1.079034015746265e-6,2.33738758787043,0.09367573788007784
33.5100000000019,1.013003649451212,1.0135036348461492e-6,2.337387607566622,0.09367574834262202
33.5200000000019,1.0130036639652131,9.481538104773877e-7,2.33738762467968,0.09367575815075237
33.5300000000019,1.0130036783479053,8.829998172122381e-7,2.337387639214622,0.09367576730635102
33.540000000001896,1.0130036925976063,8.18056765955376e-7,2.3373876511772633,0.0936757758114519
33.550000000001894,1.0130037067126683,7.533395969222568e-7,2.3373876605742057,0.0936757836682393
33.56000000000189,1.0130037206914797,6.888630745867489e-7,2.3373876674128393,0.09367579087904598
33.57000000000189,1.013003734532464,6.246417824782204e-7,2.3373876717013307,0.09367579744635153
33.58000000000189,1.0130037482340812,5.606901182728391e-7,2.3373876734486245,0.09367580337278038
33.590000000001886,1.0130037617948275,4.970222878563962e-7,2.3373876726644323,0.09367580866110002
33.600000000001884,1.0130037752132361,4.3365230044920153e-7,2.3373876693592313,0.09367581331421895
33.61000000000188,1.013003788487876,3.7059396372820536e-7,2.337387663544254,0.09367581733518489
33.62000000000188,1.0130038016173544,3.078608789809555e-7,2.3373876552314874,0.09367582072718242
33.63000000000188,1.0130038146003146,2.4546643567958234e-7,2.3373876444336554,0.09367582349353126
33.640000000001876,1.0130038274354378,1.8342380798150292e-7,2.3373876311642263,0.09367582563768387
33.650000000001874,1.0130038401214425,1.2174594894358076e-7,2.337387615437391,0.09367582716322334
33.66000000000187,1.013003852657085,6.044558732239591e-8,2.3373875972680627,0.09367582807386116
33.67000000000187,1.0130038650411584,-4.647775065781829e-10,2.337387576671865,0.09367582837343506
33.68000000000187,1.0130038772724945,-6.097287911353672e-8,2.337387553665125,0.0936758280659065
33.69000000000187,1.013003889349963,-1.2106668813418014e-7,2.337387528264867,0.09367582715535847
33.700000000001864,1.0130039012724714,-1.8073441679251736e-7,2.3373875004887963,0.09367582564599304
33.71000000000186,1.0130039130389648,-2.399645215653736e-7,2.3373874703552917,0.09367582354212893
33.72000000000186,1.0130039246484275,-2.9874570709785453e-7,2.3373874378834034,0.09367582084819906
33.73000000000186,1.0130039360998813,-3.5706693002651524e-7,2.3373874030928334,0.093675817568748
33.74000000000186,1.0130039473923853,-4.1491740230202697e-7,2.3373873660039184,0.09367581370842959
33.750000000001855,1.0130039585250383,-4.7228659300992747e-7,2.337387326637638,0.09367580927200422
33.76000000000185,1.013003969496976,-5.291642323729091e-7,2.337387285015587,0.09367580426433625
33.77000000000185,1.0130039803073732,-5.855403143636658e-7,2.337387241159974,0.09367579869039144
33.78000000000185,1.0130039909554418,-6.414050993625832e-7,2.3373871950935996,0.09367579255523428
33.79000000000185,1.013004001440433,-6.96749116619381e-7,2.3373871468398577,0.09367578586402535
33.800000000001845,1.0130040117616343,-7.515631663285698e-7,2.337387096422706,0.09367577862201855
33.81000000000184,1.0130040219183734,-8.05838321919622e-7,2.3373870438666713,0.09367577083455834
33.82000000000184,1.0130040319100133,-8.595659325865185e-7,2.3373869891968204,0.09367576250707725
33.83000000000184,1.0130040417359567,-9.12737623934715e-7,2.3373869324387586,0.09367575364509277
33.84000000000184,1.0130040513956429,-9.653453010034862e-7,2.337386873618609,0.0936757442542048
33.850000000001835,1.0130040608885482,-1.017381148347015e-6,2.3373868127629995,0.09367573434009285
33.86000000000183,1.0130040702141874,-1.0688376322965977e-6,2.3373867498990575,0.09367572390851309
33.87000000000183,1.0130040793721118,-1.119707501788144e-6,2.3373866850543843,0.09367571296529563
33.88000000000183,1.0130040883619098,-1.1699837897836581e-6,2.337386618257048,0.09367570151634169
33.89000000000183,1.013004097183207,-1.2196598135484659e-6,2.337386549535567,0.09367568956762073
33.900000000001825,1.013004105835665,-1.2687291758059756e-6,2.337386478918893,0.09367567712516767
33.91000000000182,1.0130041143189819,-1.317185764983039e-6,2.3373864064363983,0.09367566419507982
33.92000000000182,1.0130041226328925,-1.365023755336193e-6,2.3373863321178643,0.09367565078351434
33.93000000000182,1.0130041307771664,-1.4122376075270935e-6,2.3373862559934553,0.0936756368966852
33.94000000000182,1.0130041387516102,-1.4588220680902176e-6,2.337386178093716,0.09367562254086026
33.950000000001815,1.0130041465560657,-1.5047721697164344e-6,2.3373860984495543,0.09367560772235842
33.96000000000181,1.0130041541904098,-1.550083231085055e-6,2.3373860170922147,0.093675592447547
33.97000000000181,1.0130041616545535,-1.5947508561488866e-6,2.337385934053274,0.0936755767228386
33.98000000000181,1.0130041689484435,-1.6387709334368327e-6,2.337385849364621,0.09367556055468838
33.99000000000181,1.0130041760720605,-1.6821396351790383e-6,2.3373857630584394,0.0936755439495912
34.000000000001805,1.0130041830254186,-1.7248534162808878e-6,2.3373856751671966,0.09367552691407881
34.0100000000018,1.0130041898085667,-1.766909013559758e-6,2.337385585723623,0.09367550945471687
34.0200000000018,1.0130041964215861,-1.8083034442969328e-6,2.337385494760697,0.09367549157810244
34.0300000000018,1.013004202864592,-1.8490340046688988e-6,2.3373854023116354,0.09367547329086091
34.0400000000018,1.0130042091377318,-1.8890982687547577e-6,2.337385308409864,0.0936754545996434
34.050000000001795,1.013004215241185,-1.9284940860522325e-6,2.337385213089015,0.09367543551112378
34.06000000000179,1.0130042211751635,-1.9672195801601327e-6,2.337385116382902,0.09367541603199615
34.07000000000179,1.0130042269399109,-2.0052731466079836e-6,2.3373850183255094,0.09367539616897198
34.08000000000179,1.0130042325357014,-2.0426534507982505e-6,2.337384918950969,0.09367537592877745
34.09000000000179,1.0130042379628401,-2.0793594254765094e-6,2.337384818293553,0.09367535531815076
34.100000000001785,1.013004243221663,-2.115390268422125e-6,2.3373847163876507,0.09367533434383946
34.11000000000178,1.0130042483125363,-2.1507454397425813e-6,2.3373846132677594,0.09367531301259768
34.12000000000178,1.0130042532358545,-2.185424659936523e-6,2.3373845089684586,0.09367529133118387
34.13000000000178,1.013004257992043,-2.219427905992824e-6,2.3373844035244074,0.09367526930635774
34.14000000000178,1.0130042625815545,-2.2527554098359637e-6,2.337384296970314,0.09367524694487818
34.150000000001775,1.0130042670048702,-2.2854076539424363e-6,2.3373841893409297,0.09367522425350043
34.16000000000177,1.0130042712625,-2.3173853682368053e-6,2.337384080671031,0.09367520123897358
34.17000000000177,1.0130042753549808,-2.348689527965113e-6,2.3373839709954054,0.09367517790803823
34.18000000000177,1.0130042792828757,-2.379321349644329e-6,2.3373838603488317,0.09367515426742412
34.19000000000177,1.0130042830467747,-2.4092822870193163e-6,2.3373837487660647,0.09367513032384756
34.200000000001765,1.0130042866472948,-2.4385740280692594e-6,2.3373836362818303,0.09367510608400909
34.21000000000176,1.013004290085077,-2.467198491453892e-6,2.3373835229307973,0.0936750815545913
34.22000000000176,1.0130042933607888,-2.49515782243682e-6,2.337383408747569,0.09367505674225637
34.23000000000176,1.0130042964751216,-2.522454389288922e-6,2.3373832937666736,0.09367503165364408
34.24000000000176,1.0130042994287904,-2.5490907791026197e-6,2.337383178022532,0.0936750062953692
34.250000000001755,1.0130043022225346,-2.575069793434869e-6,2.337383061549464,0.09367498067401976
34.26000000000175,1.013004304857116,-2.600394444288899e-6,2.337382944381661,0.09367495479615462
34.27000000000175,1.0130043073333206,-2.62506795051544e-6,2.3373828265531857,0.09367492866830139
34.28000000000175,1.0130043096519543,-2.6490937332679633e-6,2.3373827080979357,0.09367490229695469
34.29000000000175,1.013004311813846,-2.6724754108482313e-6,2.3373825890496507,0.0936748756885738
34.300000000001745,1.0130043138198457,-2.69521679536646e-6,2.3373824694418905,0.09367484884958084
34.31000000000174,1.0130043156708237,-2.7173218876233833e-6,2.337382349308026,0.0936748217863589
34.32000000000174,1.0130043173676702,-2.738794872798494e-6,2.3373822286812183,0.09367479450525015
34.33000000000174,1.0130043189112954,-2.7596401157405386e-6,2.337382107594417,0.09367476701255394
34.34000000000174,1.0130043203026287,-2.7798621564190604e-6,2.3373819860803406,0.09367473931452518
34.350000000001735,1.0130043215426172,-2.799465705365478e-6,2.3373818641714617,0.09367471141737249
34.36000000000173,1.0130043226322274,-2.8184556386479205e-6,2.3373817419000105,0.09367468332725648
34.37000000000173,1.0130043235724417,-2.8368369936307544e-6,2.337381619297937,0.09367465505028832
34.38000000000173,1.0130043243642608,-2.854614963163785e-6,2.3373814963969264,0.09367462659252797
34.39000000000173,1.0130043250087022,-2.8717948912893015e-6,2.3373813732283786,0.09367459795998256
34.400000000001725,1.0130043255067975,-2.888382269710706e-6,2.3373812498233852,0.09367456915860531
34.41000000000172,1.013004325859596,-2.904382730342642e-6,2.3373811262127377,0.09367454019429362
34.42000000000172,1.0130043260681605,-2.9198020426742424e-6,2.337381002426909,0.0936745110728879
34.43000000000172,1.013004326133569,-2.9346461077153103e-6,2.337380878496042,0.09367448180017028
34.44000000000172,1.0130043260569126,-2.9489209534494928e-6,2.337380754449934,0.0936744523818632
34.450000000001715,1.013004325839297,-2.9626327296465786e-6,2.337380630318051,0.09367442282362817
34.46000000000171,1.0130043254818397,-2.9757877031356446e-6,2.3373805061294926,0.09367439313106464
34.47000000000171,1.0130043249856715,-2.988392253259345e-6,2.3373803819129955,0.09367436330970887
34.48000000000171,1.0130043243519344,-3.0004528662708145e-6,2.3373802576969216,0.09367433336503271
34.49000000000171,1.0130043235817823,-3.011976130443633e-6,2.337380133509256,0.09367430330244268
34.500000000001705,1.0130043226763794,-3.0229687315789427e-6,2.3373800093775916,0.09367427312727894
34.5100000000017,1.013004321636901,-3.033437448218428e-6,2.3373798853291254,0.09367424284481432
34.5200000000017,1.0130043204645316,-3.0433891459327275e-6,2.337379761390655,0.09367421246025341
34.5300000000017,1.0130043191604658,-3.0528307739079363e-6,2.3373796375885636,0.09367418197873167
34.5400000000017,1.0130043177259072,-3.0617693587628566e-6,2.3373795139488216,0.09367415140531475
34.550000000001695,1.013004316162067,-3.070212000522171e-6,2.3373793904969724,0.09367412074499762
34.56000000000169,1.0130043144701646,-3.078165867943747e-6,2.3373792672581333,0.09367409000270398
34.57000000000169,1.0130043126514272,-3.0856381926088174e-6,2.3373791442569876,0.09367405918328542
34.58000000000169,1.0130043107070887,-3.0926362655448734e-6,2.337379021517779,0.093674028291521
34.59000000000169,1.0130043086383904,-3.0991674321313586e-6,2.3373788990643134,0.0936739973321165
34.600000000001685,1.0130043064465788,-3.105239087899487e-6,2.337378776919936,0.09367396630970407
34.61000000000168,1.0130043041329055,-3.110858673132692e-6,2.3373786551075506,0.09367393522884165
34.62000000000168,1.0130043016986285,-3.116033668805611e-6,2.3373785336495985,0.09367390409401258
34.63000000000168,1.01300429914501,-3.1207715922713954e-6,2.337378412568062,0.09367387290962519
34.64000000000168,1.0130042964733161,-3.125079992692467e-6,2.3373782918844612,0.09367384168001246
34.650000000001675,1.0130042936848167,-3.1289664466908956e-6,2.337378171619844,0.09367381040943183
34.66000000000167,1.013004290780786,-3.132438553408181e-6,2.337378051794797,0.09367377910206472
34.67000000000167,1.0130042877624998,-3.135503931416449e-6,2.3373779324294315,0.09367374776201655
34.68000000000167,1.013004284631238,-3.1381702140326417e-6,2.3373778135433843,0.09367371639331641
34.69000000000167,1.0130042813882807,-3.1404450450684367e-6,2.3373776951558165,0.0936736849999171
34.700000000001666,1.0130042780349113,-3.142336074432667e-6,2.3373775772854137,0.09367365358569485
34.71000000000166,1.0130042745724133,-3.1438509550241656e-6,2.33737745995038,0.09367362215444947
34.72000000000166,1.0130042710020721,-3.144997337758613e-6,2.3373773431684457,0.0936735907099041
34.73000000000166,1.013004267325173,-3.145782868793741e-6,2.3373772269568565,0.09367355925570554
34.74000000000166,1.0130042635430012,-3.1462151852617027e-6,2.337377111332381,0.09367352779542411
34.750000000001656,1.0130042596568427,-3.1463019115056466e-6,2.33737699631131,0.09367349633255377
34.760000000001654,1.0130042556679815,-3.1460506555766855e-6,2.337376881909443,0.09367346487051242
34.77000000000165,1.0130042515777011,-3.145469005257661e-6,2.3373767681421116,0.09367343341264192
34.78000000000165,1.0130042473872831,-3.144564524833098e-6,2.3373766550241593,0.0936734019622084
34.79000000000165,1.0130042430980086,-3.143344751844084e-6,2.3373765425699604,0.09367337052240239
34.800000000001646,1.0130042387111553,-3.141817193693996e-6,2.3373764307934057,0.09367333909633932
34.810000000001644,1.0130042342279995,-3.1399893242955855e-6,2.3373763197079156,0.09367330768705956
34.82000000000164,1.0130042296498136,-3.1378685811653094e-6,2.337376209326429,0.09367327629752908
34.83000000000164,1.013004224977868,-3.1354623618510615e-6,2.337376099661423,0.09367324493063954
34.84000000000164,1.0130042202134288,-3.1327780213281085e-6,2.337375990724898,0.0936732135892089
34.850000000001636,1.0130042153577583,-3.129822869262935e-6,2.337375882528385,0.0936731822759818
34.860000000001634,1.0130042104121162,-3.1266041661081914e-6,2.3373757750829607,0.09367315099362998
34.87000000000163,1.0130042053777557,-3.1231291214478275e-6,2.3373756683992304,0.09367311974475291
34.88000000000163,1.013004200255927,-3.1194048910868922e-6,2.3373755624873436,0.09367308853187815
34.89000000000163,1.013004195047874,-3.1154385739392663e-6,2.337375457356992,0.09367305735746206
34.900000000001626,1.0130041897548367,-3.111237209872725e-6,2.33737535301742,0.09367302622389022
34.910000000001624,1.0130041843780493,-3.1068077771705084e-6,2.33737524947742,0.09367299513347813
34.92000000000162,1.0130041789187396,-3.1021571908744904e-6,2.337375146745342,0.09367296408847185
34.93000000000162,1.0130041733781296,-3.09729229980186e-6,2.33737504482909,0.09367293309104867
34.94000000000162,1.0130041677574355,-3.092219883912282e-6,2.337374943736135,0.09367290214331761
34.950000000001616,1.0130041620578667,-3.086946653244459e-6,2.3373748434735195,0.09367287124732034
34.960000000001614,1.0130041562806256,-3.081479245432617e-6,2.3373747440478487,0.09367284040503178
34.97000000000161,1.0130041504269076,-3.0758242233541844e-6,2.3373746454653093,0.09367280961836079
34.98000000000161,1.0130041444979014,-3.0699880739078356e-6,2.337374547731672,0.09367277888915103
34.99000000000161,1.013004138494788,-3.0639772059043055e-6,2.3373744508522916,0.09367274821918171
35.000000000001606,1.0130041324187409,-3.0577979484779794e-6,2.3373743548321113,0.09367271761016821
35.010000000001604,1.0130041262709257,-3.0514565496286807e-6,2.337374259675679,0.09367268706376321
35.0200000000016,1.0130041200524995,-3.044959174483911e-6,2.3373741653871347,0.09367265658155717
35.0300000000016,1.0130041137646124,-3.0383119036070608e-6,2.337374071970234,0.09367262616507936
35.0400000000016,1.0130041074084046,-3.0315207325352074e-6,2.3373739794283397,0.09367259581579873
35.050000000001596,1.013004100985009,-3.024591569019665e-6,2.3373738877644383,0.09367256553512468
35.060000000001594,1.0130040944955492,-3.0175302331460575e-6,2.3373737969811366,0.0936725353244079
35.07000000000159,1.0130040879411397,-3.010342455439801e-6,2.337373707080673,0.09367250518494145
35.08000000000159,1.0130040813228864,-3.0030338760541766e-6,2.337373618064924,0.09367247511796145
35.09000000000159,1.0130040746418858,-2.9956100434732922e-6,2.337373529935403,0.09367244512464812
35.100000000001586,1.0130040678992256,-2.9880764142908063e-6,2.337373442693281,0.09367241520612657
35.110000000001584,1.0130040610959832,-2.9804383515646675e-6,2.3373733563393757,0.09367238536346792
35.12000000000158,1.0130040542332268,-2.972701124540571e-6,2.3373732708741652,0.09367235559769008
35.13000000000158,1.0130040473120152,-2.964869907673221e-6,2.3373731862978047,0.0936723259097587
35.14000000000158,1.0130040403333969,-2.9569497800977787e-6,2.33737310261011,0.09367229630058828
35.150000000001576,1.013004033298411,-2.948945724880633e-6,2.3373730198105878,0.09367226677104284
35.160000000001574,1.0130040262080864,-2.940862629073003e-6,2.337372937898426,0.09367223732193719
35.17000000000157,1.0130040190634413,-2.932705282495406e-6,2.3373728568725056,0.09367220795403772
35.18000000000157,1.0130040118654846,-2.9244783778889115e-6,2.3373727767314096,0.09367217866806339
35.19000000000157,1.0130040046152144,-2.9161865103649553e-6,2.337372697473424,0.09367214946468669
35.200000000001566,1.013003997313619,-2.9078341770330594e-6,2.3373726190965516,0.09367212034453473
35.210000000001564,1.013003989961675,-2.899425777183375e-6,2.3373725415985116,0.09367209130819004
35.22000000000156,1.01300398256035,-2.890965611753675e-6,2.3373724649767507,0.09367206235619174
35.23000000000156,1.0130039751106006,-2.88245788339364e-6,2.3373723892284493,0.09367203348903635
35.24000000000156,1.0130039676133724,-2.873906696765606e-6,2.3373723143505307,0.09367200470717892
35.250000000001556,1.0130039600696013,-2.865316058520435e-6,2.337372240339659,0.09367197601103389
35.260000000001554,1.0130039524802108,-2.856689876869181e-6,2.3373721671922527,0.09367194740097617
35.27000000000155,1.0130039448461152,-2.8480319618039815e-6,2.337372094904489,0.09367191887734211
35.28000000000155,1.013003937168218,-2.83934602553568e-6,2.3373720234723208,0.09367189044043032
35.29000000000155,1.0130039294474114,-2.8306356833622747e-6,2.33737195289146,0.09367186209050292
35.300000000001546,1.0130039216845768,-2.821904452382696e-6,2.337371883157413,0.09367183382778625
35.310000000001544,1.013003913880585,-2.81315575366303e-6,2.3373718142654614,0.09367180565247205
35.32000000000154,1.013003906036296,-2.8043929111390705e-6,2.3373717462106858,0.0936717775647183
35.33000000000154,1.0130038981525593,-2.7956191526364533e-6,2.337371678987966,0.0936717495646502
35.34000000000154,1.0130038902302132,-2.786837610727343e-6,2.337371612591991,0.09367172165236118
35.350000000001536,1.013003882270085,-2.778051322800587e-6,2.337371547017256,0.09367169382791378
35.360000000001534,1.0130038742729919,-2.7692632315463096e-6,2.337371482258082,0.09367166609134071
35.37000000000153,1.0130038662397394,-2.760476185629915e-6,2.337371418308614,0.09367163844264569
35.38000000000153,1.013003858171123,-2.7516929404575452e-6,2.337371355162829,0.09367161088180435
35.39000000000153,1.0130038500679273,-2.7429161587917924e-6,2.3373712928145447,0.09367158340876534
35.400000000001526,1.0130038419309264,-2.7341484116865526e-6,2.337371231257425,0.09367155602345108
35.410000000001524,1.013003833760883,-2.7253921788103488e-6,2.337371170484981,0.09367152872575875
35.42000000000152,1.01300382555855,-2.716649849393063e-6,2.3373711104905843,0.09367150151556117
35.43000000000152,1.0130038173246696,-2.707923723144419e-6,2.3373710512674744,0.09367147439270772
35.44000000000152,1.0130038090599722,-2.6992160112169388e-6,2.3373709928087534,0.0936714473570253
35.450000000001516,1.0130038007651794,-2.690528836159934e-6,2.3373709351074066,0.09367142040831906
35.460000000001514,1.0130037924410016,-2.6818642341027584e-6,2.3373708781562956,0.09367139354637334
35.47000000000151,1.0130037840881385,-2.6732241548309802e-6,2.337370821948175,0.09367136677095263
35.48000000000151,1.0130037757072803,-2.664610463045853e-6,2.3373707664756926,0.09367134008180225
35.49000000000151,1.0130037672991057,-2.656024939517694e-6,2.337370711731392,0.09367131347864945
35.500000000001506,1.0130037588642842,-2.647469281128389e-6,2.337370657707729,0.0936712869612039
35.510000000001504,1.0130037504034752,-2.638945103441665e-6,2.337370604397069,0.09367126052915885
35.5200000000015,1.013003741917327,-2.6304539401708362e-6,2.3373705517916883,0.09367123418219178
35.5300000000015,1.0130037334064792,-2.621997245306325e-6,2.337370499883793,0.09367120791996518
35.5400000000015,1.0130037248715607,-2.613576393887774e-6,2.337370448665514,0.09367118174212738
35.550000000001496,1.0130037163131904,-2.605192682914944e-6,2.3373703981289142,0.09367115564831348
35.560000000001494,1.013003707731978,-2.596847332553795e-6,2.3373703482659978,0.09367112963814586
35.57000000000149,1.0130036991285232,-2.5885414873216134e-6,2.3373702990687097,0.09367110371123516
35.58000000000149,1.0130036905034159,-2.580276217066361e-6,2.3373702505289455,0.09367107786718087
35.59000000000149,1.013003681857237,-2.5720525181492957e-6,2.3373702026385526,0.09367105210557225
35.60000000000149,1.013003673190558,-2.5638713150121976e-6,2.3373701553893382,0.09367102642598886
35.610000000001484,1.0130036645039406,-2.5557334606435555e-6,2.337370108773078,0.09367100082800142
35.62000000000148,1.013003655797937,-2.547639738443892e-6,2.3373700627815013,0.09367097531117254
35.63000000000148,1.0130036470730917,-2.539590862258766e-6,2.337370017406328,0.09367094987505718
35.64000000000148,1.0130036383299386,-2.531587479408091e-6,2.337369972639243,0.09367092451920361
35.65000000000148,1.0130036295690037,-2.523630170152655e-6,2.3373699284719183,0.09367089924315398
35.660000000001475,1.013003620790804,-2.515719450020226e-6,2.337369884896012,0.09367087404644489
35.67000000000147,1.013003611995847,-2.507855770544328e-6,2.3373698419031714,0.09367084892860816
35.68000000000147,1.0130036031846328,-2.50003952016245e-6,2.337369799485037,0.09367082388917138
35.69000000000147,1.0130035943576519,-2.4922710259661314e-6,2.3373697576332515,0.09367079892765857
35.70000000000147,1.0130035855153874,-2.4845505547229666e-6,2.33736971633946,0.09367077404359077
35.710000000001465,1.0130035766583134,-2.4768783140994733e-6,2.3373696755953133,0.0936707492364867
35.72000000000146,1.0130035677868965,-2.4692544538751083e-6,2.3373696353924713,0.09367072450586321
35.73000000000146,1.0130035589015944,-2.4616790672567057e-6,2.3373695957226133,0.09367069985123605
35.74000000000146,1.0130035500028576,-2.4541521918938163e-6,2.3373695565774297,0.09367067527212017
35.75000000000146,1.013003541091129,-2.4466738113619924e-6,2.3373695179486402,0.09367065076803051
35.760000000001455,1.0130035321668422,-2.4392438561739125e-6,2.3373694798279803,0.09367062633848248
35.77000000000145,1.0130035232304249,-2.4318622047758183e-6,2.3373694422072204,0.0936706019829924
35.78000000000145,1.013003514282297,-2.424528684455987e-6,2.337369405078163,0.09367057770107795
35.79000000000145,1.0130035053228708,-2.4172430742896096e-6,2.337369368432641,0.093670553492259
35.80000000000145,1.013003496352551,-2.410005103976707e-6,2.337369332262527,0.0936705293560577
35.810000000001445,1.013003487371736,-2.4028144566993176e-6,2.337369296559736,0.09367050529199918
35.82000000000144,1.0130034783808166,-2.3956707697273027e-6,2.3373692613162262,0.093670481299612
35.83000000000144,1.0130034693801775,-2.3885736351993776e-6,2.3373692265240025,0.09367045737842858
35.84000000000144,1.0130034603701956,-2.381522602522551e-6,2.3373691921751165,0.0936704335279856
35.85000000000144,1.013003451351242,-2.374517177864438e-6,2.3373691582616756,0.09367040974782448
35.860000000001435,1.013003442323681,-2.3675568262794504e-6,2.3373691247758392,0.0936703860374918
35.87000000000143,1.0130034332878703,-2.360640972769312e-6,2.3373690917098227,0.09367036239653966
35.88000000000143,1.0130034242441621,-2.3537690033445905e-6,2.3373690590559053,0.09367033882452606
35.89000000000143,1.0130034151929017,-2.346940265785774e-6,2.3373690268064213,0.09367031532101548
35.90000000000143,1.0130034061344293,-2.340154071161435e-6,2.3373689949537764,0.09367029188557893
35.910000000001425,1.0130033970690777,-2.33340969511385e-6,2.337368963490436,0.09367026851779466
35.92000000000142,1.013003387997176,-2.3267063783875012e-6,2.337368932408939,0.09367024521724816
35.93000000000142,1.013003378919046,-2.3200433283727037e-6,2.3373689017018893,0.09367022198353285
35.94000000000142,1.0130033698350045,-2.3134197199372994e-6,2.337368871361963,0.09367019881625012
35.95000000000142,1.013003360745363,-2.3068346958950663e-6,2.3373688413819145,0.09367017571500985
35.960000000001415,1.0130033516504282,-2.300287369055e-6,2.337368811754571,0.09367015267943056
35.97000000000141,1.013003342550501,-2.293776822986066e-6,2.3373687824728333,0.09367012970913986
35.98000000000141,1.0130033334458775,-2.287302112296553e-6,2.337368753529688,0.09367010680377463
35.99000000000141,1.0130033243368486,-2.2808622646844026e-6,2.3373687249181962,0.09367008396298142
36.00000000000141,1.0130033152237017,-2.2744562809817656e-6,2.3373686966315055,0.09367006118641646
36.010000000001405,1.0130033061067178,-2.2680831371125072e-6,2.337368668662842,0.0936700384737463
36.0200000000014,1.0130032969861744,-2.2617417839759344e-6,2.337368641005517,0.09367001582464778
36.0300000000014,1.0130032878623447,-2.2554311490723797e-6,2.337368613652931,0.09366999323880826
36.0400000000014,1.013003278735497,-2.249150137391323e-6,2.337368586598569,0.09366997071592603
36.0500000000014,1.013003269605896,-2.24289763206985e-6,2.337368559836002,0.09366994825571048
36.060000000001395,1.013003260473802,-2.236672495513187e-6,2.337368533358895,0.09366992585788216
36.07000000000139,1.0130032513394718,-2.2304735702049897e-6,2.337368507160998,0.09366990352217315
36.08000000000139,1.0130032422031576,-2.22429967975358e-6,2.3373684812361555,0.09366988124832727
36.09000000000139,1.0130032330651086,-2.2181496293568316e-6,2.337368455578305,0.09366985903610009
36.10000000000139,1.0130032239255704,-2.212022207110791e-6,2.33736843018147,0.09366983688525925
36.110000000001385,1.013003214784785,-2.205916184496987e-6,2.337368405039776,0.09366981479558459
36.12000000000138,1.0130032056429907,-2.199830317824053e-6,2.33736838014744,0.09366979276686833
36.13000000000138,1.013003196500423,-2.1937633483734417e-6,2.33736835549877,0.09366977079891521
36.14000000000138,1.0130031873573142,-2.187714003313023e-6,2.337368331088175,0.0936697488915426
36.15000000000138,1.0130031782138935,-2.1816809970256352e-6,2.3373683069101587,0.09366972704458068
36.160000000001375,1.013003169070387,-2.1756630310032433e-6,2.3373682829593196,0.09366970525787255
36.17000000000137,1.0130031599270184,-2.1696587956168033e-6,2.337368259230358,0.09366968353127435
36.18000000000137,1.013003150784009,-2.163666970206096e-6,2.3373682357180723,0.09366966186465528
36.19000000000137,1.0130031416415763,-2.15768622479043e-6,2.3373682124173527,0.09366964025789801
36.20000000000137,1.0130031324999367,-2.1517152191993563e-6,2.3373681893231977,0.09366961871089835
36.210000000001365,1.0130031233593033,-2.1457526053013385e-6,2.3373681664306942,0.0936695972235657
36.22000000000136,1.0130031142198876,-2.1397970271609453e-6,2.337368143735041,0.09366957579582282
36.23000000000136,1.0130031050818986,-2.1338471221134514e-6,2.337368121231529,0.09366955442760622
36.24000000000136,1.0130030959455432,-2.127901520810578e-6,2.337368098915552,0.093669533118866
36.25000000000136,1.013003086811026,-2.1219588488306835e-6,2.337368076782601,0.09366951186956606
36.260000000001355,1.0130030776785504,-2.1160177262086347e-6,2.3373680548282727,0.09366949067968391
36.27000000000135,1.0130030685483178,-2.1100767692928945e-6,2.3373680330482633,0.09366946954921102
36.28000000000135,1.013003059420528,-2.1041345913879056e-6,2.337368011438374,0.09366944847815263
36.29000000000135,1.0130030502953793,-2.0981898027209086e-6,2.3373679899945,0.0936694274665279
36.30000000000135,1.0130030411730677,-2.0922410120033294e-6,2.3373679687126447,0.09366940651436992
36.310000000001345,1.013003032053789,-2.0862868263088135e-6,2.337367947588909,0.09366938562172565
36.32000000000134,1.0130030229377376,-2.0803258522041747e-6,2.337367926619504,0.09366936478865603
36.33000000000134,1.0130030138251054,-2.074356696672277e-6,2.3373679058007326,0.09366934401523593
36.34000000000134,1.0130030047160847,-2.0683779672035333e-6,2.3373678851290087,0.09366932330155406
36.35000000000134,1.013002995610866,-2.0623882733762093e-6,2.337367864600844,0.09366930264771316
36.360000000001335,1.0130029865096393,-2.0563862269887303e-6,2.3373678442128556,0.09366928205382978
36.37000000000133,1.0130029774125928,-2.0503704426540738e-6,2.3373678239617632,0.0936692615200344
36.38000000000133,1.013002968319915,-2.0443395386994355e-6,2.337367803844386,0.09366924104647131
36.39000000000133,1.0130029592317933,-2.038292137597796e-6,2.33736778385765,0.09366922063329862
36.40000000000133,1.0130029501484143,-2.032226867307205e-6,2.337367763998586,0.09366920028068813
36.410000000001325,1.013002941069965,-2.0261423616657164e-6,2.337367744264327,0.09366917998882539
36.42000000000132,1.0130029319966298,-2.0200372608635613e-6,2.3373677246521023,0.09366915975790956
36.43000000000132,1.0130029229285953,-2.0139102123445075e-6,2.3373677051592563,0.09366913958815334
36.44000000000132,1.0130029138660464,-2.0077598717597452e-6,2.3373676857832324,0.09366911947978296
36.45000000000132,1.0130029048091673,-2.0015849040191026e-6,2.3373676665215717,0.09366909943303803
36.460000000001315,1.0130028957581436,-1.995383982146859e-6,2.3373676473719307,0.09366907944817142
36.47000000000131,1.0130028867131593,-1.989155791028381e-6,2.3373676283320592,0.09366905952544931
36.48000000000131,1.0130028776743998,-1.9828990257037076e-6,2.3373676093998195,0.09366903966515085
36.49000000000131,1.0130028686420491,-1.9766123936145463e-6,2.337367590573174,0.09366901986756829
36.50000000000131,1.0130028596162917,-1.970294614258229e-6,2.3373675718501836,0.09366900013300679
36.510000000001305,1.013002850597313,-1.963944420534664e-6,2.3373675532290266,0.0936689804617841
36.5200000000013,1.0130028415852979,-1.957560559723811e-6,2.337367534707976,0.09366896085423063
36.5300000000013,1.0130028325804323,-1.9511417942238543e-6,2.3373675162854144,0.09366894131068923
36.5400000000013,1.0130028235829014,-1.944686902095908e-6,2.337367497959823,0.09366892183151511
36.5500000000013,1.0130028145928915,-1.9381946780002985e-6,2.337367479729794,0.0936689024170756
36.560000000001295,1.0130028056105886,-1.931663933908531e-6,2.3373674615940203,0.09366888306774994
36.57000000000129,1.0130027966361808,-1.9250935001359637e-6,2.337367443551301,0.09366886378392922
36.58000000000129,1.0130027876698549,-1.918482225982981e-6,2.337367425600544,0.09366884456601607
36.59000000000129,1.0130027787117994,-1.911828981432522e-6,2.337367407740757,0.0936688254144246
36.60000000000129,1.0130027697622033,-1.9051326568851652e-6,2.3373673899710563,0.09366880632958008
36.610000000001286,1.013002760821256,-1.8983921647621806e-6,2.337367372290664,0.09366878731191872
36.62000000000128,1.0130027518891478,-1.8916064401595068e-6,2.3373673546989036,0.09366876836188757
36.63000000000128,1.0130027429660695,-1.8847744418880453e-6,2.3373673371952073,0.09366874947994418
36.64000000000128,1.0130027340522132,-1.8778951533237846e-6,2.3373673197791147,0.09366873066655641
36.65000000000128,1.0130027251477716,-1.8709675833214018e-6,2.3373673024502692,0.09366871192220208
36.660000000001276,1.013002716252938,-1.8639907674860166e-6,2.337367285208418,0.09366869324736891
36.670000000001274,1.0130027073679067,-1.8569637684448975e-6,2.337367268053416,0.09366867464255403
36.68000000000127,1.013002698492873,-1.8498856773732738e-6,2.337367250985225,0.09366865610826386
36.69000000000127,1.0130026896280335,-1.8427556152470412e-6,2.337367234003911,0.09366863764501374
36.70000000000127,1.0130026807735852,-1.835572732836247e-6,2.3373672171096467,0.09366861925332766
36.710000000001266,1.0130026719297265,-1.8283362125940098e-6,2.3373672003027126,0.09366860093373791
36.720000000001264,1.0130026630966564,-1.8210452697879353e-6,2.3373671835834933,0.09366858268678484
36.73000000000126,1.0130026542745754,-1.8136991528237186e-6,2.337367166952477,0.09366856451301646
36.74000000000126,1.0130026454636847,-1.8062971446404835e-6,2.3373671504102616,0.09366854641298811
36.75000000000126,1.0130026366641869,-1.7988385638750126e-6,2.3373671339575504,0.09366852838726214
36.760000000001256,1.0130026278762851,-1.791322765783054e-6,2.3373671175951483,0.09366851043640757
36.770000000001254,1.013002619100184,-1.7837491431193427e-6,2.3373671013239714,0.09366849256099959
36.78000000000125,1.0130026103360894,-1.776117127678005e-6,2.337367085145037,0.09366847476161934
36.79000000000125,1.0130026015842075,-1.7684261910606828e-6,2.3373670690594697,0.09366845703885346
36.80000000000125,1.0130025928447464,-1.7606758457129822e-6,2.3373670530684993,0.09366843939329358
36.810000000001246,1.013002584117915,-1.7528656460362412e-6,2.3373670371734567,0.09366842182553603
36.820000000001244,1.0130025754039234,-1.74499519002324e-6,2.3373670213757824,0.09366840433618147
36.83000000000124,1.0130025667029818,-1.7370641194875331e-6,2.3373670056770135,0.09366838692583429
36.84000000000124,1.0130025580153028,-1.7290721213765983e-6,2.337366990078801,0.09366836959510218
36.85000000000124,1.013002549341099,-1.7210189295180929e-6,2.3373669745828884,0.09366835234459585
36.860000000001236,1.0130025406805854,-1.7129043247929075e-6,2.33736695919113,0.09366833517492826
36.870000000001234,1.0130025320339757,-1.704728137464391e-6,2.337366943905476,0.09366831808671458
36.88000000000123,1.0130025234014874,-1.696490246438683e-6,2.337366928727984,0.09366830108057117
36.89000000000123,1.0130025147833364,-1.6881905823192704e-6,2.337366913660806,0.09366828415711555
36.90000000000123,1.0130025061797414,-1.6798291272029375e-6,2.337366898706203,0.0936682673169655
36.910000000001226,1.0130024975909206,-1.6714059166574205e-6,2.337366883866526,0.09366825056073885
36.920000000001224,1.0130024890170946,-1.6629210396562858e-6,2.33736686914423,0.09366823388905271
36.93000000000122,1.0130024804584832,-1.6543746409320277e-6,2.3373668545418664,0.09366821730252309
36.94000000000122,1.013002471915308,-1.6457669211058473e-6,2.3373668400620815,0.09366820080176429
36.95000000000122,1.013002463387791,-1.6370981380675204e-6,2.3373668257076194,0.09366818438738826
36.960000000001216,1.0130024548761554,-1.6283686081135172e-6,2.33736681148132,0.09366816806000404
36.970000000001214,1.0130024463806242,-1.6195787069467977e-6,2.3373667973861143,0.0936681518202173
36.98000000000121,1.0130024379014222,-1.6107288703290407e-6,2.3373667834250256,0.09366813566862965
36.99000000000121,1.0130024294387732,-1.6018195955274577e-6,2.3373667696011657,0.09366811960583801
37.00000000000121,1.0130024209929025,-1.5928514419920077e-6,2.337366755917742,0.09366810363243402
37.010000000001206,1.0130024125640364,-1.5838250323880243e-6,2.3373667423780438,0.09366808774900337
37.020000000001204,1.0130024041524004,-1.5747410538512765e-6,2.3373667289854483,0.09366807195612527
37.0300000000012,1.0130023957582208,-1.565600258289875e-6,2.3373667157434186,0.09366805625437169
37.0400000000012,1.0130023873817242,-1.5564034635354112e-6,2.3373667026554985,0.09366804064430678
37.0500000000012,1.0130023790231375,-1.547151554283627e-6,2.337366689725315,0.09366802512648616
37.060000000001196,1.0130023706826872,-1.5378454830357285e-6,2.3373666769565706,0.0936680097014563
37.070000000001194,1.013002362360601,-1.5284862701810116e-6,2.3373666643530484,0.09366799436975369
37.08000000000119,1.0130023540571051,-1.519075006054491e-6,2.337366651918604,0.09366797913190442
37.09000000000119,1.0130023457724262,-1.5096128504668892e-6,2.337366639657164,0.09366796398842323
37.10000000000119,1.0130023375067911,-1.500101033499252e-6,2.337366627572729,0.09366794893981296
37.110000000001186,1.013002329260426,-1.4905408568076022e-6,2.337366615669364,0.09366793398656377
37.120000000001184,1.0130023210335568,-1.4809336938353213e-6,2.3373666039512,0.09366791912915245
37.13000000000118,1.0130023128264083,-1.4712809904736272e-6,2.33736659242243,0.09366790436804173
37.14000000000118,1.013002304639206,-1.461584265367482e-6,2.3373665810873065,0.09366788970367942
37.15000000000118,1.0130022964721737,-1.4518451108296827e-6,2.3373665699501402,0.09366787513649787
37.160000000001176,1.0130022883255347,-1.4420651927370007e-6,2.3373665590152957,0.09366786066691309
37.170000000001174,1.0130022801995116,-1.4322462513656846e-6,2.337366548287182,0.09366784629532408
37.18000000000117,1.0130022720943253,-1.4223901015403224e-6,2.337366537770265,0.09366783202211211
37.19000000000117,1.0130022640101966,-1.4124986325714785e-6,2.337366527469048,0.09366781784763983
37.20000000000117,1.0130022559473448,-1.4025738091620422e-6,2.3373665173880784,0.09366780377225067
37.210000000001166,1.013002247905988,-1.3926176715472145e-6,2.337366507531939,0.09366778979626803
37.220000000001164,1.0130022398863416,-1.3826323348083992e-6,2.337366497905247,0.09366777591999455
37.23000000000116,1.0130022318886207,-1.3726199897334712e-6,2.3373664885126453,0.09366776214371138
37.24000000000116,1.0130022239130387,-1.3625829018744575e-6,2.337366479358811,0.09366774846767725
37.25000000000116,1.0130022159598073,-1.352523412934424e-6,2.3373664704484374,0.093667734892128
37.260000000001156,1.013002208029135,-1.3424439392101617e-6,2.3373664617862357,0.09366772141727563
37.270000000001154,1.0130022001212295,-1.3323469722784069e-6,2.337366453376932,0.09366770804330757
37.28000000000115,1.0130021922362962,-1.3222350783245131e-6,2.337366445225267,0.09366769477038596
37.29000000000115,1.0130021843745376,-1.312110898161098e-6,2.3373664373359744,0.09366768159864694
37.30000000000115,1.0130021765361539,-1.301977146366429e-6,2.3373664297137986,0.09366766852819991
37.310000000001146,1.013002168721343,-1.2918366108935432e-6,2.3373664223634774,0.09366765555912665
37.320000000001144,1.0130021609303004,-1.2816921529440613e-6,2.3373664152897438,0.09366764269148076
37.33000000000114,1.013002153163217,-1.2715467063140155e-6,2.3373664084973056,0.09366762992528688
37.34000000000114,1.0130021454202827,-1.2614032757849112e-6,2.3373664019908666,0.09366761726053992
37.35000000000114,1.013002137701683,-1.2512649372686337e-6,2.3373663957750965,0.09366760469720442
37.360000000001136,1.0130021300076004,-1.2411348368429913e-6,2.337366389854643,0.09366759223521375
37.370000000001134,1.0130021223382142,-1.231016189518552e-6,2.3373663842341195,0.09366757987446953
37.38000000000113,1.0130021146937,-1.2209122787108863e-6,2.3373663789181025,0.09366756761484082
37.39000000000113,1.01300210707423,-1.2108264547612164e-6,2.3373663739111232,0.09366755545616362
37.40000000000113,1.013002099479971,-1.2007621341164815e-6,2.33736636921766,0.09366754339824004
37.410000000001126,1.0130020919110876,-1.1907227973530737e-6,2.3373663648421426,0.09366753144083767
37.420000000001124,1.0130020843677385,-1.1807119888275752e-6,2.3373663607889363,0.093667519583689
37.43000000000112,1.0130020768500791,-1.1707333144452636e-6,2.337366357062341,0.09366750782649079
37.44000000000112,1.0130020693582602,-1.1607904404097592e-6,2.33736635366659,0.09366749616890341
37.45000000000112,1.0130020618924276,-1.1508870920598141e-6,2.3373663506058353,0.09366748461055024
37.460000000001116,1.0130020544527227,-1.141027051984248e-6,2.337366347884152,0.09366747315101719
37.470000000001114,1.0130020470392809,-1.1312141582043183e-6,2.3373663455055174,0.09366746178985202
37.48000000000111,1.0130020396522332,-1.121452302231707e-6,2.337366343473819,0.09366745052656389
37.49000000000111,1.0130020322917057,-1.1117454271926585e-6,2.337366341792851,0.09366743936062269
37.50000000000111,1.0130020249578175,-1.1020975264342722e-6,2.3373663404662897,0.09366742829145877
37.51000000000111,1.013002017650684,-1.0925126400658941e-6,2.3373663394977062,0.09366741731846218
37.520000000001104,1.0130020103704136,-1.0829948544138758e-6,2.337366338890559,0.0936674064409823
37.5300000000011,1.0130020031171088,-1.0735482992797508e-6,2.337366338648171,0.09366739565832766
37.5400000000011,1.0130019958908663,-1.0641771450890146e-6,2.3373663387737453,0.09366738496976501
37.5500000000011,1.0130019886917765,-1.054885600916185e-6,2.3373663392703428,0.09366737437451939
37.5600000000011,1.0130019815199234,-1.0456779121175639e-6,2.337366340140889,0.09366736387177346
37.570000000001095,1.0130019743753842,-1.0365583574308818e-6,2.3373663413881576,0.09366735346066737
37.58000000000109,1.0130019672582293,-1.0275312463851024e-6,2.3373663430147658,0.0936673431402982
37.59000000000109,1.0130019601685232,-1.018600917012825e-6,2.3373663450231814,0.09366733290971986
37.60000000000109,1.0130019531063221,-1.0097717329248647e-6,2.337366347415697,0.09366732276794273
37.61000000000109,1.0130019460716757,-1.0010480800579438e-6,2.337366350194439,0.09366731271393346
37.620000000001085,1.0130019390646265,-9.924343643469171e-7,2.3373663533613556,0.09366730274661468
37.63000000000108,1.013001932085209,-9.839350079887982e-7,2.337366356918214,0.09366729286486496
37.64000000000108,1.0130019251334506,-9.75554447276003e-7,2.337366360866588,0.09366728306751856
37.65000000000108,1.0130019182093706,-9.672971284438296e-7,2.337366365207863,0.09366727335336522
37.66000000000108,1.0130019113129805,-9.591675054144926e-7,2.3373663699432212,0.09366726372115032
37.670000000001075,1.013001904444284,-9.511700359629791e-7,2.337366375073639,0.09366725416957457
37.68000000000107,1.013001897603276,-9.433091784449643e-7,2.3373663805998808,0.09366724469729422
37.69000000000107,1.013001890789944,-9.355893882845442e-7,2.3373663865225027,0.0936672353029208
37.70000000000107,1.013001884004267,-9.280151150173429e-7,2.3373663928418345,0.09366722598502142
37.71000000000107,1.0130018772462144,-9.205907987417806e-7,2.3373663995579737,0.09366721674211867
37.720000000001065,1.0130018705157482,-9.133208658582635e-7,2.337366406670796,0.09366720757269084
37.73000000000106,1.0130018638128206,-9.062097262034168e-7,2.3373664141799333,0.09366719847517206
37.74000000000106,1.0130018571373762,-8.992617690065862e-7,2.3373664220847825,0.09366718944795237
37.75000000000106,1.0130018504893492,-8.924813596565407e-7,2.3373664303844883,0.09366718048937815
37.76000000000106,1.0130018438686654,-8.858728350979277e-7,2.33736643907795,0.09366717159775222
37.770000000001055,1.0130018372752414,-8.79440500940836e-7,2.33736644816381,0.09366716277133415
37.78000000000105,1.0130018307089843,-8.731886273197165e-7,2.3373664576404494,0.09366715400834066
37.79000000000105,1.0130018241697916,-8.671214446979184e-7,2.337366467505989,0.09366714530694599
37.80000000000105,1.013001817657552,-8.612431406209005e-7,2.3373664777582808,0.09366713666528222
37.81000000000105,1.013001811172144,-8.555578553723646e-7,2.3373664883949106,0.0936671280814398
37.820000000001045,1.0130018047134368,-8.500696783822253e-7,2.337366499413184,0.09366711955346806
37.83000000000104,1.0130017982812896,-8.447826440149224e-7,2.337366510810131,0.09366711107937573
37.84000000000104,1.0130017918755518,-8.397007277221184e-7,2.3373665225825024,0.09366710265713143
37.85000000000104,1.0130017854960633,-8.348278419012333e-7,2.3373665347267627,0.09366709428466441
37.86000000000104,1.0130017791426533,-8.301678324232336e-7,2.3373665472390903,0.09366708595986503
37.870000000001035,1.0130017728151424,-8.257244740827584e-7,2.337366560115378,0.09366707768058559
37.88000000000103,1.0130017665133395,-8.21501466887681e-7,2.337366573351222,0.09366706944464101
37.89000000000103,1.0130017602370445,-8.175024320193049e-7,2.3373665869419273,0.09366706124980965
37.90000000000103,1.0130017539860467,-8.137309078950314e-7,2.337366600882508,0.093667053093834
37.91000000000103,1.0130017477601259,-8.101903466068139e-7,2.337366615167674,0.09366704497442162
37.920000000001025,1.0130017415590509,-8.06884108982269e-7,2.3373666297918425,0.093667036889246
37.93000000000102,1.013001735382581,-8.038154617374816e-7,2.337366644749129,0.09366702883594746
37.94000000000102,1.0130017292304654,-8.009875733048134e-7,2.3373666600333505,0.09366702081213421
37.95000000000102,1.0130017231024422,-7.984035097184242e-7,2.337366675638025,0.09366701281538321
37.96000000000102,1.0130017169982404,-7.96066230915567e-7,2.337366691556364,0.09366700484324135
37.970000000001015,1.0130017109175777,-7.939785870327641e-7,2.337366707781286,0.09366699689322648
37.98000000000101,1.0130017048601625,-7.921433147323982e-7,2.3373667243054004,0.09366698896282838
37.99000000000101,1.013001698825693,-7.90563033044895e-7,2.337366741121024,0.09366698104951018
38.00000000000101,1.0130016928138565,-7.892402403282637e-7,2.3373667582201683,0.09366697315070943
38.01000000000101,1.0130016868243314,-7.881773101550542e-7,2.3373667755945537,0.09366696526383916
38.020000000001005,1.0130016808567852,-7.873764886136497e-7,2.3373667932355966,0.09366695738628951
38.030000000001,1.013001674910876,-7.86839889798997e-7,2.337366811134428,0.09366694951542863
38.040000000001,1.0130016689862509,-7.865694935326411e-7,2.337366829281875,0.09366694164860435
38.050000000001,1.0130016630825482,-7.86567141093712e-7,2.337366847668481,0.0936669337831453
38.060000000001,1.0130016571993965,-7.868345320560967e-7,2.3373668662845026,0.09366692591636239
38.070000000000995,1.013001651336414,-7.873732220250813e-7,2.337366885119911,0.0936669180455503
38.08000000000099,1.0130016454932096,-7.881846188868432e-7,2.3373669041643916,0.0936669101679889
38.09000000000099,1.0130016396693826,-7.892699801300866e-7,2.3373669234073557,0.09366690228094471
38.10000000000099,1.0130016338645231,-7.906304093731369e-7,2.3373669428379413,0.09366689438167237
38.11000000000099,1.0130016280782115,-7.922668543991927e-7,2.3373669624450137,0.09366688646741643
38.120000000000985,1.0130016223100191,-7.941801038804462e-7,2.337366982217175,0.09366687853541261
38.13000000000098,1.013001616559509,-7.963707853175886e-7,2.3373670021427704,0.09366687058288956
38.14000000000098,1.0130016108262336,-7.988393625458674e-7,2.3373670222098797,0.09366686260707058
38.15000000000098,1.0130016051097384,-8.015861324602758e-7,2.3373670424063446,0.09366685460517502
38.16000000000098,1.013001599409559,-8.046112244607526e-7,2.3373670627197574,0.09366684657442013
38.170000000000975,1.0130015937252224,-8.079145969658525e-7,2.3373670831374707,0.09366683851202288
38.18000000000097,1.0130015880562486,-8.114960358603843e-7,2.3373671036466113,0.09366683041520128
38.19000000000097,1.0130015824021483,-8.153551534267357e-7,2.3373671242340786,0.09366682228117651
38.20000000000097,1.0130015767624239,-8.194913853797246e-7,2.337367144886553,0.0936668141071745
38.21000000000097,1.0130015711365716,-8.239039899913634e-7,2.3373671655905106,0.09366680589042758
38.220000000000965,1.0130015655240785,-8.285920475182755e-7,2.33736718633222,0.09366679762817653
38.23000000000096,1.0130015599244253,-8.335544576478126e-7,2.3373672070977585,0.09366678931767213
38.24000000000096,1.0130015543370845,-8.387899389005319e-7,2.337367227873016,0.09366678095617714
38.25000000000096,1.0130015487615223,-8.442970278953426e-7,2.3373672486437034,0.093666772540968
38.26000000000096,1.0130015431971986,-8.500740780629523e-7,2.3373672693953687,0.0936667640693367
38.270000000000955,1.0130015376435655,-8.561192597320974e-7,2.337367290113393,0.09366675553859263
38.28000000000095,1.0130015321000694,-8.624305592124364e-7,2.337367310783011,0.09366674694606443
38.29000000000095,1.0130015265661516,-8.690057779708312e-7,2.33736733138932,0.09366673828910171
38.30000000000095,1.0130015210412457,-8.758425336353575e-7,2.3373673519172806,0.09366672956507704
38.31000000000095,1.0130015155247813,-8.829382591569314e-7,2.3373673723517383,0.0936667207713878
38.320000000000945,1.0130015100161824,-8.902902033820513e-7,2.337367392677429,0.09366671190545782
38.33000000000094,1.0130015045148675,-8.978954316148427e-7,2.337367412878987,0.0936667029647394
38.34000000000094,1.0130014990202505,-9.057508258429311e-7,2.337367432940956,0.09366669394671526
38.35000000000094,1.013001493531741,-9.138530848258836e-7,2.33736745284781,0.09366668484889999
38.36000000000094,1.0130014880487443,-9.221987268657066e-7,2.3373674725839497,0.09366667566884229
38.370000000000935,1.0130014825706624,-9.30784088590466e-7,2.3373674921337306,0.0936666664041264
38.38000000000093,1.013001477096892,-9.396053280738377e-7,2.3373675114814545,0.09366665705237424
38.39000000000093,1.0130014716268287,-9.486584251131394e-7,2.3373675306114032,0.09366664761124696
38.40000000000093,1.0130014661598636,-9.579391836348672e-7,2.3373675495078388,0.09366663807844681
38.41000000000093,1.0130014606953857,-9.674432331429595e-7,2.3373675681550123,0.09366662845171889
38.420000000000925,1.013001455232781,-9.771660306470946e-7,2.3373675865371837,0.09366661872885293
38.43000000000092,1.0130014497714341,-9.871028624489654e-7,2.337367604638632,0.0936666089076848
38.44000000000092,1.0130014443107276,-9.972488468339102e-7,2.3373676224436726,0.0936665989860985
38.45000000000092,1.0130014388500428,-1.007598936993015e-6,2.3373676399366596,0.09366658896202755
38.46000000000092,1.01300143338876,-1.0181479234862303e-6,2.3373676571020106,0.09366657883345675
38.470000000000915,1.0130014279262587,-1.0288904371217342e-6,2.3373676739242133,0.09366656859842393
38.48000000000091,1.0130014224619173,-1.0398209517055791e-6,2.33736769038783,0.09366655825502132
38.49000000000091,1.0130014169951151,-1.050933786920775e-6,2.3373677064775333,0.09366654780139713
38.50000000000091,1.0130014115252308,-1.0622231131485747e-6,2.3373677221780986,0.09366653723575726
38.51000000000091,1.013001406051645,-1.073682953402198e-6,2.3373677374744313,0.0936665265563665
38.520000000000906,1.013001400573738,-1.0853071884050002e-6,2.337367752351568,0.0936665157615502
38.5300000000009,1.0130013950908912,-1.0970895596942178e-6,2.337367766794697,0.09366650484969564
38.5400000000009,1.013001389602489,-1.1090236736730908e-6,2.3373677807891755,0.09366649381925324
38.5500000000009,1.013001384107917,-1.1211030067283571e-6,2.337367794320533,0.09366648266873809
38.5600000000009,1.0130013786065628,-1.1333209085594854e-6,2.33736780737449,0.09366647139673116
38.570000000000896,1.0130013730978173,-1.14567060701175e-6,2.3373678199369765,0.09366646000188056
38.580000000000894,1.0130013675810743,-1.1581452133609938e-6,2.3373678319941322,0.09366644848290263
38.59000000000089,1.0130013620557305,-1.1707377262001854e-6,2.3373678435323315,0.09366643683858322
38.60000000000089,1.0130013565211868,-1.1834410375419178e-6,2.3373678545381917,0.09366642506777875
38.61000000000089,1.0130013509768485,-1.1962479366376762e-6,2.337367864998588,0.0936664131694172
38.620000000000886,1.013001345422125,-1.209151116749498e-6,2.3373678749006634,0.09366640114249908
38.630000000000884,1.0130013398564301,-1.222143179328683e-6,2.337367884231842,0.09366638898609857
38.64000000000088,1.0130013342791835,-1.235216640363369e-6,2.337367892979845,0.09366637669936416
38.65000000000088,1.0130013286898099,-1.248363935236016e-6,2.337367901132703,0.09366636428151963
38.66000000000088,1.0130013230877397,-1.2615774258533784e-6,2.3373679086787575,0.09366635173186479
38.670000000000876,1.01300131747241,-1.2748494045539908e-6,2.3373679156066904,0.09366633904977616
38.680000000000874,1.0130013118432641,-1.288172101913082e-6,2.3373679219055212,0.09366632623470765
38.69000000000087,1.013001306199752,-1.3015376916039406e-6,2.3373679275646304,0.09366631328619116
38.70000000000087,1.0130013005413314,-1.3149382977718927e-6,2.3373679325737577,0.09366630020383708
38.71000000000087,1.0130012948674667,-1.328366000147224e-6,2.337367936923026,0.09366628698733488
38.720000000000866,1.013001289177631,-1.341812841099075e-6,2.337367940602945,0.09366627363645329
38.730000000000864,1.013001283471305,-1.3552708322847022e-6,2.337367943604424,0.09366626015104086
38.74000000000086,1.013001277747978,-1.3687319604014087e-6,2.337367945918779,0.09366624653102618
38.75000000000086,1.013001272007148,-1.382188194224619e-6,2.337367947537749,0.09366623277641796
38.76000000000086,1.013001266248322,-1.3956314915858105e-6,2.337367948453499,0.09366621888730539
38.770000000000856,1.0130012604710168,-1.409053804904428e-6,2.3373679486586343,0.09366620486385807
38.780000000000854,1.0130012546747582,-1.4224470893115255e-6,2.3373679481462046,0.09366619070632608
38.79000000000085,1.0130012488590827,-1.435803307980049e-6,2.3373679469097213,0.0936661764150399
38.80000000000085,1.0130012430235362,-1.4491144407134528e-6,2.3373679449431553,0.09366616199041025
38.81000000000085,1.0130012371676764,-1.4623724893199277e-6,2.3373679422409546,0.09366614743292803
38.820000000000846,1.0130012312910706,-1.4755694851648915e-6,2.3373679387980393,0.09366613274316396
38.830000000000844,1.013001225393297,-1.4886974955255526e-6,2.337367934609822,0.09366611792176831
38.84000000000084,1.0130012194739464,-1.5017486306698046e-6,2.3373679296722107,0.09366610296947032
38.85000000000084,1.01300121353262,-1.514715051221171e-6,2.337367923981607,0.09366608788707807
38.86000000000084,1.0130012075689319,-1.5275889741340887e-6,2.337367917534923,0.09366607267547765
38.870000000000836,1.0130012015825063,-1.5403626800601423e-6,2.3373679103295775,0.09366605733563269
38.880000000000834,1.0130011955729816,-1.5530285196406873e-6,2.337367902363508,0.0936660418685836
38.89000000000083,1.0130011895400077,-1.5655789209165986e-6,2.3373678936351725,0.09366602627544707
38.90000000000083,1.013001183483248,-1.5780063954859769e-6,2.3373678841435512,0.09366601055741494
38.91000000000083,1.0130011774023768,-1.5903035456155182e-6,2.337367873888151,0.09366599471575361
38.920000000000826,1.013001171297084,-1.6024630701316274e-6,2.337367862869013,0.0936659787518028
38.930000000000824,1.0130011651670707,-1.6144777716549103e-6,2.3373678510867064,0.09366596266697495
38.94000000000082,1.013001159012053,-1.6263405626205621e-6,2.337367838542341,0.0936659464627538
38.95000000000082,1.013001152831759,-1.6380444718051153e-6,2.337367825237558,0.09366593014069333
38.96000000000082,1.0130011466259317,-1.6495826509185774e-6,2.337367811174537,0.09366591370241677
38.970000000000816,1.0130011403943269,-1.6609483797748504e-6,2.3373677963559962,0.09366589714961515
38.980000000000814,1.0130011341367153,-1.6721350733266302e-6,2.3373677807851907,0.09366588048404595
38.99000000000081,1.0130011278528814,-1.6831362872136946e-6,2.3373677644659123,0.09366586370753195
39.00000000000081,1.0130011215426236,-1.6939457238167146e-6,2.3373677474024928,0.0936658468219595
39.01000000000081,1.013001115205755,-1.704557237913158e-6,2.3373677295997903,0.09366582982927724
39.020000000000806,1.0130011088421023,-1.7149648420696022e-6,2.3373677110632003,0.09366581273149448
39.030000000000804,1.0130011024515078,-1.725162712267431e-6,2.3373676917986472,0.09366579553067954
39.0400000000008,1.0130010960338276,-1.7351451931553487e-6,2.337367671812577,0.0936657782289582
39.0500000000008,1.013001089588932,-1.7449068034099604e-6,2.337367651111963,0.09366576082851195
39.0600000000008,1.0130010831167071,-1.7544422400786896e-6,2.3373676297042953,0.0936657433315761
39.070000000000796,1.0130010766170525,-1.7637463841570014e-6,2.3373676075975727,0.09366572574043815
39.080000000000794,1.0130010700898828,-1.7728143049025638e-6,2.337367584800304,0.09366570805743586
39.09000000000079,1.0130010635351279,-1.7816412642210298e-6,2.3373675613215026,0.09366569028495529
39.10000000000079,1.013001056952731,-1.790222721463528e-6,2.337367537170671,0.09366567242542893
39.11000000000079,1.0130010503426512,-1.798554336823788e-6,2.337367512357802,0.09366565448133368
39.120000000000786,1.0130010437048618,-1.8066319753928232e-6,2.337367486893371,0.09366563645518884
39.130000000000784,1.0130010370393503,-1.8144517112079818e-6,2.3373674607883235,0.09366561834955392
39.14000000000078,1.0130010303461194,-1.822009830711257e-6,2.337367434054073,0.0936656001670267
39.15000000000078,1.013001023625186,-1.829302836121431e-6,2.337367406702483,0.09366558191024102
39.16000000000078,1.0130010168765813,-1.8363274482481162e-6,2.3373673787458684,0.09366556358186465
39.170000000000776,1.013001010100351,-1.8430806096620353e-6,2.3373673501969736,0.09366554518459692
39.180000000000774,1.0130010032965546,-1.8495594866802537e-6,2.3373673210689723,0.09366552672116672
39.19000000000077,1.013000996465266,-1.8557614728550978e-6,2.337367291375454,0.09366550819433016
39.20000000000077,1.0130009896065735,-1.8616841904956576e-6,2.3373672611304084,0.09366548960686817
39.21000000000077,1.0130009827205788,-1.8673254927401933e-6,2.337367230348221,0.09366547096158441
39.220000000000766,1.0130009758073977,-1.872683465730345e-6,2.3373671990436566,0.09366545226130275
39.230000000000764,1.0130009688671586,-1.8777564296087997e-6,2.337367167231842,0.09366543350886515
39.24000000000076,1.0130009619000047,-1.8825429398002943e-6,2.3373671349282605,0.09366541470712908
39.25000000000076,1.013000954906092,-1.887041788085535e-6,2.3373671021487445,0.09366539585896526
39.26000000000076,1.0130009478855895,-1.8912520046714102e-6,2.337367068909444,0.09366537696725541
39.270000000000756,1.0130009408386789,-1.8951728568223342e-6,2.3373670352268276,0.09366535803488975
39.280000000000754,1.0130009337655548,-1.898803850472073e-6,2.33736700111766,0.09366533906476454
39.29000000000075,1.0130009266664244,-1.9021447295447831e-6,2.3373669665989922,0.09366532005977984
39.30000000000075,1.013000919541507,-1.9051954766414859e-6,2.3373669316881442,0.09366530102283709
39.31000000000075,1.0130009123910342,-1.9079563119094815e-6,2.337366896402692,0.09366528195683672
39.320000000000746,1.013000905215249,-1.910427692825817e-6,2.3373668607604476,0.09366526286467575
39.330000000000744,1.013000898014407,-1.912610313299002e-6,2.3373668247794503,0.09366524374924544
39.34000000000074,1.0130008907887735,-1.9145051024760593e-6,2.337366788477942,0.093665224613429
39.35000000000074,1.0130008835386266,-1.9161132232492237e-6,2.3373667518743577,0.09366520546009902
39.36000000000074,1.0130008762642533,-1.9174360710211705e-6,2.337366714987304,0.09366518629211547
39.370000000000736,1.0130008689659529,-1.918475271371519e-6,2.3373666778355493,0.09366516711232316
39.380000000000734,1.013000861644034,-1.919232678257338e-6,2.337366640438002,0.09366514792354941
39.39000000000073,1.0130008542988154,-1.9197103722352803e-6,2.337366602813692,0.093665128728602
39.40000000000073,1.0130008469306253,-1.919910657031175e-6,2.33736656498176,0.09366510953026672
39.41000000000073,1.0130008395398014,-1.919836057475711e-6,2.337366526961431,0.09366509033130518
39.42000000000073,1.0130008321266908,-1.919489316490345e-6,2.3373664887720103,0.09366507113445272
39.430000000000724,1.0130008246916484,-1.9188733914246834e-6,2.3373664504328513,0.09366505194241614
39.44000000000072,1.0130008172350382,-1.917991451130369e-6,2.3373664119633477,0.09366503275787165
39.45000000000072,1.0130008097572323,-1.9168468719953445e-6,2.3373663733829146,0.0936650135834626
39.46000000000072,1.01300080225861,-1.9154432346488944e-6,2.337366334710969,0.09366499442179772
39.47000000000072,1.0130007947395576,-1.9137843193337244e-6,2.3373662959669113,0.09366497527544884
39.480000000000715,1.0130007872004703,-1.9118741018413915e-6,2.3373662571701153,0.09366495614694899
39.49000000000071,1.0130007796417475,-1.9097167498179507e-6,2.3373662183398998,0.09366493703879056
39.50000000000071,1.0130007720637968,-1.9073166169876206e-6,2.3373661794955174,0.09366491795342326
39.51000000000071,1.0130007644670302,-1.904678238991355e-6,2.3373661406561412,0.09366489889325239
39.52000000000071,1.0130007568518675,-1.9018063281913905e-6,2.337366101840842,0.09366487986063693
39.530000000000705,1.0130007492187314,-1.8987057695693558e-6,2.3373660630685675,0.09366486085788799
39.5400000000007,1.0130007415680509,-1.8953816139197901e-6,2.33736602435814,0.09366484188726687
39.5500000000007,1.013000733900259,-1.8918390737441417e-6,2.33736598572822,0.09366482295098365
39.5600000000007,1.013000726215793,-1.8880835164470863e-6,2.337365947197308,0.09366480405119544
39.5700000000007,1.0130007185150935,-1.8841204592855216e-6,2.3373659087837133,0.09366478519000501
39.580000000000695,1.0130007107986052,-1.879955563378106e-6,2.3373658705055504,0.0936647663694591
39.59000000000069,1.0130007030667756,-1.875594627630176e-6,2.337365832380715,0.09366474759154723
39.60000000000069,1.0130006953200548,-1.8710435828980786e-6,2.3373657944268706,0.09366472885820026
39.61000000000069,1.013000687558895,-1.866308485334057e-6,2.3373657566614345,0.0936647101712891
39.62000000000069,1.0130006797837503,-1.861395510198147e-6,2.337365719101557,0.09366469153262348
39.630000000000685,1.0130006719950764,-1.8563109450617723e-6,2.3373656817641173,0.09366467294395091
39.64000000000068,1.0130006641933307,-1.8510611835791684e-6,2.3373656446657005,0.09366465440695529
39.65000000000068,1.0130006563789702,-1.845652719160356e-6,2.337365607822582,0.09366463592325627
39.66000000000068,1.0130006485524534,-1.8400921373372262e-6,2.3373655712507255,0.09366461749440796
39.67000000000068,1.0130006407142385,-1.8343861100009296e-6,2.337365534965751,0.09366459912189833
39.680000000000675,1.013000632864783,-1.828541387482229e-6,2.337365498982936,0.0936645808071481
39.69000000000067,1.0130006250045438,-1.8225647922348309e-6,2.3373654633172047,0.09366456255151016
39.70000000000067,1.0130006171339776,-1.8164632115180949e-6,2.337365427983103,0.09366454435626888
39.71000000000067,1.0130006092535393,-1.810243591218517e-6,2.337365392994801,0.09366452622263938
39.72000000000067,1.0130006013636812,-1.803912927841963e-6,2.3373653583660605,0.09366450815176715
39.730000000000665,1.0130005934648545,-1.797478261711562e-6,2.3373653241102534,0.09366449014472747
39.74000000000066,1.0130005855575075,-1.7909466698864745e-6,2.337365290240321,0.09366447220252498
39.75000000000066,1.0130005776420856,-1.7843252590627699e-6,2.3373652567687877,0.09366445432609344
39.76000000000066,1.0130005697190316,-1.7776211583468981e-6,2.3373652237077356,0.09366443651629545
39.77000000000066,1.013000561788785,-1.7708415124343338e-6,2.337365191068809,0.0936644187739221
39.780000000000655,1.0130005538517803,-1.7639934743590035e-6,2.337365158863189,0.09366440109969316
39.79000000000065,1.0130005459084497,-1.7570841983582464e-6,2.3373651271016005,0.09366438349425675
39.80000000000065,1.0130005379592193,-1.750120833329331e-6,2.3373650957942935,0.09366436595818949
39.81000000000065,1.013000530004512,-1.7431105146453217e-6,2.3373650649510456,0.09366434849199659
39.82000000000065,1.0130005220447442,-1.7360603585011885e-6,2.337365034581144,0.09366433109611198
39.830000000000645,1.0130005140803282,-1.7289774540056152e-6,2.337365004693388,0.09366431377089858
39.84000000000064,1.0130005061116705,-1.7218688567070718e-6,2.337364975296083,0.09366429651664855
39.85000000000064,1.0130004981391714,-1.714741582065001e-6,2.337364946397032,0.09366427933358368
39.86000000000064,1.0130004901632248,-1.7076025984109087e-6,2.3373649180035265,0.09366426222185589
39.87000000000064,1.0130004821842193,-1.7004588200795487e-6,2.3373648901223554,0.09366424518154769
39.880000000000635,1.0130004742025362,-1.6933171014489536e-6,2.3373648627597885,0.09366422821267262
39.89000000000063,1.0130004662185499,-1.6861842299257722e-6,2.3373648359215813,0.09366421131517613
39.90000000000063,1.0130004582326275,-1.679066920085674e-6,2.337364809612967,0.09366419448893615
39.91000000000063,1.0130004502451295,-1.6719718067679112e-6,2.337364783838658,0.09366417773376376
39.92000000000063,1.0130004422564078,-1.6649054391645928e-6,2.3373647586028414,0.0936641610494042
39.930000000000625,1.0130004342668077,-1.6578742751714825e-6,2.3373647339091863,0.09366414443553764
39.94000000000062,1.0130004262766656,-1.6508846748154423e-6,2.3373647097608323,0.09366412789178016
39.95000000000062,1.0130004182863102,-1.6439428951065029e-6,2.3373646861603934,0.09366411141768474
39.96000000000062,1.0130004102960617,-1.6370550840149881e-6,2.337364663109959,0.09366409501274235
39.97000000000062,1.0130004023062316,-1.6302272747022207e-6,2.3373646406110984,0.09366407867638303
39.980000000000615,1.013000394317123,-1.6234653805262904e-6,2.3373646186648567,0.09366406240797713
39.99000000000061,1.0130003863290302,-1.6167751893230514e-6,2.3373645972717623,0.0936640462068364
40.00000000000061,1.0130003783422385,-1.6101623591394646e-6,2.3373645764318236,0.09366403007221544
40.01000000000061,1.0130003703570236,-1.6036324127332972e-6,2.337364556144535,0.09366401400331292
40.02000000000061,1.0130003623736525,-1.597190732258374e-6,2.3373645364088795,0.09366399799927294
40.030000000000605,1.0130003543923831,-1.5908425554979827e-6,2.3373645172233393,0.09366398205918654
40.0400000000006,1.0130003464134627,-1.5845929713781992e-6,2.3373644985858864,0.09366396618209312
40.0500000000006,1.0130003384371302,-1.5784469149722616e-6,2.3373644804940006,0.09366395036698197
40.0600000000006,1.0130003304636142,-1.5724091637881566e-6,2.3373644629446715,0.09366393461279378
40.0700000000006,1.0130003224931339,-1.5664843338178374e-6,2.337364445934397,0.0936639189184223
40.080000000000595,1.0130003145258988,-1.5606768758533294e-6,2.337364429459201,0.09366390328271586
40.09000000000059,1.0130003065621085,-1.5549910716704726e-6,2.3373644135146328,0.09366388770447924
40.10000000000059,1.0130002986019526,-1.5494310309576636e-6,2.3373643980957723,0.09366387218247516
40.11000000000059,1.0130002906456108,-1.5440006877065576e-6,2.3373643831972455,0.09366385671542624
40.12000000000059,1.013000282693253,-1.5387037971058197e-6,2.3373643688132266,0.09366384130201656
40.130000000000585,1.0130002747450393,-1.5335439330832706e-6,2.337364354937448,0.09366382594089355
40.14000000000058,1.0130002668011198,-1.5285244852898335e-6,2.3373643415632075,0.09366381063066982
40.15000000000058,1.013000258861634,-1.5236486567927888e-6,2.3373643286833783,0.09366379536992511
40.16000000000058,1.0130002509267129,-1.5189194615003173e-6,2.3373643162904165,0.09366378015720792
40.17000000000058,1.0130002429964768,-1.5143397222546375e-6,2.337364304376379,0.09366376499103767
40.180000000000575,1.0130002350710354,-1.5099120693017515e-6,2.337364292932919,0.09366374986990651
40.19000000000057,1.0130002271504905,-1.5056389372543455e-6,2.337364281951311,0.09366373479228118
40.20000000000057,1.0130002192349328,-1.5015225654151458e-6,2.33736427142245,0.09366371975660515
40.21000000000057,1.0130002113244432,-1.4975649946425526e-6,2.3373642613368664,0.09366370476130051
40.22000000000057,1.0130002034190937,-1.4937680666949787e-6,2.3373642516847424,0.09366368980476979
40.230000000000565,1.013000195518947,-1.4901334238394572e-6,2.337364242455916,0.0936636748853982
40.24000000000056,1.0130001876240555,-1.4866625076689643e-6,2.3373642336398963,0.09366366000155556
40.25000000000056,1.0130001797344637,-1.4833565582641926e-6,2.337364225225872,0.09366364515159813
40.26000000000056,1.0130001718502053,-1.4802166141264685e-6,2.337364217202729,0.09366363033387098
40.27000000000056,1.013000163971306,-1.4772435112813397e-6,2.337364209559054,0.09366361554670971
40.280000000000555,1.0130001560977824,-1.4744378836890549e-6,2.3373642022831604,0.09366360078844249
40.29000000000055,1.0130001482296422,-1.4718001635274172e-6,2.3373641953630853,0.09366358605739232
40.30000000000055,1.013000140366885,-1.4693305807197502e-6,2.337364188786613,0.09366357135187878
40.31000000000055,1.0130001325095013,-1.46702916404721e-6,2.337364182541286,0.09366355667022014
40.32000000000055,1.0130001246574736,-1.4648957419545456e-6,2.337364176614412,0.09366354201073548
40.330000000000545,1.013000116810776,-1.4629299423167755e-6,2.3373641709930864,0.09366352737174653
40.34000000000054,1.0130001089693754,-1.4611311941784073e-6,2.3373641656641966,0.09366351275157979
40.35000000000054,1.0130001011332304,-1.459498728334359e-6,2.3373641606144404,0.09366349814856836
40.36000000000054,1.0130000933022922,-1.458031579270297e-6,2.337364155830341,0.0936634835610541
40.37000000000054,1.0130000854765044,-1.456728586292765e-6,2.3373641512982517,0.09366346898738956
40.380000000000535,1.0130000776558041,-1.4555883941693053e-6,2.3373641470043833,0.09366345442593968
40.39000000000053,1.0130000698401211,-1.4546094567466062e-6,2.337364142934803,0.09366343987508412
40.40000000000053,1.0130000620293784,-1.4537900370570254e-6,2.3373641390754547,0.09366342533321881
40.41000000000053,1.013000054223493,-1.4531282100019926e-6,2.337364135412177,0.09366341079875802
40.42000000000053,1.0130000464223745,-1.4526218646417892e-6,2.3373641319307046,0.0936633962701363
40.430000000000526,1.0130000386259288,-1.4522687061308632e-6,2.3373641286166964,0.0936633817458101
40.44000000000052,1.013000030834054,-1.4520662585574074e-6,2.337364125455738,0.09366336722425977
40.45000000000052,1.013000023046644,-1.4520118673977508e-6,2.3373641224333586,0.09366335270399136
40.46000000000052,1.0130000152635863,-1.4521027016289673e-6,2.337364119535044,0.09366333818353835
40.47000000000052,1.0130000074847654,-1.452335756976149e-6,2.337364116746256,0.09366332366146327
40.480000000000516,1.0129999997100592,-1.4527078594038197e-6,2.3373641140524337,0.09366330913635967
40.490000000000514,1.012999991939342,-1.4532156670727308e-6,2.3373641114390113,0.0936632946068537
40.50000000000051,1.0129999841724842,-1.453855673769362e-6,2.337364108891439,0.09366328007160564
40.51000000000051,1.0129999764093518,-1.4546242124069677e-6,2.337364106395183,0.09366326552931177
40.52000000000051,1.0129999686498086,-1.4555174581536076e-6,2.3373641039357547,0.09366325097870568
40.530000000000506,1.0129999608937132,-1.4565314326089551e-6,2.3373641014986997,0.09366323641856013
40.540000000000504,1.0129999531409226,-1.457662005565554e-6,2.337364099069634,0.09366322184768838
40.5500000000005,1.012999945391291,-1.4589049000565167e-6,2.337364096634244,0.09366320726494563
40.5600000000005,1.0129999376446703,-1.4602556958520645e-6,2.3373640941783016,0.09366319266923068
40.5700000000005,1.0129999299009096,-1.4617098333956738e-6,2.3373640916876735,0.09366317805948722
40.580000000000496,1.012999922159857,-1.4632626165943558e-6,2.3373640891483363,0.0936631634347052
40.590000000000494,1.0129999144213588,-1.4649092182398127e-6,2.337364086546391,0.09366314879392214
40.60000000000049,1.0129999066852606,-1.4666446829532534e-6,2.337364083868063,0.09366313413622462
40.61000000000049,1.012999898951407,-1.4684639313440888e-6,2.337364081099732,0.09366311946074922
40.62000000000049,1.0129998912196416,-1.4703617647691552e-6,2.337364078227922,0.09366310476668403
40.630000000000486,1.0129998834898086,-1.4723328689436426e-6,2.337364075239328,0.09366309005326968
40.640000000000484,1.012999875761752,-1.4743718180559163e-6,2.3373640721208213,0.09366307531980049
40.65000000000048,1.0129998680353156,-1.4764730800376038e-6,2.3373640688594586,0.09366306056562561
40.66000000000048,1.012999860310345,-1.4786310195751389e-6,2.3373640654424936,0.09366304579014996
40.67000000000048,1.0129998525866861,-1.480839903334585e-6,2.337364061857388,0.09366303099283539
40.680000000000476,1.0129998448641868,-1.4830939042024893e-6,2.337364058091822,0.0936630161732015
40.690000000000474,1.0129998371426963,-1.4853871056144675e-6,2.337364054133699,0.09366300133082661
40.70000000000047,1.012999829422065,-1.4877135061211965e-6,2.3373640499711557,0.09366298646534871
40.71000000000047,1.0129998217021474,-1.4900670235876372e-6,2.3373640455925835,0.09366297157646612
40.72000000000047,1.012999813982799,-1.4924415002431352e-6,2.3373640409866203,0.09366295666393841
40.730000000000466,1.0129998062638792,-1.4948307071462982e-6,2.337364036142168,0.09366294172758703
40.740000000000464,1.0129997985452506,-1.4972283487249268e-6,2.337364031048404,0.09366292676729615
40.75000000000046,1.0129997908267785,-1.4996280673250072e-6,2.3373640256947734,0.09366291178301314
40.76000000000046,1.012999783108333,-1.5020234474559987e-6,2.3373640200710226,0.09366289677474925
40.77000000000046,1.012999775389788,-1.5044080213414861e-6,2.337364014167181,0.09366288174258018
40.780000000000456,1.012999767671021,-1.5067752726158791e-6,2.3373640079735853,0.0936628666866466
40.790000000000454,1.0129997599519158,-1.509118640864422e-6,2.3373640014808825,0.0936628516071544
40.80000000000045,1.0129997522323604,-1.5114315276806193e-6,2.33736399468003,0.09366283650437542
40.81000000000045,1.0129997445122485,-1.513707299754508e-6,2.3373639875623167,0.09366282137864758
40.82000000000045,1.012999736791479,-1.5159392945926948e-6,2.337363980119355,0.09366280623037535
40.830000000000446,1.0129997290699564,-1.5181208247685927e-6,2.337363972343084,0.09366279106002992
40.840000000000444,1.0129997213475925,-1.520245181637953e-6,2.3373639642258013,0.09366277586814942
40.85000000000044,1.0129997136243043,-1.5223056416175288e-6,2.337363955760136,0.09366276065533924
40.86000000000044,1.0129997059000166,-1.5242954697371126e-6,2.337363946939075,0.093662745422272
40.87000000000044,1.0129996981746605,-1.5262079244753797e-6,2.337363937755964,0.09366273016968774
40.880000000000436,1.0129996904481744,-1.528036262137075e-6,2.3373639282045033,0.09366271489839391
40.890000000000434,1.0129996827205046,-1.5297737420239846e-6,2.337363918278765,0.09366269960926536
40.90000000000043,1.012999674991605,-1.5314136302786825e-6,2.3373639079731907,0.09366268430324436
40.91000000000043,1.0129996672614374,-1.5329492050998923e-6,2.337363897282597,0.09366266898134047
40.92000000000043,1.0129996595299724,-1.534373760281677e-6,2.3373638862021737,0.09366265364463033
40.930000000000426,1.0129996517971882,-1.5356806110818059e-6,2.337363874727501,0.09366263829425761
40.940000000000424,1.0129996440630724,-1.5368630974717617e-6,2.337363862854535,0.0936626229314327
40.95000000000042,1.0129996363276217,-1.5379145889749899e-6,2.337363850579628,0.09366260755743237
40.96000000000042,1.0129996285908416,-1.5388284894214928e-6,2.3373638378995194,0.09366259217359957
40.97000000000042,1.012999620852747,-1.5395982410282713e-6,2.337363824811342,0.0936625767813431
40.980000000000416,1.012999613113363,-1.5402173286721031e-6,2.337363811312628,0.09366256138213698
40.990000000000414,1.0129996053727237,-1.54067928452921e-6,2.337363797401301,0.09366254597752027
41.00000000000041,1.0129995976308734,-1.5409776920236927e-6,2.337363783075691,0.09366253056909647
41.01000000000041,1.0129995898878674,-1.5411061896630388e-6,2.3373637683345234,0.09366251515853283
41.02000000000041,1.0129995821437712,-1.541058476447193e-6,2.337363753176939,0.09366249974756001
41.030000000000406,1.0129995743986595,-1.5408283155876196e-6,2.3373637376024674,0.09366248433797143
41.040000000000404,1.0129995666526195,-1.5404095381934873e-6,2.3373637216110525,0.09366246893162244
41.0500000000004,1.0129995589057486,-1.5397960474168315e-6,2.3373637052030434,0.0936624535304297
41.0600000000004,1.012999551158155,-1.5389818235068315e-6,2.3373636883791944,0.09366243813637061
41.0700000000004,1.012999543409959,-1.537960926977077e-6,2.3373636711406665,0.09366242275148218
41.080000000000396,1.012999535661291,-1.536727502372665e-6,2.3373636534890285,0.09366240737786052
41.090000000000394,1.0129995279122943,-1.5352757832421782e-6,2.337363635426257,0.09366239201765982
41.10000000000039,1.012999520163123,-1.533600095353712e-6,2.3373636169547365,0.09366237667309145
41.11000000000039,1.012999512413943,-1.531694860873471e-6,2.337363598077253,0.09366236134642306
41.12000000000039,1.012999504664932,-1.5295546021889013e-6,2.337363578796999,0.09366234603997764
41.130000000000386,1.01299949691628,-1.5271739449908427e-6,2.3373635591175765,0.09366233075613241
41.140000000000384,1.0129994891681893,-1.5245476232731199e-6,2.3373635390429888,0.09366231549731767
41.15000000000038,1.0129994814208738,-1.521670482538913e-6,2.3373635185776394,0.093662300266016
41.16000000000038,1.0129994736745593,-1.5185374832100263e-6,2.3373634977263325,0.09366228506476092
41.17000000000038,1.0129994659294854,-1.5151437043762891e-6,2.3373634764942777,0.09366226989613564
41.180000000000376,1.0129994581859028,-1.5114843478647591e-6,2.3373634548870745,0.09366225476277211
41.190000000000374,1.0129994504440745,-1.5075547413952482e-6,2.3373634329107187,0.09366223966734953
41.20000000000037,1.012999442704277,-1.5033503414654554e-6,2.3373634105716046,0.09366222461259331
41.21000000000037,1.012999434966799,-1.4988667382291495e-6,2.337363387876513,0.09366220960127342
41.22000000000037,1.0129994272319411,-1.4940996580927982e-6,2.3373633648326146,0.09366219463620346
41.230000000000366,1.012999419500017,-1.4890449669187986e-6,2.3373633414474595,0.093662179720239
41.240000000000364,1.0129994117713528,-1.4836986732755754e-6,2.337363317728988,0.09366216485627621
41.25000000000036,1.0129994040462875,-1.478056932461199e-6,2.3373632936855198,0.0936621500472504
41.26000000000036,1.0129993963251729,-1.4721160489835707e-6,2.3373632693257447,0.09366213529613471
41.27000000000036,1.0129993886083724,-1.4658724803447934e-6,2.33736324465873,0.09366212060593838
41.280000000000356,1.0129993808962625,-1.4593228394902348e-6,2.337363219693905,0.09366210597970535
41.290000000000354,1.0129993731892326,-1.452463898115757e-6,2.337363194441075,0.09366209142051261
41.30000000000035,1.0129993654876843,-1.4452925904719585e-6,2.3373631689104024,0.09366207693146861
41.31000000000035,1.0129993577920313,-1.4378060149939396e-6,2.337363143112398,0.0936620625157117
41.32000000000035,1.0129993501027004,-1.430001437793484e-6,2.3373631170579396,0.0936620481764083
41.33000000000035,1.0129993424201298,-1.4218762959993146e-6,2.3373630907582417,0.09366203391675149
41.340000000000344,1.0129993347447708,-1.4134281999164092e-6,2.337363064224867,0.09366201973995894
41.35000000000034,1.0129993270770858,-1.4046549356924856e-6,2.337363037469719,0.09366200564927142
41.36000000000034,1.0129993194175513,-1.3955544686212746e-6,2.337363010505034,0.09366199164795094
41.37000000000034,1.0129993117666531,-1.3861249457427705e-6,2.337362983343376,0.09366197773927894
41.38000000000034,1.0129993041248913,-1.3763646973577598e-6,2.3373629559976314,0.09366196392655446
41.390000000000335,1.0129992964927754,-1.3662722407825172e-6,2.337362928481007,0.0936619502130924
41.40000000000033,1.0129992888708288,-1.3558462820988125e-6,2.3373629008070216,0.09366193660222136
41.41000000000033,1.0129992812595847,-1.3450857187244013e-6,2.3373628729894977,0.0936619230972821
41.42000000000033,1.0129992736595879,-1.3339896416478913e-6,2.3373628450425605,0.09366190970162537
41.43000000000033,1.0129992660713951,-1.322557337375878e-6,2.337362816980632,0.09366189641861003
41.440000000000325,1.0129992584955734,-1.3107882904868941e-6,2.3373627888184196,0.09366188325160112
41.45000000000032,1.012999250932701,-1.2986821859029177e-6,2.3373627605709153,0.09366187020396775
41.46000000000032,1.0129992433833663,-1.2862389109455265e-6,2.33736273225338,0.0936618572790813
41.47000000000032,1.0129992358481683,-1.2734585563629517e-6,2.3373627038813485,0.09366184448031317
41.48000000000032,1.0129992283277167,-1.26034141895455e-6,2.337362675470618,0.09366183181103284
41.490000000000315,1.012999220822631,-1.246888003705289e-6,2.337362647037235,0.09366181927460573
41.50000000000031,1.0129992133335397,-1.2330990245344369e-6,2.3373626185974943,0.09366180687439134
41.51000000000031,1.0129992058610822,-1.218975406534251e-6,2.337362590167935,0.09366179461374079
41.52000000000031,1.0129991984059066,-1.2045182874064848e-6,2.337362561765324,0.09366178249599492
41.53000000000031,1.0129991909686702,-1.1897290194210187e-6,2.337362533406653,0.0936617705244822
41.540000000000305,1.0129991835500385,-1.17460916980358e-6,2.3373625051091245,0.09366175870251649
41.5500000000003,1.0129991761506867,-1.1591605225395428e-6,2.3373624768901604,0.09366174703339482
41.5600000000003,1.0129991687712974,-1.1433850797053518e-6,2.3373624487673736,0.09366173552039538
41.5700000000003,1.0129991614125615,-1.1272850622676588e-6,2.3373624207585673,0.09366172416677518
41.5800000000003,1.012999154075178,-1.1108629110322561e-6,2.337362392881734,0.09366171297576795
41.590000000000295,1.0129991467598531,-1.0941212880349867e-6,2.337362365155038,0.0936617019505819
41.60000000000029,1.0129991394673001,-1.0770630771609731e-6,2.3373623375968022,0.0936616910943975
41.61000000000029,1.012999132198239,-1.059691384456215e-6,2.3373623102255134,0.09366168041036531
41.62000000000029,1.0129991249533965,-1.042009539045723e-6,2.337362283059801,0.09366166990160368
41.63000000000029,1.0129991177335054,-1.0240210933813878e-6,2.3373622561184284,0.09366165957119656
41.640000000000285,1.0129991105393048,-1.0057298239788353e-6,2.3373622294202936,0.09366164942219127
41.65000000000028,1.0129991033715384,-9.87139731780929e-7,2.3373622029844046,0.09366163945759617
41.66000000000028,1.012999096230956,-9.682550418346942e-7,2.337362176829882,0.09366162968037861
41.67000000000028,1.0129990891183112,-9.490802035782712e-7,2.3373621509759377,0.09366162009346254
41.68000000000028,1.012999082034363,-9.296198901305551e-7,2.3373621254418793,0.09366161069972617
41.690000000000275,1.012999074979874,-9.098789997501477e-7,2.337362100247081,0.093661601502
41.70000000000027,1.0129990679556102,-8.898626533110126e-7,2.3373620754109887,0.0936615925030644
41.71000000000027,1.0129990609623418,-8.695761955502217e-7,2.3373620509531046,0.09366158370564734
41.72000000000027,1.0129990540008404,-8.490251937856983e-7,2.3373620268929685,0.0936615751124223
41.73000000000027,1.0129990470718817,-8.2821543680628e-7,2.3373620032501576,0.09366156672600601
41.740000000000265,1.0129990401762428,-8.071529351027222e-7,2.3373619800442764,0.09366155854895605
41.75000000000026,1.012999033314702,-7.858439192292095e-7,2.337361957294925,0.093661550583769
41.76000000000026,1.0129990264880397,-7.642948384454316e-7,2.337361935021714,0.0936615428328779
41.77000000000026,1.0129990196970367,-7.425123599131403e-7,2.3373619132442367,0.09366153529865025
41.78000000000026,1.0129990129424735,-7.205033668459177e-7,2.33736189198206,0.09366152798338577
41.790000000000255,1.0129990062251324,-6.982749571258214e-7,2.3373618712547195,0.09366152088931434
41.80000000000025,1.0129989995457938,-6.758344421142731e-7,2.337361851081696,0.09366151401859371
41.81000000000025,1.0129989929052374,-6.531893442841971e-7,2.3373618314824105,0.09366150737330749
41.82000000000025,1.012998986304242,-6.303473951933634e-7,2.337361812476212,0.09366150095546301
41.83000000000025,1.012998979743584,-6.07316534275501e-7,2.337361794082361,0.09366149476698929
41.840000000000245,1.012998973224038,-5.841049047243276e-7,2.3373617763200203,0.09366148880973488
41.85000000000024,1.0129989667463755,-5.607208528791319e-7,2.3373617592082376,0.09366148308546592
41.86000000000024,1.0129989603113647,-5.371729241728463e-7,2.3373617427659386,0.09366147759586409
41.87000000000024,1.0129989539197706,-5.134698615054239e-7,2.3373617270119125,0.09366147234252457
41.88000000000024,1.0129989475723535,-4.896206015438682e-7,2.3373617119647934,0.09366146732695423
41.890000000000235,1.01299894126987,-4.6563427209446943e-7,2.337361697643056,0.09366146255056951
41.90000000000023,1.0129989350130704,-4.415201890034275e-7,2.337361684064997,0.09366145801469465
41.91000000000023,1.0129989288027,-4.1728785219655536e-7,2.3373616712487206,0.09366145372055992
41.92000000000023,1.0129989226394978,-3.9294694266778606e-7,2.337361659212126,0.09366144966929957
41.93000000000023,1.0129989165241968,-3.6850731820803295e-7,2.3373616479728985,0.09366144586195016
41.940000000000225,1.0129989104575228,-3.4397901026218867e-7,2.3373616375484905,0.09366144229944882
41.95000000000022,1.0129989044401932,-3.1937221956948014e-7,2.3373616279561094,0.0936614389826316
41.96000000000022,1.0129988984729181,-2.946973114848849e-7,2.3373616192127025,0.09366143591223156
41.97000000000022,1.0129988925563989,-2.6996481216129694e-7,2.337361611334948,0.09366143308887737
41.98000000000022,1.012998886691328,-2.451854035816738e-7,2.3373616043392356,0.0936614305130917
41.990000000000215,1.0129988808783883,-2.2036991960288248e-7,2.3373615982416576,0.09366142818528958
42.00000000000021,1.0129988751182526,-1.95529340263697e-7,2.3373615930579916,0.09366142610577696
42.01000000000021,1.012998869411583,-1.706747873137597e-7,2.3373615888036876,0.09366142427474937
42.02000000000021,1.012998863759031,-1.4581751886238835e-7,2.337361585493855,0.09366142269229029
42.03000000000021,1.0129988581612364,-1.209689235695187e-7,2.3373615831432497,0.09366142135837008
42.040000000000205,1.012998852618827,-9.61405160806495e-8,2.3373615817662587,0.09366142027284453
42.0500000000002,1.0129988471324178,-7.134393095101777e-8,2.3373615813768867,0.0936614194354537
42.0600000000002,1.0129988417026115,-4.6590916299172616e-8,2.3373615819887408,0.09366141884582072
42.0700000000002,1.0129988363299964,-2.189332859601652e-8,2.33736158361502,0.09366141850345065
42.0800000000002,1.0129988310151483,2.7368739519796226e-9,2.3373615862685035,0.09366141840772955
42.090000000000195,1.012998825758627,2.728763746138976e-8,2.337361589961531,0.09366141855792337
42.10000000000019,1.0129988205609783,5.174681859248756e-8,2.337361594705991,0.09366141895317703
42.11000000000019,1.0129988154227325,7.610219158837036e-8,2.3373616005133133,0.09366141959251373
42.12000000000019,1.0129988103444039,1.0034145479824932e-7,2.337361607394452,0.09366142047483388
42.13000000000019,1.0129988053264904,1.2445223713159207e-7,2.3373616153598675,0.09366142159891455
42.140000000000185,1.0129988003694732,1.4842210574802884e-7,2.3373616244195192,0.09366142296340887
42.15000000000018,1.0129987954738167,1.7223857312396e-7,2.3373616345828565,0.09366142456684531
42.16000000000018,1.0129987906399667,1.958891037360262e-7,2.337361645858798,0.09366142640762722
42.17000000000018,1.0129987858683516,2.193611218844068e-7,2.3373616582557237,0.09366142848403235
42.18000000000018,1.012998781159381,2.4264201926126967e-7,2.337361671781461,0.0936614307942126
42.190000000000175,1.0129987765134456,2.657191623511507e-7,2.3373616864432774,0.09366143333619356
42.20000000000017,1.0129987719309164,2.88579900181024e-7,2.3373617022478568,0.09366143610787452
42.21000000000017,1.0129987674121448,3.112115726729671e-7,2.337361719201307,0.09366143910702804
42.22000000000017,1.0129987629574617,3.3360151816812886e-7,2.3373617373091284,0.0936614423313002
42.23000000000017,1.0129987585671776,3.5573708143110963e-7,2.337361756576215,0.09366144577821046
42.240000000000165,1.0129987542415815,3.7760562245040273e-7,2.337361777006845,0.09366144944515177
42.25000000000016,1.0129987499809416,3.991945240584022e-7,2.337361798604657,0.09366145332939078
42.26000000000016,1.0129987457855036,4.2049120060463196e-7,2.337361821372657,0.09366145742806814
42.27000000000016,1.0129987416554915,4.414831064238926e-7,2.337361845313193,0.09366146173819886
42.28000000000016,1.0129987375911063,4.621577448045712e-7,2.3373618704279577,0.09366146625667271
42.290000000000155,1.0129987335925261,4.825026753580671e-7,2.337361896717972,0.09366147098025474
42.30000000000015,1.0129987296599063,5.025055243227287e-7,2.337361924183578,0.09366147590558592
42.31000000000015,1.012998725793378,5.221539921291452e-7,2.337361952824426,0.09366148102918392
42.32000000000015,1.0129987219930483,5.414358630332634e-7,2.3373619826394796,0.0936614863474438
42.33000000000015,1.0129987182590015,5.603390132302229e-7,2.3373620136269904,0.09366149185663879
42.340000000000146,1.0129987145912953,5.788514199720657e-7,2.3373620457845026,0.09366149755292157
42.35000000000014,1.012998710989964,5.969611709189177e-7,2.3373620791088405,0.09366150343232503
42.36000000000014,1.0129987074550166,6.146564731015402e-7,2.337362113596105,0.09366150949076349
42.37000000000014,1.0129987039864368,6.319256611264298e-7,2.3373621492416667,0.09366151572403407
42.38000000000014,1.012998700584182,6.487572068065775e-7,2.3373621860401537,0.09366152212781788
42.390000000000136,1.0129986972481846,6.65139728509831e-7,2.3373622239854557,0.09366152869768146
42.400000000000134,1.0129986939783509,6.81061999842691e-7,2.337362263070715,0.09366153542907828
42.41000000000013,1.0129986907745605,6.965129582899292e-7,2.337362303288323,0.09366154231735041
42.42000000000013,1.0129986876366666,7.114817147304463e-7,2.3373623446299083,0.09366154935773012
42.43000000000013,1.0129986845644963,7.259575627943106e-7,2.337362387086349,0.09366155654534167
42.440000000000126,1.0129986815578498,7.399299866934805e-7,2.3373624306477554,0.09366156387520326
42.450000000000124,1.0129986786164997,7.533886713202684e-7,2.3373624753034705,0.09366157134222891
42.46000000000012,1.012998675740192,7.663235110926605e-7,2.3373625210420745,0.09366157894123049
42.47000000000012,1.012998672928646,7.787246181052883e-7,2.3373625678513776,0.09366158666692001
42.48000000000012,1.0129986701815528,7.905823314791562e-7,2.3373626157184195,0.09366159451391157
42.490000000000116,1.012998667498577,8.018872260956212e-7,2.3373626646294725,0.09366160247672389
42.500000000000114,1.012998664879355,8.126301206690508e-7,2.3373627145700353,0.09366161054978273
42.51000000000011,1.0129986623234963,8.228020876995667e-7,2.337362765524837,0.09366161872742321
42.52000000000011,1.012998659830583,8.323944608010334e-7,2.3373628174778434,0.09366162700389245
42.53000000000011,1.012998657400169,8.413988430858013e-7,2.337362870412253,0.09366163537335236
42.540000000000106,1.0129986550317809,8.498071161754143e-7,2.337362924310495,0.09366164382988221
42.550000000000104,1.0129986527249173,8.576114487856284e-7,2.337362979154237,0.09366165236748153
42.5600000000001,1.012998650479051,8.648043042090217e-7,2.337363034924396,0.0936616609800729
42.5700000000001,1.012998648293625,8.713784479998482e-7,2.3373630916011323,0.09366166966150519
42.5800000000001,1.0129986461680571,8.77326956338362e-7,2.3373631491638585,0.09366167840555635
42.590000000000096,1.0129986441017358,8.826432238509811e-7,2.3373632075912356,0.09366168720593679
42.600000000000094,1.0129986420940238,8.873209712392798e-7,2.3373632668611983,0.0936616960562924
42.61000000000009,1.0129986401442566,8.913542522811042e-7,2.3373633269509457,0.09366170495020794
42.62000000000009,1.0129986382517422,8.947374610267192e-7,2.3373633878369486,0.09366171388121047
42.63000000000009,1.012998636415762,8.974653396191901e-7,2.337363449494966,0.09366172284277267
42.640000000000086,1.0129986346355706,8.995329849949862e-7,2.3373635119000444,0.09366173182831647
42.650000000000084,1.0129986329103973,9.009358554188217e-7,2.337363575026535,0.09366174083121642
42.66000000000008,1.0129986312394432,9.016697768268791e-7,2.337363638848095,0.0936617498448037
42.67000000000008,1.0129986296218854,9.017309501403582e-7,2.3373637033377017,0.09366175886236944
42.68000000000008,1.0129986280568741,9.011159566873046e-7,2.33736376846767,0.09366176787716876
42.690000000000076,1.0129986265435347,8.99821763765949e-7,2.3373638342096443,0.09366177688242452
42.700000000000074,1.0129986250809668,8.978457313052314e-7,2.3373639005346307,0.0936617858713312
42.71000000000007,1.0129986236682453,8.951856173714625e-7,2.337363967412999,0.09366179483705886
42.72000000000007,1.0129986223044212,8.918395832691003e-7,2.3373640348144984,0.09366180377275711
42.73000000000007,1.012998620988521,8.878061980127049e-7,2.337364102708272,0.09366181267155928
42.740000000000066,1.0129986197195462,8.830844434814661e-7,2.337364171062864,0.09366182152658643
42.750000000000064,1.0129986184964763,8.776737201218025e-7,2.337364239846242,0.09366183033095155
42.76000000000006,1.0129986173182677,8.715738500964816e-7,2.337364309025815,0.09366183907776365
42.77000000000006,1.0129986161838533,8.64785081305708e-7,2.337364378568439,0.09366184776013214
42.78000000000006,1.0129986150921437,8.573080918202299e-7,2.3373644484404363,0.09366185637117118
42.790000000000056,1.0129986140420295,8.491439934806524e-7,2.337364518607624,0.09366186490400359
42.800000000000054,1.0129986130323778,8.402943343326465e-7,2.3373645890353134,0.09366187335176576
42.81000000000005,1.0129986120620353,8.30761102568811e-7,2.337364659688336,0.09366188170761168
42.82000000000005,1.0129986111298306,8.205467296162467e-7,2.337364730531075,0.09366188996471732
42.83000000000005,1.0129986102345696,8.096540906442324e-7,2.3373648015274586,0.0936618981162853
42.840000000000046,1.0129986093750403,7.980865087863237e-7,2.337364872640997,0.09366190615554927
42.850000000000044,1.0129986085500122,7.858477560637098e-7,2.337364943834802,0.09366191407577823
42.86000000000004,1.0129986077582367,7.729420550787213e-7,2.337365015071602,0.09366192187028119
42.87000000000004,1.0129986069984471,7.593740803566384e-7,2.3373650863137607,0.09366192953241172
42.88000000000004,1.0129986062693606,7.451489589677951e-7,2.337365157523311,0.09366193705557227
42.890000000000036,1.0129986055696771,7.302722713134329e-7,2.3373652286619593,0.09366194443321893
42.900000000000034,1.0129986048980817,7.147500519745712e-7,2.337365299691121,0.09366195165886584
42.91000000000003,1.0129986042532444,6.985887898743368e-7,2.337365370571939,0.09366195872608975
42.92000000000003,1.01299860363382,6.817954270442607e-7,2.3373654412653058,0.09366196562853456
42.93000000000003,1.0129986030384508,6.643773587565135e-7,2.337365511731885,0.09366197235991583
42.940000000000026,1.012998602465766,6.463424323318141e-7,2.337365581932146,0.09366197891402543
42.950000000000024,1.0129986019143817,6.276989461014076e-7,2.337365651826371,0.09366198528473588
42.96000000000002,1.0129986013829035,6.084556477928076e-7,2.337365721374695,0.09366199146600492
42.97000000000002,1.0129986008699257,5.886217325176245e-7,2.3373657905371203,0.09366199745188007
42.98000000000002,1.0129986003740326,5.682068409950477e-7,2.3373658592735453,0.09366200323650294
42.990000000000016,1.0129985998937996,5.472210565274435e-7,2.3373659275437957,0.09366200881411388
43.000000000000014,1.0129985994277935,5.256749023856054e-7,2.337365995307637,0.09366201417905613
43.01000000000001,1.0129985989745733,5.035793388358633e-7,2.3373660625248154,0.09366201932578051
43.02000000000001,1.0129985985326915,4.80945759535939e-7,2.3373661291550705,0.09366202424884951
43.03000000000001,1.0129985981006941,4.5778598712341956e-7,2.337366195158174,0.09366202894294168
43.040000000000006,1.0129985976771223,4.341122699370865e-7,2.3373662604939445,0.093662033402856
43.050000000000004,1.0129985972605124,4.099372776889244e-7,2.33736632512228,0.09366203762351609
43.06,1.0129985968493975,3.852740958099251e-7,2.337366389003191,0.09366204159997422
43.07,1.0129985964423085,3.6013622131236124e-7,2.3373664520968167,0.09366204532741566
43.08,1.0129985960377736,3.3453755623281474e-7,2.3373665143634548,0.09366204880116262
43.089999999999996,1.0129985956343204,3.0849240343217046e-7,2.3373665757635926,0.09366205201667839
43.099999999999994,1.0129985952304768,2.8201545951306996e-7,2.3373666362579364,0.0936620549695713
43.10999999999999,1.0129985948247706,2.551218085889694e-7,2.33736669580743,0.09366205765559854
43.11999999999999,1.012998594415733,2.2782691625336974e-7,2.337366754373297,0.09366206007066998
43.12999999999999,1.0129985940018957,2.0014662105909116e-7,2.337366811917047,0.09366206221085215
43.139999999999986,1.0129985935817958,1.720971295392585e-7,2.3373668684005247,0.09366206407237171
43.149999999999984,1.0129985931539736,1.436950067737849e-7,2.337366923785929,0.09366206565161928
43.15999999999998,1.0129985927169751,1.1495716920900224e-7,2.337366978035834,0.0936620669451528
43.16999999999998,1.0129985922693536,8.590087662781833e-8,2.337367031113231,0.09366206794970111
43.17999999999998,1.012998591809668,5.6543722922070224e-8,2.337367082981539,0.0936620686621674
43.189999999999976,1.0129985913364865,2.690362863091248e-8,2.337367133604647,0.09366206907963236
43.199999999999974,1.0129985908483854,-3.0011689198842444e-9,2.3373671829469296,0.09366206919935753
43.20999999999997,1.0129985903439513,-3.31521247208347e-8,2.337367230973282,0.09366206901878842
43.21999999999997,1.0129985898217828,-6.35303950963561e-8,2.3373672776491494,0.09366206853555731
43.22999999999997,1.0129985892804891,-9.411684883692201e-8,2.3373673229405436,0.0936620677474865
43.23999999999997,1.0129985887186925,-1.2489207601487113e-7,2.337367366814073,0.09366206665259104
43.249999999999964,1.0129985881350294,-1.55836398282249e-7,2.337367409236976,0.0936620652490813
43.25999999999996,1.0129985875281506,-1.869298806102851e-7,2.3373674501771418,0.09366206353536582
43.26999999999996,1.0129985868967224,-2.1815234114176433e-7,2.337367489603132,0.09366206151005371
43.27999999999996,1.0129985862394282,-2.4948336224048033e-7,2.337367527484219,0.0936620591719571
43.28999999999996,1.0129985855549684,-2.809023023150449e-7,2.337367563790396,0.09366205652009336
43.299999999999955,1.012998584842061,-3.123883069816882e-7,2.3373675984924125,0.09366205355368745
43.30999999999995,1.012998584099445,-3.4392032050737254e-7,2.337367631561797,0.09366205027217381
43.31999999999995,1.0129985833258783,-3.7547709813527887e-7,2.3373676629708755,0.09366204667519847
43.32999999999995,1.0129985825201406,-4.0703721801907623e-7,2.337367692692808,0.0936620427626207
43.33999999999995,1.0129985816810332,-4.3857909347059043e-7,2.3373677207016006,0.09366203853451494
43.349999999999945,1.0129985808073805,-4.700809857800743e-7,2.337367746972135,0.09366203399117212
43.35999999999994,1.0129985798980308,-5.015210168925011e-7,2.3373677714801855,0.09366202913310138
43.36999999999994,1.0129985789518572,-5.328771820542904e-7,2.3373677942024487,0.09366202396103128
43.37999999999994,1.0129985779677575,-5.641273628116908e-7,2.3373678151165587,0.09366201847591102
43.38999999999994,1.0129985769446572,-5.952493397830836e-7,2.337367834201115,0.09366201267891136
43.399999999999935,1.012998575881508,-6.262208075353582e-7,2.3373678514356997,0.09366200657142588
43.40999999999993,1.0129985747772905,-6.57019386273283e-7,2.337367866800893,0.09366200015507148
43.41999999999993,1.0129985736310136,-6.876226360136949e-7,2.337367880278308,0.09366199343168924
43.42999999999993,1.012998572441717,-7.180080710713646e-7,2.3373678918505956,0.09366198640334479
43.43999999999993,1.0129985712084688,-7.481531732278378e-7,2.3373679015014655,0.09366197907232891
43.449999999999925,1.0129985699303712,-7.780354053791434e-7,2.337367909215712,0.09366197144115758
43.45999999999992,1.0129985686065566,-8.076322262389779e-7,2.3373679149792252,0.09366196351257221
43.46999999999992,1.012998567236191,-8.369211043135918e-7,2.337367918779011,0.09366195528953956
43.47999999999992,1.0129985658184744,-8.658795318473453e-7,2.3373679206032083,0.09366194677525164
43.48999999999992,1.0129985643526407,-8.944850398559034e-7,2.3373679204410998,0.09366193797312532
43.499999999999915,1.012998562837959,-9.227152115361777e-7,2.337367918283128,0.09366192888680197
43.50999999999991,1.012998561273734,-9.505476971483187e-7,2.337367914120918,0.09366191952014673
43.51999999999991,1.0129985596593076,-9.779602283568193e-7,2.3373679079472844,0.09366190987724791
43.52999999999991,1.0129985579940586,-1.0049306332250562e-6,2.3373678997562406,0.09366189996241595
43.53999999999991,1.0129985562774038,-1.0314368501720972e-6,2.3373678895430245,0.09366188978018251
43.549999999999905,1.0129985545087972,-1.0574569428428305e-6,2.3373678773040902,0.09366187933529938
43.5599999999999,1.0129985526877339,-1.082969113645245e-6,2.337367863037138,0.09366186863273679
43.5699999999999,1.0129985508137476,-1.107951720213388e-6,2.337367846741123,0.09366185767768233
43.5799999999999,1.0129985488864117,-1.1323832884761095e-6,2.337367828416241,0.0936618464755392
43.5899999999999,1.012998546905342,-1.1562425272000229e-6,2.3373678080639726,0.09366183503192435
43.599999999999895,1.0129985448701946,-1.179508343436815e-6,2.337367785687065,0.09366182335266673
43.60999999999989,1.0129985427806676,-1.2021598559199746e-6,2.337367761289548,0.09366181144380514
43.61999999999989,1.0129985406365012,-1.2241764100558606e-6,2.33736773487674,0.09366179931158614
43.62999999999989,1.0129985384374791,-1.245537591684993e-6,2.3373677064552547,0.09366178696246152
43.63999999999989,1.012998536183428,-1.2662232421586455e-6,2.3373676760330047,0.09366177440308607
43.649999999999885,1.0129985338742176,-1.2862134713047556e-6,2.3373676436192024,0.09366176164031476
43.65999999999988,1.0129985315097632,-1.305488673029326e-6,2.337367609224369,0.09366174868120009
43.66999999999988,1.012998529090023,-1.3240295380769855e-6,2.3373675728603334,0.0936617355329891
43.67999999999988,1.012998526615001,-1.341817068221819e-6,2.337367534540232,0.09366172220312045
43.68999999999988,1.0129985240847463,-1.3588325902999632e-6,2.3373674942785136,0.09366170869922108
43.699999999999875,1.0129985214993529,-1.3750577696472943e-6,2.3373674520909367,0.09366169502910314
43.70999999999987,1.0129985188589612,-1.390474623089306e-6,2.3373674079945634,0.09366168120076018
43.71999999999987,1.0129985161637567,-1.4050655331993523e-6,2.337367362007769,0.09366166722236387
43.72999999999987,1.012998513413972,-1.4188132605635159e-6,2.3373673141502285,0.09366165310226016
43.73999999999987,1.0129985106098858,-1.4317009574541312e-6,2.3373672644429195,0.09366163884896545
43.749999999999865,1.0129985077518229,-1.4437121800795042e-6,2.3373672129081102,0.09366162447116264
43.75999999999986,1.0129985048401555,-1.4548309017348055e-6,2.337367159569364,0.09366160997769689
43.76999999999986,1.0129985018753025,-1.4650415246904462e-6,2.3373671044515256,0.09366159537757165
43.77999999999986,1.0129984988577292,-1.4743288929628482e-6,2.3373670475807162,0.09366158067994401
43.78999999999986,1.012998495787948,-1.4826783039650464e-6,2.3373669889843223,0.0936615658941204
43.799999999999855,1.012998492666519,-1.490075520093471e-6,2.3373669286909937,0.09366155102955201
43.80999999999985,1.0129984894940482,-1.496506780797575e-6,2.3373668667306258,0.09366153609582994
43.81999999999985,1.0129984862711898,-1.5019588135665367e-6,2.337366803134356,0.09366152110268056
43.82999999999985,1.0129984829986438,-1.5064188448899818e-6,2.3373667379345444,0.09366150605996042
43.83999999999985,1.0129984796771578,-1.5098746111250122e-6,2.3373666711647667,0.09366149097765127
43.849999999999845,1.0129984763075255,-1.5123143690044349e-6,2.337366602859804,0.09366147586585494
43.85999999999984,1.0129984728905879,-1.5137269059476339e-6,2.3373665330556164,0.09366146073478804
43.86999999999984,1.0129984694272316,-1.5141015497969933e-6,2.3373664617893404,0.09366144559477656
43.87999999999984,1.0129984659183902,-1.5134281785965879e-6,2.337366389099268,0.09366143045625051
43.88999999999984,1.0129984623650428,-1.511697229722932e-6,2.3373663150248256,0.09366141532973835
43.899999999999835,1.0129984587682146,-1.508899709551486e-6,2.3373662396065704,0.09366140022586125
43.90999999999983,1.0129984551289761,-1.5050272016228094e-6,2.3373661628861506,0.09366138515532753
43.91999999999983,1.0129984514484427,-1.5000718750442735e-6,2.3373660849063063,0.0936613701289267
43.92999999999983,1.0129984477277751,-1.4940264925436964e-6,2.3373660057108365,0.09366135515752361
43.93999999999983,1.0129984439681776,-1.4868844184066937e-6,2.33736592534458,0.09366134025205257
43.949999999999825,1.0129984401708996,-1.4786396252106202e-6,2.3373658438534064,0.09366132542351109
43.95999999999982,1.0129984363372335,-1.4692867017831133e-6,2.337365761284173,0.09366131068295393
43.96999999999982,1.0129984324685146,-1.4588208593020442e-6,2.3373656776847134,0.09366129604148683
43.97999999999982,1.0129984285661213,-1.447237937440885e-6,2.337365593103816,0.09366128151026039
43.98999999999982,1.012998424631474,-1.4345344103565035e-6,2.337365507591189,0.09366126710046353
43.999999999999815,1.0129984206660347,-1.4207073920490804e-6,2.337365421197444,0.09366125282331725
44.00999999999981,1.0129984166713064,-1.4057546419051371e-6,2.337365333974066,0.09366123869006823
44.01999999999981,1.0129984126488323,-1.3896745690799764e-6,2.3373652459733836,0.09366122471198225
44.02999999999981,1.012998408600196,-1.3724662370090165e-6,2.337365157248549,0.0936612109003378
44.03999999999981,1.0129984045270195,-1.3541293672580187e-6,2.3373650678534985,0.0936611972664194
44.049999999999805,1.0129984004309633,-1.3346643426193712e-6,2.33736497784293,0.09366118382151109
44.0599999999998,1.0129983963137272,-1.314072210874085e-6,2.337364887272282,0.09366117057688966
44.0699999999998,1.0129983921770456,-1.2923546876697138e-6,2.3373647961976776,0.09366115754381822
44.0799999999998,1.0129983880226907,-1.2695141575613752e-6,2.337364704675922,0.09366114473353934
44.0899999999998,1.0129983838524699,-1.2455536766091114e-6,2.337364612764452,0.09366113215726836
44.099999999999795,1.0129983796682254,-1.2204769742586778e-6,2.3373645205213123,0.09366111982618665
44.10999999999979,1.0129983754718326,-1.1942884538018584e-6,2.3373644280051176,0.09366110775143498
44.11999999999979,1.0129983712652002,-1.1669931926931612e-6,2.3373643352750224,0.09366109594410676
44.12999999999979,1.0129983670502694,-1.1385969427184723e-6,2.3373642423906835,0.09366108441524115
44.13999999999979,1.0129983628290118,-1.1091061300624142e-6,2.3373641494122337,0.09366107317581654
44.149999999999785,1.0129983586034301,-1.0785278543528483e-6,2.3373640564002365,0.09366106223674352
44.15999999999978,1.0129983543755554,-1.0468698873851177e-6,2.337363963415656,0.09366105160885847
44.16999999999978,1.0129983501474475,-1.0141406710613747e-6,2.3373638705198183,0.09366104130291668
44.17999999999978,1.0129983459211938,-9.803493159454432e-7,2.3373637777743816,0.0936610313295856
44.18999999999978,1.0129983416989072,-9.455055984678949e-7,2.337363685241287,0.09366102169943831
44.199999999999775,1.012998337482727,-9.096199575617035e-7,2.337363592982737,0.09366101242294675
44.20999999999977,1.0129983332748154,-8.727034919476782e-7,2.337363501061144,0.09366100351047528
44.21999999999977,1.012998329077358,-8.347679553488342e-7,2.337363409539101,0.0936609949722739
44.22999999999977,1.0129983248925636,-7.958257527512909e-7,2.33736331847934,0.0936609868184718
44.23999999999977,1.01299832072266,-7.558899355144134e-7,2.3373632279446923,0.09366097905907099
44.249999999999766,1.012998316569896,-7.149741954607389e-7,2.3373631379980533,0.09366097170393958
44.25999999999976,1.0129983124365383,-6.730928605122375e-7,2.3373630487023425,0.0936609647628058
44.26999999999976,1.0129983083248717,-6.302608873223367e-7,2.337362960120463,0.09366095824525124
44.27999999999976,1.0129983042371968,-5.864938555909999e-7,2.337362872315263,0.09366095216070491
44.28999999999976,1.012998300175829,-5.418079608273083e-7,2.3373627853494914,0.09366094651843704
44.299999999999756,1.0129982961430972,-4.962200063178377e-7,2.3373626992857677,0.09366094132755268
44.309999999999754,1.0129982921413438,-4.4974739561545434e-7,2.337362614186535,0.09366093659698589
44.31999999999975,1.0129982881729227,-4.0240812482357976e-7,2.3373625301140293,0.09366093233549372
44.32999999999975,1.0129982842401963,-3.5422077392515157e-7,2.337362447130222,0.0936609285516504
44.33999999999975,1.0129982803455377,-3.052044967666289e-7,2.337362365296799,0.09366092525384138
44.349999999999746,1.0129982764913257,-2.553790123922264e-7,2.3373622846751068,0.09366092245025784
44.359999999999744,1.012998272679946,-2.0476459421473194e-7,2.3373622053261194,0.09366092014889099
44.36999999999974,1.0129982689137902,-1.5338206028777735e-7,2.3373621273104033,0.09366091835752643
44.37999999999974,1.012998265195252,-1.0125276306884644e-7,2.3373620506880632,0.09366091708373904
44.38999999999974,1.0129982615267281,-4.839857725066014e-8,2.3373619755187187,0.09366091633488756
44.399999999999736,1.0129982579106165,5.158111217721535e-9,2.3373619018614544,0.09366091611810928
44.409999999999734,1.0129982543493141,5.93944162786737e-8,2.337361829774784,0.0936609164403153
44.41999999999973,1.0129982508452167,1.1428696560922382e-7,2.3373617593166145,0.09366091730818521
44.42999999999973,1.012998247400717,1.6981191148073882e-7,2.3373616905441983,0.09366091872816266
44.43999999999973,1.0129982440182028,2.2594494444876206e-7,2.3373616235141053,0.09366092070645046
44.449999999999726,1.012998240700057,2.8266130725166195e-7,2.337361558282179,0.09366092324900605
44.459999999999724,1.012998237448655,3.3993580723464146e-7,2.3373614949035,0.09366092636153713
44.46999999999972,1.0129982342663635,3.977428310564078e-7,2.3373614334323483,0.09366093004949731
44.47999999999972,1.0129982311555392,4.560563586304234e-7,2.3373613739221635,0.09366093431808217
44.48999999999972,1.012998228118529,5.14849978311419e-7,2.3373613164255156,0.0936609391722249
44.499999999999716,1.012998225157666,5.740969007029522e-7,2.337361260994058,0.09366094461659281
44.509999999999714,1.0129982222752703,6.337699744916257e-7,2.3373612076785095,0.0936609506555835
44.51999999999971,1.0129982194736464,6.93841701388811e-7,2.3373611565285937,0.0936609572933212
44.52999999999971,1.0129982167550828,7.542842520759393e-7,2.3373611075930305,0.09366096453365359
44.53999999999971,1.0129982141218492,8.150694823444324e-7,2.337361060919478,0.0936609723801485
44.549999999999706,1.0129982115761968,8.761689493954664e-7,2.337361016554518,0.09366098083609074
44.559999999999704,1.0129982091203564,9.375539274000092e-7,2.3373609745436155,0.09366098990447924
44.5699999999997,1.0129982067565368,9.991954250518832e-7,2.3373609349310844,0.09366099958802437
44.5799999999997,1.012998204486924,1.061064201726574e-6,2.3373608977600604,0.09366100988914533
44.5899999999997,1.0129982023136788,1.123130784749239e-6,2.337360863072467,0.09366102080996776
44.599999999999696,1.0129982002389366,1.1853654866426137e-6,2.3373608309089833,0.09366103235232141
44.609999999999694,1.0129981982648064,1.247738422772296e-6,2.3373608013090226,0.09366104451773827
44.61999999999969,1.012998196393368,1.3102195286116716e-6,2.3373607743106906,0.09366105730745049
44.62999999999969,1.0129981946266726,1.3727785777020265e-6,2.3373607499507734,0.09366107072238869
44.63999999999969,1.0129981929667402,1.4353851989990797e-6,2.337360728264702,0.0936610847631806
44.649999999999686,1.0129981914155588,1.4980088947167783e-6,2.33736070928652,0.09366109943014958
44.659999999999684,1.0129981899750828,1.5606190593245474e-6,2.337360693048871,0.0936611147233134
44.66999999999968,1.012998188647233,1.6231849970688022e-6,2.3373606795829653,0.09366113064238332
44.67999999999968,1.0129981874338945,1.6856759401916613e-6,2.3373606689185586,0.09366114718676334
44.68999999999968,1.0129981863369144,1.7480610671605125e-6,2.337360661083929,0.09366116435554941
44.699999999999676,1.0129981853581034,1.8103095212861593e-6,2.3373606561058557,0.0936611821475291
44.709999999999674,1.0129981844992322,1.8723904293480807e-6,2.3373606540095975,0.09366120056118134
44.71999999999967,1.012998183762032,1.934272919477898e-6,2.3373606548188772,0.09366121959467628
44.72999999999967,1.0129981831481922,1.9959261398424207e-6,2.3373606585558533,0.0936612392458755
44.73999999999967,1.0129981826593606,2.0573192772866518e-6,2.3373606652411145,0.0936612595123321
44.749999999999666,1.0129981822971401,2.1184215752900465e-6,2.33736067489365,0.09366128039129155
44.759999999999664,1.012998182063091,2.179202352935253e-6,2.337360687530843,0.09366130187969188
44.76999999999966,1.0129981819587266,2.2396310230833185e-6,2.337360703168452,0.09366132397416489
44.77999999999966,1.0129981819855152,2.2996771105058527e-6,2.337360721820598,0.09366134667103704
44.78999999999966,1.0129981821448761,2.3593102702983604e-6,2.3373607434997514,0.09366136996633066
44.799999999999656,1.012998182438182,2.418500306296686e-6,2.337360768216721,0.09366139385576537
44.809999999999654,1.0129981828667551,2.477217188827129e-6,2.3373607959806453,0.09366141833475963
44.81999999999965,1.0129981834318682,2.5354310725429904e-6,2.33736082679898,0.09366144339843249
44.82999999999965,1.0129981841347429,2.5931123143106055e-6,2.3373608606774896,0.09366146904160559
44.83999999999965,1.0129981849765484,2.6502314917479276e-6,2.3373608976202407,0.09366149525880524
44.849999999999646,1.0129981859584025,2.7067594197672995e-6,2.3373609376296023,0.09366152204426459
44.859999999999644,1.0129981870813682,2.7626671684994404e-6,2.3373609807062268,0.09366154939192636
44.86999999999964,1.012998188346456,2.8179260806641847e-6,2.3373610268490626,0.09366157729544516
44.87999999999964,1.0129981897546199,2.8725077877397727e-6,2.337361076055341,0.09366160574819059
44.88999999999964,1.012998191306759,2.926384228212219e-6,2.337361128320576,0.09366163474325001
44.899999999999636,1.0129981930037162,2.9795276632806064e-6,2.337361183638564,0.09366166427343178
44.909999999999634,1.0129981948462776,3.031910693758976e-6,2.337361242001389,0.09366169433126856
44.91999999999963,1.0129981968351713,3.0835062763975326e-6,2.3373613033994194,0.0936617249090208
44.92999999999963,1.0129981989710681,3.134287739235459e-6,2.3373613678213143,0.0936617559986803
44.93999999999963,1.0129982012545802,3.184228797646863e-6,2.3373614352540235,0.09366178759197415
44.949999999999626,1.0129982036862595,3.2333035698469073e-6,2.3373615056827988,0.09366181968036855
44.959999999999624,1.0129982062665994,3.281486592688678e-6,2.337361579091191,0.093661852255073
44.96999999999962,1.012998208996033,3.3287528355450537e-6,2.337361655461072,0.09366188530704445
44.97999999999962,1.0129982118749332,3.3750777152856244e-6,2.3373617347726285,0.09366191882699179
44.98999999999962,1.0129982149036119,3.4204371107816446e-6,2.337361817004381,0.09366195280538042
44.999999999999616,1.0129982180823194,3.464807376540081e-6,2.3373619021331873,0.09366198723243685
45.009999999999614,1.0129982214112452,3.508165357089913e-6,2.337361990134267,0.09366202209815361
45.01999999999961,1.012998224890516,3.5504883991099013e-6,2.3373620809811957,0.09366205739229413
45.02999999999961,1.0129982285201986,3.591754365959882e-6,2.3373621746459396,0.09366209310439791
45.03999999999961,1.0129982323002946,3.631941648772698e-6,2.337362271098852,0.09366212922378572
45.049999999999606,1.0129982362307453,3.671029179988875e-6,2.3373623703087016,0.09366216573956496
45.059999999999604,1.012998240311429,3.7089964446695382e-6,2.3373624722426887,0.09366220264063502
45.0699999999996,1.0129982445421608,3.7458234920595903e-6,2.3373625768664548,0.09366223991569304
45.0799999999996,1.0129982489226934,3.7814909470414114e-6,2.3373626841441113,0.09366227755323948
45.0899999999996,1.0129982534527169,3.815980020614848e-6,2.3373627940382526,0.093662315541584
45.099999999999596,1.012998258131858,3.849272520661484e-6,2.337362906509985,0.09366235386885126
45.109999999999594,1.0129982629596814,3.8813508615488995e-6,2.3373630215189403,0.09366239252298714
45.11999999999959,1.0129982679356881,3.912198073600612e-6,2.337363139023303,0.09366243149176465
45.12999999999959,1.0129982730593172,3.941797813303599e-6,2.3373632589798357,0.09366247076279027
45.13999999999959,1.0129982783299447,3.970134370959673e-6,2.337363381343897,0.09366251032351025
45.14999999999959,1.0129982837468852,3.9971926798321945e-6,2.337363506069479,0.09366255016121681
45.159999999999584,1.0129982893093896,4.022958323189276e-6,2.3373636331092205,0.09366259026305489
45.16999999999958,1.012998295016648,4.047417542701899e-6,2.3373637624144425,0.09366263061602842
45.17999999999958,1.0129983008677885,4.070557245132723e-6,2.337363893935173,0.09366267120700725
45.18999999999958,1.0129983068618778,4.092365009626076e-6,2.3373640276201786,0.09366271202273349
45.19999999999958,1.0129983129979212,4.112829092932007e-6,2.337364163416991,0.09366275304982843
45.209999999999575,1.0129983192748642,4.131938435398441e-6,2.337364301271941,0.09366279427479941
45.21999999999957,1.0129983256915904,4.1496826671185865e-6,2.3373644411301857,0.09366283568404665
45.22999999999957,1.0129983322469247,4.166052112143059e-6,2.337364582935738,0.09366287726387003
45.23999999999957,1.0129983389396324,4.1810377932137975e-6,2.337364726631507,0.09366291900047623
45.24999999999957,1.0129983457684193,4.194631436111627e-6,2.337364872159325,0.0936629608799856
45.259999999999565,1.012998352731933,4.206825472527839e-6,2.337365019459985,0.09366300288843944
45.26999999999956,1.0129983598287633,4.217613043967656e-6,2.3373651684732697,0.09366304501180674
45.27999999999956,1.0129983670574427,4.2269880040756075e-6,2.33736531913799,0.09366308723599151
45.28999999999956,1.0129983744164468,4.234944921186777e-6,2.3373654713920198,0.09366312954683989
45.29999999999956,1.0129983819041948,4.241479079624115e-6,2.3373656251723287,0.0936631719301473
45.309999999999555,1.0129983895190509,4.246586481927489e-6,2.3373657804150234,0.09366321437166555
45.31999999999955,1.0129983972593246,4.250263849618041e-6,2.337365937055382,0.09366325685711008
45.32999999999955,1.0129984051232712,4.252508622992549e-6,2.337366095027889,0.09366329937216715
45.33999999999955,1.0129984131090928,4.253318962122177e-6,2.3373662542662714,0.09366334190250104
45.34999999999955,1.0129984212149392,4.2526937466681454e-6,2.33736641470355,0.09366338443376115
45.359999999999545,1.0129984294389085,4.250632573879042e-6,2.3373665762720552,0.09366342695158934
45.36999999999954,1.012998437779047,4.247135759109763e-6,2.3373667389034822,0.0936634694416271
45.37999999999954,1.0129984462333528,4.242204333360277e-6,2.337366902528923,0.09366351188952246
45.38999999999954,1.0129984547997737,4.2358400416975046e-6,2.33736706707891,0.09366355428093748
45.39999999999954,1.0129984634762095,4.228045340097268e-6,2.3373672324834516,0.09366359660155515
45.409999999999535,1.0129984722605128,4.218823393641778e-6,2.3373673986720642,0.0936636388370867
45.41999999999953,1.0129984811504902,4.208178073360154e-6,2.337367565573832,0.09366368097327836
45.42999999999953,1.0129984901439029,4.1961139515188024e-6,2.3373677331174263,0.0936637229959187
45.43999999999953,1.0129984992384673,4.18263629899676e-6,2.3373679012311506,0.09366376489084552
45.44999999999953,1.0129985084318573,4.16775108044122e-6,2.337368069842992,0.09366380664395274
45.459999999999525,1.0129985177217047,4.151464949202514e-6,2.3373682388806443,0.09366384824119735
45.46999999999952,1.012998527105599,4.133785242764262e-6,2.3373684082715576,0.09366388966860636
45.47999999999952,1.0129985365810907,4.1147199774367544e-6,2.337368577942975,0.09366393091228357
45.48999999999952,1.0129985461456914,4.094277841895732e-6,2.337368747821974,0.09366397195841628
45.49999999999952,1.012998555796874,4.0724681919007745e-6,2.337368917835506,0.09366401279328197
45.509999999999515,1.012998565532076,4.049301043269456e-6,2.3373690879104365,0.09366405340325504
45.51999999999951,1.012998575348698,4.024787064908627e-6,2.337369257973583,0.09366409377481331
45.52999999999951,1.0129985852441081,3.998937572130195e-6,2.3373694279517534,0.09366413389454455
45.53999999999951,1.0129985952156395,3.971764518947769e-6,2.3373695977717897,0.09366417374915283
45.54999999999951,1.0129986052605946,3.943280490446387e-6,2.3373697673606038,0.09366421332546497
45.559999999999505,1.0129986153762451,3.913498694488452e-6,2.3373699366452176,0.09366425261043666
45.5699999999995,1.0129986255598327,3.882432953252412e-6,2.3373701055528,0.09366429159115895
45.5799999999995,1.0129986358085716,3.850097695369772e-6,2.337370274010704,0.09366433025486395
45.5899999999995,1.0129986461196492,3.816507945910864e-6,2.3373704419465153,0.09366436858893117
45.5999999999995,1.012998656490227,3.7816793173025957e-6,2.3373706092880755,0.09366440658089321
45.609999999999495,1.0129986669174416,3.745628000609391e-6,2.3373707759635263,0.09366444421844182
45.61999999999949,1.0129986773984077,3.708370755300539e-6,2.337370941901348,0.09366448148943342
45.62999999999949,1.0129986879302182,3.669924898956956e-6,2.337371107030399,0.09366451838189481
45.63999999999949,1.0129986985099448,3.630308297608065e-6,2.3373712712799377,0.09366455488402883
45.64999999999949,1.0129987091346413,3.589539355006832e-6,2.33737143457968,0.09366459098421953
45.659999999999485,1.012998719801343,3.5476370017873662e-6,2.3373715968598177,0.09366462667103781
45.66999999999948,1.01299873050707,3.5046206845373856e-6,2.3373717580510647,0.09366466193324632
45.67999999999948,1.0129987412488257,3.4605103549316954e-6,2.337371918084679,0.09366469675980477
45.68999999999948,1.0129987520236021,3.4153264583900635e-6,2.337372076892514,0.0936647311398748
45.69999999999948,1.0129987628283772,3.369089921648889e-6,2.3373722344070367,0.09366476506282506
45.709999999999475,1.012998773660119,3.3218221427259443e-6,2.3373723905613693,0.09366479851823571
45.71999999999947,1.012998784515786,3.2735449777127012e-6,2.3373725452893197,0.09366483149590323
45.72999999999947,1.0129987953923287,3.224280729239113e-6,2.337372698525417,0.09366486398584492
45.73999999999947,1.0129988062866906,3.174052134044916e-6,2.3373728502049347,0.09366489597830324
45.74999999999947,1.01299881719581,3.1228823506554696e-6,2.337373000263929,0.09366492746375021
45.759999999999465,1.0129988281166211,3.0707949474382378e-6,2.3373731486392653,0.09366495843289148
45.76999999999946,1.0129988390460565,3.0178138896500394e-6,2.3373732952686597,0.0936649888766703
45.77999999999946,1.0129988499810472,2.963963525986271e-6,2.3373734400906923,0.09366501878627151
45.78999999999946,1.0129988609185234,2.9092685757944892e-6,2.3373735830448386,0.09366504815312542
45.79999999999946,1.0129988718554181,2.85375411765495e-6,2.3373737240715045,0.09366507696891124
45.809999999999455,1.012998882788667,2.797445574840255e-6,2.337373863112051,0.09366510522556076
45.81999999999945,1.01299889371521,2.7403687027637605e-6,2.337374000108822,0.09366513291526161
45.82999999999945,1.0129989046319927,2.6825495753479773e-6,2.337374135005168,0.09366516003046062
45.83999999999945,1.0129989155359689,2.624014571445528e-6,2.3373742677454734,0.09366518656386683
45.84999999999945,1.0129989264240997,2.564790361850952e-6,2.337374398275182,0.09366521250845465
45.859999999999445,1.0129989372933563,2.5049038958891527e-6,2.337374526540814,0.0936652378574665
45.86999999999944,1.0129989481407211,2.4443823877789544e-6,2.337374652490001,0.0936652626044157
45.87999999999944,1.0129989589631891,2.3832533027223505e-6,2.3373747760714974,0.09366528674308898
45.88999999999944,1.0129989697577693,2.3215443442839378e-6,2.3373748972352173,0.09366531026754885
45.89999999999944,1.0129989805214858,2.2592834391720077e-6,2.337375015932238,0.09366533317213607
45.909999999999435,1.0129989912513797,2.1964987248583198e-6,2.337375132114834,0.0936653554514716
45.91999999999943,1.0129990019445092,2.1332185350096237e-6,2.3373752457364922,0.09366537710045893
45.92999999999943,1.0129990125979518,2.069471386256536e-6,2.337375356751927,0.09366539811428576
45.93999999999943,1.0129990232088057,2.0052859647175597e-6,2.3373754651171077,0.09366541848842576
45.94999999999943,1.0129990337741912,1.940691111749453e-6,2.3373755707892747,0.09366543821864023
45.959999999999425,1.0129990442912504,1.8757158093905052e-6,2.3373756737269464,0.09366545730097979
45.96999999999942,1.0129990547571508,1.8103891688252152e-6,2.337375773889949,0.09366547573178528
45.97999999999942,1.0129990651690846,1.7447404148063549e-6,2.337375871239423,0.0936654935076894
45.98999999999942,1.012999075524271,1.6787988727475318e-6,2.337375965737841,0.09366551062561759
45.99999999999942,1.0129990858199571,1.6125939552778798e-6,2.3373760573490285,0.09366552708278894
46.009999999999415,1.0129990960534192,1.5461551478482704e-6,2.337376146038166,0.09366554287671708
46.01999999999941,1.0129991062219639,1.479511995380447e-6,2.337376231771808,0.09366555800521073
46.02999999999941,1.0129991163229288,1.4126940894538069e-6,2.3373763145178947,0.09366557246637447
46.03999999999941,1.0129991263536855,1.3457310538868282e-6,2.337376394245768,0.09366558625860874
46.04999999999941,1.0129991363116373,1.2786525315685874e-6,2.3373764709261717,0.09366559938061053
46.059999999999405,1.0129991461942236,1.2114881712532306e-6,2.337376544531265,0.09366561183137324
46.0699999999994,1.01299915599892,1.1442676146612168e-6,2.337376615034644,0.09366562361018665
46.0799999999994,1.0129991657232384,1.077020482054602e-6,2.3373766824113327,0.09366563471663694
46.0899999999994,1.0129991753647294,1.0097763600088992e-6,2.3373767466377995,0.09366564515060635
46.0999999999994,1.0129991849209825,9.425647881080657e-7,2.3373768076919648,0.0936656549122727
46.109999999999395,1.0129991943896275,8.754152459595095e-7,2.3373768655532072,0.09366566400210892
46.11999999999939,1.0129992037683355,8.08357139821317e-7,2.337376920202365,0.09366567242088243
46.12999999999939,1.0129992130548198,7.414197901870027e-7,2.3373769716217496,0.09366568016965425
46.13999999999939,1.0129992222468363,6.746324190633256e-7,2.3373770197951393,0.09366568724977814
46.14999999999939,1.0129992313421854,6.080241371222926e-7,2.3373770647077894,0.09366569366289959
46.159999999999386,1.0129992403387127,5.416239315434559e-7,2.33737710634644,0.09366569941095447
46.16999999999938,1.0129992492343096,4.7546065316844927e-7,2.3373771446993046,0.09366570449616797
46.17999999999938,1.0129992580269143,4.0956300441110735e-7,2.3373771797560874,0.09366570892105301
46.18999999999938,1.0129992667145125,3.4395952688655836e-7,2.3373772115079765,0.0936657126884087
46.19999999999938,1.012999275295139,2.78678589161503e-7,2.3373772399476422,0.09366571580131873
46.209999999999376,1.0129992837668775,2.1374837497639054e-7,2.337377265069242,0.09366571826314957
46.219999999999374,1.0129992921278617,1.4919687118881568e-7,2.3373772868684144,0.09366572007754859
46.22999999999937,1.0129993003762758,8.505185645388661e-8,2.337377305342279,0.09366572124844198
46.23999999999937,1.0129993085103575,2.1340889676822322e-8,2.3373773204894475,0.09366572178003255
46.24999999999937,1.0129993165283941,-4.190870234378877e-8,2.3373773323099942,0.0936657216767977
46.259999999999366,1.0129993244287283,-1.0466983518706993e-7,2.337377340805478,0.09366572094348675
46.269999999999364,1.0129993322097552,-1.6691567855651526e-7,2.337377345978923,0.09366571958511867
46.27999999999936,1.0129993398699246,-2.28619667591901e-7,2.3373773478348214,0.09366571760697942
46.28999999999936,1.0129993474077414,-2.8975551312011996e-7,2.3373773463791236,0.09366571501461916
46.29999999999936,1.0129993548217664,-3.5029721290150373e-7,2.337377341619239,0.09366571181384964
46.309999999999356,1.0129993621106157,-4.1021906202687134e-7,2.337377333564024,0.09366570801074109
46.319999999999354,1.0129993692729626,-4.6949566348313643e-7,2.3373773222237717,0.09366570361161924
46.32999999999935,1.0129993763075376,-5.281019384205556e-7,2.337377307610214,0.09366569862306226
46.33999999999935,1.012999383213129,-5.86013136410201e-7,2.3373772897365104,0.09366569305189743
46.34999999999935,1.0129993899885832,-6.432048451574586e-7,2.3373772686172303,0.09366568690519785
46.359999999999346,1.0129993966328048,-6.996530003459357e-7,2.3373772442683602,0.09366568019027904
46.369999999999344,1.012999403144758,-7.553338957966404e-7,2.3373772167072775,0.09366567291469541
46.37999999999934,1.0129994095234667,-8.10224192752741e-7,2.337377185952756,0.0936656650862365
46.38999999999934,1.0129994157680136,-8.643009287834951e-7,2.337377152024934,0.09366565671292346
46.39999999999934,1.0129994218775422,-9.175415273759621e-7,2.3373771149453293,0.09366564780300511
46.409999999999336,1.0129994278512564,-9.699238070485186e-7,2.3373770747368043,0.09366563836495401
46.419999999999334,1.0129994336884203,-1.021425989661469e-6,2.337377031423565,0.09366562840746266
46.42999999999933,1.01299943938836,-1.0720267092352997e-6,2.33737698503115,0.09366561793943914
46.43999999999933,1.012999444950461,-1.121705020747922e-6,2.337376935586404,0.09366560697000322
46.44999999999933,1.0129994503741726,-1.1704404075592717e-6,2.3373768831174853,0.09366559550848187
46.459999999999326,1.012999455659004,-1.218212790735774e-6,2.3373768276538303,0.0936655835644051
46.469999999999324,1.012999460804526,-1.2650025359209172e-6,2.337376769226147,0.09366557114750156
46.47999999999932,1.0129994658103723,-1.3107904611472533e-6,2.337376707866403,0.09366555826769384
46.48999999999932,1.0129994706762375,-1.3555578447181177e-6,2.337376643607805,0.0936655449350942
46.49999999999932,1.012999475401879,-1.3992864322632454e-6,2.3373765764847843,0.09366553115999966
46.509999999999316,1.0129994799871156,-1.4419584434594604e-6,2.33737650653298,0.09366551695288752
46.519999999999314,1.0129994844318286,-1.4835565802091e-6,2.3373764337892218,0.09366550232441043
46.52999999999931,1.0129994887359606,-1.5240640323070292e-6,2.337376358291508,0.0936654872853916
46.53999999999931,1.0129994928995172,-1.563464483281112e-6,2.337376280078994,0.09366547184681989
46.54999999999931,1.0129994969225649,-1.601742118148135e-6,2.3373761991919704,0.09366545601984477
46.559999999999306,1.012999500805233,-1.6388816290716059e-6,2.3373761156718453,0.09366543981577137
46.569999999999304,1.0129995045477116,-1.674868220647636e-6,2.337376029561125,0.09366542324605533
46.5799999999993,1.0129995081502527,-1.70968761606526e-6,2.337375940903387,0.09366540632229768
46.5899999999993,1.0129995116131698,-1.743326062463501e-6,2.337375849743273,0.0936653890562396
46.5999999999993,1.0129995149368372,-1.7757703358820485e-6,2.337375756126455,0.09366537145975712
46.609999999999296,1.0129995181216904,-1.8070077467725239e-6,2.337375660099625,0.09366535354485585
46.619999999999294,1.0129995211682252,-1.8370261439988444e-6,2.337375561710465,0.09366533532366565
46.62999999999929,1.012999524076998,-1.8658139201396544e-6,2.3373754610076274,0.09366531680843514
46.63999999999929,1.0129995268486258,-1.8933600152315249e-6,2.3373753580407204,0.09366529801152623
46.64999999999929,1.0129995294837841,-1.9196539214640894e-6,2.3373752528602707,0.09366527894540881
46.659999999999286,1.0129995319832086,-1.944685686095729e-6,2.3373751455177154,0.09366525962265498
46.669999999999284,1.0129995343476939,-1.968445915912231e-6,2.3373750360653682,0.0936652400559336
46.67999999999928,1.012999536578093,-1.990925780143554e-6,2.337374924556399,0.09366522025800461
46.68999999999928,1.0129995386753174,-2.0121170138273246e-6,2.3373748110448145,0.09366520024171349
46.69999999999928,1.0129995406403356,-2.0320119203427652e-6,2.337374695585424,0.0936651800199855
46.709999999999276,1.012999542474174,-2.050603374670651e-6,2.337374578233825,0.09366515960582
46.719999999999274,1.012999544177915,-2.067884825266033e-6,2.3373744590463694,0.09366513901228476
46.72999999999927,1.0129995457526977,-2.0838502964167586e-6,2.337374338080146,0.0936651182525102
46.73999999999927,1.0129995471997169,-2.098494389730191e-6,2.337374215392946,0.0936650973396835
46.74999999999927,1.0129995485202217,-2.111812286924315e-6,2.3373740910432472,0.09366507628704311
46.759999999999266,1.0129995497155162,-2.123799749900906e-6,2.337373965090176,0.09366505510787264
46.769999999999264,1.0129995507869578,-2.134453122591709e-6,2.3373738375934914,0.09366503381549517
46.77999999999926,1.0129995517359571,-2.1437693311382272e-6,2.337373708613553,0.09366501242326748
46.78999999999926,1.0129995525639783,-2.151745885549588e-6,2.337373578211296,0.09366499094457413
46.79999999999926,1.0129995532725355,-2.1583808797309574e-6,2.337373446448199,0.09366496939282169
46.809999999999256,1.0129995538631948,-2.1636729907753106e-6,2.3373733133862618,0.09366494778143285
46.819999999999254,1.0129995543375727,-2.167621479629516e-6,2.337373179087974,0.09366492612384068
46.82999999999925,1.0129995546973345,-2.170226190093247e-6,2.337373043616289,0.09366490443348265
46.83999999999925,1.0129995549441957,-2.17148754845257e-6,2.337372907034601,0.09366488272379478
46.84999999999925,1.0129995550799182,-2.171406562976987e-6,2.3373727694067035,0.0936648610082062
46.859999999999246,1.012999555106312,-2.1699848216646836e-6,2.3373726307967666,0.09366483930013282
46.869999999999244,1.0129995550252333,-2.16722449138604e-6,2.3373724912693175,0.0936648176129718
46.87999999999924,1.0129995548385833,-2.163128316105253e-6,2.3373723508891944,0.09366479596009586
46.88999999999924,1.012999554548308,-2.1576996141031116e-6,2.3373722097215284,0.09366477435484734
46.89999999999924,1.0129995541563968,-2.1509422766169776e-6,2.3373720678317116,0.09366475281053248
46.909999999999236,1.0129995536648828,-2.1428607642833586e-6,2.337371925285371,0.09366473134041581
46.919999999999234,1.0129995530758404,-2.133460105335116e-6,2.337371782148331,0.0936647099577144
46.92999999999923,1.0129995523913844,-2.1227458918118376e-6,2.3373716384865912,0.09366468867559224
46.93999999999923,1.01299955161367,-2.110724276314869e-6,2.337371494366287,0.09366466750715464
46.94999999999923,1.0129995507448917,-2.0974019676396116e-6,2.3373713498536697,0.09366464646544245
46.959999999999226,1.012999549787281,-2.0827862277217258e-6,2.3373712050150743,0.0936646255634268
46.969999999999224,1.0129995487431072,-2.066884867201814e-6,2.3373710599168804,0.09366460481400339
46.97999999999922,1.0129995476146751,-2.0497062407816892e-6,2.3373709146254975,0.09366458422998708
46.98999999999922,1.0129995464043249,-2.031259241951331e-6,2.33737076920732,0.09366456382410651
46.99999999999922,1.01299954511443,-2.011553299110559e-6,2.3373706237287046,0.09366454360899876
47.009999999999216,1.0129995437473966,-1.9905983687658995e-6,2.3373704782559357,0.0936645235972039
47.019999999999214,1.0129995423056632,-1.9684049313003603e-6,2.3373703328552016,0.09366450380115982
47.02999999999921,1.0129995407916983,-1.94498398442802e-6,2.3373701875925588,0.09366448423319701
47.03999999999921,1.0129995392080005,-1.9203470369252675e-6,2.3373700425339012,0.09366446490553348
47.04999999999921,1.0129995375570962,-1.8945061029539337e-6,2.337369897744932,0.09366444583026962
47.05999999999921,1.0129995358415391,-1.8674736946344478e-6,2.3373697532911355,0.09366442701938307
47.069999999999204,1.0129995340639095,-1.8392628153739265e-6,2.337369609237741,0.09366440848472399
47.0799999999992,1.012999532226812,-1.8098869529793426e-6,2.3373694656496946,0.09366439023801008
47.0899999999992,1.012999530332876,-1.779360071972721e-6,2.3373693225916425,0.09366437229082172
47.0999999999992,1.0129995283847533,-1.7476966064625808e-6,2.3373691801278773,0.09366435465459734
47.1099999999992,1.0129995263851173,-1.7149114518293827e-6,2.337369038322329,0.09366433734062864
47.119999999999195,1.012999524336661,-1.6810199566399671e-6,2.337368897238521,0.09366432036005615
47.12999999999919,1.012999522242097,-1.646037914452101e-6,2.3373687569395485,0.09366430372386471
47.13999999999919,1.0129995201041568,-1.6099815545966573e-6,2.3373686174880497,0.09366428744287898
47.14999999999919,1.0129995179255875,-1.5728675338629545e-6,2.337368478946173,0.09366427152775919
47.15999999999919,1.012999515709152,-1.5347129275085682e-6,2.337368341375555,0.09366425598899697
47.169999999999185,1.0129995134576286,-1.4955352200130267e-6,2.3373682048372784,0.09366424083691102
47.17999999999918,1.0129995111738075,-1.455352295063251e-6,2.3373680693918577,0.09366422608164335
47.18999999999918,1.0129995088604924,-1.4141824259797323e-6,2.337367935099212,0.09366421173315498
47.19999999999918,1.0129995065204966,-1.372044266869733e-6,2.3373678020186204,0.09366419780122247
47.20999999999918,1.012999504156643,-1.3289568408651641e-6,2.3373676702087107,0.0936641842954339
47.219999999999175,1.012999501771764,-1.2849395309328893e-6,2.337367539727428,0.09366417122518533
47.22999999999917,1.0129994993686982,-1.2400120684803303e-6,2.3373674106320106,0.09366415859967718
47.23999999999917,1.0129994969502905,-1.1941945241789209e-6,2.3373672829789496,0.09366414642791096
47.24999999999917,1.012999494519391,-1.1475072953233804e-6,2.3373671568239858,0.0936641347186857
47.25999999999917,1.0129994920788523,-1.0999710959197411e-6,2.3373670322220628,0.09366412348059502
47.269999999999165,1.0129994896315309,-1.0516069451415565e-6,2.337366909227324,0.0936641127220237
47.27999999999916,1.0129994871802837,-1.0024361566260073e-6,2.3373667878930626,0.09366410245114493
47.28999999999916,1.012999484727967,-9.524803261005248e-7,2.337366668271713,0.09366409267591738
47.29999999999916,1.0129994822774369,-9.017613200536664e-7,2.337366550414824,0.09366408340408237
47.30999999999916,1.0129994798315465,-8.503012635666894e-7,2.3373664343730396,0.09366407464316122
47.319999999999155,1.0129994773931452,-7.981225293619822e-7,2.337366320196067,0.09366406640045274
47.32999999999915,1.0129994749650784,-7.452477248279915e-7,2.3373662079326585,0.09366405868303088
47.33999999999915,1.0129994725501845,-6.916996808181708e-7,2.3373660976305963,0.09366405149774239
47.34999999999915,1.0129994701512957,-6.375014385360128e-7,2.3373659893366585,0.09366404485120464
47.35999999999915,1.0129994677712355,-5.826762376012788e-7,2.3373658830966106,0.09366403874980354
47.369999999999145,1.0129994654128183,-5.272475037949366e-7,2.337365778955177,0.0936640331996917
47.37999999999914,1.0129994630788477,-4.712388364128696e-7,2.3373656769560283,0.0936640282067866
47.38999999999914,1.0129994607721156,-4.146739957047913e-7,2.3373655771417505,0.0936640237767689
47.39999999999914,1.0129994584954007,-3.575768898975342e-7,2.3373654795538426,0.0936640199150809
47.40999999999914,1.0129994562514686,-2.999715629903445e-7,2.33736538423269,0.09366401662692518
47.419999999999135,1.0129994540430696,-2.418821819351412e-7,2.3373652912175458,0.09366401391726319
47.42999999999913,1.0129994518729375,-1.8333302399138533e-7,2.337365200546523,0.09366401179081414
47.43999999999913,1.0129994497437895,-1.2434846397540683e-7,2.337365112256567,0.09366401025205404
47.44999999999913,1.012999447658324,-6.495296105216094e-8,2.3373650263834485,0.09366400930521467
47.45999999999913,1.01299944561922,-5.17104641909748e-9,2.337364942961748,0.09366400895428288
47.469999999999125,1.012999443629137,5.497269045148714e-8,2.3373648620248413,0.09366400920299983
47.47999999999912,1.012999441690712,1.1545361293641514e-7,2.33736478360489,0.09366401005486064
47.48999999999912,1.0129994398065605,1.7624705118703322e-7,2.3373647077328252,0.09366401151311379
47.49999999999912,1.012999437979274,2.3732831460301784e-7,2.337364634438332,0.09366401358076105
47.50999999999912,1.0129994362114203,2.986727047941233e-7,2.337364563749853,0.09366401626055715
47.519999999999115,1.0129994345055406,3.6025552723178755e-7,2.337364495694563,0.09366401955500989
47.52999999999911,1.0129994328641512,4.22052105377137e-7,2.337364430298368,0.09366402346638021
47.53999999999911,1.0129994312897403,4.840377919963633e-7,2.3373643675858964,0.09366402799668239
47.54999999999911,1.0129994297847682,5.461879816063355e-7,2.337364307580489,0.09366403314768439
47.55999999999911,1.0129994283516661,6.084781236790415e-7,2.3373642503041947,0.09366403892090851
47.569999999999105,1.0129994269928357,6.708837339717365e-7,2.3373641957777616,0.09366404531763171
47.5799999999991,1.0129994257106467,7.33380407122842e-7,2.337364144020636,0.09366405233888667
47.5899999999991,1.0129994245074383,7.959438287913405e-7,2.337364095050951,0.0936640599854623
47.5999999999991,1.0129994233855164,8.585497874332833e-7,2.3373640488855303,0.093664068257905
47.6099999999991,1.0129994223471541,9.211741862827611e-7,2.3373640055398814,0.0936640771565195
47.619999999999095,1.0129994213945905,9.83793054168877e-7,2.3373639650281954,0.09366408668137026
47.62999999999909,1.01299942053003,1.0463825582089252e-6,2.3373639273633455,0.09366409683228265
47.63999999999909,1.01299941975564,1.1089190137147039e-6,2.337363892556883,0.09366410760884453
47.64999999999909,1.0129994190735534,1.1713788967162786e-6,2.337363860619045,0.09366411901040764
47.65999999999909,1.0129994184858648,1.2337388542535397e-6,2.3373638315587444,0.09366413103608932
47.669999999999085,1.0129994179946313,1.2959757149819943e-6,2.337363805383584,0.09366414368477437
47.67999999999908,1.0129994176018724,1.3580665007111318e-6,2.3373637820998514,0.09366415695511668
47.68999999999908,1.0129994173095669,1.4199884359146986e-6,2.3373637617125276,0.0936641708455415
47.69999999999908,1.0129994171196555,1.481718958247059e-6,2.3373637442252853,0.09366418535424734
47.70999999999908,1.012999417034038,1.54323572877202e-6,2.3373637296405017,0.09366420047920815
47.719999999999075,1.012999417054573,1.6045166409975074e-6,2.337363717959259,0.09366421621817571
47.72999999999907,1.0129994171830785,1.665539831295389e-6,2.3373637091813504,0.09366423256868188
47.73999999999907,1.0129994174213293,1.7262836876055385e-6,2.3373637033052894,0.09366424952804124
47.74999999999907,1.0129994177710588,1.7867268591538145e-6,2.3373637003283214,0.09366426709335338
47.75999999999907,1.0129994182339572,1.8468482645468921e-6,2.337363700246431,0.09366428526150586
47.769999999999065,1.0129994188116707,1.9066271007866972e-6,2.3373637030543426,0.09366430402917678
47.77999999999906,1.0129994195058025,1.9660428514631373e-6,2.3373637087455483,0.09366432339283755
47.78999999999906,1.0129994203179102,2.0250752948737795e-6,2.3373637173122996,0.09366434334875606
47.79999999999906,1.0129994212495081,2.0837045121970816e-6,2.3373637287456366,0.09366436389299933
47.80999999999906,1.0129994223020642,2.1419108943554837e-6,2.3373637430353877,0.09366438502143681
47.819999999999055,1.0129994234770017,2.199675149767115e-6,2.337363760170193,0.09366440672974341
47.82999999999905,1.0129994247756975,2.256978310896943e-6,2.3373637801375096,0.09366442901340279
47.83999999999905,1.0129994261994826,2.3138017415126824e-6,2.337363802923629,0.09366445186771051
47.84999999999905,1.0129994277496421,2.3701271424580025e-6,2.3373638285137015,0.09366447528777748
47.85999999999905,1.012999429427414,2.425936558129804e-6,2.3373638568917356,0.0936644992685333
47.869999999999045,1.012999431233989,2.4812123821308038e-6,2.3373638880406236,0.09366452380472992
47.87999999999904,1.0129994331705106,2.5359373634634433e-6,2.33736392194216,0.09366454889094479
47.88999999999904,1.012999435238076,2.5900946107538857e-6,2.3373639585770625,0.09366457452158472
47.89999999999904,1.0129994374377338,2.643667597433205e-6,2.337363997924974,0.09366460069088947
47.90999999999904,1.0129994397704858,2.6966401669088405e-6,2.337364039964502,0.09366462739293524
47.919999999999035,1.012999442237285,2.748996536110256e-6,2.3373640846732187,0.09366465462163874
47.92999999999903,1.0129994448390371,2.8007213000094126e-6,2.337364132027701,0.09366468237076059
47.93999999999903,1.0129994475765995,2.851799435413804e-6,2.337364182003531,0.0936647106339093
47.94999999999903,1.012999450450782,2.9022163044709226e-6,2.337364234575333,0.09366473940454505
47.95999999999903,1.0129994534623459,2.9519576566737537e-6,2.337364289716781,0.09366476867598363
47.969999999999025,1.012999456612004,3.001009632947711e-6,2.3373643474006336,0.09366479844140023
47.97999999999902,1.0129994599004213,3.0493587673901735e-6,2.337364407598742,0.09366482869383343
47.98999999999902,1.0129994633282149,3.0969919901590466e-6,2.337364470282087,0.09366485942618913
47.99999999999902,1.0129994668959534,3.1438966284160098e-6,2.3373645354207935,0.09366489063124454
48.00999999999902,1.0129994706041574,3.1900604084128914e-6,2.337364602984147,0.0936649223016521
48.019999999999015,1.0129994744533,3.2354714571267978e-6,2.33736467294064,0.0936649544299435
48.02999999999901,1.0129994784438052,3.280118302410336e-6,2.337364745257963,0.09366498700853383
48.03999999999901,1.0129994825760502,3.3239898748279347e-6,2.337364819903059,0.0936650200297253
48.04999999999901,1.012999486850365,3.367075506847527e-6,2.337364896842133,0.09366505348571148
48.05999999999901,1.0129994912670306,3.4093649335408844e-6,2.3373649760406754,0.09366508736858135
48.069999999999006,1.0129994958262822,3.4508482926484515e-6,2.3373650574634928,0.09366512167032318
48.079999999999,1.0129995005283072,3.4915161230005168e-6,2.337365141074729,0.09366515638282871
48.089999999999,1.012999505373246,3.531359365795392e-6,2.337365226837892,0.09366519149789697
48.099999999999,1.012999510361192,3.5703693615575182e-6,2.3373653147158766,0.09366522700723848
48.109999999999,1.0129995154921931,3.6085378500045805e-6,2.3373654046709977,0.09366526290247916
48.119999999998996,1.0129995207662503,3.645856968462279e-6,2.3373654966650017,0.09366529917516424
48.129999999998994,1.0129995261833196,3.682319249223639e-6,2.3373655906591093,0.09366533581676234
48.13999999999899,1.0129995317433098,3.717917618098405e-6,2.3373656866140275,0.09366537281866943
48.14999999999899,1.0129995374460858,3.7526453922987364e-6,2.337365784489978,0.09366541017221265
48.15999999999899,1.0129995432914665,3.78649627788476e-6,2.3373658842467266,0.09366544786865429
48.169999999998986,1.0129995492792276,3.819464366599184e-6,2.337365985843611,0.09366548589919552
48.179999999998984,1.0129995554090987,3.851544132533737e-6,2.337366089239557,0.0936655242549805
48.18999999999898,1.0129995616807668,3.882730429997067e-6,2.3373661943931134,0.09366556292709988
48.19999999999898,1.0129995680938744,3.913018489013234e-6,2.3373663012624664,0.09366560190659493
48.20999999999898,1.0129995746480216,3.942403912374234e-6,2.3373664098054836,0.09366564118446086
48.219999999998976,1.012999581342766,3.97088267131136e-6,2.337366519979721,0.09366568075165091
48.229999999998974,1.0129995881776213,3.998451100975723e-6,2.337366631742453,0.09366572059907986
48.23999999999897,1.0129995951520614,4.0251058976349074e-6,2.3373667450507076,0.09366576071762749
48.24999999999897,1.0129996022655177,4.050844112496212e-6,2.337366859861274,0.09366580109814246
48.25999999999897,1.0129996095173797,4.075663147924918e-6,2.3373669761307405,0.09366584173144575
48.269999999998966,1.0129996169069984,4.09956075309104e-6,2.337367093815516,0.09366588260833396
48.279999999998964,1.012999624433683,4.122535017611326e-6,2.33736721287185,0.09366592371958299
48.28999999999896,1.012999632096704,4.1445843680094225e-6,2.3373673332558575,0.09366596505595125
48.29999999999896,1.0129996398952927,4.165707561515751e-6,2.3373674549235517,0.09366600660818312
48.30999999999896,1.0129996478286423,4.185903680378946e-6,2.337367577830854,0.09366604836701216
48.319999999998956,1.0129996558959065,4.205172126853354e-6,2.3373677019336174,0.0936660903231644
48.329999999998954,1.0129996640962025,4.2235126179945e-6,2.337367827187667,0.0936661324673615
48.33999999999895,1.0129996724286108,4.240925179118306e-6,2.3373679535488017,0.09366617479032367
48.34999999999895,1.0129996808921753,4.257410137506262e-6,2.337368080972828,0.09366621728277301
48.35999999999895,1.0129996894859032,4.272968117432294e-6,2.337368209415577,0.09366625993543642
48.369999999998946,1.0129996982087672,4.287600033474714e-6,2.3373683388329267,0.09366630273904843
48.379999999998944,1.0129997070597043,4.301307084720584e-6,2.3373684691808188,0.09366634568435417
48.38999999999894,1.0129997160376183,4.314090747958178e-6,2.3373686004152887,0.09366638876211213
48.39999999999894,1.0129997251413785,4.325952772115181e-6,2.337368732492476,0.093666431963097
48.40999999999894,1.0129997343698216,4.336895171277969e-6,2.3373688653686555,0.09366647527810217
48.419999999998936,1.0129997437217517,4.346920218085094e-6,2.337368999000239,0.09366651869794258
48.429999999998934,1.012999753195941,4.356030437771919e-6,2.33736913334381,0.09366656221345711
48.43999999999893,1.0129997627911296,4.364228601488467e-6,2.3373692683561322,0.09366660581551112
48.44999999999893,1.012999772506028,4.371517719603491e-6,2.3373694039941753,0.09366664949499894
48.45999999999893,1.0129997823393158,4.3779010350599976e-6,2.3373695402151236,0.09366669324284611
48.469999999998926,1.0129997922896428,4.383382017505803e-6,2.3373696769763956,0.09366673705001183
48.479999999998924,1.0129998023556304,4.387964355910302e-6,2.337369814235662,0.09366678090749096
48.48999999999892,1.0129998125358712,4.391651952386264e-6,2.3373699519508664,0.09366682480631647
48.49999999999892,1.0129998228289308,4.394448915492459e-6,2.3373700900802286,0.09366686873756125
48.50999999999892,1.0129998332333463,4.396359553452915e-6,2.337370228582268,0.09366691269234032
48.519999999998916,1.0129998437476293,4.3973883678722765e-6,2.3373703674158146,0.09366695666181286
48.529999999998914,1.0129998543702647,4.397540047399633e-6,2.3373705065400263,0.09366700063718388
48.53999999999891,1.012999865099713,4.396819460841935e-6,2.3373706459143957,0.09366704460970622
48.54999999999891,1.012999875934409,4.395231650822566e-6,2.3373707854987695,0.09366708857068232
48.55999999999891,1.0129998868727637,4.392781827508861e-6,2.337370925253354,0.09366713251146583
48.569999999998906,1.012999897913164,4.389475362254247e-6,2.33737106513873,0.09366717642346335
48.579999999998904,1.0129999090539752,4.385317781605081e-6,2.337371205115866,0.09366722029813597
48.5899999999989,1.0129999202935382,4.380314760876027e-6,2.337371345146124,0.09366726412700081
48.5999999999989,1.0129999316301743,4.37447211768412e-6,2.337371485191273,0.09366730790163245
48.6099999999989,1.0129999430621819,4.367795806710993e-6,2.3373716252134975,0.09366735161366428
48.619999999998896,1.0129999545878403,4.360291912701501e-6,2.337371765175406,0.09366739525478995
48.629999999998894,1.0129999662054077,4.351966645232374e-6,2.337371905040037,0.0936674388167646
48.63999999999889,1.0129999779131234,4.342826333039473e-6,2.3373720447708703,0.093667482291406
48.64999999999889,1.0129999897092072,4.3328774182044065e-6,2.337372184331831,0.0936675256705959
48.65999999999889,1.0130000015918619,4.322126450495384e-6,2.3373723236873016,0.09366756894628088
48.669999999998886,1.0130000135592723,4.3105800820782305e-6,2.337372462802125,0.09366761211047353
48.679999999998884,1.0130000256096052,4.298245061340594e-6,2.3373726016416025,0.09366765515525365
48.68999999999888,1.0130000377410122,4.285128229301732e-6,2.337372740171515,0.0936676980727687
48.69999999999888,1.0130000499516278,4.271236513128316e-6,2.3373728783581105,0.09366774085523522
48.70999999999888,1.013000062239572,4.2565769219137085e-6,2.3373730161681214,0.09366778349493936
48.719999999998876,1.0130000746029497,4.241156541623413e-6,2.3373731535687647,0.09366782598423766
48.729999999998874,1.0130000870398521,4.224982530078082e-6,2.3373732905277422,0.09366786831555804
48.73999999999887,1.0130000995483555,4.20806211267661e-6,2.3373734270132407,0.09366791048140022
48.74999999999887,1.0130001121265244,4.190402577995712e-6,2.337373562993943,0.09366795247433653
48.75999999999887,1.0130001247724096,4.172011273287429e-6,2.337373698439021,0.09366799428701256
48.769999999998866,1.0130001374840514,4.152895600918244e-6,2.3373738333181513,0.09366803591214744
48.779999999998864,1.0130001502594768,4.133063012879091e-6,2.3373739676014895,0.09366807734253482
48.78999999999886,1.0130001630967027,4.112521008572887e-6,2.337374101259697,0.09366811857104297
48.79999999999886,1.0130001759937362,4.0912771308415306e-6,2.3373742342639323,0.09366815959061542
48.80999999999886,1.0130001889485736,4.069338961201081e-6,2.3373743665858413,0.09366820039427128
48.819999999998856,1.0130002019592017,4.046714117454621e-6,2.337374498197572,0.09366824097510565
48.829999999998854,1.0130002150235988,4.0234102503329585e-6,2.3373746290717556,0.09366828132629017
48.83999999999885,1.013000228139735,3.999435040626127e-6,2.3373747591815253,0.09366832144107287
48.84999999999885,1.0130002413055719,3.974796195629387e-6,2.3373748885004955,0.09366836131277888
48.85999999999885,1.013000254519064,3.9495014469184366e-6,2.3373750170027736,0.09366840093481046
48.869999999998846,1.0130002677781587,3.923558547306698e-6,2.3373751446629445,0.09366844030064735
48.879999999998844,1.0130002810807979,3.896975268787048e-6,2.3373752714560854,0.09366847940384683
48.88999999999884,1.0130002944249161,3.869759399158541e-6,2.3373753973577407,0.09366851823804409
48.89999999999884,1.013000307808444,3.841918741124427e-6,2.3373755223439368,0.09366855679695217
48.90999999999884,1.0130003212293053,3.813461109944624e-6,2.337375646391162,0.0936685950743623
48.919999999998836,1.0130003346854208,3.784394331500393e-6,2.3373757694763793,0.09366863306414384
48.929999999998834,1.013000348174706,3.7547262403040998e-6,2.337375891577009,0.09366867076024454
48.93999999999883,1.013000361695074,3.7244646785970783e-6,2.3373760126709313,0.09366870815669041
48.94999999999883,1.0130003752444336,3.693617494019223e-6,2.3373761327364733,0.09366874524758605
48.95999999999883,1.0130003888206915,3.662192539317973e-6,2.337376251752413,0.09366878202711441
48.96999999999883,1.013000402421752,3.6301976705218945e-6,2.337376369697969,0.09366881848953709
48.979999999998824,1.0130004160455168,3.597640746423737e-6,2.337376486552795,0.09366885462919429
48.98999999999882,1.0130004296898876,3.5645296279304012e-6,2.337376602296975,0.09366889044050468
48.99999999999882,1.013000443352763,3.530872176594358e-6,2.3373767169110122,0.09366892591796572
49.00999999999882,1.013000457032043,3.4966762549962784e-6,2.3373768303758364,0.09366896105615331
49.01999999999882,1.0130004707256257,3.4619497257450854e-6,2.337376942672778,0.09366899584972212
49.029999999998815,1.0130004844314109,3.4267004518203935e-6,2.3373770537835825,0.09366903029340533
49.03999999999881,1.0130004981472975,3.390936295239757e-6,2.337377163690385,0.09366906438201486
49.04999999999881,1.0130005118711867,3.3546651186081368e-6,2.337377272375717,0.09366909811044115
49.05999999999881,1.01300052560098,3.317894784310946e-6,2.337377379822493,0.09366913147365336
49.06999999999881,1.0130005393345813,3.280633155045714e-6,2.3373774860140064,0.09366916446669918
49.079999999998805,1.0130005530698964,3.2428880936119697e-6,2.3373775909339187,0.09366919708470503
49.0899999999988,1.0130005668048336,3.20466746447775e-6,2.3373776945662583,0.09366922932287584
49.0999999999988,1.013000580537304,3.1659791335867807e-6,2.3373777968954053,0.09366926117649531
49.1099999999988,1.0130005942652218,3.1268309694650243e-6,2.337377897906099,0.09366929264092574
49.1199999999988,1.013000607986506,3.087230843345057e-6,2.3373779975834146,0.09366932371160816
49.129999999998795,1.0130006216990777,3.047186630463205e-6,2.3373780959127606,0.0936693543840623
49.13999999999879,1.0130006354008636,3.0067062116573396e-6,2.3373781928798785,0.09366938465388669
49.14999999999879,1.0130006490897943,2.965797473841704e-6,2.337378288470827,0.0936694145167588
49.15999999999879,1.0130006627638062,2.924468311417655e-6,2.3373783826719823,0.09366944396843481
49.16999999999879,1.013000676420841,2.8827266272133736e-6,2.337378475470034,0.09366947300474997
49.179999999998785,1.0130006900588455,2.8405803337131235e-6,2.3373785668519576,0.09366950162161866
49.18999999999878,1.0130007036757736,2.798037355317e-6,2.3373786568050345,0.09366952981503436
49.19999999999878,1.0130007172695843,2.7551056289530922e-6,2.3373787453168275,0.09366955758106994
49.20999999999878,1.0130007308382438,2.7117931060566824e-6,2.337378832375177,0.09366958491587765
49.21999999999878,1.0130007443797266,2.6681077544618946e-6,2.3373789179682065,0.0936696118156893
49.229999999998775,1.013000757892013,2.62405755891441e-6,2.3373790020842975,0.09366963827681656
49.23999999999877,1.0130007713730915,2.57965052421099e-6,2.3373790847120928,0.093669664295651
49.24999999999877,1.013000784820959,2.5348946761778954e-6,2.337379165840494,0.09366968986866432
49.25999999999877,1.0130007982336204,2.489798063872211e-6,2.3373792454586457,0.09366971499240864
49.26999999999877,1.0130008116090896,2.4443687610505225e-6,2.33737932355594,0.09366973966351665
49.279999999998765,1.0130008249453895,2.398614868083616e-6,2.337379400122004,0.0936697638787019
49.28999999999876,1.0130008382405522,2.3525445141215774e-6,2.3373794751466925,0.09366978763475914
49.29999999999876,1.0130008514926194,2.3061658587742348e-6,2.3373795486200892,0.09366981092856454
49.30999999999876,1.0130008646996433,2.259487094647172e-6,2.3373796205324986,0.09366983375707592
49.31999999999876,1.0130008778596857,2.212516447945686e-6,2.337379690874437,0.09366985611733343
49.329999999998755,1.0130008909708195,2.1652621821617533e-6,2.3373797596366335,0.09366987800645944
49.33999999999875,1.0130009040311274,2.1177325990726e-6,2.3373798268100154,0.09366989942165935
49.34999999999875,1.0130009170387053,2.069936041159533e-6,2.3373798923857256,0.09366992036022152
49.35999999999875,1.013000929991659,2.021880892462398e-6,2.3373799563550905,0.0936699408195182
49.36999999999875,1.0130009428881068,1.9735755822492392e-6,2.3373800187096356,0.09366996079700551
49.379999999998745,1.0130009557261794,1.9250285856976333e-6,2.3373800794410764,0.09366998029022418
49.38999999999874,1.013000968504019,1.8762484260121116e-6,2.3373801385413073,0.09366999929679999
49.39999999999874,1.013000981219782,1.8272436766833463e-6,2.3373801960024116,0.09367001781444406
49.40999999999874,1.013000993871636,1.7780229633897994e-6,2.337380251816646,0.09367003584095362
49.41999999999874,1.013001006457764,1.7285949655145987e-6,2.337380305976448,0.0936700533742124
49.429999999998735,1.0130010189763607,1.6789684180744274e-6,2.3373803584744253,0.09367007041219114
49.43999999999873,1.013001031425637,1.629152113543973e-6,2.3373804093033583,0.09367008695294823
49.44999999999873,1.0130010438038162,1.579154903028777e-6,2.337380458456195,0.09367010299463037
49.45999999999873,1.0130010561091367,1.5289856990047766e-6,2.3373805059260517,0.09367011853547297
49.46999999999873,1.0130010683398525,1.4786534761916947e-6,2.337380551706207,0.09367013357380094
49.479999999998725,1.0130010804942318,1.4281672730210821e-6,2.3373805957901093,0.09367014810802922
49.48999999999872,1.0130010925705595,1.377536193576341e-6,2.337380638171366,0.09367016213666345
49.49999999999872,1.0130011045671345,1.3267694086543928e-6,2.337380678843742,0.0936701756583007
49.50999999999872,1.0130011164822739,1.2758761573179505e-6,2.3373807178011723,0.09367018867163006
49.51999999999872,1.0130011283143097,1.2248657485028114e-6,2.337380755037751,0.09367020117543333
49.529999999998715,1.0130011400615913,1.1737475614817188e-6,2.3373807905477286,0.09367021316858576
49.53999999999871,1.0130011517224855,1.1225310473657121e-6,2.3373808243255247,0.09367022465005673
49.54999999999871,1.0130011632953755,1.0712257297588283e-6,2.3373808563657144,0.09367023561891065
49.55999999999871,1.013001174778663,1.0198412068904734e-6,2.337380886663037,0.09367024607430731
49.56999999999871,1.013001186170767,9.683871508509847e-7,2.3373809152123943,0.093670256015503
49.579999999998705,1.0130011974701252,9.168733100279964e-7,2.3373809420088545,0.09367026544185102
49.5899999999987,1.0130012086751938,8.653095083755114e-7,2.3373809670476513,0.09367027435280265
49.5999999999987,1.0130012197844482,8.137056469940942e-7,2.3373809903241876,0.09367028274790769
49.6099999999987,1.0130012307963823,7.620717037549043e-7,2.337381011834033,0.09367029062681531
49.6199999999987,1.01300124170951,7.104177342457781e-7,2.3373810315729324,0.09367029798927498
49.629999999998695,1.0130012525223653,6.587538718567733e-7,2.3373810495368033,0.09367030483513701
49.63999999999869,1.0130012632335015,6.070903282220583e-7,2.3373810657217393,0.09367031116435348
49.64999999999869,1.0130012738414926,5.554373927809207e-7,2.337381080124013,0.09367031697697895
49.65999999999869,1.0130012843449343,5.038054335420479e-7,2.337381092740086,0.09367032227317126
49.66999999999869,1.0130012947424425,4.5220489526020435e-7,2.337381103566602,0.09367032705319231
49.679999999998685,1.013001305032654,4.006463013508168e-7,2.3373811126003896,0.09367033131740893
49.68999999999868,1.0130013152142288,3.491402520746508e-7,2.337381119838479,0.09367033506629348
49.69999999999868,1.0130013252858472,2.976974243594063e-7,2.3373811252780903,0.09367033830042472
49.70999999999868,1.0130013352462126,2.463285712128367e-7,2.3373811289166504,0.09367034102048856
49.71999999999868,1.0130013450940516,1.950445214059968e-7,2.3373811307517913,0.09367034322727885
49.729999999998675,1.013001354828113,1.4385617762209524e-7,2.3373811307813526,0.09367034492169807
49.73999999999867,1.0130013644471694,9.277451599656698e-8,2.3373811290033912,0.09367034610475805
49.74999999999867,1.0130013739500159,4.18105852257499e-8,2.337381125416181,0.09367034677758083
49.75999999999867,1.013001383335473,-9.024495011309745e-9,2.3373811200182226,0.09367034694139925
49.76999999999867,1.0130013926023838,-5.971953489231226e-8,2.3373811128082416,0.09367034659755773
49.779999999998665,1.0130014017496174,-1.1026327660585966e-7,2.3373811037852077,0.09367034574751286
49.78999999999866,1.0130014107760665,-1.60644395724634e-7,2.3373810929483185,0.09367034439283424
49.79999999999866,1.0130014196806496,-2.10851502369302e-7,2.337381080297026,0.09367034253520498
49.80999999999866,1.0130014284623103,-2.608731438591349e-7,2.3373810658310274,0.09367034017642241
49.81999999999866,1.0130014371200182,-3.106978056694725e-7,2.337381049550284,0.0936703373183987
49.829999999998655,1.0130014456527687,-3.6031391465761487e-7,2.337381031455009,0.09367033396316146
49.83999999999865,1.0130014540595833,-4.097098403435672e-7,2.337381011545693,0.09367033011285435
49.84999999999865,1.0130014623395107,-4.588738975134693e-7,2.3373809898230964,0.09367032576973754
49.85999999999865,1.0130014704916264,-5.077943487683871e-7,2.3373809662882605,0.09367032093618839
49.86999999999865,1.0130014785150327,-5.56459406849881e-7,2.3373809409425155,0.09367031561470188
49.879999999998645,1.01300148640886,-6.048572377489725e-7,2.3373809137874777,0.09367030980789103
49.88999999999864,1.0130014941722663,-6.529759626376479e-7,2.33738088482507,0.09367030351848746
49.89999999999864,1.0130015018044374,-7.008036614767808e-7,2.337380854057513,0.09367029674934182
49.90999999999864,1.0130015093045879,-7.483283753798605e-7,2.337380821487341,0.09367028950342417
49.91999999999864,1.013001516671961,-7.95538110100422e-7,2.337380787117405,0.09367028178382424
49.929999999998635,1.013001523905829,-8.424208391462584e-7,2.3373807509508775,0.09367027359375196
49.93999999999863,1.013001531005493,-8.889645069228429e-7,2.3373807129912656,0.09367026493653766
49.94999999999863,1.0130015379702841,-9.351570324171419e-7,2.337380673242404,0.09367025581563232
49.95999999999863,1.0130015447995633,-9.809863122533254e-7,2.3373806317084784,0.09367024623460783
49.96999999999863,1.0130015514927213,-1.0264402247828578e-6,2.337380588394014,0.09367023619715731
49.979999999998626,1.0130015580491794,-1.0715066331674932e-6,2.3373805433038934,0.09367022570709503
49.98999999999862,1.01300156446839,-1.1161733898297034e-6,2.3373804964433633,0.09367021476835678
49.99999999999862,1.013001570749835,-1.1604283397715133e-6,2.337380447818026,0.09367020338499989
50.00999999999862,1.013001576893029,-1.2042593244769978e-6,2.337380397433864,0.09367019156120315
50.01999999999862,1.013001582897516,-1.2476541860962382e-6,2.33738034529723,0.09367017930126714
50.029999999998616,1.0130015887628745,-1.2906007711456222e-6,2.3373802914148682,0.09367016660961375
50.039999999998614,1.013001594488713,-1.3330869356358678e-6,2.3373802357939093,0.09367015349078646
50.04999999999861,1.0130016000746724,-1.375100548584807e-6,2.3373801784418724,0.09367013994945016
50.05999999999861,1.0130016055204256,-1.4166294963448404e-6,2.33738011936668,0.09367012599039103
50.06999999999861,1.0130016108256792,-1.4576616870385168e-6,2.3373800585766626,0.0936701116185161
50.079999999998606,1.0130016159901716,-1.4981850551700016e-6,2.3373799960805517,0.09367009683885336
50.089999999998604,1.013001621013675,-1.5381875653145008e-6,2.3373799318875044,0.09367008165655118
50.0999999999986,1.0130016258959944,-1.57765721813601e-6,2.3373798660070877,0.09367006607687821
50.1099999999986,1.0130016306369678,-1.6165820537380293e-6,2.337379798449296,0.09367005010522289
50.1199999999986,1.0130016352364677,-1.6549501562909243e-6,2.3373797292245526,0.09367003374709297
50.129999999998596,1.0130016396944006,-1.6927496590538524e-6,2.337379658343719,0.0936700170081151
50.139999999998594,1.013001644010706,-1.7299687499969965e-6,2.3373795858180824,0.0936699998940345
50.14999999999859,1.0130016481853585,-1.7665956745350715e-6,2.337379511659378,0.09366998241071404
50.15999999999859,1.0130016522183671,-1.8026187421466529e-6,2.33737943587979,0.09366996456413389
50.16999999999859,1.0130016561097752,-1.8380263306117306e-6,2.3373793584919382,0.09366994636039079
50.179999999998586,1.0130016598596603,-1.8728068902239454e-6,2.3373792795089017,0.09366992780569738
50.189999999998584,1.013001663468136,-1.9069489492298544e-6,2.3373791989442174,0.09366990890638134
50.19999999999858,1.01300166693535,-1.9404411187460564e-6,2.3373791168118716,0.09366988966888469
50.20999999999858,1.013001670261486,-1.973272097751022e-6,2.3373790331263136,0.09366987009976287
50.21999999999858,1.0130016734467615,-2.0054306770203242e-6,2.337378947902453,0.09366985020568402
50.229999999998576,1.0130016764914307,-2.0369057448198208e-6,2.3373788611556665,0.09366982999342773
50.239999999998574,1.013001679395784,-2.0676862917505572e-6,2.3373787729017983,0.0936698094698842
50.24999999999857,1.0130016821601455,-2.0977614156838266e-6,2.3373786831571572,0.09366978864205328
50.25999999999857,1.0130016847848768,-2.127120326373676e-6,2.3373785919385237,0.09366976751704324
50.26999999999857,1.0130016872703744,-2.1557523506871355e-6,2.3373784992631457,0.09366974610206968
50.279999999998566,1.0130016896170708,-2.1836469370394396e-6,2.337378405148746,0.09366972440445437
50.289999999998564,1.0130016918254352,-2.210793660287383e-6,2.337378309613516,0.09366970243162387
50.29999999999856,1.013001693895972,-2.2371822267944513e-6,2.3373782126761253,0.09366968019110837
50.30999999999856,1.0130016958292223,-2.262802479287231e-6,2.337378114355706,0.09366965769054038
50.31999999999856,1.013001697625763,-2.2876444012937836e-6,2.337378014671871,0.0936696349376532
50.329999999998556,1.0130016992862074,-2.3116981218390053e-6,2.3373779136447017,0.09366961194027967
50.339999999998554,1.0130017008112053,-2.3349539205174836e-6,2.337377811294751,0.09366958870635049
50.34999999999855,1.0130017022014421,-2.35740223148003e-6,2.337377707643042,0.09366956524389289
50.35999999999855,1.0130017034576402,-2.379033648790324e-6,2.3373776027110633,0.09366954156102886
50.36999999999855,1.013001704580558,-2.399838930383886e-6,2.3373774965207774,0.0936695176659737
50.379999999998546,1.0130017055709892,-2.419809003268327e-6,2.3373773890946032,0.09366949356703433
50.389999999998544,1.013001706429766,-2.4389349667355503e-6,2.3373772804554336,0.09366946927260736
50.39999999999854,1.0130017071577546,-2.45720809863738e-6,2.3373771706266093,0.09366944479117774
50.40999999999854,1.0130017077558584,-2.4746198576446487e-6,2.337377059631937,0.09366942013131661
50.41999999999854,1.0130017082250165,-2.491161888792507e-6,2.337376947495677,0.09366939530167967
50.429999999998536,1.0130017085662044,-2.506826027262816e-6,2.3373768342425403,0.09366937031100514
50.439999999998534,1.0130017087804333,-2.5216043026362546e-6,2.3373767198976845,0.09366934516811201
50.44999999999853,1.0130017088687506,-2.535488942592046e-6,2.3373766044867144,0.09366931988189788
50.45999999999853,1.0130017088322392,-2.548472377608795e-6,2.3373764880356718,0.09366929446133718
50.46999999999853,1.0130017086720178,-2.560547244249065e-6,2.337376370571035,0.09366926891547891
50.479999999998526,1.0130017083892406,-2.571706388796279e-6,2.3373762521197134,0.09366924325344475
50.489999999998524,1.0130017079850977,-2.581942871564433e-6,2.337376132709043,0.09366921748442675
50.49999999999852,1.0130017074608144,-2.5912499703737013e-6,2.337376012366782,0.09366919161768529
50.50999999999852,1.0130017068176511,-2.59962118430687e-6,2.337375891121101,0.09366916566254695
50.51999999999852,1.0130017060569025,-2.6070502367954752e-6,2.3373757690005768,0.09366913962840213
50.529999999998516,1.0130017051798994,-2.613531078751576e-6,2.337375646034195,0.09366911352470293
50.539999999998514,1.0130017041880062,-2.6190578924363183e-6,2.3373755222513375,0.09366908736096068
50.54999999999851,1.0130017030826226,-2.623625094272419e-6,2.3373753976817726,0.09366906114674382
50.55999999999851,1.013001701865182,-2.627227337873266e-6,2.3373752723556556,0.0936690348916754
50.56999999999851,1.0130017005371528,-2.629859517410095e-6,2.3373751463035193,0.0936690086054307
50.579999999998506,1.0130016991000361,-2.6315167701494795e-6,2.3373750195562635,0.09366898229773489
50.589999999998504,1.0130016975553675,-2.632194479707916e-6,2.33737489214515,0.09366895597836052
50.5999999999985,1.0130016959047161,-2.6318882779537094e-6,2.337374764101799,0.09366892965712506
50.6099999999985,1.0130016941496833,-2.6305940483012768e-6,2.33737463545817,0.09366890334388839
50.6199999999985,1.0130016922919038,-2.628307927793055e-6,2.337374506246564,0.0936688770485504
50.629999999998496,1.0130016903330454,-2.625026309113066e-6,2.337374376499609,0.09366885078104821
50.639999999998494,1.0130016882748074,-2.6207458435727274e-6,2.3373742462502576,0.09366882455135375
50.64999999999849,1.0130016861189217,-2.615463442671373e-6,2.337374115531769,0.09366879836947119
50.65999999999849,1.0130016838671518,-2.609176280316582e-6,2.3373739843777095,0.09366877224543418
50.66999999999849,1.0130016815212926,-2.6018817945257324e-6,2.337373852821936,0.09366874618930342
50.679999999998486,1.0130016790831704,-2.5935776896177766e-6,2.337373720898596,0.09366872021116375
50.689999999998484,1.0130016765546415,-2.584261937995544e-6,2.3373735886420985,0.09366869432112178
50.69999999999848,1.013001673937593,-2.5739327806577265e-6,2.337373456087125,0.09366866852930301
50.70999999999848,1.0130016712339425,-2.5625887293276636e-6,2.3373733232686154,0.09366864284584919
50.71999999999848,1.0130016684456364,-2.5502285681238066e-6,2.3373731902217454,0.09366861728091552
50.729999999998476,1.013001665574651,-2.5368513540932026e-6,2.337373056981929,0.09366859184466807
50.739999999998474,1.0130016626229923,-2.522456418595449e-6,2.337372923584807,0.09366856654728085
50.74999999999847,1.0130016595926927,-2.507043369064745e-6,2.3373727900662233,0.09366854139893342
50.75999999999847,1.013001656485815,-2.4906120880671483e-6,2.3373726564622372,0.09366851640980761
50.76999999999847,1.0130016533044481,-2.4731627357802447e-6,2.3373725228090856,0.09366849159008525
50.779999999998466,1.013001650050709,-2.454695749385018e-6,2.3373723891431957,0.09366846694994507
50.789999999998464,1.0130016467267413,-2.4352118442537475e-6,2.337372255501159,0.09366844249956006
50.79999999999846,1.0130016433347149,-2.4147120145276766e-6,2.3373721219197257,0.09366841824909468
50.80999999999846,1.0130016398768262,-2.3931975325915968e-6,2.3373719884357937,0.093668394208702
50.81999999999846,1.0130016363552965,-2.370669950459914e-6,2.3373718550863956,0.09366837038852106
50.829999999998456,1.013001632772372,-2.347131098369949e-6,2.3373717219086836,0.09366834679867392
50.839999999998454,1.0130016291303248,-2.3225830860205446e-6,2.33737158893993,0.09366832344926299
50.84999999999845,1.0130016254314487,-2.297028301486196e-6,2.337371456217495,0.09366830035036816
50.85999999999845,1.0130016216780633,-2.270469411403337e-6,2.3373713237788407,0.09366827751204401
50.86999999999845,1.0130016178725103,-2.2429093606527518e-6,2.3373711916614974,0.09366825494431716
50.87999999999845,1.0130016140171536,-2.2143513715583372e-6,2.3373710599030595,0.09366823265718333
50.889999999998444,1.0130016101143804,-2.1847989434202443e-6,2.337370928541179,0.09366821066060456
50.89999999999844,1.0130016061665976,-2.1542558521722003e-6,2.3373707976135445,0.09366818896450668
50.90999999999844,1.0130016021762351,-2.122726148837006e-6,2.337370667157878,0.09366816757877623
50.91999999999844,1.0130015981457414,-2.0902141595859945e-6,2.3373705372119096,0.09366814651325797
50.92999999999844,1.013001594077586,-2.056724483250468e-6,2.337370407813384,0.09366812577775202
50.939999999998435,1.013001589974257,-2.0222619917172967e-6,2.337370279000028,0.09366810538201109
50.94999999999843,1.0130015858382624,-1.986831827883821e-6,2.337370150809562,0.0936680853357378
50.95999999999843,1.0130015816721267,-1.9504394050630863e-6,2.337370023279658,0.09366806564858213
50.96999999999843,1.0130015774783936,-1.913090403918432e-6,2.3373698964479597,0.09366804633013838
50.97999999999843,1.0130015732596231,-1.87479077324774e-6,2.3373697703520495,0.0936680273899429
50.989999999998425,1.0130015690183918,-1.8355467271854763e-6,2.3373696450294377,0.09366800883747106
50.99999999999842,1.013001564757292,-1.7953647432995844e-6,2.33736952051756,0.09366799068213488
51.00999999999842,1.0130015604789313,-1.754251561117804e-6,2.3373693968537586,0.09366797293328025
51.01999999999842,1.013001556185932,-1.71221418025436e-6,2.337369274075271,0.09366795560018439
51.02999999999842,1.0130015518809306,-1.6692598584079039e-6,2.337369152219221,0.09366793869205317
51.039999999998415,1.0130015475665763,-1.6253961097584317e-6,2.3373690313226017,0.09366792221801867
51.04999999999841,1.013001543245532,-1.580630702366983e-6,2.337368911422269,0.09366790618713652
51.05999999999841,1.013001538920472,-1.5349716555221906e-6,2.3373687925549285,0.09366789060838344
51.06999999999841,1.0130015345940826,-1.4884272385482744e-6,2.3373686747571223,0.09366787549065472
51.07999999999841,1.0130015302690611,-1.4410059676497727e-6,2.3373685580652173,0.09366786084276162
51.089999999998405,1.0130015259481142,-1.3927166040159385e-6,2.337368442515397,0.09366784667342906
51.0999999999984,1.0130015216339592,-1.343568150919104e-6,2.3373683281436413,0.09366783299129319
51.1099999999984,1.0130015173293216,-1.2935698512564612e-6,2.3373682149857324,0.0936678198048989
51.1199999999984,1.0130015130369356,-1.2427311851665776e-6,2.337368103077223,0.09366780712269746
51.1299999999984,1.0130015087595434,-1.1910618665897252e-6,2.337367992453441,0.09366779495304406
51.139999999998395,1.0130015044998928,-1.1385718416401958e-6,2.337367883149467,0.09366778330419583
51.14999999999839,1.0130015002607395,-1.0852712843739998e-6,2.3373677752001356,0.09366777218430905
51.15999999999839,1.0130014960448441,-1.0311705954474036e-6,2.337367668640011,0.09366776160143724
51.16999999999839,1.0130014918549721,-9.762803980215031e-7,2.3373675635033897,0.09366775156352881
51.17999999999839,1.0130014876938933,-9.206115353756811e-7,2.337367459824276,0.09366774207842485
51.189999999998385,1.0130014835643812,-8.641750668627395e-7,2.3373673576363863,0.09366773315385685
51.19999999999838,1.013001479469213,-8.069822659882004e-7,2.3373672569731276,0.09366772479744466
51.20999999999838,1.013001475411167,-7.490446169803921e-7,2.337367157867592,0.09366771701669434
51.21999999999838,1.013001471393023,-6.903738109185325e-7,2.337367060352542,0.09366770981899615
51.22999999999838,1.0130014674175634,-6.309817429370726e-7,2.3373669644604145,0.09366770321162236
51.239999999998375,1.013001463487569,-5.708805091144374e-7,2.3373668702232915,0.09366769720172523
51.24999999999837,1.0130014596058212,-5.100824027283408e-7,2.337366777672904,0.09366769179633512
51.25999999999837,1.0130014557751,-4.4859991093805137e-7,2.337366686840619,0.09366768700235847
51.26999999999837,1.013001451998183,-3.864457115038715e-7,2.3373665977574287,0.09366768282657593
51.27999999999837,1.0130014482778462,-3.23632669439897e-7,2.3373665104539447,0.09366767927564042
51.289999999998365,1.013001444616862,-2.601738332781088e-7,2.3373664249603854,0.0936676763560752
51.29999999999836,1.0130014410179988,-1.960824314991314e-7,2.3373663413065673,0.09366767407427228
51.30999999999836,1.0130014374840204,-1.3137186905526956e-7,2.337366259521901,0.09366767243649046
51.31999999999836,1.0130014340176858,-6.605572343226358e-8,2.3373661796353793,0.09366767144885356
51.32999999999836,1.0130014306217472,-1.477419823933273e-10,2.3373661016755682,0.0936676711173488
51.339999999998355,1.0130014272989512,6.633816282904983e-8,2.3373660256705993,0.09366767144782516
51.34999999999835,1.0130014240520362,1.3338791638756084e-7,2.337365951648163,0.09366767244599163
51.35999999999835,1.0130014208837337,2.0098728583425477e-7,2.3373658796355046,0.09366767411741557
51.36999999999835,1.013001417796765,2.6912188356671477e-7,2.3373658096594028,0.0936676764675214
51.37999999999835,1.0130014147938429,3.377771717535295e-7,2.337365741746181,0.09366767950158886
51.389999999998345,1.0130014118776705,4.069384650345413e-7,2.3373656759216863,0.09366768322475152
51.39999999999834,1.0130014090509394,4.765909352608983e-7,2.3373656122112876,0.0936676876419954
51.40999999999834,1.0130014063163302,5.467196142922408e-7,2.337365550639868,0.09366769275815762
51.41999999999834,1.0130014036765116,6.173093989563457e-7,2.3373654912318216,0.09366769857792472
51.42999999999834,1.0130014011341395,6.883450531171573e-7,2.33736543401104,0.09366770510583178
51.439999999998335,1.0130013986918556,7.598112132183098e-7,2.337365379000908,0.09366771234626078
51.44999999999833,1.0130013963522884,8.316923918797019e-7,2.337365326224304,0.09366772030343945
51.45999999999833,1.0130013941180513,9.03972981074543e-7,2.337365275703586,0.09366772898144002
51.46999999999833,1.0130013919917427,9.766372559222533e-7,2.3373652274605927,0.09366773838417804
51.47999999999833,1.013001389975944,1.0496693787754182e-6,2.3373651815166276,0.09366774851541133
51.489999999998325,1.0130013880732214,1.123053403698074e-6,2.3373651378924674,0.09366775937873864
51.49999999999832,1.013001386286122,1.19677327894891e-6,2.3373650966083463,0.09366777097759893
51.50999999999832,1.0130013846171757,1.2708128520368267e-6,2.3373650576839524,0.09366778331526991
51.51999999999832,1.0130013830688942,1.3451558732852843e-6,2.3373650211384276,0.09366779639486747
51.52999999999832,1.0130013816437689,1.4197859993428085e-6,2.337364986990359,0.09366781021934442
51.539999999998315,1.013001380344272,1.4946867969731824e-6,2.3373649552577773,0.09366782479148972
51.54999999999831,1.0130013791728545,1.5698417473628866e-6,2.3373649259581466,0.09366784011392758
51.55999999999831,1.013001378131947,1.6452342501175331e-6,2.337364899108369,0.09366785618911655
51.56999999999831,1.0130013772239579,1.7208476258839453e-6,2.3373648747247744,0.09366787301934879
51.57999999999831,1.0130013764512724,1.7966651214236815e-6,2.3373648528231143,0.09366789060674943
51.589999999998305,1.0130013758162537,1.8726699130596696e-6,2.3373648334185644,0.09366790895327555
51.5999999999983,1.0130013753212412,1.9488451106901737e-6,2.3373648165257253,0.0936679280607157
51.6099999999983,1.0130013749685491,2.0251737605729985e-6,2.337364802158603,0.09366794793068924
51.6199999999983,1.0130013747604676,2.1016388506219607e-6,2.337364790330619,0.09366796856464567
51.6299999999983,1.013001374699261,2.1782233133087333e-6,2.3373647810546068,0.09366798996386415
51.639999999998295,1.0130013747871676,2.2549100297018338e-6,2.337364774342802,0.09366801212945279
51.64999999999829,1.0130013750263993,2.331681832995353e-6,2.337364770206848,0.09366803506234836
51.65999999999829,1.0130013754191407,2.4085215121705463e-6,2.337364768657789,0.0936680587633157
51.66999999999829,1.0130013759675485,2.4854118160045384e-6,2.337364769706065,0.09366808323294737
51.67999999999829,1.0130013766737507,2.5623354571015285e-6,2.3373647733615153,0.09366810847166318
51.689999999998285,1.0130013775398465,2.639275115032521e-6,2.3373647796333743,0.09366813447970992
51.69999999999828,1.0130013785679066,2.7162134402207986e-6,2.337364788530269,0.09366816125716101
51.70999999999828,1.0130013797599702,2.793133057814189e-6,2.337364800060218,0.09366818880391632
51.71999999999828,1.0130013811180467,2.870016570995127e-6,2.33736481423063,0.09366821711970177
51.72999999999828,1.0130013826441138,2.946846565397559e-6,2.337364831048301,0.09366824620406936
51.739999999998275,1.0130013843401189,3.023605612172657e-6,2.3373648505194184,0.09366827605639663
51.74999999999827,1.0130013862079756,3.100276271406949e-6,2.33736487264955,0.09366830667588696
51.75999999999827,1.0130013882495659,3.1768410961234985e-6,2.3373648974436536,0.09366833806156928
51.76999999999827,1.013001390466738,3.2532826361612937e-6,2.337364924906071,0.09366837021229797
51.77999999999827,1.0130013928613073,3.3295834409534147e-6,2.337364955040529,0.0936684031267529
51.789999999998265,1.0130013954350539,3.4057260638855777e-6,2.3373649878501324,0.09366843680343948
51.79999999999826,1.013001398189724,3.4816930654066607e-6,2.3373650233373753,0.09366847124068872
51.80999999999826,1.0130014011270276,3.5574670171907242e-6,2.3373650615041313,0.09366850643665725
51.81999999999826,1.0130014042486404,3.633030505009119e-6,2.3373651023516544,0.0936685423893275
51.82999999999826,1.0130014075562013,3.7083661328410727e-6,2.3373651458805877,0.09366857909650783
51.839999999998255,1.0130014110513128,3.7834565257696802e-6,2.337365192090951,0.09366861655583271
51.84999999999825,1.0130014147355406,3.858284333872642e-6,2.337365240982152,0.09366865476476303
51.85999999999825,1.0130014186104124,3.932832235565813e-6,2.3373652925529775,0.09366869372058631
51.86999999999825,1.013001422677418,4.007082941479134e-6,2.337365346801596,0.09366873342041708
51.87999999999825,1.0130014269380097,4.081019197724733e-6,2.3373654037255687,0.093668773861197
51.889999999998246,1.0130014313936009,4.154623788909768e-6,2.337365463321838,0.09366881503969547
51.89999999999824,1.0130014360455648,4.227879541852974e-6,2.3373655255867263,0.09366885695250998
51.90999999999824,1.0130014408952361,4.300769329828752e-6,2.3373655905159487,0.09366889959606642
51.91999999999824,1.0130014459439096,4.373276074373348e-6,2.3373656581046074,0.09366894296661976
51.92999999999824,1.0130014511928391,4.445382750347425e-6,2.337365728347194,0.09366898706025435
51.939999999998236,1.0130014566432377,4.517072388478619e-6,2.3373658012375813,0.09366903187288467
51.949999999998234,1.013001462296279,4.588328078696732e-6,2.3373658767690495,0.09366907740025564
51.95999999999823,1.0130014681530932,4.659132973515572e-6,2.337365954934258,0.09366912363794354
51.96999999999823,1.013001474214769,4.729470291856094e-6,2.3373660357252617,0.0936691705813565
51.97999999999823,1.013001480482354,4.799323322664806e-6,2.3373661191335113,0.0936692182257351
51.989999999998226,1.0130014869568527,4.868675427507082e-6,2.3373662051498623,0.0936692665661532
51.999999999998224,1.0130014936392266,4.937510044134279e-6,2.3373662937645587,0.09366931559751868
52.00999999999822,1.0130015005303945,5.005810690341099e-6,2.337366384967251,0.0936693653145742
52.01999999999822,1.013001507631232,5.073560966633542e-6,2.3373664787469886,0.09366941571189792
52.02999999999822,1.0130015149425704,5.140744560086264e-6,2.337366575092229,0.09366946678390456
52.039999999998216,1.013001522465197,5.207345247285653e-6,2.337366673990832,0.09366951852484606
52.049999999998214,1.0130015301998547,5.273346898019738e-6,2.337366775430068,0.09366957092881271
52.05999999999821,1.0130015381472428,5.338733478954332e-6,2.337366879396617,0.09366962398973384
52.06999999999821,1.0130015463080153,5.403489055921675e-6,2.337366985876576,0.09366967770137895
52.07999999999821,1.0130015546827802,5.467597797882428e-6,2.337367094855451,0.09366973205735883
52.089999999998206,1.0130015632721014,5.531043980413381e-6,2.3373672063181683,0.0936697870511264
52.099999999998204,1.0130015720764969,5.593811988900905e-6,2.3373673202490757,0.09366984267597786
52.1099999999982,1.0130015810964388,5.6558863214979615e-6,2.3373674366319417,0.09366989892505388
52.1199999999982,1.0130015903323526,5.717251592893929e-6,2.337367555449958,0.0936699557913407
52.1299999999982,1.013001599784619,5.777892537408324e-6,2.3373676766857465,0.09367001326767128
52.139999999998196,1.0130016094535708,5.837794012754722e-6,2.3373678003213603,0.09367007134672652
52.149999999998194,1.0130016193394953,5.89694100260204e-6,2.3373679263382807,0.09367013002103657
52.15999999999819,1.0130016294426323,5.95531862094671e-6,2.3373680547174303,0.09367018928298201
52.16999999999819,1.013001639763175,6.0129121148088285e-6,2.3373681854391664,0.09367024912479527
52.17999999999819,1.0130016503012702,6.069706867084649e-6,2.3373683184832963,0.09367030953856184
52.189999999998186,1.0130016610570158,6.12568840025449e-6,2.3373684538290593,0.09367037051622183
52.199999999998184,1.0130016720304638,6.180842380629342e-6,2.337368591455147,0.09367043204957134
52.20999999999818,1.013001683221618,6.235154620690373e-6,2.33736873133971,0.09367049413026368
52.21999999999818,1.013001694630435,6.288611082325081e-6,2.3373688734603433,0.09367055674981115
52.22999999999818,1.013001706256823,6.3411978807739165e-6,2.3373690177941038,0.09367061989958646
52.239999999998176,1.0130017181006439,6.3929012875282965e-6,2.3373691643175096,0.0936706835708241
52.249999999998174,1.0130017301617091,6.443707733999638e-6,2.337369313006535,0.09367074775462231
52.25999999999817,1.013001742439785,6.493603815181033e-6,2.337369463836633,0.09367081244194418
52.26999999999817,1.0130017549345873,6.542576291647469e-6,2.337369616782721,0.09367087762361985
52.27999999999817,1.0130017676457854,6.590612094553208e-6,2.3373697718191897,0.09367094329034774
52.289999999998166,1.0130017805729994,6.637698328342949e-6,2.3373699289199084,0.0936710094326965
52.299999999998164,1.0130017937158022,6.683822274021904e-6,2.3373700880582318,0.09367107604110665
52.30999999999816,1.0130018070737177,6.728971392369763e-6,2.3373702492069937,0.09367114310589253
52.31999999999816,1.013001820646222,6.773133328020399e-6,2.3373704123385233,0.0936712106172439
52.32999999999816,1.0130018344327427,6.816295911782569e-6,2.337370577424639,0.09367127856522792
52.339999999998156,1.01300184843266,6.858447164798585e-6,2.3373707444366585,0.09367134693979101
52.349999999998154,1.0130018626453046,6.8995753015728705e-6,2.3373709133453966,0.09367141573076081
52.35999999999815,1.0130018770699603,6.939668733598301e-6,2.3373710841211777,0.09367148492784796
52.36999999999815,1.013001891705862,6.978716072432505e-6,2.337371256733834,0.09367155452064842
52.37999999999815,1.0130019065521967,7.016706133119838e-6,2.337371431152703,0.09367162449864508
52.389999999998146,1.0130019216081028,7.053627938465433e-6,2.3373716073466477,0.09367169485121017
52.399999999998144,1.0130019368726717,7.089470721460781e-6,2.33737178528405,0.0936717655676071
52.40999999999814,1.013001952344947,7.1242239288066675e-6,2.337371964932824,0.09367183663699268
52.41999999999814,1.0130019680239237,7.157877224060971e-6,2.3373721462604045,0.09367190804841928
52.42999999999814,1.01300198390855,7.190420491381899e-6,2.337372329233769,0.09367197979083704
52.439999999998136,1.013001999997726,7.221843839028842e-6,2.3373725138194303,0.09367205185309602
52.449999999998134,1.013002016290305,7.252137602101202e-6,2.337372699983452,0.0936721242239485
52.45999999999813,1.0130020327850922,7.281292346399928e-6,2.33737288769144,0.09367219689205128
52.46999999999813,1.0130020494808463,7.309298871746119e-6,2.3373730769085563,0.093672269845968
52.47999999999813,1.0130020663762789,7.336148215517566e-6,2.3373732675995247,0.09367234307417144
52.489999999998126,1.0130020834700548,7.361831655197553e-6,2.3373734597286346,0.09367241656504596
52.499999999998124,1.0130021007607923,7.386340712421168e-6,2.3373736532597396,0.09367249030688993
52.50999999999812,1.0130021182470634,7.409667156005961e-6,2.3373738481562722,0.09367256428791813
52.51999999999812,1.0130021359273937,7.431803005075656e-6,2.3373740443812454,0.09367263849626438
52.52999999999812,1.0130021538002636,7.452740532953732e-6,2.33737424189726,0.09367271291998379
52.539999999998116,1.0130021718641062,7.472472269068461e-6,2.3373744406665002,0.09367278754705567
52.549999999998114,1.0130021901173107,7.490991003947698e-6,2.337374640650758,0.0936728623653858
52.55999999999811,1.0130022085582202,7.508289791094104e-6,2.337374841811418,0.09367293736280927
52.56999999999811,1.0130022271851333,7.524361951010163e-6,2.337375044109486,0.0936730125270929
52.57999999999811,1.013002245996304,7.539201073675189e-6,2.3373752475055727,0.09367308784593814
52.589999999998106,1.013002264989941,7.55280102210677e-6,2.337375451959912,0.09367316330698376
52.599999999998104,1.0130022841642106,7.565155935483851e-6,2.337375657432374,0.09367323889780843
52.6099999999981,1.0130023035172335,7.576260231576854e-6,2.337375863882449,0.09367331460593371
52.6199999999981,1.0130023230470888,7.586108610908958e-6,2.3373760712692824,0.09367339041882666
52.6299999999981,1.0130023427518104,7.594696058654293e-6,2.337376279551656,0.09367346632390279
52.639999999998096,1.0130023626293914,7.602017848510895e-6,2.3373764886880104,0.09367354230852892
52.649999999998094,1.0130023826777812,7.60806954509998e-6,2.337376698636451,0.09367361836002605
52.65999999999809,1.0130024028948879,7.612847006851984e-6,2.337376909354743,0.09367369446567235
52.66999999999809,1.0130024232785777,7.616346389428459e-6,2.3373771208003338,0.09367377061270589
52.67999999999809,1.0130024438266754,7.618564147835869e-6,2.337377332930355,0.09367384678832799
52.689999999998086,1.0130024645369655,7.619497039301822e-6,2.337377545701624,0.09367392297970592
52.699999999998084,1.0130024854071915,7.619142126291553e-6,2.3373777590706593,0.09367399917397604
52.70999999999808,1.0130025064350574,7.6174967789357625e-6,2.337377972993689,0.09367407535824691
52.71999999999808,1.013002527618227,7.6145586778854305e-6,2.33737818742665,0.09367415151960237
52.72999999999808,1.0130025489543255,7.610325816395584e-6,2.3373784023252018,0.09367422764510458
52.739999999998076,1.0130025704409398,7.604796503200512e-6,2.337378617644743,0.09367430372179719
52.749999999998074,1.013002592075618,7.597969364631004e-6,2.337378833340406,0.09367437973670853
52.75999999999807,1.0130026138558708,7.589843346729204e-6,2.3373790493670676,0.09367445567685484
52.76999999999807,1.0130026357791715,7.580417718495542e-6,2.337379265679369,0.09367453152924339
52.77999999999807,1.0130026578429572,7.569692073569435e-6,2.337379482231714,0.09367460728087577
52.78999999999807,1.0130026800446283,7.557666331747526e-6,2.3373796989782805,0.09367468291875118
52.799999999998064,1.0130027023815504,7.544340741773341e-6,2.337379915873037,0.0936747584298696
52.80999999999806,1.0130027248510534,7.529715883032791e-6,2.337380132869741,0.09367483380123513
52.81999999999806,1.013002747450433,7.513792667239036e-6,2.3373803499219568,0.09367490901985938
52.82999999999806,1.0130027701769506,7.496572340734946e-6,2.3373805669830605,0.09367498407276473
52.83999999999806,1.0130027930278347,7.478056485796316e-6,2.3373807840062546,0.09367505894698769
52.849999999998055,1.013002816000281,7.458247022234855e-6,2.337381000944576,0.09367513362958234
52.85999999999805,1.013002839091452,7.437146209066436e-6,2.337381217750903,0.0936752081076236
52.86999999999805,1.0130028622984804,7.41475664647837e-6,2.3373814343779715,0.09367528236821066
52.87999999999805,1.0130028856184665,7.391081276250116e-6,2.337381650778388,0.09367535639847048
52.88999999999805,1.0130029090484811,7.366123382977515e-6,2.337381866904632,0.0936754301855611
52.899999999998045,1.0130029325855652,7.339886595634032e-6,2.3373820827090697,0.09367550371667513
52.90999999999804,1.0130029562267302,7.312374888650672e-6,2.33738229814397,0.09367557697904323
52.91999999999804,1.01300297996896,7.283592582737086e-6,2.3373825131615162,0.0936756499599375
52.92999999999804,1.01300300380921,7.253544345191366e-6,2.3373827277138046,0.09367572264667504
52.93999999999804,1.013003027744409,7.22223519138726e-6,2.3373829417528786,0.09367579502662131
52.949999999998035,1.0130030517714594,7.189670484536888e-6,2.337383155230722,0.09367586708719365
52.95999999999803,1.0130030758872384,7.155855936520065e-6,2.337383368099279,0.09367593881586483
52.96999999999803,1.0130031000885975,7.120797608262053e-6,2.3373835803104663,0.09367601020016646
52.97999999999803,1.0130031243723654,7.084501909094406e-6,2.337383791816189,0.0936760812276924
52.98999999999803,1.0130031487353455,7.046975597625197e-6,2.3373840025683426,0.09367615188610254
52.999999999998025,1.0130031731743194,7.008225781468394e-6,2.337384212518835,0.09367622216312599
53.00999999999802,1.0130031976860476,6.968259917078869e-6,2.3373844216196034,0.09367629204656464
53.01999999999802,1.0130032222672678,6.927085808827506e-6,2.337384629822612,0.09367636152429679
53.02999999999802,1.0130032469146983,6.884711609374872e-6,2.337384837079882,0.09367643058428046
53.03999999999802,1.0130032716250372,6.841145818227857e-6,2.3373850433434935,0.09367649921455694
53.049999999998015,1.013003296394964,6.796397281549603e-6,2.3373852485656106,0.09367656740325428
53.05999999999801,1.0130033212211402,6.750475190675111e-6,2.337385452698482,0.09367663513859067
53.06999999999801,1.0130033461002095,6.703389081697143e-6,2.3373856556944648,0.093676702408878
53.07999999999801,1.0130033710287993,6.655148833412742e-6,2.3373858575060367,0.09367676920252517
53.08999999999801,1.013003396003522,6.60576466650069e-6,2.3373860580858103,0.0936768355080416
53.099999999998005,1.0130034210209742,6.555247141871714e-6,2.3373862573865427,0.09367690131404059
53.109999999998,1.013003446077739,6.5036071588022865e-6,2.3373864553611545,0.09367696660924285
53.119999999998,1.013003471170386,6.450855953472751e-6,2.3373866519627495,0.09367703138247965
53.129999999998,1.0130034962954726,6.397005096480336e-6,2.337386847144621,0.09367709562269634
53.139999999998,1.0130035214495448,6.342066490545547e-6,2.3373870408602686,0.09367715931895569
53.149999999997995,1.0130035466291376,6.286052369056241e-6,2.337387233063415,0.09367722246044105
53.15999999999799,1.0130035718307766,6.228975292920435e-6,2.3373874237080203,0.09367728503645982
53.16999999999799,1.0130035970509779,6.170848147898177e-6,2.3373876127483024,0.0936773470364466
53.17999999999799,1.01300362228625,6.111684142338915e-6,2.337387800138738,0.09367740844996651
53.18999999999799,1.0130036475330941,6.051496803592273e-6,2.3373879858340993,0.09367746926671824
53.199999999997985,1.0130036727880047,5.990299974993943e-6,2.337388169789447,0.0936775294765375
53.20999999999798,1.0130036980474717,5.928107813046381e-6,2.337388351960165,0.09367758906939988
53.21999999999798,1.0130037233079794,5.864934783532503e-6,2.3373885323019636,0.09367764803542415
53.22999999999798,1.0130037485660093,5.800795658263618e-6,2.3373887107708997,0.0936777063648752
53.23999999999798,1.0130037738180397,5.735705510389592e-6,2.3373888873233937,0.0936777640481672
53.249999999997975,1.0130037990605476,5.6696797115291354e-6,2.337389061916243,0.09367782107586652
53.25999999999797,1.013003824290008,5.602733926833558e-6,2.3373892345066354,0.09367787743869475
53.26999999999797,1.013003849502897,5.534884111653692e-6,2.3373894050521726,0.09367793312753156
53.27999999999797,1.0130038746956902,5.466146506136427e-6,2.3373895735108756,0.09367798813341763
53.28999999999797,1.0130038998648665,5.396537631553729e-6,2.337389739841212,0.09367804244755742
53.299999999997965,1.0130039250069067,5.326074284666305e-6,2.3373899040021007,0.09367809606132199
53.30999999999796,1.0130039501182948,5.254773533457322e-6,2.337390065952935,0.09367814896625173
53.31999999999796,1.01300397519552,5.1826527116934045e-6,2.337390225653597,0.09367820115405906
53.32999999999796,1.0130040002350769,5.109729413914951e-6,2.3373903830644704,0.09367825261663101
53.33999999999796,1.0130040252334656,5.036021489990361e-6,2.337390538146457,0.09367830334603187
53.349999999997955,1.0130040501871944,4.9615470397620755e-6,2.337390690860993,0.09367835333450567
53.35999999999795,1.013004075092779,4.886324407253754e-6,2.337390841170066,0.09367840257447868
53.36999999999795,1.013004099946745,4.81037217513437e-6,2.337390989036228,0.0936784510585618
53.37999999999795,1.0130041247456274,4.733709158187851e-6,2.3373911344226164,0.09367849877955288
53.38999999999795,1.0130041494859723,4.656354397350738e-6,2.33739127729295,0.09367854573043913
53.399999999997945,1.0130041741643372,4.5783271540701656e-6,2.337391417611574,0.09367859190439921
53.40999999999794,1.013004198777293,4.4996469034009715e-6,2.33739155534345,0.09367863729480552
53.41999999999794,1.0130042233214243,4.420333327315007e-6,2.3373916904541847,0.0936786818952262
53.42999999999794,1.0130042477933292,4.340406308774788e-6,2.337391822910032,0.09367872569942726
53.43999999999794,1.0130042721896222,4.259885924616604e-6,2.3373919526779217,0.0936787687013745
53.449999999997935,1.0130042965069341,4.178792438319851e-6,2.337392079725464,0.0936788108952354
53.45999999999793,1.0130043207419124,4.097146293429933e-6,2.3373922040209703,0.09367885227538106
53.46999999999793,1.0130043448912232,4.01496810614995e-6,2.3373923255334565,0.09367889283638779
53.47999999999793,1.013004368951551,3.932278658438118e-6,2.3373924442326683,0.09367893257303897
53.48999999999793,1.0130043929196013,3.849098890520533e-6,2.3373925600890866,0.09367897148032657
53.499999999997925,1.0130044167920993,3.7654498933475415e-6,2.337392673073948,0.09367900955345268
53.50999999999792,1.0130044405657923,3.6813529011443854e-6,2.337392783159247,0.09367904678783112
53.51999999999792,1.0130044642374505,3.596829283950532e-6,2.3373928903177617,0.09367908317908862
53.52999999999792,1.0130044878038666,3.5119005391213838e-6,2.337392994523053,0.09367911872306633
53.53999999999792,1.0130045112618582,3.4265882845017525e-6,2.3373930957494906,0.09367915341582099
53.549999999997915,1.013004534608268,3.3409142500580166e-6,2.33739319397225,0.09367918725362603
53.55999999999791,1.0130045578399638,3.2549002697584934e-6,2.337393289167337,0.09367922023297282
53.56999999999791,1.0130045809538413,3.1685682740312025e-6,2.33739338131159,0.09367925235057138
53.57999999999791,1.0130046039468232,3.0819402810128287e-6,2.337393470382696,0.0936792836033516
53.58999999999791,1.0130046268158603,2.9950383885095014e-6,2.3373935563591983,0.093679313988464
53.599999999997905,1.0130046495579332,2.907884766701194e-6,2.337393639220509,0.0936793435032803
53.6099999999979,1.0130046721700525,2.8205016484959687e-6,2.3373937189469185,0.09367937214539436
53.6199999999979,1.013004694649259,2.7329113218080732e-6,2.337393795519601,0.09367939991262259
53.6299999999979,1.0130047169926257,2.6451361211881272e-6,2.3373938689206306,0.09367942680300452
53.6399999999979,1.0130047391972574,2.55719841961373e-6,2.3373939391329803,0.09367945281480333
53.649999999997895,1.0130047612602926,2.469120620160929e-6,2.337394006140545,0.09367947794650598
53.65999999999789,1.0130047831789033,2.3809251466868238e-6,2.3373940699281333,0.09367950219682354
53.66999999999789,1.0130048049502962,2.292634435982456e-6,2.337394130481487,0.09367952556469146
53.67999999999789,1.0130048265717135,2.2042709295176436e-6,2.3373941877872815,0.0936795480492696
53.68999999999789,1.0130048480404334,2.11585706449318e-6,2.3373942418331355,0.0936795696499422
53.699999999997885,1.0130048693537703,2.0274152657619392e-6,2.3373942926076148,0.0936795903663178
53.70999999999788,1.0130048905090765,1.938967937082344e-6,2.3373943401002397,0.09367961019822912
53.71999999999788,1.013004911503743,1.8505374530735647e-6,2.3373943843014957,0.09367962914573275
53.72999999999788,1.0130049323351988,1.7621461499231868e-6,2.3373944252028256,0.09367964720910883
53.73999999999788,1.013004953000913,1.6738163176574928e-6,2.337394462796649,0.09367966438886066
53.749999999997875,1.0130049734983944,1.5855701917093584e-6,2.337394497076353,0.0936796806857142
53.75999999999787,1.0130049938251922,1.4974299441718478e-6,2.3373945280363033,0.09367969610061745
53.76999999999787,1.013005013978898,1.4094176764265626e-6,2.3373945556718474,0.0936797106347397
53.77999999999787,1.0130050339571444,1.3215554096221515e-6,2.3373945799793105,0.09367972428947098
53.78999999999787,1.0130050537576072,1.2338650779221781e-6,2.3373946009560087,0.09367973706642099
53.799999999997866,1.0130050733780054,1.1463685188841324e-6,2.33739461860024,0.09367974896741843
53.80999999999786,1.0130050928161007,1.0590874663383727e-6,2.3373946329112885,0.09367975999450971
53.81999999999786,1.0130051120697001,9.720435422001024e-7,2.3373946438894286,0.09367977014995815
53.82999999999786,1.0130051311366552,8.852582490851214e-7,2.3373946515359236,0.09367977943624263
53.83999999999786,1.0130051500148627,7.987529613011509e-7,2.3373946558530214,0.09367978785605648
53.849999999997856,1.0130051687022648,7.125489183561445e-7,2.3373946568439563,0.09367979541230599
53.859999999997854,1.0130051871968504,6.266672167230414e-7,2.33739465451295,0.09367980210810932
53.86999999999785,1.0130052054966556,5.411288021912668e-7,2.3373946488652084,0.09367980794679465
53.87999999999785,1.0130052235997633,4.5595446244393335e-7,2.337394639906917,0.09367981293189896
53.88999999999785,1.0130052415043036,3.7116482010289996e-7,2.337394627645238,0.09367981706716627
53.899999999997846,1.0130052592084553,2.8678032527158035e-7,2.337394612088308,0.09367982035654594
53.909999999997844,1.013005276710446,2.0282124921270463e-7,2.337394593245237,0.09367982280419089
53.91999999999784,1.0130052940085512,1.1930767565262272e-7,2.3373945711261004,0.09367982441445595
53.92999999999784,1.0130053111010968,3.625949588106429e-8,2.337394545741932,0.09367982519189572
53.93999999999784,1.013005327986457,-4.6303599004959275e-8,2.3373945171047206,0.09367982514126282
53.949999999997836,1.013005344663057,-1.28362123616324e-7,2.3373944852274113,0.09367982426750567
53.959999999997834,1.0130053611293721,-2.0989680579198584e-7,2.337394450123887,0.09367982257576653
53.96999999999783,1.0130053773839285,-2.9088859231605945e-7,2.3373944118089693,0.09367982007137925
53.97999999999783,1.0130053934253023,-3.7131865480113457e-7,2.33739437029841,0.09367981675986714
53.98999999999783,1.0130054092521217,-4.511683960176316e-7,2.3373943256088765,0.09367981264694061
53.999999999997826,1.013005424863066,-5.304194546752211e-7,2.337394277757956,0.09367980773849488
54.009999999997824,1.0130054402568667,-6.09053712034589e-7,2.3373942267641388,0.09367980204060755
54.01999999999782,1.0130054554323065,-6.870532972796874e-7,2.3373941726468064,0.09367979555953622
54.02999999999782,1.0130054703882199,-7.64400591814119e-7,2.337394115426226,0.09367978830171594
54.03999999999782,1.0130054851234953,-8.410782348173992e-7,2.3373940551235464,0.0936797802737566
54.049999999997816,1.013005499637072,-9.170691283444956e-7,2.3373939917607696,0.09367977148244044
54.059999999997814,1.013005513927943,-9.923564416531601e-7,2.3373939253607636,0.09367976193471934
54.06999999999781,1.0130055279951538,-1.066923615820807e-6,2.3373938559472323,0.09367975163771208
54.07999999999781,1.013005541837802,-1.1407543680490703e-6,2.337393783544704,0.09367974059870178
54.08999999999781,1.0130055554550392,-1.2138326954141316e-6,2.337393708178536,0.09367972882513284
54.099999999997806,1.0130055688460702,-1.2861428792890475e-6,2.3373936298748825,0.09367971632460835
54.109999999997804,1.0130055820101522,-1.3576694886831657e-6,2.3373935486606947,0.0936797031048872
54.1199999999978,1.013005594946596,-1.4283973837136002e-6,2.337393464563697,0.093679689173881
54.1299999999978,1.0130056076547662,-1.4983117190187236e-6,2.337393377612387,0.09367967453965141
54.1399999999978,1.01300562013408,-1.5673979472537345e-6,2.3373932878360084,0.09367965921040701
54.149999999997796,1.0130056323840082,-1.6356418212980574e-6,2.3373931952645393,0.09367964319450035
54.159999999997794,1.0130056444040751,-1.7030293973820238e-6,2.337393099928686,0.09367962650042498
54.16999999999779,1.0130056561938585,-1.7695470374033838e-6,2.3373930018598563,0.09367960913681228
54.17999999999779,1.0130056677529886,-1.835181411819839e-6,2.337392901090153,0.0936795911124285
54.18999999999779,1.0130056790811497,-1.8999195009082292e-6,2.337392797652349,0.09367957243617173
54.199999999997786,1.0130056901780788,-1.9637485966398373e-6,2.3373926915798844,0.09367955311706856
54.209999999997784,1.0130057010435662,-2.026656305224635e-6,2.3373925829068383,0.09367953316427115
54.21999999999778,1.0130057116774553,-2.0886305482117964e-6,2.3373924716679166,0.09367951258705402
54.22999999999778,1.0130057220796411,-2.149659563406787e-6,2.3373923578984344,0.09367949139481098
54.23999999999778,1.0130057322500732,-2.2097319057762415e-6,2.337392241634308,0.09367946959705171
54.249999999997776,1.0130057421887524,-2.2688364493610293e-6,2.3373921229120196,0.09367944720339888
54.259999999997774,1.0130057518957323,-2.3269623869522087e-6,2.3373920017686185,0.0936794242235848
54.26999999999777,1.0130057613711192,-2.3840992311400396e-6,2.3373918782416903,0.09367940066744818
54.27999999999777,1.013005770615071,-2.4402368145011105e-6,2.3373917523693537,0.09367937654493108
54.28999999999777,1.0130057796277974,-2.4953652901035294e-6,2.3373916241902184,0.09367935186607561
54.299999999997766,1.0130057884095602,-2.5494751301712426e-6,2.3373914937434015,0.09367932664102074
54.309999999997764,1.0130057969606716,-2.6025571273077693e-6,2.3373913610684722,0.09367930087999916
54.31999999999776,1.0130058052814959,-2.6546023927664523e-6,2.3373912262054617,0.09367927459333401
54.32999999999776,1.0130058133724482,-2.705602356337133e-6,2.3373910891948357,0.09367924779143569
54.33999999999776,1.0130058212339939,-2.7555487662516575e-6,2.337390950077472,0.09367922048479875
54.349999999997756,1.0130058288666488,-2.8044336868327073e-6,2.3373908088946487,0.0936791926839987
54.359999999997754,1.013005836270979,-2.8522494980022037e-6,2.3373906656880186,0.09367916439968878
54.36999999999775,1.0130058434476001,-2.89898889413541e-6,2.3373905204996004,0.09367913564259683
54.37999999999775,1.0130058503971777,-2.944644882274839e-6,2.3373903733717536,0.0936791064235223
54.38999999999775,1.013005857120426,-2.989210780141962e-6,2.337390224347161,0.09367907675333287
54.399999999997746,1.0130058636181078,-3.032680215360055e-6,2.3373900734688133,0.0936790466429616
54.409999999997744,1.0130058698910351,-3.0750471226465816e-6,2.337389920779983,0.0936790161034037
54.41999999999774,1.0130058759400673,-3.1163057411940625e-6,2.337389766324215,0.09367898514571349
54.42999999999774,1.0130058817661116,-3.156450613552794e-6,2.3373896101453044,0.0936789537810014
54.43999999999774,1.0130058873701226,-3.1954765825949476e-6,2.3373894522872805,0.09367892202043095
54.449999999997736,1.013005892753102,-3.2333787885531616e-6,2.3373892927943856,0.09367888987521568
54.459999999997734,1.013005897916098,-3.2701526673452574e-6,2.3373891317110584,0.09367885735661631
54.46999999999773,1.0130059028602048,-3.3057939471170743e-6,2.3373889690819167,0.0936788244759377
54.47999999999773,1.0130059075865625,-3.3402986451587607e-6,2.337388804951743,0.09367879124452602
54.48999999999773,1.0130059120963557,-3.3736630655836126e-6,2.3373886393654555,0.09367875767376577
54.499999999997726,1.013005916390815,-3.4058837950237644e-6,2.337388472368102,0.09367872377507705
54.509999999997724,1.013005920471215,-3.436957700367613e-6,2.337388304004848,0.0936786895599126
54.51999999999772,1.0130059243388734,-3.466881925065414e-6,2.3373881343209386,0.0936786550397553
54.52999999999772,1.0130059279951529,-3.495653885525169e-6,2.337387963361701,0.09367862022611502
54.53999999999772,1.013005931441458,-3.5232712679240696e-6,2.3373877911725165,0.09367858513052621
54.549999999997716,1.013005934679236,-3.5497320236296312e-6,2.3373876177988158,0.09367854976454511
54.559999999997714,1.0130059377099767,-3.5750343667235406e-6,2.3373874432860493,0.09367851413974713
54.56999999999771,1.0130059405352119,-3.5991767695989244e-6,2.3373872676796843,0.09367847826772423
54.57999999999771,1.0130059431565126,-3.6221579591966348e-6,2.3373870910251737,0.09367844216008248
54.58999999999771,1.0130059455754925,-3.643976912427849e-6,2.337386913367959,0.09367840582843924
54.599999999997706,1.0130059477938047,-3.6646328539350664e-6,2.3373867347534465,0.09367836928442096
54.609999999997704,1.0130059498131412,-3.684125250174774e-6,2.3373865552269795,0.09367833253966068
54.6199999999977,1.0130059516352339,-3.7024538063481514e-6,2.337386374833851,0.09367829560579546
54.6299999999977,1.0130059532618532,-3.719618462099685e-6,2.3373861936192686,0.09367825849446422
54.6399999999977,1.0130059546948065,-3.7356193871474947e-6,2.337386011628344,0.09367822121730537
54.649999999997696,1.0130059559359408,-3.750456977279874e-6,2.3373858289060943,0.09367818378595431
54.659999999997694,1.0130059569871384,-3.7641318510740185e-6,2.337385645497405,0.09367814621204154
54.66999999999769,1.0130059578503183,-3.776644843985575e-6,2.337385461447036,0.09367810850719023
54.67999999999769,1.0130059585274358,-3.7879970056649514e-6,2.3373852767995995,0.09367807068301413
54.68999999999769,1.0130059590204816,-3.79818959497594e-6,2.3373850915995513,0.09367803275111539
54.69999999999769,1.0130059593314809,-3.8072240757234414e-6,2.337384905891182,0.0936779947230826
54.709999999997684,1.0130059594624934,-3.815102112724632e-6,2.3373847197185977,0.09367795661048868
54.71999999999768,1.0130059594156124,-3.821825568050228e-6,2.3373845331257126,0.09367791842488896
54.72999999999768,1.0130059591929648,-3.827396495861904e-6,2.337384346156246,0.0936778801778191
54.73999999999768,1.0130059587967093,-3.831817139102928e-6,2.337384158853695,0.09367784188079335
54.74999999999768,1.013005958229038,-3.835089924759247e-6,2.3373839712613487,0.09367780354530254
54.759999999997675,1.0130059574921735,-3.837217460930272e-6,2.3373837834222497,0.09367776518281236
54.76999999999767,1.0130059565883698,-3.83820253146394e-6,2.33738359537921,0.09367772680476155
54.77999999999767,1.013005955519911,-3.8380480927876355e-6,2.337383407174789,0.09367768842256008
54.78999999999767,1.0130059542891112,-3.836757269804262e-6,2.3373832188512864,0.09367765004758763
54.79999999999767,1.0130059528983142,-3.834333351243923e-6,2.3373830304507397,0.09367761169119171
54.809999999997665,1.0130059513498921,-3.830779787286076e-6,2.337382842014912,0.0936775733646861
54.81999999999766,1.0130059496462456,-3.826100184826957e-6,2.3373826535852844,0.09367753507934941
54.82999999999766,1.0130059477898024,-3.820298304074237e-6,2.337382465203049,0.09367749684642333
54.83999999999766,1.013005945783018,-3.8133780545643632e-6,2.337382276909113,0.09367745867711125
54.84999999999766,1.0130059436283743,-3.8053434925511347e-6,2.3373820887440737,0.09367742058257664
54.859999999997655,1.0130059413283783,-3.796198816558109e-6,2.3373819007482273,0.09367738257394179
54.86999999999765,1.0130059388855632,-3.7859483643142252e-6,2.337381712961558,0.09367734466228624
54.87999999999765,1.0130059363024875,-3.7745966097299625e-6,2.3373815254237384,0.0936773068586455
54.88999999999765,1.0130059335817327,-3.7621481596631466e-6,2.337381338174115,0.0936772691740097
54.89999999999765,1.0130059307259054,-3.7486077504371058e-6,2.337381151251716,0.09367723161932218
54.909999999997645,1.013005927737634,-3.7339802452971967e-6,2.3373809646952366,0.09367719420547833
54.91999999999764,1.0130059246195702,-3.7182706313436217e-6,2.337380778543042,0.09367715694332432
54.92999999999764,1.0130059213743885,-3.7014840163407894e-6,2.3373805928331683,0.09367711984365573
54.93999999999764,1.0130059180047835,-3.6836256269486864e-6,2.3373804076033067,0.09367708291721659
54.94999999999764,1.0130059145134718,-3.6647008053804865e-6,2.337380222890813,0.09367704617469798
54.959999999997635,1.01300591090319,-3.6447150070801593e-6,2.337380038732705,0.09367700962673707
54.96999999999763,1.0130059071766944,-3.6236737989043866e-6,2.3373798551656497,0.09367697328391586
54.97999999999763,1.0130059033367607,-3.601582855897123e-6,2.337379672225973,0.09367693715676023
54.98999999999763,1.013005899386184,-3.5784479595878946e-6,2.3373794899496603,0.09367690125573865
54.99999999999763,1.0130058953277767,-3.5542749967756987e-6,2.3373793083723475,0.09367686559126132
55.009999999997625,1.01300589116437,-3.529069956940077e-6,2.3373791275293216,0.09367683017367899
55.01999999999762,1.0130058868988105,-3.5028389305208534e-6,2.3373789474555244,0.09367679501328217
55.02999999999762,1.0130058825339632,-3.475588106870969e-6,2.337378768185556,0.09367676012029977
55.03999999999762,1.0130058780727087,-3.4473237736745624e-6,2.3373785897536705,0.0936767255048984
55.04999999999762,1.0130058735179421,-3.4180523155146537e-6,2.3373784121937664,0.0936766911771814
55.059999999997615,1.013005868872575,-3.3877802113699953e-6,2.3373782355394135,0.0936766571471876
55.06999999999761,1.0130058641395323,-3.3565140350584124e-6,2.3373780598238283,0.09367662342489075
55.07999999999761,1.0130058593217532,-3.3242604529267733e-6,2.337377885079888,0.09367659002019829
55.08999999999761,1.0130058544221907,-3.291026223759163e-6,2.3373777113401366,0.09367655694295055
55.09999999999761,1.0130058494438106,-3.2568181979061823e-6,2.3373775386367748,0.09367652420291982
55.109999999997605,1.0130058443895904,-3.2216433166371685e-6,2.3373773670016695,0.09367649180980943
55.1199999999976,1.0130058392625199,-3.1855086113761934e-6,2.337377196466352,0.0936764597732529
55.1299999999976,1.0130058340655999,-3.1484212031656815e-6,2.3373770270620295,0.09367642810281292
55.1399999999976,1.0130058288018426,-3.110388302961499e-6,2.3373768588195767,0.09367639680798051
55.1499999999976,1.0130058234742703,-3.0714172110945066e-6,2.3373766917695487,0.0936763658981742
55.159999999997595,1.0130058180859147,-3.031515317695427e-6,2.3373765259421755,0.09367633538273898
55.16999999999759,1.013005812639817,-2.9906901023507224e-6,2.337376361367367,0.09367630527094559
55.17999999999759,1.0130058071390269,-2.948949134163665e-6,2.3373761980747223,0.09367627557198945
55.18999999999759,1.0130058015866021,-2.9063000721340157e-6,2.3373760360935254,0.0936762462949899
55.19999999999759,1.013005795985609,-2.862750665827328e-6,2.3373758754527554,0.09367621744898917
55.209999999997585,1.01300579033912,-2.8183087560472934e-6,2.3373757161810866,0.0936761890429516
55.21999999999758,1.013005784650215,-2.7729822750006773e-6,2.3373755583068903,0.09367616108576261
55.22999999999758,1.0130057789219795,-2.7267792472099592e-6,2.3373754018582433,0.09367613358622792
55.23999999999758,1.013005773157505,-2.6797077904230104e-6,2.337375246862929,0.09367610655307244
55.24999999999758,1.0130057673598882,-2.631776116554131e-6,2.3373750933484403,0.0936760799949395
55.259999999997575,1.0130057615322299,-2.5829925322823314e-6,2.337374941341986,0.09367605392038983
55.26999999999757,1.0130057556776355,-2.533365440792508e-6,2.337374790870492,0.09367602833790059
55.27999999999757,1.0130057497992142,-2.482903342392674e-6,2.3373746419606114,0.0936760032558644
55.28999999999757,1.013005743900078,-2.4316148366266745e-6,2.3373744946387203,0.09367597868258845
55.29999999999757,1.0130057379833413,-2.3795086224972507e-6,2.337374348930926,0.09367595462629338
55.309999999997565,1.0130057320521209,-2.326593501014941e-6,2.337374204863067,0.09367593109511241
55.31999999999756,1.0130057261095353,-2.2728783755353925e-6,2.3373740624607273,0.09367590809709009
55.32999999999756,1.0130057201587042,-2.2183722544016784e-6,2.337373921749226,0.09367588564018159
55.33999999999756,1.013005714202747,-2.1630842519186685e-6,2.337373782753631,0.09367586373225131
55.34999999999756,1.0130057082447848,-2.1070235901265054e-6,2.337373645498762,0.09367584238107207
55.359999999997555,1.0130057022879364,-2.050199601053726e-6,2.3373735100091824,0.09367582159432393
55.36999999999755,1.0130056963353211,-1.9926217271776685e-6,2.3373733763092233,0.09367580137959301
55.37999999999755,1.013005690390056,-1.934299525172141e-6,2.337373244422966,0.0936757817443705
55.38999999999755,1.0130056844552568,-1.875242665937446e-6,2.3373731143742633,0.09367576269605138
55.39999999999755,1.0130056785340364,-1.81546093773099e-6,2.3373729861867276,0.0936757442419334
55.409999999997545,1.0130056726295047,-1.7549642473784883e-6,2.3373728598837418,0.0936757263892158
55.41999999999754,1.0130056667447684,-1.6937626226246668e-6,2.3373727354884593,0.09367570914499822
55.42999999999754,1.01300566088293,-1.6318662138264851e-6,2.3373726130238093,0.09367569251627932
55.43999999999754,1.0130056550470876,-1.5692852960000965e-6,2.3373724925124986,0.09367567650995563
55.44999999999754,1.013005649240334,-1.5060302708153573e-6,2.337372373977007,0.09367566113282041
55.459999999997535,1.0130056434657573,-1.4421116686326935e-6,2.337372257439607,0.09367564639156215
55.46999999999753,1.013005637726439,-1.3775401508465966e-6,2.337372142922341,0.09367563229276342
55.47999999999753,1.013005632025454,-1.3123265111220046e-6,2.337372030447046,0.09367561884289953
55.48999999999753,1.01300562636587,-1.2464816778491035e-6,2.337371920035339,0.09367560604833719
55.49999999999753,1.013005620750748,-1.1800167159553177e-6,2.3373718117086253,0.09367559391533307
55.509999999997525,1.0130056151831397,-1.1129428289287336e-6,2.337371705488099,0.09367558245003263
55.51999999999752,1.0130056096660889,-1.0452713601224454e-6,2.3373716013947408,0.09367557165846847
55.52999999999752,1.0130056042026303,-9.77013795545236e-7,2.337371499449325,0.0936755615465591
55.53999999999752,1.0130055987957887,-9.081817647247996e-7,2.3373713996724157,0.09367555212010746
55.54999999999752,1.0130055934485787,-8.38787043650471e-7,2.3373713020843625,0.09367554338479943
55.559999999997515,1.0130055881640043,-7.688415554528029e-7,2.337371206705306,0.09367553534620246
55.56999999999751,1.0130055829450584,-6.983573724647814e-7,2.337371113555178,0.09367552800976396
55.57999999999751,1.0130055777947211,-6.273467178440503e-7,2.337371022653693,0.09367552138080992
55.58999999999751,1.0130055727159615,-5.558219665860362e-7,2.3373709340203574,0.09367551546454327
55.59999999999751,1.0130055677117353,-4.837956477128469e-7,2.337370847674462,0.09367551026604247
55.609999999997505,1.0130055627849843,-4.112804451679163e-7,2.33737076363508,0.09367550579025993
55.6199999999975,1.0130055579386372,-3.3828919925450577e-7,2.3373706819210707,0.09367550204202044
55.6299999999975,1.0130055531756077,-2.648349080067106e-7,2.3373706025510708,0.09367549902601947
55.6399999999975,1.0130055484987948,-1.9093072837644174e-7,2.337370525543493,0.0936754967468219
55.6499999999975,1.0130055439110812,-1.1658997691671007e-7,2.337370450916526,0.0936754952088602
55.659999999997495,1.0130055394153343,-4.182613044542707e-8,2.337370378688133,0.09367549441643275
55.66999999999749,1.0130055350144045,3.334717222339781e-8,2.3373703088760376,0.09367549437370246
55.67999999999749,1.0130055307111245,1.0891613030419431e-7,2.3373702414977386,0.09367549508469507
55.68999999999749,1.0130055265083102,1.848667803523104e-7,2.3373701765704875,0.09367549655329742
55.69999999999749,1.0130055224087582,2.61184995452714e-7,2.3373701141112964,0.09367549878325594
55.709999999997486,1.0130055184152467,3.378564855234946e-7,2.3373700541369296,0.09367550177817495
55.71999999999748,1.0130055145305343,4.1486679605712965e-7,2.3373699966638948,0.09367550554151506
55.72999999999748,1.01300551075736,4.922013090182865e-7,2.3373699417084497,0.09367551007659156
55.73999999999748,1.0130055070984405,5.698452422380117e-7,2.337369889286578,0.09367551538657268
55.74999999999748,1.013005503556474,6.477836501659758e-7,2.3373698394140074,0.09367552147447798
55.759999999997476,1.0130055001341347,7.26001423469306e-7,2.337369792106178,0.09367552834317687
55.769999999997474,1.0130054968340754,8.04483290388693e-7,2.3373697473782595,0.09367553599538676
55.77999999999747,1.013005493658926,8.832138167577216e-7,2.3373697052451283,0.09367554443367157
55.78999999999747,1.0130054906112926,9.621774070273822e-7,2.337369665721372,0.09367555366044
55.79999999999747,1.0130054876937582,1.0413583046973131e-6,2.337369628821276,0.09367556367794408
55.809999999997466,1.01300548490888,1.120740593523422e-6,2.3373695945588158,0.09367557448827743
55.819999999997464,1.0130054822591912,1.2003081994166148e-6,2.3373695629476567,0.0936755860933737
55.82999999999746,1.0130054797471981,1.280044890838689e-6,2.3373695340011347,0.09367559849500505
55.83999999999746,1.0130054773753812,1.3599342813597707e-6,2.3373695077322605,0.09367561169478052
55.84999999999746,1.0130054751461943,1.4399598302514544e-6,2.3373694841537054,0.09367562569414455
55.859999999997456,1.0130054730620637,1.520104845298733e-6,2.3373694632777946,0.09367564049437534
55.869999999997454,1.0130054711253873,1.6003524840867836e-6,2.337369445116496,0.0936756560965835
55.87999999999745,1.0130054693385342,1.6806857569056189e-6,2.3373694296814147,0.09367567250171047
55.88999999999745,1.0130054677038447,1.7610875288605366e-6,2.337369416983783,0.093675689710527
55.89999999999745,1.0130054662236294,1.8415405219733433e-6,2.3373694070344553,0.0936757077236318
55.909999999997446,1.0130054649001683,1.9220273181088537e-6,2.3373693998438902,0.09367572654145014
55.919999999997444,1.0130054637357107,2.0025303621396513e-6,2.3373693954221535,0.09367574616423234
55.92999999999744,1.0130054627324736,2.0830319647616496e-6,2.337369393778891,0.09367576659205258
55.93999999999744,1.0130054618926427,2.1635143055959684e-6,2.3373693949233383,0.09367578782480747
55.94999999999744,1.013005461218371,2.2439594371115222e-6,2.3373693988643023,0.09367580986221466
55.959999999997436,1.0130054607117776,2.3243492869690906e-6,2.3373694056101475,0.09367583270381194
55.969999999997434,1.0130054603749483,2.4046656630440983e-6,2.337369415168794,0.09367585634895555
55.97999999999743,1.0130054602099343,2.484890256504439e-6,2.3373694275476993,0.09367588079681931
55.98999999999743,1.0130054602187528,2.5650046461513577e-6,2.337369442753864,0.09367590604639332
55.99999999999743,1.013005460403384,2.6449903019630446e-6,2.3373694607938016,0.09367593209648307
56.009999999997426,1.0130054607657728,2.7248285901726714e-6,2.3373694816735346,0.09367595894570814
56.019999999997424,1.0130054613078272,2.8045007781469904e-6,2.3373695053985952,0.09367598659250122
56.02999999999742,1.0130054620314182,2.883988038109369e-6,2.3373695319740055,0.09367601503510727
56.03999999999742,1.013005462938379,2.9632714522240163e-6,2.3373695614042655,0.09367604427158249
56.04999999999742,1.0130054640305044,3.0423320181745425e-6,2.3373695936933507,0.09367607429979352
56.059999999997416,1.0130054653095506,3.1211506534523502e-6,2.337369628844697,0.0936761051174165
56.069999999997414,1.0130054667772344,3.1997082011239167e-6,2.337369666861192,0.09367613672193638
56.07999999999741,1.013005468435233,3.2779854348718943e-6,2.3373697077451667,0.09367616911064618
56.08999999999741,1.013005470285182,3.35596306473376e-6,2.3373697514983762,0.09367620228064641
56.09999999999741,1.0130054723286779,3.4336217430095086e-6,2.3373697981220083,0.0936762362288443
56.109999999997406,1.0130054745672736,3.5109420695213943e-6,2.337369847616651,0.0936762709519534
56.119999999997404,1.013005477002481,3.5879045986445615e-6,2.3373698999822983,0.09367630644649302
56.1299999999974,1.01300547963577,3.6644898446438673e-6,2.3373699552183385,0.09367634270878779
56.1399999999974,1.0130054824685668,3.740678287753991e-6,2.3373700133235458,0.09367637973496727
56.1499999999974,1.013005485502254,3.8164503805882074e-6,2.3373700742960586,0.09367641752096574
56.159999999997396,1.013005488738171,3.891786555188751e-6,2.337370138133388,0.09367645606252185
56.169999999997394,1.0130054921776122,3.96666722861239e-6,2.337370204832399,0.09367649535517854
56.17999999999739,1.013005495821827,4.041072809745538e-6,2.337370274389303,0.09367653539428279
56.18999999999739,1.013005499672019,4.114983707020848e-6,2.3373703467996454,0.09367657617498577
56.19999999999739,1.0130055037293464,4.188380334406487e-6,2.337370422058303,0.09367661769224273
56.209999999997386,1.0130055079949214,4.261243118894881e-6,2.3373705001594782,0.09367665994081299
56.219999999997384,1.0130055124698085,4.333552506676661e-6,2.3373705810966805,0.09367670291526042
56.22999999999738,1.0130055171550256,4.40528897136114e-6,2.337370664862728,0.09367674660995343
56.23999999999738,1.0130055220515435,4.476433020410135e-6,2.3373707514497393,0.09367679101906516
56.24999999999738,1.0130055271602831,4.546965201920324e-6,2.3373708408491165,0.09367683613657425
56.259999999997376,1.013005532482119,4.6168661137249035e-6,2.3373709330515555,0.09367688195626496
56.269999999997374,1.0130055380178753,4.686116408990465e-6,2.3373710280470195,0.0936769284717278
56.27999999999737,1.0130055437683276,4.7546968043131695e-6,2.3373711258247476,0.09367697567636016
56.28999999999737,1.013005549734202,4.822588087538498e-6,2.3373712263732433,0.09367702356336685
56.29999999999737,1.0130055559161744,4.889771124690416e-6,2.3373713296802663,0.09367707212576105
56.309999999997366,1.0130055623148695,4.956226868086426e-6,2.337371435732829,0.09367712135636502
56.319999999997364,1.0130055689308628,5.021936363686389e-6,2.3373715445171968,0.09367717124781094
56.32999999999736,1.0130055757646779,5.086880758811793e-6,2.3373716560188758,0.09367722179254194
56.33999999999736,1.0130055828167872,5.1510413093929235e-6,2.337371770222608,0.09367727298281325
56.34999999999736,1.0130055900876112,5.214399388161182e-6,2.337371887112376,0.09367732481069317
56.359999999997356,1.0130055975775187,5.276936492328744e-6,2.337372006671384,0.0936773772680644
56.369999999997354,1.0130056052868261,5.338634250877374e-6,2.337372128882074,0.09367743034662518
56.37999999999735,1.0130056132157979,5.399474432567356e-6,2.337372253726109,0.09367748403789079
56.38999999999735,1.0130056213646448,5.459438953468249e-6,2.3373723811843683,0.09367753833319495
56.39999999999735,1.0130056297335248,5.518509884514056e-6,2.337372511236956,0.09367759322369121
56.409999999997346,1.0130056383225434,5.5766694595929355e-6,2.3373726438632,0.09367764870035475
56.419999999997344,1.0130056471317521,5.633900082375786e-6,2.337372779041631,0.09367770475398383
56.42999999999734,1.013005656161148,5.690184334505895e-6,2.337372916750007,0.09367776137520174
56.43999999999734,1.0130056654106752,5.745504983300336e-6,2.3373730569652897,0.09367781855445846
56.44999999999734,1.0130056748802232,5.799844989403335e-6,2.3373731996636637,0.09367787628203258
56.459999999997336,1.0130056845696285,5.853187513370982e-6,2.337373344820527,0.09367793454803329
56.469999999997334,1.013005694478671,5.905515923589396e-6,2.3373734924104865,0.09367799334240248
56.47999999999733,1.0130057046070786,5.9568138040682505e-6,2.337373642407377,0.09367805265491665
56.48999999999733,1.0130057149545229,6.007064960787652e-6,2.33737379478424,0.09367811247518944
56.49999999999733,1.013005725520622,6.056253429685516e-6,2.3373739495133448,0.09367817279267354
56.509999999997326,1.0130057363049372,6.104363483296171e-6,2.337374106566171,0.0936782335966633
56.519999999997324,1.013005747306977,6.151379639234162e-6,2.3373742659134362,0.09367829487629689
56.52999999999732,1.0130057585261945,6.197286665247453e-6,2.3373744275250803,0.09367835662055893
56.53999999999732,1.013005769961987,6.242069586992704e-6,2.3373745913702697,0.0936784188182831
56.54999999999732,1.0130057816136973,6.285713695381853e-6,2.3373747574174124,0.09367848145815454
56.559999999997316,1.013005793480613,6.328204552843448e-6,2.337374925634149,0.09367854452871277
56.569999999997314,1.0130058055619673,6.369528000337899e-6,2.337375095987375,0.09367860801835418
56.57999999999731,1.0130058178569377,6.409670163109659e-6,2.3373752684432296,0.09367867191533508
56.58999999999731,1.013005830364647,6.448617457604768e-6,2.3373754429671023,0.09367873620777448
56.59999999999731,1.013005843084163,6.486356598265151e-6,2.3373756195236526,0.09367880088365702
56.60999999999731,1.0130058560144994,6.522874603155649e-6,2.3373757980768044,0.09367886593083596
56.619999999997304,1.0130058691546144,6.558158800129994e-6,2.3373759785897583,0.09367893133703632
56.6299999999973,1.0130058825034118,6.592196832837393e-6,2.3373761610249946,0.09367899708985804
56.6399999999973,1.0130058960597406,6.6249766666206904e-6,2.337376345344285,0.09367906317677896
56.6499999999973,1.013005909822396,6.656486594455456e-6,2.337376531508698,0.09367912958515834
56.6599999999973,1.0130059237901192,6.6867152424142625e-6,2.337376719478611,0.09367919630223989
56.669999999997295,1.013005937961596,6.715651574839912e-6,2.3373769092137127,0.09367926331515543
56.67999999999729,1.0130059523354602,6.743284900032279e-6,2.3373771006730206,0.09367933061092801
56.68999999999729,1.0130059669102909,6.7696048754240285e-6,2.337377293814888,0.09367939817647553
56.69999999999729,1.0130059816846135,6.794601512449543e-6,2.3373774885970056,0.09367946599861429
56.70999999999729,1.0130059966569012,6.818265181498275e-6,2.3373776849764245,0.09367953406406247
56.719999999997285,1.0130060118255735,6.840586617027182e-6,2.3373778829095597,0.09367960235944375
56.72999999999728,1.0130060271889976,6.861556921580417e-6,2.337378082352203,0.09367967087129098
56.73999999999728,1.0130060427454883,6.881167571051702e-6,2.3373782832595342,0.09367973958604996
56.74999999999728,1.013006058493309,6.899410417771595e-6,2.3373784855861337,0.09367980849008302
56.75999999999728,1.0130060744306704,6.916277695768059e-6,2.3373786892859942,0.093679877569673
56.769999999997275,1.0130060905557319,6.931762024252683e-6,2.3373788943125313,0.09367994681102704
56.77999999999727,1.013006106866603,6.945856411931695e-6,2.3373791006185995,0.09368001620028028
56.78999999999727,1.0130061233613414,6.958554259893205e-6,2.337379308156502,0.09368008572350008
56.79999999999727,1.0130061400379553,6.969849365836112e-6,2.3373795168780043,0.09368015536668964
56.80999999999727,1.0130061568944029,6.979735927262378e-6,2.337379726734356,0.09368022511579217
56.819999999997265,1.0130061739285932,6.988208544339563e-6,2.337379937676292,0.09368029495669493
56.82999999999726,1.0130061911383852,6.995262223390618e-6,2.3373801496540514,0.0936803648752332
56.83999999999726,1.0130062085215907,7.000892380075317e-6,2.3373803626173975,0.09368043485719427
56.84999999999726,1.0130062260759731,7.005094840933394e-6,2.3373805765156255,0.09368050488832173
56.85999999999726,1.0130062437992482,7.00786584711424e-6,2.337380791297584,0.09368057495431953
56.869999999997255,1.0130062616890847,7.009202056223141e-6,2.3373810069116816,0.093680645040856
56.87999999999725,1.013006279743105,7.009100544357377e-6,2.3373812233059117,0.0936807151335682
56.88999999999725,1.0130062979588859,7.007558808454243e-6,2.3373814404278614,0.09368078521806605
56.89999999999725,1.0130063163339578,7.00457476834852e-6,2.337381658224728,0.09368085527993665
56.90999999999725,1.013006334865807,7.000146768491223e-6,2.3373818766433416,0.09368092530474822
56.919999999997245,1.0130063535518758,6.9942735792471135e-6,2.337382095630174,0.09368099527805474
56.92999999999724,1.0130063723895626,6.9869543979217885e-6,2.3373823151313564,0.09368106518539984
56.93999999999724,1.0130063913762224,6.978188851011861e-6,2.3373825350927,0.09368113501232145
56.94999999999724,1.0130064105091687,6.967976994450875e-6,2.3373827554597115,0.09368120474435579
56.95999999999724,1.0130064297856727,6.956319314805528e-6,2.3373829761776057,0.09368127436704185
56.969999999997235,1.0130064492029645,6.943216730011125e-6,2.3373831971913277,0.09368134386592564
56.97999999999723,1.0130064687582334,6.928670589846857e-6,2.337383418445568,0.09368141322656451
56.98999999999723,1.0130064884486303,6.912682677038857e-6,2.3373836398847794,0.09368148243453146
56.99999999999723,1.0130065082712656,6.8952552064439226e-6,2.3373838614531954,0.09368155147541947
57.00999999999723,1.0130065282232128,6.876390826053723e-6,2.3373840830948525,0.09368162033484584
57.019999999997225,1.0130065483015072,6.856092615855225e-6,2.337384304753602,0.0936816889984565
57.02999999999722,1.0130065685031464,6.8343640889376065e-6,2.337384526373122,0.09368175745193041
57.03999999999722,1.013006588825094,6.811209190515863e-6,2.337384747896953,0.09368182568098367
57.04999999999722,1.0130066092642769,6.786632296654358e-6,2.3373849692685016,0.0936818936713742
57.05999999999722,1.013006629817588,6.760638214634351e-6,2.337385190431065,0.0936819614089056
57.069999999997215,1.0130066504818855,6.733232181847274e-6,2.3373854113278383,0.09368202887943193
57.07999999999721,1.0130066712539962,6.7044198647621405e-6,2.337385631901954,0.0936820960688616
57.08999999999721,1.0130066921307146,6.674207357331304e-6,2.337385852096482,0.09368216296316187
57.09999999999721,1.0130067131088027,6.642601180210549e-6,2.3373860718544526,0.09368222954836312
57.10999999999721,1.0130067341849933,6.6096082791127006e-6,2.337386291118878,0.09368229581056302
57.119999999997205,1.0130067553559894,6.575236023680938e-6,2.337386509832771,0.09368236173593084
57.1299999999972,1.0130067766184652,6.53949220451374e-6,2.3373867279391587,0.0936824273107116
57.1399999999972,1.0130067979690671,6.502385032700699e-6,2.3373869453811063,0.09368249252123038
57.1499999999972,1.0130068194044148,6.463923136313859e-6,2.3373871621017313,0.09368255735389645
57.1599999999972,1.013006840921102,6.424115559651093e-6,2.3373873780442254,0.09368262179520746
57.169999999997195,1.0130068625156965,6.382971759844391e-6,2.337387593151871,0.09368268583175353
57.17999999999719,1.0130068841847433,6.340501604970961e-6,2.3373878073680627,0.09368274945022143
57.18999999999719,1.013006905924763,6.296715370797289e-6,2.337388020636319,0.09368281263739867
57.19999999999719,1.0130069277322542,6.251623738989105e-6,2.3373882329003117,0.09368287538017747
57.20999999999719,1.0130069496036944,6.205237792899814e-6,2.337388444103875,0.093682937665559
57.219999999997185,1.0130069715355403,6.157569015515569e-6,2.3373886541910247,0.09368299948065717
57.22999999999718,1.0130069935242292,6.108629285761992e-6,2.337388863105986,0.09368306081270276
57.23999999999718,1.0130070155661801,6.058430875392616e-6,2.337389070793198,0.09368312164904724
57.24999999999718,1.013007037657794,6.006986445719566e-6,2.3373892771973424,0.09368318197716684
57.25999999999718,1.0130070597954564,5.954309043320435e-6,2.337389482263363,0.09368324178466621
57.269999999997175,1.0130070819755352,5.900412096376618e-6,2.337389685936471,0.09368330105928253
57.27999999999717,1.0130071041943862,5.845309411949981e-6,2.3373898881621775,0.093683359788889
57.28999999999717,1.0130071264483498,5.789015170476301e-6,2.3373900888863073,0.0936834179614989
57.29999999999717,1.0130071487337546,5.731543922348482e-6,2.33739028805501,0.09368347556526901
57.30999999999717,1.0130071710469177,5.672910583419271e-6,2.3373904856147902,0.0936835325885036
57.319999999997165,1.0130071933841451,5.613130430905928e-6,2.3373906815125136,0.09368358901965788
57.32999999999716,1.013007215741734,5.552219098708067e-6,2.3373908756954345,0.09368364484734155
57.33999999999716,1.0130072381159718,5.490192571998229e-6,2.3373910681112045,0.09368370006032248
57.34999999999716,1.0130072605031404,5.427067183975597e-6,2.337391258707901,0.09368375464753005
57.35999999999716,1.0130072828995134,5.362859609510395e-6,2.337391447434036,0.0936838085980588
57.369999999997155,1.0130073053013604,5.297586860829529e-6,2.3373916342385765,0.09368386190117164
57.37999999999715,1.0130073277049458,5.23126628165729e-6,2.337391819070964,0.09368391454630325
57.38999999999715,1.0130073501065313,5.163915542497275e-6,2.3373920018811254,0.09368396652306336
57.39999999999715,1.0130073725023756,5.095552635168789e-6,2.337392182619501,0.09368401782124014
57.40999999999715,1.013007394888737,5.026195866685654e-6,2.337392361237051,0.09368406843080314
57.419999999997145,1.0130074172618728,4.955863854044852e-6,2.337392537685275,0.0936841183419066
57.42999999999714,1.0130074396180415,4.884575518691649e-6,2.3373927119162325,0.09368416754489244
57.43999999999714,1.0130074619535043,4.812350079892388e-6,2.3373928838825626,0.09368421603029324
57.44999999999714,1.0130074842645245,4.739207048930202e-6,2.3373930535374883,0.09368426378883532
57.45999999999714,1.0130075065473692,4.6651662232959345e-6,2.3373932208348416,0.09368431081144155
57.469999999997135,1.0130075287983114,4.590247679768348e-6,2.3373933857290843,0.09368435708923406
57.47999999999713,1.0130075510136296,4.514471768404465e-6,2.337393548175308,0.09368440261353723
57.48999999999713,1.0130075731896104,4.437859106036971e-6,2.337393708129274,0.09368444737588028
57.49999999999713,1.013007595322548,4.3604305691417036e-6,2.337393865547404,0.09368449136799979
57.50999999999713,1.0130076174087452,4.282207287567104e-6,2.3373940203868133,0.09368453458184249
57.519999999997125,1.0130076394445173,4.203210637571978e-6,2.3373941726053236,0.09368457700956762
57.52999999999712,1.0130076614261885,4.123462234456659e-6,2.337394322161468,0.09368461864354938
57.53999999999712,1.013007683350097,4.042983925739931e-6,2.3373944690145154,0.09368465947637926
57.54999999999712,1.0130077052125939,3.961797784157923e-6,2.337394613124487,0.09368469950086841
57.55999999999712,1.0130077270100448,3.879926100151375e-6,2.3373947544521667,0.09368473871004979
57.569999999997115,1.0130077487388314,3.7973913740094835e-6,2.3373948929591184,0.09368477709718023
57.57999999999711,1.0130077703953508,3.7142163091209607e-6,2.337395028607693,0.09368481465574273
57.58999999999711,1.013007791976019,3.6304238037580666e-6,2.337395161361057,0.09368485137944824
57.59999999999711,1.0130078134772698,3.5460369434843532e-6,2.337395291183194,0.09368488726223761
57.60999999999711,1.0130078348955571,3.4610789929728764e-6,2.3373954180389265,0.09368492229828347
57.619999999997106,1.013007856227355,3.375573388416592e-6,2.3373955418939185,0.09368495648199193
57.6299999999971,1.0130078774691595,3.28954372953961e-6,2.3373956627147052,0.09368498980800434
57.6399999999971,1.0130078986174889,3.203013771219395e-6,2.3373957804686913,0.09368502227119883
57.6499999999971,1.0130079196688855,3.116007415497649e-6,2.337395895124178,0.09368505386669176
57.6599999999971,1.0130079406199164,3.02854870244021e-6,2.337396006650359,0.09368508458983925
57.669999999997096,1.0130079614671734,2.9406618024808663e-6,2.3373961150173503,0.0936851144362385
57.679999999997094,1.013007982207276,2.852371007885956e-6,2.337396220196188,0.093685143401729
57.68999999999709,1.01300800283687,2.763700723456445e-6,2.337396322158851,0.0936851714823937
57.69999999999709,1.0130080233526304,2.6746754586742413e-6,2.337396420878267,0.09368519867456022
57.70999999999709,1.0130080437512616,2.585319818178249e-6,2.3373965163283263,0.09368522497480165
57.719999999997086,1.0130080640294976,2.4956584933678602e-6,2.3373966084838877,0.09368525037993765
57.729999999997084,1.013008084184105,2.4057162535267377e-6,2.3373966973208025,0.09368527488703517
57.73999999999708,1.0130081042118808,2.3155179360823087e-6,2.33739678281591,0.0936852984934092
57.74999999999708,1.0130081241096571,2.2250884382422932e-6,2.3373968649470593,0.09368532119662333
57.75999999999708,1.013008143874298,2.1344527070852227e-6,2.3373969436931095,0.09368534299449052
57.769999999997076,1.0130081635027028,2.043635731357004e-6,2.3373970190339435,0.09368536388507334
57.779999999997074,1.0130081829918078,1.9526625320954466e-6,2.337397090950487,0.09368538386668444
57.78999999999707,1.0130082023385845,1.8615581518903951e-6,2.3373971594247016,0.09368540293788674
57.79999999999707,1.0130082215400424,1.7703476471830412e-6,2.3373972244396053,0.09368542109749374
57.80999999999707,1.0130082405932288,1.6790560774606036e-6,2.337397285979271,0.09368543834456951
57.819999999997066,1.0130082594952308,1.5877084966528042e-6,2.33739734402885,0.09368545467842859
57.829999999997064,1.013008278243174,1.4963299430966203e-6,2.337397398574559,0.09368547009863618
57.83999999999706,1.0130082968342258,1.404945430517029e-6,2.337397449603706,0.09368548460500761
57.84999999999706,1.0130083152655946,1.3135799377641863e-6,2.3373974971046865,0.09368549819760821
57.85999999999706,1.0130083335345315,1.222258399449524e-6,2.337397541066998,0.09368551087675288
57.869999999997056,1.013008351638329,1.1310056960022584e-6,2.337397581481232,0.09368552264300564
57.879999999997054,1.013008369574325,1.0398466450292621e-6,2.3373976183391,0.09368553349717898
57.88999999999705,1.0130083873399003,9.488059901229737e-7,2.33739765163342,0.09368554344033324
57.89999999999705,1.013008404932482,8.579083923238713e-7,2.3373976813581394,0.09368555247377569
57.90999999999705,1.0130084223495424,7.671784193238435e-7,2.3373977075083214,0.09368556059905983
57.919999999997046,1.0130084395886,6.766405364060195e-7,2.3373977300801654,0.09368556781798433
57.929999999997044,1.0130084566472206,5.863190966638327e-7,2.3373977490709965,0.09368557413259199
57.93999999999704,1.0130084735230178,4.962383311012583e-7,2.337397764479277,0.0936855795451685
57.94999999999704,1.013008490213653,4.0642233944680773e-7,2.337397776304612,0.09368558405824119
57.95999999999704,1.0130085067168368,3.168950799120958e-7,2.337397784547745,0.09368558767457774
57.969999999997036,1.01300852303033,2.2768035926847936e-7,2.337397789210566,0.0936855903971846
57.979999999997034,1.0130085391519428,1.3880182397970837e-7,2.3373977902961025,0.09368559222930556
57.98999999999703,1.0130085550795356,5.028295007689056e-8,2.3373977878085332,0.09368559317442
57.99999999999703,1.0130085708110208,-3.785296608165725e-8,2.337397781753186,0.09368559323624115
58.00999999999703,1.0130085863443625,-1.255828180375818e-7,2.337397772136528,0.09368559241871428
58.019999999997026,1.0130086016775763,-2.1288369799303215e-7,2.33739775896618,0.09368559072601473
58.029999999997024,1.0130086168087307,-2.9973290667148686e-7,2.337397742250899,0.0936855881625459
58.03999999999702,1.013008631735947,-3.8610796182078326e-7,2.3373977220005906,0.09368558473293712
58.04999999999702,1.0130086464574006,-4.7198660801258374e-7,2.3373976982263023,0.09368558044204141
58.05999999999702,1.0130086609713205,-5.573468263959223e-7,2.33739767094022,0.09368557529493308
58.069999999997016,1.0130086752759897,-6.421668430217787e-7,2.337397640155666,0.09368556929690558
58.079999999997014,1.013008689369747,-7.264251381171784e-7,2.337397605887098,0.09368556245346864
58.08999999999701,1.0130087032509847,-8.101004553052439e-7,2.3373975681500934,0.0936855547703461
58.09999999999701,1.0130087169181514,-8.931718093886978e-7,2.3373975269613663,0.0936855462534728
58.10999999999701,1.0130087303697517,-9.756184964738107e-7,2.33739748233874,0.09368553690899216
58.119999999997006,1.0130087436043451,-1.0574201018134079e-6,2.337397434301155,0.0936855267432532
58.129999999997004,1.0130087566205483,-1.138556507896491e-6,2.3373973828686623,0.09368551576280754
58.139999999997,1.0130087694170342,-1.2190079037360255e-6,2.33739732806241,0.09368550397440645
58.149999999997,1.0130087819925324,-1.2987547925288428e-6,2.337397269904641,0.09368549138499785
58.159999999997,1.0130087943458292,-1.3777780000266205e-6,2.337397208418681,0.09368547800172294
58.169999999996996,1.0130088064757687,-1.4560586819183733e-6,2.337397143628939,0.093685463831913
58.179999999996994,1.0130088183812516,-1.5335783322927225e-6,2.337397075560888,0.09368544888308612
58.18999999999699,1.0130088300612363,-1.6103187909023832e-6,2.337397004241061,0.09368543316294368
58.19999999999699,1.0130088415147387,-1.6862622505735302e-6,2.33739692969704,0.09368541667936699
58.20999999999699,1.0130088527408319,-1.7613912648464818e-6,2.337396851957446,0.09368539944041353
58.219999999996986,1.0130088637386476,-1.835688754103349e-6,2.3373967710519303,0.09368538145431346
58.229999999996984,1.0130088745073749,-1.9091380140000022e-6,2.3373966870111547,0.09368536272946587
58.23999999999698,1.0130088850462597,-1.9817227212226195e-6,2.337396599866787,0.09368534327443505
58.24999999999698,1.0130088953546073,-2.0534269397754986e-6,2.3373965096514913,0.09368532309794647
58.25999999999698,1.0130089054317803,-2.1242351288261505e-6,2.3373964163989043,0.09368530220888308
58.269999999996976,1.0130089152771986,-2.194132147157159e-6,2.3373963201436325,0.09368528061628119
58.279999999996974,1.0130089248903398,-2.26310326038034e-6,2.337396220921223,0.09368525832932656
58.28999999999697,1.0130089342707398,-2.3311341456736937e-6,2.3373961187681704,0.09368523535735017
58.29999999999697,1.0130089434179916,-2.398210898287922e-6,2.337396013721881,0.09368521170982413
58.30999999999697,1.0130089523317454,-2.46432003634542e-6,2.3373959058206695,0.09368518739635762
58.319999999996966,1.013008961011709,-2.529448505582134e-6,2.3373957951037343,0.09368516242669236
58.329999999996964,1.013008969457647,-2.5935836850017877e-6,2.337395681611152,0.09368513681069855
58.33999999999696,1.0130089776693816,-2.656713390658829e-6,2.337395565383849,0.09368511055837031
58.34999999999696,1.0130089856467905,-2.7188258806115442e-6,2.3373954464635855,0.09368508367982153
58.35999999999696,1.0130089933898092,-2.7799098586963003e-6,2.3373953248929493,0.09368505618528117
58.369999999996956,1.013009000898429,-2.8399544791488098e-6,2.3373952007153194,0.09368502808508897
58.379999999996954,1.013009008172696,-2.8989493492522147e-6,2.3373950739748537,0.09368499938969084
58.38999999999695,1.0130090152127138,-2.956884533021955e-6,2.337394944716481,0.09368497010963434
58.39999999999695,1.0130090220186405,-3.0137505549146883e-6,2.3373948129858606,0.0936849402555641
58.40999999999695,1.013009028590689,-3.0695384023444283e-6,2.337394678829379,0.09368490983821717
58.419999999996946,1.013009034929127,-3.1242395278737878e-6,2.3373945422941156,0.09368487886841848
58.429999999996944,1.0130090410342762,-3.1778458518071782e-6,2.3373944034278336,0.09368484735707602
58.43999999999694,1.0130090469065132,-3.2303497643394924e-6,2.337394262278952,0.09368481531517622
58.44999999999694,1.0130090525462665,-3.2817441273319263e-6,2.3373941188965217,0.09368478275377935
58.45999999999694,1.0130090579540196,-3.332022276047738e-6,2.3373939733302116,0.09368474968401451
58.469999999996936,1.0130090631303075,-3.3811780204541628e-6,2.3373938256302735,0.09368471611707525
58.479999999996934,1.013009068075717,-3.4292056460384113e-6,2.3373936758475318,0.09368468206421456
58.48999999999693,1.0130090727908867,-3.476099914243052e-6,2.3373935240333488,0.09368464753674023
58.49999999999693,1.0130090772765072,-3.5218560635756598e-6,2.3373933702396132,0.09368461254601004
58.50999999999693,1.0130090815333188,-3.566469809418498e-6,2.3373932145186984,0.09368457710342705
58.51999999999693,1.0130090855621123,-3.6099373435676133e-6,2.3373930569234638,0.09368454122043463
58.529999999996924,1.0130090893637278,-3.6522553348436255e-6,2.3373928975072045,0.093684504908512
58.53999999999692,1.0130090929390538,-3.6934209274991483e-6,2.3373927363236353,0.09368446817916933
58.54999999999692,1.0130090962890281,-3.7334317403507937e-6,2.3373925734268837,0.09368443104394282
58.55999999999692,1.013009099414636,-3.7722858662934288e-6,2.337392408871435,0.09368439351439019
58.56999999999692,1.013009102316909,-3.8099818707257938e-6,2.337392242712125,0.09368435560208595
58.579999999996915,1.0130091049969263,-3.846518788929759e-6,2.337392075004116,0.09368431731861648
58.58999999999691,1.0130091074558119,-3.881896125161023e-6,2.337391905802858,0.0936842786755755
58.59999999999691,1.0130091096947353,-3.9161138496858725e-6,2.3373917351640783,0.09368423968455938
58.60999999999691,1.0130091117149105,-3.9491723966005265e-6,2.3373915631437403,0.09368420035716248
58.61999999999691,1.013009113517595,-3.981072660815292e-6,2.337391389798032,0.09368416070497247
58.629999999996905,1.0130091151040892,-4.011815995128955e-6,2.3373912151833274,0.09368412073956575
58.6399999999969,1.013009116475736,-4.04140420690498e-6,2.3373910393561728,0.09368408047250301
58.6499999999969,1.0130091176339198,-4.0698395547105206e-6,2.337390862373247,0.09368403991532455
58.6599999999969,1.0130091185800658,-4.097124744145916e-6,2.337390684291347,0.09368399907954582
58.6699999999969,1.0130091193156388,-4.123262924105226e-6,2.3373905051673507,0.09368395797665308
58.679999999996895,1.0130091198421425,-4.148257681777848e-6,2.3373903250581978,0.09368391661809886
58.68999999999689,1.0130091201611207,-4.1721130390252e-6,2.3373901440208718,0.09368387501529753
58.69999999999689,1.013009120274153,-4.194833447697684e-6,2.337389962112353,0.0936838331796213
58.70999999999689,1.0130091201828568,-4.216423783721504e-6,2.3373897793896066,0.09368379112239553
58.71999999999689,1.0130091198888849,-4.236889342491796e-6,2.337389595909555,0.09368374885489493
58.729999999996885,1.0130091193939252,-4.256235832978898e-6,2.337389411729048,0.09368370638833899
58.73999999999688,1.013009118699701,-4.274469372546493e-6,2.337389226904845,0.09368366373388813
58.74999999999688,1.0130091178079677,-4.291596480835735e-6,2.3373890414935765,0.09368362090263967
58.75999999999688,1.0130091167205133,-4.307624073922174e-6,2.337388855551728,0.09368357790562361
58.76999999999688,1.0130091154391585,-4.3225594572796095e-6,2.3373886691356147,0.09368353475379892
58.779999999996875,1.013009113965754,-4.336410319912414e-6,2.337388482301353,0.09368349145804959
58.78999999999687,1.0130091123021812,-4.349184728019216e-6,2.3373882951048373,0.09368344802918077
58.79999999999687,1.0130091104503498,-4.360891117361374e-6,2.337388107601711,0.09368340447791514
58.80999999999687,1.0130091084121982,-4.3715382867169056e-6,2.3373879198473513,0.09368336081488918
58.81999999999687,1.0130091061896915,-4.38113539088319e-6,2.337387731896831,0.09368331705064963
58.829999999996865,1.0130091037848217,-4.389691932527929e-6,2.3373875438049123,0.09368327319564994
58.83999999999686,1.013009101199606,-4.39721775521245e-6,2.337387355626007,0.09368322926024679
58.84999999999686,1.013009098436087,-4.403723035796167e-6,2.337387167414165,0.09368318525469671
58.85999999999686,1.0130090954963296,-4.409218276596555e-6,2.33738697922304,0.0936831411891529
58.86999999999686,1.0130090923824215,-4.413714297376406e-6,2.3373867911058728,0.09368309707366193
58.879999999996855,1.0130090890964736,-4.4172222267693285e-6,2.3373866031154757,0.09368305291816062
58.88999999999685,1.0130090856406162,-4.41975349477338e-6,2.3373864153041986,0.09368300873247294
58.89999999999685,1.013009082017,-4.421319824382824e-6,2.3373862277239117,0.09368296452630723
58.90999999999685,1.0130090782277954,-4.421933222332174e-6,2.337386040425992,0.09368292030925295
58.91999999999685,1.01300907427519,-4.421605971956792e-6,2.337385853461288,0.09368287609077826
58.929999999996845,1.0130090701613887,-4.420350623471211e-6,2.33738566688011,0.09368283188022718
58.93999999999684,1.013009065888613,-4.418179985634661e-6,2.337385480732207,0.0936827876868168
58.94999999999684,1.0130090614590996,-4.415107116660294e-6,2.3373852950667513,0.09368274351963495
58.95999999999684,1.0130090568750996,-4.411145315980024e-6,2.3373851099323093,0.09368269938763757
58.96999999999684,1.013009052138877,-4.406308114676502e-6,2.3373849253768313,0.09368265529964664
58.979999999996835,1.0130090472527093,-4.400609266693798e-6,2.337384741447637,0.09368261126434749
58.98999999999683,1.013009042218885,-4.394062739992124e-6,2.3373845581913852,0.09368256729028691
58.99999999999683,1.0130090370397036,-4.386682707267972e-6,2.337384375654065,0.09368252338587107
59.00999999999683,1.0130090317174743,-4.378483536558156e-6,2.3373841938809847,0.0936824795593633
59.01999999999683,1.013009026254515,-4.369479782713306e-6,2.3373840129167442,0.09368243581888235
59.029999999996825,1.0130090206531521,-4.359686178041642e-6,2.337383832805224,0.09368239217240054
59.03999999999682,1.0130090149157192,-4.349117622941707e-6,2.3373836535895722,0.09368234862774202
59.04999999999682,1.013009009044555,-4.3377891766234365e-6,2.337383475312192,0.0936823051925811
59.05999999999682,1.0130090030420051,-4.325716048476767e-6,2.337383298014722,0.09368226187444074
59.06999999999682,1.013008996910418,-4.3129135882876265e-6,2.33738312173802,0.09368221868069122
59.079999999996815,1.0130089906521467,-4.299397276731333e-6,2.337382946522162,0.09368217561854852
59.08999999999681,1.0130089842695467,-4.2851827169253e-6,2.337382772406424,0.09368213269507324
59.09999999999681,1.0130089777649753,-4.270285625285948e-6,2.3373825994292683,0.09368208991716934
59.10999999999681,1.0130089711407908,-4.254721822104068e-6,2.337382427628331,0.09368204729158312
59.11999999999681,1.013008964399352,-4.238507222243343e-6,2.3373822570404186,0.09368200482490223
59.129999999996805,1.0130089575430163,-4.221657826874365e-6,2.337382087701494,0.0936819625235547
59.1399999999968,1.0130089505741402,-4.204189713874579e-6,2.337381919646666,0.09368192039380814
59.1499999999968,1.0130089434950775,-4.186119029082236e-6,2.3373817529101797,0.09368187844176902
59.1599999999968,1.013008936308179,-4.167461977418155e-6,2.337381587525415,0.09368183667338212
59.1699999999968,1.0130089290157915,-4.148234814253877e-6,2.3373814235248713,0.09368179509442982
59.179999999996795,1.0130089216202571,-4.1284538367093945e-6,2.337381260940162,0.09368175371053188
59.18999999999679,1.0130089141239125,-4.108135374707306e-6,2.3373810998020126,0.09368171252714476
59.19999999999679,1.013008906529088,-4.087295782483724e-6,2.33738094014025,0.09368167154956152
59.20999999999679,1.013008898838107,-4.065951430660411e-6,2.3373807819838035,0.09368163078291161
59.21999999999679,1.0130088910532848,-4.04411869748607e-6,2.3373806253606872,0.09368159023216077
59.229999999996785,1.0130088831769282,-4.021813960622186e-6,2.337380470298007,0.09368154990211097
59.23999999999678,1.0130088752113353,-3.999053588355354e-6,2.33738031682196,0.09368150979740032
59.24999999999678,1.0130088671587931,-3.975853932977104e-6,2.337380164957814,0.09368146992250344
59.25999999999678,1.0130088590215791,-3.9522313211621895e-6,2.337380014729929,0.09368143028173151
59.26999999999678,1.0130088508019586,-3.928202047345395e-6,2.3373798661617315,0.09368139087923257
59.279999999996775,1.0130088425021857,-3.90378236543743e-6,2.337379719275732,0.09368135171899192
59.28999999999677,1.0130088341245012,-3.87898848227287e-6,2.3373795740935184,0.09368131280483258
59.29999999999677,1.0130088256711327,-3.853836548631306e-6,2.3373794306357456,0.09368127414041576
59.30999999999677,1.013008817144294,-3.828342653250098e-6,2.3373792889221514,0.09368123572924146
59.31999999999677,1.0130088085461832,-3.8025228147224704e-6,2.337379148971541,0.09368119757464918
59.329999999996765,1.0130087998789854,-3.776392974558623e-6,2.337379010801809,0.0936811596798185
59.33999999999676,1.0130087911448673,-3.7499689914912553e-6,2.3373788744299175,0.09368112204777014
59.34999999999676,1.0130087823459812,-3.7232666327431444e-6,2.3373787398719195,0.09368108468136654
59.35999999999676,1.0130087734844613,-3.6963015690183698e-6,2.337378607142943,0.0936810475833131
59.36999999999676,1.0130087645624244,-3.66908936735717e-6,2.337378476257213,0.09368101075615891
59.379999999996755,1.0130087555819696,-3.6416454848104947e-6,2.3373783472280394,0.093680974202298
59.38999999999675,1.0130087465451771,-3.613985262508457e-6,2.3373782200678277,0.09368093792397034
59.39999999999675,1.0130087374541086,-3.586123919703033e-6,2.337378094788089,0.09368090192326312
59.40999999999675,1.0130087283108047,-3.5580765480342184e-6,2.337377971399431,0.09368086620211204
59.41999999999675,1.0130087191172874,-3.5298581052554103e-6,2.337377849911578,0.09368083076230242
59.429999999996745,1.0130087098755574,-3.5014834100604697e-6,2.337377730333369,0.09368079560547077
59.43999999999674,1.0130087005875945,-3.472967136801655e-6,2.337377612672769,0.09368076073310613
59.44999999999674,1.0130086912553573,-3.4443238107084435e-6,2.3373774969368677,0.0936807261465515
59.45999999999674,1.0130086818807815,-3.4155678021399475e-6,2.33737738313189,0.0936806918470055
59.46999999999674,1.0130086724657816,-3.386713321285935e-6,2.3373772712632146,0.09368065783552368
59.479999999996735,1.0130086630122488,-3.3577744150072835e-6,2.3373771613353647,0.09368062411302046
59.48999999999673,1.0130086535220513,-3.3287649606938358e-6,2.337377053352024,0.09368059068027051
59.49999999999673,1.0130086439970338,-3.299698662996905e-6,2.3373769473160526,0.09368055753791069
59.50999999999673,1.0130086344390168,-3.270589049181237e-6,2.3373768432294786,0.09368052468644164
59.51999999999673,1.0130086248497978,-3.2414494644230907e-6,2.337376741093528,0.09368049212622961
59.529999999996726,1.0130086152311484,-3.212293069581298e-6,2.3373766409086176,0.09368045985750835
59.53999999999672,1.0130086055848162,-3.183132835986356e-6,2.337376542674371,0.09368042788038099
59.54999999999672,1.0130085959125232,-3.153981542158803e-6,2.337376446389633,0.09368039619482181
59.55999999999672,1.0130085862159663,-3.124851770814071e-6,2.3373763520524715,0.09368036480067837
59.56999999999672,1.0130085764968166,-3.0957559051294297e-6,2.3373762596601972,0.09368033369767337
59.579999999996716,1.0130085667567197,-3.066706125997849e-6,2.3373761692093704,0.09368030288540662
59.589999999996714,1.0130085569972946,-3.0377144092777614e-6,2.3373760806958104,0.09368027236335724
59.59999999999671,1.013008547220134,-3.008792522482178e-6,2.337375994114609,0.09368024213088559
59.60999999999671,1.0130085374268036,-2.9799520224611697e-6,2.337375909460141,0.09368021218723545
59.61999999999671,1.0130085276188434,-2.951204253095861e-6,2.3373758267260825,0.09368018253153598
59.629999999996706,1.013008517797765,-2.9225603426032803e-6,2.3373757459054127,0.0936801531628041
59.639999999996704,1.0130085079650537,-2.89403120153844e-6,2.337375666990433,0.09368012407994654
59.6499999999967,1.0130084981221676,-2.865627520710353e-6,2.3373755899727775,0.09368009528176192
59.6599999999967,1.0130084882705372,-2.837359769895822e-6,2.3373755148434308,0.09368006676694306
59.6699999999967,1.0130084784115652,-2.8092381955417562e-6,2.337375441592733,0.09368003853407929
59.679999999996696,1.0130084685466274,-2.7812728195389083e-6,2.3373753702103954,0.09368001058165845
59.689999999996694,1.0130084586770705,-2.753473437700902e-6,2.337375300685513,0.09367998290806952
59.69999999999669,1.013008448804214,-2.725849618105202e-6,2.3373752330065836,0.09367995551160448
59.70999999999669,1.0130084389293497,-2.698410700379056e-6,2.3373751671615137,0.0936799283904608
59.71999999999669,1.0130084290537416,-2.6711657946493894e-6,2.337375103137636,0.09367990154274371
59.729999999996686,1.0130084191786244,-2.64412378089508e-6,2.3373750409217195,0.09367987496646853
59.739999999996684,1.0130084093052054,-2.6172933075531463e-6,2.337374980499987,0.09367984865956293
59.74999999999668,1.0130083994346646,-2.5906827912294006e-6,2.3373749218581326,0.09367982261986912
59.75999999999668,1.0130083895681528,-2.5643004167754197e-6,2.33737486498132,0.09367979684514657
59.76999999999668,1.013008379706793,-2.5381541361578596e-6,2.3373748098542175,0.09367977133307379
59.779999999996676,1.0130083698516796,-2.5122516686149765e-6,2.3373747564609912,0.09367974608125111
59.789999999996674,1.0130083600038802,-2.486600500200068e-6,2.3373747047853373,0.09367972108720271
59.79999999999667,1.0130083501644325,-2.4612078845860977e-6,2.337374654810482,0.09367969634837925
59.80999999999667,1.0130083403343477,-2.4360808420406034e-6,2.3373746065192047,0.0936796718621598
59.81999999999667,1.0130083305146087,-2.4112261607747653e-6,2.337374559893849,0.09367964762585451
59.829999999996666,1.0130083207061702,-2.3866503969675352e-6,2.3373745149163305,0.09367962363670683
59.839999999996664,1.0130083109099595,-2.3623598749220106e-6,2.337374471568165,0.09367959989189571
59.84999999999666,1.013008301126875,-2.3383606877314986e-6,2.337374429830464,0.09367957638853817
59.85999999999666,1.013008291357789,-2.3146586976990254e-6,2.337374389683965,0.09367955312369128
59.86999999999666,1.0130082816035453,-2.2912595378265767e-6,2.337374351109039,0.09367953009435476
59.879999999996656,1.0130082718649611,-2.2681686117340514e-6,2.3373743140857006,0.09367950729747304
59.889999999996654,1.013008262142825,-2.245391095699592e-6,2.337374278593626,0.09367948472993781
59.89999999999665,1.0130082524379,-2.2229319383934688e-6,2.3373742446121715,0.09367946238858994
59.90999999999665,1.013008242750922,-2.2007958632872916e-6,2.3373742121203795,0.09367944027022208
59.91999999999665,1.0130082330825987,-2.1789873697138294e-6,2.3373741810969926,0.0936794183715807
59.929999999996646,1.0130082234336126,-2.1575107330324464e-6,2.337374151520472,0.09367939668936844
59.939999999996644,1.0130082138046193,-2.136370007492148e-6,2.337374123369006,0.09367937522024626
59.94999999999664,1.0130082041962476,-2.115569026856217e-6,2.3373740966205276,0.09367935396083575
59.95999999999664,1.0130081946091007,-2.095111405703184e-6,2.337374071252723,0.0936793329077212
59.96999999999664,1.0130081850437558,-2.075000541149651e-6,2.337374047243052,0.09367931205745177
59.979999999996636,1.013008175500765,-2.055239615851715e-6,2.337374024568757,0.09367929140654388
59.989999999996634,1.0130081659806542,-2.0358315980519618e-6,2.3373740032068753,0.09367927095148304
59.99999999999663,1.0130081564839244,-2.016779245021349e-6,2.33737398313425,0.0936792506887263
60.0,1.0130081564839244,-2.0167792450149924e-6,2.337373983134249,0.09367925068872629
