time,v,ω,p,φ
0.0,1.0119531762438079,0.0,2.3359772921304294,0.09421549969580546
0.01,1.0119531762438068,3.8793402313382786e-14,2.33597729212655,0.09421549969580552
0.02,1.0119531762438034,1.4934947882519402e-13,2.335977292122767,0.09421549969580632
0.03,1.0119531762437979,3.2194111627501697e-13,2.335977292119101,0.09421549969580856
0.04,1.0119531762437903,5.475746053004084e-13,2.335977292115562,0.09421549969581279
0.05,1.0119531762437808,8.175496046499281e-13,2.335977292112166,0.09421549969581952
0.060000000000000005,1.0119531762437692,1.123731692769901e-12,2.3359772921089133,0.09421549969582912
0.07,1.011953176243756,1.459192800264227e-12,2.335977292105813,0.09421549969584198
0.08,1.0119531762437406,1.8170200630978023e-12,2.3359772921028705,0.09421549969585828
0.09,1.0119531762437235,2.1909037221838895e-12,2.3359772921000874,0.09421549969587825
0.09999999999999999,1.0119531762437048,2.5754273547696088e-12,2.335977292097467,0.09421549969590204
0.10999999999999999,1.0119531762436844,2.9653707243233347e-12,2.335977292095006,0.09421549969592971
0.11999999999999998,1.0119531762436622,3.3563575583875426e-12,2.3359772920927067,0.09421549969596131
0.12999999999999998,1.011953176243639,3.74409860368774e-12,2.3359772920905697,0.09421549969599681
0.13999999999999999,1.0119531762436138,4.124882722611942e-12,2.33597729208859,0.09421549969603613
0.15,1.0119531762435876,4.495666989020789e-12,2.3359772920867665,0.09421549969607923
0.16,1.01195317624356,4.85338589150977e-12,2.335977292085095,0.09421549969612594
0.17,1.0119531762435314,5.1954679187780014e-12,2.3359772920835713,0.09421549969617621
0.18000000000000002,1.011953176243502,5.519977394380944e-12,2.33597729208219,0.09421549969622976
0.19000000000000003,1.011953176243471,5.8250956486686805e-12,2.335977292080949,0.0942154996962865
0.20000000000000004,1.0119531762434393,6.109479580031053e-12,2.3359772920798374,0.09421549969634617
0.21000000000000005,1.0119531762434069,6.372016616477109e-12,2.3359772920788537,0.09421549969640859
0.22000000000000006,1.0119531762433733,6.61185100386029e-12,2.3359772920779887,0.09421549969647351
0.23000000000000007,1.011953176243339,6.828417614015067e-12,2.335977292077239,0.09421549969654072
0.24000000000000007,1.0119531762433038,7.021380521541825e-12,2.3359772920765973,0.09421549969660997
0.25000000000000006,1.011953176243268,7.1907566568050594e-12,2.3359772920760564,0.09421549969668107
0.26000000000000006,1.0119531762432317,7.336503544517521e-12,2.3359772920756123,0.09421549969675372
0.2700000000000001,1.0119531762431946,7.458805038518946e-12,2.3359772920752544,0.09421549969682773
0.2800000000000001,1.011953176243157,7.558331068794253e-12,2.3359772920749817,0.09421549969690282
0.2900000000000001,1.011953176243119,7.635334601695285e-12,2.3359772920747846,0.0942154996969788
0.3000000000000001,1.011953176243081,7.69054852303726e-12,2.3359772920746584,0.09421549969705542
0.3100000000000001,1.0119531762430423,7.72466662115841e-12,2.335977292074595,0.09421549969713251
0.3200000000000001,1.0119531762430032,7.738660783325556e-12,2.3359772920745927,0.09421549969720984
0.3300000000000001,1.0119531762429637,7.733526388605891e-12,2.335977292074643,0.09421549969728721
0.34000000000000014,1.0119531762429241,7.710100490749586e-12,2.335977292074741,0.09421549969736445
0.35000000000000014,1.0119531762428842,7.669581992274468e-12,2.3359772920748814,0.09421549969744138
0.36000000000000015,1.011953176242844,7.61297977970726e-12,2.3359772920750594,0.09421549969751777
0.37000000000000016,1.0119531762428038,7.541525625353862e-12,2.3359772920752717,0.09421549969759355
0.38000000000000017,1.0119531762427634,7.456025721490387e-12,2.335977292075513,0.09421549969766853
0.3900000000000002,1.0119531762427227,7.357737195469668e-12,2.335977292075777,0.09421549969774261
0.4000000000000002,1.0119531762426819,7.2479850011423445e-12,2.335977292076063,0.09421549969781566
0.4100000000000002,1.011953176242641,7.1278797951853e-12,2.335977292076366,0.09421549969788755
0.4200000000000002,1.0119531762426002,6.99854120592432e-12,2.335977292076682,0.09421549969795819
0.4300000000000002,1.0119531762425593,6.86107081371109e-12,2.335977292077009,0.09421549969802748
0.4400000000000002,1.0119531762425182,6.716591645560622e-12,2.3359772920773434,0.09421549969809537
0.45000000000000023,1.0119531762424774,6.565894483799009e-12,2.335977292077684,0.09421549969816177
0.46000000000000024,1.0119531762424363,6.4100773323411905e-12,2.335977292078026,0.09421549969822665
0.47000000000000025,1.011953176242395,6.2501258939382995e-12,2.3359772920783666,0.09421549969828996
0.48000000000000026,1.011953176242354,6.087166775159868e-12,2.335977292078706,0.09421549969835165
0.49000000000000027,1.0119531762423126,5.92185385319073e-12,2.335977292079044,0.0942154996984117
0.5000000000000002,1.0119531762422715,5.755193415117e-12,2.335977292079373,0.0942154996984701
0.5100000000000002,1.0119531762422305,5.5878760667747676e-12,2.335977292079699,0.09421549969852677
0.5200000000000002,1.0119531762421896,5.4202372950875775e-12,2.335977292080018,0.0942154996985818
0.5300000000000002,1.0119531762421488,5.253155403152304e-12,2.3359772920803272,0.09421549969863514
0.5400000000000003,1.0119531762421077,5.087153172150171e-12,2.335977292080626,0.09421549969868684
0.5500000000000003,1.0119531762420668,4.923015771107103e-12,2.335977292080915,0.0942154996987369
0.5600000000000003,1.0119531762420262,4.761092755903727e-12,2.335977292081196,0.09421549969878532
0.5700000000000003,1.0119531762419853,4.601726538041327e-12,2.335977292081463,0.09421549969883214
0.5800000000000003,1.0119531762419447,4.445474732641862e-12,2.335977292081718,0.0942154996988774
0.5900000000000003,1.011953176241904,4.2928366927267655e-12,2.335977292081962,0.09421549969892107
0.6000000000000003,1.0119531762418634,4.14402862119735e-12,2.335977292082193,0.09421549969896324
0.6100000000000003,1.011953176241823,3.9992120066745234e-12,2.3359772920824136,0.09421549969900396
0.6200000000000003,1.0119531762417826,3.858511634977339e-12,2.335977292082621,0.09421549969904326
0.6300000000000003,1.0119531762417422,3.722212688689388e-12,2.3359772920828177,0.09421549969908115
0.6400000000000003,1.0119531762417018,3.5906010524162033e-12,2.3359772920829998,0.09421549969911773
0.6500000000000004,1.0119531762416614,3.463856193712773e-12,2.335977292083172,0.09421549969915301
0.6600000000000004,1.0119531762416212,3.3418730577241127e-12,2.3359772920833333,0.09421549969918705
0.6700000000000004,1.0119531762415812,3.2248134120249485e-12,2.3359772920834847,0.09421549969921987
0.6800000000000004,1.0119531762415412,3.1125103893885404e-12,2.335977292083624,0.09421549969925158
0.6900000000000004,1.0119531762415013,3.0049464911982446e-12,2.3359772920837543,0.09421549969928215
0.7000000000000004,1.0119531762414615,2.902216703795721e-12,2.335977292083875,0.09421549969931169
0.7100000000000004,1.0119531762414218,2.8040534263697884e-12,2.335977292083985,0.09421549969934022
0.7200000000000004,1.0119531762413818,2.7108382528102637e-12,2.3359772920840842,0.09421549969936782
0.7300000000000004,1.0119531762413418,2.622366221453124e-12,2.3359772920841757,0.09421549969939448
0.7400000000000004,1.0119531762413023,2.5384755127269736e-12,2.33597729208426,0.09421549969942028
0.7500000000000004,1.0119531762412628,2.4588701413219493e-12,2.3359772920843365,0.09421549969944527
0.7600000000000005,1.0119531762412233,2.3834018107258494e-12,2.3359772920844075,0.09421549969946946
0.7700000000000005,1.0119531762411837,2.3120127587214963e-12,2.335977292084468,0.09421549969949297
0.7800000000000005,1.0119531762411442,2.2449695124558892e-12,2.335977292084524,0.09421549969951576
0.7900000000000005,1.0119531762411047,2.181689303877522e-12,2.335977292084574,0.0942154996995379
0.8000000000000005,1.0119531762410652,2.122155284580646e-12,2.3359772920846162,0.09421549969955945
0.8100000000000005,1.0119531762410259,2.066297118815756e-12,2.335977292084656,0.09421549969958039
0.8200000000000005,1.0119531762409868,2.0137340363052895e-12,2.3359772920846895,0.09421549969960077
0.8300000000000005,1.0119531762409477,1.96421112877502e-12,2.3359772920847197,0.09421549969962063
0.8400000000000005,1.0119531762409084,1.917715266742084e-12,2.3359772920847455,0.09421549969964006
0.8500000000000005,1.0119531762408691,1.8740957276530172e-12,2.3359772920847663,0.09421549969965903
0.8600000000000005,1.0119531762408303,1.833273002055242e-12,2.335977292084785,0.09421549969967756
0.8700000000000006,1.0119531762407912,1.7948549758203629e-12,2.3359772920847983,0.09421549969969568
0.8800000000000006,1.0119531762407519,1.7588479508736455e-12,2.33597729208481,0.09421549969971348
0.8900000000000006,1.0119531762407128,1.7251596425832227e-12,2.335977292084818,0.09421549969973092
0.9000000000000006,1.011953176240674,1.6936164304857665e-12,2.335977292084825,0.094215499699748
0.9100000000000006,1.011953176240635,1.6639676516830978e-12,2.3359772920848294,0.09421549969976481
0.9200000000000006,1.0119531762405964,1.6358976234077015e-12,2.335977292084834,0.09421549969978127
0.9300000000000006,1.0119531762405578,1.6092719212844414e-12,2.335977292084834,0.0942154996997975
0.9400000000000006,1.0119531762405192,1.5841382204370917e-12,2.3359772920848316,0.09421549969981345
0.9500000000000006,1.0119531762404805,1.5603049935842329e-12,2.33597729208483,0.09421549969982917
0.9600000000000006,1.011953176240442,1.5376044455496146e-12,2.335977292084825,0.09421549969984468
0.9700000000000006,1.0119531762404033,1.5159952828487258e-12,2.3359772920848205,0.09421549969985991
0.9800000000000006,1.0119531762403648,1.4953038265556009e-12,2.335977292084813,0.09421549969987499
0.9900000000000007,1.0119531762403264,1.4755415517964358e-12,2.335977292084804,0.09421549969988981
1.0000000000000007,1.0119531762402878,1.456603600959407e-12,2.3359772920847948,0.09421549969990448
1.0100000000000007,1.0119531762402494,1.4383421432217924e-12,2.3359772920847837,0.09421549969991895
1.0200000000000007,1.0119531762402107,1.4207541564803615e-12,2.3359772920847695,0.09421549969993326
1.0300000000000007,1.0119531762401721,1.4039488741204263e-12,2.3359772920847544,0.09421549969994739
1.0400000000000007,1.0119531762401335,1.3878765761656495e-12,2.335977292084739,0.09421549969996137
1.0500000000000007,1.0119531762400953,1.3724898603659104e-12,2.3359772920847224,0.09421549969997516
1.0600000000000007,1.011953176240057,1.3575838046218217e-12,2.335977292084707,0.09421549969998877
1.0700000000000007,1.011953176240019,1.3429363684861894e-12,2.3359772920846886,0.09421549970000226
1.0800000000000007,1.0119531762399807,1.3285520183966937e-12,2.3359772920846695,0.09421549970001558
1.0900000000000007,1.0119531762399423,1.3144599990515337e-12,2.335977292084649,0.09421549970002879
1.1000000000000008,1.011953176239904,1.3005147983713844e-12,2.3359772920846282,0.09421549970004184
1.1100000000000008,1.011953176239866,1.2868641296590288e-12,2.3359772920846056,0.09421549970005477
1.1200000000000008,1.0119531762398277,1.273574130289824e-12,2.335977292084582,0.09421549970006755
1.1300000000000008,1.0119531762397893,1.2606228640106428e-12,2.335977292084556,0.09421549970008022
1.1400000000000008,1.0119531762397513,1.2479550658670361e-12,2.335977292084532,0.09421549970009274
1.1500000000000008,1.0119531762397131,1.2354857459250155e-12,2.3359772920845043,0.09421549970010518
1.1600000000000008,1.0119531762396747,1.2234048425287122e-12,2.3359772920844755,0.09421549970011749
1.1700000000000008,1.0119531762396365,1.2115996472267334e-12,2.335977292084445,0.09421549970012966
1.1800000000000008,1.0119531762395981,1.2001880337306089e-12,2.335977292084414,0.09421549970014172
1.1900000000000008,1.0119531762395597,1.1891972994879276e-12,2.3359772920843818,0.09421549970015367
1.2000000000000008,1.0119531762395215,1.1785787065422259e-12,2.3359772920843485,0.09421549970016553
1.2100000000000009,1.011953176239483,1.1685027765765155e-12,2.3359772920843134,0.09421549970017726
1.2200000000000009,1.0119531762394447,1.1588435169239155e-12,2.335977292084278,0.09421549970018891
1.2300000000000009,1.0119531762394063,1.1495297914903012e-12,2.335977292084242,0.09421549970020045
1.2400000000000009,1.0119531762393679,1.1405686236194443e-12,2.3359772920842032,0.0942154997002119
1.2500000000000009,1.0119531762393297,1.1319991093670081e-12,2.335977292084166,0.09421549970022326
1.260000000000001,1.0119531762392915,1.1238220932918962e-12,2.335977292084128,0.09421549970023453
1.270000000000001,1.0119531762392533,1.1157559532226355e-12,2.33597729208409,0.09421549970024572
1.280000000000001,1.011953176239215,1.1077229018456616e-12,2.335977292084052,0.09421549970025683
1.290000000000001,1.011953176239177,1.0999011004058777e-12,2.3359772920840105,0.0942154997002679
1.300000000000001,1.0119531762391387,1.0922951468663607e-12,2.3359772920839705,0.09421549970027883
1.310000000000001,1.0119531762391005,1.0849115855676804e-12,2.3359772920839297,0.09421549970028972
1.320000000000001,1.0119531762390621,1.077731917183526e-12,2.335977292083888,0.09421549970030053
1.330000000000001,1.011953176239024,1.0707312181045743e-12,2.3359772920838453,0.09421549970031126
1.340000000000001,1.0119531762389857,1.0640136652265213e-12,2.3359772920838022,0.09421549970032195
1.350000000000001,1.0119531762389475,1.0575751673089137e-12,2.335977292083759,0.09421549970033254
1.360000000000001,1.0119531762389093,1.0513778853829971e-12,2.3359772920837143,0.09421549970034307
1.370000000000001,1.011953176238871,1.0454348391707957e-12,2.33597729208367,0.09421549970035357
1.380000000000001,1.0119531762388327,1.0397281366118637e-12,2.335977292083624,0.09421549970036398
1.390000000000001,1.0119531762387945,1.0342845784761475e-12,2.3359772920835784,0.09421549970037435
1.400000000000001,1.0119531762387561,1.0291028840162757e-12,2.3359772920835318,0.09421549970038466
1.410000000000001,1.011953176238718,1.0241577197411393e-12,2.3359772920834856,0.09421549970039494
1.420000000000001,1.0119531762386798,1.0194176915236478e-12,2.335977292083439,0.09421549970040517
1.430000000000001,1.0119531762386413,1.0150092052561129e-12,2.335977292083392,0.09421549970041534
1.440000000000001,1.0119531762386031,1.010862475209995e-12,2.3359772920833444,0.09421549970042548
1.450000000000001,1.0119531762385647,1.0069160110307829e-12,2.3359772920832977,0.09421549970043558
1.460000000000001,1.0119531762385265,1.0031717792872863e-12,2.3359772920832484,0.09421549970044563
1.470000000000001,1.0119531762384881,9.997120580752362e-13,2.335977292083201,0.09421549970045565
1.480000000000001,1.01195317623845,9.96440239219204e-13,2.3359772920831534,0.09421549970046564
1.490000000000001,1.0119531762384115,9.934266285841047e-13,2.3359772920831046,0.09421549970047559
1.500000000000001,1.0119531762383733,9.906708940149704e-13,2.335977292083056,0.09421549970048551
1.5100000000000011,1.011953176238335,9.880846868858718e-13,2.3359772920830078,0.09421549970049539
1.5200000000000011,1.0119531762382967,9.85731172145203e-13,2.3359772920829593,0.09421549970050527
1.5300000000000011,1.0119531762382583,9.835885571518973e-13,2.335977292082912,0.09421549970051513
1.5400000000000011,1.0119531762382201,9.816410392074913e-13,2.335977292082863,0.09421549970052492
1.5500000000000012,1.0119531762381817,9.798968454912833e-13,2.3359772920828132,0.09421549970053474
1.5600000000000012,1.0119531762381435,9.783775845534218e-13,2.3359772920827657,0.09421549970054453
1.5700000000000012,1.011953176238105,9.769628558827004e-13,2.335977292082718,0.09421549970055433
1.5800000000000012,1.011953176238067,9.756904806553865e-13,2.3359772920826707,0.09421549970056409
1.5900000000000012,1.0119531762380285,9.746571796740541e-13,2.335977292082623,0.09421549970057383
1.6000000000000012,1.0119531762379903,9.736447025130595e-13,2.3359772920825765,0.09421549970058356
1.6100000000000012,1.0119531762379523,9.726447245617446e-13,2.3359772920825312,0.09421549970059329
1.6200000000000012,1.0119531762379141,9.715412402196287e-13,2.3359772920824855,0.09421549970060299
1.6300000000000012,1.0119531762378762,9.70358064896542e-13,2.3359772920824398,0.0942154997006127
1.6400000000000012,1.011953176237838,9.691858919333537e-13,2.335977292082394,0.09421549970062239
1.6500000000000012,1.0119531762377998,9.679781128531783e-13,2.3359772920823496,0.09421549970063207
1.6600000000000013,1.0119531762377616,9.667721251702083e-13,2.3359772920823034,0.09421549970064173
1.6700000000000013,1.0119531762377232,9.65863562996771e-13,2.335977292082257,0.09421549970065142
1.6800000000000013,1.0119531762376848,9.651021110248387e-13,2.335977292082211,0.09421549970066109
1.6900000000000013,1.0119531762376466,9.645835161849928e-13,2.3359772920821653,0.09421549970067078
1.7000000000000013,1.0119531762376082,9.642031508658681e-13,2.3359772920821205,0.09421549970068044
1.7100000000000013,1.01195317623757,9.640409620490914e-13,2.3359772920820747,0.0942154997006901
1.7200000000000013,1.0119531762375316,9.640715554493611e-13,2.3359772920820294,0.09421549970069976
1.7300000000000013,1.0119531762374931,9.642373784789981e-13,2.335977292081984,0.0942154997007094
1.7400000000000013,1.011953176237455,9.645651805666535e-13,2.335977292081939,0.09421549970071906
1.7500000000000013,1.0119531762374165,9.651323985923934e-13,2.3359772920818953,0.0942154997007287
1.7600000000000013,1.0119531762373781,9.657359152263733e-13,2.335977292081851,0.09421549970073836
1.7700000000000014,1.01195317623734,9.664435069221702e-13,2.3359772920818074,0.09421549970074805
1.7800000000000014,1.0119531762373015,9.673033186840439e-13,2.3359772920817647,0.09421549970075771
1.7900000000000014,1.0119531762372633,9.682907149410317e-13,2.3359772920817217,0.09421549970076738
1.8000000000000014,1.011953176237225,9.693614114153306e-13,2.3359772920816804,0.0942154997007771
1.8100000000000014,1.0119531762371865,9.7057965164215e-13,2.3359772920816386,0.09421549970078681
1.8200000000000014,1.0119531762371485,9.718655426820376e-13,2.335977292081598,0.0942154997007965
1.8300000000000014,1.0119531762371106,9.730056014826326e-13,2.335977292081559,0.09421549970080619
1.8400000000000014,1.0119531762370728,9.737798306063562e-13,2.3359772920815236,0.09421549970081591
1.8500000000000014,1.0119531762370348,9.74255137672308e-13,2.335977292081486,0.09421549970082564
1.8600000000000014,1.0119531762369969,9.744691435789333e-13,2.335977292081448,0.09421549970083534
1.8700000000000014,1.0119531762369591,9.744559032056774e-13,2.3359772920814112,0.09421549970084504
1.8800000000000014,1.0119531762369212,9.742861065291612e-13,2.335977292081375,0.09421549970085476
1.8900000000000015,1.0119531762368834,9.739659133812157e-13,2.335977292081338,0.09421549970086449
1.9000000000000015,1.0119531762368454,9.73542588926197e-13,2.3359772920813024,0.09421549970087421
1.9100000000000015,1.0119531762368075,9.729906991418775e-13,2.3359772920812656,0.09421549970088393
1.9200000000000015,1.0119531762367697,9.722959982493228e-13,2.33597729208123,0.09421549970089363
1.9300000000000015,1.0119531762367318,9.716053585069808e-13,2.335977292081194,0.09421549970090333
1.9400000000000015,1.011953176236694,9.708603371107893e-13,2.335977292081158,0.09421549970091304
1.9500000000000015,1.011953176236656,9.701767417895332e-13,2.3359772920811217,0.09421549970092274
1.9600000000000015,1.011953176236618,9.69516932600114e-13,2.335977292081086,0.09421549970093242
1.9700000000000015,1.0119531762365805,9.688395013148248e-13,2.3359772920810515,0.09421549970094209
1.9800000000000015,1.0119531762365428,9.680394148145701e-13,2.3359772920810173,0.09421549970095175
1.9900000000000015,1.0119531762365053,9.670691122487089e-13,2.3359772920809827,0.09421549970096141
2.0000000000000013,1.0119531762364673,9.659535858902431e-13,2.3359772920809467,0.09421549970097105
2.010000000000001,1.0119531762364293,9.649809631112008e-13,2.335977292080911,0.09421549970098071
2.020000000000001,1.0119531762363916,9.641821035080942e-13,2.335977292080875,0.09421549970099037
2.0300000000000007,1.0119531762363536,9.636645721123066e-13,2.3359772920808393,0.09421549970100003
2.0400000000000005,1.0119531762363159,9.633166998858122e-13,2.335977292080803,0.09421549970100968
2.0500000000000003,1.011953176236278,9.632119992070466e-13,2.335977292080766,0.0942154997010193
2.06,1.01195317623624,9.633177116483984e-13,2.3359772920807305,0.09421549970102894
2.07,1.0119531762362022,9.637358888273799e-13,2.335977292080695,0.09421549970103858
2.0799999999999996,1.0119531762361644,9.643359367476516e-13,2.3359772920806603,0.09421549970104823
2.0899999999999994,1.0119531762361267,9.648662991008508e-13,2.3359772920806274,0.09421549970105787
2.099999999999999,1.0119531762360892,9.654425008864868e-13,2.335977292080593,0.0942154997010675
2.109999999999999,1.0119531762360514,9.660069098614825e-13,2.3359772920805595,0.09421549970107716
2.1199999999999988,1.0119531762360139,9.666123640172233e-13,2.3359772920805266,0.09421549970108682
2.1299999999999986,1.0119531762359761,9.672216583350813e-13,2.335977292080493,0.09421549970109648
2.1399999999999983,1.0119531762359384,9.679190940435117e-13,2.335977292080461,0.09421549970110615
2.149999999999998,1.0119531762359009,9.68512930745454e-13,2.3359772920804276,0.09421549970111584
2.159999999999998,1.0119531762358631,9.692724723954385e-13,2.335977292080395,0.09421549970112553
2.1699999999999977,1.0119531762358258,9.70136233150262e-13,2.3359772920803636,0.09421549970113521
2.1799999999999975,1.0119531762357883,9.708378508463838e-13,2.3359772920803343,0.0942154997011449
2.1899999999999973,1.0119531762357505,9.714746123344435e-13,2.335977292080302,0.09421549970115459
2.199999999999997,1.011953176235713,9.722572404488076e-13,2.3359772920802686,0.0942154997011643
2.209999999999997,1.0119531762356753,9.732314878792695e-13,2.335977292080238,0.09421549970117404
2.2199999999999966,1.0119531762356377,9.743603737527366e-13,2.335977292080207,0.0942154997011838
2.2299999999999964,1.0119531762356,9.756324767820305e-13,2.335977292080176,0.09421549970119356
2.239999999999996,1.0119531762355625,9.770178002391176e-13,2.335977292080145,0.09421549970120334
2.249999999999996,1.011953176235525,9.78472245815467e-13,2.335977292080117,0.09421549970121311
2.259999999999996,1.0119531762354874,9.798646633792384e-13,2.3359772920800883,0.09421549970122288
2.2699999999999956,1.0119531762354501,9.812805938039541e-13,2.3359772920800594,0.09421549970123269
2.2799999999999954,1.0119531762354128,9.824981421560745e-13,2.3359772920800337,0.09421549970124249
2.289999999999995,1.0119531762353757,9.834858547647036e-13,2.335977292080007,0.0942154997012523
2.299999999999995,1.0119531762353384,9.842879132330826e-13,2.3359772920799813,0.09421549970126213
2.3099999999999947,1.0119531762353013,9.849525294932055e-13,2.335977292079956,0.09421549970127198
2.3199999999999945,1.011953176235264,9.855262522187967e-13,2.33597729207993,0.09421549970128182
2.3299999999999943,1.0119531762352272,9.859378353261757e-13,2.3359772920799062,0.09421549970129164
2.339999999999994,1.01195317623519,9.860350167464888e-13,2.3359772920798827,0.09421549970130151
2.349999999999994,1.0119531762351532,9.859183495368107e-13,2.335977292079859,0.09421549970131136
2.3599999999999937,1.011953176235116,9.855894815441137e-13,2.3359772920798347,0.09421549970132125
2.3699999999999934,1.0119531762350789,9.853701337443578e-13,2.33597729207981,0.09421549970133111
2.3799999999999932,1.0119531762350416,9.85289459411478e-13,2.335977292079784,0.09421549970134098
2.389999999999993,1.0119531762350045,9.853089596203573e-13,2.3359772920797597,0.09421549970135086
2.399999999999993,1.0119531762349674,9.853173331064913e-13,2.3359772920797357,0.09421549970136073
2.4099999999999926,1.0119531762349305,9.852435443920539e-13,2.3359772920797126,0.0942154997013706
2.4199999999999924,1.0119531762348934,9.852651433974681e-13,2.3359772920796886,0.09421549970138046
2.429999999999992,1.0119531762348566,9.852301076127042e-13,2.3359772920796664,0.09421549970139034
2.439999999999992,1.0119531762348195,9.851601824771942e-13,2.3359772920796424,0.09421549970140018
2.4499999999999917,1.0119531762347826,9.85222476308886e-13,2.335977292079619,0.09421549970141004
2.4599999999999915,1.0119531762347456,9.852683675439238e-13,2.335977292079595,0.0942154997014199
2.4699999999999913,1.011953176234709,9.85383355927691e-13,2.335977292079573,0.09421549970142973
2.479999999999991,1.011953176234672,9.85399908996603e-13,2.33597729207955,0.09421549970143958
2.489999999999991,1.0119531762346354,9.852780102074222e-13,2.3359772920795283,0.09421549970144945
2.4999999999999907,1.0119531762345984,9.850776290543475e-13,2.3359772920795034,0.0942154997014593
2.5099999999999905,1.0119531762345615,9.851205710488095e-13,2.335977292079481,0.09421549970146918
2.5199999999999902,1.0119531762345244,9.852384534440922e-13,2.3359772920794573,0.09421549970147908
2.52999999999999,1.0119531762344878,9.85555292163706e-13,2.335977292079435,0.0942154997014889
2.53999999999999,1.011953176234451,9.85905932998061e-13,2.3359772920794133,0.09421549970149877
2.5499999999999896,1.0119531762344143,9.86355333503355e-13,2.335977292079391,0.09421549970150865
2.5599999999999894,1.0119531762343774,9.867999932864804e-13,2.335977292079369,0.09421549970151852
2.569999999999989,1.011953176234341,9.872827957230744e-13,2.335977292079349,0.0942154997015284
2.579999999999989,1.0119531762343044,9.876413014157452e-13,2.335977292079329,0.09421549970153825
2.5899999999999888,1.0119531762342682,9.879298698228893e-13,2.3359772920793103,0.0942154997015481
2.5999999999999885,1.0119531762342318,9.878052447279792e-13,2.3359772920792907,0.09421549970155796
2.6099999999999883,1.0119531762341956,9.874921260708549e-13,2.3359772920792716,0.09421549970156781
2.619999999999988,1.0119531762341591,9.870326889844195e-13,2.335977292079253,0.09421549970157767
2.629999999999988,1.0119531762341227,9.8647560095527e-13,2.335977292079231,0.09421549970158755
2.6399999999999877,1.011953176234086,9.861344485533089e-13,2.335977292079211,0.0942154997015974
2.6499999999999875,1.01195317623405,9.85924375987814e-13,2.335977292079192,0.09421549970160727
2.6599999999999873,1.0119531762340135,9.856551895150816e-13,2.335977292079173,0.09421549970161712
2.669999999999987,1.0119531762339773,9.853767537023214e-13,2.3359772920791535,0.09421549970162696
2.679999999999987,1.0119531762339409,9.850987751841103e-13,2.335977292079134,0.09421549970163681
2.6899999999999866,1.0119531762339047,9.85018871843793e-13,2.335977292079114,0.09421549970164667
2.6999999999999864,1.0119531762338683,9.848697040797073e-13,2.3359772920790953,0.09421549970165652
2.709999999999986,1.011953176233832,9.848651479983948e-13,2.3359772920790753,0.09421549970166637
2.719999999999986,1.0119531762337959,9.849178677945026e-13,2.3359772920790585,0.09421549970167624
2.7299999999999858,1.01195317623376,9.848466195492159e-13,2.3359772920790403,0.09421549970168609
2.7399999999999856,1.0119531762337237,9.847438076256356e-13,2.335977292079022,0.09421549970169595
2.7499999999999853,1.0119531762336875,9.846578827221637e-13,2.335977292079003,0.09421549970170583
2.759999999999985,1.011953176233651,9.847957027211715e-13,2.335977292078983,0.09421549970171571
2.769999999999985,1.0119531762336151,9.85183674913695e-13,2.335977292078965,0.09421549970172556
2.7799999999999847,1.011953176233579,9.854883467923854e-13,2.335977292078948,0.09421549970173544
2.7899999999999845,1.011953176233543,9.85833139448137e-13,2.3359772920789297,0.0942154997017453
2.7999999999999843,1.0119531762335068,9.862352228591054e-13,2.335977292078911,0.09421549970175518
2.809999999999984,1.0119531762334708,9.868131853478238e-13,2.3359772920788946,0.09421549970176507
2.819999999999984,1.011953176233435,9.87417071899345e-13,2.33597729207888,0.0942154997017749
2.8299999999999836,1.0119531762333995,9.876733148359577e-13,2.3359772920788653,0.09421549970178476
2.8399999999999834,1.0119531762333638,9.87640396548262e-13,2.3359772920788493,0.09421549970179463
2.849999999999983,1.0119531762333283,9.874459769996513e-13,2.3359772920788346,0.0942154997018045
2.859999999999983,1.0119531762332923,9.871493986847587e-13,2.335977292078819,0.0942154997018144
2.869999999999983,1.0119531762332565,9.868265752677678e-13,2.3359772920788036,0.09421549970182429
2.8799999999999826,1.0119531762332208,9.866148558077764e-13,2.335977292078788,0.09421549970183417
2.8899999999999824,1.0119531762331853,9.863225323086476e-13,2.3359772920787725,0.09421549970184404
2.899999999999982,1.0119531762331495,9.8599226821107e-13,2.3359772920787574,0.09421549970185387
2.909999999999982,1.011953176233114,9.856976635186511e-13,2.3359772920787423,0.09421549970186374
2.9199999999999817,1.0119531762330782,9.85462618395406e-13,2.3359772920787276,0.09421549970187361
2.9299999999999815,1.011953176233043,9.85341243766599e-13,2.3359772920787134,0.09421549970188345
2.9399999999999813,1.0119531762330074,9.850843440061751e-13,2.335977292078699,0.0942154997018933
2.949999999999981,1.011953176232972,9.84761727670777e-13,2.3359772920786845,0.09421549970190315
2.959999999999981,1.0119531762329366,9.842727841841799e-13,2.3359772920786703,0.094215499701913
2.9699999999999807,1.011953176232901,9.837910610823728e-13,2.335977292078655,0.09421549970192286
2.9799999999999804,1.0119531762328653,9.835697897242052e-13,2.3359772920786392,0.09421549970193274
2.9899999999999802,1.01195317623283,9.836009555693163e-13,2.3359772920786255,0.09421549970194257
2.99999999999998,1.0119531762327945,9.83679490280165e-13,2.3359772920786104,0.09421549970195241
3.00999999999998,1.0119531762327592,9.83886621014716e-13,2.335977292078596,0.09421549970196226
3.0199999999999796,1.0119531762327236,9.8411532490086e-13,2.335977292078581,0.0942154997019721
3.0299999999999794,1.0119531762326883,9.844178431059302e-13,2.3359772920785664,0.09421549970198197
3.039999999999979,1.0119531762326535,9.847755751674005e-13,2.3359772920785553,0.0942154997019918
3.049999999999979,1.0119531762326184,9.848087336205015e-13,2.335977292078544,0.09421549970200163
3.0599999999999787,1.0119531762325835,9.845553045836557e-13,2.3359772920785327,0.09421549970201147
3.0699999999999785,1.0119531762325484,9.841757277482293e-13,2.3359772920785202,0.09421549970202131
3.0799999999999783,1.0119531762325134,9.836270284317918e-13,2.335977292078508,0.09421549970203116
3.089999999999978,1.0119531762324783,9.831781152991644e-13,2.335977292078496,0.094215499702041
3.099999999999978,1.0119531762324434,9.826930265509936e-13,2.3359772920784847,0.09421549970205086
3.1099999999999777,1.0119531762324083,9.821432247703166e-13,2.3359772920784736,0.09421549970206071
3.1199999999999775,1.0119531762323735,9.814899890100716e-13,2.335977292078462,0.09421549970207055
3.1299999999999772,1.0119531762323384,9.808806372929402e-13,2.3359772920784483,0.09421549970208037
3.139999999999977,1.0119531762323037,9.803737957975044e-13,2.335977292078437,0.09421549970209014
3.149999999999977,1.0119531762322689,9.798608814843152e-13,2.335977292078426,0.09421549970209996
3.1599999999999766,1.0119531762322342,9.792603592628424e-13,2.335977292078415,0.09421549970210975
3.1699999999999764,1.0119531762321994,9.786536970743518e-13,2.3359772920784043,0.09421549970211955
3.179999999999976,1.0119531762321647,9.780159324722514e-13,2.3359772920783923,0.09421549970212936
3.189999999999976,1.0119531762321299,9.77367010527556e-13,2.3359772920783812,0.09421549970213913
3.1999999999999758,1.0119531762320952,9.767049747274637e-13,2.3359772920783692,0.09421549970214893
3.2099999999999755,1.0119531762320604,9.760579878809058e-13,2.335977292078357,0.09421549970215869
3.2199999999999753,1.0119531762320257,9.755458286617677e-13,2.335977292078345,0.09421549970216847
3.229999999999975,1.0119531762319909,9.751934004539028e-13,2.3359772920783324,0.09421549970217825
3.239999999999975,1.0119531762319565,9.74979318192914e-13,2.3359772920783213,0.094215499702188
3.2499999999999747,1.0119531762319218,9.74725327454653e-13,2.335977292078311,0.09421549970219775
3.2599999999999745,1.0119531762318876,9.744607595335767e-13,2.3359772920783013,0.0942154997022075
3.2699999999999743,1.0119531762318532,9.738839146277088e-13,2.3359772920782924,0.09421549970221725
3.279999999999974,1.011953176231819,9.732031950201368e-13,2.335977292078282,0.09421549970222699
3.289999999999974,1.0119531762317846,9.724982875871336e-13,2.3359772920782724,0.09421549970223674
3.2999999999999736,1.0119531762317504,9.717506714167466e-13,2.3359772920782618,0.09421549970224648
3.3099999999999734,1.011953176231716,9.710664796630675e-13,2.335977292078252,0.09421549970225619
3.319999999999973,1.0119531762316818,9.703975414751673e-13,2.335977292078242,0.09421549970226589
3.329999999999973,1.0119531762316474,9.697818503086103e-13,2.3359772920782307,0.09421549970227562
3.3399999999999728,1.0119531762316134,9.692415082165327e-13,2.3359772920782205,0.09421549970228532
3.3499999999999726,1.0119531762315792,9.685531905030277e-13,2.335977292078212,0.09421549970229502
3.3599999999999723,1.0119531762315452,9.677752719940622e-13,2.3359772920782027,0.0942154997023047
3.369999999999972,1.011953176231511,9.671238850563076e-13,2.3359772920781925,0.09421549970231435
3.379999999999972,1.0119531762314768,9.665041446081439e-13,2.335977292078182,0.09421549970232403
3.3899999999999717,1.0119531762314429,9.659334202631127e-13,2.3359772920781716,0.09421549970233369
3.3999999999999715,1.0119531762314087,9.654187425757866e-13,2.335977292078161,0.09421549970234336
3.4099999999999713,1.0119531762313747,9.650452350253368e-13,2.3359772920781503,0.09421549970235302
3.419999999999971,1.0119531762313405,9.647941433505347e-13,2.33597729207814,0.09421549970236268
3.429999999999971,1.0119531762313065,9.64631184742115e-13,2.3359772920781277,0.09421549970237232
3.4399999999999706,1.0119531762312726,9.64566621123041e-13,2.33597729207812,0.09421549970238198
3.4499999999999704,1.0119531762312388,9.64499379559906e-13,2.3359772920781103,0.09421549970239163
3.45999999999997,1.0119531762312048,9.644578947400731e-13,2.3359772920781015,0.09421549970240128
3.46999999999997,1.0119531762311713,9.64432778361148e-13,2.3359772920780926,0.09421549970241093
3.47999999999997,1.0119531762311378,9.641959515430715e-13,2.3359772920780872,0.09421549970242055
3.4899999999999696,1.0119531762311043,9.63681984366029e-13,2.335977292078078,0.09421549970243018
3.4999999999999694,1.0119531762310705,9.630414524364772e-13,2.33597729207807,0.09421549970243981
3.509999999999969,1.0119531762310368,9.623606540205642e-13,2.3359772920780624,0.09421549970244944
3.519999999999969,1.0119531762310032,9.616561242473627e-13,2.3359772920780535,0.09421549970245907
3.5299999999999687,1.0119531762309697,9.610654190893707e-13,2.3359772920780455,0.09421549970246866
3.5399999999999685,1.0119531762309364,9.604074119134444e-13,2.335977292078038,0.09421549970247824
3.5499999999999683,1.0119531762309029,9.59615945510877e-13,2.33597729207803,0.09421549970248781
3.559999999999968,1.0119531762308696,9.588210190713418e-13,2.335977292078022,0.0942154997024974
3.569999999999968,1.011953176230836,9.581788358921766e-13,2.3359772920780144,0.09421549970250699
3.5799999999999677,1.011953176230803,9.574031452775194e-13,2.335977292078007,0.09421549970251655
3.5899999999999674,1.0119531762307694,9.565304543332535e-13,2.3359772920779998,0.09421549970252614
3.5999999999999672,1.0119531762307359,9.557299668049678e-13,2.335977292077991,0.09421549970253572
3.609999999999967,1.0119531762307026,9.550812814205643e-13,2.3359772920779824,0.09421549970254528
3.619999999999967,1.011953176230669,9.545786412714845e-13,2.3359772920779736,0.09421549970255484
3.6299999999999666,1.011953176230636,9.543178080670612e-13,2.335977292077967,0.09421549970256439
3.6399999999999664,1.0119531762306027,9.539521674088694e-13,2.3359772920779602,0.09421549970257395
3.649999999999966,1.0119531762305696,9.53480678874712e-13,2.3359772920779522,0.0942154997025835
3.659999999999966,1.0119531762305363,9.531152211345155e-13,2.3359772920779442,0.09421549970259305
3.6699999999999657,1.0119531762305032,9.528181047490233e-13,2.335977292077937,0.09421549970260258
3.6799999999999655,1.0119531762304703,9.523643220033402e-13,2.3359772920779314,0.0942154997026121
3.6899999999999653,1.0119531762304372,9.518556413257698e-13,2.335977292077924,0.0942154997026216
3.699999999999965,1.0119531762304044,9.513713525182437e-13,2.3359772920779167,0.0942154997026311
3.709999999999965,1.0119531762303713,9.508568113783589e-13,2.3359772920779096,0.0942154997026406
3.7199999999999647,1.0119531762303386,9.503382329059315e-13,2.3359772920779047,0.09421549970265009
3.7299999999999645,1.0119531762303058,9.496013501521042e-13,2.3359772920778985,0.09421549970265956
3.7399999999999642,1.011953176230273,9.487003539453643e-13,2.3359772920778923,0.09421549970266904
3.749999999999964,1.0119531762302403,9.477870228921815e-13,2.3359772920778865,0.09421549970267852
3.759999999999964,1.0119531762302074,9.468521384996784e-13,2.3359772920778803,0.09421549970268799
3.7699999999999636,1.011953176230175,9.45936797015481e-13,2.3359772920778745,0.09421549970269744
3.7799999999999634,1.0119531762301424,9.449563101459324e-13,2.3359772920778696,0.09421549970270689
3.789999999999963,1.0119531762301095,9.439331219190598e-13,2.3359772920778616,0.09421549970271632
3.799999999999963,1.0119531762300769,9.429466309683026e-13,2.3359772920778563,0.09421549970272579
3.8099999999999627,1.011953176230044,9.42158846704844e-13,2.3359772920778488,0.09421549970273523
3.8199999999999625,1.0119531762300116,9.414440632528331e-13,2.3359772920778417,0.09421549970274463
3.8299999999999623,1.011953176229979,9.407613994050515e-13,2.3359772920778354,0.09421549970275403
3.839999999999962,1.0119531762299463,9.401217946362298e-13,2.335977292077829,0.09421549970276343
3.849999999999962,1.0119531762299139,9.39607216383228e-13,2.3359772920778212,0.09421549970277283
3.8599999999999617,1.0119531762298812,9.391845018189324e-13,2.3359772920778155,0.09421549970278226
3.8699999999999615,1.011953176229849,9.386847671106475e-13,2.3359772920778124,0.09421549970279161
3.8799999999999613,1.0119531762298168,9.379087869183185e-13,2.335977292077806,0.094215499702801
3.889999999999961,1.0119531762297844,9.371161462441252e-13,2.3359772920778,0.09421549970281039
3.899999999999961,1.0119531762297522,9.364163488177219e-13,2.3359772920777946,0.09421549970281975
3.9099999999999606,1.01195317622972,9.357224033193144e-13,2.33597729207779,0.09421549970282911
3.9199999999999604,1.0119531762296878,9.349331124615938e-13,2.3359772920777857,0.09421549970283846
3.92999999999996,1.0119531762296559,9.34022812706251e-13,2.335977292077781,0.0942154997028478
3.93999999999996,1.0119531762296237,9.330540790402208e-13,2.3359772920777746,0.09421549970285713
3.9499999999999598,1.0119531762295915,9.32041242841706e-13,2.3359772920777697,0.09421549970286644
3.9599999999999596,1.0119531762295597,9.30991496422997e-13,2.3359772920777657,0.09421549970287575
3.9699999999999593,1.0119531762295277,9.298666869652048e-13,2.3359772920777613,0.09421549970288504
3.979999999999959,1.0119531762294955,9.28756567498823e-13,2.3359772920777555,0.09421549970289435
3.989999999999959,1.0119531762294636,9.27840275055169e-13,2.3359772920777493,0.09421549970290363
3.9999999999999587,1.0119531762294314,9.271140475590108e-13,2.335977292077743,0.09421549970291293
4.009999999999959,1.0119531762293994,9.26583182641394e-13,2.3359772920777377,0.0942154997029222
4.019999999999959,1.0119531762293676,9.258862020861653e-13,2.3359772920777333,0.09421549970293147
4.0299999999999585,1.0119531762293357,9.252543513759396e-13,2.335977292077726,0.09421549970294074
4.039999999999958,1.0119531762293037,9.246848876924056e-13,2.335977292077721,0.09421549970295
4.049999999999958,1.0119531762292722,9.241581408524456e-13,2.335977292077717,0.09421549970295924
4.059999999999958,1.0119531762292404,9.23589481322695e-13,2.335977292077712,0.09421549970296846
4.069999999999958,1.0119531762292087,9.230202856159812e-13,2.335977292077708,0.09421549970297771
4.079999999999957,1.0119531762291771,9.224198583309503e-13,2.3359772920777044,0.09421549970298695
4.089999999999957,1.0119531762291454,9.217036221355885e-13,2.335977292077699,0.0942154997029962
4.099999999999957,1.0119531762291138,9.209994981105136e-13,2.335977292077695,0.0942154997030054
4.109999999999957,1.0119531762290825,9.20157268733022e-13,2.3359772920776924,0.09421549970301461
4.119999999999957,1.011953176229051,9.192045319723584e-13,2.3359772920776884,0.0942154997030238
4.129999999999956,1.0119531762290195,9.182810177039931e-13,2.335977292077683,0.09421549970303299
4.139999999999956,1.0119531762289882,9.173821332555712e-13,2.3359772920776787,0.09421549970304216
4.149999999999956,1.0119531762289569,9.164799016225314e-13,2.3359772920776756,0.0942154997030513
4.159999999999956,1.0119531762289256,9.154392217671321e-13,2.3359772920776725,0.09421549970306045
4.1699999999999555,1.0119531762288942,9.142226572699279e-13,2.335977292077668,0.09421549970306962
4.179999999999955,1.0119531762288627,9.132742555920627e-13,2.3359772920776622,0.09421549970307877
4.189999999999955,1.0119531762288312,9.12504536422091e-13,2.3359772920776574,0.09421549970308792
4.199999999999955,1.0119531762287999,9.118713404239924e-13,2.335977292077653,0.09421549970309705
4.209999999999955,1.0119531762287688,9.112637513155434e-13,2.335977292077649,0.09421549970310619
4.2199999999999545,1.0119531762287375,9.106563956430624e-13,2.3359772920776445,0.09421549970311528
4.229999999999954,1.0119531762287062,9.102015612918435e-13,2.3359772920776396,0.0942154997031244
4.239999999999954,1.0119531762286753,9.097129719610225e-13,2.3359772920776374,0.09421549970313348
4.249999999999954,1.0119531762286442,9.090976586591416e-13,2.3359772920776334,0.09421549970314257
4.259999999999954,1.0119531762286131,9.084194130214223e-13,2.3359772920776285,0.09421549970315163
4.269999999999953,1.011953176228582,9.077876183429865e-13,2.335977292077625,0.0942154997031607
4.279999999999953,1.0119531762285512,9.071548490395237e-13,2.3359772920776205,0.0942154997031698
4.289999999999953,1.0119531762285203,9.0657924174724e-13,2.3359772920776183,0.09421549970317883
4.299999999999953,1.0119531762284895,9.059272375701097e-13,2.3359772920776156,0.09421549970318788
4.3099999999999525,1.0119531762284586,9.049969682948624e-13,2.3359772920776134,0.09421549970319694
4.319999999999952,1.011953176228428,9.040335167925153e-13,2.33597729207761,0.094215499703206
4.329999999999952,1.011953176228397,9.031121557436548e-13,2.335977292077607,0.09421549970321505
4.339999999999952,1.0119531762283664,9.021552808499213e-13,2.3359772920776054,0.09421549970322407
4.349999999999952,1.0119531762283358,9.009978683040642e-13,2.335977292077603,0.09421549970323306
4.3599999999999515,1.0119531762283052,8.997719655953026e-13,2.3359772920775983,0.09421549970324208
4.369999999999951,1.0119531762282743,8.987391385757396e-13,2.335977292077595,0.09421549970325109
4.379999999999951,1.0119531762282437,8.979043039174568e-13,2.3359772920775916,0.09421549970326007
4.389999999999951,1.011953176228213,8.969544458378099e-13,2.3359772920775894,0.09421549970326905
4.399999999999951,1.0119531762281828,8.959023863716001e-13,2.3359772920775868,0.09421549970327797
4.40999999999995,1.0119531762281524,8.947452605528569e-13,2.335977292077584,0.09421549970328691
4.41999999999995,1.011953176228122,8.935365722088607e-13,2.3359772920775814,0.09421549970329586
4.42999999999995,1.0119531762280918,8.922359507648004e-13,2.33597729207758,0.09421549970330476
4.43999999999995,1.0119531762280618,8.906817951222435e-13,2.335977292077579,0.09421549970331365
4.4499999999999496,1.0119531762280316,8.889683546772957e-13,2.335977292077577,0.09421549970332253
4.459999999999949,1.0119531762280014,8.870016205905434e-13,2.3359772920775748,0.09421549970333142
4.469999999999949,1.011953176227971,8.850650947209939e-13,2.335977292077571,0.0942154997033403
4.479999999999949,1.011953176227941,8.83274712124289e-13,2.33597729207757,0.09421549970334912
4.489999999999949,1.0119531762279113,8.812623281526512e-13,2.335977292077568,0.09421549970335794
4.4999999999999485,1.0119531762278813,8.791440628962696e-13,2.3359772920775654,0.09421549970336672
4.509999999999948,1.0119531762278513,8.769231071126133e-13,2.3359772920775637,0.09421549970337549
4.519999999999948,1.0119531762278213,8.746285628842657e-13,2.335977292077559,0.09421549970338425
4.529999999999948,1.0119531762277916,8.723490120338348e-13,2.3359772920775583,0.09421549970339298
4.539999999999948,1.0119531762277618,8.698408733781821e-13,2.335977292077555,0.09421549970340166
4.549999999999947,1.011953176227732,8.672167737046103e-13,2.335977292077552,0.09421549970341035
4.559999999999947,1.0119531762277025,8.645320785591963e-13,2.335977292077549,0.094215499703419
4.569999999999947,1.0119531762276726,8.619678029698742e-13,2.3359772920775432,0.09421549970342766
4.579999999999947,1.0119531762276428,8.596525173408328e-13,2.3359772920775375,0.09421549970343625
4.589999999999947,1.011953176227613,8.574101743710296e-13,2.335977292077533,0.09421549970344484
4.599999999999946,1.0119531762275833,8.554905003755776e-13,2.3359772920775264,0.09421549970345339
4.609999999999946,1.0119531762275535,8.537174101877733e-13,2.3359772920775206,0.09421549970346195
4.619999999999946,1.0119531762275238,8.520172934307795e-13,2.335977292077514,0.09421549970347047
4.629999999999946,1.0119531762274943,8.505365508830627e-13,2.3359772920775086,0.09421549970347896
4.6399999999999455,1.0119531762274647,8.490408875623173e-13,2.3359772920775024,0.09421549970348744
4.649999999999945,1.0119531762274352,8.476703952453545e-13,2.3359772920774966,0.09421549970349594
4.659999999999945,1.0119531762274057,8.463113630513502e-13,2.3359772920774913,0.0942154997035044
4.669999999999945,1.0119531762273761,8.451004922286716e-13,2.3359772920774846,0.09421549970351287
4.679999999999945,1.0119531762273466,8.439463600272325e-13,2.3359772920774775,0.0942154997035213
4.689999999999944,1.0119531762273173,8.430221266605673e-13,2.335977292077471,0.09421549970352971
4.699999999999944,1.011953176227288,8.419611876686813e-13,2.335977292077466,0.09421549970353814
4.709999999999944,1.0119531762272587,8.408946075468772e-13,2.3359772920774597,0.09421549970354653
4.719999999999944,1.0119531762272294,8.398655549542221e-13,2.335977292077453,0.09421549970355494
4.729999999999944,1.0119531762272,8.38924871803502e-13,2.3359772920774473,0.09421549970356333
4.739999999999943,1.011953176227171,8.38055343086653e-13,2.335977292077441,0.0942154997035717
4.749999999999943,1.0119531762271419,8.371110302367966e-13,2.3359772920774358,0.09421549970358005
4.759999999999943,1.0119531762271128,8.361721798208527e-13,2.335977292077431,0.0942154997035884
4.769999999999943,1.0119531762270837,8.352513775066956e-13,2.3359772920774238,0.09421549970359676
4.7799999999999425,1.0119531762270544,8.34361805939109e-13,2.335977292077418,0.09421549970360515
4.789999999999942,1.0119531762270253,8.336376184985669e-13,2.3359772920774113,0.0942154997036135
4.799999999999942,1.0119531762269962,8.329829897895415e-13,2.335977292077405,0.09421549970362184
4.809999999999942,1.0119531762269671,8.324336784279919e-13,2.3359772920774,0.09421549970363018
4.819999999999942,1.011953176226938,8.321149440615857e-13,2.3359772920773922,0.09421549970363852
4.8299999999999415,1.011953176226909,8.319112625756492e-13,2.3359772920773856,0.09421549970364686
4.839999999999941,1.01195317622688,8.31848618237388e-13,2.3359772920773816,0.09421549970365518
4.849999999999941,1.0119531762268512,8.317464469112549e-13,2.3359772920773763,0.0942154997036635
4.859999999999941,1.0119531762268223,8.315170176373547e-13,2.3359772920773714,0.09421549970367184
4.869999999999941,1.0119531762267935,8.31154950399227e-13,2.3359772920773656,0.09421549970368016
4.87999999999994,1.0119531762267646,8.309333275703129e-13,2.3359772920773603,0.09421549970368849
4.88999999999994,1.0119531762267358,8.308008060067272e-13,2.3359772920773545,0.09421549970369683
4.89999999999994,1.0119531762267069,8.3071182774605e-13,2.335977292077349,0.09421549970370514
4.90999999999994,1.0119531762266782,8.306791758069865e-13,2.335977292077345,0.09421549970371344
4.9199999999999395,1.0119531762266496,8.30591004007771e-13,2.3359772920773416,0.09421549970372176
4.929999999999939,1.011953176226621,8.304363911009295e-13,2.3359772920773367,0.09421549970373005
4.939999999999939,1.0119531762265925,8.302687380595214e-13,2.3359772920773327,0.09421549970373834
4.949999999999939,1.011953176226564,8.297931009415188e-13,2.335977292077331,0.09421549970374664
4.959999999999939,1.0119531762265357,8.291417378422083e-13,2.3359772920773274,0.09421549970375491
4.9699999999999385,1.0119531762265073,8.284140371003894e-13,2.335977292077324,0.09421549970376321
4.979999999999938,1.0119531762264788,8.275976754676764e-13,2.3359772920773207,0.09421549970377148
4.989999999999938,1.0119531762264504,8.267839296663208e-13,2.335977292077317,0.09421549970377975
4.999999999999938,1.011953176226422,8.259861703286342e-13,2.3359772920773145,0.094215499703788
5.009999999999938,1.0119531762263936,8.252176281889927e-13,2.3359772920773096,0.09421549970379627
5.019999999999937,1.0119531762263652,8.244685630967406e-13,2.3359772920773043,0.0942154997038045
5.029999999999937,1.0119531762263367,8.237508763995085e-13,2.3359772920773003,0.09421549970381274
5.039999999999937,1.0119531762263085,8.232188660688591e-13,2.335977292077297,0.09421549970382098
5.049999999999937,1.0119531762262803,8.225233028255028e-13,2.3359772920772945,0.09421549970382918
5.0599999999999365,1.0119531762262521,8.218071101719208e-13,2.335977292077291,0.09421549970383743
5.069999999999936,1.011953176226224,8.211362974228253e-13,2.3359772920772883,0.09421549970384566
5.079999999999936,1.0119531762261957,8.205160016675661e-13,2.335977292077284,0.09421549970385389
5.089999999999936,1.0119531762261678,8.199309374222983e-13,2.335977292077282,0.09421549970386206
5.099999999999936,1.0119531762261396,8.192140859706676e-13,2.3359772920772794,0.09421549970387029
5.1099999999999355,1.0119531762261114,8.185261077622921e-13,2.3359772920772746,0.09421549970387849
5.119999999999935,1.0119531762260832,8.180302525632517e-13,2.3359772920772697,0.09421549970388671
5.129999999999935,1.0119531762260552,8.176975506345965e-13,2.3359772920772675,0.09421549970389487
5.139999999999935,1.0119531762260274,8.172758416754374e-13,2.3359772920772657,0.09421549970390303
5.149999999999935,1.0119531762259997,8.166448948873029e-13,2.335977292077264,0.09421549970391119
5.159999999999934,1.0119531762259717,8.158849031934056e-13,2.335977292077263,0.09421549970391933
5.169999999999934,1.011953176225944,8.150195811655187e-13,2.3359772920772612,0.0942154997039275
5.179999999999934,1.0119531762259162,8.140858019938042e-13,2.335977292077259,0.09421549970393564
5.189999999999934,1.0119531762258884,8.130187741011593e-13,2.335977292077257,0.09421549970394379
5.199999999999934,1.011953176225861,8.118412886983961e-13,2.3359772920772564,0.09421549970395188
5.209999999999933,1.0119531762258331,8.105235523087094e-13,2.3359772920772532,0.09421549970396001
5.219999999999933,1.0119531762258054,8.093183321034671e-13,2.3359772920772497,0.09421549970396814
5.229999999999933,1.0119531762257776,8.082575515657898e-13,2.3359772920772475,0.09421549970397626
5.239999999999933,1.0119531762257499,8.073038790259414e-13,2.3359772920772426,0.09421549970398435
5.2499999999999325,1.0119531762257223,8.065273110234871e-13,2.335977292077242,0.09421549970399241
5.259999999999932,1.0119531762256948,8.058411815391493e-13,2.335977292077238,0.09421549970400048
5.269999999999932,1.0119531762256673,8.050338443309018e-13,2.335977292077236,0.09421549970400854
5.279999999999932,1.0119531762256397,8.043279106965292e-13,2.3359772920772333,0.09421549970401659
5.289999999999932,1.011953176225612,8.036512950688854e-13,2.3359772920772306,0.09421549970402464
5.299999999999931,1.0119531762255847,8.030389969001674e-13,2.3359772920772284,0.09421549970403265
5.309999999999931,1.0119531762255571,8.023426632993656e-13,2.335977292077225,0.0942154997040407
5.319999999999931,1.0119531762255296,8.018271241528275e-13,2.3359772920772217,0.09421549970404874
5.329999999999931,1.011953176225502,8.014921551256854e-13,2.3359772920772186,0.09421549970405677
5.339999999999931,1.0119531762254745,8.013425747558531e-13,2.3359772920772146,0.09421549970406481
5.34999999999993,1.0119531762254474,8.012167831256283e-13,2.335977292077214,0.09421549970407281
5.35999999999993,1.0119531762254204,8.00885897048612e-13,2.3359772920772133,0.09421549970408082
5.36999999999993,1.0119531762253933,8.003438134731932e-13,2.3359772920772124,0.0942154997040888
5.37999999999993,1.011953176225366,7.996585955915295e-13,2.3359772920772106,0.09421549970409678
5.3899999999999295,1.0119531762253389,7.988878802508283e-13,2.3359772920772097,0.09421549970410477
5.399999999999929,1.011953176225312,7.980801245976734e-13,2.33597729207721,0.09421549970411275
5.409999999999929,1.0119531762252851,7.97031134566871e-13,2.3359772920772097,0.09421549970412071
5.419999999999929,1.011953176225258,7.958232234384467e-13,2.335977292077208,0.0942154997041287
5.429999999999929,1.011953176225231,7.946103287186025e-13,2.3359772920772057,0.09421549970413666
5.4399999999999284,1.0119531762252039,7.93537802856252e-13,2.335977292077204,0.0942154997041446
5.449999999999928,1.0119531762251768,7.926473090464122e-13,2.3359772920772017,0.09421549970415255
5.459999999999928,1.0119531762251497,7.918961730297726e-13,2.3359772920771995,0.09421549970416047
5.469999999999928,1.0119531762251228,7.911056286927971e-13,2.335977292077198,0.0942154997041684
5.479999999999928,1.011953176225096,7.904597658713522e-13,2.3359772920771977,0.09421549970417632
5.489999999999927,1.011953176225069,7.898102494632876e-13,2.3359772920771955,0.09421549970418423
5.499999999999927,1.0119531762250422,7.892020658878298e-13,2.335977292077194,0.09421549970419214
5.509999999999927,1.0119531762250156,7.885422151757038e-13,2.3359772920771924,0.09421549970420003
5.519999999999927,1.011953176224989,7.87784922839168e-13,2.335977292077192,0.0942154997042079
5.5299999999999265,1.0119531762249618,7.870151691583612e-13,2.3359772920771893,0.0942154997042158
5.539999999999926,1.011953176224935,7.864111297285147e-13,2.3359772920771875,0.0942154997042237
5.549999999999926,1.0119531762249083,7.85975584871365e-13,2.3359772920771866,0.09421549970423156
5.559999999999926,1.011953176224882,7.854493085900775e-13,2.3359772920771866,0.0942154997042394
5.569999999999926,1.0119531762248555,7.847545400651113e-13,2.3359772920771857,0.09421549970424724
5.5799999999999255,1.011953176224829,7.839581682729075e-13,2.335977292077186,0.09421549970425508
5.589999999999925,1.0119531762248024,7.829521087734866e-13,2.3359772920771857,0.0942154997042629
5.599999999999925,1.011953176224776,7.819083981912745e-13,2.335977292077185,0.09421549970427072
5.609999999999925,1.0119531762247498,7.807972755405601e-13,2.3359772920771857,0.09421549970427852
5.619999999999925,1.0119531762247236,7.794791633083752e-13,2.3359772920771853,0.09421549970428632
5.629999999999924,1.0119531762246972,7.781075691760315e-13,2.335977292077184,0.0942154997042941
5.639999999999924,1.0119531762246707,7.768958594695953e-13,2.3359772920771826,0.09421549970430189
5.649999999999924,1.011953176224644,7.75789645008585e-13,2.3359772920771813,0.09421549970430966
5.659999999999924,1.011953176224618,7.748721270563717e-13,2.3359772920771795,0.09421549970431739
5.6699999999999235,1.0119531762245917,7.738231477113095e-13,2.335977292077178,0.09421549970432512
5.679999999999923,1.0119531762245655,7.728207676809705e-13,2.335977292077177,0.09421549970433285
5.689999999999923,1.011953176224539,7.717393434931858e-13,2.3359772920771755,0.09421549970434057
5.699999999999923,1.0119531762245129,7.708673403574447e-13,2.3359772920771733,0.09421549970434827
5.709999999999923,1.0119531762244869,7.700886439155043e-13,2.3359772920771746,0.09421549970435598
5.7199999999999225,1.011953176224461,7.691291349788044e-13,2.3359772920771724,0.09421549970436367
5.729999999999922,1.011953176224435,7.681507453788074e-13,2.335977292077173,0.09421549970437136
5.739999999999922,1.0119531762244085,7.671504560735055e-13,2.33597729207717,0.09421549970437905
5.749999999999922,1.0119531762243823,7.663146968346461e-13,2.3359772920771675,0.09421549970438674
5.759999999999922,1.0119531762243563,7.656880871586906e-13,2.3359772920771658,0.09421549970439438
5.769999999999921,1.0119531762243303,7.651366709339467e-13,2.3359772920771653,0.09421549970440204
5.779999999999921,1.0119531762243044,7.646041916919266e-13,2.3359772920771644,0.09421549970440969
5.789999999999921,1.0119531762242786,7.639849463326249e-13,2.335977292077165,0.09421549970441734
5.799999999999921,1.0119531762242528,7.632164171837226e-13,2.335977292077165,0.09421549970442498
5.809999999999921,1.011953176224227,7.624048808893996e-13,2.335977292077164,0.0942154997044326
5.81999999999992,1.0119531762242013,7.615405138279066e-13,2.3359772920771644,0.09421549970444022
5.82999999999992,1.0119531762241758,7.604111256370799e-13,2.3359772920771653,0.09421549970444781
5.83999999999992,1.0119531762241503,7.591598700939833e-13,2.3359772920771658,0.09421549970445539
5.84999999999992,1.0119531762241245,7.578144472800557e-13,2.335977292077164,0.094215499704463
5.8599999999999195,1.0119531762240985,7.566592618719029e-13,2.3359772920771626,0.09421549970447059
5.869999999999919,1.011953176224073,7.55678524217081e-13,2.335977292077162,0.09421549970447815
5.879999999999919,1.0119531762240475,7.546507997661538e-13,2.335977292077161,0.09421549970448571
5.889999999999919,1.011953176224022,7.536504841501678e-13,2.3359772920771613,0.09421549970449328
5.899999999999919,1.0119531762239962,7.526240760078944e-13,2.33597729207716,0.0942154997045008
5.909999999999918,1.0119531762239706,7.516711384488503e-13,2.335977292077158,0.09421549970450832
5.919999999999918,1.0119531762239453,7.508326896715321e-13,2.3359772920771573,0.09421549970451584
5.929999999999918,1.0119531762239198,7.49969799576737e-13,2.3359772920771573,0.09421549970452335
5.939999999999918,1.0119531762238945,7.490489464930734e-13,2.3359772920771578,0.09421549970453084
5.949999999999918,1.0119531762238692,7.481063743839959e-13,2.3359772920771564,0.09421549970453832
5.959999999999917,1.0119531762238436,7.47186608292954e-13,2.335977292077154,0.09421549970454582
5.969999999999917,1.011953176223818,7.465465962474763e-13,2.335977292077153,0.0942154997045533
5.979999999999917,1.0119531762237928,7.459907295514914e-13,2.3359772920771524,0.09421549970456078
5.989999999999917,1.0119531762237675,7.454856003141836e-13,2.3359772920771507,0.09421549970456823
5.9999999999999165,1.011953176223742,7.449371104437889e-13,2.335977292077149,0.0942154997045757
6.009999999999916,1.0119531762237168,7.445364054412179e-13,2.3359772920771493,0.09421549970458315
6.019999999999916,1.0119531762236917,7.440521590445184e-13,2.3359772920771493,0.0942154997045906
6.029999999999916,1.0119531762236667,7.43486518056926e-13,2.3359772920771498,0.09421549970459801
6.039999999999916,1.0119531762236418,7.427262965500853e-13,2.335977292077151,0.09421549970460542
6.0499999999999154,1.011953176223617,7.417915758762872e-13,2.3359772920771515,0.09421549970461283
6.059999999999915,1.0119531762235918,7.406849719577177e-13,2.335977292077153,0.09421549970462022
6.069999999999915,1.0119531762235667,7.395414247233293e-13,2.3359772920771507,0.09421549970462763
6.079999999999915,1.0119531762235419,7.384218851273786e-13,2.3359772920771507,0.09421549970463501
6.089999999999915,1.0119531762235168,7.373143781491365e-13,2.33597729207715,0.09421549970464238
6.099999999999914,1.011953176223492,7.361941237433212e-13,2.3359772920771498,0.09421549970464974
6.109999999999914,1.011953176223467,7.351457861023088e-13,2.335977292077149,0.0942154997046571
6.119999999999914,1.011953176223442,7.341639889058605e-13,2.335977292077148,0.09421549970466446
6.129999999999914,1.011953176223417,7.333022870815713e-13,2.335977292077147,0.09421549970467182
6.1399999999999135,1.0119531762233924,7.325461060106732e-13,2.3359772920771475,0.09421549970467914
6.149999999999913,1.0119531762233676,7.318392726612562e-13,2.3359772920771475,0.09421549970468646
6.159999999999913,1.011953176223343,7.310631426409673e-13,2.335977292077147,0.09421549970469376
6.169999999999913,1.0119531762233183,7.301898698202068e-13,2.3359772920771467,0.09421549970470107
6.179999999999913,1.0119531762232932,7.293397997229014e-13,2.3359772920771453,0.0942154997047084
6.1899999999999125,1.0119531762232685,7.28728680433886e-13,2.3359772920771444,0.09421549970471568
6.199999999999912,1.0119531762232439,7.282062324086088e-13,2.3359772920771427,0.09421549970472295
6.209999999999912,1.011953176223219,7.277894222391331e-13,2.3359772920771418,0.09421549970473025
6.219999999999912,1.0119531762231944,7.274678601754994e-13,2.3359772920771418,0.09421549970473754
6.229999999999912,1.0119531762231697,7.272485906894535e-13,2.3359772920771418,0.0942154997047448
6.239999999999911,1.0119531762231455,7.269034805128893e-13,2.335977292077143,0.09421549970475204
6.249999999999911,1.0119531762231213,7.261698502287777e-13,2.3359772920771444,0.0942154997047593
6.259999999999911,1.0119531762230969,7.252170408746339e-13,2.335977292077146,0.09421549970476653
6.269999999999911,1.0119531762230727,7.240562159819769e-13,2.335977292077147,0.09421549970477379
6.2799999999999105,1.0119531762230485,7.228244480875765e-13,2.335977292077148,0.094215499704781
6.28999999999991,1.0119531762230238,7.215873700455107e-13,2.3359772920771475,0.09421549970478824
6.29999999999991,1.0119531762229996,7.204772275671151e-13,2.335977292077149,0.09421549970479545
6.30999999999991,1.0119531762229752,7.193772387162067e-13,2.335977292077149,0.09421549970480265
6.31999999999991,1.011953176222951,7.182933923353554e-13,2.3359772920771484,0.09421549970480983
6.3299999999999095,1.0119531762229268,7.172830339594916e-13,2.3359772920771475,0.09421549970481703
6.339999999999909,1.0119531762229024,7.162601799798453e-13,2.335977292077148,0.0942154997048242
6.349999999999909,1.0119531762228784,7.152738028602232e-13,2.335977292077148,0.09421549970483137
6.359999999999909,1.0119531762228542,7.140675270114756e-13,2.3359772920771498,0.0942154997048385
6.369999999999909,1.0119531762228302,7.128897944875591e-13,2.335977292077149,0.09421549970484562
6.379999999999908,1.011953176222806,7.117172553334268e-13,2.33597729207715,0.09421549970485275
6.389999999999908,1.011953176222782,7.106767967562347e-13,2.3359772920771493,0.09421549970485986
6.399999999999908,1.0119531762227578,7.097045959430617e-13,2.335977292077148,0.094215499704867
6.409999999999908,1.0119531762227336,7.09020621843478e-13,2.335977292077148,0.09421549970487413
6.419999999999908,1.0119531762227096,7.082159214549058e-13,2.335977292077148,0.09421549970488122
6.429999999999907,1.0119531762226854,7.075640600868643e-13,2.3359772920771458,0.0942154997048883
6.439999999999907,1.0119531762226615,7.070031035824062e-13,2.335977292077145,0.09421549970489537
6.449999999999907,1.0119531762226373,7.066268041548719e-13,2.335977292077144,0.09421549970490246
6.459999999999907,1.0119531762226135,7.063972393608479e-13,2.335977292077143,0.09421549970490953
6.4699999999999065,1.0119531762225897,7.060932724158476e-13,2.3359772920771453,0.09421549970491658
6.479999999999906,1.0119531762225662,7.055562973392425e-13,2.335977292077147,0.09421549970492361
6.489999999999906,1.0119531762225427,7.048662680961557e-13,2.335977292077148,0.09421549970493066
6.499999999999906,1.011953176222519,7.039903828742605e-13,2.3359772920771493,0.09421549970493771
6.509999999999906,1.0119531762224951,7.029879455642281e-13,2.3359772920771498,0.09421549970494476
6.519999999999905,1.0119531762224714,7.020543469988484e-13,2.3359772920771498,0.09421549970495179
6.529999999999905,1.0119531762224478,7.011103877058311e-13,2.3359772920771515,0.09421549970495882
6.539999999999905,1.011953176222424,7.001285901138179e-13,2.335977292077151,0.09421549970496582
6.549999999999905,1.0119531762224006,6.991965990174792e-13,2.3359772920771524,0.09421549970497284
6.559999999999905,1.0119531762223768,6.983277190888174e-13,2.3359772920771524,0.09421549970497983
6.569999999999904,1.0119531762223535,6.975097727117351e-13,2.3359772920771533,0.09421549970498681
6.579999999999904,1.01195317622233,6.966000702477637e-13,2.3359772920771547,0.09421549970499378
6.589999999999904,1.0119531762223066,6.95492102667823e-13,2.335977292077155,0.09421549970500075
6.599999999999904,1.011953176222283,6.943800840381576e-13,2.3359772920771564,0.0942154997050077
6.6099999999999035,1.0119531762222598,6.932460020392449e-13,2.3359772920771564,0.09421549970501465
6.619999999999903,1.0119531762222362,6.922729792414898e-13,2.3359772920771573,0.09421549970502158
6.629999999999903,1.011953176222213,6.913744464407226e-13,2.335977292077157,0.0942154997050285
6.639999999999903,1.0119531762221894,6.905361361692776e-13,2.335977292077156,0.09421549970503541
6.649999999999903,1.011953176222166,6.89802854092219e-13,2.3359772920771564,0.09421549970504235
6.659999999999902,1.0119531762221425,6.891806181092859e-13,2.3359772920771555,0.09421549970504922
6.669999999999902,1.0119531762221192,6.887275531227501e-13,2.335977292077154,0.09421549970505612
6.679999999999902,1.011953176222096,6.883196144700163e-13,2.3359772920771555,0.094215499705063
6.689999999999902,1.0119531762220728,6.878562576134582e-13,2.3359772920771547,0.09421549970506987
6.699999999999902,1.0119531762220497,6.873224574672303e-13,2.3359772920771573,0.09421549970507673
6.709999999999901,1.0119531762220269,6.866147363507648e-13,2.3359772920771587,0.09421549970508357
6.719999999999901,1.0119531762220038,6.857635125271234e-13,2.33597729207716,0.09421549970509042
6.729999999999901,1.0119531762219809,6.848059051584419e-13,2.3359772920771613,0.09421549970509727
6.739999999999901,1.011953176221958,6.837135675713486e-13,2.335977292077163,0.09421549970510407
6.7499999999999005,1.0119531762219351,6.82427085252652e-13,2.335977292077164,0.09421549970511091
6.7599999999999,1.011953176221912,6.811888181255447e-13,2.3359772920771653,0.09421549970511772
6.7699999999999,1.0119531762218892,6.798322218187521e-13,2.335977292077166,0.09421549970512454
6.7799999999999,1.011953176221866,6.786219862108764e-13,2.3359772920771658,0.09421549970513134
6.7899999999999,1.0119531762218432,6.775233605483142e-13,2.335977292077166,0.09421549970513812
6.7999999999998995,1.0119531762218203,6.764892831000483e-13,2.335977292077167,0.09421549970514488
6.809999999999899,1.0119531762217975,6.753840146904772e-13,2.335977292077167,0.09421549970515163
6.819999999999899,1.0119531762217748,6.7424876285989e-13,2.3359772920771684,0.09421549970515836
6.829999999999899,1.011953176221752,6.731007211215456e-13,2.335977292077168,0.09421549970516509
6.839999999999899,1.0119531762217293,6.720248992460192e-13,2.3359772920771675,0.0942154997051718
6.849999999999898,1.0119531762217067,6.710164941330988e-13,2.335977292077169,0.09421549970517851
6.859999999999898,1.011953176221684,6.698131807973685e-13,2.3359772920771693,0.09421549970518522
6.869999999999898,1.0119531762216611,6.688155134042897e-13,2.3359772920771675,0.09421549970519191
6.879999999999898,1.0119531762216383,6.679778062822168e-13,2.335977292077168,0.0942154997051986
6.8899999999998975,1.0119531762216156,6.672873698070104e-13,2.335977292077167,0.0942154997052053
6.899999999999897,1.0119531762215928,6.667444282867904e-13,2.3359772920771658,0.094215499705212
6.909999999999897,1.0119531762215703,6.663800845427142e-13,2.335977292077166,0.09421549970521864
6.919999999999897,1.0119531762215477,6.660825918413765e-13,2.3359772920771644,0.0942154997052253
6.929999999999897,1.011953176221525,6.65811623603195e-13,2.3359772920771658,0.09421549970523196
6.9399999999998965,1.0119531762215026,6.655315557486469e-13,2.3359772920771658,0.09421549970523861
6.949999999999896,1.0119531762214802,6.651802277066082e-13,2.3359772920771675,0.09421549970524525
6.959999999999896,1.011953176221458,6.646828698605817e-13,2.335977292077168,0.09421549970525189
6.969999999999896,1.0119531762214358,6.64019392775588e-13,2.335977292077171,0.09421549970525853
6.979999999999896,1.0119531762214133,6.631151618299527e-13,2.3359772920771715,0.09421549970526516
6.989999999999895,1.0119531762213911,6.621783051933464e-13,2.3359772920771724,0.09421549970527181
6.999999999999895,1.0119531762213687,6.612557949415739e-13,2.3359772920771738,0.09421549970527844
7.009999999999895,1.0119531762213465,6.603064787887207e-13,2.335977292077174,0.09421549970528507
7.019999999999895,1.011953176221324,6.59410209298352e-13,2.3359772920771746,0.09421549970529167
7.0299999999998946,1.0119531762213019,6.585800562178435e-13,2.335977292077176,0.09421549970529824
7.039999999999894,1.01195317622128,6.575133924573729e-13,2.335977292077177,0.09421549970530482
7.049999999999894,1.0119531762212577,6.56442700478613e-13,2.335977292077178,0.0942154997053114
7.059999999999894,1.0119531762212357,6.553397427491973e-13,2.335977292077179,0.09421549970531795
7.069999999999894,1.0119531762212135,6.541834874222819e-13,2.3359772920771795,0.0942154997053245
7.0799999999998935,1.0119531762211913,6.531096977029877e-13,2.3359772920771795,0.09421549970533105
7.089999999999893,1.0119531762211695,6.520374088243038e-13,2.3359772920771817,0.09421549970533757
7.099999999999893,1.0119531762211473,6.508887162004468e-13,2.335977292077182,0.0942154997053441
7.109999999999893,1.0119531762211251,6.498575799036377e-13,2.335977292077181,0.0942154997053506
7.119999999999893,1.0119531762211031,6.491071890961766e-13,2.3359772920771795,0.0942154997053571
7.129999999999892,1.011953176221081,6.484554901625469e-13,2.3359772920771795,0.0942154997053636
7.139999999999892,1.011953176221059,6.479548339097567e-13,2.33597729207718,0.09421549970537009
7.149999999999892,1.0119531762210372,6.474227439967628e-13,2.3359772920771813,0.09421549970537657
7.159999999999892,1.0119531762210154,6.468877896835522e-13,2.3359772920771817,0.09421549970538302
7.169999999999892,1.0119531762209937,6.461617899181605e-13,2.3359772920771844,0.09421549970538946
7.179999999999891,1.0119531762209721,6.452539245894516e-13,2.335977292077186,0.09421549970539592
7.189999999999891,1.0119531762209504,6.442738226872322e-13,2.335977292077186,0.09421549970540237
7.199999999999891,1.0119531762209288,6.431937485532922e-13,2.33597729207719,0.0942154997054088
7.209999999999891,1.0119531762209077,6.417765841458306e-13,2.3359772920771937,0.09421549970541519
7.2199999999998905,1.0119531762208864,6.399690844437977e-13,2.3359772920771973,0.09421549970542156
7.22999999999989,1.011953176220865,6.376973592197096e-13,2.3359772920771986,0.09421549970542795
7.23999999999989,1.0119531762208436,6.354124614958883e-13,2.335977292077201,0.09421549970543433
7.24999999999989,1.011953176220822,6.331055346473254e-13,2.3359772920772017,0.09421549970544067
7.25999999999989,1.0119531762208005,6.308226104264976e-13,2.3359772920772017,0.09421549970544699
7.269999999999889,1.011953176220779,6.286822484831462e-13,2.3359772920772017,0.09421549970545329
7.279999999999889,1.0119531762207579,6.265952517679888e-13,2.3359772920772026,0.09421549970545956
7.289999999999889,1.0119531762207365,6.244308137675137e-13,2.3359772920772035,0.09421549970546582
7.299999999999889,1.0119531762207152,6.222393659352312e-13,2.335977292077203,0.09421549970547206
7.309999999999889,1.011953176220694,6.200492456302431e-13,2.335977292077203,0.09421549970547828
7.319999999999888,1.0119531762206728,6.179042829276868e-13,2.3359772920772026,0.09421549970548444
7.329999999999888,1.0119531762206515,6.157503067486672e-13,2.3359772920772004,0.0942154997054906
7.339999999999888,1.0119531762206304,6.136965098147134e-13,2.3359772920772,0.09421549970549672
7.349999999999888,1.0119531762206093,6.115545219766021e-13,2.3359772920771995,0.09421549970550287
7.3599999999998875,1.0119531762205882,6.093788362075829e-13,2.3359772920771973,0.09421549970550895
7.369999999999887,1.0119531762205671,6.07235854569776e-13,2.3359772920771946,0.09421549970551504
7.379999999999887,1.0119531762205458,6.053672322500297e-13,2.3359772920771915,0.09421549970552114
7.389999999999887,1.0119531762205245,6.039298160085233e-13,2.3359772920771884,0.09421549970552719
7.399999999999887,1.0119531762205032,6.027594858220868e-13,2.3359772920771835,0.09421549970553322
7.4099999999998865,1.011953176220482,6.018659287616596e-13,2.3359772920771804,0.09421549970553923
7.419999999999886,1.0119531762204612,6.010451594714717e-13,2.3359772920771773,0.09421549970554524
7.429999999999886,1.0119531762204401,6.002585362099485e-13,2.3359772920771738,0.09421549970555126
7.439999999999886,1.011953176220419,5.994693731053328e-13,2.33597729207717,0.09421549970555729
7.449999999999886,1.011953176220398,5.988420332712154e-13,2.3359772920771675,0.09421549970556328
7.459999999999885,1.0119531762203768,5.98320512958444e-13,2.335977292077163,0.09421549970556926
7.469999999999885,1.011953176220356,5.979967958156736e-13,2.335977292077161,0.09421549970557523
7.479999999999885,1.0119531762203353,5.975762186882654e-13,2.33597729207716,0.09421549970558117
7.489999999999885,1.0119531762203149,5.96921196328772e-13,2.3359772920771578,0.09421549970558711
7.4999999999998845,1.011953176220294,5.961119269077832e-13,2.335977292077156,0.09421549970559306
7.509999999999884,1.0119531762202731,5.954036079007008e-13,2.335977292077152,0.09421549970559905
7.519999999999884,1.0119531762202523,5.947770764704175e-13,2.33597729207715,0.094215499705605
7.529999999999884,1.0119531762202314,5.94224378151152e-13,2.335977292077146,0.09421549970561093
7.539999999999884,1.0119531762202107,5.937094460716689e-13,2.3359772920771444,0.09421549970561686
7.5499999999998835,1.01195317622019,5.931023479091123e-13,2.335977292077141,0.09421549970562278
7.559999999999883,1.0119531762201694,5.924968150842753e-13,2.33597729207714,0.09421549970562873
7.569999999999883,1.011953176220149,5.918496726071037e-13,2.3359772920771382,0.09421549970563466
7.579999999999883,1.0119531762201284,5.911478099736621e-13,2.335977292077135,0.09421549970564058
7.589999999999883,1.0119531762201077,5.905320354576611e-13,2.335977292077133,0.0942154997056465
7.599999999999882,1.011953176220087,5.899543267744864e-13,2.33597729207713,0.09421549970565239
7.609999999999882,1.0119531762200666,5.894641561152097e-13,2.335977292077129,0.09421549970565828
7.619999999999882,1.0119531762200462,5.888373769465978e-13,2.335977292077127,0.09421549970566416
7.629999999999882,1.0119531762200258,5.881050801267437e-13,2.335977292077126,0.09421549970567003
7.6399999999998816,1.0119531762200054,5.873367631318177e-13,2.3359772920771236,0.0942154997056759
7.649999999999881,1.011953176219985,5.864611276436528e-13,2.3359772920771213,0.09421549970568179
7.659999999999881,1.0119531762199643,5.858455912786942e-13,2.3359772920771165,0.09421549970568768
7.669999999999881,1.0119531762199436,5.854306428418721e-13,2.335977292077114,0.09421549970569357
7.679999999999881,1.0119531762199232,5.852880234056537e-13,2.3359772920771125,0.09421549970569942
7.6899999999998805,1.0119531762199028,5.851746638656748e-13,2.335977292077109,0.09421549970570528
7.69999999999988,1.0119531762198823,5.851068976200964e-13,2.3359772920771067,0.09421549970571114
7.70999999999988,1.011953176219862,5.851001252374483e-13,2.335977292077105,0.09421549970571699
7.71999999999988,1.0119531762198415,5.851841077140313e-13,2.335977292077101,0.09421549970572285
7.72999999999988,1.011953176219821,5.853687390278801e-13,2.335977292077099,0.0942154997057287
7.739999999999879,1.0119531762198009,5.855638118694604e-13,2.3359772920770983,0.09421549970573453
7.749999999999879,1.0119531762197809,5.856614913128314e-13,2.3359772920770965,0.09421549970574039
7.759999999999879,1.0119531762197607,5.855889548795707e-13,2.335977292077095,0.09421549970574623
7.769999999999879,1.0119531762197407,5.854169720414239e-13,2.3359772920770956,0.09421549970575206
7.779999999999879,1.0119531762197207,5.850413889335455e-13,2.3359772920770965,0.09421549970575789
7.789999999999878,1.0119531762197005,5.844741529500409e-13,2.3359772920770947,0.09421549970576377
7.799999999999878,1.0119531762196803,5.83963168776039e-13,2.3359772920770934,0.09421549970576962
7.809999999999878,1.0119531762196603,5.834984589163744e-13,2.3359772920770934,0.09421549970577543
7.819999999999878,1.0119531762196403,5.82974461087025e-13,2.335977292077093,0.09421549970578125
7.8299999999998775,1.0119531762196203,5.823287552286152e-13,2.335977292077092,0.09421549970578708
7.839999999999877,1.0119531762196003,5.81624111824693e-13,2.3359772920770925,0.09421549970579289
7.849999999999877,1.0119531762195806,5.808928309818741e-13,2.3359772920770925,0.09421549970579872
7.859999999999877,1.0119531762195606,5.801901541723087e-13,2.3359772920770907,0.09421549970580453
7.869999999999877,1.0119531762195406,5.793661912089028e-13,2.3359772920770903,0.09421549970581035
7.879999999999876,1.0119531762195209,5.78594262365623e-13,2.3359772920770907,0.09421549970581612
7.889999999999876,1.011953176219501,5.776925076492299e-13,2.3359772920770903,0.0942154997058219
7.899999999999876,1.0119531762194813,5.765005161836006e-13,2.3359772920770903,0.09421549970582765
7.909999999999876,1.0119531762194616,5.753698831892512e-13,2.3359772920770907,0.09421549970583339
7.919999999999876,1.0119531762194418,5.741640751068469e-13,2.33597729207709,0.09421549970583915
7.929999999999875,1.0119531762194218,5.729819788282153e-13,2.3359772920770885,0.09421549970584489
7.939999999999875,1.0119531762194018,5.720951172207745e-13,2.3359772920770854,0.09421549970585065
7.949999999999875,1.011953176219382,5.714411924248291e-13,2.335977292077084,0.09421549970585635
7.959999999999875,1.0119531762193623,5.708562244727254e-13,2.3359772920770823,0.09421549970586209
7.9699999999998745,1.0119531762193426,5.702278203403632e-13,2.3359772920770814,0.09421549970586782
7.979999999999874,1.011953176219323,5.697784726815526e-13,2.33597729207708,0.09421549970587353
7.989999999999874,1.0119531762193033,5.694606622949727e-13,2.335977292077078,0.09421549970587924
7.999999999999874,1.0119531762192835,5.692823992217417e-13,2.335977292077076,0.09421549970588496
8.009999999999874,1.0119531762192637,5.69242037490238e-13,2.3359772920770747,0.09421549970589065
8.019999999999873,1.0119531762192442,5.692474122515306e-13,2.3359772920770747,0.09421549970589632
8.029999999999873,1.0119531762192246,5.691707815798449e-13,2.3359772920770743,0.09421549970590201
8.039999999999873,1.011953176219205,5.691061753961932e-13,2.3359772920770734,0.0942154997059077
8.049999999999873,1.0119531762191856,5.690286086924451e-13,2.3359772920770725,0.09421549970591339
8.059999999999873,1.0119531762191663,5.688563419775736e-13,2.3359772920770743,0.09421549970591908
8.069999999999872,1.011953176219147,5.684950422301185e-13,2.3359772920770743,0.09421549970592474
8.079999999999872,1.0119531762191274,5.679440981934477e-13,2.335977292077074,0.09421549970593043
8.089999999999872,1.011953176219108,5.674762529711264e-13,2.3359772920770743,0.09421549970593612
8.099999999999872,1.0119531762190888,5.668681374752678e-13,2.3359772920770743,0.09421549970594176
8.109999999999872,1.0119531762190694,5.661899651655521e-13,2.3359772920770743,0.0942154997059474
8.119999999999871,1.0119531762190501,5.655055790132997e-13,2.335977292077074,0.09421549970595305
8.129999999999871,1.0119531762190308,5.647862536819187e-13,2.3359772920770747,0.09421549970595872
8.139999999999871,1.0119531762190115,5.641013919875033e-13,2.3359772920770756,0.09421549970596438
8.14999999999987,1.0119531762189922,5.634485766785251e-13,2.3359772920770743,0.09421549970597001
8.15999999999987,1.011953176218973,5.62782659166027e-13,2.3359772920770756,0.09421549970597563
8.16999999999987,1.011953176218954,5.620275118864708e-13,2.3359772920770765,0.09421549970598125
8.17999999999987,1.0119531762189349,5.611455973880479e-13,2.3359772920770765,0.09421549970598686
8.18999999999987,1.0119531762189158,5.601296047296313e-13,2.3359772920770774,0.09421549970599247
8.19999999999987,1.0119531762188967,5.590714602410173e-13,2.335977292077078,0.09421549970599805
8.20999999999987,1.0119531762188776,5.580559623650396e-13,2.3359772920770783,0.09421549970600362
8.21999999999987,1.0119531762188583,5.570556842304762e-13,2.335977292077077,0.09421549970600923
8.229999999999869,1.0119531762188392,5.563196104461658e-13,2.3359772920770765,0.09421549970601481
8.239999999999869,1.01195317621882,5.555938443042241e-13,2.3359772920770756,0.09421549970602039
8.249999999999869,1.011953176218801,5.549810444916942e-13,2.3359772920770747,0.09421549970602594
8.259999999999868,1.011953176218782,5.544902734153292e-13,2.335977292077075,0.09421549970603149
8.269999999999868,1.0119531762187628,5.54094176166624e-13,2.3359772920770734,0.09421549970603704
8.279999999999868,1.0119531762187437,5.539231599160971e-13,2.3359772920770716,0.09421549970604258
8.289999999999868,1.0119531762187248,5.538991528981258e-13,2.3359772920770725,0.09421549970604812
8.299999999999867,1.011953176218706,5.536443614285856e-13,2.335977292077072,0.09421549970605363
8.309999999999867,1.011953176218687,5.533176047547316e-13,2.335977292077074,0.09421549970605918
8.319999999999867,1.0119531762186682,5.529590846189865e-13,2.335977292077073,0.09421549970606471
8.329999999999867,1.0119531762186493,5.526542018897382e-13,2.335977292077074,0.09421549970607022
8.339999999999867,1.0119531762186305,5.523110013432049e-13,2.335977292077074,0.09421549970607576
8.349999999999866,1.0119531762186116,5.520298555946844e-13,2.335977292077073,0.09421549970608128
8.359999999999866,1.011953176218593,5.5169757376634e-13,2.3359772920770756,0.0942154997060868
8.369999999999866,1.0119531762185743,5.512891645296719e-13,2.335977292077076,0.09421549970609229
8.379999999999866,1.0119531762185556,5.50770687948225e-13,2.3359772920770765,0.09421549970609781
8.389999999999866,1.011953176218537,5.501653571223174e-13,2.3359772920770783,0.09421549970610332
8.399999999999865,1.0119531762185183,5.494852125258033e-13,2.33597729207708,0.09421549970610883
8.409999999999865,1.0119531762184997,5.486540229773303e-13,2.3359772920770796,0.0942154997061143
8.419999999999865,1.011953176218481,5.478400693428406e-13,2.3359772920770805,0.09421549970611981
8.429999999999865,1.0119531762184624,5.471113250461336e-13,2.3359772920770814,0.09421549970612529
8.439999999999864,1.011953176218444,5.464437834532628e-13,2.335977292077083,0.09421549970613077
8.449999999999864,1.0119531762184255,5.455796916758174e-13,2.3359772920770854,0.09421549970613623
8.459999999999864,1.011953176218407,5.446570217172655e-13,2.335977292077087,0.09421549970614167
8.469999999999864,1.0119531762183887,5.436010741142685e-13,2.3359772920770876,0.09421549970614711
8.479999999999864,1.0119531762183702,5.425124388535847e-13,2.335977292077089,0.09421549970615253
8.489999999999863,1.0119531762183518,5.414480890561126e-13,2.3359772920770885,0.09421549970615795
8.499999999999863,1.0119531762183334,5.404506539146029e-13,2.33597729207709,0.09421549970616337
8.509999999999863,1.011953176218315,5.394870805750355e-13,2.3359772920770907,0.09421549970616878
8.519999999999863,1.0119531762182965,5.384431584928334e-13,2.3359772920770903,0.0942154997061742
8.529999999999863,1.011953176218278,5.375285677195263e-13,2.3359772920770903,0.09421549970617957
8.539999999999862,1.0119531762182596,5.367003633954901e-13,2.3359772920770894,0.09421549970618495
8.549999999999862,1.0119531762182412,5.360530843315235e-13,2.335977292077089,0.09421549970619031
8.559999999999862,1.0119531762182228,5.35580989048493e-13,2.335977292077089,0.09421549970619571
8.569999999999862,1.0119531762182044,5.352480535452209e-13,2.3359772920770885,0.09421549970620109
8.579999999999862,1.0119531762181861,5.351476489866567e-13,2.3359772920770885,0.09421549970620645
8.589999999999861,1.0119531762181677,5.349141821794451e-13,2.3359772920770894,0.09421549970621179
8.599999999999861,1.0119531762181495,5.345658747563762e-13,2.3359772920770903,0.09421549970621716
8.60999999999986,1.0119531762181313,5.342980028143758e-13,2.335977292077091,0.0942154997062225
8.61999999999986,1.011953176218113,5.338964814877446e-13,2.3359772920770907,0.09421549970622786
8.62999999999986,1.0119531762180949,5.335110292303572e-13,2.3359772920770916,0.09421549970623322
8.63999999999986,1.011953176218077,5.331917761244191e-13,2.335977292077094,0.09421549970623855
8.64999999999986,1.0119531762180587,5.327354585394359e-13,2.335977292077094,0.09421549970624389
8.65999999999986,1.0119531762180407,5.323364834204264e-13,2.3359772920770947,0.0942154997062492
8.66999999999986,1.0119531762180227,5.318852140133289e-13,2.3359772920770965,0.09421549970625454
8.67999999999986,1.0119531762180047,5.313595486749823e-13,2.335977292077098,0.09421549970625985
8.68999999999986,1.0119531762179867,5.307339958612074e-13,2.3359772920770987,0.09421549970626515
8.699999999999859,1.0119531762179688,5.301603021521128e-13,2.335977292077099,0.09421549970627045
8.709999999999859,1.0119531762179508,5.29599983766799e-13,2.3359772920771,0.09421549970627574
8.719999999999859,1.0119531762179328,5.289874247774088e-13,2.335977292077102,0.09421549970628103
8.729999999999858,1.011953176217915,5.282862488887535e-13,2.3359772920771036,0.0942154997062863
8.739999999999858,1.0119531762178973,5.273224057166874e-13,2.3359772920771054,0.09421549970629156
8.749999999999858,1.0119531762178795,5.263269109280173e-13,2.3359772920771067,0.09421549970629683
8.759999999999858,1.0119531762178617,5.252713692972072e-13,2.3359772920771094,0.0942154997063021
8.769999999999857,1.011953176217844,5.241576086005072e-13,2.33597729207711,0.09421549970630735
8.779999999999857,1.0119531762178262,5.22960949659436e-13,2.335977292077111,0.0942154997063126
8.789999999999857,1.0119531762178087,5.217817892977549e-13,2.3359772920771134,0.09421549970631782
8.799999999999857,1.011953176217791,5.205183061577557e-13,2.335977292077114,0.09421549970632305
8.809999999999857,1.0119531762177731,5.193393533474767e-13,2.3359772920771142,0.09421549970632824
8.819999999999856,1.0119531762177552,5.182889430917946e-13,2.335977292077114,0.09421549970633343
8.829999999999856,1.0119531762177374,5.173775777787834e-13,2.3359772920771134,0.09421549970633863
8.839999999999856,1.0119531762177196,5.165982783909217e-13,2.3359772920771125,0.0942154997063438
8.849999999999856,1.0119531762177019,5.158953586777671e-13,2.3359772920771125,0.09421549970634897
8.859999999999856,1.0119531762176843,5.153754324069185e-13,2.335977292077113,0.09421549970635412
8.869999999999855,1.0119531762176668,5.148267515037465e-13,2.335977292077113,0.09421549970635926
8.879999999999855,1.0119531762176492,5.143343755239074e-13,2.3359772920771142,0.0942154997063644
8.889999999999855,1.0119531762176315,5.138695644188308e-13,2.3359772920771134,0.09421549970636954
8.899999999999855,1.011953176217614,5.134693923904821e-13,2.335977292077114,0.09421549970637468
8.909999999999854,1.0119531762175964,5.131379741860898e-13,2.3359772920771134,0.09421549970637981
8.919999999999854,1.0119531762175789,5.128765255949888e-13,2.3359772920771134,0.09421549970638496
8.929999999999854,1.0119531762175615,5.126159899977245e-13,2.335977292077115,0.09421549970639008
8.939999999999854,1.0119531762175442,5.122514350300381e-13,2.3359772920771165,0.09421549970639517
8.949999999999854,1.0119531762175267,5.118103235727154e-13,2.3359772920771156,0.09421549970640031
8.959999999999853,1.0119531762175091,5.113797672092312e-13,2.3359772920771156,0.0942154997064054
8.969999999999853,1.0119531762174918,5.109123108525461e-13,2.335977292077118,0.09421549970641051
8.979999999999853,1.0119531762174745,5.104067841298764e-13,2.335977292077118,0.09421549970641559
8.989999999999853,1.0119531762174572,5.098973899047622e-13,2.3359772920771187,0.0942154997064207
8.999999999999853,1.0119531762174399,5.094129780137295e-13,2.3359772920771187,0.0942154997064258
9.009999999999852,1.0119531762174228,5.089783319259032e-13,2.335977292077121,0.09421549970643085
9.019999999999852,1.0119531762174054,5.08331038015942e-13,2.3359772920771222,0.09421549970643593
9.029999999999852,1.0119531762173883,5.076017983987097e-13,2.3359772920771253,0.09421549970644101
9.039999999999852,1.0119531762173712,5.067672881286912e-13,2.3359772920771262,0.09421549970644608
9.049999999999851,1.0119531762173541,5.058561005500197e-13,2.335977292077128,0.09421549970645113
9.059999999999851,1.011953176217337,5.049179036939775e-13,2.335977292077129,0.0942154997064562
9.069999999999851,1.0119531762173197,5.039732172064738e-13,2.33597729207713,0.09421549970646123
9.07999999999985,1.0119531762173029,5.028896411424158e-13,2.335977292077132,0.09421549970646625
9.08999999999985,1.011953176217286,5.016178394972672e-13,2.335977292077135,0.09421549970647125
9.09999999999985,1.0119531762172689,5.002295458983832e-13,2.3359772920771347,0.09421549970647629
9.10999999999985,1.0119531762172518,4.989822590857608e-13,2.3359772920771342,0.0942154997064813
9.11999999999985,1.0119531762172347,4.979063963548185e-13,2.335977292077135,0.0942154997064863
9.12999999999985,1.0119531762172174,4.969897967136844e-13,2.335977292077134,0.09421549970649128
9.13999999999985,1.0119531762172003,4.962707298349647e-13,2.3359772920771333,0.09421549970649624
9.14999999999985,1.0119531762171832,4.957331823113523e-13,2.335977292077132,0.09421549970650123
9.15999999999985,1.0119531762171663,4.953824558139153e-13,2.335977292077133,0.0942154997065062
9.169999999999849,1.0119531762171492,4.949782297070956e-13,2.335977292077133,0.09421549970651115
9.179999999999849,1.0119531762171323,4.945874614378985e-13,2.3359772920771342,0.0942154997065161
9.189999999999849,1.0119531762171154,4.942454568426132e-13,2.3359772920771342,0.09421549970652104
9.199999999999848,1.0119531762170986,4.939064511179574e-13,2.335977292077135,0.094215499706526
9.209999999999848,1.0119531762170817,4.936144097744642e-13,2.3359772920771356,0.09421549970653097
9.219999999999848,1.0119531762170646,4.93398069816347e-13,2.335977292077135,0.09421549970653591
9.229999999999848,1.011953176217048,4.93195964055032e-13,2.335977292077136,0.09421549970654083
9.239999999999847,1.0119531762170313,4.928688207872503e-13,2.3359772920771382,0.09421549970654575
9.249999999999847,1.0119531762170146,4.924166332379903e-13,2.335977292077139,0.09421549970655067
9.259999999999847,1.0119531762169978,4.919703699195481e-13,2.335977292077139,0.09421549970655563
9.269999999999847,1.0119531762169807,4.916925623034268e-13,2.3359772920771382,0.09421549970656057
9.279999999999847,1.011953176216964,4.915558648315894e-13,2.3359772920771396,0.09421549970656547
9.289999999999846,1.0119531762169474,4.914057572203187e-13,2.335977292077141,0.0942154997065704
9.299999999999846,1.0119531762169307,4.911753428939428e-13,2.335977292077142,0.09421549970657529
9.309999999999846,1.011953176216914,4.909558783495445e-13,2.335977292077143,0.09421549970658018
9.319999999999846,1.0119531762168976,4.904389360961173e-13,2.3359772920771458,0.09421549970658506
9.329999999999846,1.0119531762168812,4.897696455992165e-13,2.335977292077147,0.09421549970658996
9.339999999999845,1.0119531762168648,4.889202115297842e-13,2.3359772920771507,0.09421549970659486
9.349999999999845,1.011953176216848,4.880061997272852e-13,2.3359772920771515,0.09421549970659975
9.359999999999845,1.0119531762168317,4.870178798429423e-13,2.3359772920771533,0.09421549970660462
9.369999999999845,1.0119531762168152,4.860647643473426e-13,2.3359772920771547,0.09421549970660949
9.379999999999844,1.0119531762167988,4.850613512288912e-13,2.335977292077156,0.09421549970661434
9.389999999999844,1.0119531762167824,4.840822847088635e-13,2.335977292077158,0.09421549970661919
9.399999999999844,1.0119531762167662,4.829259140638128e-13,2.3359772920771604,0.09421549970662402
9.409999999999844,1.01195317621675,4.816531843011733e-13,2.3359772920771626,0.09421549970662883
9.419999999999844,1.0119531762167335,4.803231710894328e-13,2.3359772920771635,0.09421549970663368
9.429999999999843,1.0119531762167169,4.791745193692484e-13,2.3359772920771635,0.0942154997066385
9.439999999999843,1.0119531762167004,4.780697641197818e-13,2.335977292077164,0.09421549970664332
9.449999999999843,1.011953176216684,4.771204641620934e-13,2.3359772920771626,0.09421549970664811
9.459999999999843,1.0119531762166678,4.763598298586462e-13,2.335977292077164,0.09421549970665288
9.469999999999843,1.0119531762166514,4.756240774874867e-13,2.3359772920771653,0.09421549970665764
9.479999999999842,1.0119531762166352,4.748951562878971e-13,2.335977292077165,0.09421549970666239
9.489999999999842,1.011953176216619,4.741927204729089e-13,2.3359772920771653,0.09421549970666716
9.499999999999842,1.0119531762166027,4.735318704302408e-13,2.335977292077166,0.09421549970667194
9.509999999999842,1.0119531762165863,4.729693907254751e-13,2.335977292077166,0.09421549970667666
9.519999999999841,1.01195317621657,4.725029175076284e-13,2.3359772920771653,0.09421549970668139
9.529999999999841,1.011953176216554,4.721228193584504e-13,2.3359772920771653,0.09421549970668612
9.539999999999841,1.0119531762165377,4.718995408041003e-13,2.3359772920771666,0.09421549970669084
9.54999999999984,1.0119531762165217,4.715548491453373e-13,2.3359772920771666,0.09421549970669556
9.55999999999984,1.0119531762165057,4.710390763411352e-13,2.3359772920771684,0.09421549970670026
9.56999999999984,1.0119531762164895,4.705179562763095e-13,2.3359772920771698,0.09421549970670497
9.57999999999984,1.0119531762164733,4.699702740757679e-13,2.3359772920771684,0.09421549970670968
9.58999999999984,1.011953176216457,4.696873036214203e-13,2.3359772920771675,0.0942154997067144
9.59999999999984,1.0119531762164409,4.695954475606127e-13,2.3359772920771675,0.09421549970671912
9.60999999999984,1.0119531762164247,4.696569962253283e-13,2.3359772920771675,0.09421549970672381
9.61999999999984,1.011953176216409,4.696870841568622e-13,2.335977292077169,0.09421549970672849
9.62999999999984,1.0119531762163931,4.695478734897132e-13,2.3359772920771706,0.09421549970673318
9.639999999999839,1.0119531762163771,4.692340325180845e-13,2.335977292077173,0.09421549970673787
9.649999999999839,1.0119531762163614,4.688140686048949e-13,2.335977292077175,0.09421549970674255
9.659999999999838,1.0119531762163456,4.68228103696758e-13,2.335977292077176,0.09421549970674722
9.669999999999838,1.0119531762163296,4.676003607124765e-13,2.335977292077178,0.0942154997067519
9.679999999999838,1.0119531762163139,4.669428805435332e-13,2.335977292077179,0.09421549970675658
9.689999999999838,1.011953176216298,4.661290888420451e-13,2.3359772920771804,0.09421549970676123
9.699999999999838,1.0119531762162821,4.653467433548527e-13,2.3359772920771813,0.09421549970676589
9.709999999999837,1.0119531762162666,4.645790952554979e-13,2.335977292077184,0.09421549970677053
9.719999999999837,1.011953176216251,4.635766514458596e-13,2.3359772920771857,0.09421549970677515
9.729999999999837,1.0119531762162353,4.6246589741464e-13,2.335977292077188,0.09421549970677977
9.739999999999837,1.0119531762162197,4.611773849930439e-13,2.335977292077189,0.09421549970678438
9.749999999999837,1.011953176216204,4.598665493648572e-13,2.3359772920771897,0.094215499706789
9.759999999999836,1.011953176216188,4.587825529064099e-13,2.3359772920771897,0.0942154997067936
9.769999999999836,1.0119531762161722,4.579131018437495e-13,2.3359772920771884,0.0942154997067982
9.779999999999836,1.0119531762161564,4.572468905903481e-13,2.335977292077188,0.09421549970680279
9.789999999999836,1.0119531762161407,4.567503221998077e-13,2.335977292077189,0.09421549970680736
9.799999999999836,1.0119531762161251,4.562404971169197e-13,2.3359772920771897,0.09421549970681192
9.809999999999835,1.0119531762161096,4.556151312740376e-13,2.33597729207719,0.09421549970681649
9.819999999999835,1.0119531762160938,4.550512084472061e-13,2.33597729207719,0.09421549970682103
9.829999999999835,1.0119531762160783,4.545825705437722e-13,2.33597729207719,0.09421549970682556
9.839999999999835,1.0119531762160627,4.541922027256952e-13,2.3359772920771897,0.09421549970683013
9.849999999999834,1.011953176216047,4.5393104681108764e-13,2.335977292077189,0.09421549970683465
9.859999999999834,1.0119531762160316,4.537148311550265e-13,2.3359772920771897,0.09421549970683916
9.869999999999834,1.011953176216016,4.5334870032253116e-13,2.3359772920771915,0.09421549970684368
9.879999999999834,1.0119531762160008,4.530159641133938e-13,2.335977292077193,0.09421549970684821
9.889999999999834,1.0119531762159855,4.5258301036779e-13,2.335977292077194,0.09421549970685274
9.899999999999833,1.01195317621597,4.521344487350823e-13,2.3359772920771946,0.09421549970685726
9.909999999999833,1.0119531762159544,4.5164667762494115e-13,2.3359772920771937,0.0942154997068618
9.919999999999833,1.0119531762159388,4.51428549383956e-13,2.335977292077193,0.09421549970686634
9.929999999999833,1.011953176215923,4.514338779537751e-13,2.335977292077193,0.09421549970687085
9.939999999999833,1.0119531762159077,4.5147471794988834e-13,2.3359772920771933,0.09421549970687536
9.949999999999832,1.0119531762158924,4.5154242983276e-13,2.3359772920771955,0.09421549970687987
9.959999999999832,1.0119531762158773,4.5134977690508885e-13,2.335977292077197,0.09421549970688436
9.969999999999832,1.0119531762158622,4.510220412881083e-13,2.3359772920771995,0.09421549970688886
9.979999999999832,1.011953176215847,4.5055311433830825e-13,2.335977292077201,0.09421549970689334
9.989999999999831,1.0119531762158318,4.5000288610980363e-13,2.3359772920772026,0.09421549970689784
9.999999999999831,1.0119531762158167,4.493700297400645e-13,2.335977292077205,0.09421549970690234
10.009999999999831,1.0119531762158014,4.4867592225077045e-13,2.3359772920772066,0.09421549970690682
10.01999999999983,1.0119531762157863,4.4799330572756934e-13,2.3359772920772066,0.09421549970691127
10.02999999999983,1.0119531762157712,4.4725830025525467e-13,2.3359772920772093,0.09421549970691573
10.03999999999983,1.0119531762157563,4.4638486527521665e-13,2.3359772920772124,0.0942154997069202
10.04999999999983,1.0119531762157414,4.45340872966906e-13,2.3359772920772146,0.09421549970692467
10.05999999999983,1.0119531762157263,4.4412783076344524e-13,2.3359772920772173,0.09421549970692909
10.06999999999983,1.0119531762157115,4.428782317682963e-13,2.33597729207722,0.09421549970693353
10.07999999999983,1.0119531762156964,4.4137964416620426e-13,2.3359772920772204,0.09421549970693792
10.08999999999983,1.0119531762156813,4.3995432693873534e-13,2.3359772920772213,0.09421549970694236
10.09999999999983,1.0119531762156662,4.388050154698634e-13,2.33597729207722,0.09421549970694676
10.109999999999829,1.0119531762156508,4.3783815037003213e-13,2.33597729207722,0.09421549970695119
10.119999999999829,1.011953176215636,4.3713741049285903e-13,2.3359772920772195,0.09421549970695554
10.129999999999828,1.0119531762156209,4.3640170440366645e-13,2.3359772920772217,0.09421549970695993
10.139999999999828,1.011953176215606,4.357311269002461e-13,2.3359772920772217,0.09421549970696429
10.149999999999828,1.011953176215591,4.3507665368349675e-13,2.3359772920772213,0.09421549970696866
10.159999999999828,1.011953176215576,4.345064073915417e-13,2.335977292077222,0.09421549970697302
10.169999999999828,1.0119531762155611,4.339936846842689e-13,2.3359772920772217,0.09421549970697735
10.179999999999827,1.011953176215546,4.336171624726206e-13,2.335977292077221,0.09421549970698168
10.189999999999827,1.0119531762155312,4.333544832859553e-13,2.3359772920772217,0.09421549970698602
10.199999999999827,1.0119531762155163,4.3301549944657546e-13,2.3359772920772217,0.09421549970699035
10.209999999999827,1.0119531762155016,4.3267040373371773e-13,2.335977292077224,0.09421549970699468
10.219999999999827,1.0119531762154867,4.321901989302522e-13,2.335977292077224,0.094215499706999
10.229999999999826,1.011953176215472,4.3167758492429226e-13,2.3359772920772253,0.0942154997070033
10.239999999999826,1.0119531762154574,4.3128889809769517e-13,2.335977292077225,0.0942154997070076
10.249999999999826,1.0119531762154426,4.309484059512107e-13,2.335977292077226,0.09421549970701192
10.259999999999826,1.0119531762154277,4.3055011353846637e-13,2.3359772920772253,0.09421549970701623
10.269999999999825,1.0119531762154126,4.3043850196274366e-13,2.335977292077224,0.09421549970702055
10.279999999999825,1.0119531762153977,4.3060539759625766e-13,2.335977292077223,0.09421549970702486
10.289999999999825,1.0119531762153828,4.309243262196815e-13,2.3359772920772226,0.09421549970702918
10.299999999999825,1.0119531762153682,4.3130141827141427e-13,2.3359772920772235,0.09421549970703351
10.309999999999825,1.0119531762153535,4.3166315482764987e-13,2.335977292077226,0.09421549970703781
10.319999999999824,1.011953176215339,4.3183630973855294e-13,2.3359772920772284,0.09421549970704211
10.329999999999824,1.0119531762153247,4.3176707706197014e-13,2.335977292077231,0.09421549970704643
10.339999999999824,1.01195317621531,4.314615210765911e-13,2.3359772920772315,0.09421549970705075
10.349999999999824,1.0119531762152956,4.3114573304219327e-13,2.3359772920772333,0.09421549970705506
10.359999999999824,1.011953176215281,4.307228800976528e-13,2.3359772920772355,0.09421549970705938
10.369999999999823,1.0119531762152667,4.3022789635261396e-13,2.3359772920772395,0.09421549970706367
10.379999999999823,1.0119531762152523,4.294733149665143e-13,2.3359772920772426,0.09421549970706795
10.389999999999823,1.011953176215238,4.2852695244345765e-13,2.3359772920772457,0.09421549970707224
10.399999999999823,1.0119531762152236,4.27393676659381e-13,2.3359772920772484,0.09421549970707652
10.409999999999823,1.0119531762152094,4.260822888384548e-13,2.33597729207725,0.09421549970708076
10.419999999999822,1.0119531762151952,4.2471769946914994e-13,2.3359772920772532,0.09421549970708502
10.429999999999822,1.0119531762151808,4.233292041366104e-13,2.3359772920772555,0.09421549970708926
10.439999999999822,1.0119531762151666,4.218986033548009e-13,2.3359772920772577,0.0942154997070935
10.449999999999822,1.011953176215152,4.204360836536153e-13,2.3359772920772564,0.09421549970709774
10.459999999999821,1.0119531762151377,4.1928431625134054e-13,2.335977292077259,0.09421549970710194
10.469999999999821,1.0119531762151233,4.181345851880967e-13,2.3359772920772595,0.09421549970710613
10.479999999999821,1.011953176215109,4.1697316878039197e-13,2.33597729207726,0.09421549970711031
10.48999999999982,1.0119531762150946,4.1589985376497e-13,2.3359772920772603,0.0942154997071145
10.49999999999982,1.0119531762150804,4.1491344904372036e-13,2.335977292077261,0.09421549970711866
10.50999999999982,1.011953176215066,4.140738193453108e-13,2.335977292077261,0.09421549970712283
10.51999999999982,1.0119531762150518,4.133534789353259e-13,2.3359772920772603,0.09421549970712696
10.52999999999982,1.0119531762150373,4.127426125839775e-13,2.33597729207726,0.09421549970713111
10.53999999999982,1.0119531762150231,4.122768241900463e-13,2.335977292077259,0.09421549970713523
10.54999999999982,1.011953176215009,4.1191908782147387e-13,2.3359772920772603,0.09421549970713936
10.55999999999982,1.011953176214995,4.114871223188181e-13,2.3359772920772612,0.09421549970714346
10.569999999999819,1.0119531762149807,4.110459958621619e-13,2.3359772920772617,0.09421549970714758
10.579999999999819,1.0119531762149667,4.105380688541963e-13,2.335977292077263,0.0942154997071517
10.589999999999819,1.0119531762149525,4.1004247063769724e-13,2.335977292077263,0.0942154997071558
10.599999999999818,1.0119531762149383,4.0961426965348484e-13,2.335977292077263,0.0942154997071599
10.609999999999818,1.0119531762149243,4.092141389901514e-13,2.335977292077264,0.09421549970716402
10.619999999999818,1.0119531762149099,4.088628812790046e-13,2.3359772920772617,0.09421549970716811
10.629999999999818,1.0119531762148957,4.0881359262622143e-13,2.3359772920772603,0.09421549970717222
10.639999999999818,1.0119531762148815,4.0897394544795934e-13,2.3359772920772595,0.09421549970717631
10.649999999999817,1.0119531762148675,4.0919268016879535e-13,2.3359772920772595,0.09421549970718039
10.659999999999817,1.0119531762148533,4.094923308018615e-13,2.33597729207726,0.0942154997071845
10.669999999999817,1.0119531762148393,4.098380265955299e-13,2.3359772920772595,0.0942154997071886
10.679999999999817,1.011953176214825,4.101995886598189e-13,2.3359772920772595,0.09421549970719269
10.689999999999817,1.0119531762148113,4.1064532536320146e-13,2.3359772920772617,0.0942154997071968
10.699999999999816,1.0119531762147973,4.109563870070804e-13,2.335977292077263,0.09421549970720088
10.709999999999816,1.0119531762147835,4.111348095109837e-13,2.3359772920772643,0.09421549970720497
10.719999999999816,1.0119531762147698,4.1121711017424356e-13,2.335977292077267,0.09421549970720905
10.729999999999816,1.0119531762147562,4.1102372934887216e-13,2.33597729207727,0.09421549970721313
10.739999999999815,1.0119531762147425,4.1052013957528855e-13,2.3359772920772737,0.09421549970721721
10.749999999999815,1.011953176214729,4.097758135795191e-13,2.3359772920772763,0.09421549970722129
10.759999999999815,1.0119531762147151,4.0877316581313825e-13,2.335977292077279,0.09421549970722537
10.769999999999815,1.0119531762147016,4.0765635035348114e-13,2.335977292077281,0.09421549970722944
10.779999999999815,1.0119531762146878,4.0647464624280136e-13,2.3359772920772834,0.0942154997072335
10.789999999999814,1.0119531762146743,4.0517869142284367e-13,2.3359772920772857,0.09421549970723755
10.799999999999814,1.0119531762146605,4.038287759392783e-13,2.335977292077288,0.09421549970724158
10.809999999999814,1.0119531762146465,4.0255194342616636e-13,2.335977292077287,0.09421549970724563
10.819999999999814,1.011953176214633,4.0136131698876377e-13,2.3359772920772888,0.09421549970724966
10.829999999999814,1.0119531762146192,4.0021454685248535e-13,2.3359772920772897,0.09421549970725367
10.839999999999813,1.0119531762146057,3.99114315484591e-13,2.33597729207729,0.09421549970725765
10.849999999999813,1.011953176214592,3.981125078619017e-13,2.335977292077291,0.09421549970726165
10.859999999999813,1.0119531762145784,3.9717964853442253e-13,2.335977292077292,0.09421549970726563
10.869999999999813,1.0119531762145646,3.9631776412061074e-13,2.335977292077292,0.0942154997072696
10.879999999999812,1.0119531762145508,3.9561550826696604e-13,2.3359772920772914,0.09421549970727355
10.889999999999812,1.0119531762145373,3.9503919543807483e-13,2.3359772920772914,0.09421549970727752
10.899999999999812,1.0119531762145235,3.944721951769015e-13,2.335977292077291,0.09421549970728148
10.909999999999812,1.0119531762145102,3.9404436454902306e-13,2.3359772920772914,0.0942154997072854
10.919999999999812,1.0119531762144967,3.9350292264139986e-13,2.3359772920772928,0.09421549970728933
10.929999999999811,1.0119531762144833,3.9292005967581403e-13,2.3359772920772937,0.09421549970729327
10.939999999999811,1.0119531762144698,3.9228612836697373e-13,2.3359772920772945,0.0942154997072972
10.949999999999811,1.0119531762144562,3.9164099903666316e-13,2.335977292077296,0.09421549970730111
10.95999999999981,1.011953176214443,3.9106736541804214e-13,2.335977292077296,0.09421549970730503
10.96999999999981,1.0119531762144294,3.905199284884186e-13,2.3359772920772963,0.09421549970730893
10.97999999999981,1.011953176214416,3.900191317796044e-13,2.3359772920772977,0.09421549970731286
10.98999999999981,1.0119531762144025,3.89562668016489e-13,2.3359772920772977,0.09421549970731677
10.99999999999981,1.011953176214389,3.891904715139353e-13,2.3359772920772968,0.09421549970732067
11.00999999999981,1.0119531762143756,3.8903138219700916e-13,2.3359772920772968,0.09421549970732455
11.01999999999981,1.011953176214362,3.889711955011958e-13,2.335977292077297,0.09421549970732847
11.02999999999981,1.0119531762143488,3.890080248664038e-13,2.335977292077296,0.09421549970733234
11.039999999999809,1.0119531762143352,3.8913582326020926e-13,2.335977292077296,0.09421549970733627
11.049999999999809,1.0119531762143217,3.891923826962564e-13,2.3359772920772963,0.09421549970734018
11.059999999999809,1.0119531762143084,3.892951111854764e-13,2.3359772920772963,0.09421549970734408
11.069999999999808,1.0119531762142948,3.895603341509509e-13,2.3359772920772968,0.09421549970734798
11.079999999999808,1.0119531762142817,3.899269668968453e-13,2.3359772920772977,0.09421549970735188
11.089999999999808,1.0119531762142684,3.901881446963389e-13,2.3359772920773,0.09421549970735577
11.099999999999808,1.0119531762142553,3.90311122788924e-13,2.3359772920773016,0.09421549970735967
11.109999999999808,1.0119531762142424,3.9018102798148007e-13,2.3359772920773048,0.09421549970736352
11.119999999999807,1.0119531762142293,3.897790871090874e-13,2.335977292077307,0.0942154997073674
11.129999999999807,1.0119531762142164,3.891962936348992e-13,2.3359772920773096,0.09421549970737127
11.139999999999807,1.0119531762142033,3.885127105043003e-13,2.3359772920773123,0.09421549970737515
11.149999999999807,1.0119531762141902,3.8765545959437416e-13,2.335977292077316,0.09421549970737904
11.159999999999807,1.0119531762141774,3.8665835892900834e-13,2.335977292077317,0.0942154997073829
11.169999999999806,1.0119531762141643,3.8562653660887815e-13,2.3359772920773194,0.09421549970738675
11.179999999999806,1.0119531762141514,3.844809178673499e-13,2.335977292077321,0.09421549970739063
11.189999999999806,1.0119531762141385,3.8334412917233533e-13,2.3359772920773243,0.09421549970739443
11.199999999999806,1.0119531762141256,3.8183106209093345e-13,2.3359772920773283,0.09421549970739825
11.209999999999805,1.011953176214113,3.8017964327199436e-13,2.335977292077331,0.09421549970740205
11.219999999999805,1.0119531762141,3.7840985076476373e-13,2.3359772920773327,0.09421549970740582
11.229999999999805,1.0119531762140874,3.765652782784748e-13,2.335977292077334,0.0942154997074096
11.239999999999805,1.0119531762140745,3.746798662398061e-13,2.3359772920773345,0.09421549970741336
11.249999999999805,1.0119531762140617,3.727596316659667e-13,2.3359772920773376,0.0942154997074171
11.259999999999804,1.011953176214049,3.7084925663966013e-13,2.3359772920773376,0.09421549970742081
11.269999999999804,1.0119531762140361,3.6897640996868173e-13,2.3359772920773376,0.0942154997074245
11.279999999999804,1.0119531762140233,3.672106225791072e-13,2.3359772920773376,0.09421549970742818
11.289999999999804,1.0119531762140106,3.655353742428547e-13,2.3359772920773376,0.09421549970743186
11.299999999999804,1.0119531762139977,3.639598760026269e-13,2.3359772920773376,0.09421549970743552
11.309999999999803,1.011953176213985,3.6248889176858136e-13,2.335977292077337,0.09421549970743914
11.319999999999803,1.0119531762139724,3.609035215889916e-13,2.3359772920773376,0.09421549970744272
11.329999999999803,1.01195317621396,3.593056717062281e-13,2.335977292077337,0.09421549970744633
11.339999999999803,1.0119531762139473,3.5767855505333206e-13,2.3359772920773363,0.0942154997074499
11.349999999999802,1.0119531762139347,3.560845635317145e-13,2.335977292077336,0.09421549970745345
11.359999999999802,1.0119531762139222,3.544958515982409e-13,2.3359772920773345,0.09421549970745699
11.369999999999802,1.0119531762139096,3.529891000299682e-13,2.335977292077332,0.09421549970746051
11.379999999999802,1.011953176213897,3.5143596406196217e-13,2.3359772920773305,0.09421549970746404
11.389999999999802,1.0119531762138843,3.500485988677492e-13,2.3359772920773287,0.09421549970746754
11.399999999999801,1.0119531762138718,3.487960619579115e-13,2.335977292077326,0.09421549970747103
11.409999999999801,1.0119531762138592,3.476028764080129e-13,2.3359772920773234,0.09421549970747453
11.419999999999801,1.0119531762138467,3.465326074291055e-13,2.3359772920773216,0.094215499707478
11.4299999999998,1.011953176213834,3.4542716418190305e-13,2.3359772920773185,0.09421549970748144
11.4399999999998,1.0119531762138216,3.4443710861366925e-13,2.335977292077316,0.0942154997074849
11.4499999999998,1.011953176213809,3.437299486003733e-13,2.3359772920773114,0.09421549970748834
11.4599999999998,1.0119531762137963,3.4328867981152493e-13,2.3359772920773083,0.0942154997074918
11.4699999999998,1.0119531762137837,3.4304664198544914e-13,2.3359772920773043,0.09421549970749525
11.4799999999998,1.011953176213771,3.429601909871317e-13,2.3359772920773003,0.09421549970749868
11.4899999999998,1.0119531762137586,3.4304865712826646e-13,2.335977292077297,0.09421549970750213
11.4999999999998,1.011953176213746,3.4332020924427246e-13,2.335977292077293,0.09421549970750559
11.509999999999799,1.0119531762137333,3.437588716742792e-13,2.335977292077289,0.09421549970750903
11.519999999999799,1.0119531762137206,3.443522975386739e-13,2.335977292077285,0.09421549970751247
11.529999999999799,1.0119531762137084,3.4509048089004726e-13,2.3359772920772834,0.09421549970751592
11.539999999999798,1.011953176213696,3.4570505885262906e-13,2.335977292077281,0.09421549970751936
11.549999999999798,1.0119531762136837,3.461773030227101e-13,2.33597729207728,0.0942154997075228
11.559999999999798,1.0119531762136715,3.4636159674337833e-13,2.3359772920772808,0.09421549970752625
11.569999999999798,1.0119531762136593,3.463382083567012e-13,2.335977292077279,0.09421549970752968
11.579999999999798,1.0119531762136473,3.4609310800824506e-13,2.3359772920772786,0.09421549970753314
11.589999999999797,1.0119531762136351,3.457353926579344e-13,2.335977292077279,0.09421549970753658
11.599999999999797,1.011953176213623,3.4527884624499247e-13,2.3359772920772786,0.09421549970754003
11.609999999999797,1.0119531762136107,3.446656004588121e-13,2.335977292077278,0.09421549970754349
11.619999999999797,1.0119531762135987,3.4397847180985013e-13,2.335977292077277,0.0942154997075469
11.629999999999797,1.0119531762135865,3.432704238061301e-13,2.335977292077276,0.09421549970755033
11.639999999999796,1.0119531762135743,3.425234068158455e-13,2.335977292077274,0.09421549970755375
11.649999999999796,1.011953176213562,3.4176416373986405e-13,2.335977292077273,0.09421549970755717
11.659999999999796,1.01195317621355,3.4104088089777583e-13,2.3359772920772714,0.09421549970756059
11.669999999999796,1.011953176213538,3.4031082228674956e-13,2.335977292077271,0.09421549970756395
11.679999999999795,1.0119531762135259,3.394575302502251e-13,2.3359772920772697,0.09421549970756735
11.689999999999795,1.0119531762135137,3.3867079708355353e-13,2.3359772920772675,0.09421549970757075
11.699999999999795,1.0119531762135014,3.379857642134456e-13,2.3359772920772657,0.09421549970757413
11.709999999999795,1.0119531762134895,3.3733071743372487e-13,2.335977292077263,0.09421549970757752
11.719999999999795,1.0119531762134772,3.3681100382264973e-13,2.33597729207726,0.09421549970758088
11.729999999999794,1.011953176213465,3.3640482003918246e-13,2.335977292077258,0.09421549970758426
11.739999999999794,1.0119531762134528,3.361232870692112e-13,2.335977292077256,0.09421549970758765
11.749999999999794,1.0119531762134406,3.358839219023234e-13,2.3359772920772524,0.09421549970759101
11.759999999999794,1.0119531762134286,3.3576756215608997e-13,2.33597729207725,0.09421549970759438
11.769999999999794,1.0119531762134164,3.357632898058194e-13,2.335977292077246,0.09421549970759774
11.779999999999793,1.0119531762134044,3.3591304341066614e-13,2.3359772920772452,0.09421549970760107
11.789999999999793,1.0119531762133924,3.35950494700714e-13,2.335977292077244,0.09421549970760443
11.799999999999793,1.0119531762133804,3.3593130264423707e-13,2.335977292077243,0.0942154997076078
11.809999999999793,1.0119531762133687,3.3582977758294226e-13,2.3359772920772426,0.09421549970761116
11.819999999999792,1.0119531762133567,3.356871778573562e-13,2.3359772920772413,0.09421549970761452
11.829999999999792,1.0119531762133447,3.355422376502853e-13,2.3359772920772395,0.0942154997076179
11.839999999999792,1.0119531762133327,3.353994059249951e-13,2.3359772920772386,0.09421549970762125
11.849999999999792,1.0119531762133207,3.352624168316248e-13,2.3359772920772373,0.0942154997076246
11.859999999999792,1.011953176213309,3.351776335243287e-13,2.335977292077235,0.09421549970762798
11.869999999999791,1.011953176213297,3.351194803049851e-13,2.3359772920772333,0.09421549970763134
11.879999999999791,1.011953176213285,3.3513681301149085e-13,2.3359772920772315,0.09421549970763468
11.889999999999791,1.011953176213273,3.352152972892187e-13,2.33597729207723,0.09421549970763805
11.89999999999979,1.0119531762132612,3.352954362648396e-13,2.33597729207723,0.09421549970764138
11.90999999999979,1.0119531762132496,3.352534048869093e-13,2.33597729207723,0.09421549970764471
11.91999999999979,1.0119531762132377,3.351030709623545e-13,2.3359772920772275,0.09421549970764809
11.92999999999979,1.0119531762132257,3.3501481877880164e-13,2.3359772920772253,0.09421549970765145
11.93999999999979,1.0119531762132137,3.3504090084271556e-13,2.335977292077224,0.0942154997076548
11.94999999999979,1.0119531762132017,3.3514776710076777e-13,2.3359772920772226,0.09421549970765819
11.95999999999979,1.01195317621319,3.3544335271125056e-13,2.335977292077221,0.09421549970766156
11.96999999999979,1.011953176213178,3.35960072123094e-13,2.335977292077219,0.09421549970766492
11.979999999999789,1.011953176213166,3.3665784280489376e-13,2.3359772920772177,0.09421549970766831
11.989999999999789,1.011953176213154,3.3743880912348165e-13,2.335977292077217,0.09421549970767168
11.999999999999789,1.0119531762131422,3.3830083360087084e-13,2.3359772920772164,0.09421549970767504
12.009999999999788,1.0119531762131306,3.390185997153776e-13,2.3359772920772155,0.09421549970767842
12.019999999999788,1.0119531762131189,3.396597900666607e-13,2.3359772920772164,0.0942154997076818
12.029999999999788,1.011953176213107,3.4021605695037937e-13,2.3359772920772164,0.09421549970768518
12.039999999999788,1.0119531762130953,3.4073958776422295e-13,2.3359772920772177,0.0942154997076886
12.049999999999788,1.011953176213084,3.4111360701291403e-13,2.3359772920772195,0.09421549970769197
12.059999999999787,1.0119531762130725,3.412367349491349e-13,2.335977292077221,0.09421549970769537
12.069999999999787,1.011953176213061,3.4113157474444383e-13,2.3359772920772235,0.09421549970769877
12.079999999999787,1.0119531762130494,3.4085619831239827e-13,2.3359772920772257,0.09421549970770217
12.089999999999787,1.0119531762130378,3.4041284788017877e-13,2.3359772920772284,0.09421549970770556
12.099999999999786,1.0119531762130265,3.3982177534216553e-13,2.3359772920772297,0.09421549970770897
12.109999999999786,1.011953176213015,3.390749352562705e-13,2.33597729207723,0.09421549970771236
12.119999999999786,1.0119531762130036,3.382319395922426e-13,2.335977292077234,0.09421549970771571
12.129999999999786,1.0119531762129923,3.3710233530880823e-13,2.3359772920772373,0.09421549970771909
12.139999999999786,1.0119531762129812,3.3573707714196685e-13,2.335977292077239,0.0942154997077224
12.149999999999785,1.0119531762129699,3.3422048695697187e-13,2.335977292077242,0.09421549970772575
12.159999999999785,1.0119531762129585,3.3254844516237035e-13,2.335977292077244,0.09421549970772905
12.169999999999785,1.011953176212947,3.3082398249877406e-13,2.335977292077244,0.09421549970773238
12.179999999999785,1.0119531762129355,3.290612470623226e-13,2.335977292077245,0.09421549970773571
12.189999999999785,1.0119531762129241,3.2750773736418934e-13,2.3359772920772435,0.094215499707739
12.199999999999784,1.0119531762129126,3.2610126321585314e-13,2.3359772920772417,0.09421549970774228
12.209999999999784,1.011953176212901,3.2493146864623493e-13,2.3359772920772426,0.09421549970774556
12.219999999999784,1.0119531762128895,3.2401355861064945e-13,2.3359772920772404,0.0942154997077488
12.229999999999784,1.011953176212878,3.232440285457742e-13,2.33597729207724,0.09421549970775206
12.239999999999783,1.0119531762128666,3.226352917041017e-13,2.3359772920772395,0.09421549970775529
12.249999999999783,1.0119531762128555,3.2203045220599325e-13,2.3359772920772386,0.09421549970775851
12.259999999999783,1.0119531762128442,3.2139547334034645e-13,2.335977292077239,0.09421549970776172
12.269999999999783,1.0119531762128329,3.2083987655676765e-13,2.3359772920772377,0.09421549970776492
12.279999999999783,1.0119531762128215,3.2030941125216633e-13,2.3359772920772373,0.09421549970776816
12.289999999999782,1.0119531762128102,3.1964577065051076e-13,2.3359772920772377,0.09421549970777138
12.299999999999782,1.011953176212799,3.190306412064425e-13,2.335977292077236,0.09421549970777457
12.309999999999782,1.0119531762127876,3.185086984679255e-13,2.335977292077235,0.09421549970777775
12.319999999999782,1.0119531762127765,3.1808964763513436e-13,2.3359772920772337,0.09421549970778095
12.329999999999782,1.0119531762127651,3.1775774699361854e-13,2.335977292077232,0.09421549970778414
12.339999999999781,1.0119531762127538,3.1752493355796685e-13,2.3359772920772315,0.09421549970778734
12.349999999999781,1.0119531762127425,3.1734857388114284e-13,2.3359772920772306,0.09421549970779054
12.359999999999781,1.0119531762127314,3.1728778413935247e-13,2.33597729207723,0.09421549970779369
12.36999999999978,1.0119531762127203,3.1713971117312887e-13,2.3359772920772297,0.09421549970779687
12.37999999999978,1.0119531762127092,3.1687943113572385e-13,2.3359772920772297,0.09421549970780002
12.38999999999978,1.0119531762126983,3.1652571584985713e-13,2.33597729207723,0.09421549970780321
12.39999999999978,1.011953176212687,3.161614161880985e-13,2.335977292077229,0.09421549970780638
12.40999999999978,1.0119531762126757,3.159572968419379e-13,2.3359772920772266,0.09421549970780956
12.41999999999978,1.0119531762126643,3.159613763442591e-13,2.335977292077225,0.09421549970781273
12.42999999999978,1.011953176212653,3.16130875588413e-13,2.3359772920772235,0.09421549970781593
12.43999999999978,1.0119531762126417,3.164862990274783e-13,2.335977292077222,0.0942154997078191
12.449999999999779,1.0119531762126304,3.170751702787737e-13,2.3359772920772195,0.0942154997078223
12.459999999999779,1.0119531762126193,3.1790801082684437e-13,2.3359772920772186,0.09421549970782549
12.469999999999779,1.0119531762126082,3.187489802415371e-13,2.3359772920772186,0.09421549970782868
12.479999999999778,1.011953176212597,3.194783984700223e-13,2.3359772920772186,0.09421549970783188
12.489999999999778,1.011953176212586,3.201894523170202e-13,2.3359772920772186,0.09421549970783509
12.499999999999778,1.0119531762125749,3.207891496197956e-13,2.3359772920772195,0.0942154997078383
12.509999999999778,1.0119531762125638,3.2130295914322327e-13,2.33597729207722,0.09421549970784152
12.519999999999778,1.0119531762125527,3.218727592161321e-13,2.3359772920772204,0.09421549970784472
12.529999999999777,1.0119531762125418,3.2246376631003204e-13,2.335977292077221,0.09421549970784796
12.539999999999777,1.011953176212531,3.229538987296048e-13,2.335977292077224,0.09421549970785117
12.549999999999777,1.01195317621252,3.232051091931719e-13,2.3359772920772257,0.09421549970785438
12.559999999999777,1.0119531762125091,3.2326898600501374e-13,2.3359772920772275,0.0942154997078576
12.569999999999776,1.0119531762124983,3.231846828013459e-13,2.3359772920772293,0.09421549970786083
12.579999999999776,1.0119531762124874,3.229175524013581e-13,2.335977292077232,0.09421549970786407
12.589999999999776,1.011953176212477,3.2245315776512393e-13,2.3359772920772355,0.09421549970786726
12.599999999999776,1.0119531762124663,3.2174812418353017e-13,2.3359772920772386,0.09421549970787046
12.609999999999776,1.0119531762124556,3.2073438929464245e-13,2.335977292077243,0.09421549970787367
12.619999999999775,1.011953176212445,3.1951625488987753e-13,2.3359772920772452,0.09421549970787685
12.629999999999775,1.0119531762124343,3.181411820396584e-13,2.33597729207725,0.09421549970788004
12.639999999999775,1.0119531762124234,3.166512868677301e-13,2.33597729207725,0.09421549970788323
12.649999999999775,1.0119531762124128,3.1523011741289604e-13,2.3359772920772515,0.09421549970788641
12.659999999999775,1.0119531762124019,3.138741943320763e-13,2.335977292077252,0.09421549970788957
12.669999999999774,1.011953176212391,3.126632227380953e-13,2.335977292077252,0.09421549970789272
12.679999999999774,1.0119531762123801,3.1159302204640084e-13,2.335977292077253,0.09421549970789588
12.689999999999774,1.0119531762123692,3.1066622937160967e-13,2.3359772920772524,0.094215499707899
12.699999999999774,1.0119531762123584,3.0989522839190746e-13,2.3359772920772524,0.09421549970790213
12.709999999999773,1.0119531762123477,3.0926195999644464e-13,2.3359772920772537,0.09421549970790523
12.719999999999773,1.011953176212337,3.0857339672581654e-13,2.3359772920772546,0.0942154997079083
12.729999999999773,1.0119531762123266,3.078657455294669e-13,2.335977292077254,0.09421549970791139
12.739999999999773,1.011953176212316,3.071626837222448e-13,2.335977292077255,0.09421549970791446
12.749999999999773,1.0119531762123053,3.0642626450392213e-13,2.335977292077256,0.09421549970791754
12.759999999999772,1.0119531762122946,3.0574921581247943e-13,2.3359772920772555,0.09421549970792059
12.769999999999772,1.011953176212284,3.051114719907782e-13,2.3359772920772564,0.09421549970792366
12.779999999999772,1.0119531762122733,3.045287359897534e-13,2.335977292077256,0.09421549970792674
12.789999999999772,1.0119531762122627,3.040218153392292e-13,2.335977292077256,0.09421549970792978
12.799999999999772,1.011953176212252,3.0357518609153154e-13,2.335977292077256,0.09421549970793285
12.809999999999771,1.0119531762122413,3.031915425483103e-13,2.335977292077255,0.09421549970793587
12.819999999999771,1.011953176212231,3.029032644331263e-13,2.3359772920772564,0.0942154997079389
12.829999999999771,1.0119531762122205,3.02455146840795e-13,2.3359772920772572,0.09421549970794192
12.83999999999977,1.0119531762122103,3.0177845462444305e-13,2.335977292077258,0.09421549970794493
12.84999999999977,1.0119531762121998,3.0106058188586603e-13,2.3359772920772586,0.09421549970794794
12.85999999999977,1.0119531762121894,3.002777341265597e-13,2.3359772920772595,0.09421549970795096
12.86999999999977,1.011953176212179,2.9950293580386415e-13,2.3359772920772603,0.09421549970795397
12.87999999999977,1.0119531762121685,2.9868751027605145e-13,2.335977292077261,0.09421549970795697
12.88999999999977,1.011953176212158,2.979116527029265e-13,2.3359772920772595,0.09421549970795996
12.89999999999977,1.0119531762121474,2.972215369808911e-13,2.3359772920772586,0.09421549970796295
12.90999999999977,1.0119531762121368,2.96767827009617e-13,2.3359772920772555,0.09421549970796593
12.919999999999769,1.011953176212126,2.9662108814009423e-13,2.3359772920772546,0.0942154997079689
12.929999999999769,1.0119531762121154,2.967103511661728e-13,2.335977292077252,0.0942154997079719
12.939999999999769,1.0119531762121048,2.9703105186903186e-13,2.33597729207725,0.09421549970797488
12.949999999999768,1.0119531762120944,2.974932246358168e-13,2.3359772920772492,0.09421549970797785
12.959999999999768,1.011953176212084,2.9803408728867805e-13,2.3359772920772497,0.09421549970798083
12.969999999999768,1.0119531762120737,2.985255462911261e-13,2.3359772920772492,0.09421549970798382
12.979999999999768,1.0119531762120633,2.9908668754474277e-13,2.335977292077249,0.0942154997079868
12.989999999999768,1.0119531762120528,2.996029421319464e-13,2.3359772920772492,0.0942154997079898
12.999999999999767,1.0119531762120424,3.001624366617553e-13,2.3359772920772492,0.0942154997079928
13.009999999999767,1.011953176212032,3.007224104401932e-13,2.3359772920772484,0.09421549970799581
13.019999999999767,1.0119531762120215,3.012359130636374e-13,2.335977292077249,0.09421549970799883
13.029999999999767,1.011953176212011,3.0176416567339925e-13,2.335977292077249,0.09421549970800185
13.039999999999766,1.0119531762120006,3.0231157790475115e-13,2.3359772920772484,0.09421549970800486
13.049999999999766,1.0119531762119904,3.028999942419292e-13,2.33597729207725,0.09421549970800788
13.059999999999766,1.0119531762119802,3.032876846174906e-13,2.335977292077253,0.0942154997080109
13.069999999999766,1.0119531762119702,3.034971472210244e-13,2.3359772920772555,0.0942154997080139
13.079999999999766,1.0119531762119602,3.033651074674187e-13,2.33597729207726,0.09421549970801693
13.089999999999765,1.0119531762119505,3.0292448361335376e-13,2.3359772920772635,0.09421549970801994
13.099999999999765,1.0119531762119405,3.022418650656048e-13,2.335977292077266,0.09421549970802295
13.109999999999765,1.0119531762119305,3.0130304287996617e-13,2.3359772920772697,0.09421549970802595
13.119999999999765,1.0119531762119205,3.001462633421114e-13,2.3359772920772723,0.09421549970802894
13.129999999999765,1.0119531762119105,2.9885042893242953e-13,2.3359772920772754,0.0942154997080319
13.139999999999764,1.0119531762119005,2.974444882395591e-13,2.335977292077278,0.09421549970803486
13.149999999999764,1.0119531762118903,2.9598891618878954e-13,2.335977292077278,0.09421549970803783
13.159999999999764,1.01195317621188,2.9470340682452716e-13,2.335977292077279,0.09421549970804081
13.169999999999764,1.0119531762118699,2.9362720389196675e-13,2.3359772920772786,0.09421549970804376
13.179999999999763,1.0119531762118597,2.926663411604026e-13,2.335977292077279,0.0942154997080467
13.189999999999763,1.0119531762118494,2.9188650822980155e-13,2.3359772920772786,0.09421549970804963
13.199999999999763,1.0119531762118394,2.9128718177429357e-13,2.335977292077279,0.09421549970805253
13.209999999999763,1.0119531762118295,2.906394306399037e-13,2.33597729207728,0.09421549970805541
13.219999999999763,1.0119531762118195,2.8999624949054417e-13,2.33597729207728,0.0942154997080583
13.229999999999762,1.0119531762118095,2.8922912895452177e-13,2.3359772920772808,0.09421549970806119
13.239999999999762,1.0119531762117995,2.8846401215154927e-13,2.335977292077281,0.09421549970806407
13.249999999999762,1.0119531762117895,2.877433369239366e-13,2.335977292077281,0.09421549970806695
13.259999999999762,1.0119531762117797,2.8707249019149095e-13,2.3359772920772817,0.09421549970806982
13.269999999999762,1.0119531762117697,2.8646185079991635e-13,2.335977292077281,0.09421549970807269
13.279999999999761,1.0119531762117597,2.8592950202284226e-13,2.335977292077281,0.09421549970807556
13.289999999999761,1.0119531762117497,2.8549222108128133e-13,2.335977292077281,0.09421549970807844
13.299999999999761,1.0119531762117397,2.8512377234895097e-13,2.335977292077282,0.0942154997080813
13.30999999999976,1.0119531762117298,2.848225143572156e-13,2.3359772920772803,0.09421549970808415
13.31999999999976,1.01195317621172,2.8459027683062305e-13,2.335977292077282,0.09421549970808697
13.32999999999976,1.0119531762117102,2.8422926499452946e-13,2.335977292077282,0.0942154997080898
13.33999999999976,1.0119531762117004,2.837818802880296e-13,2.3359772920772826,0.09421549970809262
13.34999999999976,1.0119531762116907,2.832477806457358e-13,2.335977292077283,0.09421549970809544
13.35999999999976,1.011953176211681,2.826618203971601e-13,2.3359772920772834,0.09421549970809825
13.36999999999976,1.0119531762116711,2.82074949026751e-13,2.3359772920772848,0.09421549970810107
13.37999999999976,1.0119531762116614,2.814654710958598e-13,2.3359772920772843,0.09421549970810389
13.389999999999759,1.0119531762116516,2.80840692279521e-13,2.3359772920772848,0.09421549970810669
13.399999999999759,1.0119531762116418,2.8023128306680416e-13,2.335977292077285,0.09421549970810948
13.409999999999759,1.011953176211632,2.796356510413541e-13,2.335977292077286,0.09421549970811231
13.419999999999758,1.011953176211622,2.7905627195019846e-13,2.335977292077284,0.09421549970811513
13.429999999999758,1.011953176211612,2.7862010443166475e-13,2.3359772920772826,0.09421549970811793
13.439999999999758,1.011953176211602,2.784532265459639e-13,2.3359772920772794,0.09421549970812074
13.449999999999758,1.0119531762115923,2.785529361694604e-13,2.3359772920772808,0.09421549970812353
13.459999999999757,1.0119531762115825,2.786703553375046e-13,2.335977292077279,0.09421549970812633
13.469999999999757,1.0119531762115728,2.7876399295835655e-13,2.33597729207728,0.09421549970812913
13.479999999999757,1.011953176211563,2.789294707193673e-13,2.335977292077279,0.09421549970813191
13.489999999999757,1.0119531762115532,2.7913684976585347e-13,2.3359772920772794,0.09421549970813471
13.499999999999757,1.0119531762115435,2.79391955934613e-13,2.3359772920772786,0.0942154997081375
13.509999999999756,1.0119531762115337,2.797213782430852e-13,2.3359772920772786,0.09421549970814032
13.519999999999756,1.011953176211524,2.8020589980870765e-13,2.3359772920772777,0.09421549970814312
13.529999999999756,1.0119531762115141,2.8071568825068183e-13,2.3359772920772777,0.09421549970814593
13.539999999999756,1.0119531762115044,2.812786134026239e-13,2.3359772920772777,0.09421549970814871
13.549999999999756,1.0119531762114946,2.819225704911046e-13,2.3359772920772772,0.09421549970815153
13.559999999999755,1.0119531762114848,2.8258936283834463e-13,2.3359772920772777,0.09421549970815435
13.569999999999755,1.011953176211475,2.8336331067621676e-13,2.335977292077277,0.09421549970815721
13.579999999999755,1.0119531762114655,2.8415697133180234e-13,2.3359772920772794,0.09421549970816004
13.589999999999755,1.011953176211456,2.8475380182078916e-13,2.335977292077281,0.09421549970816287
13.599999999999755,1.0119531762114466,2.85200993122769e-13,2.3359772920772848,0.09421549970816569
13.609999999999754,1.0119531762114373,2.8526558385314625e-13,2.3359772920772883,0.09421549970816852
13.619999999999754,1.011953176211428,2.850032108440907e-13,2.335977292077292,0.09421549970817134
13.629999999999754,1.0119531762114187,2.84495082837974e-13,2.3359772920772954,0.09421549970817418
13.639999999999754,1.0119531762114093,2.8362224244075635e-13,2.335977292077299,0.094215499708177
13.649999999999753,1.0119531762114,2.825788438572683e-13,2.335977292077302,0.09421549970817981
13.659999999999753,1.0119531762113907,2.8136417416752865e-13,2.335977292077305,0.09421549970818262
13.669999999999753,1.0119531762113814,2.8005423626897266e-13,2.3359772920773083,0.09421549970818544
13.679999999999753,1.0119531762113718,2.786797545613072e-13,2.335977292077309,0.09421549970818825
13.689999999999753,1.0119531762113623,2.7747483354329735e-13,2.3359772920773105,0.09421549970819106
13.699999999999752,1.0119531762113527,2.7639209880619945e-13,2.3359772920773114,0.09421549970819383
13.709999999999752,1.0119531762113432,2.754722113245489e-13,2.33597729207731,0.0942154997081966
13.719999999999752,1.0119531762113338,2.745793295910909e-13,2.3359772920773123,0.09421549970819935
13.729999999999752,1.0119531762113245,2.7365499978375645e-13,2.335977292077313,0.09421549970820207
13.739999999999752,1.0119531762113152,2.7277026940614876e-13,2.3359772920773145,0.0942154997082048
13.749999999999751,1.0119531762113059,2.7190074911919306e-13,2.335977292077316,0.09421549970820751
13.759999999999751,1.0119531762112965,2.710119137647889e-13,2.3359772920773154,0.09421549970821022
13.76999999999975,1.0119531762112872,2.701985467400367e-13,2.3359772920773163,0.09421549970821294
13.77999999999975,1.011953176211278,2.694335749006507e-13,2.335977292077317,0.09421549970821565
13.78999999999975,1.0119531762112686,2.687346211931757e-13,2.3359772920773176,0.09421549970821834
13.79999999999975,1.0119531762112592,2.680569841285607e-13,2.3359772920773176,0.09421549970822103
13.80999999999975,1.01195317621125,2.674680390074279e-13,2.3359772920773176,0.0942154997082237
13.81999999999975,1.0119531762112406,2.669534616995041e-13,2.335977292077318,0.09421549970822637
13.82999999999975,1.0119531762112313,2.6654319398299843e-13,2.335977292077317,0.09421549970822904
13.83999999999975,1.011953176211222,2.661256213852152e-13,2.335977292077317,0.09421549970823175
13.84999999999975,1.0119531762112128,2.6573776296985127e-13,2.335977292077319,0.0942154997082344
13.859999999999749,1.0119531762112037,2.6524877222589245e-13,2.3359772920773207,0.09421549970823703
13.869999999999749,1.0119531762111946,2.6463392139708256e-13,2.3359772920773216,0.09421549970823968
13.879999999999749,1.0119531762111855,2.6393792913656424e-13,2.335977292077322,0.09421549970824232
13.889999999999748,1.0119531762111764,2.6321920307887853e-13,2.335977292077322,0.09421549970824496
13.899999999999748,1.011953176211167,2.624987248458933e-13,2.335977292077323,0.09421549970824758
13.909999999999748,1.011953176211158,2.617796178760505e-13,2.335977292077322,0.09421549970825017
13.919999999999748,1.0119531762111489,2.6105106602857224e-13,2.3359772920773225,0.09421549970825278
13.929999999999747,1.0119531762111398,2.6041780646334546e-13,2.3359772920773216,0.09421549970825538
13.939999999999747,1.0119531762111307,2.598183251209964e-13,2.335977292077322,0.094215499708258
13.949999999999747,1.0119531762111216,2.592337346601246e-13,2.335977292077323,0.0942154997082606
13.959999999999747,1.0119531762111122,2.5869712793435633e-13,2.3359772920773207,0.0942154997082632
13.969999999999747,1.011953176211103,2.5845406732615115e-13,2.335977292077319,0.09421549970826584
13.979999999999746,1.0119531762110936,2.5848328302154733e-13,2.3359772920773176,0.09421549970826845
13.989999999999746,1.0119531762110845,2.5874434673649183e-13,2.3359772920773167,0.09421549970827105
13.999999999999746,1.0119531762110754,2.590532804680402e-13,2.335977292077316,0.09421549970827366
14.009999999999746,1.0119531762110663,2.5938366749776593e-13,2.3359772920773163,0.09421549970827628
14.019999999999746,1.0119531762110572,2.597306974905553e-13,2.3359772920773163,0.09421549970827887
14.029999999999745,1.011953176211048,2.601058573545857e-13,2.3359772920773163,0.0942154997082815
14.039999999999745,1.011953176211039,2.6051538432419564e-13,2.3359772920773154,0.09421549970828412
14.049999999999745,1.0119531762110299,2.608632451729107e-13,2.335977292077315,0.09421549970828673
14.059999999999745,1.0119531762110205,2.612425670607627e-13,2.335977292077315,0.09421549970828935
14.069999999999744,1.0119531762110114,2.616880977441922e-13,2.335977292077315,0.09421549970829196
14.079999999999744,1.0119531762110023,2.6217125574017906e-13,2.3359772920773154,0.09421549970829458
14.089999999999744,1.0119531762109932,2.6282040963637627e-13,2.335977292077315,0.09421549970829723
14.099999999999744,1.0119531762109841,2.635304586284088e-13,2.3359772920773154,0.09421549970829987
14.109999999999744,1.0119531762109752,2.642956220945353e-13,2.335977292077317,0.09421549970830251
14.119999999999743,1.0119531762109664,2.6487642842165505e-13,2.335977292077318,0.09421549970830514
14.129999999999743,1.0119531762109575,2.652893491298426e-13,2.335977292077321,0.0942154997083078
14.139999999999743,1.0119531762109486,2.6551118519102955e-13,2.3359772920773225,0.09421549970831043
14.149999999999743,1.0119531762109397,2.6567046092415013e-13,2.335977292077324,0.09421549970831307
14.159999999999743,1.0119531762109308,2.6574325481129845e-13,2.3359772920773256,0.09421549970831573
14.169999999999742,1.011953176210922,2.656946769590399e-13,2.335977292077329,0.09421549970831838
14.179999999999742,1.0119531762109133,2.655778008549455e-13,2.3359772920773314,0.09421549970832103
14.189999999999742,1.0119531762109046,2.6519639428335394e-13,2.335977292077335,0.09421549970832369
14.199999999999742,1.011953176210896,2.6455799349802726e-13,2.3359772920773385,0.09421549970832632
14.209999999999742,1.0119531762108873,2.637275130057901e-13,2.335977292077342,0.09421549970832893
14.219999999999741,1.0119531762108787,2.6281178851808605e-13,2.3359772920773447,0.09421549970833154
14.229999999999741,1.01195317621087,2.6173429103722624e-13,2.335977292077348,0.09421549970833416
14.23999999999974,1.0119531762108613,2.6052364939093306e-13,2.33597729207735,0.09421549970833676
14.24999999999974,1.0119531762108525,2.5926430594143635e-13,2.335977292077352,0.09421549970833938
14.25999999999974,1.0119531762108436,2.5817747725747366e-13,2.3359772920773514,0.094215499708342
14.26999999999974,1.0119531762108347,2.572664479638949e-13,2.335977292077354,0.09421549970834457
14.27999999999974,1.011953176210826,2.561398959539353e-13,2.3359772920773554,0.09421549970834714
14.28999999999974,1.0119531762108174,2.550121905797657e-13,2.335977292077357,0.09421549970834972
14.29999999999974,1.0119531762108087,2.538720742083933e-13,2.335977292077359,0.09421549970835227
14.30999999999974,1.0119531762108,2.5273760646922207e-13,2.3359772920773603,0.09421549970835481
14.31999999999974,1.0119531762107914,2.516589976640556e-13,2.3359772920773616,0.09421549970835734
14.329999999999739,1.0119531762107827,2.5061858540469384e-13,2.3359772920773607,0.09421549970835984
14.339999999999739,1.011953176210774,2.4965744405854135e-13,2.335977292077362,0.09421549970836235
14.349999999999739,1.0119531762107654,2.487851397550884e-13,2.335977292077362,0.09421549970836483
14.359999999999738,1.0119531762107568,2.479910479419089e-13,2.335977292077361,0.09421549970836733
14.369999999999738,1.011953176210748,2.473007947929059e-13,2.3359772920773616,0.09421549970836983
14.379999999999738,1.0119531762107392,2.4670477235491735e-13,2.335977292077361,0.0942154997083723
14.389999999999738,1.0119531762107306,2.4624400803266455e-13,2.3359772920773616,0.09421549970837478
14.399999999999737,1.011953176210722,2.4589372005531034e-13,2.3359772920773594,0.09421549970837725
14.409999999999737,1.0119531762107135,2.4561260993934215e-13,2.335977292077361,0.09421549970837971
14.419999999999737,1.011953176210705,2.452757211253764e-13,2.335977292077362,0.09421549970838217
14.429999999999737,1.0119531762106966,2.448251698189824e-13,2.3359772920773625,0.09421549970838461
14.439999999999737,1.0119531762106881,2.4429549307335283e-13,2.3359772920773625,0.09421549970838705
14.449999999999736,1.0119531762106797,2.437425393722377e-13,2.3359772920773643,0.09421549970838947
14.459999999999736,1.011953176210671,2.4313693128837626e-13,2.335977292077364,0.0942154997083919
14.469999999999736,1.0119531762106626,2.42534132696006e-13,2.335977292077364,0.09421549970839432
14.479999999999736,1.0119531762106542,2.4194092320827515e-13,2.335977292077364,0.09421549970839674
14.489999999999736,1.0119531762106457,2.413904540844294e-13,2.3359772920773643,0.09421549970839917
14.499999999999735,1.0119531762106373,2.4081000908969056e-13,2.3359772920773643,0.09421549970840158
14.509999999999735,1.0119531762106289,2.402136119745535e-13,2.335977292077364,0.094215499708404
14.519999999999735,1.0119531762106204,2.396743883768049e-13,2.335977292077364,0.09421549970840641
14.529999999999735,1.011953176210612,2.391537215800163e-13,2.3359772920773634,0.09421549970840881
14.539999999999734,1.0119531762106033,2.3874820665526886e-13,2.335977292077362,0.09421549970841117
14.549999999999734,1.0119531762105947,2.3841954312793407e-13,2.3359772920773594,0.09421549970841357
14.559999999999734,1.0119531762105862,2.3841986565654286e-13,2.3359772920773585,0.09421549970841596
14.569999999999734,1.0119531762105778,2.384296510125303e-13,2.335977292077358,0.09421549970841835
14.579999999999734,1.0119531762105693,2.385521379686024e-13,2.3359772920773567,0.0942154997084207
14.589999999999733,1.011953176210561,2.387739884505735e-13,2.335977292077355,0.09421549970842309
14.599999999999733,1.0119531762105523,2.3906944411324376e-13,2.3359772920773545,0.09421549970842547
14.609999999999733,1.0119531762105438,2.39441596356991e-13,2.3359772920773536,0.09421549970842785
14.619999999999733,1.0119531762105354,2.3987435198864524e-13,2.3359772920773536,0.09421549970843028
14.629999999999733,1.011953176210527,2.403242340361393e-13,2.3359772920773527,0.09421549970843271
14.639999999999732,1.0119531762105185,2.4083823054759037e-13,2.3359772920773523,0.09421549970843512
14.649999999999732,1.01195317621051,2.4140594448519636e-13,2.3359772920773527,0.09421549970843754
14.659999999999732,1.0119531762105016,2.4208279420770817e-13,2.335977292077352,0.09421549970843997
14.669999999999732,1.0119531762104932,2.4279876045634077e-13,2.3359772920773514,0.09421549970844238
14.679999999999731,1.0119531762104845,2.435792987195602e-13,2.335977292077351,0.09421549970844481
14.689999999999731,1.011953176210476,2.44430079003161e-13,2.3359772920773505,0.09421549970844725
14.699999999999731,1.0119531762104679,2.452529987211029e-13,2.3359772920773514,0.09421549970844967
14.70999999999973,1.0119531762104597,2.459421741298571e-13,2.3359772920773536,0.09421549970845211
14.71999999999973,1.0119531762104514,2.4658205443131107e-13,2.3359772920773554,0.09421549970845455
14.72999999999973,1.0119531762104432,2.469899915623544e-13,2.335977292077357,0.09421549970845701
14.73999999999973,1.011953176210435,2.472236178811562e-13,2.33597729207736,0.09421549970845945
14.74999999999973,1.0119531762104268,2.4740593131784565e-13,2.3359772920773616,0.09421549970846195
14.75999999999973,1.0119531762104186,2.474719952678124e-13,2.3359772920773634,0.09421549970846442
14.76999999999973,1.0119531762104101,2.4751729815361523e-13,2.335977292077365,0.09421549970846689
14.77999999999973,1.011953176210402,2.474931022419977e-13,2.3359772920773687,0.09421549970846937
14.78999999999973,1.0119531762103937,2.474685510570423e-13,2.3359772920773705,0.09421549970847184
14.799999999999729,1.0119531762103857,2.472995319505127e-13,2.335977292077373,0.09421549970847429
14.809999999999729,1.0119531762103777,2.4694095911239586e-13,2.335977292077377,0.09421549970847672
14.819999999999729,1.0119531762103697,2.4631466569617687e-13,2.3359772920773794,0.09421549970847914
14.829999999999728,1.0119531762103617,2.455585157027082e-13,2.3359772920773825,0.09421549970848159
14.839999999999728,1.0119531762103537,2.446589955168113e-13,2.335977292077385,0.09421549970848402
14.849999999999728,1.0119531762103455,2.436386519442244e-13,2.3359772920773882,0.09421549970848647
14.859999999999728,1.0119531762103373,2.427719774224765e-13,2.335977292077389,0.09421549970848889
14.869999999999727,1.0119531762103293,2.4182751705830975e-13,2.335977292077392,0.0942154997084913
14.879999999999727,1.0119531762103213,2.4082454548895506e-13,2.335977292077395,0.0942154997084937
14.889999999999727,1.0119531762103133,2.3971036286279004e-13,2.3359772920773962,0.09421549970849609
14.899999999999727,1.0119531762103053,2.385599840001912e-13,2.3359772920773976,0.09421549970849845
14.909999999999727,1.0119531762102973,2.374928531068098e-13,2.3359772920774002,0.09421549970850085
14.919999999999726,1.0119531762102894,2.36358668052422e-13,2.3359772920774002,0.09421549970850321
14.929999999999726,1.0119531762102811,2.353394046628462e-13,2.335977292077403,0.09421549970850557
14.939999999999726,1.0119531762102731,2.3430179155365003e-13,2.3359772920774025,0.09421549970850793
14.949999999999726,1.0119531762102651,2.33381203421483e-13,2.3359772920774047,0.09421549970851026
14.959999999999726,1.0119531762102572,2.3253262753947247e-13,2.3359772920774042,0.09421549970851258
14.969999999999725,1.0119531762102492,2.3161712523951436e-13,2.335977292077405,0.0942154997085149
14.979999999999725,1.0119531762102412,2.308732934782743e-13,2.3359772920774042,0.09421549970851721
14.989999999999725,1.011953176210233,2.3021411995383404e-13,2.3359772920774047,0.09421549970851953
14.999999999999725,1.011953176210225,2.2965596067688665e-13,2.3359772920774042,0.09421549970852183
15.009999999999724,1.0119531762102172,2.292032335156823e-13,2.335977292077406,0.09421549970852412
15.019999999999724,1.0119531762102094,2.2857084998250475e-13,2.335977292077408,0.09421549970852638
15.029999999999724,1.0119531762102016,2.278792941346269e-13,2.335977292077408,0.09421549970852866
15.039999999999724,1.0119531762101939,2.2717019138990333e-13,2.335977292077409,0.09421549970853091
15.049999999999724,1.0119531762101859,2.263543297152823e-13,2.335977292077409,0.09421549970853317
15.059999999999723,1.011953176210178,2.2558161218731902e-13,2.3359772920774096,0.0942154997085354
15.069999999999723,1.0119531762101703,2.2476830670869643e-13,2.335977292077411,0.09421549970853768
15.079999999999723,1.0119531762101626,2.2391845027504617e-13,2.3359772920774113,0.09421549970853992
15.089999999999723,1.0119531762101548,2.2312792470774672e-13,2.335977292077411,0.09421549970854214
15.099999999999723,1.0119531762101468,2.2237727673487727e-13,2.335977292077411,0.09421549970854437
15.109999999999722,1.011953176210139,2.2168656636604059e-13,2.335977292077411,0.09421549970854659
15.119999999999722,1.0119531762101313,2.2095197935320656e-13,2.3359772920774113,0.09421549970854881
15.129999999999722,1.0119531762101235,2.2033469346890027e-13,2.3359772920774096,0.09421549970855103
15.139999999999722,1.0119531762101157,2.1981634772860809e-13,2.33597729207741,0.09421549970855325
15.149999999999721,1.0119531762101077,2.1932613481371286e-13,2.335977292077409,0.09421549970855543
15.159999999999721,1.0119531762101,2.1896168789789467e-13,2.335977292077409,0.09421549970855762
15.169999999999721,1.0119531762100922,2.1865269454106201e-13,2.3359772920774065,0.09421549970855983
15.17999999999972,1.0119531762100844,2.1845882628467335e-13,2.335977292077405,0.09421549970856201
15.18999999999972,1.0119531762100764,2.1839644128126833e-13,2.335977292077405,0.0942154997085642
15.19999999999972,1.0119531762100686,2.1836650914673926e-13,2.3359772920774042,0.09421549970856638
15.20999999999972,1.0119531762100609,2.1838916714906886e-13,2.335977292077403,0.09421549970856859
15.21999999999972,1.011953176210053,2.1855619764011102e-13,2.335977292077401,0.09421549970857078
15.22999999999972,1.0119531762100453,2.1872851369946254e-13,2.3359772920774007,0.09421549970857296
15.23999999999972,1.0119531762100373,2.1899417880460306e-13,2.3359772920774,0.09421549970857514
15.24999999999972,1.0119531762100296,2.193587264811088e-13,2.3359772920773985,0.09421549970857734
15.25999999999972,1.0119531762100218,2.1984518537333898e-13,2.3359772920773976,0.09421549970857956
15.269999999999719,1.011953176210014,2.204272114404236e-13,2.335977292077396,0.09421549970858176
15.279999999999719,1.0119531762100062,2.2101138344463898e-13,2.335977292077396,0.09421549970858396
15.289999999999718,1.0119531762099983,2.2175255877899958e-13,2.335977292077396,0.09421549970858618
15.299999999999718,1.0119531762099905,2.2254250115335146e-13,2.335977292077394,0.09421549970858842
15.309999999999718,1.0119531762099827,2.2337072408890822e-13,2.335977292077394,0.09421549970859067
15.319999999999718,1.011953176209975,2.2426916521030762e-13,2.335977292077394,0.09421549970859291
15.329999999999718,1.0119531762099674,2.2519413190018202e-13,2.3359772920773954,0.09421549970859516
15.339999999999717,1.0119531762099596,2.2591803542051142e-13,2.3359772920773967,0.0942154997085974
15.349999999999717,1.011953176209952,2.2650483920332004e-13,2.3359772920773985,0.09421549970859965
15.359999999999717,1.0119531762099445,2.2695868383754078e-13,2.3359772920774002,0.09421549970860191
15.369999999999717,1.011953176209937,2.2727406120293768e-13,2.335977292077402,0.09421549970860416
15.379999999999717,1.0119531762099294,2.2751057306665897e-13,2.335977292077404,0.09421549970860643
15.389999999999716,1.0119531762099216,2.277108356218668e-13,2.3359772920774056,0.09421549970860871
15.399999999999716,1.011953176209914,2.2787032826113917e-13,2.335977292077408,0.094215499708611
15.409999999999716,1.0119531762099065,2.2793987510287545e-13,2.3359772920774104,0.09421549970861327
15.419999999999716,1.011953176209899,2.279513228998292e-13,2.3359772920774122,0.09421549970861556
15.429999999999715,1.0119531762098914,2.278863398653847e-13,2.335977292077414,0.09421549970861784
15.439999999999715,1.011953176209884,2.2785886411796225e-13,2.3359772920774153,0.09421549970862012
15.449999999999715,1.0119531762098761,2.2782079921950495e-13,2.335977292077417,0.09421549970862239
15.459999999999715,1.0119531762098686,2.278049400340839e-13,2.3359772920774198,0.0942154997086247
15.469999999999715,1.0119531762098612,2.275680289015203e-13,2.335977292077424,0.09421549970862694
15.479999999999714,1.011953176209854,2.2711283052993357e-13,2.3359772920774264,0.0942154997086292
15.489999999999714,1.0119531762098468,2.2647066144842577e-13,2.3359772920774304,0.09421549970863145
15.499999999999714,1.0119531762098397,2.254962681956757e-13,2.3359772920774353,0.09421549970863366
15.509999999999714,1.0119531762098322,2.2422567319913577e-13,2.3359772920774375,0.0942154997086359
15.519999999999714,1.0119531762098248,2.2289138534505747e-13,2.33597729207744,0.0942154997086381
15.529999999999713,1.0119531762098175,2.2160465686757014e-13,2.335977292077443,0.09421549970864032
15.539999999999713,1.0119531762098102,2.2028724419344528e-13,2.3359772920774446,0.09421549970864251
15.549999999999713,1.0119531762098029,2.1896483511855194e-13,2.335977292077446,0.0942154997086447
15.559999999999713,1.0119531762097953,2.1773099826607966e-13,2.3359772920774473,0.09421549970864693
15.569999999999713,1.011953176209788,2.164614541629314e-13,2.3359772920774486,0.09421549970864908
15.579999999999712,1.0119531762097806,2.1526894942869812e-13,2.3359772920774495,0.09421549970865124
15.589999999999712,1.0119531762097733,2.140394948173318e-13,2.3359772920774504,0.09421549970865337
15.599999999999712,1.0119531762097658,2.1294552819462762e-13,2.3359772920774504,0.09421549970865553
15.609999999999712,1.0119531762097584,2.1200555170059128e-13,2.335977292077451,0.09421549970865767
15.619999999999711,1.0119531762097511,2.110800016430214e-13,2.335977292077452,0.09421549970865979
15.629999999999711,1.0119531762097438,2.102635632499496e-13,2.3359772920774518,0.09421549970866192
15.639999999999711,1.0119531762097362,2.0954224240211875e-13,2.3359772920774513,0.09421549970866402
15.64999999999971,1.011953176209729,2.0892042072390409e-13,2.3359772920774513,0.0942154997086661
15.65999999999971,1.0119531762097218,2.083977873278355e-13,2.3359772920774518,0.09421549970866819
15.66999999999971,1.0119531762097147,2.0781306514484056e-13,2.3359772920774513,0.09421549970867024
15.67999999999971,1.0119531762097074,2.0715218875863546e-13,2.335977292077454,0.09421549970867231
15.68999999999971,1.0119531762097003,2.0642489199816014e-13,2.3359772920774535,0.09421549970867438
15.69999999999971,1.0119531762096932,2.056894109922544e-13,2.335977292077455,0.09421549970867645
15.70999999999971,1.011953176209686,2.0489490146063357e-13,2.335977292077455,0.0942154997086785
15.71999999999971,1.0119531762096787,2.0413522819209995e-13,2.3359772920774553,0.09421549970868054
15.729999999999709,1.0119531762096716,2.0337225708521476e-13,2.3359772920774553,0.09421549970868258
15.739999999999709,1.0119531762096645,2.0260607968952849e-13,2.335977292077455,0.0942154997086846
15.749999999999709,1.0119531762096574,2.0179049195535636e-13,2.335977292077454,0.09421549970868663
15.759999999999708,1.01195317620965,2.0103208942615026e-13,2.3359772920774544,0.09421549970868864
15.769999999999708,1.011953176209643,2.00331296237109e-13,2.335977292077454,0.09421549970869063
15.779999999999708,1.0119531762096359,1.9970271586544044e-13,2.3359772920774526,0.09421549970869264
15.789999999999708,1.0119531762096285,1.991518829168475e-13,2.3359772920774518,0.09421549970869465
15.799999999999708,1.0119531762096214,1.9865202685974208e-13,2.335977292077451,0.09421549970869667
15.809999999999707,1.0119531762096143,1.9821350975988236e-13,2.33597729207745,0.09421549970869864
15.819999999999707,1.0119531762096072,1.9787414031558062e-13,2.335977292077448,0.09421549970870062
15.829999999999707,1.0119531762096,1.9765269756207658e-13,2.3359772920774478,0.09421549970870262
15.839999999999707,1.011953176209593,1.9741105314453145e-13,2.3359772920774478,0.09421549970870459
15.849999999999707,1.0119531762095861,1.9709020904345074e-13,2.335977292077448,0.09421549970870656
15.859999999999706,1.011953176209579,1.9665669245902643e-13,2.3359772920774478,0.09421549970870852
15.869999999999706,1.0119531762095721,1.9616169328791071e-13,2.3359772920774478,0.09421549970871047
15.879999999999706,1.0119531762095653,1.9556831768181037e-13,2.3359772920774473,0.09421549970871243
15.889999999999706,1.0119531762095582,1.9495872273829118e-13,2.335977292077445,0.0942154997087144
15.899999999999705,1.0119531762095508,1.9457382450715215e-13,2.335977292077444,0.09421549970871637
15.909999999999705,1.0119531762095437,1.9431444352703504e-13,2.335977292077443,0.09421549970871834
15.919999999999705,1.0119531762095366,1.942497038139197e-13,2.3359772920774398,0.0942154997087203
15.929999999999705,1.0119531762095293,1.9433871980424997e-13,2.3359772920774393,0.09421549970872227
15.939999999999705,1.0119531762095222,1.9452357621118208e-13,2.335977292077436,0.09421549970872424
15.949999999999704,1.011953176209515,1.948617568044893e-13,2.335977292077434,0.09421549970872621
15.959999999999704,1.0119531762095078,1.9534207562497049e-13,2.3359772920774318,0.09421549970872815
15.969999999999704,1.0119531762095006,1.9596050768339974e-13,2.335977292077431,0.09421549970873014
15.979999999999704,1.0119531762094935,1.9669953032325004e-13,2.3359772920774287,0.09421549970873212
15.989999999999704,1.0119531762094864,1.9759410423128595e-13,2.3359772920774273,0.09421549970873411
15.999999999999703,1.011953176209479,1.9856222430033719e-13,2.3359772920774255,0.09421549970873612
16.009999999999703,1.011953176209472,1.9963661310972822e-13,2.335977292077424,0.09421549970873812
16.019999999999705,1.0119531762094651,2.0065133878383156e-13,2.3359772920774255,0.09421549970874013
16.029999999999706,1.011953176209458,2.015210452282453e-13,2.3359772920774273,0.09421549970874214
16.039999999999708,1.0119531762094511,2.0224489475551836e-13,2.335977292077426,0.09421549970874415
16.04999999999971,1.0119531762094442,2.0291699759604958e-13,2.3359772920774278,0.0942154997087462
16.05999999999971,1.0119531762094374,2.0347813014899695e-13,2.335977292077428,0.09421549970874822
16.069999999999713,1.0119531762094303,2.0399231746415766e-13,2.3359772920774295,0.09421549970875026
16.079999999999714,1.0119531762094234,2.0439876553553372e-13,2.335977292077432,0.09421549970875231
16.089999999999716,1.0119531762094165,2.0470958696677573e-13,2.3359772920774327,0.09421549970875437
16.099999999999717,1.0119531762094096,2.0505409842386143e-13,2.335977292077433,0.09421549970875644
16.10999999999972,1.0119531762094025,2.0531755981825565e-13,2.3359772920774353,0.0942154997087585
16.11999999999972,1.0119531762093956,2.0553020482133708e-13,2.335977292077436,0.09421549970876054
16.129999999999722,1.0119531762093887,2.0569643513098165e-13,2.3359772920774384,0.09421549970876263
16.139999999999723,1.0119531762093819,2.058397261842425e-13,2.3359772920774384,0.0942154997087647
16.149999999999725,1.0119531762093747,2.0610573744585156e-13,2.33597729207744,0.09421549970876673
16.159999999999727,1.0119531762093679,2.0635709101545005e-13,2.335977292077443,0.09421549970876884
16.169999999999728,1.011953176209361,2.0655370643972981e-13,2.3359772920774446,0.09421549970877094
16.17999999999973,1.011953176209354,2.0674076017787884e-13,2.335977292077446,0.094215499708773
16.18999999999973,1.011953176209347,2.0698146295980764e-13,2.3359772920774464,0.09421549970877509
16.199999999999733,1.0119531762093403,2.071839546422351e-13,2.3359772920774495,0.09421549970877716
16.209999999999734,1.0119531762093337,2.071539963269889e-13,2.335977292077453,0.09421549970877922
16.219999999999736,1.0119531762093272,2.0692706532262475e-13,2.3359772920774584,0.09421549970878128
16.229999999999738,1.0119531762093206,2.0633486976523657e-13,2.335977292077462,0.09421549970878332
16.23999999999974,1.011953176209314,2.05397158038258e-13,2.335977292077465,0.09421549970878537
16.24999999999974,1.0119531762093072,2.0444728691686246e-13,2.3359772920774677,0.09421549970878743
16.259999999999742,1.0119531762093006,2.0341287094074201e-13,2.33597729207747,0.09421549970878948
16.269999999999744,1.0119531762092937,2.0237169837970933e-13,2.3359772920774726,0.0942154997087915
16.279999999999745,1.011953176209287,2.0135506088064233e-13,2.3359772920774744,0.09421549970879352
16.289999999999747,1.0119531762092804,2.003499802082687e-13,2.3359772920774757,0.09421549970879553
16.29999999999975,1.0119531762092735,1.9936814167048591e-13,2.335977292077478,0.09421549970879756
16.30999999999975,1.0119531762092668,1.983178137086564e-13,2.3359772920774793,0.09421549970879953
16.31999999999975,1.0119531762092602,1.9729056537849865e-13,2.3359772920774797,0.09421549970880151
16.329999999999753,1.0119531762092535,1.9627468927635296e-13,2.3359772920774824,0.0942154997088035
16.339999999999755,1.0119531762092466,1.9535666585009923e-13,2.335977292077483,0.09421549970880547
16.349999999999756,1.01195317620924,1.9457546869230145e-13,2.335977292077484,0.09421549970880742
16.359999999999758,1.0119531762092333,1.9386105939009852e-13,2.3359772920774837,0.09421549970880937
16.36999999999976,1.0119531762092264,1.9326517158429563e-13,2.3359772920774846,0.09421549970881132
16.37999999999976,1.01195317620922,1.9268916156888605e-13,2.335977292077485,0.09421549970881324
16.389999999999763,1.0119531762092135,1.9204178265919888e-13,2.335977292077486,0.09421549970881514
16.399999999999764,1.011953176209207,1.9132177822480913e-13,2.3359772920774877,0.09421549970881704
16.409999999999766,1.0119531762092004,1.9056138240952464e-13,2.335977292077489,0.09421549970881897
16.419999999999767,1.011953176209194,1.8968798719329035e-13,2.33597729207749,0.09421549970882084
16.42999999999977,1.0119531762091876,1.888037939342588e-13,2.335977292077491,0.0942154997088227
16.43999999999977,1.011953176209181,1.8789421482252944e-13,2.3359772920774917,0.09421549970882459
16.449999999999772,1.0119531762091745,1.8701588075423802e-13,2.335977292077492,0.09421549970882646
16.459999999999773,1.011953176209168,1.861031307078444e-13,2.3359772920774926,0.09421549970882834
16.469999999999775,1.0119531762091614,1.852158675194602e-13,2.3359772920774926,0.0942154997088302
16.479999999999777,1.011953176209155,1.843882273756172e-13,2.3359772920774913,0.094215499708832
16.489999999999778,1.0119531762091485,1.8369543177281094e-13,2.335977292077491,0.09421549970883383
16.49999999999978,1.0119531762091418,1.8297062377931758e-13,2.335977292077491,0.09421549970883568
16.50999999999978,1.0119531762091354,1.8227587257123099e-13,2.3359772920774904,0.0942154997088375
16.519999999999783,1.0119531762091287,1.8171396767218132e-13,2.3359772920774895,0.09421549970883931
16.529999999999784,1.0119531762091223,1.8122968520186658e-13,2.33597729207749,0.09421549970884115
16.539999999999786,1.0119531762091158,1.8079350810471418e-13,2.335977292077487,0.09421549970884294
16.549999999999788,1.0119531762091092,1.8045861510286115e-13,2.335977292077486,0.09421549970884475
16.55999999999979,1.0119531762091027,1.8018147991598852e-13,2.335977292077486,0.09421549970884655
16.56999999999979,1.0119531762090963,1.7992759621348376e-13,2.335977292077484,0.09421549970884834
16.579999999999792,1.0119531762090896,1.7981175859607352e-13,2.3359772920774833,0.09421549970885014
16.589999999999794,1.0119531762090834,1.7976380184753484e-13,2.3359772920774833,0.09421549970885192
16.599999999999795,1.0119531762090772,1.795707840826389e-13,2.3359772920774824,0.09421549970885368
16.609999999999797,1.0119531762090708,1.793309541523808e-13,2.335977292077483,0.09421549970885545
16.6199999999998,1.0119531762090646,1.788369256817189e-13,2.3359772920774824,0.09421549970885723
16.6299999999998,1.0119531762090583,1.7827952260279689e-13,2.3359772920774824,0.09421549970885901
16.6399999999998,1.011953176209052,1.7773164005901974e-13,2.335977292077483,0.09421549970886077
16.649999999999803,1.0119531762090455,1.7712467571242834e-13,2.3359772920774806,0.09421549970886255
16.659999999999805,1.0119531762090388,1.7668100489573081e-13,2.335977292077479,0.09421549970886434
16.669999999999806,1.0119531762090324,1.7649527644048213e-13,2.3359772920774775,0.09421549970886611
16.679999999999808,1.011953176209026,1.7647584912281522e-13,2.3359772920774753,0.09421549970886789
16.68999999999981,1.0119531762090193,1.7661700687932778e-13,2.335977292077473,0.09421549970886967
16.69999999999981,1.0119531762090128,1.7691954098124176e-13,2.3359772920774704,0.09421549970887144
16.709999999999813,1.0119531762090064,1.7736923208426192e-13,2.3359772920774704,0.09421549970887323
16.719999999999814,1.0119531762089997,1.7797046098783272e-13,2.3359772920774673,0.09421549970887502
16.729999999999816,1.0119531762089933,1.7873502869219355e-13,2.335977292077466,0.09421549970887681
16.739999999999817,1.0119531762089868,1.795127191683792e-13,2.335977292077464,0.09421549970887862
16.74999999999982,1.0119531762089802,1.80510440555776e-13,2.335977292077463,0.09421549970888042
16.75999999999982,1.0119531762089737,1.8160766275613174e-13,2.3359772920774615,0.09421549970888225
16.769999999999822,1.011953176208967,1.8278526326795002e-13,2.3359772920774606,0.09421549970888407
16.779999999999824,1.0119531762089609,1.8396200331713206e-13,2.33597729207746,0.09421549970888589
16.789999999999825,1.0119531762089546,1.850123324351e-13,2.3359772920774624,0.09421549970888775
16.799999999999827,1.0119531762089482,1.8588814511512498e-13,2.335977292077463,0.09421549970888958
16.809999999999828,1.011953176208942,1.866748906372174e-13,2.335977292077464,0.09421549970889144
16.81999999999983,1.0119531762089358,1.8730262048392333e-13,2.3359772920774655,0.09421549970889331
16.82999999999983,1.0119531762089293,1.8785428858851855e-13,2.3359772920774673,0.09421549970889519
16.839999999999833,1.011953176208923,1.8830209050417782e-13,2.3359772920774695,0.09421549970889707
16.849999999999834,1.011953176208917,1.8863549012992924e-13,2.3359772920774704,0.09421549970889895
16.859999999999836,1.0119531762089107,1.8889062414737568e-13,2.3359772920774726,0.09421549970890082
16.869999999999838,1.0119531762089042,1.8908560686444118e-13,2.3359772920774735,0.09421549970890271
16.87999999999984,1.011953176208898,1.8924821274850656e-13,2.335977292077476,0.09421549970890461
16.88999999999984,1.0119531762088918,1.893498049414813e-13,2.335977292077477,0.09421549970890651
16.899999999999842,1.0119531762088854,1.8944323613031525e-13,2.3359772920774793,0.0942154997089084
16.909999999999844,1.0119531762088791,1.8954030646282326e-13,2.3359772920774806,0.09421549970891029
16.919999999999845,1.011953176208873,1.8948933326077416e-13,2.3359772920774824,0.09421549970891216
16.929999999999847,1.0119531762088665,1.8944515658876138e-13,2.3359772920774837,0.09421549970891405
16.93999999999985,1.0119531762088603,1.8943495855352962e-13,2.335977292077485,0.09421549970891593
16.94999999999985,1.011953176208854,1.8947356366467526e-13,2.335977292077486,0.09421549970891782
16.95999999999985,1.0119531762088476,1.8961213916908867e-13,2.3359772920774873,0.09421549970891972
16.969999999999853,1.0119531762088416,1.8974579757341102e-13,2.3359772920774913,0.09421549970892161
16.979999999999855,1.0119531762088356,1.8967041704574594e-13,2.3359772920774935,0.09421549970892347
16.989999999999856,1.0119531762088294,1.8938708038872562e-13,2.335977292077497,0.09421549970892534
16.999999999999858,1.0119531762088234,1.8899714573425773e-13,2.3359772920775006,0.09421549970892723
17.00999999999986,1.0119531762088174,1.8846030530940114e-13,2.3359772920775033,0.0942154997089291
17.01999999999986,1.0119531762088112,1.878069841953177e-13,2.335977292077506,0.09421549970893099
17.029999999999863,1.0119531762088052,1.8707771763076745e-13,2.335977292077509,0.09421549970893286
17.039999999999864,1.011953176208799,1.86304428811375e-13,2.3359772920775113,0.09421549970893475
17.049999999999866,1.0119531762087928,1.8566031671333984e-13,2.3359772920775126,0.0942154997089366
17.059999999999867,1.0119531762087868,1.849518237006225e-13,2.3359772920775153,0.09421549970893844
17.06999999999987,1.0119531762087808,1.842114789951046e-13,2.3359772920775175,0.09421549970894029
17.07999999999987,1.0119531762087746,1.8348819520476967e-13,2.3359772920775197,0.09421549970894212
17.089999999999872,1.0119531762087686,1.8277394467653197e-13,2.3359772920775215,0.09421549970894394
17.099999999999874,1.0119531762087626,1.8207048082136247e-13,2.335977292077523,0.09421549970894577
17.109999999999875,1.0119531762087564,1.8134147891574948e-13,2.3359772920775237,0.09421549970894758
17.119999999999877,1.0119531762087504,1.806524267993593e-13,2.335977292077525,0.09421549970894938
17.129999999999878,1.0119531762087444,1.8002338303883374e-13,2.335977292077526,0.09421549970895117
17.13999999999988,1.0119531762087381,1.794886263805974e-13,2.3359772920775277,0.09421549970895296
17.14999999999988,1.0119531762087322,1.789980350736257e-13,2.3359772920775286,0.09421549970895474
17.159999999999883,1.0119531762087262,1.7855078879682418e-13,2.33597729207753,0.09421549970895651
17.169999999999884,1.0119531762087202,1.7812693413764818e-13,2.335977292077532,0.09421549970895829
17.179999999999886,1.0119531762087144,1.7755706434702885e-13,2.335977292077534,0.09421549970896005
17.189999999999888,1.0119531762087086,1.7686085606449228e-13,2.3359772920775357,0.09421549970896181
17.19999999999989,1.0119531762087026,1.7604915860517274e-13,2.3359772920775383,0.09421549970896356
17.20999999999989,1.0119531762086968,1.7509782282303654e-13,2.3359772920775392,0.09421549970896531
17.219999999999892,1.0119531762086909,1.7401644863282365e-13,2.3359772920775406,0.09421549970896703
17.229999999999894,1.011953176208685,1.7290172962432195e-13,2.3359772920775415,0.09421549970896875
17.239999999999895,1.0119531762086793,1.7177057773158082e-13,2.335977292077542,0.09421549970897047
17.249999999999897,1.0119531762086733,1.706579781747781e-13,2.335977292077544,0.0942154997089722
17.2599999999999,1.0119531762086675,1.695429362870788e-13,2.3359772920775446,0.09421549970897389
17.2699999999999,1.0119531762086618,1.6845228281683733e-13,2.335977292077544,0.09421549970897558
17.2799999999999,1.0119531762086558,1.6739888052282833e-13,2.335977292077545,0.09421549970897726
17.289999999999903,1.01195317620865,1.6642089171084282e-13,2.3359772920775455,0.09421549970897893
17.299999999999905,1.011953176208644,1.6550153150668615e-13,2.335977292077546,0.09421549970898059
17.309999999999906,1.0119531762086382,1.6464616559886628e-13,2.335977292077545,0.09421549970898224
17.319999999999908,1.0119531762086325,1.6385641572273888e-13,2.335977292077544,0.09421549970898387
17.32999999999991,1.0119531762086265,1.631886351438561e-13,2.335977292077543,0.0942154997089855
17.33999999999991,1.0119531762086207,1.6259711077249393e-13,2.335977292077543,0.09421549970898713
17.349999999999913,1.0119531762086147,1.6205133600322568e-13,2.335977292077542,0.09421549970898875
17.359999999999914,1.011953176208609,1.616059150006703e-13,2.3359772920775406,0.09421549970899037
17.369999999999916,1.011953176208603,1.612488586572756e-13,2.3359772920775383,0.09421549970899198
17.379999999999917,1.0119531762085971,1.6101085806203e-13,2.3359772920775375,0.0942154997089936
17.38999999999992,1.0119531762085916,1.6082363057313356e-13,2.3359772920775392,0.09421549970899519
17.39999999999992,1.0119531762085858,1.6053247446252649e-13,2.335977292077539,0.09421549970899679
17.409999999999922,1.0119531762085803,1.601195319082785e-13,2.335977292077539,0.09421549970899838
17.419999999999924,1.0119531762085745,1.5966015493964757e-13,2.3359772920775392,0.09421549970899998
17.429999999999925,1.011953176208569,1.5911550550755977e-13,2.335977292077539,0.09421549970900155
17.439999999999927,1.0119531762085632,1.585072504872969e-13,2.3359772920775383,0.09421549970900314
17.44999999999993,1.0119531762085576,1.5784543873223814e-13,2.3359772920775392,0.09421549970900471
17.45999999999993,1.011953176208552,1.5714266493873683e-13,2.3359772920775383,0.09421549970900628
17.46999999999993,1.0119531762085463,1.5642554163635376e-13,2.335977292077538,0.09421549970900785
17.479999999999933,1.0119531762085408,1.5568373587379534e-13,2.3359772920775375,0.0942154997090094
17.489999999999934,1.0119531762085348,1.5498184211189185e-13,2.3359772920775344,0.09421549970901098
17.499999999999936,1.011953176208529,1.5452055710734504e-13,2.335977292077532,0.09421549970901254
17.509999999999938,1.011953176208523,1.543050634032417e-13,2.335977292077529,0.09421549970901408
17.51999999999994,1.0119531762085172,1.54368971827181e-13,2.335977292077526,0.09421549970901563
17.52999999999994,1.0119531762085112,1.546218805561912e-13,2.3359772920775237,0.09421549970901719
17.539999999999942,1.0119531762085054,1.5508508963227764e-13,2.3359772920775206,0.09421549970901875
17.549999999999944,1.0119531762084997,1.5568918025277768e-13,2.3359772920775184,0.09421549970902034
17.559999999999945,1.0119531762084937,1.5648829307597525e-13,2.335977292077516,0.09421549970902192
17.569999999999947,1.011953176208488,1.573306178252654e-13,2.3359772920775144,0.0942154997090235
17.57999999999995,1.011953176208482,1.583029240253333e-13,2.335977292077512,0.0942154997090251
17.58999999999995,1.0119531762084761,1.5938726199122417e-13,2.33597729207751,0.09421549970902669
17.59999999999995,1.0119531762084701,1.6059767174742184e-13,2.3359772920775086,0.0942154997090283
17.609999999999953,1.0119531762084646,1.61911747087507e-13,2.3359772920775086,0.0942154997090299
17.619999999999955,1.011953176208459,1.6306649984397536e-13,2.3359772920775086,0.09421549970903152
17.629999999999956,1.0119531762084533,1.6407985200488672e-13,2.3359772920775086,0.09421549970903315
17.639999999999958,1.0119531762084477,1.649419184183923e-13,2.335977292077511,0.09421549970903481
17.64999999999996,1.011953176208442,1.6567817216802804e-13,2.335977292077511,0.09421549970903645
17.65999999999996,1.0119531762084364,1.6631637980990226e-13,2.3359772920775117,0.09421549970903811
17.669999999999963,1.0119531762084306,1.6692460290807957e-13,2.3359772920775126,0.09421549970903978
17.679999999999964,1.011953176208425,1.6741989581504117e-13,2.3359772920775135,0.09421549970904143
17.689999999999966,1.0119531762084195,1.678017568649163e-13,2.335977292077515,0.09421549970904311
17.699999999999967,1.0119531762084137,1.6816524635429494e-13,2.335977292077517,0.09421549970904479
17.70999999999997,1.0119531762084082,1.684914640517152e-13,2.3359772920775175,0.09421549970904647
17.71999999999997,1.0119531762084026,1.687213496511831e-13,2.335977292077519,0.09421549970904815
17.729999999999972,1.0119531762083969,1.6891750352108317e-13,2.3359772920775206,0.09421549970904983
17.739999999999974,1.0119531762083913,1.691098003010598e-13,2.3359772920775215,0.09421549970905153
17.749999999999975,1.0119531762083855,1.6928902116941597e-13,2.3359772920775237,0.09421549970905323
17.759999999999977,1.01195317620838,1.6944208834792508e-13,2.335977292077525,0.09421549970905493
17.76999999999998,1.0119531762083744,1.6956534294330146e-13,2.335977292077527,0.09421549970905663
17.77999999999998,1.0119531762083687,1.696871228863927e-13,2.3359772920775286,0.09421549970905832
17.78999999999998,1.0119531762083631,1.69797514611781e-13,2.335977292077529,0.09421549970906001
17.799999999999983,1.0119531762083573,1.6997963296697574e-13,2.3359772920775312,0.0942154997090617
17.809999999999985,1.0119531762083518,1.7013580038888426e-13,2.3359772920775326,0.0942154997090634
17.819999999999986,1.0119531762083465,1.7024520452445105e-13,2.335977292077535,0.09421549970906508
17.829999999999988,1.011953176208341,1.7019965954805443e-13,2.3359772920775383,0.09421549970906676
17.83999999999999,1.0119531762083356,1.6993847415533705e-13,2.335977292077541,0.09421549970906844
17.84999999999999,1.01195317620833,1.6953881859998423e-13,2.3359772920775437,0.09421549970907013
17.859999999999992,1.0119531762083247,1.6907764174776126e-13,2.335977292077547,0.09421549970907181
17.869999999999994,1.0119531762083194,1.684180706420712e-13,2.335977292077549,0.09421549970907349
17.879999999999995,1.0119531762083138,1.6771650998922424e-13,2.3359772920775526,0.09421549970907517
17.889999999999997,1.0119531762083085,1.67082019303811e-13,2.335977292077554,0.09421549970907683
17.9,1.0119531762083032,1.6631883307355354e-13,2.3359772920775574,0.0942154997090785
17.91,1.0119531762082976,1.6548618021000415e-13,2.3359772920775583,0.09421549970908015
17.92,1.0119531762082923,1.6457341507152045e-13,2.335977292077561,0.0942154997090818
17.930000000000003,1.0119531762082865,1.6364333071893826e-13,2.3359772920775614,0.09421549970908347
17.940000000000005,1.011953176208281,1.6294255983331056e-13,2.3359772920775623,0.09421549970908512
17.950000000000006,1.0119531762082756,1.6239717387741108e-13,2.3359772920775623,0.09421549970908673
17.960000000000008,1.01195317620827,1.618760973719909e-13,2.335977292077565,0.09421549970908835
17.97000000000001,1.0119531762082647,1.6133533803464126e-13,2.3359772920775654,0.09421549970908996
17.98000000000001,1.0119531762082592,1.608551418099106e-13,2.335977292077567,0.09421549970909157
17.990000000000013,1.0119531762082539,1.6036791297615433e-13,2.3359772920775685,0.09421549970909317
18.000000000000014,1.0119531762082483,1.599049298570064e-13,2.335977292077569,0.09421549970909478
18.010000000000016,1.011953176208243,1.5947199894007916e-13,2.33597729207757,0.09421549970909637
18.020000000000017,1.0119531762082377,1.5910224090271865e-13,2.3359772920775708,0.09421549970909796
18.03000000000002,1.0119531762082323,1.5870534365488413e-13,2.3359772920775725,0.09421549970909952
18.04000000000002,1.0119531762082272,1.581696755561677e-13,2.3359772920775743,0.09421549970910109
18.050000000000022,1.011953176208222,1.574885901733039e-13,2.3359772920775774,0.09421549970910267
18.060000000000024,1.0119531762082168,1.5666234922769968e-13,2.3359772920775796,0.09421549970910423
18.070000000000025,1.0119531762082115,1.556571665297148e-13,2.335977292077581,0.09421549970910578
18.080000000000027,1.0119531762082064,1.5460032618764905e-13,2.335977292077581,0.09421549970910734
18.09000000000003,1.0119531762082012,1.534943580714345e-13,2.335977292077584,0.09421549970910888
18.10000000000003,1.011953176208196,1.523549174417363e-13,2.335977292077585,0.0942154997091104
18.11000000000003,1.0119531762081908,1.5118249676335583e-13,2.3359772920775863,0.09421549970911192
18.120000000000033,1.0119531762081855,1.4998791936061304e-13,2.3359772920775876,0.09421549970911344
18.130000000000035,1.0119531762081804,1.4881572169454982e-13,2.335977292077587,0.09421549970911491
18.140000000000036,1.011953176208175,1.476864606263496e-13,2.3359772920775876,0.09421549970911641
18.150000000000038,1.01195317620817,1.4659744557252824e-13,2.3359772920775863,0.0942154997091179
18.16000000000004,1.0119531762081646,1.4558794844701302e-13,2.3359772920775868,0.09421549970911938
18.17000000000004,1.0119531762081595,1.4466134914814963e-13,2.3359772920775868,0.09421549970912083
18.180000000000042,1.0119531762081542,1.4375904476733384e-13,2.3359772920775863,0.09421549970912227
18.190000000000044,1.011953176208149,1.4292427203955576e-13,2.3359772920775854,0.0942154997091237
18.200000000000045,1.0119531762081437,1.422020725447111e-13,2.3359772920775854,0.09421549970912514
18.210000000000047,1.0119531762081386,1.4154272862972707e-13,2.335977292077583,0.09421549970912657
18.22000000000005,1.0119531762081333,1.4097127000157892e-13,2.335977292077582,0.094215499709128
18.23000000000005,1.0119531762081282,1.4056217875873567e-13,2.3359772920775805,0.0942154997091294
18.24000000000005,1.0119531762081229,1.402096214108773e-13,2.335977292077579,0.09421549970913082
18.250000000000053,1.0119531762081178,1.3995523373113962e-13,2.335977292077578,0.09421549970913219
18.260000000000055,1.0119531762081124,1.3980199031899178e-13,2.3359772920775757,0.0942154997091336
18.270000000000056,1.0119531762081073,1.3976805872410386e-13,2.335977292077574,0.09421549970913501
18.280000000000058,1.011953176208102,1.3981086467314037e-13,2.335977292077572,0.09421549970913642
18.29000000000006,1.0119531762080969,1.398015797387573e-13,2.3359772920775703,0.09421549970913784
18.30000000000006,1.0119531762080918,1.3985919440518098e-13,2.3359772920775703,0.09421549970913923
18.310000000000063,1.011953176208087,1.3975855782286533e-13,2.335977292077571,0.09421549970914063
18.320000000000064,1.0119531762080818,1.3953039144197897e-13,2.3359772920775717,0.09421549970914203
18.330000000000066,1.011953176208077,1.3919433133711212e-13,2.3359772920775708,0.09421549970914342
18.340000000000067,1.0119531762080718,1.3881965810183445e-13,2.33597729207757,0.09421549970914479
18.35000000000007,1.011953176208067,1.384452252324866e-13,2.33597729207757,0.09421549970914617
18.36000000000007,1.0119531762080618,1.379848827069727e-13,2.33597729207757,0.09421549970914754
18.370000000000072,1.011953176208057,1.3743996781538168e-13,2.335977292077569,0.09421549970914893
18.380000000000074,1.0119531762080518,1.3688634243523198e-13,2.3359772920775685,0.09421549970915032
18.390000000000075,1.011953176208047,1.3630867516160604e-13,2.335977292077567,0.09421549970915169
18.400000000000077,1.0119531762080418,1.3570067257529182e-13,2.335977292077567,0.09421549970915304
18.41000000000008,1.011953176208037,1.3511568987758117e-13,2.3359772920775654,0.0942154997091544
18.42000000000008,1.0119531762080318,1.3459028545537787e-13,2.3359772920775654,0.09421549970915576
18.43000000000008,1.011953176208027,1.340815431572167e-13,2.3359772920775645,0.09421549970915709
18.440000000000083,1.0119531762080218,1.3362561863340129e-13,2.3359772920775628,0.09421549970915842
18.450000000000085,1.011953176208017,1.332088401213659e-13,2.335977292077561,0.09421549970915977
18.460000000000086,1.0119531762080118,1.3282578630303632e-13,2.335977292077559,0.0942154997091611
18.470000000000088,1.011953176208007,1.3249461049412471e-13,2.3359772920775566,0.0942154997091624
18.48000000000009,1.0119531762080016,1.3226187374617863e-13,2.335977292077554,0.09421549970916375
18.49000000000009,1.0119531762079965,1.3231234252936085e-13,2.335977292077551,0.09421549970916508
18.500000000000092,1.0119531762079912,1.3261664692602832e-13,2.335977292077548,0.09421549970916643
18.510000000000094,1.0119531762079859,1.3314334562959595e-13,2.335977292077545,0.09421549970916777
18.520000000000095,1.0119531762079808,1.338881352363784e-13,2.335977292077541,0.09421549970916915
18.530000000000097,1.0119531762079754,1.3480349078806205e-13,2.3359772920775375,0.09421549970917051
18.5400000000001,1.0119531762079703,1.3592954964002167e-13,2.3359772920775357,0.09421549970917185
18.5500000000001,1.011953176207965,1.3721468340744709e-13,2.3359772920775326,0.09421549970917324
18.5600000000001,1.0119531762079599,1.3861649768941522e-13,2.3359772920775304,0.09421549970917462
18.570000000000103,1.0119531762079546,1.4015257190085836e-13,2.3359772920775277,0.09421549970917602
18.580000000000105,1.0119531762079497,1.4172856780295739e-13,2.335977292077527,0.0942154997091774
18.590000000000106,1.0119531762079446,1.432277981684854e-13,2.3359772920775272,0.09421549970917881
18.600000000000108,1.0119531762079397,1.4460782775422837e-13,2.3359772920775264,0.09421549970918024
18.61000000000011,1.0119531762079346,1.4585091447788995e-13,2.335977292077527,0.09421549970918168
18.62000000000011,1.0119531762079297,1.4700011120230735e-13,2.3359772920775286,0.09421549970918316
18.630000000000113,1.0119531762079246,1.479890050192628e-13,2.3359772920775286,0.09421549970918464
18.640000000000114,1.0119531762079197,1.4888821287392718e-13,2.33597729207753,0.09421549970918612
18.650000000000116,1.0119531762079148,1.4967281262466866e-13,2.335977292077531,0.0942154997091876
18.660000000000117,1.0119531762079097,1.5039009780404549e-13,2.3359772920775344,0.09421549970918912
18.67000000000012,1.0119531762079048,1.5101045813036976e-13,2.335977292077534,0.0942154997091906
18.68000000000012,1.0119531762078997,1.515879380209487e-13,2.3359772920775366,0.09421549970919212
18.690000000000122,1.0119531762078948,1.5204757668892462e-13,2.335977292077538,0.09421549970919364
18.700000000000124,1.0119531762078897,1.5235378407407215e-13,2.3359772920775392,0.09421549970919517
18.710000000000125,1.0119531762078848,1.5265099465010234e-13,2.335977292077542,0.0942154997091967
18.720000000000127,1.0119531762078797,1.5286040577804277e-13,2.3359772920775432,0.09421549970919824
18.73000000000013,1.0119531762078748,1.5300333052606528e-13,2.335977292077546,0.09421549970919978
18.74000000000013,1.01195317620787,1.5313606860085285e-13,2.335977292077547,0.09421549970920132
18.75000000000013,1.0119531762078648,1.532475912708178e-13,2.335977292077549,0.09421549970920286
18.760000000000133,1.01195317620786,1.5335795878653107e-13,2.3359772920775526,0.0942154997092044
18.770000000000135,1.0119531762078549,1.5344055413821503e-13,2.335977292077555,0.09421549970920595
18.780000000000136,1.01195317620785,1.5350724032463362e-13,2.3359772920775566,0.09421549970920749
18.790000000000138,1.0119531762078449,1.535580968194506e-13,2.335977292077558,0.09421549970920903
18.80000000000014,1.0119531762078402,1.5357174568505653e-13,2.3359772920775606,0.09421549970921055
18.81000000000014,1.0119531762078353,1.533815232575516e-13,2.3359772920775654,0.09421549970921209
18.820000000000142,1.0119531762078307,1.530079125132882e-13,2.3359772920775685,0.09421549970921361
18.830000000000144,1.011953176207826,1.524919796603645e-13,2.335977292077572,0.09421549970921514
18.840000000000146,1.011953176207821,1.5186249313148766e-13,2.3359772920775757,0.09421549970921665
18.850000000000147,1.0119531762078164,1.5114206740900357e-13,2.335977292077579,0.09421549970921816
18.86000000000015,1.0119531762078116,1.5030127080619695e-13,2.3359772920775814,0.09421549970921966
18.87000000000015,1.011953176207807,1.494099097162163e-13,2.335977292077584,0.09421549970922115
18.88000000000015,1.011953176207802,1.4847118648008615e-13,2.3359772920775863,0.09421549970922265
18.890000000000153,1.0119531762077973,1.4749162834100967e-13,2.3359772920775885,0.09421549970922413
18.900000000000155,1.0119531762077925,1.4647120548884176e-13,2.3359772920775916,0.0942154997092256
18.910000000000156,1.0119531762077878,1.4541499031819969e-13,2.3359772920775943,0.09421549970922707
18.920000000000158,1.011953176207783,1.4435341520249707e-13,2.335977292077596,0.09421549970922853
18.93000000000016,1.0119531762077782,1.4336670302411755e-13,2.335977292077597,0.09421549970922996
18.94000000000016,1.0119531762077736,1.4237734192757859e-13,2.3359772920775987,0.09421549970923142
18.950000000000163,1.0119531762077685,1.4158528177089483e-13,2.3359772920775987,0.09421549970923289
18.960000000000164,1.0119531762077636,1.4105420728263391e-13,2.3359772920775983,0.09421549970923432
18.970000000000166,1.0119531762077585,1.4077616221472105e-13,2.3359772920775974,0.09421549970923575
18.980000000000167,1.0119531762077536,1.4072381463635126e-13,2.335977292077598,0.09421549970923718
18.99000000000017,1.0119531762077487,1.408879285604671e-13,2.3359772920775987,0.09421549970923856
19.00000000000017,1.011953176207744,1.4105420802760876e-13,2.3359772920775987,0.09421549970923997
19.010000000000172,1.0119531762077392,1.4120972821329606e-13,2.3359772920776005,0.09421549970924137
19.020000000000174,1.0119531762077345,1.4131986704024259e-13,2.3359772920776014,0.0942154997092428
19.030000000000175,1.0119531762077298,1.4139296754441088e-13,2.3359772920776027,0.09421549970924419
19.040000000000177,1.0119531762077254,1.412713052369631e-13,2.3359772920776054,0.09421549970924557
19.05000000000018,1.0119531762077207,1.408909973539981e-13,2.3359772920776076,0.09421549970924697
19.06000000000018,1.0119531762077163,1.403307539443514e-13,2.3359772920776094,0.09421549970924836
19.07000000000018,1.0119531762077116,1.3964090673019931e-13,2.335977292077611,0.09421549970924974
19.080000000000183,1.0119531762077072,1.388661915688289e-13,2.335977292077613,0.09421549970925111
19.090000000000185,1.0119531762077025,1.3799072452614462e-13,2.3359772920776147,0.09421549970925248
19.100000000000186,1.011953176207698,1.3701982565628096e-13,2.3359772920776165,0.09421549970925384
19.110000000000188,1.0119531762076934,1.3600572482846652e-13,2.335977292077618,0.09421549970925519
19.12000000000019,1.011953176207689,1.349605447373363e-13,2.335977292077619,0.09421549970925652
19.13000000000019,1.0119531762076843,1.3386537721256334e-13,2.33597729207762,0.09421549970925785
19.140000000000192,1.0119531762076799,1.32785384996318e-13,2.3359772920776205,0.0942154997092592
19.150000000000194,1.0119531762076752,1.3172300398144403e-13,2.335977292077621,0.0942154997092605
19.160000000000196,1.0119531762076708,1.3071088497336277e-13,2.3359772920776223,0.09421549970926182
19.170000000000197,1.0119531762076661,1.2971157555575545e-13,2.335977292077622,0.0942154997092631
19.1800000000002,1.0119531762076615,1.2879045698580087e-13,2.3359772920776223,0.09421549970926439
19.1900000000002,1.011953176207657,1.2792322552858696e-13,2.3359772920776223,0.09421549970926567
19.200000000000202,1.0119531762076523,1.2710787788907522e-13,2.335977292077621,0.09421549970926696
19.210000000000203,1.011953176207648,1.2637072423350317e-13,2.3359772920776214,0.09421549970926822
19.220000000000205,1.0119531762076432,1.2567301512571053e-13,2.335977292077619,0.09421549970926947
19.230000000000206,1.0119531762076388,1.2506714881881967e-13,2.3359772920776183,0.0942154997092707
19.240000000000208,1.0119531762076341,1.2452459791227074e-13,2.335977292077618,0.09421549970927193
19.25000000000021,1.0119531762076297,1.2407055234962052e-13,2.335977292077616,0.09421549970927319
19.26000000000021,1.011953176207625,1.2370117816576974e-13,2.335977292077615,0.09421549970927443
19.270000000000213,1.0119531762076204,1.2341199657546898e-13,2.3359772920776134,0.09421549970927565
19.280000000000214,1.011953176207616,1.2320016286011976e-13,2.335977292077612,0.0942154997092769
19.290000000000216,1.0119531762076113,1.2306591133378544e-13,2.335977292077611,0.09421549970927812
19.300000000000217,1.0119531762076068,1.2298750157990657e-13,2.3359772920776094,0.09421549970927937
19.31000000000022,1.0119531762076022,1.2302502204076503e-13,2.3359772920776085,0.09421549970928059
19.32000000000022,1.0119531762075977,1.2315717435200833e-13,2.3359772920776076,0.09421549970928181
19.330000000000222,1.0119531762075933,1.2331192444548537e-13,2.3359772920776067,0.094215499709283
19.340000000000224,1.0119531762075888,1.233580765727357e-13,2.335977292077607,0.09421549970928422
19.350000000000225,1.0119531762075846,1.2322614328216655e-13,2.3359772920776067,0.09421549970928544
19.360000000000227,1.0119531762075802,1.2298370328413007e-13,2.3359772920776067,0.09421549970928665
19.37000000000023,1.011953176207576,1.2263016041297997e-13,2.335977292077607,0.09421549970928787
19.38000000000023,1.0119531762075715,1.2218912973907563e-13,2.3359772920776076,0.09421549970928907
19.39000000000023,1.0119531762075673,1.2170918506357563e-13,2.3359772920776076,0.0942154997092903
19.400000000000233,1.0119531762075629,1.211448268604958e-13,2.335977292077607,0.09421549970929151
19.410000000000235,1.0119531762075586,1.205769860163735e-13,2.3359772920776054,0.0942154997092927
19.420000000000236,1.0119531762075542,1.199922532898147e-13,2.335977292077606,0.09421549970929388
19.430000000000238,1.0119531762075498,1.1937935018972385e-13,2.3359772920776045,0.09421549970929506
19.44000000000024,1.0119531762075455,1.187569107747299e-13,2.3359772920776045,0.09421549970929625
19.45000000000024,1.011953176207541,1.1815039832927433e-13,2.335977292077603,0.09421549970929742
19.460000000000242,1.0119531762075369,1.1758845422443511e-13,2.3359772920776027,0.09421549970929857
19.470000000000244,1.0119531762075324,1.1706350804993935e-13,2.335977292077601,0.09421549970929975
19.480000000000246,1.011953176207528,1.1654877580516205e-13,2.3359772920776,0.0942154997093009
19.490000000000247,1.0119531762075238,1.1604988969868407e-13,2.335977292077598,0.09421549970930206
19.50000000000025,1.0119531762075193,1.1559137935422611e-13,2.335977292077597,0.09421549970930322
19.51000000000025,1.0119531762075153,1.151430514364345e-13,2.3359772920775965,0.09421549970930437
19.520000000000252,1.0119531762075111,1.1452770224818235e-13,2.335977292077598,0.0942154997093055
19.530000000000253,1.011953176207507,1.1376007244657658e-13,2.3359772920775974,0.09421549970930661
19.540000000000255,1.011953176207503,1.1286060490635066e-13,2.335977292077596,0.09421549970930772
19.550000000000257,1.0119531762074985,1.1193118129446512e-13,2.335977292077595,0.09421549970930887
19.560000000000258,1.0119531762074943,1.1111852436887451e-13,2.335977292077593,0.09421549970930997
19.57000000000026,1.0119531762074898,1.1046955881609587e-13,2.3359772920775894,0.09421549970931108
19.58000000000026,1.0119531762074856,1.0989515288779564e-13,2.3359772920775894,0.09421549970931219
19.590000000000263,1.0119531762074816,1.0921180670007442e-13,2.3359772920775885,0.09421549970931326
19.600000000000264,1.0119531762074772,1.0850296831511469e-13,2.335977292077585,0.09421549970931432
19.610000000000266,1.011953176207473,1.0797547147500441e-13,2.335977292077582,0.09421549970931539
19.620000000000267,1.0119531762074685,1.0754980547311332e-13,2.335977292077579,0.09421549970931649
19.63000000000027,1.011953176207464,1.0725147879138249e-13,2.335977292077575,0.09421549970931757
19.64000000000027,1.0119531762074598,1.0708979892083573e-13,2.3359772920775725,0.09421549970931865
19.650000000000272,1.0119531762074554,1.0703541806278541e-13,2.33597729207757,0.09421549970931975
19.660000000000274,1.011953176207451,1.0715199170961973e-13,2.3359772920775668,0.09421549970932082
19.670000000000275,1.0119531762074467,1.0737877612895253e-13,2.3359772920775645,0.0942154997093219
19.680000000000277,1.0119531762074423,1.0773025820027318e-13,2.335977292077561,0.09421549970932301
19.69000000000028,1.011953176207438,1.0821459701883979e-13,2.335977292077558,0.09421549970932411
19.70000000000028,1.0119531762074336,1.0881975948426608e-13,2.3359772920775552,0.09421549970932519
19.71000000000028,1.0119531762074292,1.094807367261612e-13,2.335977292077552,0.09421549970932627
19.720000000000283,1.011953176207425,1.1024058631636907e-13,2.3359772920775494,0.09421549970932738
19.730000000000285,1.0119531762074208,1.1106978312704084e-13,2.3359772920775486,0.09421549970932848
19.740000000000286,1.0119531762074165,1.1174099266939092e-13,2.335977292077547,0.09421549970932958
19.750000000000288,1.0119531762074125,1.1227497071147625e-13,2.335977292077546,0.09421549970933069
19.76000000000029,1.0119531762074083,1.1267635153618789e-13,2.335977292077546,0.0942154997093318
19.77000000000029,1.0119531762074043,1.1291817835888598e-13,2.335977292077545,0.0942154997093329
19.780000000000292,1.0119531762074,1.1309090847701365e-13,2.335977292077544,0.09421549970933403
19.790000000000294,1.0119531762073959,1.1313549228848787e-13,2.335977292077544,0.09421549970933515
19.800000000000296,1.011953176207392,1.1310250602405644e-13,2.335977292077543,0.09421549970933629
19.810000000000297,1.0119531762073877,1.130203661710317e-13,2.3359772920775432,0.09421549970933743
19.8200000000003,1.0119531762073837,1.128757161346152e-13,2.335977292077542,0.09421549970933857
19.8300000000003,1.0119531762073795,1.1268527644219409e-13,2.335977292077541,0.09421549970933969
19.840000000000302,1.0119531762073752,1.1246247418679738e-13,2.3359772920775415,0.0942154997093408
19.850000000000303,1.0119531762073712,1.1221508238116219e-13,2.335977292077541,0.09421549970934191
19.860000000000305,1.011953176207367,1.119243123824139e-13,2.335977292077539,0.09421549970934304
19.870000000000307,1.011953176207363,1.1158548941590266e-13,2.3359772920775383,0.09421549970934413
19.880000000000308,1.0119531762073588,1.1124054499408609e-13,2.335977292077537,0.09421549970934524
19.89000000000031,1.0119531762073546,1.1093557872293962e-13,2.3359772920775352,0.09421549970934635
19.90000000000031,1.0119531762073506,1.1067518594293919e-13,2.3359772920775344,0.09421549970934746
19.910000000000313,1.0119531762073464,1.1042732725542759e-13,2.3359772920775344,0.09421549970934857
19.920000000000314,1.0119531762073424,1.1017242618279286e-13,2.3359772920775335,0.09421549970934967
19.930000000000316,1.0119531762073382,1.0994155901390868e-13,2.3359772920775326,0.09421549970935078
19.940000000000317,1.011953176207334,1.0975045693723912e-13,2.335977292077531,0.09421549970935188
19.95000000000032,1.01195317620733,1.095694354094666e-13,2.335977292077529,0.09421549970935297
19.96000000000032,1.0119531762073257,1.0946760554974862e-13,2.3359772920775286,0.0942154997093541
19.970000000000322,1.0119531762073217,1.0939244646672498e-13,2.335977292077527,0.0942154997093552
19.980000000000324,1.0119531762073175,1.0937819702329475e-13,2.3359772920775255,0.09421549970935629
19.990000000000325,1.0119531762073133,1.0940712843068765e-13,2.3359772920775237,0.09421549970935737
20.000000000000327,1.0119531762073093,1.0948135520970616e-13,2.3359772920775232,0.09421549970935847
20.01000000000033,1.011953176207305,1.0957833810263501e-13,2.335977292077521,0.09421549970935955
20.02000000000033,1.011953176207301,1.0974706441282816e-13,2.335977292077519,0.09421549970936065
20.03000000000033,1.0119531762072969,1.0995986810076883e-13,2.3359772920775184,0.09421549970936174
20.040000000000333,1.0119531762072926,1.1017207330022197e-13,2.335977292077516,0.09421549970936285
20.050000000000335,1.0119531762072886,1.1047981766311302e-13,2.3359772920775144,0.09421549970936395
20.060000000000336,1.0119531762072844,1.1088911605325504e-13,2.335977292077513,0.09421549970936506
20.070000000000338,1.0119531762072802,1.1126424173679141e-13,2.335977292077513,0.0942154997093662
20.08000000000034,1.0119531762072762,1.1161908519530995e-13,2.3359772920775126,0.09421549970936731
20.09000000000034,1.011953176207272,1.1199137637059658e-13,2.3359772920775104,0.09421549970936842
20.100000000000342,1.011953176207268,1.1244226553229954e-13,2.33597729207751,0.09421549970936956
20.110000000000344,1.0119531762072638,1.1289761813872708e-13,2.3359772920775086,0.09421549970937068
20.120000000000346,1.0119531762072596,1.1340790647357802e-13,2.3359772920775077,0.09421549970937183
20.130000000000347,1.0119531762072558,1.1391763666374373e-13,2.3359772920775086,0.09421549970937294
20.14000000000035,1.0119531762072518,1.1421720876373155e-13,2.335977292077509,0.09421549970937408
20.15000000000035,1.011953176207248,1.1432483665367026e-13,2.3359772920775104,0.0942154997093752
20.160000000000352,1.011953176207244,1.1427575350145168e-13,2.3359772920775113,0.09421549970937633
20.170000000000353,1.01195317620724,1.1406110165718734e-13,2.3359772920775117,0.09421549970937747
20.180000000000355,1.0119531762072362,1.1375710370660837e-13,2.335977292077512,0.0942154997093786
20.190000000000357,1.0119531762072322,1.1331269659275226e-13,2.335977292077514,0.09421549970937974
20.200000000000358,1.0119531762072285,1.127843840589068e-13,2.335977292077514,0.09421549970938084
20.21000000000036,1.0119531762072245,1.1218499107819416e-13,2.335977292077515,0.09421549970938198
20.22000000000036,1.0119531762072207,1.1149945122667866e-13,2.335977292077515,0.0942154997093831
20.230000000000363,1.0119531762072167,1.1070259116482554e-13,2.335977292077515,0.0942154997093842
20.240000000000364,1.0119531762072127,1.098765318071645e-13,2.335977292077515,0.0942154997093853
20.250000000000366,1.011953176207209,1.090940547401167e-13,2.3359772920775153,0.09421549970938638
20.260000000000367,1.011953176207205,1.0829771630703554e-13,2.335977292077516,0.09421549970938747
20.27000000000037,1.011953176207201,1.074791981351403e-13,2.3359772920775153,0.09421549970938856
20.28000000000037,1.0119531762071972,1.0672635609315646e-13,2.335977292077514,0.09421549970938964
20.290000000000372,1.0119531762071932,1.059872606580059e-13,2.3359772920775135,0.09421549970939071
20.300000000000374,1.0119531762071894,1.0527360222568169e-13,2.3359772920775126,0.09421549970939175
20.310000000000375,1.0119531762071854,1.0464744902178309e-13,2.3359772920775117,0.09421549970939279
20.320000000000377,1.0119531762071814,1.0401879643838914e-13,2.335977292077511,0.09421549970939383
20.33000000000038,1.0119531762071776,1.0344882483929778e-13,2.3359772920775086,0.09421549970939487
20.34000000000038,1.0119531762071736,1.0299734858251607e-13,2.335977292077508,0.09421549970939591
20.35000000000038,1.0119531762071696,1.0252158503335357e-13,2.3359772920775055,0.09421549970939694
20.360000000000383,1.0119531762071658,1.0216461863991973e-13,2.335977292077505,0.09421549970939798
20.370000000000385,1.0119531762071619,1.0185547382367995e-13,2.335977292077504,0.09421549970939902
20.380000000000386,1.011953176207158,1.0160835394997316e-13,2.335977292077502,0.09421549970940005
20.390000000000388,1.011953176207154,1.014741061036965e-13,2.3359772920775,0.09421549970940103
20.40000000000039,1.01195317620715,1.0141285364777572e-13,2.3359772920774984,0.09421549970940206
20.41000000000039,1.011953176207146,1.0141804988605933e-13,2.3359772920774953,0.09421549970940309
20.420000000000393,1.0119531762071419,1.01670875583636e-13,2.3359772920774917,0.09421549970940411
20.430000000000394,1.0119531762071377,1.0221354722330775e-13,2.335977292077488,0.09421549970940515
20.440000000000396,1.0119531762071337,1.0298141144762342e-13,2.335977292077485,0.09421549970940621
20.450000000000397,1.0119531762071294,1.0408250565594372e-13,2.335977292077483,0.09421549970940726
20.4600000000004,1.0119531762071252,1.0537097595899566e-13,2.33597729207748,0.09421549970940833
20.4700000000004,1.0119531762071212,1.0680048740034238e-13,2.335977292077478,0.0942154997094094
20.480000000000402,1.0119531762071172,1.0838542967052359e-13,2.3359772920774757,0.09421549970941048
20.490000000000403,1.0119531762071134,1.0984812821973939e-13,2.335977292077477,0.09421549970941158
20.500000000000405,1.0119531762071095,1.1116090178778722e-13,2.3359772920774757,0.09421549970941266
20.510000000000407,1.0119531762071055,1.1242438239727394e-13,2.3359772920774753,0.09421549970941379
20.520000000000408,1.011953176207102,1.1352511741226846e-13,2.3359772920774766,0.09421549970941487
20.53000000000041,1.0119531762070981,1.1436508362172572e-13,2.3359772920774797,0.09421549970941599
20.54000000000041,1.0119531762070946,1.1485603869097442e-13,2.335977292077481,0.0942154997094171
20.550000000000413,1.0119531762070908,1.1508394222515177e-13,2.3359772920774833,0.09421549970941824
20.560000000000414,1.011953176207087,1.1506471284167124e-13,2.335977292077486,0.0942154997094194
20.570000000000416,1.0119531762070835,1.1481006585781707e-13,2.335977292077488,0.09421549970942054
20.580000000000418,1.0119531762070797,1.1443441852438785e-13,2.3359772920774904,0.09421549970942168
20.59000000000042,1.0119531762070761,1.1385466976707471e-13,2.3359772920774926,0.09421549970942279
20.60000000000042,1.0119531762070724,1.1317095924450703e-13,2.3359772920774935,0.09421549970942393
20.610000000000422,1.0119531762070686,1.1236808473930077e-13,2.335977292077495,0.09421549970942503
20.620000000000424,1.011953176207065,1.114651291484761e-13,2.335977292077497,0.09421549970942614
20.630000000000425,1.0119531762070613,1.1048285931171347e-13,2.335977292077498,0.09421549970942723
20.640000000000427,1.0119531762070577,1.0945864868352955e-13,2.3359772920774997,0.09421549970942834
20.65000000000043,1.011953176207054,1.0839432462049877e-13,2.3359772920775006,0.09421549970942943
20.66000000000043,1.0119531762070502,1.0728999164591878e-13,2.3359772920775006,0.0942154997094305
20.67000000000043,1.0119531762070466,1.0619450658346699e-13,2.3359772920775024,0.09421549970943158
20.680000000000433,1.0119531762070428,1.050379438858819e-13,2.3359772920775024,0.09421549970943262
20.690000000000435,1.0119531762070393,1.0391149115385798e-13,2.3359772920775033,0.09421549970943369
20.700000000000436,1.0119531762070355,1.0278344989934836e-13,2.335977292077503,0.09421549970943471
20.710000000000438,1.0119531762070317,1.0172717832375612e-13,2.335977292077503,0.09421549970943574
20.72000000000044,1.0119531762070282,1.0071985771690274e-13,2.335977292077503,0.09421549970943675
20.73000000000044,1.0119531762070244,9.976764838256859e-14,2.3359772920775015,0.09421549970943777
20.740000000000443,1.0119531762070206,9.893505093892511e-14,2.335977292077501,0.09421549970943878
20.750000000000444,1.011953176207017,9.813130923898155e-14,2.3359772920775,0.09421549970943975
20.760000000000446,1.0119531762070133,9.741448403077714e-14,2.335977292077499,0.09421549970944075
20.770000000000447,1.0119531762070095,9.671642001044886e-14,2.3359772920774975,0.09421549970944172
20.78000000000045,1.011953176207006,9.606857769163057e-14,2.335977292077497,0.09421549970944271
20.79000000000045,1.0119531762070022,9.550451161813324e-14,2.3359772920774953,0.09421549970944366
20.800000000000452,1.0119531762069984,9.505731706313916e-14,2.3359772920774935,0.09421549970944462
20.810000000000453,1.0119531762069949,9.471873066001832e-14,2.3359772920774926,0.09421549970944561
20.820000000000455,1.011953176206991,9.436659655793735e-14,2.3359772920774904,0.09421549970944655
20.830000000000457,1.0119531762069873,9.408061626517715e-14,2.3359772920774886,0.09421549970944748
20.840000000000458,1.0119531762069838,9.385342468812486e-14,2.3359772920774864,0.09421549970944842
20.85000000000046,1.01195317620698,9.374212521591633e-14,2.335977292077483,0.09421549970944935
20.86000000000046,1.0119531762069762,9.372371152797328e-14,2.3359772920774824,0.09421549970945031
20.870000000000463,1.0119531762069727,9.37617144048133e-14,2.3359772920774793,0.09421549970945123
20.880000000000464,1.011953176206969,9.386176142468936e-14,2.3359772920774775,0.09421549970945219
20.890000000000466,1.0119531762069651,9.405702177986771e-14,2.335977292077476,0.09421549970945316
20.900000000000468,1.0119531762069618,9.428113465320278e-14,2.335977292077476,0.09421549970945411
20.91000000000047,1.0119531762069582,9.432950634705268e-14,2.335977292077476,0.09421549970945507
20.92000000000047,1.0119531762069547,9.422957008505301e-14,2.3359772920774757,0.09421549970945602
20.930000000000472,1.0119531762069514,9.39556632400552e-14,2.335977292077475,0.09421549970945695
20.940000000000474,1.0119531762069478,9.362956953801789e-14,2.3359772920774744,0.09421549970945788
20.950000000000475,1.0119531762069442,9.32313754688566e-14,2.3359772920774735,0.09421549970945882
20.960000000000477,1.011953176206941,9.278590182166365e-14,2.3359772920774735,0.09421549970945976
20.97000000000048,1.0119531762069374,9.219192163375517e-14,2.3359772920774726,0.09421549970946068
20.98000000000048,1.0119531762069338,9.162447458654312e-14,2.3359772920774713,0.09421549970946158
20.99000000000048,1.0119531762069305,9.098829956983202e-14,2.3359772920774713,0.09421549970946251
21.000000000000483,1.011953176206927,9.030915968595391e-14,2.3359772920774704,0.09421549970946343
21.010000000000485,1.0119531762069234,8.962367222606238e-14,2.335977292077469,0.09421549970946433
21.020000000000486,1.01195317620692,8.898149915970787e-14,2.335977292077467,0.09421549970946523
21.030000000000488,1.0119531762069165,8.834905487439296e-14,2.335977292077466,0.09421549970946613
21.04000000000049,1.011953176206913,8.770355146050198e-14,2.335977292077465,0.09421549970946701
21.05000000000049,1.0119531762069096,8.716429080871283e-14,2.3359772920774624,0.09421549970946788
21.060000000000493,1.011953176206906,8.661067259771477e-14,2.33597729207746,0.09421549970946876
21.070000000000494,1.0119531762069025,8.615043346146792e-14,2.335977292077459,0.09421549970946962
21.080000000000496,1.0119531762068992,8.565151739988073e-14,2.3359772920774566,0.09421549970947048
21.090000000000497,1.0119531762068956,8.52442136978069e-14,2.335977292077454,0.09421549970947132
21.1000000000005,1.011953176206892,8.483792605113225e-14,2.3359772920774518,0.0942154997094722
21.1100000000005,1.0119531762068885,8.452349139180733e-14,2.3359772920774504,0.09421549970947304
21.120000000000502,1.0119531762068852,8.420517859786213e-14,2.335977292077447,0.0942154997094739
21.130000000000503,1.0119531762068816,8.397327501389397e-14,2.3359772920774446,0.09421549970947478
21.140000000000505,1.011953176206878,8.373324825609011e-14,2.3359772920774438,0.09421549970947564
21.150000000000507,1.0119531762068747,8.359367657231997e-14,2.335977292077441,0.0942154997094765
21.160000000000508,1.0119531762068712,8.343841953238364e-14,2.3359772920774384,0.09421549970947733
21.17000000000051,1.0119531762068676,8.340628097488236e-14,2.3359772920774358,0.09421549970947818
21.18000000000051,1.0119531762068643,8.340224424082027e-14,2.3359772920774327,0.09421549970947901
21.190000000000513,1.0119531762068608,8.349092495150502e-14,2.33597729207743,0.09421549970947986
21.200000000000514,1.0119531762068572,8.360267191100405e-14,2.3359772920774278,0.09421549970948068
21.210000000000516,1.0119531762068537,8.38047249879513e-14,2.3359772920774247,0.09421549970948152
21.220000000000518,1.0119531762068503,8.407779556852907e-14,2.3359772920774216,0.09421549970948236
21.23000000000052,1.0119531762068468,8.440484350120523e-14,2.3359772920774193,0.0942154997094832
21.24000000000052,1.0119531762068432,8.47896945875936e-14,2.3359772920774167,0.09421549970948408
21.250000000000522,1.0119531762068399,8.518047886333062e-14,2.3359772920774153,0.09421549970948494
21.260000000000524,1.0119531762068363,8.561483279586541e-14,2.3359772920774122,0.0942154997094858
21.270000000000525,1.0119531762068328,8.605145168982305e-14,2.33597729207741,0.09421549970948667
21.280000000000527,1.0119531762068292,8.650865219533779e-14,2.3359772920774082,0.09421549970948756
21.29000000000053,1.011953176206826,8.699208790904712e-14,2.335977292077406,0.09421549970948842
21.30000000000053,1.0119531762068223,8.748800003358522e-14,2.3359772920774042,0.0942154997094893
21.31000000000053,1.0119531762068188,8.797625889554466e-14,2.335977292077401,0.09421549970949017
21.320000000000533,1.0119531762068155,8.855404884087697e-14,2.3359772920773993,0.09421549970949106
21.330000000000535,1.011953176206812,8.908069862567907e-14,2.335977292077398,0.09421549970949196
21.340000000000536,1.0119531762068084,8.965982305047539e-14,2.335977292077396,0.09421549970949288
21.350000000000538,1.011953176206805,9.020824235514483e-14,2.335977292077395,0.09421549970949379
21.36000000000054,1.0119531762068013,9.07981737610906e-14,2.335977292077393,0.09421549970949472
21.37000000000054,1.0119531762067975,9.159782534237997e-14,2.335977292077389,0.09421549970949565
21.380000000000543,1.011953176206794,9.265318745339559e-14,2.3359772920773865,0.0942154997094966
21.390000000000544,1.0119531762067902,9.387168835584418e-14,2.335977292077384,0.09421549970949754
21.400000000000546,1.0119531762067864,9.532220785394125e-14,2.3359772920773816,0.09421549970949851
21.410000000000547,1.011953176206783,9.68681014155748e-14,2.335977292077381,0.09421549970949945
21.42000000000055,1.0119531762067795,9.831867469109267e-14,2.3359772920773803,0.09421549970950041
21.43000000000055,1.011953176206776,9.962251024220259e-14,2.3359772920773807,0.09421549970950142
21.440000000000552,1.0119531762067726,1.0082639694439982e-13,2.3359772920773816,0.09421549970950242
21.450000000000554,1.011953176206769,1.0192346889543339e-13,2.3359772920773825,0.09421549970950344
21.460000000000555,1.0119531762067655,1.0294735676762451e-13,2.335977292077383,0.09421549970950448
21.470000000000557,1.0119531762067622,1.0382717456072462e-13,2.3359772920773834,0.0942154997095055
21.480000000000558,1.0119531762067586,1.0467002816292905e-13,2.335977292077384,0.09421549970950654
21.49000000000056,1.0119531762067553,1.0542311381276442e-13,2.335977292077385,0.09421549970950761
21.50000000000056,1.0119531762067517,1.0613331884440942e-13,2.3359772920773865,0.09421549970950865
21.510000000000563,1.0119531762067482,1.0673177874226995e-13,2.3359772920773882,0.09421549970950972
21.520000000000564,1.0119531762067449,1.0728935364621799e-13,2.3359772920773896,0.0942154997095108
21.530000000000566,1.0119531762067413,1.0778354557586578e-13,2.335977292077392,0.09421549970951189
21.540000000000568,1.011953176206738,1.0821895852204255e-13,2.335977292077393,0.09421549970951297
21.55000000000057,1.0119531762067344,1.0853333188123462e-13,2.335977292077395,0.09421549970951405
21.56000000000057,1.0119531762067309,1.0873274800688995e-13,2.335977292077397,0.09421549970951515
21.570000000000572,1.0119531762067275,1.089524280961964e-13,2.335977292077399,0.09421549970951623
21.580000000000574,1.011953176206724,1.0916612331073025e-13,2.3359772920774,0.09421549970951734
21.590000000000575,1.0119531762067207,1.0938644051282147e-13,2.3359772920774025,0.09421549970951844
21.600000000000577,1.011953176206717,1.0952603301112366e-13,2.335977292077404,0.09421549970951952
21.61000000000058,1.0119531762067135,1.0966815418076361e-13,2.3359772920774056,0.09421549970952062
21.62000000000058,1.0119531762067102,1.097882891944942e-13,2.3359772920774082,0.09421549970952171
21.63000000000058,1.0119531762067067,1.0997910474446275e-13,2.33597729207741,0.09421549970952281
21.640000000000583,1.0119531762067033,1.1012077855606304e-13,2.3359772920774122,0.09421549970952392
21.650000000000585,1.0119531762066998,1.1026485275852429e-13,2.3359772920774136,0.09421549970952503
21.660000000000586,1.0119531762066962,1.1038989145243206e-13,2.3359772920774162,0.09421549970952614
21.670000000000588,1.011953176206693,1.1049232891861375e-13,2.335977292077419,0.09421549970952725
21.68000000000059,1.0119531762066893,1.1060534721100441e-13,2.3359772920774198,0.09421549970952836
21.69000000000059,1.011953176206686,1.1076434763817236e-13,2.3359772920774216,0.09421549970952948
21.700000000000593,1.0119531762066827,1.1088246437594713e-13,2.335977292077425,0.0942154997095306
21.710000000000594,1.0119531762066794,1.107788128120764e-13,2.3359772920774304,0.09421549970953169
21.720000000000596,1.0119531762066762,1.1050879043645792e-13,2.3359772920774335,0.0942154997095328
21.730000000000597,1.011953176206673,1.1005368079903449e-13,2.335977292077437,0.0942154997095339
21.7400000000006,1.0119531762066698,1.0948694082390418e-13,2.33597729207744,0.09421549970953497
21.7500000000006,1.0119531762066665,1.0878465012790583e-13,2.335977292077443,0.09421549970953604
21.760000000000602,1.0119531762066631,1.0800764490604279e-13,2.3359772920774455,0.09421549970953712
21.770000000000604,1.01195317620666,1.0716323410926407e-13,2.33597729207745,0.0942154997095382
21.780000000000605,1.0119531762066567,1.0620032653194767e-13,2.3359772920774526,0.09421549970953925
21.790000000000607,1.0119531762066536,1.0518364209548689e-13,2.3359772920774553,0.09421549970954031
21.80000000000061,1.0119531762066503,1.041945583108687e-13,2.3359772920774575,0.09421549970954136
21.81000000000061,1.011953176206647,1.0314910935540438e-13,2.33597729207746,0.0942154997095424
21.82000000000061,1.0119531762066438,1.0209176469269151e-13,2.3359772920774615,0.09421549970954343
21.830000000000613,1.0119531762066405,1.0105927523309783e-13,2.3359772920774633,0.09421549970954445
21.840000000000614,1.0119531762066372,1.0006596251368445e-13,2.3359772920774664,0.09421549970954546
21.850000000000616,1.011953176206634,9.907951333569921e-14,2.3359772920774673,0.09421549970954646
21.860000000000618,1.0119531762066307,9.81347020344762e-14,2.335977292077468,0.09421549970954743
21.87000000000062,1.0119531762066276,9.72484723961983e-14,2.335977292077469,0.09421549970954843
21.88000000000062,1.0119531762066243,9.636682366815816e-14,2.33597729207747,0.0942154997095494
21.890000000000622,1.011953176206621,9.556861049882937e-14,2.3359772920774695,0.09421549970955036
21.900000000000624,1.0119531762066178,9.484020731960567e-14,2.3359772920774713,0.09421549970955133
21.910000000000625,1.0119531762066145,9.411703106156536e-14,2.3359772920774717,0.09421549970955226
21.920000000000627,1.0119531762066112,9.349374087841557e-14,2.335977292077472,0.09421549970955319
21.93000000000063,1.011953176206608,9.301553557484415e-14,2.335977292077472,0.09421549970955415
21.94000000000063,1.0119531762066047,9.2573977661057e-14,2.3359772920774717,0.09421549970955509
21.95000000000063,1.0119531762066014,9.220073903930013e-14,2.3359772920774717,0.09421549970955603
21.960000000000633,1.0119531762065983,9.187597918623726e-14,2.3359772920774713,0.09421549970955695
21.970000000000635,1.011953176206595,9.16580081678555e-14,2.3359772920774717,0.09421549970955787
21.980000000000636,1.0119531762065916,9.153295014491473e-14,2.3359772920774717,0.0942154997095588
21.990000000000638,1.0119531762065885,9.144056991871524e-14,2.3359772920774713,0.09421549970955972
22.00000000000064,1.0119531762065852,9.140304674231208e-14,2.3359772920774717,0.09421549970956068
22.01000000000064,1.0119531762065819,9.138670775361061e-14,2.3359772920774713,0.0942154997095616
22.020000000000643,1.0119531762065785,9.145261650899147e-14,2.3359772920774704,0.09421549970956253
22.030000000000644,1.0119531762065752,9.170552208629539e-14,2.335977292077469,0.09421549970956347
22.040000000000646,1.0119531762065719,9.201223994452202e-14,2.3359772920774686,0.09421549970956439
22.050000000000647,1.0119531762065688,9.232079693264834e-14,2.335977292077469,0.09421549970956532
22.06000000000065,1.0119531762065654,9.268178987240751e-14,2.3359772920774695,0.09421549970956625
22.07000000000065,1.011953176206562,9.309823387199667e-14,2.335977292077469,0.09421549970956718
22.080000000000652,1.011953176206559,9.356802214468242e-14,2.3359772920774686,0.09421549970956812
22.090000000000654,1.0119531762065557,9.405972824497869e-14,2.335977292077469,0.09421549970956908
22.100000000000655,1.0119531762065523,9.463569406381972e-14,2.335977292077469,0.09421549970957002
22.110000000000657,1.0119531762065492,9.527651846012078e-14,2.33597729207747,0.09421549970957097
22.12000000000066,1.011953176206546,9.593199129586905e-14,2.3359772920774704,0.09421549970957192
22.13000000000066,1.0119531762065426,9.659562478077973e-14,2.3359772920774704,0.0942154997095729
22.14000000000066,1.0119531762065395,9.734728081432467e-14,2.335977292077471,0.09421549970957388
22.150000000000663,1.0119531762065361,9.808267948963218e-14,2.3359772920774717,0.09421549970957487
22.160000000000664,1.011953176206533,9.87505715218058e-14,2.3359772920774735,0.09421549970957582
22.170000000000666,1.0119531762065301,9.917839127609916e-14,2.335977292077476,0.0942154997095768
22.180000000000668,1.011953176206527,9.941758775712451e-14,2.3359772920774784,0.09421549970957778
22.19000000000067,1.0119531762065241,9.94675731269721e-14,2.3359772920774824,0.09421549970957878
22.20000000000067,1.011953176206521,9.935056246717784e-14,2.335977292077484,0.09421549970957976
22.210000000000672,1.011953176206518,9.905438348952865e-14,2.3359772920774873,0.09421549970958076
22.220000000000674,1.011953176206515,9.862811088617851e-14,2.3359772920774895,0.09421549970958175
22.230000000000675,1.011953176206512,9.810907270273741e-14,2.3359772920774917,0.09421549970958272
22.240000000000677,1.0119531762065088,9.745141497154726e-14,2.3359772920774944,0.09421549970958368
22.25000000000068,1.011953176206506,9.67837450413137e-14,2.335977292077496,0.09421549970958465
22.26000000000068,1.0119531762065028,9.60338478432699e-14,2.3359772920774984,0.09421549970958562
22.27000000000068,1.0119531762064997,9.524315952655237e-14,2.3359772920774997,0.09421549970958655
22.280000000000683,1.0119531762064968,9.439073019408023e-14,2.3359772920775015,0.0942154997095875
22.290000000000685,1.0119531762064937,9.339049449806718e-14,2.3359772920775033,0.09421549970958845
22.300000000000686,1.0119531762064906,9.256576181390617e-14,2.335977292077504,0.09421549970958935
22.310000000000688,1.0119531762064877,9.162920583615897e-14,2.3359772920775064,0.0942154997095903
22.32000000000069,1.0119531762064846,9.069349202030015e-14,2.3359772920775073,0.09421549970959121
22.33000000000069,1.0119531762064815,8.978982897188569e-14,2.335977292077508,0.09421549970959212
22.340000000000693,1.0119531762064786,8.88950974716459e-14,2.335977292077509,0.09421549970959303
22.350000000000694,1.0119531762064755,8.803222848266637e-14,2.335977292077509,0.0942154997095939
22.360000000000696,1.0119531762064724,8.726864301252089e-14,2.3359772920775095,0.09421549970959478
22.370000000000697,1.0119531762064695,8.657880708665394e-14,2.33597729207751,0.09421549970959567
22.3800000000007,1.0119531762064664,8.586268368825796e-14,2.335977292077511,0.09421549970959654
22.3900000000007,1.0119531762064633,8.526554662915446e-14,2.3359772920775104,0.0942154997095974
22.400000000000702,1.0119531762064604,8.474440650736973e-14,2.33597729207751,0.09421549970959828
22.410000000000704,1.0119531762064573,8.424819367379109e-14,2.33597729207751,0.09421549970959915
22.420000000000705,1.0119531762064544,8.378886669854131e-14,2.3359772920775104,0.09421549970959996
22.430000000000707,1.0119531762064515,8.318847434585742e-14,2.335977292077512,0.09421549970960078
22.44000000000071,1.0119531762064486,8.248099561650653e-14,2.3359772920775117,0.09421549970960162
22.45000000000071,1.0119531762064458,8.186807088165757e-14,2.335977292077512,0.09421549970960243
22.46000000000071,1.0119531762064429,8.1087547073199e-14,2.3359772920775126,0.09421549970960323
22.470000000000713,1.0119531762064402,8.023762778258463e-14,2.3359772920775135,0.09421549970960405
22.480000000000715,1.0119531762064373,7.933515274886597e-14,2.335977292077513,0.09421549970960483
22.490000000000716,1.0119531762064344,7.837763946185956e-14,2.335977292077513,0.0942154997096056
22.500000000000718,1.0119531762064315,7.734669046809333e-14,2.335977292077514,0.09421549970960635
22.51000000000072,1.0119531762064289,7.635039296126212e-14,2.335977292077513,0.09421549970960713
22.52000000000072,1.011953176206426,7.532831862415685e-14,2.3359772920775126,0.0942154997096079
22.530000000000722,1.011953176206423,7.427942074314026e-14,2.3359772920775117,0.09421549970960863
22.540000000000724,1.0119531762064204,7.331523593143888e-14,2.3359772920775095,0.09421549970960934
22.550000000000725,1.0119531762064176,7.235825840266182e-14,2.3359772920775086,0.09421549970961006
22.560000000000727,1.0119531762064147,7.141272143642637e-14,2.335977292077508,0.09421549970961077
22.57000000000073,1.0119531762064118,7.051839557918277e-14,2.3359772920775064,0.09421549970961149
22.58000000000073,1.0119531762064091,6.969285224961694e-14,2.3359772920775046,0.09421549970961218
22.59000000000073,1.0119531762064062,6.890593757560032e-14,2.3359772920775024,0.09421549970961288
22.600000000000733,1.0119531762064033,6.822228588961317e-14,2.3359772920774993,0.09421549970961354
22.610000000000735,1.0119531762064005,6.756796337546027e-14,2.3359772920774975,0.0942154997096142
22.620000000000736,1.0119531762063976,6.696985559986761e-14,2.3359772920774957,0.09421549970961487
22.630000000000738,1.011953176206395,6.64662897295368e-14,2.3359772920774926,0.09421549970961554
22.64000000000074,1.011953176206392,6.605033077651365e-14,2.3359772920774904,0.0942154997096162
22.65000000000074,1.0119531762063891,6.570478297559453e-14,2.3359772920774886,0.09421549970961685
22.660000000000743,1.0119531762063863,6.536328056629387e-14,2.335977292077485,0.09421549970961753
22.670000000000744,1.0119531762063836,6.507436464571162e-14,2.3359772920774833,0.09421549970961818
22.680000000000746,1.0119531762063807,6.48516915866034e-14,2.33597729207748,0.0942154997096188
22.690000000000747,1.0119531762063778,6.478317557855896e-14,2.3359772920774766,0.09421549970961947
22.70000000000075,1.011953176206375,6.47331419845995e-14,2.3359772920774744,0.0942154997096201
22.71000000000075,1.011953176206372,6.468129133677286e-14,2.3359772920774717,0.09421549970962076
22.720000000000752,1.0119531762063694,6.475233155139572e-14,2.3359772920774686,0.09421549970962141
22.730000000000754,1.0119531762063665,6.486543615084281e-14,2.335977292077466,0.09421549970962205
22.740000000000755,1.0119531762063636,6.505047146375913e-14,2.3359772920774633,0.0942154997096227
22.750000000000757,1.0119531762063607,6.532808142267784e-14,2.33597729207746,0.09421549970962335
22.76000000000076,1.011953176206358,6.557939190041119e-14,2.3359772920774584,0.09421549970962403
22.77000000000076,1.0119531762063552,6.583430658491917e-14,2.335977292077456,0.09421549970962469
22.78000000000076,1.0119531762063523,6.617311054182577e-14,2.335977292077452,0.09421549970962535
22.790000000000763,1.0119531762063494,6.655746489862613e-14,2.33597729207745,0.09421549970962603
22.800000000000765,1.0119531762063467,6.697785535905892e-14,2.3359772920774486,0.0942154997096267
22.810000000000766,1.0119531762063438,6.741707191929159e-14,2.335977292077445,0.09421549970962738
22.820000000000768,1.011953176206341,6.776230372354887e-14,2.3359772920774433,0.09421549970962804
22.83000000000077,1.011953176206338,6.813923472128839e-14,2.335977292077441,0.09421549970962874
22.84000000000077,1.0119531762063352,6.85349180190835e-14,2.3359772920774384,0.09421549970962939
22.850000000000772,1.0119531762063325,6.902116576767646e-14,2.3359772920774358,0.09421549970963009
22.860000000000774,1.0119531762063296,6.950652922626295e-14,2.3359772920774344,0.09421549970963079
22.870000000000775,1.0119531762063267,6.999428192214691e-14,2.3359772920774313,0.09421549970963147
22.880000000000777,1.0119531762063239,7.053441426119868e-14,2.3359772920774295,0.09421549970963217
22.89000000000078,1.0119531762063212,7.111301931985646e-14,2.335977292077428,0.09421549970963286
22.90000000000078,1.0119531762063183,7.170108720951214e-14,2.335977292077426,0.09421549970963361
22.91000000000078,1.0119531762063154,7.22660984675021e-14,2.335977292077425,0.09421549970963432
22.920000000000783,1.0119531762063125,7.280417590838625e-14,2.335977292077424,0.09421549970963504
22.930000000000785,1.0119531762063099,7.34058582045676e-14,2.335977292077422,0.09421549970963576
22.940000000000786,1.011953176206307,7.400094424161154e-14,2.335977292077421,0.09421549970963651
22.950000000000788,1.011953176206304,7.456463452798191e-14,2.3359772920774207,0.09421549970963725
22.96000000000079,1.0119531762063012,7.514861981038493e-14,2.335977292077418,0.094215499709638
22.97000000000079,1.0119531762062985,7.577559912640732e-14,2.3359772920774176,0.09421549970963874
22.980000000000793,1.0119531762062957,7.634910288788763e-14,2.3359772920774176,0.09421549970963952
22.990000000000794,1.0119531762062928,7.690219953264949e-14,2.3359772920774167,0.09421549970964027
23.000000000000796,1.01195317620629,7.747816785503863e-14,2.3359772920774153,0.09421549970964103
23.010000000000797,1.0119531762062872,7.804778896245822e-14,2.3359772920774144,0.0942154997096418
23.0200000000008,1.0119531762062843,7.858722271035658e-14,2.335977292077414,0.0942154997096426
23.0300000000008,1.0119531762062814,7.914338085764204e-14,2.335977292077414,0.0942154997096434
23.040000000000802,1.0119531762062788,7.964402763954313e-14,2.3359772920774144,0.09421549970964418
23.050000000000804,1.0119531762062757,8.018833441388593e-14,2.3359772920774127,0.094215499709645
23.060000000000805,1.0119531762062728,8.090983637543065e-14,2.3359772920774127,0.09421549970964581
23.070000000000807,1.0119531762062701,8.15876664801115e-14,2.3359772920774113,0.0942154997096466
23.08000000000081,1.0119531762062672,8.226755155228588e-14,2.3359772920774122,0.09421549970964742
23.09000000000081,1.0119531762062643,8.292911477688848e-14,2.3359772920774136,0.09421549970964825
23.10000000000081,1.0119531762062615,8.35487782071237e-14,2.3359772920774127,0.09421549970964908
23.110000000000813,1.0119531762062588,8.415436869266849e-14,2.3359772920774136,0.0942154997096499
23.120000000000815,1.011953176206256,8.471109168820706e-14,2.335977292077414,0.09421549970965075
23.130000000000816,1.011953176206253,8.520129819548502e-14,2.335977292077414,0.09421549970965158
23.140000000000818,1.0119531762062504,8.57301845821032e-14,2.335977292077416,0.09421549970965246
23.15000000000082,1.0119531762062475,8.620433106684736e-14,2.335977292077417,0.0942154997096533
23.16000000000082,1.0119531762062446,8.663715652884487e-14,2.335977292077417,0.09421549970965416
23.170000000000822,1.011953176206242,8.702754395171431e-14,2.3359772920774193,0.09421549970965502
23.180000000000824,1.011953176206239,8.741190144050188e-14,2.3359772920774198,0.0942154997096559
23.190000000000826,1.0119531762062361,8.779909522210622e-14,2.3359772920774207,0.0942154997096568
23.200000000000827,1.0119531762062335,8.813820951686943e-14,2.3359772920774233,0.09421549970965767
23.21000000000083,1.0119531762062306,8.842142237085379e-14,2.335977292077425,0.09421549970965858
23.22000000000083,1.0119531762062277,8.869825578274323e-14,2.3359772920774247,0.09421549970965945
23.23000000000083,1.011953176206225,8.905118306723775e-14,2.335977292077427,0.09421549970966034
23.240000000000833,1.0119531762062222,8.935204006687581e-14,2.3359772920774287,0.09421549970966124
23.250000000000835,1.0119531762062193,8.956294082801272e-14,2.335977292077431,0.09421549970966216
23.260000000000836,1.0119531762062164,8.980217790437082e-14,2.3359772920774327,0.09421549970966307
23.270000000000838,1.0119531762062137,9.000595867462771e-14,2.3359772920774344,0.09421549970966396
23.28000000000084,1.0119531762062108,9.0236753831406e-14,2.3359772920774358,0.09421549970966488
23.29000000000084,1.011953176206208,9.047820161679974e-14,2.3359772920774375,0.09421549970966576
23.300000000000843,1.0119531762062053,9.07033414535798e-14,2.3359772920774398,0.09421549970966665
23.310000000000844,1.0119531762062024,9.090409978485681e-14,2.3359772920774406,0.0942154997096676
23.320000000000846,1.0119531762061995,9.111407917706111e-14,2.3359772920774433,0.09421549970966851
23.330000000000847,1.0119531762061968,9.134119538140911e-14,2.335977292077445,0.09421549970966944
23.34000000000085,1.011953176206194,9.157586050183841e-14,2.3359772920774473,0.09421549970967037
23.35000000000085,1.0119531762061913,9.183700498187906e-14,2.33597729207745,0.0942154997096713
23.360000000000852,1.0119531762061884,9.204131789007743e-14,2.335977292077452,0.09421549970967223
23.370000000000854,1.0119531762061855,9.226280032384335e-14,2.335977292077454,0.09421549970967315
23.380000000000855,1.0119531762061829,9.250688169362891e-14,2.335977292077456,0.0942154997096741
23.390000000000857,1.0119531762061802,9.26927373346884e-14,2.3359772920774597,0.09421549970967501
23.40000000000086,1.0119531762061775,9.269339375268375e-14,2.3359772920774637,0.09421549970967592
23.41000000000086,1.011953176206175,9.251016992664024e-14,2.335977292077467,0.09421549970967685
23.42000000000086,1.0119531762061724,9.209760400215182e-14,2.3359772920774713,0.09421549970967774
23.430000000000863,1.0119531762061698,9.155663105751448e-14,2.335977292077474,0.09421549970967866
23.440000000000865,1.0119531762061673,9.093959414539984e-14,2.3359772920774784,0.09421549970967957
23.450000000000866,1.0119531762061647,9.00780676448687e-14,2.3359772920774806,0.09421549970968048
23.460000000000868,1.011953176206162,8.914175392267325e-14,2.335977292077484,0.09421549970968138
23.47000000000087,1.0119531762061595,8.813653453115769e-14,2.3359772920774877,0.09421549970968225
23.48000000000087,1.0119531762061569,8.70600752544324e-14,2.33597729207749,0.09421549970968314
23.490000000000872,1.0119531762061542,8.596466987534746e-14,2.3359772920774926,0.09421549970968401
23.500000000000874,1.0119531762061518,8.48660418560421e-14,2.335977292077495,0.09421549970968486
23.510000000000876,1.011953176206149,8.380217819669124e-14,2.3359772920774975,0.09421549970968571
23.520000000000877,1.0119531762061464,8.270904613587558e-14,2.3359772920774993,0.09421549970968655
23.53000000000088,1.0119531762061438,8.161915447156042e-14,2.335977292077501,0.09421549970968737
23.54000000000088,1.0119531762061413,8.059948541527301e-14,2.335977292077503,0.0942154997096882
23.550000000000882,1.0119531762061387,7.954148753418626e-14,2.335977292077504,0.09421549970968901
23.560000000000883,1.011953176206136,7.853197634888818e-14,2.335977292077506,0.09421549970968982
23.570000000000885,1.0119531762061336,7.758182908177852e-14,2.3359772920775064,0.09421549970969059
23.580000000000886,1.011953176206131,7.66888988308046e-14,2.335977292077507,0.09421549970969138
23.590000000000888,1.0119531762061282,7.588867157205299e-14,2.3359772920775077,0.09421549970969216
23.60000000000089,1.0119531762061256,7.509506033918196e-14,2.335977292077508,0.09421549970969292
23.61000000000089,1.0119531762061231,7.442901791009942e-14,2.3359772920775077,0.09421549970969366
23.620000000000893,1.0119531762061205,7.38342418456557e-14,2.335977292077508,0.09421549970969441
23.630000000000894,1.0119531762061178,7.332513293947199e-14,2.3359772920775077,0.09421549970969514
23.640000000000896,1.0119531762061154,7.291333148285431e-14,2.3359772920775073,0.0942154997096959
23.650000000000897,1.0119531762061127,7.252964581294643e-14,2.335977292077508,0.0942154997096966
23.6600000000009,1.01195317620611,7.222348177999442e-14,2.3359772920775073,0.09421549970969734
23.6700000000009,1.0119531762061074,7.199174340765085e-14,2.3359772920775064,0.09421549970969804
23.680000000000902,1.011953176206105,7.18953778626736e-14,2.335977292077506,0.09421549970969877
23.690000000000904,1.0119531762061023,7.186182410505388e-14,2.335977292077505,0.09421549970969946
23.700000000000905,1.0119531762060996,7.187434096596719e-14,2.335977292077504,0.09421549970970018
23.710000000000907,1.011953176206097,7.196781899660813e-14,2.3359772920775037,0.0942154997097009
23.72000000000091,1.0119531762060945,7.209624621018384e-14,2.335977292077503,0.09421549970970164
23.73000000000091,1.0119531762060918,7.228649209115767e-14,2.335977292077502,0.09421549970970233
23.74000000000091,1.0119531762060892,7.254471368195551e-14,2.335977292077501,0.09421549970970305
23.750000000000913,1.0119531762060865,7.287633955736843e-14,2.335977292077502,0.0942154997097038
23.760000000000915,1.011953176206084,7.322193186731753e-14,2.335977292077501,0.09421549970970454
23.770000000000916,1.0119531762060814,7.358940696364522e-14,2.3359772920775006,0.09421549970970526
23.780000000000918,1.0119531762060787,7.400802149057704e-14,2.335977292077502,0.09421549970970601
23.79000000000092,1.011953176206076,7.444064075001221e-14,2.3359772920775006,0.09421549970970676
23.80000000000092,1.0119531762060736,7.488675904039884e-14,2.335977292077501,0.0942154997097075
23.810000000000922,1.0119531762060712,7.534155128100936e-14,2.3359772920775024,0.09421549970970823
23.820000000000924,1.0119531762060687,7.560013345085055e-14,2.335977292077503,0.09421549970970895
23.830000000000926,1.0119531762060663,7.568931548524949e-14,2.335977292077504,0.09421549970970969
23.840000000000927,1.011953176206064,7.560458520793796e-14,2.3359772920775064,0.0942154997097104
23.85000000000093,1.0119531762060616,7.535289636980474e-14,2.335977292077508,0.09421549970971116
23.86000000000093,1.0119531762060592,7.499476466208574e-14,2.335977292077509,0.0942154997097119
23.870000000000932,1.011953176206057,7.450905618294021e-14,2.3359772920775113,0.09421549970971266
23.880000000000933,1.0119531762060543,7.394965599752957e-14,2.3359772920775113,0.09421549970971341
23.890000000000935,1.0119531762060516,7.354410566563265e-14,2.335977292077511,0.09421549970971416
23.900000000000936,1.011953176206049,7.329631096231708e-14,2.3359772920775104,0.09421549970971488
23.910000000000938,1.0119531762060465,7.314077588110877e-14,2.335977292077511,0.09421549970971564
23.92000000000094,1.0119531762060439,7.31264256703989e-14,2.3359772920775104,0.09421549970971638
23.93000000000094,1.0119531762060412,7.323359190560418e-14,2.33597729207751,0.09421549970971711
23.940000000000943,1.0119531762060385,7.338335976973549e-14,2.33597729207751,0.09421549970971783
23.950000000000944,1.011953176206036,7.36775955565647e-14,2.3359772920775077,0.09421549970971858
23.960000000000946,1.0119531762060334,7.405238563640598e-14,2.335977292077508,0.09421549970971933
23.970000000000947,1.0119531762060308,7.453026351153016e-14,2.3359772920775086,0.09421549970972008
23.98000000000095,1.0119531762060283,7.503026393756007e-14,2.3359772920775077,0.09421549970972083
23.99000000000095,1.0119531762060257,7.557409075924772e-14,2.3359772920775073,0.09421549970972158
24.000000000000952,1.011953176206023,7.618192799770877e-14,2.3359772920775077,0.09421549970972234
24.010000000000954,1.0119531762060203,7.690527737048056e-14,2.335977292077508,0.09421549970972311
24.020000000000955,1.0119531762060179,7.770191951620348e-14,2.335977292077509,0.0942154997097239
24.030000000000957,1.0119531762060152,7.85006021879243e-14,2.335977292077509,0.09421549970972468
24.04000000000096,1.0119531762060126,7.935808937410756e-14,2.335977292077509,0.09421549970972547
24.05000000000096,1.0119531762060099,8.022826919598504e-14,2.3359772920775104,0.09421549970972624
24.06000000000096,1.0119531762060074,8.109413999198593e-14,2.3359772920775113,0.09421549970972708
24.070000000000963,1.011953176206005,8.182895406565472e-14,2.335977292077514,0.09421549970972787
24.080000000000965,1.0119531762060026,8.2317203022207e-14,2.3359772920775166,0.09421549970972867
24.090000000000966,1.0119531762060003,8.266740134104677e-14,2.3359772920775184,0.09421549970972949
24.100000000000968,1.011953176205998,8.281826267851954e-14,2.335977292077522,0.09421549970973031
24.11000000000097,1.0119531762059955,8.277602168329322e-14,2.335977292077524,0.09421549970973114
24.12000000000097,1.0119531762059932,8.257064077923411e-14,2.335977292077529,0.09421549970973196
24.130000000000972,1.0119531762059908,8.22749917170557e-14,2.335977292077531,0.09421549970973278
24.140000000000974,1.0119531762059883,8.190066255224776e-14,2.335977292077534,0.0942154997097336
24.150000000000976,1.011953176205986,8.137579096046437e-14,2.3359772920775357,0.09421549970973442
24.160000000000977,1.0119531762059837,8.082724172977544e-14,2.335977292077539,0.09421549970973521
24.17000000000098,1.0119531762059812,8.020269115601902e-14,2.335977292077541,0.09421549970973601
24.18000000000098,1.0119531762059788,7.945648992014296e-14,2.335977292077544,0.0942154997097368
24.190000000000982,1.0119531762059766,7.871541174635042e-14,2.335977292077546,0.09421549970973761
24.200000000000983,1.0119531762059741,7.793972568496233e-14,2.335977292077548,0.09421549970973839
24.210000000000985,1.0119531762059717,7.714284743553214e-14,2.3359772920775494,0.09421549970973915
24.220000000000987,1.0119531762059695,7.640225535463237e-14,2.3359772920775512,0.09421549970973991
24.230000000000988,1.0119531762059673,7.557275806670594e-14,2.335977292077555,0.09421549970974066
24.24000000000099,1.0119531762059648,7.460637315223537e-14,2.3359772920775557,0.09421549970974141
24.25000000000099,1.0119531762059626,7.360805019777414e-14,2.335977292077559,0.09421549970974213
24.260000000000993,1.0119531762059606,7.246517709686317e-14,2.335977292077561,0.09421549970974284
24.270000000000994,1.0119531762059584,7.116514603121043e-14,2.3359772920775637,0.09421549970974354
24.280000000000996,1.0119531762059562,6.976188329564528e-14,2.3359772920775654,0.09421549970974424
24.290000000000997,1.011953176205954,6.825582106461455e-14,2.3359772920775668,0.09421549970974491
24.300000000001,1.011953176205952,6.67140507532378e-14,2.335977292077569,0.09421549970974559
24.310000000001,1.0119531762059497,6.508540877854282e-14,2.3359772920775694,0.09421549970974623
24.320000000001002,1.0119531762059475,6.347449244726604e-14,2.3359772920775717,0.09421549970974688
24.330000000001004,1.0119531762059453,6.173642326602858e-14,2.335977292077572,0.09421549970974749
24.340000000001005,1.011953176205943,6.004495519222068e-14,2.3359772920775717,0.0942154997097481
24.350000000001007,1.011953176205941,5.836700775508644e-14,2.3359772920775725,0.09421549970974868
24.36000000000101,1.0119531762059388,5.673378752367134e-14,2.3359772920775708,0.09421549970974924
24.37000000000101,1.0119531762059366,5.514557519702553e-14,2.3359772920775708,0.09421549970974981
24.38000000000101,1.0119531762059344,5.363531935844505e-14,2.33597729207757,0.09421549970975035
24.390000000001013,1.0119531762059322,5.219257430055249e-14,2.3359772920775694,0.09421549970975088
24.400000000001015,1.0119531762059302,5.0801372799989184e-14,2.3359772920775668,0.0942154997097514
24.410000000001016,1.011953176205928,4.952678835214036e-14,2.3359772920775654,0.09421549970975189
24.420000000001018,1.0119531762059257,4.831581048179283e-14,2.3359772920775628,0.09421549970975236
24.43000000000102,1.0119531762059235,4.7239398393662175e-14,2.3359772920775597,0.09421549970975283
24.44000000000102,1.0119531762059213,4.6254210437770387e-14,2.335977292077558,0.0942154997097533
24.450000000001022,1.011953176205919,4.535463204067338e-14,2.335977292077555,0.09421549970975375
24.460000000001024,1.011953176205917,4.453581073921022e-14,2.3359772920775517,0.0942154997097542
24.470000000001026,1.0119531762059149,4.3817387792393046e-14,2.335977292077548,0.09421549970975462
24.480000000001027,1.0119531762059126,4.3236540897128333e-14,2.335977292077545,0.09421549970975507
24.49000000000103,1.0119531762059104,4.2706134868270936e-14,2.335977292077542,0.09421549970975548
24.50000000000103,1.0119531762059082,4.224497980577729e-14,2.335977292077538,0.09421549970975591
24.510000000001032,1.011953176205906,4.1959598343788784e-14,2.3359772920775352,0.09421549970975635
24.520000000001033,1.0119531762059037,4.175087644546349e-14,2.3359772920775304,0.09421549970975675
24.530000000001035,1.0119531762059017,4.159646952075584e-14,2.3359772920775272,0.09421549970975718
24.540000000001037,1.0119531762058995,4.1529957109530777e-14,2.335977292077524,0.09421549970975761
24.550000000001038,1.0119531762058973,4.156376092716606e-14,2.3359772920775215,0.09421549970975802
24.56000000000104,1.011953176205895,4.164475110169027e-14,2.3359772920775166,0.09421549970975843
24.57000000000104,1.0119531762058929,4.178932552950714e-14,2.3359772920775126,0.09421549970975884
24.580000000001043,1.0119531762058906,4.200646145792663e-14,2.3359772920775104,0.09421549970975926
24.590000000001044,1.0119531762058884,4.224850067112322e-14,2.335977292077505,0.09421549970975968
24.600000000001046,1.0119531762058864,4.2550664430352104e-14,2.3359772920775024,0.09421549970976008
24.610000000001047,1.0119531762058842,4.291616458185548e-14,2.3359772920774984,0.09421549970976052
24.62000000000105,1.011953176205882,4.3362079706201954e-14,2.3359772920774957,0.09421549970976097
24.63000000000105,1.0119531762058798,4.378622695764246e-14,2.335977292077492,0.09421549970976138
24.640000000001052,1.0119531762058775,4.428184540165388e-14,2.335977292077489,0.09421549970976183
24.650000000001054,1.0119531762058753,4.477498837796072e-14,2.335977292077486,0.09421549970976227
24.660000000001055,1.011953176205873,4.529081041705633e-14,2.335977292077483,0.09421549970976276
24.670000000001057,1.011953176205871,4.5826115012687134e-14,2.33597729207748,0.0942154997097632
24.68000000000106,1.0119531762058689,4.6360553843139754e-14,2.335977292077476,0.09421549970976366
24.69000000000106,1.0119531762058667,4.6975830533836796e-14,2.3359772920774744,0.09421549970976413
24.70000000000106,1.0119531762058644,4.7531769249854454e-14,2.335977292077471,0.09421549970976459
24.710000000001063,1.0119531762058622,4.810955038290731e-14,2.3359772920774686,0.09421549970976507
24.720000000001065,1.01195317620586,4.8670980306634225e-14,2.335977292077466,0.09421549970976555
24.730000000001066,1.0119531762058578,4.9295401059555695e-14,2.3359772920774624,0.09421549970976602
24.740000000001068,1.0119531762058558,4.9918607125042464e-14,2.3359772920774615,0.09421549970976653
24.75000000000107,1.0119531762058536,5.049085124345308e-14,2.3359772920774593,0.09421549970976706
24.76000000000107,1.0119531762058513,5.106322740397287e-14,2.3359772920774584,0.09421549970976757
24.770000000001072,1.0119531762058491,5.161253105617749e-14,2.3359772920774553,0.0942154997097681
24.780000000001074,1.011953176205847,5.218685663515722e-14,2.335977292077455,0.09421549970976863
24.790000000001076,1.011953176205845,5.2708885208935234e-14,2.3359772920774518,0.09421549970976914
24.800000000001077,1.0119531762058427,5.323463938470964e-14,2.3359772920774518,0.09421549970976967
24.81000000000108,1.0119531762058405,5.373758009282165e-14,2.33597729207745,0.09421549970977021
24.82000000000108,1.0119531762058382,5.420307536830919e-14,2.335977292077448,0.09421549970977075
24.830000000001082,1.011953176205836,5.4667047612364906e-14,2.3359772920774478,0.0942154997097713
24.840000000001083,1.0119531762058338,5.5081021965826914e-14,2.335977292077446,0.09421549970977186
24.850000000001085,1.0119531762058318,5.552621935825261e-14,2.3359772920774455,0.09421549970977242
24.860000000001087,1.0119531762058296,5.594967512188369e-14,2.3359772920774433,0.09421549970977297
24.870000000001088,1.0119531762058274,5.636902144028857e-14,2.335977292077443,0.09421549970977354
24.88000000000109,1.0119531762058251,5.6745236052876814e-14,2.335977292077443,0.09421549970977411
24.89000000000109,1.011953176205823,5.710858283315118e-14,2.3359772920774406,0.09421549970977468
24.900000000001093,1.011953176205821,5.748781952424592e-14,2.3359772920774406,0.09421549970977526
24.910000000001094,1.0119531762058187,5.783444803509593e-14,2.3359772920774393,0.09421549970977582
24.920000000001096,1.0119531762058165,5.82124381301796e-14,2.3359772920774398,0.09421549970977641
24.930000000001098,1.0119531762058143,5.854958312017214e-14,2.335977292077439,0.09421549970977701
24.9400000000011,1.0119531762058123,5.888914705323455e-14,2.335977292077439,0.09421549970977762
24.9500000000011,1.01195317620581,5.920593993487809e-14,2.3359772920774384,0.09421549970977822
24.960000000001102,1.0119531762058078,5.950342482368333e-14,2.3359772920774375,0.0942154997097788
24.970000000001104,1.0119531762058056,5.978558628353171e-14,2.335977292077438,0.09421549970977941
24.980000000001105,1.0119531762058034,6.003834053626036e-14,2.3359772920774375,0.09421549970978
24.990000000001107,1.0119531762058014,6.029354278908882e-14,2.3359772920774375,0.09421549970978062
25.00000000000111,1.0119531762057992,6.054207562533023e-14,2.335977292077437,0.09421549970978123
25.01000000000111,1.011953176205797,6.07851212869372e-14,2.335977292077437,0.09421549970978182
25.02000000000111,1.0119531762057947,6.104479107852708e-14,2.335977292077437,0.09421549970978245
25.030000000001113,1.0119531762057925,6.131256438716218e-14,2.335977292077437,0.09421549970978307
25.040000000001115,1.0119531762057905,6.156884116015854e-14,2.3359772920774367,0.0942154997097837
25.050000000001116,1.0119531762057883,6.182343763822629e-14,2.3359772920774367,0.0942154997097843
25.060000000001118,1.011953176205786,6.20905879562035e-14,2.3359772920774375,0.0942154997097849
25.07000000000112,1.0119531762057838,6.235097321149308e-14,2.3359772920774367,0.09421549970978553
25.08000000000112,1.0119531762057818,6.263976511052066e-14,2.3359772920774375,0.09421549970978617
25.090000000001123,1.0119531762057796,6.289494497323918e-14,2.3359772920774367,0.09421549970978679
25.100000000001124,1.0119531762057774,6.312699044544882e-14,2.335977292077438,0.09421549970978742
25.110000000001126,1.0119531762057752,6.337888512149845e-14,2.3359772920774375,0.09421549970978806
25.120000000001127,1.0119531762057732,6.368169456290279e-14,2.3359772920774375,0.0942154997097887
25.13000000000113,1.011953176205771,6.39613926064565e-14,2.335977292077438,0.09421549970978932
25.14000000000113,1.0119531762057687,6.420590036392736e-14,2.3359772920774384,0.09421549970978994
25.150000000001132,1.0119531762057665,6.448031287300611e-14,2.3359772920774393,0.09421549970979061
25.160000000001133,1.0119531762057643,6.476000671390418e-14,2.335977292077439,0.09421549970979126
25.170000000001135,1.0119531762057623,6.50631734101313e-14,2.3359772920774398,0.09421549970979193
25.180000000001137,1.01195317620576,6.530365188434279e-14,2.3359772920774406,0.09421549970979258
25.190000000001138,1.0119531762057579,6.556032785888338e-14,2.335977292077442,0.09421549970979323
25.20000000000114,1.0119531762057556,6.581819579087797e-14,2.3359772920774424,0.0942154997097939
25.21000000000114,1.0119531762057539,6.60273530067064e-14,2.335977292077445,0.09421549970979452
25.220000000001143,1.0119531762057519,6.600373496761048e-14,2.335977292077446,0.09421549970979518
25.230000000001144,1.0119531762057499,6.58405650061988e-14,2.3359772920774486,0.0942154997097958
25.240000000001146,1.0119531762057479,6.550480221700468e-14,2.33597729207745,0.09421549970979644
25.250000000001148,1.011953176205746,6.501647283799019e-14,2.3359772920774518,0.09421549970979708
25.26000000000115,1.0119531762057439,6.445608603266917e-14,2.3359772920774526,0.09421549970979773
25.27000000000115,1.0119531762057417,6.398070829601725e-14,2.3359772920774526,0.0942154997097984
25.280000000001152,1.0119531762057394,6.356967207418121e-14,2.3359772920774535,0.09421549970979902
25.290000000001154,1.0119531762057372,6.325585769063223e-14,2.3359772920774535,0.09421549970979966
25.300000000001155,1.0119531762057352,6.306684160292357e-14,2.3359772920774544,0.0942154997098003
25.310000000001157,1.011953176205733,6.292801105383504e-14,2.3359772920774535,0.09421549970980092
25.32000000000116,1.0119531762057308,6.277505898115599e-14,2.3359772920774526,0.09421549970980156
25.33000000000116,1.0119531762057286,6.273773296571207e-14,2.335977292077454,0.09421549970980218
25.34000000000116,1.0119531762057266,6.277904099260387e-14,2.3359772920774535,0.09421549970980281
25.350000000001163,1.0119531762057243,6.288277246994268e-14,2.3359772920774544,0.09421549970980345
25.360000000001165,1.0119531762057221,6.305270601352667e-14,2.335977292077453,0.09421549970980408
25.370000000001166,1.01195317620572,6.32985527553625e-14,2.3359772920774535,0.09421549970980472
25.380000000001168,1.011953176205718,6.362682786615945e-14,2.3359772920774535,0.09421549970980535
25.39000000000117,1.0119531762057157,6.398643143458807e-14,2.335977292077455,0.09421549970980601
25.40000000000117,1.0119531762057135,6.436573323641613e-14,2.3359772920774553,0.09421549970980667
25.410000000001173,1.0119531762057112,6.476166708834876e-14,2.335977292077455,0.09421549970980733
25.420000000001174,1.011953176205709,6.523782807171783e-14,2.335977292077456,0.09421549970980797
25.430000000001176,1.011953176205707,6.574712115511085e-14,2.335977292077455,0.09421549970980864
25.440000000001177,1.0119531762057048,6.62855180073165e-14,2.335977292077457,0.0942154997098093
25.45000000000118,1.0119531762057026,6.688489840254462e-14,2.335977292077457,0.09421549970980997
25.46000000000118,1.0119531762057004,6.74931026820074e-14,2.3359772920774575,0.09421549970981064
25.470000000001182,1.0119531762056984,6.810801326110384e-14,2.3359772920774593,0.09421549970981132
25.480000000001183,1.0119531762056961,6.877152109443313e-14,2.3359772920774593,0.09421549970981201
25.490000000001185,1.011953176205694,6.94081759380842e-14,2.335977292077461,0.0942154997098127
25.500000000001187,1.0119531762056917,7.00218761933473e-14,2.335977292077462,0.0942154997098134
25.510000000001188,1.0119531762056897,7.069143451806468e-14,2.3359772920774633,0.0942154997098141
25.52000000000119,1.0119531762056875,7.135757516685422e-14,2.335977292077465,0.0942154997098148
25.53000000000119,1.0119531762056853,7.203016506388249e-14,2.335977292077466,0.09421549970981552
25.540000000001193,1.0119531762056833,7.269123078745638e-14,2.3359772920774673,0.09421549970981623
25.550000000001194,1.011953176205681,7.333016565990593e-14,2.3359772920774704,0.09421549970981698
25.560000000001196,1.0119531762056788,7.393913657227762e-14,2.3359772920774717,0.09421549970981771
25.570000000001198,1.0119531762056766,7.453503033552892e-14,2.3359772920774726,0.09421549970981846
25.5800000000012,1.0119531762056746,7.515052463246084e-14,2.335977292077476,0.0942154997098192
25.5900000000012,1.0119531762056724,7.574435521724474e-14,2.335977292077477,0.09421549970981996
25.600000000001202,1.0119531762056704,7.627135830479389e-14,2.3359772920774815,0.0942154997098207
25.610000000001204,1.0119531762056682,7.660612069415791e-14,2.335977292077484,0.09421549970982147
25.620000000001205,1.0119531762056664,7.688863827299504e-14,2.335977292077489,0.09421549970982222
25.630000000001207,1.0119531762056644,7.690612732170008e-14,2.3359772920774926,0.09421549970982299
25.64000000000121,1.0119531762056624,7.675235756164777e-14,2.3359772920774966,0.09421549970982374
25.65000000000121,1.0119531762056606,7.643660607121125e-14,2.335977292077501,0.09421549970982451
25.66000000000121,1.0119531762056586,7.593119137129111e-14,2.3359772920775055,0.09421549970982525
25.670000000001213,1.0119531762056566,7.529102592219599e-14,2.335977292077509,0.09421549970982598
25.680000000001215,1.0119531762056546,7.453323569479573e-14,2.335977292077512,0.0942154997098267
25.690000000001216,1.0119531762056528,7.369507293997362e-14,2.3359772920775153,0.09421549970982745
25.700000000001218,1.0119531762056508,7.276887119974898e-14,2.3359772920775193,0.09421549970982818
25.71000000000122,1.0119531762056488,7.181641303528734e-14,2.335977292077522,0.09421549970982888
25.72000000000122,1.011953176205647,7.081791643971371e-14,2.3359772920775255,0.0942154997098296
25.730000000001223,1.011953176205645,6.978619400605984e-14,2.335977292077528,0.09421549970983027
25.740000000001224,1.011953176205643,6.874611173129168e-14,2.3359772920775304,0.09421549970983098
25.750000000001226,1.011953176205641,6.771367325337325e-14,2.3359772920775326,0.09421549970983165
25.760000000001227,1.0119531762056393,6.66027412166448e-14,2.3359772920775357,0.09421549970983233
25.77000000000123,1.0119531762056373,6.557511116395154e-14,2.3359772920775366,0.09421549970983298
25.78000000000123,1.0119531762056353,6.456399084542008e-14,2.335977292077539,0.09421549970983363
25.790000000001232,1.0119531762056333,6.355113670831685e-14,2.335977292077541,0.09421549970983427
25.800000000001234,1.0119531762056313,6.262398550135516e-14,2.335977292077543,0.09421549970983488
25.810000000001235,1.0119531762056295,6.168146824579486e-14,2.335977292077543,0.0942154997098355
25.820000000001237,1.0119531762056275,6.081655704257479e-14,2.335977292077545,0.09421549970983613
25.830000000001238,1.0119531762056255,6.001536269121656e-14,2.3359772920775455,0.09421549970983673
25.84000000000124,1.0119531762056235,5.927686366256502e-14,2.3359772920775455,0.09421549970983732
25.85000000000124,1.0119531762056218,5.859166827780037e-14,2.3359772920775463,0.09421549970983792
25.860000000001243,1.0119531762056198,5.798827497616638e-14,2.3359772920775477,0.09421549970983852
25.870000000001244,1.0119531762056178,5.739748536407919e-14,2.3359772920775472,0.09421549970983908
25.880000000001246,1.0119531762056158,5.68914842978688e-14,2.335977292077548,0.09421549970983967
25.890000000001248,1.0119531762056138,5.645824487196053e-14,2.335977292077549,0.09421549970984025
25.90000000000125,1.011953176205612,5.605801532762434e-14,2.3359772920775486,0.0942154997098408
25.91000000000125,1.01195317620561,5.5727000078070165e-14,2.335977292077549,0.09421549970984136
25.920000000001252,1.011953176205608,5.547293314263064e-14,2.3359772920775494,0.09421549970984193
25.930000000001254,1.011953176205606,5.5233949742966704e-14,2.3359772920775486,0.09421549970984247
25.940000000001255,1.011953176205604,5.5073326184385767e-14,2.3359772920775477,0.09421549970984303
25.950000000001257,1.0119531762056022,5.503855314200884e-14,2.335977292077548,0.0942154997098436
25.96000000000126,1.0119531762056002,5.501115086889217e-14,2.335977292077548,0.09421549970984414
25.97000000000126,1.0119531762055982,5.4992361243992834e-14,2.3359772920775472,0.09421549970984469
25.98000000000126,1.0119531762055962,5.493170316778676e-14,2.3359772920775477,0.09421549970984523
25.990000000001263,1.0119531762055942,5.4926110373499075e-14,2.3359772920775472,0.09421549970984579
26.000000000001265,1.0119531762055924,5.502382557814594e-14,2.335977292077547,0.09421549970984633
26.010000000001266,1.0119531762055904,5.5149840238654835e-14,2.3359772920775463,0.09421549970984687
26.020000000001268,1.0119531762055884,5.533931907024017e-14,2.335977292077546,0.09421549970984744
26.03000000000127,1.0119531762055864,5.5551710205669305e-14,2.335977292077546,0.094215499709848
26.04000000000127,1.0119531762055844,5.579265809783517e-14,2.3359772920775455,0.09421549970984854
26.050000000001273,1.0119531762055827,5.606276289195978e-14,2.335977292077546,0.0942154997098491
26.060000000001274,1.0119531762055807,5.639901967376e-14,2.335977292077546,0.09421549970984967
26.070000000001276,1.0119531762055787,5.677382663094384e-14,2.3359772920775455,0.09421549970985024
26.080000000001277,1.0119531762055767,5.716162401862935e-14,2.335977292077546,0.09421549970985084
26.09000000000128,1.011953176205575,5.756574533243167e-14,2.335977292077548,0.0942154997098514
26.10000000000128,1.0119531762055733,5.774469857404484e-14,2.3359772920775494,0.09421549970985195
26.110000000001282,1.0119531762055716,5.774265148410897e-14,2.3359772920775517,0.09421549970985253
26.120000000001284,1.0119531762055698,5.755530260132769e-14,2.335977292077553,0.0942154997098531
26.130000000001285,1.011953176205568,5.72488116929406e-14,2.3359772920775552,0.09421549970985366
26.140000000001287,1.0119531762055662,5.6767331303538216e-14,2.335977292077557,0.09421549970985423
26.150000000001288,1.0119531762055647,5.622466775048698e-14,2.3359772920775588,0.09421549970985478
26.16000000000129,1.011953176205563,5.55533379304777e-14,2.335977292077561,0.09421549970985535
26.17000000000129,1.0119531762055611,5.478058939754173e-14,2.335977292077562,0.09421549970985589
26.180000000001293,1.0119531762055594,5.3933025871727343e-14,2.3359772920775623,0.0942154997098564
26.190000000001294,1.0119531762055576,5.30759022661225e-14,2.3359772920775628,0.09421549970985695
26.200000000001296,1.011953176205556,5.216558186856998e-14,2.3359772920775645,0.09421549970985747
26.210000000001298,1.0119531762055543,5.12217737537594e-14,2.335977292077565,0.09421549970985799
26.2200000000013,1.0119531762055525,5.0242840374589625e-14,2.3359772920775654,0.0942154997098585
26.2300000000013,1.0119531762055507,4.930149542513775e-14,2.3359772920775654,0.094215499709859
26.240000000001302,1.011953176205549,4.837517996864449e-14,2.335977292077566,0.09421549970985944
26.250000000001304,1.0119531762055471,4.7488331495834135e-14,2.335977292077564,0.09421549970985996
26.260000000001305,1.0119531762055451,4.6854433534713765e-14,2.3359772920775623,0.09421549970986044
26.270000000001307,1.0119531762055431,4.645279154870093e-14,2.3359772920775606,0.09421549970986091
26.28000000000131,1.0119531762055411,4.625235570805029e-14,2.335977292077559,0.09421549970986141
26.29000000000131,1.0119531762055392,4.62451083917457e-14,2.335977292077557,0.09421549970986187
26.30000000000131,1.0119531762055372,4.642075441439627e-14,2.335977292077555,0.09421549970986234
26.310000000001313,1.0119531762055354,4.676833990979798e-14,2.335977292077553,0.09421549970986282
26.320000000001315,1.0119531762055334,4.7278634244524314e-14,2.3359772920775512,0.09421549970986332
26.330000000001316,1.0119531762055314,4.795735284895712e-14,2.3359772920775486,0.0942154997098638
26.340000000001318,1.0119531762055294,4.8714423897394156e-14,2.3359772920775477,0.0942154997098643
26.35000000000132,1.0119531762055274,4.961524678428961e-14,2.335977292077547,0.0942154997098648
26.36000000000132,1.0119531762055254,5.058837061675697e-14,2.3359772920775446,0.09421549970986531
26.370000000001323,1.0119531762055236,5.160842740695181e-14,2.3359772920775437,0.09421549970986583
26.380000000001324,1.0119531762055216,5.271624425514591e-14,2.3359772920775432,0.09421549970986637
26.390000000001326,1.0119531762055196,5.385731637406302e-14,2.335977292077543,0.09421549970986691
26.400000000001327,1.0119531762055176,5.506193030189254e-14,2.3359772920775406,0.09421549970986745
26.41000000000133,1.0119531762055156,5.6275419342345507e-14,2.335977292077542,0.09421549970986803
26.42000000000133,1.0119531762055138,5.74656680456381e-14,2.335977292077542,0.0942154997098686
26.430000000001332,1.0119531762055118,5.869786877773611e-14,2.335977292077541,0.09421549970986921
26.440000000001334,1.0119531762055098,5.995068107439599e-14,2.3359772920775423,0.09421549970986981
26.450000000001335,1.0119531762055078,6.114951924471545e-14,2.3359772920775432,0.0942154997098704
26.460000000001337,1.0119531762055058,6.231258843892508e-14,2.335977292077544,0.09421549970987103
26.47000000000134,1.011953176205504,6.347869921771932e-14,2.3359772920775455,0.09421549970987168
26.48000000000134,1.011953176205502,6.45918182310464e-14,2.3359772920775472,0.09421549970987232
26.49000000000134,1.0119531762055,6.566713162824817e-14,2.335977292077548,0.09421549970987297
26.500000000001343,1.011953176205498,6.681495568797363e-14,2.3359772920775494,0.09421549970987363
26.510000000001344,1.0119531762054963,6.795739848580375e-14,2.3359772920775512,0.09421549970987432
26.520000000001346,1.0119531762054943,6.90441010617362e-14,2.3359772920775534,0.09421549970987499
26.530000000001348,1.0119531762054923,7.0107982908927e-14,2.3359772920775552,0.0942154997098757
26.54000000000135,1.0119531762054903,7.107325570312639e-14,2.3359772920775588,0.0942154997098764
26.55000000000135,1.0119531762054887,7.196401858398632e-14,2.3359772920775628,0.09421549970987711
26.560000000001352,1.011953176205487,7.256793772139202e-14,2.3359772920775668,0.09421549970987782
26.570000000001354,1.0119531762054852,7.290958123205237e-14,2.3359772920775717,0.09421549970987851
26.580000000001355,1.0119531762054836,7.304463121245107e-14,2.3359772920775757,0.09421549970987922
26.590000000001357,1.0119531762054819,7.296437284416867e-14,2.335977292077581,0.09421549970987993
26.60000000000136,1.01195317620548,7.270408257706779e-14,2.3359772920775836,0.09421549970988066
26.61000000000136,1.0119531762054783,7.227070194084937e-14,2.335977292077589,0.09421549970988136
26.62000000000136,1.011953176205477,7.1650216275115e-14,2.3359772920775947,0.09421549970988206
26.630000000001363,1.0119531762054754,7.067891237120289e-14,2.3359772920776,0.09421549970988272
26.640000000001365,1.0119531762054736,6.945319606987247e-14,2.3359772920776045,0.09421549970988341
26.650000000001366,1.011953176205472,6.812760994996791e-14,2.3359772920776094,0.0942154997098841
26.660000000001368,1.0119531762054708,6.652438703654443e-14,2.335977292077614,0.09421549970988473
26.67000000000137,1.0119531762054692,6.475570151111884e-14,2.3359772920776187,0.09421549970988537
26.68000000000137,1.0119531762054677,6.276307259419451e-14,2.335977292077624,0.09421549970988599
26.690000000001373,1.011953176205466,6.066756283284403e-14,2.335977292077627,0.0942154997098866
26.700000000001374,1.0119531762054648,5.839812434195436e-14,2.335977292077631,0.0942154997098872
26.710000000001376,1.0119531762054632,5.6109096640756624e-14,2.3359772920776334,0.09421549970988775
26.720000000001377,1.0119531762054617,5.374715131730832e-14,2.335977292077637,0.09421549970988831
26.73000000000138,1.01195317620546,5.134572868317869e-14,2.3359772920776396,0.09421549970988882
26.74000000000138,1.0119531762054585,4.891729855802959e-14,2.335977292077641,0.09421549970988931
26.750000000001382,1.0119531762054572,4.654161564648494e-14,2.3359772920776414,0.09421549970988978
26.760000000001384,1.0119531762054557,4.417900179223751e-14,2.335977292077643,0.09421549970989025
26.770000000001385,1.011953176205454,4.1811740826130446e-14,2.3359772920776445,0.09421549970989065
26.780000000001387,1.0119531762054526,3.954224511087446e-14,2.335977292077644,0.09421549970989107
26.79000000000139,1.011953176205451,3.736672190599688e-14,2.3359772920776427,0.09421549970989143
26.80000000000139,1.0119531762054494,3.5294107989613516e-14,2.335977292077642,0.09421549970989179
26.81000000000139,1.011953176205448,3.33231908268421e-14,2.3359772920776405,0.09421549970989214
26.820000000001393,1.0119531762054463,3.148889236371441e-14,2.3359772920776396,0.09421549970989244
26.830000000001395,1.011953176205445,2.973328623478571e-14,2.3359772920776374,0.09421549970989276
26.840000000001396,1.0119531762054434,2.810719472424622e-14,2.3359772920776347,0.09421549970989304
26.850000000001398,1.011953176205442,2.6627282864300124e-14,2.335977292077632,0.09421549970989332
26.8600000000014,1.0119531762054403,2.5265759958306927e-14,2.3359772920776285,0.0942154997098936
26.8700000000014,1.0119531762054388,2.4051445340179287e-14,2.3359772920776267,0.09421549970989382
26.880000000001402,1.0119531762054372,2.297862231841922e-14,2.335977292077622,0.09421549970989405
26.890000000001404,1.0119531762054357,2.206906665421007e-14,2.335977292077618,0.09421549970989426
26.900000000001405,1.0119531762054341,2.1288049372115456e-14,2.335977292077614,0.09421549970989448
26.910000000001407,1.0119531762054326,2.061529522920676e-14,2.335977292077609,0.09421549970989468
26.92000000000141,1.011953176205431,2.0124506786994688e-14,2.335977292077606,0.09421549970989487
26.93000000000141,1.0119531762054295,1.969896998691813e-14,2.3359772920776014,0.09421549970989504
26.94000000000141,1.011953176205428,1.9411179346439164e-14,2.3359772920775965,0.09421549970989523
26.950000000001413,1.0119531762054264,1.9216782018025984e-14,2.3359772920775916,0.09421549970989543
26.960000000001415,1.0119531762054248,1.910753547444895e-14,2.335977292077587,0.09421549970989562
26.970000000001416,1.0119531762054232,1.905869223422597e-14,2.3359772920775836,0.0942154997098958
26.980000000001418,1.0119531762054217,1.912001636660762e-14,2.3359772920775796,0.094215499709896
26.99000000000142,1.0119531762054204,1.9237564506693124e-14,2.335977292077574,0.09421549970989618
27.00000000000142,1.0119531762054188,1.948153993267587e-14,2.33597729207757,0.09421549970989636
27.010000000001423,1.0119531762054172,1.978176837456754e-14,2.3359772920775654,0.09421549970989655
27.020000000001424,1.0119531762054157,2.016996147135755e-14,2.335977292077562,0.09421549970989673
27.030000000001426,1.0119531762054141,2.0605281354012228e-14,2.3359772920775566,0.09421549970989693
27.040000000001427,1.0119531762054126,2.1102300662229345e-14,2.335977292077552,0.09421549970989712
27.05000000000143,1.011953176205411,2.1591361985412933e-14,2.3359772920775477,0.09421549970989733
27.06000000000143,1.0119531762054095,2.212232142803214e-14,2.3359772920775455,0.09421549970989755
27.070000000001432,1.011953176205408,2.2697632481055298e-14,2.3359772920775415,0.09421549970989779
27.080000000001434,1.0119531762054064,2.324181017497104e-14,2.335977292077538,0.09421549970989801
27.090000000001435,1.0119531762054048,2.3800786166967283e-14,2.3359772920775335,0.09421549970989822
27.100000000001437,1.0119531762054033,2.4365360140035427e-14,2.335977292077531,0.09421549970989845
27.11000000000144,1.0119531762054017,2.4945724210740745e-14,2.335977292077527,0.0942154997098987
27.12000000000144,1.0119531762054002,2.5543517757604092e-14,2.3359772920775232,0.09421549970989893
27.13000000000144,1.0119531762053986,2.614039978243651e-14,2.3359772920775197,0.09421549970989919
27.140000000001443,1.011953176205397,2.6793051288516102e-14,2.335977292077516,0.09421549970989947
27.150000000001445,1.0119531762053957,2.741249857437681e-14,2.3359772920775135,0.09421549970989972
27.160000000001446,1.0119531762053942,2.800778494759883e-14,2.335977292077511,0.0942154997099
27.170000000001448,1.0119531762053926,2.859196079229133e-14,2.335977292077508,0.09421549970990026
27.18000000000145,1.011953176205391,2.918330950824032e-14,2.335977292077504,0.09421549970990054
27.19000000000145,1.0119531762053895,2.9744850490528515e-14,2.3359772920775024,0.09421549970990083
27.200000000001452,1.011953176205388,3.033834568607735e-14,2.3359772920775,0.09421549970990113
27.210000000001454,1.0119531762053864,3.084807784979267e-14,2.3359772920774984,0.09421549970990142
27.220000000001455,1.0119531762053848,3.1346533748005735e-14,2.3359772920774957,0.09421549970990173
27.230000000001457,1.0119531762053833,3.182186482306596e-14,2.335977292077494,0.09421549970990206
27.24000000000146,1.0119531762053817,3.227306283244166e-14,2.335977292077492,0.0942154997099024
27.25000000000146,1.0119531762053804,3.268472759432448e-14,2.3359772920774904,0.09421549970990274
27.26000000000146,1.0119531762053788,3.308986615067016e-14,2.3359772920774886,0.09421549970990305
27.270000000001463,1.0119531762053773,3.344474710408907e-14,2.335977292077487,0.09421549970990337
27.280000000001465,1.0119531762053757,3.3801375537281055e-14,2.335977292077485,0.09421549970990371
27.290000000001466,1.0119531762053742,3.411578527745679e-14,2.3359772920774833,0.09421549970990405
27.300000000001468,1.0119531762053726,3.442427048773376e-14,2.335977292077482,0.09421549970990441
27.31000000000147,1.011953176205371,3.471185427610216e-14,2.3359772920774815,0.09421549970990477
27.32000000000147,1.0119531762053695,3.491077981917549e-14,2.335977292077481,0.09421549970990513
27.330000000001473,1.011953176205368,3.512027837792067e-14,2.335977292077479,0.09421549970990549
27.340000000001474,1.0119531762053666,3.5321773573914425e-14,2.335977292077478,0.09421549970990585
27.350000000001476,1.011953176205365,3.550994310762448e-14,2.3359772920774766,0.09421549970990621
27.360000000001477,1.0119531762053635,3.563822669133863e-14,2.335977292077475,0.09421549970990656
27.37000000000148,1.011953176205362,3.578478120903092e-14,2.335977292077474,0.0942154997099069
27.38000000000148,1.0119531762053604,3.5955004418483196e-14,2.3359772920774726,0.0942154997099073
27.390000000001482,1.0119531762053589,3.6079552414756364e-14,2.3359772920774717,0.09421549970990765
27.400000000001484,1.0119531762053573,3.6192966046597885e-14,2.3359772920774704,0.09421549970990803
27.410000000001485,1.0119531762053557,3.630410954905623e-14,2.33597729207747,0.0942154997099084
27.420000000001487,1.0119531762053544,3.640419275033402e-14,2.3359772920774686,0.09421549970990876
27.43000000000149,1.0119531762053529,3.653646425020137e-14,2.3359772920774673,0.09421549970990914
27.44000000000149,1.0119531762053513,3.666617592118188e-14,2.335977292077467,0.09421549970990951
27.45000000000149,1.0119531762053497,3.67819827517286e-14,2.3359772920774664,0.09421549970990989
27.460000000001493,1.0119531762053482,3.6843279907455193e-14,2.335977292077465,0.09421549970991028
27.470000000001495,1.0119531762053466,3.692022411445972e-14,2.335977292077464,0.09421549970991064
27.480000000001496,1.011953176205345,3.704393366792488e-14,2.3359772920774624,0.09421549970991103
27.490000000001498,1.0119531762053438,3.7170386333397244e-14,2.335977292077462,0.0942154997099114
27.5000000000015,1.0119531762053422,3.728049931115314e-14,2.335977292077461,0.09421549970991178
27.5100000000015,1.0119531762053406,3.738193378871917e-14,2.33597729207746,0.09421549970991215
27.520000000001502,1.011953176205339,3.754730227664634e-14,2.335977292077459,0.09421549970991253
27.530000000001504,1.0119531762053375,3.769830506379557e-14,2.3359772920774575,0.0942154997099129
27.540000000001505,1.011953176205336,3.7871532601922784e-14,2.3359772920774566,0.09421549970991328
27.550000000001507,1.0119531762053344,3.803444186853813e-14,2.335977292077456,0.09421549970991365
27.56000000000151,1.0119531762053329,3.819561512242301e-14,2.3359772920774557,0.09421549970991405
27.57000000000151,1.0119531762053315,3.837371129383649e-14,2.3359772920774544,0.09421549970991443
27.58000000000151,1.01195317620533,3.855134499126404e-14,2.3359772920774535,0.09421549970991482
27.590000000001513,1.0119531762053284,3.876508638046586e-14,2.3359772920774518,0.0942154997099152
27.600000000001515,1.0119531762053269,3.896309087226032e-14,2.3359772920774526,0.0942154997099156
27.610000000001516,1.0119531762053253,3.910810085908711e-14,2.3359772920774513,0.09421549970991601
27.620000000001518,1.0119531762053238,3.931651834983324e-14,2.335977292077451,0.09421549970991641
27.63000000000152,1.0119531762053222,3.9479068053752133e-14,2.33597729207745,0.09421549970991681
27.64000000000152,1.0119531762053209,3.9650374711642614e-14,2.3359772920774495,0.0942154997099172
27.650000000001523,1.0119531762053193,3.98040694400855e-14,2.3359772920774504,0.09421549970991763
27.660000000001524,1.0119531762053178,3.999539068584227e-14,2.335977292077449,0.09421549970991804
27.670000000001526,1.0119531762053162,4.016605627992544e-14,2.3359772920774486,0.09421549970991844
27.680000000001527,1.0119531762053147,4.036990389553013e-14,2.3359772920774478,0.09421549970991884
27.69000000000153,1.011953176205313,4.0551753428158114e-14,2.3359772920774473,0.09421549970991926
27.70000000000153,1.0119531762053116,4.069521191331742e-14,2.3359772920774473,0.09421549970991967
27.710000000001532,1.0119531762053102,4.0895944823947626e-14,2.3359772920774473,0.09421549970992006
27.720000000001534,1.0119531762053087,4.096444998442605e-14,2.3359772920774464,0.09421549970992046
27.730000000001535,1.0119531762053071,4.10834277559471e-14,2.335977292077446,0.09421549970992088
27.740000000001537,1.0119531762053056,4.1221939206222665e-14,2.3359772920774455,0.09421549970992128
27.75000000000154,1.011953176205304,4.1369047770541623e-14,2.335977292077446,0.0942154997099217
27.76000000000154,1.0119531762053025,4.153063601907715e-14,2.3359772920774446,0.09421549970992213
27.77000000000154,1.011953176205301,4.168962500227458e-14,2.3359772920774446,0.09421549970992255
27.780000000001543,1.0119531762052996,4.1867879718157144e-14,2.3359772920774446,0.09421549970992298
27.790000000001545,1.011953176205298,4.208275149592164e-14,2.3359772920774446,0.0942154997099234
27.800000000001546,1.0119531762052965,4.2283701649892966e-14,2.335977292077444,0.09421549970992382
27.810000000001548,1.011953176205295,4.2496561844531977e-14,2.335977292077444,0.09421549970992427
27.82000000000155,1.0119531762052933,4.2710970900720325e-14,2.335977292077444,0.09421549970992468
27.83000000000155,1.0119531762052918,4.2958920924960994e-14,2.3359772920774438,0.09421549970992511
27.840000000001552,1.0119531762052905,4.317854846359212e-14,2.3359772920774446,0.09421549970992556
27.850000000001554,1.011953176205289,4.3413993827029387e-14,2.3359772920774446,0.09421549970992601
27.860000000001556,1.0119531762052874,4.3645593573945483e-14,2.335977292077445,0.09421549970992645
27.870000000001557,1.0119531762052858,4.38548692300634e-14,2.3359772920774446,0.0942154997099269
27.88000000000156,1.0119531762052842,4.4098800123607e-14,2.3359772920774446,0.09421549970992735
27.89000000000156,1.0119531762052827,4.435185386837658e-14,2.3359772920774464,0.09421549970992779
27.90000000000156,1.0119531762052814,4.4575927992611584e-14,2.335977292077446,0.09421549970992826
27.910000000001563,1.0119531762052798,4.4809039817113804e-14,2.3359772920774473,0.09421549970992872
27.920000000001565,1.0119531762052782,4.500003789569131e-14,2.3359772920774464,0.09421549970992919
27.930000000001566,1.0119531762052767,4.522908513571264e-14,2.3359772920774473,0.09421549970992966
27.940000000001568,1.0119531762052751,4.544295369366948e-14,2.335977292077449,0.09421549970993012
27.95000000000157,1.0119531762052736,4.560711656476832e-14,2.3359772920774486,0.09421549970993058
27.96000000000157,1.0119531762052723,4.5807508197098964e-14,2.3359772920774495,0.09421549970993104
27.970000000001573,1.0119531762052707,4.6000331723344464e-14,2.335977292077449,0.0942154997099315
27.980000000001574,1.0119531762052691,4.622018342708296e-14,2.335977292077449,0.09421549970993195
27.990000000001576,1.0119531762052676,4.6455928873662285e-14,2.3359772920774504,0.09421549970993243
28.000000000001577,1.011953176205266,4.669149847365677e-14,2.3359772920774513,0.0942154997099329
28.01000000000158,1.0119531762052645,4.6892793157749896e-14,2.3359772920774518,0.09421549970993337
28.02000000000158,1.0119531762052631,4.711194945802398e-14,2.3359772920774518,0.09421549970993386
28.030000000001582,1.0119531762052616,4.736374065610986e-14,2.335977292077452,0.09421549970993431
28.040000000001584,1.01195317620526,4.759138428266337e-14,2.335977292077454,0.0942154997099348
28.050000000001585,1.0119531762052585,4.7834901635929324e-14,2.335977292077455,0.0942154997099353
28.060000000001587,1.011953176205257,4.8021156054795755e-14,2.3359772920774557,0.09421549970993578
28.07000000000159,1.0119531762052554,4.823417500079534e-14,2.335977292077456,0.09421549970993627
28.08000000000159,1.011953176205254,4.84434363308546e-14,2.3359772920774575,0.09421549970993678
28.09000000000159,1.0119531762052525,4.8643594581058564e-14,2.335977292077459,0.09421549970993726
28.100000000001593,1.011953176205251,4.887880013898759e-14,2.3359772920774593,0.09421549970993774
28.110000000001595,1.0119531762052494,4.9088894785646467e-14,2.335977292077461,0.09421549970993826
28.120000000001596,1.0119531762052478,4.925334161425666e-14,2.335977292077462,0.09421549970993875
28.130000000001598,1.0119531762052465,4.94553562448507e-14,2.3359772920774633,0.09421549970993925
28.1400000000016,1.0119531762052452,4.962489478478511e-14,2.3359772920774655,0.09421549970993974
28.1500000000016,1.0119531762052438,4.9596129235172734e-14,2.3359772920774686,0.09421549970994023
28.160000000001602,1.0119531762052423,4.936863796736945e-14,2.33597729207747,0.09421549970994073
28.170000000001604,1.011953176205241,4.91589388350123e-14,2.335977292077472,0.09421549970994121
28.180000000001606,1.0119531762052396,4.8775180752507246e-14,2.335977292077475,0.09421549970994168
28.190000000001607,1.0119531762052385,4.82276035358424e-14,2.335977292077478,0.09421549970994215
28.20000000000161,1.0119531762052372,4.7519651232027957e-14,2.33597729207748,0.09421549970994264
28.21000000000161,1.0119531762052358,4.669674595470506e-14,2.335977292077483,0.09421549970994311
28.220000000001612,1.0119531762052345,4.577938331368028e-14,2.3359772920774837,0.09421549970994356
28.230000000001613,1.0119531762052332,4.480061709470687e-14,2.3359772920774864,0.094215499709944
28.240000000001615,1.0119531762052318,4.378218502907243e-14,2.3359772920774873,0.09421549970994444
28.250000000001616,1.0119531762052307,4.2648068151872064e-14,2.3359772920774895,0.09421549970994486
28.260000000001618,1.0119531762052294,4.150230428085783e-14,2.33597729207749,0.0942154997099453
28.27000000000162,1.011953176205228,4.034035676920732e-14,2.3359772920774917,0.09421549970994572
28.28000000000162,1.0119531762052267,3.915766087318736e-14,2.3359772920774926,0.09421549970994611
28.290000000001623,1.0119531762052254,3.801338322631068e-14,2.3359772920774926,0.09421549970994648
28.300000000001624,1.011953176205224,3.686374251640869e-14,2.3359772920774935,0.09421549970994686
28.310000000001626,1.0119531762052227,3.573906813432602e-14,2.335977292077494,0.09421549970994722
28.320000000001627,1.0119531762052216,3.4645177164210655e-14,2.335977292077493,0.09421549970994755
28.33000000000163,1.0119531762052203,3.362288126319833e-14,2.3359772920774917,0.09421549970994789
28.34000000000163,1.011953176205219,3.263968412368326e-14,2.3359772920774917,0.09421549970994822
28.350000000001632,1.0119531762052176,3.1700105165924295e-14,2.3359772920774904,0.09421549970994854
28.360000000001634,1.0119531762052163,3.079258467766287e-14,2.335977292077491,0.09421549970994886
28.370000000001635,1.011953176205215,2.994779678366376e-14,2.335977292077489,0.09421549970994916
28.380000000001637,1.0119531762052136,2.9202475792029646e-14,2.3359772920774886,0.09421549970994945
28.39000000000164,1.0119531762052123,2.8505903340897136e-14,2.3359772920774864,0.09421549970994976
28.40000000000164,1.011953176205211,2.7885791979718924e-14,2.335977292077486,0.09421549970995004
28.41000000000164,1.0119531762052099,2.7329582137455934e-14,2.335977292077484,0.09421549970995034
28.420000000001643,1.0119531762052085,2.6833733277047847e-14,2.335977292077482,0.09421549970995062
28.430000000001645,1.0119531762052072,2.6388626968467992e-14,2.3359772920774806,0.09421549970995087
28.440000000001646,1.0119531762052059,2.600301110104549e-14,2.335977292077479,0.09421549970995112
28.450000000001648,1.0119531762052045,2.566975384659218e-14,2.3359772920774766,0.09421549970995138
28.46000000000165,1.0119531762052032,2.541200700214673e-14,2.335977292077474,0.09421549970995165
28.47000000000165,1.0119531762052019,2.5239031057333425e-14,2.335977292077472,0.09421549970995191
28.480000000001652,1.0119531762052005,2.5082935657116433e-14,2.3359772920774704,0.09421549970995217
28.490000000001654,1.0119531762051992,2.5040408842893768e-14,2.335977292077468,0.09421549970995244
28.500000000001656,1.0119531762051979,2.501526246733764e-14,2.3359772920774655,0.09421549970995267
28.510000000001657,1.0119531762051965,2.504220128635709e-14,2.335977292077464,0.09421549970995292
28.52000000000166,1.0119531762051952,2.5115346899692615e-14,2.335977292077462,0.09421549970995317
28.53000000000166,1.011953176205194,2.521593121345265e-14,2.3359772920774597,0.09421549970995342
28.540000000001662,1.0119531762051928,2.5378789071130946e-14,2.335977292077457,0.09421549970995369
28.550000000001663,1.0119531762051914,2.5632619396890025e-14,2.335977292077455,0.09421549970995395
28.560000000001665,1.01195317620519,2.5873451356202482e-14,2.335977292077453,0.0942154997099542
28.570000000001667,1.0119531762051885,2.6185883714919224e-14,2.335977292077449,0.09421549970995446
28.580000000001668,1.011953176205187,2.6730197154945518e-14,2.3359772920774446,0.09421549970995474
28.59000000000167,1.0119531762051854,2.753101832045654e-14,2.335977292077443,0.09421549970995505
28.60000000000167,1.0119531762051839,2.850565185611024e-14,2.335977292077439,0.09421549970995532
28.610000000001673,1.0119531762051823,2.9645298271985785e-14,2.3359772920774358,0.09421549970995564
28.620000000001674,1.0119531762051808,3.09503252212134e-14,2.3359772920774344,0.09421549970995596
28.630000000001676,1.0119531762051794,3.2350347950549594e-14,2.335977292077432,0.09421549970995632
28.640000000001677,1.0119531762051779,3.3828950308324694e-14,2.335977292077429,0.09421549970995666
28.65000000000168,1.0119531762051763,3.5454514788204615e-14,2.3359772920774273,0.094215499709957
28.66000000000168,1.0119531762051748,3.7069273609019e-14,2.3359772920774255,0.09421549970995738
28.670000000001682,1.0119531762051732,3.878535141726803e-14,2.3359772920774238,0.09421549970995777
28.680000000001684,1.0119531762051717,4.053448347915505e-14,2.3359772920774238,0.09421549970995817
28.690000000001685,1.0119531762051701,4.228017714647484e-14,2.3359772920774233,0.09421549970995861
28.700000000001687,1.0119531762051686,4.401573375030861e-14,2.3359772920774224,0.09421549970995906
28.71000000000169,1.0119531762051672,4.569919097447118e-14,2.335977292077423,0.09421549970995952
28.72000000000169,1.0119531762051657,4.739276474608292e-14,2.3359772920774233,0.09421549970996002
28.73000000000169,1.0119531762051641,4.9022974823851395e-14,2.3359772920774247,0.0942154997099605
28.740000000001693,1.0119531762051626,5.0624258452643193e-14,2.335977292077425,0.094215499709961
28.750000000001695,1.011953176205161,5.2156594092232976e-14,2.3359772920774264,0.09421549970996154
28.760000000001696,1.0119531762051597,5.366622036204475e-14,2.335977292077428,0.09421549970996208
28.770000000001698,1.0119531762051581,5.50739739309063e-14,2.3359772920774295,0.09421549970996264
28.7800000000017,1.0119531762051566,5.644243029282061e-14,2.3359772920774327,0.09421549970996322
28.7900000000017,1.011953176205155,5.770872588156656e-14,2.335977292077435,0.09421549970996378
28.800000000001702,1.0119531762051535,5.887997046428237e-14,2.335977292077437,0.09421549970996436
28.810000000001704,1.0119531762051521,6.000240049885395e-14,2.3359772920774398,0.09421549970996496
28.820000000001706,1.0119531762051506,6.109284554503529e-14,2.335977292077443,0.0942154997099656
28.830000000001707,1.011953176205149,6.208128997220941e-14,2.335977292077446,0.09421549970996622
28.84000000000171,1.0119531762051475,6.29862708470724e-14,2.3359772920774495,0.09421549970996684
28.85000000000171,1.0119531762051461,6.37668376081796e-14,2.335977292077454,0.09421549970996748
28.860000000001712,1.0119531762051446,6.453864125455589e-14,2.3359772920774566,0.09421549970996813
28.870000000001713,1.011953176205143,6.512211935686013e-14,2.335977292077461,0.0942154997099688
28.880000000001715,1.0119531762051415,6.565141236425636e-14,2.335977292077465,0.09421549970996945
28.890000000001717,1.0119531762051404,6.61080194054151e-14,2.33597729207747,0.09421549970997009
28.900000000001718,1.011953176205139,6.632172396946764e-14,2.335977292077476,0.09421549970997074
28.91000000000172,1.0119531762051377,6.625304162287303e-14,2.3359772920774815,0.09421549970997141
28.92000000000172,1.0119531762051364,6.596147978966203e-14,2.3359772920774877,0.09421549970997208
28.930000000001723,1.0119531762051353,6.546747310083849e-14,2.335977292077493,0.09421549970997271
28.940000000001724,1.011953176205134,6.479137723879603e-14,2.335977292077498,0.09421549970997337
28.950000000001726,1.0119531762051326,6.395752232750229e-14,2.335977292077504,0.09421549970997399
28.960000000001727,1.0119531762051313,6.302924421740253e-14,2.3359772920775077,0.0942154997099746
28.97000000000173,1.0119531762051301,6.194321287469533e-14,2.335977292077513,0.09421549970997523
28.98000000000173,1.0119531762051288,6.079023465348511e-14,2.335977292077517,0.09421549970997582
28.990000000001732,1.0119531762051275,5.953827618476545e-14,2.335977292077523,0.09421549970997643
29.000000000001734,1.0119531762051261,5.819372335012719e-14,2.335977292077527,0.09421549970997703
29.010000000001735,1.011953176205125,5.686985142181762e-14,2.3359772920775304,0.09421549970997758
29.020000000001737,1.0119531762051237,5.556197196891808e-14,2.3359772920775335,0.09421549970997814
29.03000000000174,1.0119531762051224,5.421717761706158e-14,2.335977292077537,0.0942154997099787
29.04000000000174,1.011953176205121,5.285765262734233e-14,2.335977292077541,0.09421549970997922
29.05000000000174,1.0119531762051197,5.1525276658152574e-14,2.3359772920775437,0.09421549970997975
29.060000000001743,1.0119531762051186,5.0292441382461346e-14,2.335977292077546,0.09421549970998026
29.070000000001745,1.0119531762051173,4.908932834225452e-14,2.335977292077548,0.09421549970998075
29.080000000001746,1.011953176205116,4.79294986730184e-14,2.3359772920775503,0.09421549970998123
29.090000000001748,1.0119531762051146,4.683950310211317e-14,2.3359772920775526,0.09421549970998172
29.10000000000175,1.0119531762051133,4.579058832059191e-14,2.3359772920775543,0.09421549970998218
29.11000000000175,1.011953176205112,4.480574436541639e-14,2.3359772920775557,0.09421549970998261
29.120000000001752,1.0119531762051108,4.385613147482694e-14,2.335977292077557,0.09421549970998305
29.130000000001754,1.0119531762051095,4.300729867983404e-14,2.3359772920775583,0.0942154997099835
29.140000000001756,1.0119531762051082,4.219496752783008e-14,2.3359772920775597,0.09421549970998391
29.150000000001757,1.0119531762051068,4.145610777781915e-14,2.33597729207756,0.09421549970998433
29.16000000000176,1.0119531762051055,4.078563838871851e-14,2.335977292077561,0.09421549970998475
29.17000000000176,1.0119531762051042,4.018752436923382e-14,2.335977292077561,0.09421549970998515
29.180000000001762,1.011953176205103,3.9708971989256905e-14,2.335977292077561,0.09421549970998552
29.190000000001763,1.0119531762051017,3.9290110850211276e-14,2.335977292077561,0.09421549970998591
29.200000000001765,1.0119531762051004,3.8953244779846986e-14,2.33597729207756,0.0942154997099863
29.210000000001767,1.011953176205099,3.868896173600875e-14,2.335977292077562,0.0942154997099867
29.220000000001768,1.0119531762050977,3.846926368455958e-14,2.335977292077562,0.09421549970998709
29.23000000000177,1.0119531762050964,3.8306356793492834e-14,2.3359772920775628,0.09421549970998748
29.24000000000177,1.011953176205095,3.819254423827813e-14,2.3359772920775614,0.09421549970998787
29.250000000001773,1.0119531762050937,3.81554618871568e-14,2.335977292077563,0.09421549970998824
29.260000000001774,1.0119531762050926,3.814757689265607e-14,2.3359772920775623,0.09421549970998865
29.270000000001776,1.0119531762050913,3.8204614080915034e-14,2.335977292077563,0.09421549970998905
29.280000000001777,1.01195317620509,3.825104601456931e-14,2.335977292077563,0.09421549970998944
29.29000000000178,1.0119531762050886,3.83695106035066e-14,2.335977292077564,0.09421549970998983
29.30000000000178,1.0119531762050873,3.8478473896269317e-14,2.335977292077563,0.09421549970999023
29.310000000001782,1.011953176205086,3.868060985464009e-14,2.3359772920775645,0.09421549970999063
29.320000000001784,1.0119531762050848,3.888755191915433e-14,2.3359772920775645,0.09421549970999103
29.330000000001785,1.0119531762050835,3.912756356731048e-14,2.335977292077564,0.09421549970999142
29.340000000001787,1.0119531762050822,3.938377465821888e-14,2.335977292077566,0.09421549970999184
29.35000000000179,1.0119531762050809,3.966237252259678e-14,2.335977292077566,0.09421549970999223
29.36000000000179,1.0119531762050795,3.9962901282580354e-14,2.3359772920775654,0.09421549970999263
29.37000000000179,1.0119531762050782,4.03355944423424e-14,2.335977292077566,0.09421549970999303
29.380000000001793,1.0119531762050769,4.072374177399817e-14,2.3359772920775663,0.09421549970999345
29.390000000001795,1.0119531762050757,4.104055995693122e-14,2.335977292077567,0.09421549970999386
29.400000000001796,1.0119531762050744,4.143732665844365e-14,2.335977292077569,0.09421549970999431
29.410000000001798,1.011953176205073,4.17869906354492e-14,2.3359772920775703,0.09421549970999474
29.4200000000018,1.0119531762050717,4.211933036254433e-14,2.335977292077571,0.09421549970999517
29.4300000000018,1.0119531762050704,4.246810806388675e-14,2.335977292077571,0.0942154997099956
29.440000000001803,1.011953176205069,4.2835145777353583e-14,2.3359772920775734,0.09421549970999603
29.450000000001804,1.011953176205068,4.316378775109082e-14,2.3359772920775743,0.09421549970999646
29.460000000001806,1.0119531762050669,4.3507932052991626e-14,2.3359772920775757,0.09421549970999689
29.470000000001807,1.0119531762050658,4.3579573806967033e-14,2.3359772920775783,0.09421549970999732
29.48000000000181,1.0119531762050646,4.345676138510172e-14,2.335977292077582,0.09421549970999772
29.49000000000181,1.0119531762050633,4.318708081308886e-14,2.3359772920775828,0.09421549970999818
29.500000000001812,1.0119531762050622,4.2919972440410246e-14,2.335977292077585,0.09421549970999861
29.510000000001813,1.011953176205061,4.258075130414058e-14,2.335977292077587,0.09421549970999903
29.520000000001815,1.0119531762050602,4.201911078885246e-14,2.3359772920775908,0.09421549970999943
29.530000000001817,1.011953176205059,4.134538813046098e-14,2.3359772920775916,0.09421549970999984
29.540000000001818,1.011953176205058,4.058810923562438e-14,2.335977292077594,0.09421549971000025
29.55000000000182,1.0119531762050569,3.9732368720906535e-14,2.335977292077596,0.09421549971000064
29.56000000000182,1.0119531762050558,3.8835808947400376e-14,2.3359772920775983,0.09421549971000101
29.570000000001823,1.0119531762050546,3.7825751221559634e-14,2.335977292077599,0.09421549971000137
29.580000000001824,1.0119531762050535,3.683461681059304e-14,2.3359772920776005,0.09421549971000175
29.590000000001826,1.0119531762050527,3.579659334710725e-14,2.3359772920776027,0.0942154997100021
29.600000000001828,1.0119531762050515,3.4733404367036033e-14,2.3359772920776023,0.09421549971000244
29.61000000000183,1.0119531762050504,3.363985284871593e-14,2.335977292077604,0.09421549971000277
29.62000000000183,1.0119531762050493,3.2522817764692473e-14,2.335977292077605,0.09421549971000312
29.630000000001832,1.0119531762050482,3.1456761524275584e-14,2.3359772920776054,0.09421549971000343
29.640000000001834,1.011953176205047,3.035860761903711e-14,2.335977292077606,0.09421549971000376
29.650000000001835,1.011953176205046,2.926635235372982e-14,2.3359772920776054,0.09421549971000402
29.660000000001837,1.0119531762050449,2.8259640386207278e-14,2.335977292077605,0.09421549971000429
29.67000000000184,1.0119531762050438,2.7313457683755058e-14,2.335977292077605,0.09421549971000458
29.68000000000184,1.0119531762050429,2.6421242657754876e-14,2.335977292077603,0.09421549971000484
29.69000000000184,1.0119531762050418,2.5621575522567786e-14,2.3359772920776023,0.09421549971000512
29.700000000001843,1.0119531762050407,2.4852249025146656e-14,2.3359772920776014,0.09421549971000534
29.710000000001845,1.0119531762050396,2.4157617239076248e-14,2.3359772920776,0.09421549971000558
29.720000000001846,1.0119531762050384,2.3518709010704283e-14,2.3359772920775987,0.09421549971000581
29.730000000001848,1.0119531762050373,2.2961773742530117e-14,2.3359772920775987,0.09421549971000605
29.74000000000185,1.0119531762050362,2.2422796309841143e-14,2.3359772920775974,0.09421549971000628
29.75000000000185,1.011953176205035,2.1912867025408755e-14,2.335977292077595,0.09421549971000649
29.760000000001853,1.011953176205034,2.1533747681801577e-14,2.335977292077594,0.09421549971000671
29.770000000001854,1.011953176205033,2.1216290659138654e-14,2.335977292077591,0.09421549971000691
29.780000000001856,1.0119531762050318,2.0930652182192953e-14,2.335977292077589,0.09421549971000709
29.790000000001857,1.0119531762050307,2.073147844319853e-14,2.3359772920775868,0.09421549971000728
29.80000000000186,1.0119531762050296,2.0630560713511868e-14,2.335977292077585,0.09421549971000748
29.81000000000186,1.0119531762050287,2.0573870516892256e-14,2.3359772920775823,0.09421549971000767
29.820000000001862,1.0119531762050276,2.0562039882276944e-14,2.33597729207758,0.09421549971000787
29.830000000001863,1.0119531762050265,2.060386227144445e-14,2.335977292077579,0.09421549971000807
29.840000000001865,1.0119531762050253,2.0697910987401046e-14,2.3359772920775774,0.09421549971000828
29.850000000001867,1.0119531762050242,2.0788988417015614e-14,2.335977292077574,0.09421549971000848
29.860000000001868,1.0119531762050231,2.0934834347390856e-14,2.3359772920775743,0.0942154997100087
29.87000000000187,1.011953176205022,2.1091632796860546e-14,2.335977292077571,0.09421549971000892
29.88000000000187,1.011953176205021,2.1288844980978856e-14,2.33597729207757,0.09421549971000913
29.890000000001873,1.0119531762050198,2.145575929455966e-14,2.3359772920775677,0.09421549971000936
29.900000000001874,1.0119531762050187,2.171369621266311e-14,2.3359772920775663,0.09421549971000957
29.910000000001876,1.0119531762050176,2.1926920426399653e-14,2.335977292077566,0.0942154997100098
29.920000000001878,1.0119531762050165,2.2120401983287743e-14,2.3359772920775637,0.09421549971001002
29.93000000000188,1.0119531762050153,2.2392374015038243e-14,2.3359772920775623,0.09421549971001024
29.94000000000188,1.0119531762050142,2.263495701734327e-14,2.3359772920775606,0.09421549971001048
29.950000000001882,1.0119531762050133,2.2905997193053422e-14,2.3359772920775597,0.0942154997100107
29.960000000001884,1.0119531762050122,2.3148449204974036e-14,2.3359772920775574,0.09421549971001093
29.970000000001885,1.0119531762050111,2.34587183751647e-14,2.3359772920775566,0.09421549971001117
29.980000000001887,1.01195317620501,2.376941945148644e-14,2.3359772920775552,0.0942154997100114
29.99000000000189,1.011953176205009,2.4092084509811175e-14,2.335977292077553,0.09421549971001164
30.00000000000189,1.0119531762050078,2.4373092484746368e-14,2.335977292077553,0.09421549971001188
30.01000000000189,1.0119531762050067,2.4680674939268344e-14,2.3359772920775517,0.09421549971001213
30.020000000001893,1.0119531762050056,2.4967193351946156e-14,2.335977292077551,0.09421549971001238
30.030000000001895,1.0119531762050045,2.527296488242027e-14,2.335977292077549,0.09421549971001263
30.040000000001896,1.0119531762050034,2.5582136235102957e-14,2.335977292077549,0.09421549971001288
30.050000000001898,1.0119531762050022,2.5841881521033795e-14,2.335977292077547,0.09421549971001311
30.0600000000019,1.0119531762050011,2.6152157014509778e-14,2.3359772920775463,0.09421549971001336
30.0700000000019,1.011953176205,2.6419785937911027e-14,2.3359772920775446,0.0942154997100136
30.080000000001903,1.0119531762049991,2.6761904391701302e-14,2.335977292077544,0.09421549971001388
30.090000000001904,1.0119531762049978,2.7069580183779993e-14,2.3359772920775415,0.09421549971001417
30.100000000001906,1.0119531762049967,2.7587009610209108e-14,2.335977292077541,0.09421549971001444
30.110000000001907,1.0119531762049954,2.8038856046369106e-14,2.3359772920775397,0.09421549971001472
30.12000000000191,1.011953176204994,2.870682292891135e-14,2.3359772920775375,0.09421549971001501
30.13000000000191,1.0119531762049927,2.9536433689383126e-14,2.3359772920775357,0.09421549971001533
30.140000000001912,1.0119531762049914,3.054486184816017e-14,2.3359772920775335,0.09421549971001565
30.150000000001913,1.01195317620499,3.1630045453167084e-14,2.335977292077532,0.09421549971001597
30.160000000001915,1.0119531762049887,3.285495428171587e-14,2.3359772920775312,0.09421549971001629
30.170000000001917,1.0119531762049876,3.418562259618433e-14,2.335977292077529,0.09421549971001664
30.180000000001918,1.0119531762049863,3.546360430694858e-14,2.335977292077528,0.09421549971001698
30.19000000000192,1.011953176204985,3.686051315790597e-14,2.3359772920775272,0.09421549971001734
30.20000000000192,1.0119531762049836,3.829023239534399e-14,2.335977292077528,0.09421549971001775
30.210000000001923,1.0119531762049823,3.9755555631473926e-14,2.3359772920775277,0.09421549971001814
30.220000000001924,1.011953176204981,4.124816947856688e-14,2.335977292077528,0.09421549971001858
30.230000000001926,1.0119531762049796,4.274218343947966e-14,2.335977292077529,0.09421549971001902
30.240000000001928,1.0119531762049785,4.419724360949524e-14,2.335977292077531,0.09421549971001947
30.25000000000193,1.0119531762049772,4.560602171043429e-14,2.335977292077531,0.09421549971001993
30.26000000000193,1.0119531762049758,4.704985087506487e-14,2.335977292077534,0.09421549971002041
30.270000000001932,1.0119531762049745,4.837325736245905e-14,2.335977292077535,0.0942154997100209
30.280000000001934,1.0119531762049732,4.972349982344639e-14,2.335977292077537,0.0942154997100214
30.290000000001935,1.0119531762049718,5.0993675762276955e-14,2.3359772920775383,0.09421549971002191
30.300000000001937,1.0119531762049707,5.228367650749271e-14,2.335977292077542,0.09421549971002245
30.31000000000194,1.0119531762049694,5.348139917401815e-14,2.3359772920775446,0.09421549971002299
30.32000000000194,1.011953176204968,5.4611627014040277e-14,2.335977292077547,0.09421549971002353
30.33000000000194,1.0119531762049667,5.5675062138246714e-14,2.335977292077551,0.09421549971002408
30.340000000001943,1.0119531762049656,5.6680130831385083e-14,2.3359772920775534,0.09421549971002466
30.350000000001945,1.0119531762049643,5.761331330944775e-14,2.3359772920775574,0.09421549971002524
30.360000000001946,1.011953176204963,5.846925344490362e-14,2.3359772920775614,0.09421549971002582
30.370000000001948,1.0119531762049616,5.926066922336642e-14,2.3359772920775654,0.09421549971002639
30.38000000000195,1.0119531762049603,6.00209531130435e-14,2.3359772920775685,0.094215499710027
30.39000000000195,1.0119531762049592,6.0739097744115e-14,2.3359772920775725,0.09421549971002761
30.400000000001953,1.011953176204958,6.128668906082137e-14,2.335977292077578,0.09421549971002822
30.410000000001954,1.011953176204957,6.161538016820571e-14,2.3359772920775845,0.09421549971002881
30.420000000001956,1.0119531762049558,6.168147531650907e-14,2.3359772920775894,0.09421549971002942
30.430000000001957,1.011953176204955,6.165070594019454e-14,2.335977292077595,0.09421549971003002
30.44000000000196,1.0119531762049538,6.136300175967168e-14,2.3359772920776014,0.09421549971003061
30.45000000000196,1.0119531762049527,6.089074883936048e-14,2.3359772920776067,0.09421549971003121
30.460000000001962,1.0119531762049516,6.025740321015363e-14,2.3359772920776134,0.0942154997100318
30.470000000001964,1.0119531762049507,5.94170201864553e-14,2.3359772920776174,0.09421549971003239
30.480000000001965,1.0119531762049498,5.844509270093354e-14,2.335977292077625,0.09421549971003297
30.490000000001967,1.0119531762049487,5.718172443607237e-14,2.3359772920776303,0.09421549971003353
30.500000000001968,1.0119531762049478,5.583297578352761e-14,2.3359772920776365,0.09421549971003407
30.51000000000197,1.011953176204947,5.423802987982876e-14,2.3359772920776423,0.0942154997100346
30.52000000000197,1.0119531762049463,5.240110837300039e-14,2.335977292077648,0.09421549971003511
30.530000000001973,1.0119531762049454,5.034171372680282e-14,2.3359772920776543,0.09421549971003562
30.540000000001974,1.0119531762049445,4.810191423445928e-14,2.3359772920776596,0.09421549971003612
30.550000000001976,1.0119531762049436,4.572290779831617e-14,2.3359772920776636,0.09421549971003655
30.560000000001978,1.0119531762049427,4.324868775853654e-14,2.3359772920776676,0.09421549971003698
30.57000000000198,1.011953176204942,4.069675751123182e-14,2.335977292077672,0.0942154997100374
30.58000000000198,1.0119531762049412,3.812966364499215e-14,2.335977292077676,0.0942154997100378
30.590000000001982,1.0119531762049403,3.549698240817284e-14,2.3359772920776773,0.09421549971003815
30.600000000001984,1.0119531762049394,3.288620024929549e-14,2.335977292077681,0.0942154997100385
30.610000000001985,1.0119531762049385,3.03417999269817e-14,2.335977292077681,0.09421549971003879
30.620000000001987,1.0119531762049376,2.785736367708269e-14,2.3359772920776827,0.09421549971003906
30.63000000000199,1.0119531762049367,2.5453274801221774e-14,2.3359772920776836,0.09421549971003933
30.64000000000199,1.0119531762049359,2.3082838323709736e-14,2.335977292077684,0.09421549971003956
30.65000000000199,1.011953176204935,2.0844295388632353e-14,2.3359772920776836,0.09421549971003979
30.660000000001993,1.011953176204934,1.863997043267612e-14,2.335977292077683,0.09421549971003998
30.670000000001995,1.0119531762049334,1.6523894458468238e-14,2.3359772920776822,0.09421549971004016
30.680000000001996,1.0119531762049325,1.4617204437263893e-14,2.33597729207768,0.09421549971004031
30.690000000001998,1.0119531762049316,1.27756740205805e-14,2.3359772920776782,0.09421549971004044
30.700000000002,1.0119531762049307,1.1109604051030888e-14,2.335977292077676,0.09421549971004056
30.710000000002,1.0119531762049299,9.585557835076151e-15,2.3359772920776742,0.09421549971004066
30.720000000002003,1.011953176204929,8.216959351770102e-15,2.3359772920776707,0.09421549971004074
30.730000000002004,1.011953176204928,6.947292154353242e-15,2.335977292077668,0.09421549971004081
30.740000000002006,1.0119531762049272,5.905049556283597e-15,2.3359772920776645,0.09421549971004088
30.750000000002007,1.0119531762049263,4.9708385859351745e-15,2.33597729207766,0.09421549971004091
30.76000000000201,1.0119531762049254,4.274632916320146e-15,2.3359772920776574,0.09421549971004095
30.77000000000201,1.0119531762049245,3.711694008254557e-15,2.335977292077653,0.09421549971004098
30.780000000002012,1.0119531762049236,3.2448288526214796e-15,2.335977292077649,0.094215499710041
30.790000000002014,1.0119531762049228,2.9133852201428736e-15,2.3359772920776454,0.09421549971004103
30.800000000002015,1.0119531762049219,2.725127851732703e-15,2.335977292077641,0.09421549971004108
30.810000000002017,1.011953176204921,2.586129137574492e-15,2.3359772920776374,0.09421549971004109
30.82000000000202,1.01195317620492,2.530318699647242e-15,2.3359772920776334,0.09421549971004112
30.83000000000202,1.0119531762049192,2.4960856515177675e-15,2.335977292077629,0.09421549971004115
30.84000000000202,1.0119531762049183,2.5086266590941933e-15,2.3359772920776254,0.09421549971004117
30.850000000002023,1.0119531762049174,2.6170327695218136e-15,2.3359772920776214,0.0942154997100412
30.860000000002024,1.0119531762049165,2.783805280082497e-15,2.3359772920776174,0.09421549971004123
30.870000000002026,1.0119531762049156,3.0147332453397223e-15,2.3359772920776143,0.09421549971004127
30.880000000002028,1.0119531762049148,3.3336093524165987e-15,2.3359772920776107,0.0942154997100413
30.89000000000203,1.0119531762049139,3.659132823506247e-15,2.3359772920776067,0.09421549971004134
30.90000000000203,1.0119531762049128,4.02052933735346e-15,2.3359772920776014,0.09421549971004138
30.910000000002032,1.0119531762049119,4.6165905483507934e-15,2.335977292077597,0.09421549971004142
30.920000000002034,1.0119531762049108,5.249304366462677e-15,2.3359772920775925,0.0942154997100415
30.930000000002035,1.0119531762049099,6.118442268793668e-15,2.3359772920775885,0.09421549971004155
30.940000000002037,1.011953176204909,6.973122209018076e-15,2.335977292077584,0.0942154997100416
30.95000000000204,1.0119531762049079,7.868841936123988e-15,2.33597729207758,0.0942154997100417
30.96000000000204,1.011953176204907,8.901616432374562e-15,2.3359772920775774,0.09421549971004178
30.97000000000204,1.0119531762049059,9.899501209927383e-15,2.3359772920775734,0.0942154997100419
30.980000000002043,1.011953176204905,1.1021828824683171e-14,2.335977292077572,0.09421549971004199
30.990000000002045,1.011953176204904,1.2027255505673916e-14,2.335977292077569,0.09421549971004212
31.000000000002046,1.011953176204903,1.2980402936081553e-14,2.3359772920775645,0.09421549971004224
31.010000000002048,1.0119531762049019,1.4079304501733729e-14,2.3359772920775614,0.0942154997100424
31.02000000000205,1.011953176204901,1.5242829666352654e-14,2.33597729207756,0.09421549971004253
31.03000000000205,1.0119531762048999,1.6361988411899797e-14,2.335977292077556,0.09421549971004267
31.040000000002053,1.011953176204899,1.7557374586452077e-14,2.335977292077555,0.09421549971004284
31.050000000002054,1.0119531762048979,1.8611219479715903e-14,2.3359772920775526,0.09421549971004303
31.060000000002056,1.011953176204897,1.971216658836578e-14,2.335977292077551,0.09421549971004321
31.070000000002057,1.0119531762048959,2.0738433274144572e-14,2.3359772920775486,0.09421549971004342
31.08000000000206,1.011953176204895,2.1840559767258383e-14,2.335977292077548,0.09421549971004363
31.09000000000206,1.011953176204894,2.2769899363710574e-14,2.335977292077546,0.09421549971004387
31.100000000002062,1.011953176204893,2.3799761616430123e-14,2.3359772920775472,0.0942154997100441
31.110000000002064,1.0119531762048923,2.459264021411633e-14,2.3359772920775463,0.09421549971004431
31.120000000002065,1.0119531762048912,2.5257909992242426e-14,2.3359772920775455,0.09421549971004456
31.130000000002067,1.0119531762048903,2.5959886588203793e-14,2.335977292077546,0.09421549971004481
31.14000000000207,1.0119531762048894,2.654399388553597e-14,2.335977292077546,0.09421549971004506
31.15000000000207,1.0119531762048886,2.7020005973502273e-14,2.335977292077546,0.09421549971004532
31.16000000000207,1.0119531762048877,2.732799116466042e-14,2.3359772920775463,0.09421549971004559
31.170000000002073,1.0119531762048866,2.7558481076739525e-14,2.335977292077546,0.09421549971004588
31.180000000002075,1.0119531762048857,2.784381875208451e-14,2.3359772920775472,0.09421549971004614
31.190000000002076,1.0119531762048848,2.800801039175562e-14,2.3359772920775477,0.0942154997100464
31.200000000002078,1.011953176204884,2.8082624084883244e-14,2.3359772920775486,0.09421549971004665
31.21000000000208,1.011953176204883,2.8049597146423266e-14,2.3359772920775486,0.09421549971004692
31.22000000000208,1.0119531762048823,2.7929772931982757e-14,2.3359772920775494,0.09421549971004718
31.230000000002082,1.0119531762048815,2.778992932810393e-14,2.33597729207755,0.09421549971004743
31.240000000002084,1.0119531762048806,2.7579044187224807e-14,2.335977292077551,0.09421549971004771
31.250000000002085,1.0119531762048797,2.728703030024273e-14,2.335977292077551,0.09421549971004797
31.260000000002087,1.0119531762048788,2.693488786313654e-14,2.3359772920775517,0.09421549971004824
31.27000000000209,1.011953176204878,2.652003615032842e-14,2.335977292077552,0.0942154997100485
31.28000000000209,1.011953176204877,2.6084645593661828e-14,2.335977292077553,0.09421549971004876
31.29000000000209,1.0119531762048761,2.5566872910387708e-14,2.3359772920775534,0.09421549971004901
31.300000000002093,1.0119531762048752,2.5048656310496908e-14,2.335977292077554,0.09421549971004926
31.310000000002095,1.0119531762048743,2.447897494002292e-14,2.3359772920775543,0.09421549971004951
31.320000000002096,1.0119531762048735,2.3894658734820324e-14,2.3359772920775543,0.09421549971004976
31.330000000002098,1.0119531762048728,2.331528583123888e-14,2.335977292077554,0.09421549971004999
31.3400000000021,1.011953176204872,2.2781644439888252e-14,2.335977292077553,0.09421549971005021
31.3500000000021,1.011953176204871,2.2268613604757812e-14,2.3359772920775534,0.09421549971005042
31.360000000002103,1.0119531762048701,2.1752798725782713e-14,2.335977292077553,0.09421549971005061
31.370000000002104,1.0119531762048692,2.1210622449897806e-14,2.335977292077552,0.09421549971005082
31.380000000002106,1.0119531762048684,2.0724755753121184e-14,2.3359772920775512,0.09421549971005103
31.390000000002107,1.0119531762048675,2.0308811821561052e-14,2.335977292077551,0.09421549971005122
31.40000000000211,1.0119531762048666,1.9877665248297012e-14,2.33597729207755,0.09421549971005143
31.41000000000211,1.0119531762048657,1.950376068398289e-14,2.335977292077549,0.09421549971005162
31.420000000002112,1.0119531762048648,1.9141371590523225e-14,2.3359772920775477,0.09421549971005183
31.430000000002114,1.011953176204864,1.8822430468883183e-14,2.3359772920775463,0.094215499710052
31.440000000002115,1.011953176204863,1.856386173645804e-14,2.3359772920775446,0.09421549971005216
31.450000000002117,1.0119531762048621,1.82854108494811e-14,2.335977292077544,0.09421549971005233
31.46000000000212,1.0119531762048612,1.8049056224318545e-14,2.3359772920775423,0.0942154997100525
31.47000000000212,1.0119531762048604,1.7952716432548608e-14,2.3359772920775415,0.09421549971005268
31.48000000000212,1.0119531762048597,1.7843043292327177e-14,2.3359772920775406,0.09421549971005286
31.490000000002123,1.0119531762048588,1.7717287227829364e-14,2.3359772920775383,0.09421549971005302
31.500000000002125,1.011953176204858,1.7655954174662722e-14,2.3359772920775366,0.09421549971005319
31.510000000002126,1.011953176204857,1.7592533964257308e-14,2.3359772920775357,0.09421549971005336
31.520000000002128,1.0119531762048561,1.7578148941274226e-14,2.335977292077535,0.09421549971005352
31.53000000000213,1.0119531762048553,1.759138491253351e-14,2.335977292077533,0.0942154997100537
31.54000000000213,1.0119531762048544,1.7599829196717472e-14,2.3359772920775317,0.09421549971005388
31.550000000002132,1.0119531762048535,1.761098281536418e-14,2.3359772920775312,0.09421549971005407
31.560000000002134,1.0119531762048526,1.7653613595284567e-14,2.3359772920775295,0.09421549971005425
31.570000000002135,1.0119531762048517,1.7717504250677447e-14,2.3359772920775286,0.09421549971005443
31.580000000002137,1.0119531762048508,1.777599307893921e-14,2.3359772920775277,0.0942154997100546
31.59000000000214,1.01195317620485,1.7858283297065957e-14,2.335977292077526,0.09421549971005479
31.60000000000214,1.011953176204849,1.7972200198245232e-14,2.335977292077525,0.09421549971005498
31.61000000000214,1.0119531762048481,1.8064595588869293e-14,2.3359772920775237,0.09421549971005515
31.620000000002143,1.0119531762048473,1.8160567925074913e-14,2.335977292077522,0.09421549971005531
31.630000000002145,1.0119531762048464,1.8291975493733517e-14,2.335977292077521,0.09421549971005548
31.640000000002146,1.0119531762048455,1.843047200195031e-14,2.3359772920775193,0.09421549971005565
31.650000000002148,1.0119531762048446,1.8592486785378337e-14,2.3359772920775184,0.09421549971005583
31.66000000000215,1.011953176204844,1.8780412945758355e-14,2.335977292077518,0.09421549971005601
31.67000000000215,1.011953176204843,1.8853551406996045e-14,2.3359772920775157,0.09421549971005619
31.680000000002153,1.0119531762048422,1.90410628763603e-14,2.3359772920775144,0.09421549971005637
31.690000000002154,1.0119531762048413,1.9162918944739005e-14,2.3359772920775144,0.09421549971005656
31.700000000002156,1.0119531762048404,1.9273988447073363e-14,2.3359772920775126,0.09421549971005674
31.710000000002157,1.0119531762048395,1.9388475413391523e-14,2.335977292077512,0.09421549971005694
31.72000000000216,1.0119531762048386,1.9516976862716676e-14,2.335977292077511,0.09421549971005713
31.73000000000216,1.0119531762048377,1.969353674354029e-14,2.335977292077511,0.09421549971005734
31.740000000002162,1.0119531762048368,1.987380800542072e-14,2.3359772920775095,0.09421549971005755
31.750000000002164,1.011953176204836,2.0048975091865902e-14,2.3359772920775086,0.09421549971005776
31.760000000002165,1.011953176204835,2.021456259390264e-14,2.335977292077508,0.09421549971005796
31.770000000002167,1.0119531762048342,2.0383636279895592e-14,2.335977292077507,0.09421549971005817
31.78000000000217,1.0119531762048333,2.0525057063064373e-14,2.3359772920775073,0.09421549971005837
31.79000000000217,1.0119531762048324,2.070557451839498e-14,2.335977292077505,0.09421549971005856
31.80000000000217,1.0119531762048315,2.0915579854661896e-14,2.3359772920775055,0.09421549971005878
31.810000000002173,1.0119531762048308,2.1060488330757126e-14,2.335977292077505,0.09421549971005898
31.820000000002175,1.01195317620483,2.1254004649227974e-14,2.335977292077503,0.09421549971005919
31.830000000002176,1.011953176204829,2.147710817790054e-14,2.3359772920775015,0.0942154997100594
31.840000000002178,1.0119531762048282,2.167972125707705e-14,2.335977292077501,0.09421549971005959
31.85000000000218,1.0119531762048273,2.1884121191172438e-14,2.3359772920775015,0.0942154997100598
31.86000000000218,1.0119531762048264,2.207621013232111e-14,2.3359772920775,0.09421549971006
31.870000000002182,1.0119531762048255,2.2319443737200057e-14,2.3359772920774993,0.09421549971006021
31.880000000002184,1.0119531762048246,2.256317782129223e-14,2.3359772920774984,0.09421549971006042
31.890000000002185,1.0119531762048237,2.2752433484787197e-14,2.3359772920774975,0.09421549971006064
31.900000000002187,1.0119531762048228,2.3015928758408527e-14,2.335977292077498,0.09421549971006087
31.91000000000219,1.011953176204822,2.3251934912177605e-14,2.3359772920774966,0.0942154997100611
31.92000000000219,1.011953176204821,2.3495384424338062e-14,2.335977292077497,0.09421549971006132
31.93000000000219,1.0119531762048202,2.3715842287138834e-14,2.3359772920774957,0.09421549971006155
31.940000000002193,1.0119531762048195,2.3929230237666324e-14,2.3359772920774966,0.0942154997100618
31.950000000002195,1.0119531762048186,2.4129473757196704e-14,2.3359772920774966,0.09421549971006203
31.960000000002196,1.0119531762048177,2.4289363827112876e-14,2.3359772920774966,0.09421549971006228
31.970000000002198,1.0119531762048168,2.4431529677557654e-14,2.3359772920774966,0.09421549971006253
31.9800000000022,1.011953176204816,2.456904528456248e-14,2.335977292077496,0.09421549971006277
31.9900000000022,1.011953176204815,2.475466589399373e-14,2.335977292077496,0.094215499710063
32.0000000000022,1.0119531762048142,2.4910799618119175e-14,2.335977292077496,0.09421549971006325
32.0100000000022,1.0119531762048133,2.5051549603719122e-14,2.335977292077496,0.0942154997100635
32.0200000000022,1.0119531762048124,2.5199632602039687e-14,2.3359772920774957,0.09421549971006375
32.0300000000022,1.0119531762048115,2.535143318482236e-14,2.335977292077496,0.094215499710064
32.040000000002195,1.0119531762048106,2.5512365470849548e-14,2.3359772920774966,0.09421549971006427
32.05000000000219,1.01195317620481,2.5640096126818002e-14,2.3359772920774966,0.0942154997100645
32.06000000000219,1.011953176204809,2.5737781962962385e-14,2.335977292077497,0.09421549971006475
32.07000000000219,1.0119531762048082,2.5856062272874177e-14,2.3359772920774966,0.09421549971006499
32.08000000000219,1.0119531762048073,2.5957022636187697e-14,2.335977292077497,0.09421549971006525
32.090000000002185,1.0119531762048064,2.606039926561665e-14,2.335977292077496,0.0942154997100655
32.10000000000218,1.0119531762048055,2.6164708379596914e-14,2.3359772920774975,0.09421549971006576
32.11000000000218,1.0119531762048046,2.623017189614134e-14,2.335977292077498,0.09421549971006601
32.12000000000218,1.0119531762048037,2.628116457878976e-14,2.3359772920774975,0.09421549971006628
32.13000000000218,1.0119531762048029,2.6373488405633015e-14,2.335977292077498,0.09421549971006654
32.140000000002175,1.011953176204802,2.6417409871108473e-14,2.335977292077498,0.09421549971006682
32.15000000000217,1.011953176204801,2.6504979120080966e-14,2.3359772920774984,0.09421549971006708
32.16000000000217,1.0119531762048004,2.6528015143629293e-14,2.3359772920774984,0.09421549971006735
32.17000000000217,1.0119531762047995,2.6593773616446405e-14,2.3359772920774997,0.0942154997100676
32.18000000000217,1.0119531762047986,2.6663540219251854e-14,2.3359772920774997,0.09421549971006786
32.190000000002165,1.0119531762047977,2.6691831872032624e-14,2.3359772920774997,0.09421549971006811
32.20000000000216,1.0119531762047969,2.672885155193354e-14,2.3359772920774997,0.09421549971006836
32.21000000000216,1.011953176204796,2.6822556834937857e-14,2.335977292077499,0.09421549971006862
32.22000000000216,1.011953176204795,2.6887151118369063e-14,2.335977292077499,0.09421549971006889
32.23000000000216,1.0119531762047942,2.7009591796277925e-14,2.3359772920774993,0.09421549971006914
32.240000000002155,1.0119531762047933,2.709960646264373e-14,2.3359772920774993,0.0942154997100694
32.25000000000215,1.0119531762047924,2.7230608755454232e-14,2.3359772920774997,0.09421549971006968
32.26000000000215,1.0119531762047915,2.732945653705249e-14,2.3359772920775006,0.09421549971006996
32.27000000000215,1.0119531762047909,2.740379882584849e-14,2.3359772920775006,0.09421549971007022
32.28000000000215,1.01195317620479,2.7489552037079306e-14,2.335977292077501,0.0942154997100705
32.290000000002145,1.011953176204789,2.7643157252099554e-14,2.335977292077502,0.09421549971007079
32.30000000000214,1.0119531762047882,2.774016556472479e-14,2.335977292077503,0.0942154997100711
32.31000000000214,1.0119531762047873,2.7836987076828562e-14,2.3359772920775037,0.09421549971007137
32.32000000000214,1.0119531762047864,2.7916809650258217e-14,2.335977292077504,0.09421549971007165
32.33000000000214,1.0119531762047855,2.7984778059849223e-14,2.3359772920775046,0.09421549971007193
32.340000000002135,1.0119531762047846,2.8107116153520443e-14,2.3359772920775055,0.0942154997100722
32.35000000000213,1.0119531762047838,2.815799499510115e-14,2.335977292077506,0.0942154997100725
32.36000000000213,1.011953176204783,2.8263418908778205e-14,2.335977292077507,0.0942154997100728
32.37000000000213,1.0119531762047822,2.8393148468415695e-14,2.335977292077508,0.09421549971007308
32.38000000000213,1.0119531762047813,2.846219726209462e-14,2.3359772920775077,0.09421549971007336
32.390000000002125,1.0119531762047804,2.8568094587546317e-14,2.335977292077508,0.09421549971007365
32.40000000000212,1.0119531762047795,2.8676011778733985e-14,2.335977292077509,0.09421549971007392
32.41000000000212,1.0119531762047786,2.878546174112568e-14,2.3359772920775104,0.09421549971007422
32.42000000000212,1.0119531762047778,2.8888490805379934e-14,2.335977292077511,0.09421549971007451
32.43000000000212,1.0119531762047769,2.89795998359239e-14,2.3359772920775113,0.09421549971007481
32.440000000002115,1.011953176204776,2.906705838272834e-14,2.3359772920775135,0.09421549971007512
32.45000000000211,1.0119531762047753,2.915372492993625e-14,2.335977292077514,0.09421549971007541
32.46000000000211,1.0119531762047744,2.9215315233257125e-14,2.335977292077514,0.09421549971007571
32.47000000000211,1.0119531762047735,2.9311882163535604e-14,2.335977292077515,0.09421549971007599
32.48000000000211,1.0119531762047727,2.943643707371016e-14,2.3359772920775166,0.0942154997100763
32.490000000002105,1.0119531762047718,2.950478896060547e-14,2.3359772920775175,0.0942154997100766
32.5000000000021,1.0119531762047709,2.959496817879286e-14,2.3359772920775175,0.0942154997100769
32.5100000000021,1.01195317620477,2.969494543111597e-14,2.3359772920775184,0.0942154997100772
32.5200000000021,1.011953176204769,2.974680764080865e-14,2.3359772920775193,0.0942154997100775
32.5300000000021,1.0119531762047682,2.9818480543386326e-14,2.335977292077521,0.09421549971007782
32.540000000002095,1.0119531762047675,2.9855624148245396e-14,2.3359772920775224,0.09421549971007813
32.55000000000209,1.0119531762047667,2.9920290036291153e-14,2.3359772920775232,0.09421549971007841
32.56000000000209,1.0119531762047658,3.0003425334838575e-14,2.335977292077524,0.09421549971007871
32.57000000000209,1.0119531762047649,3.008449811854597e-14,2.3359772920775246,0.09421549971007902
32.58000000000209,1.011953176204764,3.019493832945427e-14,2.3359772920775255,0.09421549971007932
32.590000000002085,1.011953176204763,3.030035721987814e-14,2.335977292077527,0.09421549971007963
32.60000000000208,1.0119531762047624,3.0334966726554333e-14,2.335977292077529,0.0942154997100799
32.61000000000208,1.0119531762047616,3.023389322540182e-14,2.33597729207753,0.09421549971008021
32.62000000000208,1.0119531762047607,3.0144499794436766e-14,2.3359772920775312,0.09421549971008053
32.63000000000208,1.0119531762047602,2.998275299806475e-14,2.335977292077534,0.09421549971008082
32.640000000002075,1.0119531762047596,2.972593142625357e-14,2.3359772920775357,0.09421549971008111
32.65000000000207,1.0119531762047587,2.928585251827269e-14,2.335977292077537,0.09421549971008143
32.66000000000207,1.011953176204758,2.88468193872428e-14,2.3359772920775392,0.0942154997100817
32.67000000000207,1.0119531762047573,2.8226092496948623e-14,2.3359772920775423,0.09421549971008199
32.68000000000207,1.0119531762047567,2.7485974368460556e-14,2.335977292077544,0.09421549971008226
32.690000000002065,1.011953176204756,2.663365120879723e-14,2.335977292077546,0.09421549971008253
32.70000000000206,1.0119531762047551,2.5700997253967386e-14,2.3359772920775463,0.09421549971008282
32.71000000000206,1.0119531762047544,2.4873326745470677e-14,2.3359772920775472,0.09421549971008306
32.72000000000206,1.0119531762047538,2.398660037040387e-14,2.335977292077548,0.09421549971008326
32.73000000000206,1.0119531762047533,2.302931228967492e-14,2.33597729207755,0.0942154997100835
32.740000000002055,1.0119531762047527,2.1997637048099974e-14,2.3359772920775512,0.09421549971008374
32.75000000000205,1.011953176204752,2.0961350847071346e-14,2.3359772920775526,0.09421549971008394
32.76000000000205,1.0119531762047513,1.9857068185730823e-14,2.335977292077552,0.09421549971008415
32.77000000000205,1.0119531762047507,1.868000656199064e-14,2.3359772920775534,0.09421549971008433
32.78000000000205,1.01195317620475,1.754925441070426e-14,2.3359772920775534,0.09421549971008453
32.790000000002046,1.0119531762047493,1.6440134045391033e-14,2.3359772920775534,0.09421549971008467
32.80000000000204,1.0119531762047485,1.5355661539914133e-14,2.3359772920775517,0.09421549971008485
32.81000000000204,1.0119531762047478,1.4491551228229137e-14,2.3359772920775512,0.09421549971008499
32.82000000000204,1.0119531762047471,1.3553401219742376e-14,2.335977292077552,0.09421549971008514
32.83000000000204,1.0119531762047465,1.2592877798805392e-14,2.335977292077551,0.09421549971008526
32.840000000002036,1.0119531762047458,1.1752517925951351e-14,2.3359772920775494,0.09421549971008539
32.850000000002034,1.0119531762047451,1.1006925888397438e-14,2.335977292077548,0.0942154997100855
32.86000000000203,1.0119531762047445,1.0312333839457122e-14,2.335977292077546,0.09421549971008561
32.87000000000203,1.0119531762047438,9.648690219389699e-15,2.335977292077546,0.0942154997100857
32.88000000000203,1.0119531762047431,8.993370558509669e-15,2.335977292077544,0.0942154997100858
32.890000000002026,1.0119531762047425,8.386213888196277e-15,2.3359772920775423,0.09421549971008589
32.900000000002024,1.0119531762047418,7.835410064740293e-15,2.3359772920775397,0.09421549971008596
32.91000000000202,1.0119531762047411,7.312741748399079e-15,2.335977292077539,0.09421549971008601
32.92000000000202,1.0119531762047405,6.866636167726386e-15,2.335977292077536,0.09421549971008608
32.93000000000202,1.0119531762047396,6.5275780953465756e-15,2.335977292077533,0.09421549971008616
32.940000000002016,1.011953176204739,6.409771812311063e-15,2.33597729207753,0.09421549971008622
32.950000000002014,1.0119531762047382,6.327940527495018e-15,2.335977292077528,0.09421549971008629
32.96000000000201,1.0119531762047376,6.269638407551232e-15,2.3359772920775264,0.09421549971008635
32.97000000000201,1.011953176204737,6.1886716993828955e-15,2.3359772920775246,0.09421549971008641
32.98000000000201,1.011953176204736,6.155801993483234e-15,2.3359772920775206,0.0942154997100865
32.990000000002006,1.0119531762047353,6.345862811418219e-15,2.3359772920775184,0.09421549971008655
33.000000000002004,1.0119531762047347,6.54428882773477e-15,2.3359772920775157,0.09421549971008661
33.010000000002,1.0119531762047342,6.721656427941267e-15,2.335977292077514,0.09421549971008666
33.020000000002,1.0119531762047334,6.946208701035465e-15,2.33597729207751,0.09421549971008675
33.030000000002,1.0119531762047327,7.362287375679181e-15,2.335977292077509,0.09421549971008682
33.040000000001996,1.0119531762047318,7.754219110652174e-15,2.335977292077505,0.09421549971008691
33.050000000001994,1.0119531762047311,8.274695517839679e-15,2.3359772920775037,0.09421549971008698
33.06000000000199,1.0119531762047305,8.810456836405431e-15,2.3359772920775015,0.09421549971008705
33.07000000000199,1.0119531762047298,9.274224966555045e-15,2.3359772920774993,0.09421549971008712
33.08000000000199,1.011953176204729,9.737718533514754e-15,2.335977292077496,0.09421549971008725
33.090000000001986,1.0119531762047282,1.032394980265715e-14,2.3359772920774953,0.09421549971008736
33.100000000001984,1.0119531762047276,1.0818788909557575e-14,2.3359772920774935,0.09421549971008744
33.11000000000198,1.0119531762047267,1.1304650361592226e-14,2.3359772920774913,0.09421549971008757
33.12000000000198,1.011953176204726,1.1942940856115789e-14,2.3359772920774886,0.09421549971008768
33.13000000000198,1.0119531762047254,1.2572200170383866e-14,2.335977292077488,0.09421549971008777
33.140000000001976,1.0119531762047245,1.3111419794424668e-14,2.335977292077485,0.0942154997100879
33.150000000001974,1.0119531762047238,1.3790467151807007e-14,2.335977292077484,0.09421549971008802
33.16000000000197,1.0119531762047231,1.4397317675504143e-14,2.3359772920774837,0.09421549971008816
33.17000000000197,1.0119531762047222,1.489990782679484e-14,2.335977292077482,0.09421549971008833
33.18000000000197,1.0119531762047216,1.5521471149765473e-14,2.335977292077481,0.09421549971008845
33.190000000001966,1.011953176204721,1.6081632315827685e-14,2.3359772920774797,0.09421549971008861
33.200000000001964,1.01195317620472,1.6557874442085898e-14,2.3359772920774784,0.09421549971008879
33.21000000000196,1.0119531762047194,1.7103611840501123e-14,2.3359772920774784,0.09421549971008894
33.22000000000196,1.0119531762047185,1.763111233188642e-14,2.335977292077476,0.09421549971008912
33.23000000000196,1.0119531762047178,1.8221949241460187e-14,2.3359772920774753,0.09421549971008927
33.240000000001956,1.0119531762047171,1.8702088705850235e-14,2.335977292077476,0.09421549971008945
33.250000000001954,1.0119531762047165,1.908416714525809e-14,2.3359772920774766,0.09421549971008965
33.26000000000195,1.0119531762047158,1.9403545273080482e-14,2.335977292077476,0.09421549971008981
33.27000000000195,1.0119531762047151,1.9593925224448287e-14,2.335977292077476,0.09421549971009004
33.28000000000195,1.0119531762047145,1.988273214641426e-14,2.335977292077476,0.09421549971009022
33.290000000001946,1.0119531762047138,2.0073956794172786e-14,2.3359772920774766,0.09421549971009041
33.300000000001944,1.0119531762047131,2.0136910631887134e-14,2.335977292077476,0.09421549971009059
33.31000000000194,1.0119531762047123,2.0216495870265012e-14,2.3359772920774753,0.0942154997100908
33.32000000000194,1.0119531762047116,2.0345276290732886e-14,2.3359772920774753,0.09421549971009098
33.33000000000194,1.011953176204711,2.0347620907579422e-14,2.3359772920774757,0.09421549971009117
33.340000000001936,1.0119531762047103,2.038838313456785e-14,2.3359772920774757,0.09421549971009138
33.350000000001934,1.0119531762047096,2.031540992626689e-14,2.335977292077477,0.09421549971009158
33.36000000000193,1.011953176204709,2.0219939260107846e-14,2.3359772920774775,0.09421549971009176
33.37000000000193,1.0119531762047083,2.003581201367876e-14,2.335977292077477,0.09421549971009195
33.38000000000193,1.0119531762047076,1.983187744379183e-14,2.335977292077477,0.09421549971009213
33.390000000001926,1.011953176204707,1.9599376387789792e-14,2.3359772920774784,0.09421549971009233
33.400000000001924,1.0119531762047063,1.9330971946429863e-14,2.3359772920774775,0.09421549971009249
33.41000000000192,1.0119531762047058,1.8995819876120555e-14,2.3359772920774775,0.09421549971009269
33.42000000000192,1.0119531762047052,1.8625495757429183e-14,2.3359772920774775,0.09421549971009285
33.43000000000192,1.0119531762047045,1.8303031977349246e-14,2.335977292077478,0.09421549971009303
33.440000000001916,1.0119531762047038,1.7876956501300728e-14,2.3359772920774784,0.09421549971009323
33.450000000001914,1.0119531762047032,1.7470022879835007e-14,2.3359772920774775,0.09421549971009337
33.46000000000191,1.0119531762047025,1.7103981109778575e-14,2.335977292077478,0.09421549971009353
33.47000000000191,1.0119531762047018,1.674384885052664e-14,2.3359772920774766,0.09421549971009369
33.48000000000191,1.0119531762047012,1.635499350441328e-14,2.3359772920774766,0.09421549971009384
33.490000000001906,1.0119531762047005,1.5998977122243094e-14,2.3359772920774757,0.09421549971009396
33.500000000001904,1.0119531762046998,1.5621512670302753e-14,2.3359772920774753,0.09421549971009413
33.5100000000019,1.0119531762046992,1.519443233620032e-14,2.335977292077475,0.09421549971009428
33.5200000000019,1.0119531762046985,1.483431736011026e-14,2.3359772920774744,0.09421549971009442
33.5300000000019,1.0119531762046978,1.452705931722574e-14,2.3359772920774735,0.09421549971009456
33.540000000001896,1.0119531762046972,1.4198797256416696e-14,2.3359772920774735,0.0942154997100947
33.550000000001894,1.0119531762046965,1.3847118434858167e-14,2.3359772920774713,0.09421549971009484
33.56000000000189,1.0119531762046958,1.3564002108207424e-14,2.3359772920774713,0.09421549971009498
33.57000000000189,1.0119531762046952,1.3272271140023276e-14,2.335977292077471,0.09421549971009513
33.58000000000189,1.0119531762046945,1.3042838345446778e-14,2.3359772920774695,0.09421549971009524
33.590000000001886,1.0119531762046938,1.2801888272000383e-14,2.335977292077468,0.09421549971009538
33.600000000001884,1.0119531762046932,1.2598670328284416e-14,2.3359772920774673,0.09421549971009549
33.61000000000188,1.0119531762046927,1.2435559461762258e-14,2.335977292077467,0.0942154997100956
33.62000000000188,1.011953176204692,1.2317522646017552e-14,2.3359772920774646,0.09421549971009571
33.63000000000188,1.0119531762046914,1.2214048043660148e-14,2.335977292077464,0.09421549971009584
33.640000000001876,1.0119531762046907,1.214339848654454e-14,2.3359772920774624,0.09421549971009595
33.650000000001874,1.01195317620469,1.2115128189490818e-14,2.3359772920774624,0.09421549971009607
33.66000000000187,1.0119531762046894,1.208485256251984e-14,2.3359772920774593,0.09421549971009618
33.67000000000187,1.0119531762046887,1.2096756358271938e-14,2.3359772920774584,0.09421549971009631
33.68000000000187,1.011953176204688,1.212225755395968e-14,2.3359772920774566,0.09421549971009642
33.69000000000187,1.0119531762046874,1.2200453397762778e-14,2.335977292077456,0.09421549971009653
33.700000000001864,1.0119531762046867,1.2292417948214182e-14,2.3359772920774557,0.09421549971009667
33.71000000000186,1.011953176204686,1.2435150063127522e-14,2.3359772920774535,0.09421549971009678
33.72000000000186,1.0119531762046854,1.257058026571248e-14,2.335977292077452,0.0942154997100969
33.73000000000186,1.0119531762046847,1.2688440895451807e-14,2.3359772920774518,0.09421549971009703
33.74000000000186,1.011953176204684,1.278498933743013e-14,2.335977292077451,0.09421549971009717
33.750000000001855,1.0119531762046834,1.2914162328171377e-14,2.3359772920774495,0.0942154997100973
33.76000000000185,1.0119531762046827,1.3081192231466304e-14,2.3359772920774495,0.09421549971009745
33.77000000000185,1.011953176204682,1.3180092417132449e-14,2.335977292077448,0.09421549971009757
33.78000000000185,1.0119531762046814,1.327821117371882e-14,2.3359772920774473,0.09421549971009772
33.79000000000185,1.0119531762046807,1.3398936720079854e-14,2.335977292077447,0.09421549971009785
33.800000000001845,1.01195317620468,1.3594553021354649e-14,2.335977292077446,0.094215499710098
33.81000000000184,1.0119531762046794,1.3697599571529127e-14,2.3359772920774446,0.09421549971009814
33.82000000000184,1.0119531762046787,1.3848418376971235e-14,2.3359772920774446,0.09421549971009828
33.83000000000184,1.011953176204678,1.4012380687181557e-14,2.3359772920774438,0.09421549971009842
33.84000000000184,1.0119531762046774,1.4152399172971194e-14,2.335977292077442,0.09421549971009854
33.850000000001835,1.011953176204677,1.4312958011611722e-14,2.3359772920774406,0.09421549971009867
33.86000000000183,1.0119531762046763,1.4470976531956643e-14,2.3359772920774406,0.0942154997100988
33.87000000000183,1.0119531762046756,1.4646372795975998e-14,2.3359772920774398,0.09421549971009895
33.88000000000183,1.011953176204675,1.4792532722691503e-14,2.3359772920774384,0.09421549971009908
33.89000000000183,1.0119531762046743,1.4994888493169567e-14,2.335977292077438,0.09421549971009924
33.900000000001825,1.0119531762046736,1.5162930372847314e-14,2.3359772920774367,0.09421549971009938
33.91000000000182,1.011953176204673,1.5366444111798716e-14,2.3359772920774367,0.09421549971009954
33.92000000000182,1.0119531762046723,1.5505197176921374e-14,2.3359772920774367,0.0942154997100997
33.93000000000182,1.0119531762046716,1.5650446440010514e-14,2.3359772920774358,0.09421549971009985
33.94000000000182,1.011953176204671,1.583287154448156e-14,2.335977292077435,0.0942154997101
33.950000000001815,1.0119531762046703,1.5966171694716603e-14,2.335977292077435,0.09421549971010015
33.96000000000181,1.0119531762046696,1.6098454644591934e-14,2.335977292077434,0.0942154997101003
33.97000000000181,1.011953176204669,1.628254297134441e-14,2.335977292077434,0.09421549971010046
33.98000000000181,1.0119531762046683,1.6424196104337655e-14,2.335977292077432,0.09421549971010063
33.99000000000181,1.0119531762046676,1.6501968610581475e-14,2.335977292077432,0.09421549971010078
34.000000000001805,1.011953176204667,1.667578199465012e-14,2.335977292077432,0.09421549971010093
34.0100000000018,1.0119531762046663,1.685672798693379e-14,2.3359772920774313,0.09421549971010108
34.0200000000018,1.0119531762046656,1.698930611988094e-14,2.335977292077431,0.09421549971010125
34.0300000000018,1.011953176204665,1.7090937520836052e-14,2.33597729207743,0.09421549971010142
34.0400000000018,1.0119531762046645,1.721795592717248e-14,2.3359772920774304,0.09421549971010157
34.050000000001795,1.0119531762046639,1.7350699780560656e-14,2.3359772920774304,0.09421549971010175
34.06000000000179,1.0119531762046632,1.744750999813201e-14,2.3359772920774295,0.09421549971010192
34.07000000000179,1.0119531762046625,1.7517003258195526e-14,2.3359772920774304,0.09421549971010211
34.08000000000179,1.0119531762046619,1.760276916344877e-14,2.3359772920774304,0.09421549971010228
34.09000000000179,1.0119531762046612,1.7678557603663812e-14,2.33597729207743,0.09421549971010247
34.100000000001785,1.0119531762046605,1.7739547422747197e-14,2.3359772920774295,0.09421549971010265
34.11000000000178,1.0119531762046599,1.780606112760344e-14,2.3359772920774295,0.09421549971010285
34.12000000000178,1.0119531762046592,1.7860563427443678e-14,2.3359772920774295,0.09421549971010303
34.13000000000178,1.0119531762046585,1.791193534705401e-14,2.3359772920774295,0.0942154997101032
34.14000000000178,1.0119531762046579,1.7949387030605978e-14,2.335977292077429,0.09421549971010339
34.150000000001775,1.0119531762046572,1.8033666481459496e-14,2.33597729207743,0.09421549971010357
34.16000000000177,1.0119531762046565,1.8106096155157597e-14,2.3359772920774295,0.09421549971010376
34.17000000000177,1.0119531762046559,1.8144577205864823e-14,2.33597729207743,0.09421549971010396
34.18000000000177,1.0119531762046552,1.8191782332461892e-14,2.33597729207743,0.09421549971010415
34.19000000000177,1.0119531762046545,1.8231179556258657e-14,2.3359772920774295,0.09421549971010433
34.200000000001765,1.011953176204654,1.824542704634892e-14,2.33597729207743,0.09421549971010451
34.21000000000176,1.0119531762046534,1.8230335503365118e-14,2.335977292077431,0.0942154997101047
34.22000000000176,1.0119531762046527,1.8264163374657737e-14,2.33597729207743,0.09421549971010486
34.23000000000176,1.011953176204652,1.8330369122783145e-14,2.33597729207743,0.09421549971010505
34.24000000000176,1.0119531762046514,1.83739557443973e-14,2.335977292077429,0.09421549971010523
34.250000000001755,1.0119531762046508,1.8424424482453778e-14,2.3359772920774287,0.09421549971010543
34.26000000000175,1.01195317620465,1.8464370866430437e-14,2.3359772920774295,0.09421549971010561
34.27000000000175,1.0119531762046494,1.8514547108267237e-14,2.3359772920774295,0.0942154997101058
34.28000000000175,1.0119531762046488,1.8590757067752018e-14,2.335977292077429,0.09421549971010598
34.29000000000175,1.011953176204648,1.8638012690922696e-14,2.3359772920774295,0.09421549971010616
34.300000000001745,1.0119531762046474,1.874808514049026e-14,2.335977292077429,0.09421549971010634
34.31000000000174,1.0119531762046468,1.882968527923986e-14,2.3359772920774287,0.0942154997101065
34.32000000000174,1.011953176204646,1.891316842778035e-14,2.335977292077429,0.0942154997101067
34.33000000000174,1.0119531762046454,1.8998160047940975e-14,2.3359772920774287,0.09421549971010688
34.34000000000174,1.0119531762046448,1.911937593739212e-14,2.335977292077429,0.09421549971010708
34.350000000001735,1.0119531762046443,1.9210609795184198e-14,2.335977292077429,0.09421549971010726
34.36000000000173,1.0119531762046436,1.9357710391642392e-14,2.335977292077428,0.09421549971010744
34.37000000000173,1.011953176204643,1.9479240986325002e-14,2.335977292077429,0.09421549971010763
34.38000000000173,1.0119531762046423,1.9613723313256766e-14,2.335977292077429,0.09421549971010783
34.39000000000173,1.0119531762046416,1.9701592338479e-14,2.3359772920774295,0.09421549971010801
34.400000000001725,1.011953176204641,1.980983448476388e-14,2.335977292077429,0.0942154997101082
34.41000000000172,1.0119531762046403,1.9990504147069525e-14,2.3359772920774295,0.0942154997101084
34.42000000000172,1.0119531762046396,2.0089484704681026e-14,2.335977292077429,0.09421549971010859
34.43000000000172,1.011953176204639,2.020588199857413e-14,2.335977292077429,0.09421549971010879
34.44000000000172,1.0119531762046383,2.0354450904219368e-14,2.3359772920774304,0.094215499710109
34.450000000001715,1.0119531762046376,2.0490975842043677e-14,2.33597729207743,0.09421549971010919
34.46000000000171,1.011953176204637,2.0609720549310802e-14,2.3359772920774295,0.09421549971010938
34.47000000000171,1.0119531762046363,2.0719843082639894e-14,2.3359772920774304,0.09421549971010956
34.48000000000171,1.0119531762046357,2.0838637966296917e-14,2.3359772920774304,0.09421549971010977
34.49000000000171,1.011953176204635,2.099727193289382e-14,2.335977292077429,0.09421549971010998
34.500000000001705,1.011953176204634,2.1351221446806575e-14,2.335977292077428,0.09421549971011019
34.5100000000017,1.0119531762046332,2.19518351707129e-14,2.3359772920774273,0.09421549971011042
34.5200000000017,1.0119531762046323,2.2696049248912937e-14,2.335977292077426,0.09421549971011067
34.5300000000017,1.0119531762046314,2.3526124939009925e-14,2.335977292077425,0.09421549971011092
34.5400000000017,1.0119531762046305,2.4554245161658384e-14,2.3359772920774247,0.09421549971011116
34.550000000001695,1.0119531762046297,2.5628755446794387e-14,2.3359772920774247,0.09421549971011142
34.56000000000169,1.0119531762046288,2.684999090798678e-14,2.335977292077424,0.09421549971011169
34.57000000000169,1.0119531762046279,2.815587969886333e-14,2.335977292077424,0.09421549971011198
34.58000000000169,1.011953176204627,2.948146728496267e-14,2.335977292077424,0.09421549971011227
34.59000000000169,1.011953176204626,3.0926669937789836e-14,2.3359772920774247,0.09421549971011259
34.600000000001685,1.0119531762046254,3.234260417319349e-14,2.335977292077424,0.09421549971011288
34.61000000000168,1.0119531762046245,3.380348564800322e-14,2.335977292077426,0.09421549971011323
34.62000000000168,1.0119531762046237,3.527560262571389e-14,2.335977292077427,0.09421549971011357
34.63000000000168,1.0119531762046228,3.672331754805764e-14,2.3359772920774295,0.09421549971011398
34.64000000000168,1.0119531762046219,3.8135233356904127e-14,2.3359772920774318,0.09421549971011436
34.650000000001675,1.011953176204621,3.949587260675608e-14,2.3359772920774344,0.09421549971011478
34.66000000000167,1.01195317620462,4.076671808277729e-14,2.335977292077437,0.09421549971011521
34.67000000000167,1.0119531762046194,4.201692205273849e-14,2.33597729207744,0.09421549971011564
34.68000000000167,1.0119531762046186,4.3198656040855104e-14,2.3359772920774433,0.09421549971011609
34.69000000000167,1.0119531762046177,4.434570248483081e-14,2.3359772920774473,0.09421549971011654
34.700000000001666,1.0119531762046168,4.5440043870627125e-14,2.33597729207745,0.094215499710117
34.71000000000166,1.011953176204616,4.64526043176362e-14,2.335977292077454,0.09421549971011747
34.72000000000166,1.0119531762046152,4.7429255050939104e-14,2.3359772920774584,0.09421549971011796
34.73000000000166,1.0119531762046146,4.8289004297168464e-14,2.335977292077464,0.09421549971011844
34.74000000000166,1.0119531762046137,4.8888944388774346e-14,2.335977292077468,0.09421549971011893
34.750000000001656,1.011953176204613,4.940930392868791e-14,2.3359772920774744,0.09421549971011942
34.760000000001654,1.0119531762046123,4.969240502636776e-14,2.3359772920774806,0.09421549971011992
34.77000000000165,1.011953176204612,4.9724267574834785e-14,2.3359772920774855,0.09421549971012039
34.78000000000165,1.0119531762046112,4.953070374724463e-14,2.3359772920774917,0.09421549971012087
34.79000000000165,1.0119531762046106,4.915604198769777e-14,2.335977292077498,0.09421549971012136
34.800000000001646,1.01195317620461,4.862893115944806e-14,2.335977292077503,0.09421549971012184
34.810000000001644,1.0119531762046092,4.7935805076171797e-14,2.3359772920775077,0.0942154997101223
34.82000000000164,1.0119531762046086,4.714458009300282e-14,2.3359772920775144,0.09421549971012279
34.83000000000164,1.0119531762046081,4.620894020758963e-14,2.335977292077519,0.09421549971012325
34.84000000000164,1.0119531762046075,4.5215437488387096e-14,2.335977292077525,0.09421549971012369
34.850000000001636,1.0119531762046068,4.408315431605337e-14,2.3359772920775295,0.09421549971012415
34.860000000001634,1.0119531762046061,4.290575500608809e-14,2.335977292077535,0.09421549971012459
34.87000000000163,1.0119531762046055,4.166899190968122e-14,2.335977292077539,0.09421549971012501
34.88000000000163,1.011953176204605,4.041108959779773e-14,2.335977292077544,0.09421549971012542
34.89000000000163,1.0119531762046043,3.912043906952823e-14,2.3359772920775477,0.09421549971012584
34.900000000001626,1.0119531762046037,3.784437534588346e-14,2.335977292077552,0.09421549971012623
34.910000000001624,1.011953176204603,3.652983158228284e-14,2.335977292077555,0.09421549971012658
34.92000000000162,1.0119531762046023,3.522901323243138e-14,2.335977292077559,0.09421549971012695
34.93000000000162,1.0119531762046017,3.3939238804633804e-14,2.3359772920775623,0.09421549971012731
34.94000000000162,1.011953176204601,3.2741858526017407e-14,2.3359772920775637,0.09421549971012763
34.950000000001616,1.0119531762046006,3.1616755867713175e-14,2.3359772920775668,0.09421549971012799
34.960000000001614,1.0119531762046,3.047731989575026e-14,2.3359772920775694,0.09421549971012828
34.97000000000161,1.0119531762045992,2.94303281964254e-14,2.3359772920775717,0.09421549971012859
34.98000000000161,1.0119531762045986,2.8395307890024078e-14,2.3359772920775734,0.09421549971012888
34.99000000000161,1.011953176204598,2.7446315919895517e-14,2.3359772920775757,0.09421549971012916
35.000000000001606,1.0119531762045972,2.6580909704309477e-14,2.3359772920775757,0.09421549971012945
35.010000000001604,1.0119531762045966,2.5814303042828326e-14,2.3359772920775783,0.09421549971012969
35.0200000000016,1.011953176204596,2.509868330426389e-14,2.3359772920775788,0.09421549971012995
35.0300000000016,1.0119531762045952,2.4431609895949193e-14,2.335977292077579,0.0942154997101302
35.0400000000016,1.0119531762045946,2.3847233301136348e-14,2.335977292077581,0.09421549971013045
35.050000000001596,1.0119531762045941,2.33775472276987e-14,2.3359772920775823,0.0942154997101307
35.060000000001594,1.0119531762045935,2.2933064355141e-14,2.3359772920775828,0.09421549971013093
35.07000000000159,1.0119531762045928,2.2570072313496648e-14,2.3359772920775828,0.09421549971013116
35.08000000000159,1.0119531762045921,2.226973462403672e-14,2.3359772920775836,0.09421549971013138
35.09000000000159,1.0119531762045915,2.2072381908798968e-14,2.335977292077583,0.0942154997101316
35.100000000001586,1.0119531762045908,2.190085126941757e-14,2.3359772920775845,0.09421549971013184
35.110000000001584,1.0119531762045901,2.1682442246711405e-14,2.3359772920775854,0.09421549971013204
35.12000000000158,1.0119531762045895,2.1506647670472187e-14,2.3359772920775854,0.09421549971013225
35.13000000000158,1.0119531762045888,2.141388021515536e-14,2.3359772920775854,0.09421549971013246
35.14000000000158,1.0119531762045881,2.1342186340892818e-14,2.3359772920775863,0.09421549971013267
35.150000000001576,1.0119531762045875,2.1344010511383093e-14,2.3359772920775863,0.09421549971013288
35.160000000001574,1.0119531762045868,2.139610652168253e-14,2.3359772920775868,0.09421549971013309
35.17000000000157,1.0119531762045864,2.1462671292023893e-14,2.335977292077586,0.09421549971013331
35.18000000000157,1.0119531762045857,2.160692584196045e-14,2.335977292077587,0.09421549971013352
35.19000000000157,1.011953176204585,2.177793286567541e-14,2.335977292077587,0.09421549971013372
35.200000000001566,1.0119531762045844,2.2010006853184486e-14,2.335977292077588,0.09421549971013396
35.210000000001564,1.0119531762045837,2.2212934711831474e-14,2.335977292077587,0.09421549971013418
35.22000000000156,1.011953176204583,2.246753877606836e-14,2.335977292077588,0.09421549971013439
35.23000000000156,1.0119531762045824,2.2788112198862455e-14,2.33597729207759,0.09421549971013463
35.24000000000156,1.0119531762045817,2.3073035842965958e-14,2.3359772920775903,0.09421549971013486
35.250000000001556,1.011953176204581,2.3340048053219617e-14,2.3359772920775908,0.0942154997101351
35.260000000001554,1.0119531762045804,2.361671033605995e-14,2.335977292077591,0.09421549971013533
35.27000000000155,1.0119531762045797,2.3954396612252138e-14,2.335977292077593,0.09421549971013558
35.28000000000155,1.011953176204579,2.421907577147601e-14,2.3359772920775934,0.09421549971013582
35.29000000000155,1.0119531762045786,2.4510255149868842e-14,2.3359772920775947,0.09421549971013606
35.300000000001546,1.011953176204578,2.479157341013273e-14,2.3359772920775956,0.09421549971013629
35.310000000001544,1.0119531762045773,2.509303145455509e-14,2.335977292077596,0.09421549971013653
35.32000000000154,1.0119531762045766,2.5383123816241066e-14,2.335977292077597,0.09421549971013678
35.33000000000154,1.011953176204576,2.569007698202443e-14,2.3359772920775965,0.09421549971013703
35.34000000000154,1.0119531762045753,2.6040987845719918e-14,2.3359772920775983,0.09421549971013729
35.350000000001536,1.0119531762045746,2.6405488118431018e-14,2.3359772920775996,0.09421549971013755
35.360000000001534,1.011953176204574,2.6675757930566094e-14,2.335977292077602,0.09421549971013782
35.37000000000153,1.0119531762045733,2.695532625102984e-14,2.3359772920776023,0.09421549971013808
35.38000000000153,1.0119531762045726,2.7247295662478088e-14,2.3359772920776036,0.09421549971013836
35.39000000000153,1.0119531762045721,2.7532212679689804e-14,2.3359772920776054,0.09421549971013862
35.400000000001526,1.0119531762045715,2.7773688984664414e-14,2.335977292077607,0.09421549971013891
35.410000000001524,1.011953176204571,2.7953907064703094e-14,2.3359772920776107,0.09421549971013918
35.42000000000152,1.0119531762045706,2.7917127410874374e-14,2.3359772920776143,0.09421549971013946
35.43000000000152,1.01195317620457,2.767076054838361e-14,2.335977292077615,0.09421549971013973
35.44000000000152,1.0119531762045695,2.737957594577145e-14,2.3359772920776183,0.09421549971014
35.450000000001516,1.0119531762045688,2.6937405892112757e-14,2.3359772920776205,0.09421549971014029
35.460000000001514,1.0119531762045684,2.658345328594171e-14,2.335977292077623,0.09421549971014055
35.47000000000151,1.011953176204568,2.605742590750499e-14,2.3359772920776267,0.0942154997101408
35.48000000000151,1.0119531762045675,2.535676960985194e-14,2.335977292077627,0.09421549971014107
35.49000000000151,1.011953176204567,2.4743269345316776e-14,2.3359772920776294,0.09421549971014131
35.500000000001506,1.0119531762045666,2.3992598651548636e-14,2.3359772920776325,0.09421549971014155
35.510000000001504,1.0119531762045662,2.3112055017650647e-14,2.3359772920776343,0.09421549971014177
35.5200000000015,1.0119531762045657,2.2113411168502312e-14,2.3359772920776374,0.094215499710142
35.5300000000015,1.0119531762045653,2.103126971743036e-14,2.3359772920776387,0.09421549971014219
35.5400000000015,1.0119531762045648,1.9916840220577108e-14,2.335977292077641,0.09421549971014238
35.550000000001496,1.0119531762045644,1.878620058294013e-14,2.3359772920776427,0.09421549971014258
35.560000000001494,1.011953176204564,1.7599777836421633e-14,2.335977292077643,0.09421549971014276
35.57000000000149,1.0119531762045635,1.6477360626720402e-14,2.335977292077644,0.09421549971014292
35.58000000000149,1.011953176204563,1.5276423937921726e-14,2.3359772920776454,0.09421549971014309
35.59000000000149,1.0119531762045626,1.4006446007404448e-14,2.3359772920776463,0.09421549971014323
35.60000000000149,1.0119531762045622,1.2796740393789351e-14,2.335977292077647,0.09421549971014336
35.610000000001484,1.0119531762045617,1.1629923976777773e-14,2.3359772920776467,0.09421549971014348
35.62000000000148,1.0119531762045613,1.0494372659521904e-14,2.3359772920776485,0.0942154997101436
35.63000000000148,1.0119531762045608,9.380297999724928e-15,2.3359772920776463,0.09421549971014367
35.64000000000148,1.0119531762045606,8.280415964393499e-15,2.3359772920776467,0.09421549971014376
35.65000000000148,1.0119531762045602,7.241471520402757e-15,2.335977292077646,0.09421549971014384
35.660000000001475,1.0119531762045597,6.284611364758021e-15,2.3359772920776454,0.09421549971014391
35.67000000000147,1.0119531762045593,5.4160769702000386e-15,2.335977292077643,0.09421549971014395
35.68000000000147,1.0119531762045588,4.627630584861186e-15,2.335977292077642,0.094215499710144
35.69000000000147,1.0119531762045584,3.852035290431761e-15,2.335977292077641,0.09421549971014404
35.70000000000147,1.011953176204558,3.1256122568428796e-15,2.3359772920776387,0.09421549971014406
35.710000000001465,1.0119531762045575,2.468745463738942e-15,2.335977292077638,0.09421549971014409
35.72000000000146,1.011953176204557,1.8447706205695924e-15,2.335977292077636,0.09421549971014413
35.73000000000146,1.0119531762045566,1.293868358532897e-15,2.3359772920776343,0.09421549971014415
35.74000000000146,1.011953176204556,8.314084514574e-16,2.3359772920776307,0.09421549971014417
35.75000000000146,1.0119531762045555,5.85476518571965e-16,2.335977292077629,0.09421549971014417
35.760000000001455,1.011953176204555,4.0762576915158675e-16,2.3359772920776254,0.09421549971014419
35.77000000000145,1.0119531762045546,2.8578241904809894e-16,2.335977292077625,0.09421549971014419
35.78000000000145,1.0119531762045542,2.1740391384335112e-16,2.3359772920776223,0.09421549971014417
35.79000000000145,1.0119531762045535,2.0087638975408191e-16,2.335977292077618,0.09421549971014419
35.80000000000145,1.011953176204553,3.9659212083091667e-16,2.3359772920776156,0.0942154997101442
35.810000000001445,1.0119531762045526,5.824808104278145e-16,2.3359772920776143,0.0942154997101442
35.82000000000144,1.011953176204552,7.798555340509493e-16,2.3359772920776107,0.09421549971014423
35.83000000000144,1.0119531762045515,1.17957080231484e-15,2.3359772920776085,0.09421549971014424
35.84000000000144,1.0119531762045508,1.5593435996812972e-15,2.3359772920776045,0.09421549971014428
35.85000000000144,1.0119531762045504,2.1451765780652434e-15,2.3359772920776027,0.09421549971014428
35.860000000001435,1.01195317620455,2.7572083544771517e-15,2.3359772920776005,0.09421549971014433
35.87000000000143,1.0119531762045493,3.3456301543556248e-15,2.335977292077598,0.09421549971014438
35.88000000000143,1.0119531762045486,4.072298650128346e-15,2.3359772920775956,0.09421549971014445
35.89000000000143,1.0119531762045482,4.924291392039922e-15,2.335977292077594,0.09421549971014448
35.90000000000143,1.0119531762045477,5.684112557754325e-15,2.335977292077593,0.09421549971014452
35.910000000001425,1.0119531762045473,6.3699980280995064e-15,2.335977292077591,0.09421549971014458
35.92000000000142,1.0119531762045466,6.996550368864215e-15,2.335977292077589,0.09421549971014465
35.93000000000142,1.0119531762045462,7.735624884653996e-15,2.3359772920775876,0.0942154997101447
35.94000000000142,1.0119531762045455,8.397377244118508e-15,2.3359772920775863,0.09421549971014481
35.95000000000142,1.011953176204545,9.151986136428852e-15,2.3359772920775854,0.0942154997101449
35.960000000001415,1.0119531762045446,9.858219175103569e-15,2.335977292077585,0.09421549971014498
35.97000000000141,1.0119531762045442,1.0481122476447276e-14,2.3359772920775845,0.09421549971014508
35.98000000000141,1.0119531762045435,1.098440123102731e-14,2.3359772920775828,0.09421549971014517
35.99000000000141,1.011953176204543,1.1609290071366112e-14,2.3359772920775823,0.09421549971014526
36.00000000000141,1.0119531762045426,1.214957472887032e-14,2.3359772920775823,0.09421549971014538
36.010000000001405,1.011953176204542,1.2574851509415308e-14,2.33597729207758,0.0942154997101455
36.0200000000014,1.0119531762045413,1.3138254597554462e-14,2.3359772920775796,0.09421549971014566
36.0300000000014,1.0119531762045408,1.3760431708725189e-14,2.33597729207758,0.09421549971014578
36.0400000000014,1.0119531762045404,1.4269392335422348e-14,2.33597729207758,0.09421549971014592
36.0500000000014,1.01195317620454,1.4639975932069148e-14,2.3359772920775805,0.09421549971014606
36.060000000001395,1.0119531762045395,1.4923350247253e-14,2.335977292077581,0.0942154997101462
36.07000000000139,1.0119531762045388,1.511130654201574e-14,2.33597729207758,0.09421549971014637
36.08000000000139,1.0119531762045384,1.5386954280616685e-14,2.3359772920775814,0.0942154997101465
36.09000000000139,1.011953176204538,1.5568951956828252e-14,2.335977292077581,0.09421549971014664
36.10000000000139,1.0119531762045375,1.5705668166407975e-14,2.3359772920775823,0.09421549971014678
36.110000000001385,1.011953176204537,1.5721139637281498e-14,2.335977292077582,0.09421549971014694
36.12000000000138,1.0119531762045364,1.5661460503789958e-14,2.3359772920775823,0.0942154997101471
36.13000000000138,1.0119531762045362,1.5736280978100298e-14,2.3359772920775828,0.09421549971014724
36.14000000000138,1.0119531762045357,1.5690554168773615e-14,2.335977292077584,0.0942154997101474
36.15000000000138,1.0119531762045353,1.5576202354180435e-14,2.3359772920775836,0.09421549971014753
36.160000000001375,1.0119531762045348,1.5454458410799552e-14,2.335977292077585,0.09421549971014767
36.17000000000137,1.0119531762045344,1.5236722000510055e-14,2.3359772920775854,0.09421549971014781
36.18000000000137,1.011953176204534,1.4954026557565234e-14,2.335977292077585,0.09421549971014795
36.19000000000137,1.0119531762045335,1.465599233429258e-14,2.3359772920775854,0.09421549971014809
36.20000000000137,1.011953176204533,1.4336204890782344e-14,2.335977292077586,0.09421549971014823
36.210000000001365,1.0119531762045326,1.3991836895564736e-14,2.3359772920775868,0.09421549971014835
36.22000000000136,1.011953176204532,1.3590874420696265e-14,2.335977292077585,0.0942154997101485
36.23000000000136,1.0119531762045315,1.3355077030951365e-14,2.3359772920775863,0.09421549971014863
36.24000000000136,1.011953176204531,1.3120345565590958e-14,2.3359772920775863,0.09421549971014877
36.25000000000136,1.0119531762045306,1.2883030778415012e-14,2.3359772920775876,0.0942154997101489
36.260000000001355,1.0119531762045302,1.2592032221186275e-14,2.335977292077587,0.09421549971014903
36.27000000000135,1.0119531762045297,1.2229055963875981e-14,2.335977292077588,0.09421549971014916
36.28000000000135,1.0119531762045293,1.1871527989901574e-14,2.3359772920775868,0.09421549971014927
36.29000000000135,1.0119531762045288,1.1520154766610167e-14,2.335977292077587,0.09421549971014938
36.30000000000135,1.0119531762045284,1.1168510497344497e-14,2.3359772920775868,0.09421549971014949
36.310000000001345,1.011953176204528,1.0790001069070738e-14,2.335977292077588,0.09421549971014961
36.32000000000134,1.0119531762045275,1.0441833368328731e-14,2.335977292077587,0.09421549971014971
36.33000000000134,1.011953176204527,1.0071336087626995e-14,2.335977292077587,0.09421549971014981
36.34000000000134,1.0119531762045266,9.69605559638354e-15,2.3359772920775863,0.09421549971014989
36.35000000000134,1.0119531762045264,9.329803830641647e-15,2.3359772920775854,0.09421549971014999
36.360000000001335,1.011953176204526,9.009387948041893e-15,2.335977292077585,0.09421549971015009
36.37000000000133,1.0119531762045255,8.664394715389588e-15,2.335977292077585,0.09421549971015017
36.38000000000133,1.011953176204525,8.336165705850718e-15,2.335977292077584,0.09421549971015025
36.39000000000133,1.0119531762045246,8.026528510203828e-15,2.335977292077584,0.09421549971015034
36.40000000000133,1.0119531762045242,7.802614442830991e-15,2.3359772920775823,0.0942154997101504
36.410000000001325,1.0119531762045237,7.610382164252823e-15,2.3359772920775814,0.09421549971015047
36.42000000000132,1.0119531762045233,7.445389562954176e-15,2.3359772920775805,0.09421549971015054
36.43000000000132,1.0119531762045229,7.297995729506272e-15,2.3359772920775788,0.09421549971015061
36.44000000000132,1.0119531762045224,7.116119626611559e-15,2.335977292077579,0.09421549971015068
36.45000000000132,1.011953176204522,6.938536131411516e-15,2.335977292077578,0.09421549971015077
36.460000000001315,1.0119531762045215,6.811857283548421e-15,2.335977292077577,0.09421549971015085
36.47000000000131,1.011953176204521,6.669938272435362e-15,2.335977292077576,0.09421549971015093
36.48000000000131,1.0119531762045206,6.55984980153975e-15,2.335977292077576,0.09421549971015102
36.49000000000131,1.0119531762045202,6.410538881956266e-15,2.335977292077574,0.09421549971015108
36.50000000000131,1.0119531762045197,6.356153487991832e-15,2.3359772920775743,0.09421549971015114
36.510000000001305,1.0119531762045193,6.307516442728934e-15,2.3359772920775725,0.0942154997101512
36.5200000000013,1.0119531762045189,6.306308973525479e-15,2.335977292077572,0.09421549971015125
36.5300000000013,1.0119531762045184,6.348178500382313e-15,2.33597729207757,0.09421549971015131
36.5400000000013,1.011953176204518,6.381473175502714e-15,2.3359772920775694,0.09421549971015138
36.5500000000013,1.0119531762045175,6.368511441067807e-15,2.335977292077568,0.09421549971015143
36.560000000001295,1.011953176204517,6.421685292591051e-15,2.3359772920775668,0.09421549971015147
36.57000000000129,1.0119531762045166,6.510287692525476e-15,2.335977292077565,0.09421549971015153
36.58000000000129,1.0119531762045162,6.639695722763086e-15,2.335977292077565,0.0942154997101516
36.59000000000129,1.0119531762045157,6.729256601618287e-15,2.3359772920775628,0.09421549971015165
36.60000000000129,1.0119531762045153,6.810668822079676e-15,2.3359772920775628,0.09421549971015172
36.610000000001286,1.0119531762045149,6.894828005627279e-15,2.335977292077561,0.09421549971015178
36.62000000000128,1.0119531762045144,6.978293082566539e-15,2.3359772920775614,0.09421549971015185
36.63000000000128,1.011953176204514,7.063700757046045e-15,2.335977292077559,0.09421549971015193
36.64000000000128,1.0119531762045135,7.119463715172688e-15,2.3359772920775597,0.09421549971015201
36.65000000000128,1.0119531762045129,7.200078517125876e-15,2.335977292077558,0.09421549971015213
36.660000000001276,1.0119531762045124,7.500956336251402e-15,2.3359772920775552,0.09421549971015221
36.670000000001274,1.011953176204512,7.82342768647091e-15,2.3359772920775557,0.09421549971015229
36.68000000000127,1.0119531762045115,8.116514806673781e-15,2.335977292077555,0.09421549971015238
36.69000000000127,1.011953176204511,8.372672432369978e-15,2.335977292077555,0.09421549971015246
36.70000000000127,1.0119531762045106,8.571569218965917e-15,2.335977292077553,0.09421549971015254
36.710000000001266,1.0119531762045102,8.746088297383217e-15,2.335977292077553,0.09421549971015264
36.720000000001264,1.0119531762045098,8.884447522646898e-15,2.3359772920775517,0.09421549971015272
36.73000000000126,1.0119531762045093,9.056500388747363e-15,2.335977292077552,0.0942154997101528
36.74000000000126,1.0119531762045089,9.267546054693604e-15,2.335977292077551,0.09421549971015289
36.75000000000126,1.0119531762045084,9.459365572688798e-15,2.335977292077551,0.09421549971015299
36.760000000001256,1.011953176204508,9.566708377732904e-15,2.3359772920775494,0.09421549971015307
36.770000000001254,1.0119531762045075,9.691651443858036e-15,2.335977292077549,0.09421549971015315
36.78000000000125,1.0119531762045073,9.809369552634151e-15,2.335977292077548,0.09421549971015324
36.79000000000125,1.0119531762045069,9.916727586899233e-15,2.3359772920775472,0.09421549971015332
36.80000000000125,1.0119531762045064,1.0035910913594707e-14,2.3359772920775463,0.09421549971015342
36.810000000001246,1.0119531762045058,1.0163111358898008e-14,2.3359772920775446,0.09421549971015353
36.820000000001244,1.0119531762045053,1.0499201282758875e-14,2.3359772920775446,0.09421549971015362
36.83000000000124,1.0119531762045049,1.0806305676066901e-14,2.3359772920775437,0.09421549971015372
36.84000000000124,1.0119531762045044,1.1074770528092053e-14,2.335977292077544,0.09421549971015383
36.85000000000124,1.011953176204504,1.1303522057754127e-14,2.3359772920775446,0.09421549971015394
36.860000000001236,1.0119531762045035,1.146728569698269e-14,2.335977292077544,0.09421549971015407
36.870000000001234,1.011953176204503,1.1609796226937127e-14,2.335977292077544,0.0942154997101542
36.88000000000123,1.0119531762045026,1.173823913206895e-14,2.3359772920775446,0.09421549971015432
36.89000000000123,1.0119531762045022,1.1803882318481248e-14,2.3359772920775437,0.09421549971015444
36.90000000000123,1.0119531762045018,1.1864610172518974e-14,2.3359772920775446,0.09421549971015455
36.910000000001226,1.0119531762045013,1.1873862265513307e-14,2.3359772920775437,0.09421549971015467
36.920000000001224,1.0119531762045009,1.1896310061122008e-14,2.335977292077544,0.09421549971015479
36.93000000000122,1.0119531762045004,1.1881539805533377e-14,2.335977292077544,0.09421549971015492
36.94000000000122,1.0119531762045,1.1839564006006582e-14,2.335977292077544,0.09421549971015504
36.95000000000122,1.0119531762044995,1.1852056525169092e-14,2.3359772920775446,0.09421549971015515
36.960000000001216,1.011953176204499,1.1862469702610064e-14,2.3359772920775446,0.09421549971015528
36.970000000001214,1.0119531762044987,1.1800624433332647e-14,2.3359772920775446,0.0942154997101554
36.98000000000121,1.0119531762044982,1.1729503439782256e-14,2.335977292077545,0.09421549971015553
36.99000000000121,1.0119531762044978,1.1678128669639257e-14,2.335977292077544,0.09421549971015564
37.00000000000121,1.0119531762044973,1.1655646639394207e-14,2.3359772920775446,0.09421549971015576
37.010000000001206,1.0119531762044969,1.164419657382114e-14,2.335977292077544,0.09421549971015587
37.020000000001204,1.0119531762044964,1.1572455749159733e-14,2.3359772920775446,0.09421549971015598
37.0300000000012,1.0119531762044962,1.1474282589792176e-14,2.3359772920775437,0.0942154997101561
37.0400000000012,1.0119531762044958,1.1406661412330755e-14,2.335977292077544,0.0942154997101562
37.0500000000012,1.0119531762044953,1.1367988836600854e-14,2.3359772920775432,0.09421549971015632
37.060000000001196,1.0119531762044949,1.134065985847415e-14,2.3359772920775437,0.09421549971015643
37.070000000001194,1.0119531762044944,1.1328211170162702e-14,2.3359772920775423,0.09421549971015655
37.08000000000119,1.011953176204494,1.128788073638672e-14,2.3359772920775437,0.09421549971015666
37.09000000000119,1.0119531762044935,1.125490420770587e-14,2.3359772920775432,0.09421549971015677
37.10000000000119,1.011953176204493,1.1225106703629529e-14,2.3359772920775432,0.09421549971015689
37.110000000001186,1.0119531762044927,1.1215544403636902e-14,2.335977292077542,0.094215499710157
37.120000000001184,1.0119531762044922,1.1182772869015679e-14,2.3359772920775432,0.09421549971015712
37.13000000000118,1.0119531762044918,1.1097054808523293e-14,2.3359772920775423,0.09421549971015725
37.14000000000118,1.0119531762044913,1.1045192628406945e-14,2.3359772920775423,0.09421549971015736
37.15000000000118,1.0119531762044909,1.1036447591753341e-14,2.3359772920775415,0.09421549971015747
37.160000000001176,1.0119531762044904,1.104154115023658e-14,2.3359772920775423,0.0942154997101576
37.170000000001174,1.01195317620449,1.1052342193582019e-14,2.3359772920775415,0.09421549971015769
37.18000000000117,1.0119531762044895,1.1051666989021005e-14,2.335977292077541,0.09421549971015782
37.19000000000117,1.011953176204489,1.1113077655230119e-14,2.335977292077541,0.09421549971015794
37.20000000000117,1.0119531762044887,1.1141558701054327e-14,2.3359772920775406,0.09421549971015804
37.210000000001166,1.0119531762044882,1.1206473796940022e-14,2.3359772920775406,0.09421549971015813
37.220000000001164,1.0119531762044878,1.1229965817710291e-14,2.335977292077541,0.09421549971015826
37.23000000000116,1.0119531762044873,1.1261135255967521e-14,2.335977292077541,0.09421549971015837
37.24000000000116,1.0119531762044869,1.1281254806530593e-14,2.33597729207754,0.09421549971015848
37.25000000000116,1.0119531762044864,1.135692938311216e-14,2.3359772920775397,0.09421549971015858
37.260000000001156,1.011953176204486,1.1402874058922245e-14,2.335977292077539,0.0942154997101587
37.270000000001154,1.0119531762044855,1.1472535792350946e-14,2.33597729207754,0.09421549971015884
37.28000000000115,1.0119531762044853,1.1538571351346228e-14,2.3359772920775392,0.09421549971015897
37.29000000000115,1.0119531762044849,1.1629328449627463e-14,2.33597729207754,0.0942154997101591
37.30000000000115,1.0119531762044844,1.163028045631659e-14,2.3359772920775406,0.09421549971015922
37.310000000001146,1.011953176204484,1.1640289391201839e-14,2.3359772920775406,0.09421549971015934
37.320000000001144,1.0119531762044836,1.1652985856403214e-14,2.3359772920775397,0.09421549971015947
37.33000000000114,1.011953176204483,1.1745108096598168e-14,2.3359772920775406,0.09421549971015959
37.34000000000114,1.0119531762044827,1.1778698986456204e-14,2.33597729207754,0.09421549971015972
37.35000000000114,1.0119531762044822,1.1755527730952842e-14,2.335977292077541,0.09421549971015984
37.360000000001136,1.0119531762044818,1.1752612164606916e-14,2.33597729207754,0.09421549971015997
37.370000000001134,1.0119531762044813,1.1792870217755805e-14,2.335977292077541,0.09421549971016009
37.38000000000113,1.0119531762044809,1.1840522696079914e-14,2.33597729207754,0.0942154997101602
37.39000000000113,1.0119531762044804,1.1901860455583513e-14,2.3359772920775397,0.09421549971016031
37.40000000000113,1.01195317620448,1.1974183959878767e-14,2.335977292077539,0.09421549971016042
37.410000000001126,1.0119531762044796,1.2051500265047707e-14,2.3359772920775397,0.09421549971016055
37.420000000001124,1.011953176204479,1.2186055387945095e-14,2.3359772920775392,0.09421549971016067
37.43000000000112,1.0119531762044787,1.2285247691216549e-14,2.335977292077539,0.09421549971016079
37.44000000000112,1.0119531762044782,1.2397663713816462e-14,2.3359772920775392,0.09421549971016091
37.45000000000112,1.0119531762044778,1.2507231284081052e-14,2.3359772920775392,0.09421549971016102
37.460000000001116,1.0119531762044773,1.2593861715849907e-14,2.335977292077539,0.09421549971016116
37.470000000001114,1.011953176204477,1.266326936528527e-14,2.33597729207754,0.0942154997101613
37.48000000000111,1.0119531762044764,1.270759427671152e-14,2.3359772920775392,0.09421549971016141
37.49000000000111,1.011953176204476,1.2782351952317166e-14,2.3359772920775397,0.09421549971016153
37.50000000000111,1.0119531762044756,1.2971411962203792e-14,2.3359772920775392,0.09421549971016166
37.51000000000111,1.0119531762044753,1.3085489396283752e-14,2.3359772920775392,0.09421549971016178
37.520000000001104,1.011953176204475,1.3189728471597994e-14,2.3359772920775397,0.09421549971016192
37.5300000000011,1.0119531762044744,1.328991593550548e-14,2.33597729207754,0.09421549971016206
37.5400000000011,1.011953176204474,1.33911100069136e-14,2.33597729207754,0.0942154997101622
37.5500000000011,1.0119531762044736,1.3467509121838796e-14,2.335977292077541,0.09421549971016233
37.5600000000011,1.0119531762044731,1.35032667905538e-14,2.33597729207754,0.09421549971016246
37.570000000001095,1.0119531762044727,1.3564332439077032e-14,2.3359772920775397,0.09421549971016262
37.58000000000109,1.0119531762044722,1.3644870307889546e-14,2.3359772920775415,0.09421549971016277
37.59000000000109,1.0119531762044718,1.3721551598758792e-14,2.3359772920775415,0.09421549971016291
37.60000000000109,1.0119531762044713,1.3807868540405612e-14,2.3359772920775432,0.09421549971016306
37.61000000000109,1.011953176204471,1.384340474349354e-14,2.3359772920775423,0.09421549971016321
37.620000000001085,1.0119531762044705,1.3857050919098155e-14,2.335977292077543,0.09421549971016335
37.63000000000108,1.01195317620447,1.3835973762039964e-14,2.335977292077543,0.09421549971016349
37.64000000000108,1.0119531762044696,1.3885406609931014e-14,2.3359772920775437,0.09421549971016364
37.65000000000108,1.0119531762044691,1.3920567265578516e-14,2.3359772920775432,0.09421549971016377
37.66000000000108,1.0119531762044687,1.3981961326300165e-14,2.335977292077544,0.0942154997101639
37.670000000001075,1.0119531762044682,1.4036414800396178e-14,2.3359772920775437,0.09421549971016403
37.68000000000107,1.0119531762044678,1.414522345343518e-14,2.335977292077544,0.09421549971016417
37.69000000000107,1.0119531762044673,1.4232278012458114e-14,2.335977292077544,0.09421549971016431
37.70000000000107,1.0119531762044671,1.430657219400034e-14,2.335977292077545,0.09421549971016445
37.71000000000107,1.0119531762044667,1.440419760266092e-14,2.3359772920775446,0.09421549971016459
37.720000000001065,1.0119531762044662,1.4511555533661484e-14,2.335977292077546,0.09421549971016474
37.73000000000106,1.0119531762044658,1.453242362313199e-14,2.3359772920775455,0.09421549971016488
37.74000000000106,1.0119531762044653,1.4629427732162095e-14,2.3359772920775463,0.09421549971016502
37.75000000000106,1.011953176204465,1.4742103854392173e-14,2.335977292077546,0.09421549971016516
37.76000000000106,1.0119531762044645,1.4904084423325962e-14,2.3359772920775463,0.0942154997101653
37.770000000001055,1.011953176204464,1.5035211804896815e-14,2.3359772920775463,0.09421549971016543
37.78000000000105,1.0119531762044636,1.5159507693641304e-14,2.3359772920775472,0.09421549971016556
37.79000000000105,1.0119531762044631,1.5289156885300433e-14,2.335977292077546,0.0942154997101657
37.80000000000105,1.0119531762044627,1.5403500328657206e-14,2.3359772920775472,0.09421549971016586
37.81000000000105,1.0119531762044622,1.5508941116367008e-14,2.3359772920775477,0.09421549971016602
37.820000000001045,1.0119531762044618,1.5609447321000305e-14,2.3359772920775486,0.09421549971016618
37.83000000000104,1.0119531762044613,1.571824295979511e-14,2.335977292077549,0.09421549971016635
37.84000000000104,1.011953176204461,1.5782672744039963e-14,2.335977292077551,0.09421549971016649
37.85000000000104,1.0119531762044605,1.5863303021276055e-14,2.33597729207755,0.09421549971016664
37.86000000000104,1.0119531762044598,1.596462614621893e-14,2.33597729207755,0.09421549971016684
37.870000000001035,1.0119531762044591,1.6297039309525414e-14,2.33597729207755,0.094215499710167
37.88000000000103,1.0119531762044587,1.6790102765822365e-14,2.3359772920775486,0.0942154997101672
37.89000000000103,1.011953176204458,1.7396293696371043e-14,2.3359772920775477,0.09421549971016738
37.90000000000103,1.0119531762044573,1.8247486525839413e-14,2.3359772920775463,0.09421549971016757
37.91000000000103,1.0119531762044567,1.9239351715516817e-14,2.3359772920775477,0.09421549971016777
37.920000000001025,1.011953176204456,2.0280685651308434e-14,2.3359772920775463,0.09421549971016797
37.93000000000102,1.0119531762044554,2.14866274109959e-14,2.3359772920775463,0.0942154997101682
37.94000000000102,1.0119531762044547,2.272734367278949e-14,2.335977292077547,0.09421549971016842
37.95000000000102,1.011953176204454,2.4011420131521964e-14,2.3359772920775463,0.09421549971016865
37.96000000000102,1.0119531762044534,2.538506470642407e-14,2.3359772920775477,0.0942154997101689
37.970000000001015,1.0119531762044527,2.680977835164248e-14,2.3359772920775486,0.09421549971016917
37.98000000000101,1.011953176204452,2.8264439325181832e-14,2.3359772920775486,0.09421549971016946
37.99000000000101,1.0119531762044514,2.965991689908864e-14,2.3359772920775512,0.09421549971016975
38.00000000000101,1.011953176204451,3.105060866070913e-14,2.335977292077553,0.09421549971017007
38.01000000000101,1.0119531762044502,3.245673525764076e-14,2.335977292077555,0.09421549971017038
38.020000000001005,1.0119531762044496,3.385887236958714e-14,2.335977292077557,0.09421549971017072
38.030000000001,1.011953176204449,3.520416031073715e-14,2.33597729207756,0.09421549971017111
38.040000000001,1.0119531762044482,3.647994907955128e-14,2.335977292077564,0.09421549971017149
38.050000000001,1.0119531762044476,3.769598577251308e-14,2.3359772920775668,0.09421549971017186
38.060000000001,1.011953176204447,3.883804050031234e-14,2.3359772920775703,0.09421549971017226
38.070000000000995,1.0119531762044465,3.988452286027886e-14,2.335977292077574,0.09421549971017268
38.08000000000099,1.0119531762044458,4.093098820453754e-14,2.335977292077577,0.0942154997101731
38.09000000000099,1.0119531762044451,4.190932138847076e-14,2.3359772920775823,0.09421549971017353
38.10000000000099,1.0119531762044445,4.2768796738086447e-14,2.335977292077586,0.09421549971017396
38.11000000000099,1.0119531762044438,4.358875247329866e-14,2.3359772920775908,0.0942154997101744
38.120000000000985,1.0119531762044434,4.4311025524082804e-14,2.3359772920775965,0.09421549971017482
38.13000000000098,1.0119531762044431,4.477145695726103e-14,2.3359772920776023,0.09421549971017526
38.14000000000098,1.0119531762044427,4.494564305368191e-14,2.3359772920776085,0.0942154997101757
38.15000000000098,1.0119531762044423,4.489602012977386e-14,2.3359772920776147,0.09421549971017616
38.16000000000098,1.0119531762044418,4.461617538208639e-14,2.335977292077622,0.0942154997101766
38.170000000000975,1.0119531762044414,4.411754267634783e-14,2.3359772920776276,0.09421549971017706
38.18000000000097,1.0119531762044411,4.342499515392514e-14,2.3359772920776347,0.09421549971017751
38.19000000000097,1.0119531762044407,4.255976111581509e-14,2.3359772920776405,0.09421549971017791
38.20000000000097,1.0119531762044403,4.1550142595542e-14,2.335977292077646,0.09421549971017833
38.21000000000097,1.0119531762044398,4.049954295845396e-14,2.3359772920776507,0.09421549971017874
38.220000000000965,1.0119531762044394,3.924015525251988e-14,2.3359772920776565,0.09421549971017915
38.23000000000096,1.011953176204439,3.794439870568108e-14,2.3359772920776622,0.09421549971017953
38.24000000000096,1.0119531762044387,3.657593415891632e-14,2.3359772920776662,0.0942154997101799
38.25000000000096,1.0119531762044383,3.512589523187992e-14,2.3359772920776707,0.09421549971018024
38.26000000000096,1.0119531762044378,3.3690831687242653e-14,2.3359772920776742,0.0942154997101806
38.270000000000955,1.0119531762044374,3.2262789811337126e-14,2.33597729207768,0.09421549971018096
38.28000000000095,1.011953176204437,3.082118156265539e-14,2.3359772920776822,0.09421549971018126
38.29000000000095,1.0119531762044365,2.945025294402334e-14,2.3359772920776867,0.09421549971018155
38.30000000000095,1.011953176204436,2.8068241154256845e-14,2.3359772920776884,0.09421549971018184
38.31000000000095,1.0119531762044356,2.676144289117936e-14,2.335977292077691,0.0942154997101821
38.320000000000945,1.0119531762044354,2.5508492706362412e-14,2.3359772920776942,0.09421549971018237
38.33000000000094,1.011953176204435,2.4335021003108952e-14,2.3359772920776964,0.0942154997101826
38.34000000000094,1.0119531762044345,2.332838809875944e-14,2.3359772920776978,0.09421549971018285
38.35000000000094,1.0119531762044343,2.2393711070347353e-14,2.3359772920777018,0.09421549971018305
38.36000000000094,1.011953176204434,2.1238188652431067e-14,2.3359772920777044,0.09421549971018325
38.370000000000935,1.0119531762044336,1.9968776057483113e-14,2.3359772920777058,0.09421549971018348
38.38000000000093,1.0119531762044334,1.878056699985526e-14,2.335977292077709,0.09421549971018364
38.39000000000093,1.0119531762044331,1.743227556016643e-14,2.3359772920777115,0.09421549971018381
38.40000000000093,1.011953176204433,1.6015970455611845e-14,2.3359772920777138,0.09421549971018395
38.41000000000093,1.0119531762044325,1.448195194051652e-14,2.335977292077714,0.0942154997101841
38.420000000000925,1.0119531762044323,1.3244378646081462e-14,2.3359772920777155,0.09421549971018421
38.43000000000092,1.011953176204432,1.1964846103335667e-14,2.3359772920777178,0.09421549971018432
38.44000000000092,1.0119531762044318,1.0628683888989313e-14,2.3359772920777178,0.09421549971018442
38.45000000000092,1.0119531762044316,9.193085101700462e-15,2.3359772920777186,0.09421549971018452
38.46000000000092,1.0119531762044311,7.674420512774108e-15,2.335977292077717,0.09421549971018461
38.470000000000915,1.011953176204431,6.500022057744537e-15,2.3359772920777178,0.09421549971018467
38.48000000000091,1.0119531762044307,5.35374597111212e-15,2.335977292077718,0.09421549971018472
38.49000000000091,1.0119531762044305,4.079950724981536e-15,2.335977292077717,0.09421549971018481
38.50000000000091,1.0119531762044303,3.1401316759914787e-15,2.3359772920777164,0.09421549971018482
38.51000000000091,1.01195317620443,2.184612835671713e-15,2.335977292077717,0.09421549971018485
38.520000000000906,1.0119531762044298,1.198661820977238e-15,2.3359772920777164,0.09421549971018485
38.5300000000009,1.0119531762044294,1.47073549954519e-16,2.3359772920777138,0.09421549971018488
38.5400000000009,1.0119531762044292,-5.941229919899323e-16,2.3359772920777124,0.09421549971018486
38.5500000000009,1.0119531762044287,-1.311368511574988e-15,2.3359772920777093,0.09421549971018486
38.5600000000009,1.0119531762044283,-1.81977551864718e-15,2.335977292077708,0.09421549971018484
38.570000000000896,1.0119531762044278,-2.409000455058809e-15,2.3359772920777067,0.09421549971018484
38.580000000000894,1.0119531762044276,-2.6726089758350598e-15,2.335977292077704,0.09421549971018481
38.59000000000089,1.0119531762044274,-3.0131383878475956e-15,2.335977292077703,0.09421549971018477
38.60000000000089,1.011953176204427,-3.2549063250411878e-15,2.335977292077701,0.09421549971018477
38.61000000000089,1.0119531762044267,-3.325947840175413e-15,2.335977292077698,0.09421549971018474
38.620000000000886,1.0119531762044263,-3.439690863587447e-15,2.3359772920776956,0.09421549971018472
38.630000000000884,1.0119531762044258,-3.456752398268371e-15,2.335977292077692,0.09421549971018471
38.64000000000088,1.0119531762044256,-3.1708206238081073e-15,2.335977292077691,0.09421549971018468
38.65000000000088,1.0119531762044254,-3.0150301236135706e-15,2.33597729207769,0.09421549971018464
38.66000000000088,1.011953176204425,-2.9534559972492456e-15,2.3359772920776876,0.09421549971018464
38.670000000000876,1.0119531762044247,-2.617297793381544e-15,2.335977292077686,0.09421549971018461
38.680000000000874,1.0119531762044243,-2.363120210889709e-15,2.3359772920776836,0.0942154997101846
38.69000000000087,1.0119531762044238,-1.96102954282677e-15,2.33597729207768,0.09421549971018459
38.70000000000087,1.0119531762044234,-1.533480615115109e-15,2.335977292077678,0.09421549971018459
38.71000000000087,1.0119531762044232,-8.909203810453989e-16,2.335977292077676,0.09421549971018456
38.720000000000866,1.0119531762044227,-4.1889740836949756e-16,2.3359772920776742,0.09421549971018456
38.730000000000864,1.0119531762044225,3.0843803529861526e-16,2.3359772920776716,0.09421549971018454
38.74000000000086,1.011953176204422,8.426696180900494e-16,2.3359772920776694,0.09421549971018456
38.75000000000086,1.0119531762044216,1.4294739156021872e-15,2.335977292077667,0.09421549971018456
38.76000000000086,1.0119531762044212,2.2262263363181773e-15,2.335977292077665,0.09421549971018457
38.770000000000856,1.011953176204421,3.1248512412067218e-15,2.3359772920776645,0.09421549971018459
38.780000000000854,1.0119531762044205,3.809423111610532e-15,2.3359772920776622,0.09421549971018463
38.79000000000085,1.0119531762044203,4.636935876040194e-15,2.3359772920776622,0.09421549971018466
38.80000000000085,1.0119531762044198,5.220434397071081e-15,2.3359772920776605,0.09421549971018471
38.81000000000085,1.0119531762044194,5.957143250857838e-15,2.3359772920776583,0.09421549971018475
38.820000000000846,1.011953176204419,6.627477304964713e-15,2.335977292077657,0.09421549971018484
38.830000000000844,1.0119531762044187,7.450965403847155e-15,2.3359772920776583,0.09421549971018489
38.84000000000084,1.0119531762044183,7.973461048243653e-15,2.335977292077658,0.09421549971018497
38.85000000000084,1.0119531762044178,8.543061320814576e-15,2.3359772920776556,0.09421549971018506
38.86000000000084,1.0119531762044176,9.257558665379691e-15,2.3359772920776565,0.09421549971018514
38.870000000000836,1.0119531762044172,9.685769925493683e-15,2.335977292077655,0.09421549971018524
38.880000000000834,1.0119531762044167,1.0205515611812112e-14,2.335977292077655,0.09421549971018534
38.89000000000083,1.0119531762044167,1.0821750889597142e-14,2.335977292077657,0.09421549971018543
38.90000000000083,1.0119531762044163,1.117566242420248e-14,2.3359772920776556,0.09421549971018556
38.91000000000083,1.011953176204416,1.1657315170756071e-14,2.335977292077657,0.09421549971018564
38.920000000000826,1.0119531762044156,1.1859022192019713e-14,2.335977292077657,0.09421549971018577
38.930000000000824,1.0119531762044152,1.2126079139828481e-14,2.335977292077657,0.09421549971018588
38.94000000000082,1.011953176204415,1.2487261458749509e-14,2.3359772920776583,0.09421549971018599
38.95000000000082,1.0119531762044145,1.2570788905676104e-14,2.335977292077658,0.09421549971018613
38.96000000000082,1.0119531762044143,1.2788083249022793e-14,2.3359772920776596,0.09421549971018622
38.970000000000816,1.0119531762044138,1.2780600636490376e-14,2.3359772920776587,0.09421549971018636
38.980000000000814,1.0119531762044136,1.2958335635506195e-14,2.335977292077661,0.09421549971018649
38.99000000000081,1.0119531762044134,1.2952963221269937e-14,2.3359772920776622,0.0942154997101866
39.00000000000081,1.011953176204413,1.2742123068067115e-14,2.3359772920776614,0.09421549971018674
39.01000000000081,1.0119531762044127,1.2749365757419565e-14,2.335977292077664,0.09421549971018686
39.020000000000806,1.0119531762044125,1.2504495953331674e-14,2.335977292077666,0.09421549971018697
39.030000000000804,1.011953176204412,1.2036953350575174e-14,2.335977292077665,0.09421549971018711
39.0400000000008,1.0119531762044116,1.1847464252582846e-14,2.335977292077665,0.09421549971018722
39.0500000000008,1.0119531762044114,1.1756658806104015e-14,2.3359772920776654,0.09421549971018732
39.0600000000008,1.0119531762044112,1.1511983168427899e-14,2.3359772920776676,0.09421549971018743
39.070000000000796,1.0119531762044107,1.1021056400220328e-14,2.3359772920776676,0.09421549971018756
39.080000000000794,1.0119531762044105,1.0750312913513768e-14,2.335977292077669,0.09421549971018765
39.09000000000079,1.0119531762044103,1.0415339215435354e-14,2.33597729207767,0.09421549971018775
39.10000000000079,1.01195317620441,9.985586458579047e-15,2.3359772920776702,0.09421549971018785
39.11000000000079,1.0119531762044096,9.439008642964289e-15,2.3359772920776702,0.09421549971018797
39.120000000000786,1.0119531762044094,9.015832887134472e-15,2.335977292077671,0.09421549971018806
39.130000000000784,1.0119531762044092,8.490633383688999e-15,2.33597729207767,0.09421549971018815
39.14000000000078,1.011953176204409,8.21826041593351e-15,2.3359772920776702,0.09421549971018822
39.15000000000078,1.0119531762044087,7.869059745003537e-15,2.335977292077671,0.0942154997101883
39.16000000000078,1.0119531762044085,7.411342900322816e-15,2.3359772920776716,0.09421549971018836
39.170000000000776,1.0119531762044083,6.87140678905755e-15,2.3359772920776725,0.09421549971018842
39.180000000000774,1.0119531762044078,6.292529500155903e-15,2.335977292077671,0.0942154997101885
39.19000000000077,1.0119531762044076,5.832619114484604e-15,2.335977292077671,0.09421549971018855
39.20000000000077,1.0119531762044072,5.249773258661453e-15,2.33597729207767,0.09421549971018864
39.21000000000077,1.011953176204407,4.924547659644696e-15,2.33597729207767,0.09421549971018867
39.220000000000766,1.0119531762044067,4.549352316649601e-15,2.3359772920776694,0.09421549971018871
39.230000000000764,1.0119531762044063,4.1061732616813154e-15,2.3359772920776676,0.09421549971018875
39.24000000000076,1.011953176204406,3.979984823013837e-15,2.335977292077667,0.09421549971018876
39.25000000000076,1.0119531762044058,3.776869456805525e-15,2.335977292077668,0.0942154997101888
39.26000000000076,1.0119531762044056,3.5186060564147937e-15,2.3359772920776667,0.09421549971018883
39.270000000000756,1.0119531762044052,3.12797553479013e-15,2.335977292077665,0.09421549971018887
39.280000000000754,1.011953176204405,2.999218424903197e-15,2.335977292077665,0.0942154997101889
39.29000000000075,1.0119531762044045,2.860066542879569e-15,2.3359772920776622,0.09421549971018893
39.30000000000075,1.0119531762044043,2.8824722940377826e-15,2.3359772920776622,0.09421549971018894
39.31000000000075,1.011953176204404,2.8399208796937082e-15,2.3359772920776614,0.09421549971018897
39.320000000000746,1.0119531762044036,2.678835616416011e-15,2.3359772920776596,0.09421549971018901
39.330000000000744,1.0119531762044034,2.7787840278076564e-15,2.335977292077659,0.09421549971018903
39.34000000000074,1.011953176204403,2.772882952626876e-15,2.3359772920776565,0.09421549971018907
39.35000000000074,1.0119531762044027,2.9275751393041306e-15,2.335977292077657,0.0942154997101891
39.36000000000074,1.0119531762044023,3.0343593191214823e-15,2.335977292077655,0.09421549971018915
39.370000000000736,1.011953176204402,3.2701782026625493e-15,2.3359772920776543,0.09421549971018918
39.380000000000734,1.0119531762044016,3.452647332164106e-15,2.335977292077653,0.09421549971018922
39.39000000000073,1.0119531762044014,3.733169873517476e-15,2.3359772920776525,0.09421549971018926
39.40000000000073,1.0119531762044012,3.957771047529743e-15,2.335977292077651,0.09421549971018928
39.41000000000073,1.0119531762044007,4.112216560482893e-15,2.3359772920776507,0.09421549971018933
39.42000000000073,1.0119531762044003,4.344362182407383e-15,2.335977292077648,0.09421549971018939
39.430000000000724,1.0119531762044,4.6791945447795475e-15,2.3359772920776494,0.09421549971018946
39.44000000000072,1.0119531762043998,4.880543932507467e-15,2.3359772920776494,0.09421549971018951
39.45000000000072,1.0119531762043994,4.9093383021491905e-15,2.3359772920776476,0.0942154997101896
39.46000000000072,1.0119531762043992,5.163371381845223e-15,2.3359772920776476,0.09421549971018964
39.47000000000072,1.0119531762043987,5.241564241563171e-15,2.335977292077648,0.09421549971018972
39.480000000000715,1.0119531762043985,5.543381793766592e-15,2.3359772920776476,0.09421549971018978
39.49000000000071,1.0119531762043983,5.6945067118149505e-15,2.3359772920776476,0.09421549971018985
39.50000000000071,1.011953176204398,5.752431919537613e-15,2.335977292077648,0.0942154997101899
39.51000000000071,1.0119531762043976,5.661076718715193e-15,2.3359772920776467,0.09421549971018997
39.52000000000071,1.0119531762043974,5.805415859887176e-15,2.3359772920776463,0.09421549971019001
39.530000000000705,1.0119531762043972,5.868032893272436e-15,2.3359772920776467,0.09421549971019005
39.5400000000007,1.0119531762043967,5.740847757358938e-15,2.3359772920776454,0.09421549971019011
39.5500000000007,1.0119531762043965,5.8796170342398525e-15,2.3359772920776445,0.09421549971019015
39.5600000000007,1.011953176204396,5.8763209169541945e-15,2.3359772920776427,0.09421549971019022
39.5700000000007,1.0119531762043958,6.086177994243708e-15,2.3359772920776423,0.09421549971019025
39.580000000000695,1.0119531762043954,6.208472425375583e-15,2.3359772920776414,0.0942154997101903
39.59000000000069,1.0119531762043952,6.464155385857611e-15,2.335977292077641,0.09421549971019036
39.60000000000069,1.011953176204395,6.602330181093302e-15,2.3359772920776414,0.09421549971019041
39.61000000000069,1.0119531762043945,6.679069911042177e-15,2.335977292077641,0.0942154997101905
39.62000000000069,1.0119531762043943,6.847932681113738e-15,2.335977292077641,0.09421549971019057
39.630000000000685,1.011953176204394,6.965104960330969e-15,2.335977292077641,0.09421549971019062
39.64000000000068,1.0119531762043938,6.96235128176474e-15,2.3359772920776423,0.09421549971019069
39.65000000000068,1.0119531762043934,6.776477388663288e-15,2.33597729207764,0.09421549971019078
39.66000000000068,1.0119531762043932,6.789902742845769e-15,2.33597729207764,0.09421549971019083
39.67000000000068,1.0119531762043927,6.616100201459015e-15,2.3359772920776396,0.09421549971019091
39.680000000000675,1.0119531762043925,6.695412411236871e-15,2.3359772920776396,0.09421549971019097
39.69000000000067,1.0119531762043923,6.687556733683199e-15,2.335977292077639,0.09421549971019101
39.70000000000067,1.0119531762043918,6.531998085137533e-15,2.3359772920776387,0.09421549971019108
39.71000000000067,1.0119531762043916,6.628040530012146e-15,2.3359772920776374,0.09421549971019111
39.72000000000067,1.0119531762043912,6.58799582431931e-15,2.335977292077636,0.09421549971019118
39.730000000000665,1.011953176204391,6.650082690496345e-15,2.335977292077637,0.09421549971019122
39.74000000000066,1.011953176204391,6.793101429952113e-15,2.3359772920776356,0.09421549971019128
39.75000000000066,1.0119531762043907,6.864262927299127e-15,2.335977292077637,0.09421549971019134
39.76000000000066,1.0119531762043903,6.873168368211699e-15,2.335977292077636,0.09421549971019143
39.77000000000066,1.01195317620439,7.000351582184748e-15,2.3359772920776347,0.09421549971019148
39.780000000000655,1.0119531762043898,7.017127480454983e-15,2.335977292077636,0.09421549971019155
39.79000000000065,1.0119531762043894,6.87465730835213e-15,2.3359772920776356,0.09421549971019164
39.80000000000065,1.0119531762043892,6.969151848760137e-15,2.335977292077635,0.09421549971019169
39.81000000000065,1.011953176204389,6.9264010199303236e-15,2.3359772920776347,0.09421549971019176
39.82000000000065,1.0119531762043885,6.742366919759601e-15,2.3359772920776334,0.09421549971019184
39.830000000000645,1.0119531762043883,6.849472621644977e-15,2.3359772920776347,0.09421549971019189
39.84000000000064,1.011953176204388,6.841374712728036e-15,2.3359772920776343,0.09421549971019196
39.85000000000064,1.0119531762043876,6.668976607581085e-15,2.3359772920776325,0.09421549971019204
39.86000000000064,1.0119531762043874,6.802288939946099e-15,2.3359772920776334,0.09421549971019208
39.87000000000064,1.0119531762043872,6.819203023201879e-15,2.3359772920776334,0.09421549971019215
39.880000000000635,1.011953176204387,6.755711321782824e-15,2.335977292077634,0.09421549971019219
39.89000000000063,1.0119531762043865,6.668787190553095e-15,2.335977292077632,0.09421549971019226
39.90000000000063,1.0119531762043863,6.655842535183238e-15,2.3359772920776325,0.0942154997101923
39.91000000000063,1.0119531762043859,6.587936672968569e-15,2.3359772920776303,0.09421549971019237
39.92000000000063,1.0119531762043856,6.6936136762272984e-15,2.33597729207763,0.0942154997101924
39.930000000000625,1.0119531762043854,6.73860883080138e-15,2.335977292077631,0.09421549971019247
39.94000000000062,1.0119531762043852,6.735516976306044e-15,2.3359772920776316,0.09421549971019252
39.95000000000062,1.011953176204385,6.540149771120632e-15,2.3359772920776307,0.09421549971019257
39.96000000000062,1.0119531762043845,6.369020537476941e-15,2.3359772920776285,0.09421549971019262
39.97000000000062,1.0119531762043843,6.4216420415069685e-15,2.3359772920776294,0.09421549971019266
39.980000000000615,1.011953176204384,6.4106669284712075e-15,2.3359772920776285,0.0942154997101927
39.99000000000061,1.0119531762043836,6.2524967160041966e-15,2.335977292077628,0.09421549971019277
40.00000000000061,1.0119531762043834,6.232538133112619e-15,2.3359772920776276,0.09421549971019282
40.01000000000061,1.0119531762043832,6.3111095703839696e-15,2.3359772920776267,0.09421549971019286
40.02000000000061,1.0119531762043827,6.342863451147217e-15,2.335977292077626,0.09421549971019294
40.030000000000605,1.0119531762043825,6.503013102796889e-15,2.335977292077626,0.094215499710193
40.0400000000006,1.0119531762043823,6.579544800897777e-15,2.335977292077626,0.09421549971019305
40.0500000000006,1.0119531762043819,6.6000672985205975e-15,2.335977292077626,0.09421549971019313
40.0600000000006,1.0119531762043816,6.697388167520055e-15,2.3359772920776263,0.0942154997101932
40.0700000000006,1.0119531762043814,6.736255504335436e-15,2.335977292077625,0.09421549971019325
40.080000000000595,1.0119531762043812,6.730822908896907e-15,2.3359772920776254,0.09421549971019332
40.09000000000059,1.0119531762043807,6.534971508911356e-15,2.3359772920776245,0.09421549971019338
40.10000000000059,1.0119531762043805,6.595688915654867e-15,2.335977292077624,0.09421549971019341
40.11000000000059,1.0119531762043803,6.507820306999635e-15,2.335977292077624,0.09421549971019347
40.12000000000059,1.01195317620438,6.470817742389908e-15,2.335977292077624,0.0942154997101935
40.130000000000585,1.0119531762043796,6.3049064158042216e-15,2.3359772920776223,0.09421549971019356
40.14000000000058,1.0119531762043794,6.422919185290662e-15,2.3359772920776214,0.0942154997101936
40.15000000000058,1.0119531762043792,6.429536744393022e-15,2.3359772920776223,0.09421549971019365
40.16000000000058,1.0119531762043787,6.258530823000077e-15,2.33597729207762,0.09421549971019373
40.17000000000058,1.0119531762043785,6.360388584525259e-15,2.335977292077621,0.09421549971019377
40.180000000000575,1.011953176204378,6.34904746167285e-15,2.3359772920776183,0.09421549971019384
40.19000000000057,1.0119531762043779,6.63736267562087e-15,2.335977292077619,0.09421549971019388
40.20000000000057,1.0119531762043776,6.8065854725575234e-15,2.335977292077619,0.09421549971019395
40.21000000000057,1.0119531762043774,6.866921696091843e-15,2.3359772920776196,0.09421549971019401
40.22000000000057,1.0119531762043772,6.901516510446035e-15,2.3359772920776196,0.09421549971019408
40.230000000000565,1.0119531762043767,6.8746855507305236e-15,2.335977292077618,0.09421549971019416
40.24000000000056,1.0119531762043765,6.930805460264589e-15,2.3359772920776187,0.0942154997101942
40.25000000000056,1.0119531762043763,6.960354817109117e-15,2.3359772920776187,0.09421549971019427
40.26000000000056,1.011953176204376,6.833649440069381e-15,2.335977292077617,0.09421549971019434
40.27000000000056,1.0119531762043759,6.9814485787578124e-15,2.335977292077618,0.09421549971019438
40.280000000000555,1.0119531762043756,6.984743293552362e-15,2.335977292077617,0.09421549971019444
40.29000000000055,1.0119531762043754,7.070198047566746e-15,2.3359772920776174,0.0942154997101945
40.30000000000055,1.0119531762043752,7.100478645101645e-15,2.335977292077618,0.09421549971019455
40.31000000000055,1.0119531762043747,6.972825631969603e-15,2.3359772920776156,0.09421549971019463
40.32000000000055,1.0119531762043745,7.0425059192818235e-15,2.335977292077616,0.0942154997101947
40.330000000000545,1.011953176204374,7.0588811609342005e-15,2.3359772920776156,0.09421549971019479
40.34000000000054,1.0119531762043739,7.226891546589894e-15,2.3359772920776143,0.09421549971019484
40.35000000000054,1.0119531762043736,7.310008743135598e-15,2.335977292077615,0.09421549971019492
40.36000000000054,1.0119531762043734,7.303718627260373e-15,2.335977292077616,0.09421549971019498
40.37000000000054,1.0119531762043732,7.246866032628384e-15,2.3359772920776174,0.09421549971019506
40.380000000000535,1.0119531762043728,7.039438466730074e-15,2.335977292077616,0.09421549971019516
40.39000000000053,1.0119531762043725,7.092299496103116e-15,2.3359772920776165,0.09421549971019523
40.40000000000053,1.0119531762043723,7.007649224812995e-15,2.335977292077617,0.09421549971019531
40.41000000000053,1.0119531762043719,6.8982753772076665e-15,2.3359772920776156,0.09421549971019541
40.42000000000053,1.0119531762043716,6.897339403137395e-15,2.3359772920776165,0.09421549971019547
40.430000000000526,1.0119531762043714,6.79215275748797e-15,2.3359772920776156,0.09421549971019554
40.44000000000052,1.0119531762043712,6.77500991457612e-15,2.3359772920776165,0.09421549971019559
40.45000000000052,1.011953176204371,6.680116128847361e-15,2.3359772920776174,0.09421549971019566
40.46000000000052,1.0119531762043708,6.554397714590751e-15,2.335977292077618,0.09421549971019572
40.47000000000052,1.0119531762043705,6.400735368473376e-15,2.3359772920776165,0.09421549971019579
40.480000000000516,1.0119531762043703,6.2069477661421255e-15,2.335977292077617,0.09421549971019584
40.490000000000514,1.01195317620437,5.971679442153285e-15,2.335977292077618,0.0942154997101959
40.50000000000051,1.0119531762043696,5.665259376842254e-15,2.335977292077615,0.09421549971019595
40.51000000000051,1.0119531762043694,5.5518003480051806e-15,2.335977292077616,0.09421549971019602
40.52000000000051,1.0119531762043692,5.272570917100643e-15,2.335977292077616,0.09421549971019608
40.530000000000506,1.011953176204369,5.158476730591836e-15,2.335977292077616,0.09421549971019613
40.540000000000504,1.0119531762043688,5.0434360990162436e-15,2.335977292077615,0.09421549971019617
40.5500000000005,1.0119531762043685,4.899136568528836e-15,2.335977292077616,0.09421549971019622
40.5600000000005,1.0119531762043683,4.68628989516573e-15,2.3359772920776156,0.09421549971019626
40.5700000000005,1.0119531762043679,4.3867521600126866e-15,2.335977292077613,0.09421549971019631
40.580000000000496,1.0119531762043676,4.389322890344373e-15,2.3359772920776143,0.09421549971019635
40.590000000000494,1.0119531762043674,4.287676568842147e-15,2.335977292077613,0.09421549971019638
40.60000000000049,1.0119531762043672,4.171716958623097e-15,2.3359772920776125,0.09421549971019642
40.61000000000049,1.0119531762043668,4.093683540778865e-15,2.3359772920776107,0.09421549971019648
40.62000000000049,1.0119531762043665,4.158348415836646e-15,2.3359772920776116,0.0942154997101965
40.630000000000486,1.0119531762043663,4.1595707951752996e-15,2.3359772920776107,0.09421549971019652
40.640000000000484,1.011953176204366,4.187667136076272e-15,2.335977292077609,0.09421549971019655
40.65000000000048,1.0119531762043659,4.2092667852956655e-15,2.3359772920776085,0.09421549971019659
40.66000000000048,1.0119531762043654,4.13506579257298e-15,2.3359772920776076,0.09421549971019665
40.67000000000048,1.0119531762043652,4.3609049669861934e-15,2.3359772920776067,0.09421549971019667
40.680000000000476,1.011953176204365,4.4896695953733185e-15,2.3359772920776067,0.09421549971019672
40.690000000000474,1.0119531762043648,4.541699698621588e-15,2.3359772920776067,0.09421549971019677
40.70000000000047,1.0119531762043645,4.55303099707167e-15,2.335977292077607,0.09421549971019681
40.71000000000047,1.011953176204364,4.437768491642305e-15,2.335977292077604,0.09421549971019687
40.72000000000047,1.0119531762043639,4.559235748730929e-15,2.3359772920776045,0.0942154997101969
40.730000000000466,1.0119531762043636,4.770720226600628e-15,2.335977292077604,0.09421549971019694
40.740000000000464,1.0119531762043634,4.9304880672647515e-15,2.335977292077604,0.09421549971019699
40.75000000000046,1.0119531762043632,5.050477489962375e-15,2.3359772920776045,0.09421549971019705
40.76000000000046,1.011953176204363,5.129180142863019e-15,2.335977292077604,0.0942154997101971
40.77000000000046,1.0119531762043628,5.180332081179456e-15,2.335977292077604,0.09421549971019717
40.780000000000456,1.0119531762043625,5.112959209236458e-15,2.335977292077604,0.09421549971019723
40.790000000000454,1.0119531762043623,4.9002672181071456e-15,2.3359772920776027,0.09421549971019728
40.80000000000045,1.011953176204362,5.0355381228726395e-15,2.3359772920776014,0.09421549971019733
40.81000000000045,1.0119531762043619,5.056176571523736e-15,2.3359772920776027,0.09421549971019738
40.82000000000045,1.0119531762043616,5.1291256969325575e-15,2.3359772920776027,0.09421549971019745
40.830000000000446,1.0119531762043614,5.1432808950419004e-15,2.3359772920776027,0.0942154997101975
40.840000000000444,1.0119531762043612,5.199702515913318e-15,2.3359772920776027,0.09421549971019758
40.85000000000044,1.011953176204361,5.1880829131367815e-15,2.335977292077603,0.09421549971019763
40.86000000000044,1.0119531762043608,5.1035399130007465e-15,2.335977292077604,0.0942154997101977
40.87000000000044,1.0119531762043605,4.9537502230127904e-15,2.3359772920776036,0.09421549971019773
40.880000000000436,1.01195317620436,4.811851569601833e-15,2.3359772920776005,0.0942154997101978
40.890000000000434,1.0119531762043599,4.854411030188784e-15,2.3359772920776005,0.09421549971019784
40.90000000000043,1.0119531762043597,4.851257434109686e-15,2.335977292077601,0.09421549971019787
40.91000000000043,1.0119531762043594,4.8292322587455425e-15,2.3359772920776,0.09421549971019791
40.92000000000043,1.0119531762043592,4.7804944809034466e-15,2.3359772920776,0.09421549971019795
40.930000000000426,1.011953176204359,4.7065880721390044e-15,2.3359772920776005,0.09421549971019798
40.940000000000424,1.0119531762043585,4.5214934950416465e-15,2.3359772920775974,0.09421549971019803
40.95000000000042,1.0119531762043583,4.671830976048883e-15,2.3359772920775974,0.09421549971019808
40.96000000000042,1.011953176204358,4.757980544457114e-15,2.3359772920775974,0.09421549971019809
40.97000000000042,1.0119531762043579,4.784149722708286e-15,2.335977292077598,0.09421549971019813
40.980000000000416,1.0119531762043577,4.7902247793479314e-15,2.335977292077597,0.09421549971019819
40.990000000000414,1.0119531762043574,4.819216419171621e-15,2.3359772920775974,0.09421549971019823
41.00000000000041,1.0119531762043572,4.699613312681859e-15,2.335977292077597,0.09421549971019826
41.01000000000041,1.011953176204357,4.695228192150492e-15,2.335977292077596,0.0942154997101983
41.02000000000041,1.0119531762043565,4.6222957609912055e-15,2.3359772920775947,0.09421549971019837
41.030000000000406,1.0119531762043563,4.810619057070975e-15,2.3359772920775947,0.0942154997101984
41.040000000000404,1.011953176204356,4.9455356017280395e-15,2.3359772920775943,0.09421549971019844
41.0500000000004,1.0119531762043559,5.069683657767238e-15,2.335977292077594,0.09421549971019849
41.0600000000004,1.0119531762043557,5.074265363606647e-15,2.335977292077594,0.09421549971019856
41.0700000000004,1.0119531762043552,4.9600537983943966e-15,2.335977292077593,0.09421549971019864
41.080000000000396,1.011953176204355,5.1344240685650695e-15,2.335977292077592,0.09421549971019867
41.090000000000394,1.0119531762043548,5.2431546570565674e-15,2.335977292077592,0.09421549971019874
41.10000000000039,1.0119531762043545,5.308051781051302e-15,2.335977292077593,0.0942154997101988
41.11000000000039,1.0119531762043543,5.217230018314112e-15,2.3359772920775934,0.09421549971019887
41.12000000000039,1.011953176204354,5.292048352363421e-15,2.3359772920775934,0.09421549971019892
41.130000000000386,1.0119531762043539,5.3447251495037675e-15,2.335977292077593,0.09421549971019899
41.140000000000384,1.0119531762043537,5.333273802344081e-15,2.3359772920775934,0.09421549971019905
41.15000000000038,1.0119531762043534,5.300983423975196e-15,2.3359772920775925,0.09421549971019912
41.16000000000038,1.0119531762043532,5.203179937397097e-15,2.335977292077593,0.09421549971019916
41.17000000000038,1.0119531762043528,4.975973864433042e-15,2.335977292077591,0.09421549971019923
41.180000000000376,1.0119531762043525,5.071291865481439e-15,2.3359772920775903,0.09421549971019927
41.190000000000374,1.0119531762043523,5.142530681465303e-15,2.3359772920775903,0.09421549971019931
41.20000000000037,1.011953176204352,5.172501180264495e-15,2.335977292077591,0.09421549971019938
41.21000000000037,1.0119531762043519,5.1432174893767435e-15,2.3359772920775908,0.09421549971019942
41.22000000000037,1.0119531762043517,5.018623166327096e-15,2.3359772920775903,0.09421549971019949
41.230000000000366,1.0119531762043514,5.0229963667213896e-15,2.33597729207759,0.09421549971019952
41.240000000000364,1.0119531762043512,5.002749963141658e-15,2.3359772920775908,0.09421549971019959
41.25000000000036,1.011953176204351,4.92465199739855e-15,2.3359772920775903,0.09421549971019963
41.26000000000036,1.0119531762043508,4.830958051335911e-15,2.3359772920775894,0.09421549971019967
41.27000000000036,1.0119531762043503,4.6347349129930205e-15,2.335977292077588,0.09421549971019971
41.280000000000356,1.01195317620435,4.73844138488758e-15,2.3359772920775876,0.09421549971019975
41.290000000000354,1.0119531762043499,4.859246747687639e-15,2.335977292077587,0.09421549971019978
41.30000000000035,1.0119531762043497,4.929136264893921e-15,2.335977292077587,0.09421549971019985
41.31000000000035,1.0119531762043494,4.9747911895077235e-15,2.335977292077587,0.09421549971019991
41.32000000000035,1.0119531762043492,4.966198508176517e-15,2.3359772920775876,0.09421549971019998
41.33000000000035,1.011953176204349,4.9498715928016835e-15,2.3359772920775863,0.09421549971020003
41.340000000000344,1.0119531762043488,4.840123890102645e-15,2.335977292077587,0.0942154997102001
41.35000000000034,1.0119531762043485,4.8244510253484765e-15,2.3359772920775863,0.09421549971020013
41.36000000000034,1.0119531762043483,4.751949144564416e-15,2.335977292077587,0.0942154997102002
41.37000000000034,1.011953176204348,4.6780169709399735e-15,2.335977292077586,0.09421549971020023
41.38000000000034,1.0119531762043479,4.516634780771773e-15,2.335977292077585,0.09421549971020028
41.390000000000335,1.0119531762043477,4.622788352722791e-15,2.335977292077585,0.09421549971020032
41.40000000000033,1.0119531762043474,4.755292076065022e-15,2.335977292077583,0.09421549971020035
41.41000000000033,1.0119531762043472,4.899116799704846e-15,2.335977292077583,0.09421549971020039
41.42000000000033,1.011953176204347,5.034812969334248e-15,2.335977292077584,0.09421549971020042
41.43000000000033,1.0119531762043468,5.1231993831554636e-15,2.335977292077583,0.09421549971020049
41.440000000000325,1.0119531762043465,5.238972957570943e-15,2.3359772920775828,0.09421549971020055
41.45000000000032,1.0119531762043463,5.292290387025131e-15,2.3359772920775836,0.09421549971020061
41.46000000000032,1.011953176204346,5.245916373519929e-15,2.335977292077583,0.09421549971020067
41.47000000000032,1.0119531762043459,5.0899867354967145e-15,2.335977292077583,0.09421549971020074
41.48000000000032,1.0119531762043457,5.074844280951949e-15,2.3359772920775828,0.09421549971020077
41.490000000000315,1.0119531762043454,5.044654319936534e-15,2.3359772920775836,0.09421549971020084
41.50000000000031,1.0119531762043452,4.955463838437906e-15,2.335977292077583,0.09421549971020086
41.51000000000031,1.011953176204345,4.904001414079945e-15,2.3359772920775823,0.09421549971020093
41.52000000000031,1.0119531762043448,4.8378196958160895e-15,2.3359772920775828,0.09421549971020098
41.53000000000031,1.0119531762043446,4.734043489871942e-15,2.335977292077582,0.09421549971020102
41.540000000000305,1.0119531762043443,4.640886483365318e-15,2.335977292077582,0.09421549971020106
41.5500000000003,1.011953176204344,4.564884753885987e-15,2.3359772920775805,0.0942154997102011
41.5600000000003,1.0119531762043439,4.497458417417765e-15,2.3359772920775814,0.09421549971020113
41.5700000000003,1.0119531762043437,4.350868427991119e-15,2.335977292077581,0.09421549971020117
41.5800000000003,1.0119531762043432,4.129453605542693e-15,2.3359772920775783,0.09421549971020121
41.590000000000295,1.011953176204343,4.29203969726407e-15,2.335977292077578,0.09421549971020124
41.60000000000029,1.0119531762043428,4.3766700886525816e-15,2.3359772920775783,0.09421549971020128
41.61000000000029,1.0119531762043426,4.4597180696105025e-15,2.335977292077578,0.09421549971020131
41.62000000000029,1.0119531762043423,4.572776362486327e-15,2.3359772920775765,0.09421549971020136
41.63000000000029,1.011953176204342,4.566105045858835e-15,2.335977292077578,0.09421549971020142
41.640000000000285,1.0119531762043419,4.676875494063479e-15,2.3359772920775765,0.09421549971020146
41.65000000000028,1.0119531762043417,4.7794423797428296e-15,2.335977292077577,0.09421549971020152
41.66000000000028,1.0119531762043414,4.814366062693983e-15,2.335977292077576,0.09421549971020154
41.67000000000028,1.0119531762043412,4.806595931293543e-15,2.3359772920775765,0.09421549971020161
41.68000000000028,1.011953176204341,4.772234054014503e-15,2.3359772920775765,0.09421549971020164
41.690000000000275,1.0119531762043408,4.726558303106662e-15,2.335977292077576,0.09421549971020168
41.70000000000027,1.0119531762043406,4.713930235079298e-15,2.335977292077575,0.09421549971020171
41.71000000000027,1.0119531762043403,4.709914362927719e-15,2.3359772920775743,0.09421549971020177
41.72000000000027,1.01195317620434,4.59926655687108e-15,2.335977292077574,0.0942154997102018
41.73000000000027,1.0119531762043399,4.579084575055412e-15,2.3359772920775743,0.09421549971020184
41.740000000000265,1.0119531762043397,4.569603660799064e-15,2.335977292077573,0.09421549971020186
41.75000000000026,1.0119531762043392,4.503685506496595e-15,2.3359772920775717,0.09421549971020193
41.76000000000026,1.011953176204339,4.688310660917125e-15,2.335977292077572,0.09421549971020197
41.77000000000026,1.0119531762043388,4.898612233984324e-15,2.3359772920775703,0.094215499710202
41.78000000000026,1.0119531762043386,5.083850399640725e-15,2.335977292077571,0.09421549971020207
41.790000000000255,1.0119531762043383,5.150235947017022e-15,2.3359772920775708,0.09421549971020213
41.80000000000025,1.0119531762043381,5.290420484752918e-15,2.335977292077571,0.0942154997102022
41.81000000000025,1.011953176204338,5.437746044476626e-15,2.335977292077571,0.09421549971020225
41.82000000000025,1.0119531762043377,5.524749017554184e-15,2.3359772920775708,0.09421549971020232
41.83000000000025,1.0119531762043374,5.559926210751691e-15,2.335977292077571,0.09421549971020238
41.840000000000245,1.0119531762043372,5.644631712693986e-15,2.3359772920775708,0.09421549971020245
41.85000000000024,1.011953176204337,5.6769329605769216e-15,2.335977292077571,0.0942154997102025
41.86000000000024,1.0119531762043368,5.654804351764204e-15,2.335977292077571,0.09421549971020257
41.87000000000024,1.0119531762043366,5.548988958716341e-15,2.3359772920775717,0.09421549971020263
41.88000000000024,1.0119531762043363,5.5228097546962e-15,2.3359772920775703,0.09421549971020267
41.890000000000235,1.0119531762043361,5.527657252510748e-15,2.3359772920775703,0.09421549971020272
41.90000000000023,1.011953176204336,5.4970920003602704e-15,2.33597729207757,0.09421549971020277
41.91000000000023,1.0119531762043357,5.482921917716864e-15,2.3359772920775703,0.09421549971020282
41.92000000000023,1.0119531762043354,5.464772578708746e-15,2.33597729207757,0.09421549971020288
41.93000000000023,1.0119531762043352,5.4131748971513604e-15,2.3359772920775694,0.09421549971020293
41.940000000000225,1.011953176204335,5.360696980016781e-15,2.33597729207757,0.09421549971020297
41.95000000000022,1.0119531762043348,5.301428580226363e-15,2.33597729207757,0.09421549971020303
41.96000000000022,1.0119531762043346,5.26145842475829e-15,2.3359772920775694,0.09421549971020307
41.97000000000022,1.0119531762043343,5.189169780680914e-15,2.335977292077569,0.09421549971020313
41.98000000000022,1.0119531762043341,5.096197873226758e-15,2.335977292077569,0.09421549971020317
41.990000000000215,1.011953176204334,4.979697028629987e-15,2.3359772920775685,0.09421549971020321
42.00000000000021,1.011953176204334,4.9787485862293e-15,2.3359772920775677,0.09421549971020325
42.01000000000021,1.0119531762043337,4.96748917551822e-15,2.335977292077568,0.09421549971020331
42.02000000000021,1.0119531762043334,4.937554890359908e-15,2.3359772920775685,0.09421549971020336
42.03000000000021,1.0119531762043332,4.892681027437839e-15,2.3359772920775685,0.0942154997102034
42.040000000000205,1.011953176204333,4.877811876879052e-15,2.335977292077568,0.09421549971020346
42.0500000000002,1.0119531762043328,4.836254614984731e-15,2.335977292077567,0.09421549971020352
42.0600000000002,1.0119531762043326,4.807765579410462e-15,2.3359772920775677,0.09421549971020357
42.0700000000002,1.0119531762043323,4.742528143390872e-15,2.3359772920775677,0.09421549971020361
42.0800000000002,1.0119531762043321,4.748556378671485e-15,2.3359772920775663,0.09421549971020364
42.090000000000195,1.011953176204332,4.730957071544022e-15,2.3359772920775663,0.09421549971020368
42.10000000000019,1.0119531762043317,4.676931511160749e-15,2.335977292077566,0.09421549971020372
42.11000000000019,1.0119531762043315,4.620907074907402e-15,2.335977292077566,0.09421549971020377
42.12000000000019,1.0119531762043312,4.640142569585642e-15,2.335977292077565,0.09421549971020382
42.13000000000019,1.011953176204331,4.688335155479781e-15,2.3359772920775645,0.09421549971020386
42.140000000000185,1.0119531762043308,4.743488634527633e-15,2.335977292077565,0.0942154997102039
42.15000000000018,1.0119531762043306,4.753706417320595e-15,2.335977292077565,0.09421549971020395
42.16000000000018,1.0119531762043303,4.78685808751858e-15,2.3359772920775645,0.094215499710204
42.17000000000018,1.0119531762043301,4.800365262713091e-15,2.335977292077564,0.09421549971020404
42.18000000000018,1.01195317620433,4.818140732008872e-15,2.3359772920775637,0.09421549971020408
42.190000000000175,1.0119531762043297,4.856525163147414e-15,2.3359772920775637,0.09421549971020413
42.20000000000017,1.0119531762043295,4.8704502100536805e-15,2.3359772920775623,0.09421549971020417
42.21000000000017,1.0119531762043292,4.8914348684396306e-15,2.335977292077562,0.09421549971020421
42.22000000000017,1.011953176204329,4.910671582199031e-15,2.3359772920775623,0.09421549971020426
42.23000000000017,1.0119531762043288,4.930373604604151e-15,2.335977292077562,0.09421549971020432
42.240000000000165,1.0119531762043286,4.934852923139746e-15,2.335977292077562,0.09421549971020438
42.25000000000016,1.0119531762043283,4.9429000146959855e-15,2.3359772920775623,0.09421549971020443
42.26000000000016,1.0119531762043281,4.949284246843777e-15,2.3359772920775628,0.09421549971020449
42.27000000000016,1.011953176204328,5.005482391470118e-15,2.3359772920775614,0.09421549971020456
42.28000000000016,1.0119531762043277,5.047687648977618e-15,2.335977292077562,0.09421549971020461
42.290000000000155,1.0119531762043275,5.070123347172582e-15,2.3359772920775623,0.09421549971020468
42.30000000000015,1.0119531762043272,5.066712464565425e-15,2.335977292077562,0.09421549971020472
42.31000000000015,1.011953176204327,5.061954247045258e-15,2.3359772920775614,0.09421549971020479
42.32000000000015,1.0119531762043268,5.043644239751138e-15,2.335977292077561,0.09421549971020483
42.33000000000015,1.0119531762043266,5.046442669822099e-15,2.335977292077561,0.09421549971020489
42.340000000000146,1.0119531762043263,5.028659589874892e-15,2.335977292077562,0.09421549971020494
42.35000000000014,1.0119531762043261,5.0224616582334774e-15,2.33597729207756,0.094215499710205
42.36000000000014,1.011953176204326,5.084362278811404e-15,2.335977292077561,0.09421549971020507
42.37000000000014,1.0119531762043257,5.119551921695329e-15,2.3359772920775614,0.09421549971020513
42.38000000000014,1.0119531762043255,5.12799404313605e-15,2.335977292077561,0.09421549971020518
42.390000000000136,1.0119531762043252,5.172783833746421e-15,2.3359772920775606,0.09421549971020524
42.400000000000134,1.011953176204325,5.213088280012481e-15,2.335977292077561,0.0942154997102053
42.41000000000013,1.0119531762043248,5.1832104852061664e-15,2.3359772920775606,0.09421549971020536
42.42000000000013,1.0119531762043246,5.142445934281209e-15,2.335977292077561,0.09421549971020542
42.43000000000013,1.0119531762043243,5.139572269742648e-15,2.3359772920775606,0.09421549971020547
42.440000000000126,1.0119531762043241,5.1268128907440564e-15,2.33597729207756,0.09421549971020551
42.450000000000124,1.011953176204324,5.1328939303018905e-15,2.335977292077561,0.09421549971020557
42.46000000000012,1.0119531762043237,5.157637473656617e-15,2.3359772920775606,0.09421549971020562
42.47000000000012,1.0119531762043235,5.245723055444838e-15,2.3359772920775597,0.09421549971020568
42.48000000000012,1.0119531762043232,5.313440268013283e-15,2.335977292077559,0.09421549971020575
42.490000000000116,1.011953176204323,5.363374522859049e-15,2.3359772920775597,0.0942154997102058
42.500000000000114,1.0119531762043228,5.427255129835506e-15,2.33597729207756,0.09421549971020586
42.51000000000011,1.0119531762043226,5.477040958463069e-15,2.3359772920775597,0.09421549971020592
42.52000000000011,1.0119531762043223,5.458553063236925e-15,2.3359772920775597,0.09421549971020599
42.53000000000011,1.0119531762043221,5.429237034351123e-15,2.33597729207756,0.09421549971020604
42.540000000000106,1.011953176204322,5.428652803613928e-15,2.33597729207756,0.09421549971020611
42.550000000000104,1.011953176204322,5.507040469279119e-15,2.3359772920775588,0.09421549971020617
42.5600000000001,1.0119531762043217,5.559168644553016e-15,2.3359772920775597,0.09421549971020624
42.5700000000001,1.0119531762043215,5.624557851139379e-15,2.3359772920775606,0.09421549971020629
42.5800000000001,1.0119531762043212,5.628503390769947e-15,2.335977292077561,0.09421549971020635
42.590000000000096,1.011953176204321,5.651469695010072e-15,2.3359772920775597,0.09421549971020639
42.600000000000094,1.0119531762043208,5.7296653547863464e-15,2.33597729207756,0.09421549971020644
42.61000000000009,1.0119531762043206,5.81344726832937e-15,2.335977292077559,0.09421549971020649
42.62000000000009,1.0119531762043203,5.907430785567352e-15,2.3359772920775588,0.09421549971020653
42.63000000000009,1.0119531762043201,5.985212014065988e-15,2.3359772920775583,0.09421549971020658
42.640000000000086,1.01195317620432,6.063876907025945e-15,2.335977292077558,0.09421549971020664
42.650000000000084,1.0119531762043197,6.183973287713657e-15,2.3359772920775583,0.09421549971020671
42.66000000000008,1.0119531762043195,6.307372024403668e-15,2.335977292077558,0.09421549971020676
42.67000000000008,1.0119531762043192,6.407879541293187e-15,2.3359772920775588,0.09421549971020683
42.68000000000008,1.011953176204319,6.481342021360033e-15,2.335977292077558,0.09421549971020689
42.690000000000076,1.0119531762043188,6.552260044724217e-15,2.3359772920775583,0.09421549971020696
42.700000000000074,1.0119531762043186,6.652355639447276e-15,2.3359772920775574,0.09421549971020701
42.71000000000007,1.0119531762043183,6.74280066122334e-15,2.335977292077557,0.09421549971020708
42.72000000000007,1.0119531762043181,6.8105356541109944e-15,2.3359772920775583,0.09421549971020714
42.73000000000007,1.011953176204318,6.911932665187643e-15,2.3359772920775588,0.0942154997102072
42.740000000000066,1.0119531762043177,7.000828802164752e-15,2.335977292077558,0.09421549971020726
42.750000000000064,1.0119531762043175,7.058003226121634e-15,2.3359772920775574,0.09421549971020732
42.76000000000006,1.0119531762043172,7.14038111305151e-15,2.335977292077558,0.09421549971020736
42.77000000000006,1.011953176204317,7.20900552697785e-15,2.3359772920775574,0.09421549971020741
42.78000000000006,1.0119531762043168,7.322403435538884e-15,2.335977292077557,0.09421549971020747
42.790000000000056,1.0119531762043166,7.436544552004136e-15,2.335977292077558,0.09421549971020754
42.800000000000054,1.0119531762043164,7.51364415897437e-15,2.3359772920775574,0.0942154997102076
42.81000000000005,1.0119531762043161,7.563400598387827e-15,2.3359772920775583,0.09421549971020768
42.82000000000005,1.011953176204316,7.685872870365042e-15,2.3359772920775574,0.09421549971020775
42.83000000000005,1.0119531762043157,7.81009262477282e-15,2.335977292077558,0.09421549971020782
42.840000000000046,1.0119531762043155,7.908383200214444e-15,2.3359772920775583,0.0942154997102079
42.850000000000044,1.0119531762043152,7.887079629084179e-15,2.335977292077559,0.09421549971020796
42.86000000000004,1.011953176204315,7.905234804355546e-15,2.3359772920775588,0.09421549971020803
42.87000000000004,1.0119531762043148,7.920033785875983e-15,2.335977292077558,0.09421549971020808
42.88000000000004,1.0119531762043146,7.932214091233829e-15,2.3359772920775583,0.09421549971020816
42.890000000000036,1.0119531762043144,7.959321323910065e-15,2.335977292077559,0.09421549971020822
42.900000000000034,1.0119531762043141,8.012952379637775e-15,2.3359772920775588,0.0942154997102083
42.91000000000003,1.011953176204314,8.054891799263413e-15,2.335977292077559,0.09421549971020837
42.92000000000003,1.0119531762043137,8.073140791846928e-15,2.3359772920775597,0.09421549971020846
42.93000000000003,1.0119531762043135,8.075174608217136e-15,2.33597729207756,0.09421549971020853
42.940000000000026,1.0119531762043132,8.123831636687558e-15,2.3359772920775597,0.09421549971020861
42.950000000000024,1.011953176204313,8.174942600677158e-15,2.335977292077561,0.09421549971020868
42.96000000000002,1.0119531762043128,8.211052511600935e-15,2.3359772920775614,0.09421549971020876
42.97000000000002,1.0119531762043126,8.234760339156616e-15,2.3359772920775614,0.09421549971020883
42.98000000000002,1.0119531762043124,8.276393583180654e-15,2.335977292077561,0.09421549971020891
42.990000000000016,1.0119531762043124,8.305012750224855e-15,2.3359772920775614,0.09421549971020898
43.000000000000014,1.0119531762043121,8.285250182571297e-15,2.335977292077562,0.09421549971020907
43.01000000000001,1.011953176204312,8.244087916764947e-15,2.3359772920775628,0.09421549971020915
43.02000000000001,1.0119531762043117,8.273063455148297e-15,2.3359772920775623,0.09421549971020922
43.03000000000001,1.0119531762043115,8.279970161298881e-15,2.335977292077563,0.09421549971020932
43.040000000000006,1.0119531762043112,8.26980519466985e-15,2.335977292077563,0.0942154997102094
43.050000000000004,1.011953176204311,8.282107100007409e-15,2.3359772920775637,0.0942154997102095
43.06,1.0119531762043108,8.26815830295831e-15,2.3359772920775637,0.09421549971020957
43.07,1.0119531762043106,8.229382975750459e-15,2.335977292077564,0.09421549971020965
43.08,1.0119531762043104,8.199896858733012e-15,2.335977292077564,0.09421549971020972
43.089999999999996,1.0119531762043101,8.201430088718567e-15,2.3359772920775654,0.09421549971020982
43.099999999999994,1.01195317620431,8.166187917093085e-15,2.335977292077566,0.09421549971020989
43.10999999999999,1.0119531762043097,8.135848496592175e-15,2.3359772920775654,0.09421549971020997
43.11999999999999,1.0119531762043095,8.115661263249308e-15,2.3359772920775663,0.09421549971021005
43.12999999999999,1.0119531762043092,8.125110531137439e-15,2.3359772920775663,0.09421549971021013
43.139999999999986,1.011953176204309,8.158759832046421e-15,2.3359772920775668,0.09421549971021023
43.149999999999984,1.0119531762043088,8.123415965903413e-15,2.335977292077567,0.09421549971021032
43.15999999999998,1.0119531762043086,8.097286536300284e-15,2.335977292077568,0.09421549971021038
43.16999999999998,1.0119531762043084,8.036365398908348e-15,2.335977292077567,0.09421549971021045
43.17999999999998,1.0119531762043081,7.969450101140967e-15,2.335977292077568,0.09421549971021055
43.189999999999976,1.011953176204308,7.946852136783185e-15,2.335977292077568,0.09421549971021062
43.199999999999974,1.0119531762043077,7.91973427657348e-15,2.3359772920775685,0.0942154997102107
43.20999999999997,1.0119531762043075,7.90119683854621e-15,2.335977292077569,0.09421549971021077
43.21999999999997,1.0119531762043072,7.883743534059985e-15,2.3359772920775694,0.09421549971021086
43.22999999999997,1.011953176204307,7.854611383764685e-15,2.33597729207757,0.09421549971021093
43.23999999999997,1.0119531762043068,7.841120881141652e-15,2.3359772920775703,0.09421549971021101
43.249999999999964,1.0119531762043066,7.882593820719743e-15,2.3359772920775703,0.09421549971021108
43.25999999999996,1.0119531762043064,7.92365431563499e-15,2.3359772920775708,0.09421549971021116
43.26999999999996,1.0119531762043061,7.968252457660917e-15,2.3359772920775708,0.09421549971021123
43.27999999999996,1.011953176204306,7.970617439320626e-15,2.335977292077571,0.09421549971021131
43.28999999999996,1.0119531762043057,7.989177497656016e-15,2.3359772920775708,0.09421549971021138
43.299999999999955,1.0119531762043055,7.997691140467288e-15,2.335977292077571,0.09421549971021147
43.30999999999995,1.0119531762043052,8.019819011016879e-15,2.3359772920775717,0.09421549971021154
43.31999999999995,1.0119531762043052,8.069460202118336e-15,2.3359772920775717,0.0942154997102116
43.32999999999995,1.011953176204305,8.138545715579823e-15,2.335977292077571,0.09421549971021168
43.33999999999995,1.0119531762043048,8.214261516055957e-15,2.335977292077571,0.09421549971021174
43.349999999999945,1.0119531762043046,8.269682873607987e-15,2.3359772920775717,0.09421549971021183
43.35999999999994,1.0119531762043044,8.301553658475398e-15,2.335977292077572,0.0942154997102119
43.36999999999994,1.0119531762043041,8.354873289515559e-15,2.335977292077572,0.09421549971021198
43.37999999999994,1.011953176204304,8.466001358305416e-15,2.3359772920775725,0.09421549971021205
43.38999999999994,1.0119531762043037,8.497301894845674e-15,2.335977292077574,0.09421549971021215
43.399999999999935,1.0119531762043035,8.49499033597776e-15,2.3359772920775748,0.09421549971021223
43.40999999999993,1.0119531762043033,8.498888560601336e-15,2.335977292077574,0.09421549971021231
43.41999999999993,1.011953176204303,8.528196388549134e-15,2.3359772920775743,0.0942154997102124
43.42999999999993,1.0119531762043028,8.535665699682965e-15,2.335977292077575,0.09421549971021248
43.43999999999993,1.0119531762043026,8.585436335125476e-15,2.335977292077575,0.09421549971021258
43.449999999999925,1.0119531762043024,8.627544794119352e-15,2.335977292077575,0.09421549971021266
43.45999999999992,1.0119531762043021,8.643189590350387e-15,2.3359772920775757,0.09421549971021274
43.46999999999992,1.011953176204302,8.653557983901919e-15,2.3359772920775765,0.09421549971021283
43.47999999999992,1.0119531762043017,8.694810975782351e-15,2.335977292077577,0.09421549971021291
43.48999999999992,1.0119531762043015,8.77650216083052e-15,2.3359772920775774,0.094215499710213
43.499999999999915,1.0119531762043013,8.779151301043128e-15,2.335977292077578,0.0942154997102131
43.50999999999991,1.011953176204301,8.756832320515306e-15,2.3359772920775783,0.09421549971021317
43.51999999999991,1.0119531762043008,8.761102028117777e-15,2.335977292077578,0.09421549971021327
43.52999999999991,1.0119531762043006,8.763710863449338e-15,2.3359772920775796,0.09421549971021335
43.53999999999991,1.0119531762043004,8.774316194393768e-15,2.33597729207758,0.09421549971021344
43.549999999999905,1.0119531762043001,8.770454946926324e-15,2.3359772920775805,0.09421549971021352
43.5599999999999,1.0119531762043,8.781875879747695e-15,2.3359772920775796,0.0942154997102136
43.5699999999999,1.0119531762042997,8.82336442209819e-15,2.33597729207758,0.09421549971021367
43.5799999999999,1.0119531762042995,8.80764955885903e-15,2.335977292077581,0.09421549971021377
43.5899999999999,1.0119531762042993,8.815167921543086e-15,2.3359772920775814,0.09421549971021384
43.599999999999895,1.011953176204299,8.857211063219371e-15,2.335977292077581,0.09421549971021395
43.60999999999989,1.0119531762042988,8.87210073237907e-15,2.3359772920775823,0.09421549971021403
43.61999999999989,1.0119531762042986,8.829061194226809e-15,2.3359772920775828,0.09421549971021412
43.62999999999989,1.0119531762042984,8.840549537741788e-15,2.3359772920775836,0.09421549971021421
43.63999999999989,1.0119531762042984,8.91625777959669e-15,2.3359772920775828,0.0942154997102143
43.649999999999885,1.0119531762042981,8.990758340282525e-15,2.335977292077583,0.0942154997102144
43.65999999999988,1.011953176204298,9.035121283726812e-15,2.3359772920775854,0.09421549971021448
43.66999999999988,1.0119531762042977,9.021576438023966e-15,2.335977292077586,0.09421549971021456
43.67999999999988,1.0119531762042975,9.073493827965635e-15,2.335977292077585,0.09421549971021466
43.68999999999988,1.0119531762042973,9.14212170489783e-15,2.335977292077586,0.09421549971021474
43.699999999999875,1.011953176204297,9.175536717513792e-15,2.3359772920775863,0.09421549971021483
43.70999999999987,1.0119531762042968,9.20102081523905e-15,2.3359772920775863,0.09421549971021492
43.71999999999987,1.0119531762042966,9.196550044900671e-15,2.3359772920775868,0.094215499710215
43.72999999999987,1.0119531762042964,9.151252983576015e-15,2.335977292077587,0.0942154997102151
43.73999999999987,1.0119531762042961,9.119030218253326e-15,2.3359772920775876,0.09421549971021517
43.749999999999865,1.011953176204296,9.135891085546788e-15,2.3359772920775885,0.09421549971021527
43.75999999999986,1.0119531762042957,9.174547211313392e-15,2.335977292077588,0.09421549971021535
43.76999999999986,1.0119531762042955,9.225596898834158e-15,2.3359772920775894,0.09421549971021544
43.77999999999986,1.0119531762042953,9.243105507431057e-15,2.3359772920775894,0.09421549971021555
43.78999999999986,1.011953176204295,9.273776247363093e-15,2.3359772920775903,0.09421549971021563
43.799999999999855,1.0119531762042948,9.353982734377667e-15,2.335977292077591,0.09421549971021574
43.80999999999985,1.0119531762042946,9.404915646938446e-15,2.3359772920775916,0.09421549971021582
43.81999999999985,1.0119531762042944,9.448175397610763e-15,2.335977292077592,0.09421549971021594
43.82999999999985,1.0119531762042941,9.434317781744572e-15,2.3359772920775916,0.09421549971021602
43.83999999999985,1.011953176204294,9.455581237287245e-15,2.335977292077593,0.09421549971021613
43.849999999999845,1.0119531762042937,9.43207995834069e-15,2.335977292077594,0.09421549971021621
43.85999999999984,1.0119531762042935,9.425202665101027e-15,2.3359772920775943,0.09421549971021631
43.86999999999984,1.0119531762042933,9.450272969630982e-15,2.3359772920775947,0.09421549971021641
43.87999999999984,1.011953176204293,9.448477552558885e-15,2.3359772920775947,0.0942154997102165
43.88999999999984,1.0119531762042928,9.491508378871896e-15,2.335977292077595,0.0942154997102166
43.899999999999835,1.0119531762042926,9.518739448953721e-15,2.3359772920775974,0.0942154997102167
43.90999999999983,1.0119531762042924,9.523795742781616e-15,2.3359772920775965,0.09421549971021678
43.91999999999983,1.0119531762042924,9.541512107856468e-15,2.335977292077597,0.09421549971021688
43.92999999999983,1.0119531762042921,9.551807111841158e-15,2.3359772920775987,0.09421549971021699
43.93999999999983,1.011953176204292,9.510093606439184e-15,2.3359772920775987,0.09421549971021707
43.949999999999825,1.0119531762042917,9.513688950964378e-15,2.3359772920775983,0.09421549971021717
43.95999999999982,1.0119531762042915,9.534522510299776e-15,2.3359772920775996,0.09421549971021727
43.96999999999982,1.0119531762042913,9.521211293549528e-15,2.3359772920776005,0.09421549971021737
43.97999999999982,1.011953176204291,9.560228314885853e-15,2.3359772920776014,0.09421549971021746
43.98999999999982,1.0119531762042908,9.609537120128213e-15,2.3359772920776014,0.09421549971021757
43.999999999999815,1.0119531762042906,9.642125162789317e-15,2.3359772920776023,0.09421549971021768
44.00999999999981,1.0119531762042904,9.655229211251151e-15,2.3359772920776036,0.09421549971021778
44.01999999999981,1.0119531762042902,9.674882540880755e-15,2.335977292077604,0.09421549971021788
44.02999999999981,1.01195317620429,9.74271208314932e-15,2.3359772920776036,0.09421549971021798
44.03999999999981,1.0119531762042897,9.746171525091153e-15,2.335977292077605,0.09421549971021809
44.049999999999805,1.0119531762042895,9.698452177077895e-15,2.3359772920776054,0.09421549971021818
44.0599999999998,1.0119531762042893,9.644106468167354e-15,2.3359772920776076,0.09421549971021828
44.0699999999998,1.011953176204289,9.604508209658627e-15,2.3359772920776067,0.09421549971021836
44.0799999999998,1.0119531762042888,9.613723899954427e-15,2.3359772920776076,0.09421549971021848
44.0899999999998,1.0119531762042886,9.635172132810251e-15,2.3359772920776076,0.09421549971021856
44.099999999999795,1.0119531762042886,9.63614387557685e-15,2.33597729207761,0.09421549971021864
44.10999999999979,1.0119531762042884,9.445720899449245e-15,2.335977292077611,0.09421549971021875
44.11999999999979,1.0119531762042882,9.287450996647012e-15,2.335977292077611,0.09421549971021885
44.12999999999979,1.0119531762042882,9.094975027756455e-15,2.335977292077613,0.09421549971021892
44.13999999999979,1.011953176204288,8.725157873150252e-15,2.3359772920776134,0.094215499710219
44.149999999999785,1.0119531762042877,8.411462193460465e-15,2.3359772920776143,0.0942154997102191
44.15999999999978,1.0119531762042877,8.146705054009834e-15,2.3359772920776156,0.09421549971021916
44.16999999999978,1.0119531762042875,7.724868308079673e-15,2.3359772920776165,0.09421549971021922
44.17999999999978,1.0119531762042873,7.330203067024474e-15,2.335977292077616,0.09421549971021931
44.18999999999978,1.011953176204287,6.965617647757581e-15,2.335977292077616,0.09421549971021936
44.199999999999775,1.0119531762042868,6.699707352994108e-15,2.335977292077616,0.09421549971021943
44.20999999999977,1.011953176204287,6.462884406534927e-15,2.3359772920776174,0.09421549971021949
44.21999999999977,1.0119531762042868,6.0784056275049735e-15,2.3359772920776183,0.09421549971021956
44.22999999999977,1.0119531762042868,5.777056659424533e-15,2.3359772920776187,0.0942154997102196
44.23999999999977,1.0119531762042866,5.360991564691188e-15,2.3359772920776187,0.09421549971021967
44.249999999999766,1.0119531762042866,5.000387588853455e-15,2.335977292077619,0.0942154997102197
44.25999999999976,1.0119531762042864,4.511124582469636e-15,2.335977292077619,0.09421549971021974
44.26999999999976,1.0119531762042864,4.079363176241643e-15,2.335977292077621,0.09421549971021978
44.27999999999976,1.0119531762042862,3.524533362293346e-15,2.3359772920776205,0.09421549971021984
44.28999999999976,1.011953176204286,3.1022710299179676e-15,2.335977292077619,0.09421549971021985
44.299999999999756,1.011953176204286,2.7516128090556614e-15,2.335977292077619,0.09421549971021985
44.309999999999754,1.0119531762042857,2.317444534355094e-15,2.3359772920776187,0.09421549971021988
44.31999999999975,1.0119531762042855,1.975520817209085e-15,2.3359772920776196,0.0942154997102199
44.32999999999975,1.0119531762042855,1.6793139656737726e-15,2.33597729207762,0.09421549971021992
44.33999999999975,1.0119531762042853,1.2950751837847054e-15,2.3359772920776187,0.09421549971021995
44.349999999999746,1.011953176204285,1.009249762985309e-15,2.3359772920776174,0.09421549971021996
44.359999999999744,1.011953176204285,7.862564784409643e-16,2.3359772920776174,0.09421549971021995
44.36999999999974,1.0119531762042848,4.801530288553196e-16,2.3359772920776156,0.09421549971021996
44.37999999999974,1.0119531762042846,3.2050615025832193e-16,2.335977292077615,0.09421549971021996
44.38999999999974,1.0119531762042846,2.1712957371366255e-16,2.3359772920776156,0.09421549971021995
44.399999999999736,1.0119531762042844,-2.322863914098092e-17,2.3359772920776147,0.09421549971021996
44.409999999999734,1.0119531762042842,-9.455699929321699e-17,2.3359772920776134,0.09421549971021997
44.41999999999973,1.0119531762042842,-8.373486702287156e-17,2.335977292077614,0.09421549971021997
44.42999999999973,1.011953176204284,-1.837998951028981e-16,2.335977292077613,0.09421549971022
44.43999999999973,1.0119531762042837,-2.05810375565411e-16,2.335977292077611,0.09421549971022
44.449999999999726,1.0119531762042837,-1.6079798914413748e-16,2.335977292077611,0.09421549971021999
44.459999999999724,1.0119531762042835,-2.472834479737812e-16,2.3359772920776107,0.09421549971022
44.46999999999972,1.0119531762042833,-2.289757125602514e-16,2.3359772920776094,0.09421549971022
44.47999999999972,1.011953176204283,-8.253746384088441e-17,2.3359772920776076,0.09421549971022002
44.48999999999972,1.011953176204283,8.459934050674635e-17,2.3359772920776076,0.09421549971022
44.499999999999716,1.0119531762042828,1.2785895022489997e-16,2.335977292077607,0.09421549971022002
44.509999999999714,1.0119531762042826,2.0786479394146366e-16,2.335977292077606,0.09421549971022003
44.51999999999971,1.0119531762042824,3.6387143558074714e-16,2.335977292077604,0.09421549971022003
44.52999999999971,1.0119531762042822,5.994790047445703e-16,2.335977292077604,0.09421549971022006
44.53999999999971,1.0119531762042822,8.433388220451842e-16,2.3359772920776045,0.09421549971022006
44.549999999999706,1.011953176204282,9.5792404641856e-16,2.3359772920776023,0.09421549971022006
44.559999999999704,1.0119531762042817,1.1582115992489402e-15,2.335977292077602,0.09421549971022007
44.5699999999997,1.0119531762042815,1.4268067903251627e-15,2.3359772920776,0.09421549971022007
44.5799999999997,1.0119531762042815,1.73093286023946e-15,2.335977292077601,0.09421549971022007
44.5899999999997,1.0119531762042813,1.8816156188350287e-15,2.3359772920776,0.0942154997102201
44.599999999999696,1.011953176204281,2.1145484683791183e-15,2.335977292077599,0.09421549971022011
44.609999999999694,1.0119531762042808,2.370412279386666e-15,2.3359772920775983,0.09421549971022014
44.61999999999969,1.0119531762042806,2.7014405600316383e-15,2.3359772920775974,0.09421549971022015
44.62999999999969,1.0119531762042806,3.063184201257757e-15,2.3359772920775974,0.09421549971022017
44.63999999999969,1.0119531762042804,3.274154221332985e-15,2.3359772920775965,0.0942154997102202
44.649999999999686,1.0119531762042802,3.5216092591197553e-15,2.3359772920775956,0.09421549971022021
44.659999999999684,1.01195317620428,3.790068819893788e-15,2.335977292077595,0.09421549971022024
44.66999999999968,1.0119531762042797,4.111441331244461e-15,2.3359772920775947,0.0942154997102203
44.67999999999968,1.0119531762042795,4.4636511943357054e-15,2.335977292077594,0.09421549971022035
44.68999999999968,1.0119531762042793,4.7994943226881716e-15,2.3359772920775943,0.0942154997102204
44.699999999999676,1.0119531762042793,5.121425640285782e-15,2.3359772920775956,0.09421549971022045
44.709999999999674,1.011953176204279,5.247466534455873e-15,2.335977292077595,0.0942154997102205
44.71999999999967,1.0119531762042788,5.425004507424249e-15,2.3359772920775947,0.09421549971022054
44.72999999999967,1.0119531762042786,5.635894287077499e-15,2.335977292077595,0.09421549971022061
44.73999999999967,1.0119531762042786,5.824852507667181e-15,2.3359772920775956,0.09421549971022065
44.749999999999666,1.0119531762042786,5.885309827662726e-15,2.335977292077597,0.0942154997102207
44.759999999999664,1.0119531762042784,5.7992984764637484e-15,2.335977292077598,0.09421549971022075
44.76999999999966,1.0119531762042782,5.75701400594654e-15,2.3359772920775974,0.09421549971022082
44.77999999999966,1.011953176204278,5.784314347763767e-15,2.335977292077596,0.09421549971022088
44.78999999999966,1.011953176204278,5.829967643909975e-15,2.3359772920775974,0.0942154997102209
44.799999999999656,1.0119531762042777,5.703028419886817e-15,2.335977292077597,0.09421549971022095
44.809999999999654,1.0119531762042775,5.6174130715379066e-15,2.3359772920775974,0.094215499710221
44.81999999999965,1.0119531762042773,5.605919987813237e-15,2.3359772920775956,0.09421549971022106
44.82999999999965,1.011953176204277,5.681824332852383e-15,2.335977292077596,0.09421549971022113
44.83999999999965,1.011953176204277,5.7548927768107326e-15,2.335977292077598,0.09421549971022117
44.849999999999646,1.0119531762042768,5.709973239930912e-15,2.3359772920775974,0.09421549971022122
44.859999999999644,1.0119531762042768,5.707760074742433e-15,2.335977292077599,0.09421549971022126
44.86999999999964,1.0119531762042766,5.56506700512911e-15,2.335977292077599,0.09421549971022132
44.87999999999964,1.0119531762042766,5.497064979323368e-15,2.3359772920776,0.09421549971022136
44.88999999999964,1.0119531762042764,5.280301193115659e-15,2.335977292077599,0.0942154997102214
44.899999999999636,1.0119531762042764,5.131585228024185e-15,2.3359772920776,0.09421549971022145
44.909999999999634,1.0119531762042762,4.854829268805755e-15,2.3359772920776,0.0942154997102215
44.91999999999963,1.011953176204276,4.6719977804384534e-15,2.335977292077599,0.09421549971022153
44.92999999999963,1.011953176204276,4.55141061321787e-15,2.3359772920776005,0.09421549971022154
44.93999999999963,1.0119531762042757,4.298570744180311e-15,2.3359772920776,0.09421549971022158
44.949999999999626,1.0119531762042755,4.127611194935066e-15,2.335977292077598,0.09421549971022161
44.959999999999624,1.0119531762042753,4.039341572790149e-15,2.3359772920775974,0.09421549971022164
44.96999999999962,1.0119531762042753,4.009795463267492e-15,2.335977292077598,0.09421549971022165
44.97999999999962,1.011953176204275,3.8885364869779446e-15,2.3359772920775987,0.0942154997102217
44.98999999999962,1.011953176204275,3.813268806000624e-15,2.335977292077599,0.0942154997102217
44.999999999999616,1.0119531762042748,3.663532164787822e-15,2.335977292077598,0.09421549971022175
45.009999999999614,1.0119531762042746,3.60240760791846e-15,2.3359772920775974,0.09421549971022178
45.01999999999961,1.0119531762042746,3.590379817775231e-15,2.335977292077598,0.09421549971022179
45.02999999999961,1.0119531762042744,3.482334776956808e-15,2.3359772920775974,0.09421549971022183
45.03999999999961,1.0119531762042744,3.4149567195048935e-15,2.3359772920775983,0.09421549971022183
45.049999999999606,1.0119531762042742,3.263197911117875e-15,2.335977292077597,0.09421549971022185
45.059999999999604,1.011953176204274,3.1899451812138465e-15,2.3359772920775965,0.09421549971022189
45.0699999999996,1.0119531762042737,3.20210663209296e-15,2.335977292077595,0.0942154997102219
45.0799999999996,1.0119531762042737,3.2957272200683115e-15,2.3359772920775965,0.09421549971022194
45.0899999999996,1.0119531762042735,3.2346342252318674e-15,2.3359772920775956,0.09421549971022199
45.099999999999596,1.0119531762042733,3.2506119452993682e-15,2.335977292077595,0.094215499710222
45.109999999999594,1.0119531762042733,3.2749929885645803e-15,2.3359772920775965,0.09421549971022203
45.11999999999959,1.011953176204273,3.154238106330225e-15,2.3359772920775956,0.09421549971022208
45.12999999999959,1.0119531762042728,3.1313153247747998e-15,2.335977292077595,0.09421549971022213
45.13999999999959,1.0119531762042728,3.1469261188635752e-15,2.3359772920775956,0.09421549971022214
45.14999999999959,1.0119531762042726,3.0673322271465115e-15,2.335977292077595,0.0942154997102222
45.159999999999584,1.0119531762042724,3.0433958490371097e-15,2.335977292077595,0.09421549971022224
45.16999999999958,1.0119531762042724,3.030490795827276e-15,2.335977292077597,0.09421549971022228
45.17999999999958,1.0119531762042722,2.909835010810737e-15,2.3359772920775965,0.09421549971022232
45.18999999999958,1.0119531762042722,2.8787807377936595e-15,2.3359772920775974,0.09421549971022235
45.19999999999958,1.011953176204272,2.7222327400514617e-15,2.3359772920775965,0.09421549971022239
45.209999999999575,1.0119531762042717,2.644217014823153e-15,2.3359772920775956,0.09421549971022242
45.21999999999957,1.0119531762042717,2.645049746197196e-15,2.335977292077596,0.09421549971022243
45.22999999999957,1.0119531762042715,2.514819890239962e-15,2.335977292077596,0.09421549971022247
45.23999999999957,1.0119531762042717,2.446613812256627e-15,2.3359772920775965,0.09421549971022249
45.24999999999957,1.0119531762042715,2.2671349304976234e-15,2.335977292077596,0.09421549971022251
45.259999999999565,1.0119531762042713,2.218374899868542e-15,2.3359772920775943,0.09421549971022256
45.26999999999956,1.0119531762042713,2.231808771979138e-15,2.3359772920775947,0.09421549971022256
45.27999999999956,1.011953176204271,2.170803760071891e-15,2.3359772920775943,0.09421549971022258
45.28999999999956,1.011953176204271,2.1006382871824528e-15,2.3359772920775943,0.09421549971022258
45.29999999999956,1.0119531762042708,1.9389175170985073e-15,2.335977292077594,0.09421549971022261
45.309999999999555,1.0119531762042706,1.832708561297033e-15,2.335977292077594,0.09421549971022264
45.31999999999955,1.0119531762042704,1.873178046755479e-15,2.335977292077592,0.09421549971022268
45.32999999999955,1.0119531762042704,2.0007073550072727e-15,2.3359772920775925,0.0942154997102227
45.33999999999955,1.0119531762042702,2.0031565794972986e-15,2.335977292077592,0.09421549971022272
45.34999999999955,1.0119531762042702,2.040475444235123e-15,2.3359772920775934,0.09421549971022274
45.359999999999545,1.01195317620427,1.95235270552666e-15,2.3359772920775925,0.09421549971022278
45.36999999999954,1.01195317620427,1.9200823356093917e-15,2.3359772920775934,0.09421549971022278
45.37999999999954,1.0119531762042697,1.78308630706645e-15,2.3359772920775925,0.09421549971022279
45.38999999999954,1.0119531762042695,1.77668775287883e-15,2.3359772920775908,0.09421549971022282
45.39999999999954,1.0119531762042695,1.8527889730574332e-15,2.3359772920775916,0.09421549971022282
45.409999999999535,1.0119531762042693,1.833164252309186e-15,2.3359772920775908,0.09421549971022283
45.41999999999953,1.0119531762042693,1.8789828276375563e-15,2.335977292077591,0.09421549971022283
45.42999999999953,1.011953176204269,1.8126074424717814e-15,2.3359772920775908,0.09421549971022287
45.43999999999953,1.011953176204269,1.832013426520659e-15,2.3359772920775908,0.09421549971022287
45.44999999999953,1.0119531762042688,1.780253284501228e-15,2.335977292077589,0.09421549971022289
45.459999999999525,1.0119531762042686,1.8236432025605135e-15,2.3359772920775885,0.09421549971022292
45.46999999999952,1.0119531762042686,1.8985157997385363e-15,2.3359772920775885,0.09421549971022292
45.47999999999952,1.0119531762042684,1.8601349313982303e-15,2.3359772920775876,0.09421549971022293
45.48999999999952,1.0119531762042682,1.895735244376976e-15,2.3359772920775868,0.09421549971022294
45.49999999999952,1.011953176204268,2.0362215700820584e-15,2.3359772920775854,0.09421549971022296
45.509999999999515,1.011953176204268,2.2401334828291555e-15,2.335977292077586,0.09421549971022297
45.51999999999951,1.0119531762042677,2.3218603060323367e-15,2.3359772920775863,0.09421549971022301
45.52999999999951,1.0119531762042677,2.441778954269488e-15,2.3359772920775863,0.09421549971022303
45.53999999999951,1.0119531762042675,2.4378293220814156e-15,2.3359772920775854,0.09421549971022306
45.54999999999951,1.0119531762042673,2.5321928247913464e-15,2.3359772920775845,0.0942154997102231
45.559999999999505,1.0119531762042673,2.677577388943976e-15,2.335977292077586,0.09421549971022311
45.5699999999995,1.011953176204267,2.7275351364575217e-15,2.3359772920775845,0.09421549971022314
45.5799999999995,1.011953176204267,2.8675829502893934e-15,2.3359772920775845,0.09421549971022315
45.5899999999995,1.0119531762042668,2.904472122178206e-15,2.3359772920775836,0.09421549971022318
45.5999999999995,1.0119531762042666,3.031332442098118e-15,2.3359772920775836,0.09421549971022321
45.609999999999495,1.0119531762042666,3.148920977968404e-15,2.3359772920775845,0.09421549971022322
45.61999999999949,1.0119531762042664,3.1481983345701486e-15,2.3359772920775845,0.09421549971022329
45.62999999999949,1.0119531762042662,3.2568027823048317e-15,2.3359772920775828,0.09421549971022332
45.63999999999949,1.0119531762042662,3.373812981071933e-15,2.335977292077584,0.09421549971022336
45.64999999999949,1.011953176204266,3.3340598111337517e-15,2.335977292077584,0.09421549971022342
45.659999999999485,1.0119531762042657,3.323626182209806e-15,2.3359772920775828,0.09421549971022343
45.66999999999948,1.0119531762042655,3.43892896015016e-15,2.3359772920775823,0.09421549971022347
45.67999999999948,1.0119531762042655,3.629459540469767e-15,2.3359772920775836,0.09421549971022351
45.68999999999948,1.0119531762042653,3.648342348868204e-15,2.3359772920775828,0.09421549971022355
45.69999999999948,1.0119531762042653,3.7298650399742714e-15,2.3359772920775836,0.09421549971022358
45.709999999999475,1.011953176204265,3.672542295614818e-15,2.335977292077583,0.09421549971022364
45.71999999999947,1.011953176204265,3.676823876049984e-15,2.3359772920775836,0.09421549971022364
45.72999999999947,1.0119531762042648,3.594750069545799e-15,2.3359772920775828,0.09421549971022367
45.73999999999947,1.0119531762042646,3.553383168096537e-15,2.335977292077583,0.09421549971022371
45.74999999999947,1.0119531762042646,3.602329769301911e-15,2.3359772920775836,0.09421549971022371
45.759999999999465,1.0119531762042644,3.571218610824147e-15,2.3359772920775823,0.09421549971022375
45.76999999999946,1.0119531762042644,3.665591267378919e-15,2.3359772920775823,0.09421549971022376
45.77999999999946,1.0119531762042642,3.63642891103651e-15,2.3359772920775828,0.09421549971022383
45.78999999999946,1.0119531762042642,3.639470071475668e-15,2.335977292077583,0.09421549971022383
45.79999999999946,1.011953176204264,3.5362560335845973e-15,2.335977292077582,0.09421549971022386
45.809999999999455,1.011953176204264,3.5210670500934745e-15,2.3359772920775828,0.09421549971022387
45.81999999999945,1.0119531762042637,3.3650045844824355e-15,2.335977292077583,0.09421549971022392
45.82999999999945,1.0119531762042635,3.299701835336973e-15,2.335977292077581,0.09421549971022393
45.83999999999945,1.0119531762042633,3.3229905198434366e-15,2.3359772920775805,0.09421549971022397
45.84999999999945,1.0119531762042633,3.4050788450486292e-15,2.335977292077581,0.09421549971022397
45.859999999999445,1.011953176204263,3.3922771320971722e-15,2.33597729207758,0.09421549971022401
45.86999999999944,1.0119531762042628,3.4377956201259195e-15,2.3359772920775805,0.09421549971022405
45.87999999999944,1.0119531762042628,3.547640820321719e-15,2.335977292077581,0.09421549971022407
45.88999999999944,1.0119531762042626,3.5516590328216505e-15,2.3359772920775788,0.09421549971022411
45.89999999999944,1.0119531762042626,3.5962331676465864e-15,2.3359772920775805,0.09421549971022412
45.909999999999435,1.0119531762042624,3.540280895218978e-15,2.3359772920775796,0.09421549971022417
45.91999999999943,1.0119531762042624,3.547780154383416e-15,2.3359772920775796,0.09421549971022417
45.92999999999943,1.0119531762042622,3.4506124592182994e-15,2.3359772920775805,0.09421549971022422
45.93999999999943,1.011953176204262,3.405274095311598e-15,2.3359772920775796,0.09421549971022425
45.94999999999943,1.011953176204262,3.4689574064609273e-15,2.33597729207758,0.09421549971022426
45.959999999999425,1.0119531762042617,3.4456481686629125e-15,2.3359772920775788,0.09421549971022429
45.96999999999942,1.0119531762042617,3.494252588819829e-15,2.3359772920775788,0.0942154997102243
45.97999999999942,1.0119531762042615,3.4518371573485267e-15,2.335977292077579,0.09421549971022436
45.98999999999942,1.0119531762042615,3.524668192080904e-15,2.33597729207758,0.09421549971022437
45.99999999999942,1.0119531762042613,3.4846107195762684e-15,2.335977292077579,0.09421549971022442
46.009999999999415,1.0119531762042613,3.4699779714280765e-15,2.33597729207758,0.09421549971022442
46.01999999999941,1.011953176204261,3.3566154218367744e-15,2.3359772920775796,0.09421549971022446
46.02999999999941,1.0119531762042608,3.332121329547865e-15,2.335977292077578,0.0942154997102245
46.03999999999941,1.0119531762042608,3.3817462492660403e-15,2.335977292077578,0.0942154997102245
46.04999999999941,1.0119531762042606,3.35924977553219e-15,2.335977292077578,0.09421549971022451
46.059999999999405,1.0119531762042606,3.352303815750605e-15,2.3359772920775783,0.09421549971022453
46.0699999999994,1.0119531762042604,3.25823947564777e-15,2.3359772920775783,0.09421549971022458
46.0799999999994,1.0119531762042604,3.2556048455299538e-15,2.3359772920775788,0.09421549971022458
46.0899999999994,1.0119531762042602,3.161078930357616e-15,2.335977292077578,0.09421549971022462
46.0999999999994,1.01195317620426,3.146168458681013e-15,2.3359772920775774,0.09421549971022469
46.109999999999395,1.01195317620426,3.1825782730785944e-15,2.3359772920775788,0.09421549971022472
46.11999999999939,1.0119531762042597,3.085065687455884e-15,2.3359772920775783,0.09421549971022476
46.12999999999939,1.0119531762042595,3.1060031363801845e-15,2.335977292077577,0.0942154997102248
46.13999999999939,1.0119531762042595,3.198461258867337e-15,2.3359772920775788,0.09421549971022483
46.14999999999939,1.0119531762042593,3.1746421839527874e-15,2.3359772920775765,0.09421549971022487
46.159999999999386,1.0119531762042593,3.2357624918687814e-15,2.3359772920775783,0.09421549971022491
46.16999999999938,1.0119531762042593,3.166610122064072e-15,2.3359772920775796,0.09421549971022496
46.17999999999938,1.011953176204259,2.9858751712532456e-15,2.3359772920775796,0.09421549971022501
46.18999999999938,1.011953176204259,2.8137258412577823e-15,2.3359772920775796,0.09421549971022501
46.19999999999938,1.0119531762042588,2.5719870999451784e-15,2.3359772920775796,0.09421549971022505
46.209999999999376,1.0119531762042586,2.3973183462814966e-15,2.335977292077579,0.0942154997102251
46.219999999999374,1.0119531762042586,2.3398458488453785e-15,2.335977292077579,0.09421549971022511
46.22999999999937,1.0119531762042584,2.1679477618600296e-15,2.3359772920775788,0.09421549971022514
46.23999999999937,1.0119531762042584,2.0900593289644584e-15,2.335977292077579,0.09421549971022514
46.24999999999937,1.0119531762042582,1.93578695283018e-15,2.3359772920775783,0.09421549971022516
46.259999999999366,1.011953176204258,1.906725605258463e-15,2.3359772920775774,0.09421549971022519
46.269999999999364,1.011953176204258,1.9675344938398525e-15,2.3359772920775774,0.0942154997102252
46.27999999999936,1.011953176204258,1.9108376554155918e-15,2.3359772920775783,0.09421549971022522
46.28999999999936,1.0119531762042577,1.7580753063591553e-15,2.3359772920775774,0.09421549971022526
46.29999999999936,1.0119531762042575,1.7247082198510046e-15,2.335977292077577,0.09421549971022529
46.309999999999356,1.0119531762042575,1.768048360738082e-15,2.3359772920775774,0.0942154997102253
46.319999999999354,1.0119531762042573,1.73247892037249e-15,2.3359772920775765,0.09421549971022534
46.32999999999935,1.0119531762042573,1.7436851370294443e-15,2.335977292077577,0.09421549971022534
46.33999999999935,1.011953176204257,1.6619955293010974e-15,2.335977292077576,0.09421549971022536
46.34999999999935,1.011953176204257,1.6714774186036079e-15,2.3359772920775765,0.09421549971022536
46.359999999999346,1.0119531762042568,1.5943446905984683e-15,2.335977292077576,0.0942154997102254
46.369999999999344,1.0119531762042568,1.6257069091174959e-15,2.335977292077576,0.0942154997102254
46.37999999999934,1.0119531762042566,1.577023342609803e-15,2.3359772920775748,0.09421549971022541
46.38999999999934,1.0119531762042566,1.6096119549703037e-15,2.3359772920775748,0.09421549971022541
46.39999999999934,1.0119531762042564,1.5408494295576333e-15,2.3359772920775734,0.09421549971022544
46.409999999999336,1.0119531762042564,1.5514379029588798e-15,2.335977292077574,0.09421549971022544
46.419999999999334,1.0119531762042562,1.4822452668363708e-15,2.335977292077573,0.09421549971022546
46.42999999999933,1.011953176204256,1.5116908735375339e-15,2.3359772920775725,0.09421549971022547
46.43999999999933,1.011953176204256,1.6396368930362411e-15,2.3359772920775725,0.09421549971022546
46.44999999999933,1.0119531762042557,1.6977902478978792e-15,2.3359772920775708,0.09421549971022547
46.459999999999326,1.0119531762042557,1.8314360164936158e-15,2.335977292077571,0.09421549971022547
46.469999999999324,1.0119531762042555,1.8710481813729227e-15,2.3359772920775703,0.0942154997102255
46.47999999999932,1.0119531762042555,1.9908287910388725e-15,2.3359772920775708,0.0942154997102255
46.48999999999932,1.0119531762042553,2.017024035875035e-15,2.3359772920775703,0.09421549971022551
46.49999999999932,1.011953176204255,2.1441080022574134e-15,2.335977292077569,0.09421549971022554
46.509999999999316,1.011953176204255,2.361521183035763e-15,2.3359772920775694,0.09421549971022554
46.519999999999314,1.0119531762042548,2.476631150527279e-15,2.3359772920775677,0.09421549971022555
46.52999999999931,1.0119531762042548,2.6875433442317474e-15,2.335977292077568,0.09421549971022557
46.53999999999931,1.0119531762042548,2.7794265497134464e-15,2.335977292077567,0.09421549971022561
46.54999999999931,1.0119531762042548,2.902015446678203e-15,2.335977292077569,0.09421549971022562
46.559999999999306,1.0119531762042546,2.893653082201007e-15,2.335977292077568,0.09421549971022565
46.569999999999304,1.0119531762042544,3.013951400489556e-15,2.335977292077567,0.09421549971022568
46.5799999999993,1.0119531762042544,3.192169463290568e-15,2.3359772920775677,0.09421549971022569
46.5899999999993,1.0119531762042542,3.28522437374459e-15,2.3359772920775654,0.0942154997102257
46.5999999999993,1.011953176204254,3.438825191793487e-15,2.3359772920775663,0.09421549971022576
46.609999999999296,1.0119531762042537,3.664776243171642e-15,2.3359772920775645,0.09421549971022582
46.619999999999294,1.0119531762042537,3.958227644904683e-15,2.3359772920775668,0.09421549971022584
46.62999999999929,1.0119531762042537,4.082977621993779e-15,2.3359772920775677,0.09421549971022589
46.63999999999929,1.0119531762042535,4.0705922896463064e-15,2.335977292077567,0.09421549971022596
46.64999999999929,1.0119531762042535,4.120700539635735e-15,2.3359772920775685,0.094215499710226
46.659999999999286,1.0119531762042533,4.078376690157217e-15,2.335977292077567,0.09421549971022604
46.669999999999284,1.0119531762042533,4.0925210136341145e-15,2.3359772920775685,0.09421549971022605
46.67999999999928,1.011953176204253,3.99682786562682e-15,2.335977292077568,0.09421549971022611
46.68999999999928,1.0119531762042528,3.959910929052294e-15,2.335977292077568,0.09421549971022616
46.69999999999928,1.0119531762042528,3.981358580956042e-15,2.3359772920775694,0.09421549971022619
46.709999999999276,1.0119531762042526,3.869287633032043e-15,2.335977292077569,0.09421549971022623
46.719999999999274,1.0119531762042526,3.8705136427007166e-15,2.3359772920775703,0.09421549971022627
46.72999999999927,1.0119531762042526,3.735856730022082e-15,2.3359772920775717,0.09421549971022632
46.73999999999927,1.0119531762042524,3.500653466248802e-15,2.3359772920775703,0.09421549971022636
46.74999999999927,1.0119531762042524,3.3914847534512396e-15,2.3359772920775703,0.09421549971022636
46.759999999999266,1.0119531762042522,3.2037960531586094e-15,2.3359772920775694,0.09421549971022637
46.769999999999264,1.011953176204252,3.136626637356882e-15,2.3359772920775685,0.09421549971022641
46.77999999999926,1.011953176204252,3.144027839864711e-15,2.335977292077569,0.09421549971022641
46.78999999999926,1.0119531762042517,3.0702762844051308e-15,2.335977292077567,0.09421549971022646
46.79999999999926,1.0119531762042515,3.0677500696691756e-15,2.3359772920775677,0.09421549971022651
46.809999999999256,1.0119531762042515,3.1015198067420526e-15,2.335977292077569,0.09421549971022655
46.819999999999254,1.0119531762042513,3.004680625260129e-15,2.3359772920775685,0.0942154997102266
46.82999999999925,1.0119531762042513,2.988818374155849e-15,2.3359772920775685,0.0942154997102266
46.83999999999925,1.011953176204251,2.871193492675545e-15,2.335977292077569,0.09421549971022665
46.84999999999925,1.011953176204251,2.8244447137466153e-15,2.335977292077569,0.09421549971022668
46.859999999999246,1.0119531762042508,2.7031975193836293e-15,2.335977292077569,0.09421549971022672
46.869999999999244,1.0119531762042508,2.6549690498300376e-15,2.335977292077569,0.09421549971022675
46.87999999999924,1.0119531762042506,2.581747574820353e-15,2.335977292077568,0.09421549971022679
46.88999999999924,1.0119531762042506,2.573380726792267e-15,2.33597729207757,0.0942154997102268
46.89999999999924,1.0119531762042506,2.4517369384945982e-15,2.3359772920775703,0.09421549971022682
46.909999999999236,1.0119531762042504,2.2450557533911302e-15,2.335977292077569,0.09421549971022684
46.919999999999234,1.0119531762042504,2.1663480081816702e-15,2.3359772920775694,0.09421549971022686
46.92999999999923,1.0119531762042502,2.0059533140368095e-15,2.3359772920775685,0.0942154997102269
46.93999999999923,1.0119531762042502,1.9465489614543197e-15,2.3359772920775694,0.0942154997102269
46.94999999999923,1.01195317620425,1.8025361927798845e-15,2.335977292077567,0.09421549971022691
46.959999999999226,1.01195317620425,1.7776925891992958e-15,2.335977292077569,0.09421549971022693
46.969999999999224,1.0119531762042497,1.6528464911041436e-15,2.3359772920775677,0.09421549971022695
46.97999999999922,1.0119531762042497,1.6214555944586418e-15,2.3359772920775685,0.09421549971022695
46.98999999999922,1.0119531762042495,1.5209835047863911e-15,2.335977292077567,0.09421549971022697
46.99999999999922,1.0119531762042495,1.483370628928045e-15,2.335977292077568,0.09421549971022698
47.009999999999216,1.0119531762042493,1.3538457420796392e-15,2.335977292077567,0.09421549971022702
47.019999999999214,1.0119531762042493,1.3319304120299153e-15,2.335977292077567,0.09421549971022702
47.02999999999921,1.011953176204249,1.2423062022498133e-15,2.3359772920775654,0.09421549971022704
47.03999999999921,1.011953176204249,1.2657639493549918e-15,2.3359772920775654,0.09421549971022704
47.04999999999921,1.0119531762042488,1.2104565084608227e-15,2.335977292077565,0.09421549971022707
47.05999999999921,1.0119531762042488,1.2466202456824137e-15,2.335977292077565,0.09421549971022707
47.069999999999204,1.0119531762042486,1.1866057161154856e-15,2.3359772920775645,0.09421549971022708
47.0799999999992,1.0119531762042486,1.220656410107926e-15,2.335977292077565,0.09421549971022708
47.0899999999992,1.0119531762042484,1.1709200859578078e-15,2.335977292077564,0.09421549971022711
47.0999999999992,1.0119531762042484,1.226109515525091e-15,2.3359772920775645,0.0942154997102271
47.1099999999992,1.0119531762042482,1.1924812800949086e-15,2.3359772920775628,0.09421549971022711
47.119999999999195,1.0119531762042482,1.2731528231945874e-15,2.335977292077563,0.09421549971022711
47.12999999999919,1.011953176204248,1.2675617322914584e-15,2.3359772920775623,0.09421549971022714
47.13999999999919,1.011953176204248,1.3351911315199367e-15,2.3359772920775628,0.09421549971022712
47.14999999999919,1.0119531762042477,1.3294951612341852e-15,2.335977292077561,0.09421549971022712
47.15999999999919,1.0119531762042477,1.4626582042286105e-15,2.3359772920775614,0.09421549971022712
47.169999999999185,1.0119531762042475,1.5115118411983433e-15,2.33597729207756,0.09421549971022715
47.17999999999918,1.0119531762042475,1.6659227018889597e-15,2.33597729207756,0.09421549971022714
47.18999999999918,1.0119531762042473,1.7418487497166147e-15,2.3359772920775588,0.09421549971022715
47.19999999999918,1.0119531762042473,1.9246716574173967e-15,2.3359772920775588,0.09421549971022715
47.20999999999918,1.011953176204247,2.00070302605176e-15,2.3359772920775583,0.09421549971022718
47.219999999999175,1.011953176204247,2.1349319519851344e-15,2.3359772920775583,0.09421549971022718
47.22999999999917,1.0119531762042469,2.183697450798107e-15,2.3359772920775574,0.09421549971022719
47.23999999999917,1.0119531762042469,2.289097365988862e-15,2.335977292077558,0.09421549971022719
47.24999999999917,1.0119531762042466,2.3185673664274054e-15,2.335977292077557,0.09421549971022722
47.25999999999917,1.0119531762042464,2.4653370398812505e-15,2.335977292077556,0.09421549971022725
47.269999999999165,1.0119531762042464,2.659002968718825e-15,2.335977292077557,0.09421549971022726
47.27999999999916,1.0119531762042462,2.738160773684413e-15,2.3359772920775566,0.0942154997102273
47.28999999999916,1.0119531762042462,2.8992802241669956e-15,2.3359772920775566,0.09421549971022732
47.29999999999916,1.011953176204246,2.9593901488974408e-15,2.3359772920775557,0.09421549971022733
47.30999999999916,1.0119531762042457,3.1277899468589897e-15,2.3359772920775543,0.09421549971022736
47.319999999999155,1.0119531762042457,3.3864794651361557e-15,2.3359772920775552,0.09421549971022737
47.32999999999915,1.0119531762042455,3.5275602126683453e-15,2.335977292077554,0.09421549971022741
47.33999999999915,1.0119531762042455,3.739883815209893e-15,2.335977292077555,0.09421549971022744
47.34999999999915,1.0119531762042453,3.8152011820858444e-15,2.3359772920775543,0.0942154997102275
47.35999999999915,1.011953176204245,3.982792560967257e-15,2.3359772920775552,0.09421549971022755
47.369999999999145,1.011953176204245,4.190476109258698e-15,2.3359772920775557,0.0942154997102276
47.37999999999914,1.011953176204245,4.232123897218816e-15,2.335977292077557,0.09421549971022762
47.38999999999914,1.0119531762042449,4.17286013661279e-15,2.3359772920775574,0.09421549971022769
47.39999999999914,1.0119531762042449,4.230018388239374e-15,2.335977292077558,0.09421549971022773
47.40999999999914,1.0119531762042446,4.1659567886499886e-15,2.335977292077557,0.09421549971022779
47.419999999999135,1.0119531762042446,4.178268242281944e-15,2.3359772920775583,0.09421549971022782
47.42999999999913,1.0119531762042446,4.0424377894714205e-15,2.3359772920775588,0.09421549971022784
47.43999999999913,1.0119531762042444,3.8239998943384374e-15,2.3359772920775588,0.09421549971022791
47.44999999999913,1.0119531762042442,3.68953529682758e-15,2.335977292077558,0.09421549971022794
47.45999999999913,1.0119531762042442,3.63595430720771e-15,2.335977292077558,0.09421549971022795
47.469999999999125,1.011953176204244,3.4840254150545355e-15,2.3359772920775583,0.09421549971022798
47.47999999999912,1.011953176204244,3.4272653107006507e-15,2.3359772920775588,0.09421549971022798
47.48999999999912,1.0119531762042437,3.301758118426115e-15,2.335977292077557,0.09421549971022801
47.49999999999912,1.0119531762042437,3.2894304815994883e-15,2.3359772920775574,0.09421549971022801
47.50999999999912,1.0119531762042435,3.2059735318322605e-15,2.3359772920775566,0.09421549971022805
47.519999999999115,1.0119531762042435,3.2046451848103655e-15,2.3359772920775574,0.09421549971022808
47.52999999999911,1.0119531762042433,3.1002204362148024e-15,2.335977292077557,0.09421549971022813
47.53999999999911,1.0119531762042433,3.0944197074141147e-15,2.335977292077558,0.09421549971022815
47.54999999999911,1.011953176204243,3.0539037749105943e-15,2.335977292077557,0.09421549971022819
47.55999999999911,1.011953176204243,3.1205072252036914e-15,2.3359772920775574,0.09421549971022822
47.569999999999105,1.011953176204243,3.0629836019599183e-15,2.3359772920775588,0.09421549971022825
47.5799999999991,1.0119531762042429,2.9012240408209256e-15,2.3359772920775574,0.0942154997102283
47.5899999999991,1.0119531762042429,2.8353886865365543e-15,2.3359772920775588,0.09421549971022833
47.5999999999991,1.0119531762042426,2.6654786067383484e-15,2.335977292077558,0.09421549971022837
47.6099999999991,1.0119531762042426,2.5861955401258857e-15,2.3359772920775597,0.0942154997102284
47.619999999999095,1.0119531762042424,2.3841757334757503e-15,2.3359772920775588,0.09421549971022844
47.62999999999909,1.0119531762042424,2.290443401994448e-15,2.335977292077559,0.09421549971022845
47.63999999999909,1.0119531762042422,2.1266212619961506e-15,2.335977292077557,0.09421549971022848
47.64999999999909,1.011953176204242,2.0598819445327702e-15,2.3359772920775574,0.09421549971022852
47.65999999999909,1.0119531762042422,2.0528759402740604e-15,2.335977292077558,0.09421549971022854
47.669999999999085,1.0119531762042422,1.951471962026599e-15,2.335977292077558,0.09421549971022855
47.67999999999908,1.011953176204242,1.7875697407119766e-15,2.3359772920775574,0.09421549971022858
47.68999999999908,1.011953176204242,1.7324852884823495e-15,2.3359772920775574,0.09421549971022859
47.69999999999908,1.0119531762042417,1.5931370607336351e-15,2.335977292077558,0.09421549971022863
47.70999999999908,1.0119531762042417,1.555631092160855e-15,2.335977292077558,0.09421549971022863
47.719999999999075,1.0119531762042417,1.4227091493519192e-15,2.3359772920775583,0.09421549971022863
47.72999999999907,1.0119531762042415,1.255098064189399e-15,2.335977292077556,0.09421549971022865
47.73999999999907,1.0119531762042415,1.2167069017161006e-15,2.3359772920775566,0.09421549971022865
47.74999999999907,1.0119531762042413,1.1153349829208616e-15,2.3359772920775552,0.09421549971022868
47.75999999999907,1.0119531762042413,1.1285964106291616e-15,2.3359772920775557,0.09421549971022868
47.769999999999065,1.011953176204241,1.0818485673377446e-15,2.335977292077555,0.09421549971022869
47.77999999999906,1.011953176204241,1.1185862245603668e-15,2.3359772920775543,0.09421549971022868
47.78999999999906,1.0119531762042409,1.146597803885909e-15,2.335977292077553,0.0942154997102287
47.79999999999906,1.0119531762042409,1.2980874133717152e-15,2.335977292077554,0.09421549971022869
47.80999999999906,1.0119531762042409,1.3310038267534929e-15,2.335977292077554,0.09421549971022869
47.819999999999055,1.0119531762042406,1.3028134024413057e-15,2.3359772920775526,0.0942154997102287
47.82999999999905,1.0119531762042406,1.3770710037555277e-15,2.335977292077552,0.09421549971022869
47.83999999999905,1.0119531762042404,1.4067411182998242e-15,2.3359772920775517,0.09421549971022872
47.84999999999905,1.0119531762042404,1.5077050630179309e-15,2.3359772920775517,0.0942154997102287
47.85999999999905,1.0119531762042402,1.5417830274362248e-15,2.3359772920775512,0.09421549971022872
47.869999999999045,1.0119531762042402,1.6455870722062646e-15,2.3359772920775512,0.09421549971022872
47.87999999999904,1.0119531762042402,1.6557184189431103e-15,2.3359772920775517,0.09421549971022872
47.88999999999904,1.01195317620424,1.597940153658666e-15,2.3359772920775503,0.09421549971022875
47.89999999999904,1.0119531762042397,1.664638306795907e-15,2.3359772920775486,0.09421549971022875
47.90999999999904,1.0119531762042397,1.874738867785602e-15,2.335977292077549,0.09421549971022875
47.919999999999035,1.0119531762042395,1.9910565403059213e-15,2.335977292077548,0.09421549971022877
47.92999999999903,1.0119531762042395,2.196548003286221e-15,2.335977292077548,0.09421549971022877
47.93999999999903,1.0119531762042395,2.2932962969135615e-15,2.3359772920775486,0.09421549971022877
47.94999999999903,1.0119531762042393,2.3253966645976775e-15,2.3359772920775477,0.09421549971022879
47.95999999999903,1.0119531762042393,2.441268168775013e-15,2.335977292077548,0.0942154997102288
47.969999999999025,1.011953176204239,2.453677790486813e-15,2.3359772920775477,0.09421549971022884
47.97999999999902,1.011953176204239,2.5815583406361007e-15,2.335977292077548,0.09421549971022886
47.98999999999902,1.0119531762042389,2.620771132827943e-15,2.3359772920775463,0.09421549971022888
47.99999999999902,1.0119531762042389,2.7605884514646643e-15,2.3359772920775477,0.0942154997102289
48.00999999999902,1.0119531762042386,2.786362060698279e-15,2.3359772920775463,0.09421549971022894
48.019999999999015,1.0119531762042384,2.9330431367780955e-15,2.3359772920775455,0.09421549971022897
48.02999999999901,1.0119531762042384,3.1860554349264703e-15,2.335977292077546,0.09421549971022897
48.03999999999901,1.0119531762042382,3.3610665618330412e-15,2.335977292077546,0.09421549971022902
48.04999999999901,1.0119531762042382,3.6084780094806504e-15,2.335977292077547,0.09421549971022905
48.05999999999901,1.0119531762042382,3.7491312303723084e-15,2.335977292077548,0.09421549971022908
48.069999999999006,1.011953176204238,3.785492351002217e-15,2.3359772920775463,0.09421549971022912
48.079999999999,1.011953176204238,3.905060072505599e-15,2.3359772920775477,0.09421549971022915
48.089999999999,1.0119531762042377,3.90581383837851e-15,2.335977292077547,0.09421549971022919
48.099999999999,1.0119531762042377,3.973850618111563e-15,2.3359772920775486,0.09421549971022923
48.109999999999,1.0119531762042375,3.9038884034952146e-15,2.3359772920775472,0.09421549971022929
48.119999999998996,1.0119531762042375,3.870767643402901e-15,2.335977292077549,0.09421549971022933
48.129999999998994,1.0119531762042373,3.766632198335665e-15,2.335977292077549,0.09421549971022938
48.13999999999899,1.0119531762042373,3.721510786475869e-15,2.3359772920775494,0.09421549971022941
48.14999999999899,1.011953176204237,3.638197842723548e-15,2.3359772920775486,0.09421549971022945
48.15999999999899,1.011953176204237,3.688370447850868e-15,2.335977292077549,0.09421549971022948
48.169999999998986,1.011953176204237,3.638008796726155e-15,2.3359772920775494,0.0942154997102295
48.179999999998984,1.011953176204237,3.5010763263089316e-15,2.3359772920775503,0.09421549971022952
48.18999999999898,1.0119531762042369,3.2601303963457864e-15,2.3359772920775494,0.09421549971022956
48.19999999999898,1.0119531762042369,3.14427900129942e-15,2.3359772920775494,0.09421549971022956
48.20999999999898,1.0119531762042366,2.985017778145834e-15,2.335977292077549,0.09421549971022958
48.219999999998976,1.0119531762042366,2.91360308563175e-15,2.335977292077549,0.09421549971022958
48.229999999998974,1.0119531762042364,2.8005995207769833e-15,2.3359772920775494,0.09421549971022963
48.23999999999897,1.0119531762042364,2.7518502120069922e-15,2.33597729207755,0.09421549971022965
48.24999999999897,1.0119531762042362,2.6458628327840127e-15,2.335977292077548,0.0942154997102297
48.25999999999897,1.0119531762042362,2.628639122452596e-15,2.3359772920775494,0.09421549971022972
48.269999999998966,1.0119531762042362,2.5052407767555306e-15,2.33597729207755,0.09421549971022973
48.279999999998964,1.011953176204236,2.3298458804947043e-15,2.335977292077549,0.09421549971022976
48.28999999999896,1.011953176204236,2.263156441315991e-15,2.3359772920775494,0.09421549971022977
48.29999999999896,1.0119531762042357,2.1083292963077758e-15,2.3359772920775494,0.09421549971022981
48.30999999999896,1.0119531762042357,2.051487289711347e-15,2.3359772920775503,0.09421549971022983
48.319999999998956,1.0119531762042355,1.945463274188182e-15,2.335977292077549,0.09421549971022986
48.329999999998954,1.0119531762042355,1.951701557436391e-15,2.33597729207755,0.09421549971022987
48.33999999999895,1.0119531762042355,1.8520915806965427e-15,2.335977292077551,0.09421549971022988
48.34999999999895,1.0119531762042353,1.6915808361986554e-15,2.3359772920775486,0.09421549971022991
48.35999999999895,1.0119531762042353,1.6371149112805175e-15,2.3359772920775486,0.09421549971022992
48.369999999998946,1.0119531762042353,1.493116108201037e-15,2.3359772920775494,0.09421549971022994
48.379999999998944,1.011953176204235,1.2882192320219357e-15,2.3359772920775486,0.09421549971022997
48.38999999999894,1.0119531762042349,1.180635424189827e-15,2.3359772920775477,0.09421549971023
48.39999999999894,1.0119531762042349,1.207793991098796e-15,2.335977292077548,0.09421549971023
48.40999999999894,1.0119531762042349,1.1414428855939698e-15,2.335977292077548,0.09421549971023
48.419999999998936,1.0119531762042346,1.0427304844453833e-15,2.335977292077547,0.09421549971023001
48.429999999998934,1.0119531762042346,1.040790443169372e-15,2.3359772920775472,0.09421549971023001
48.43999999999893,1.0119531762042344,9.754041185419678e-16,2.335977292077546,0.09421549971023004
48.44999999999893,1.0119531762042344,1.0103139547173079e-15,2.335977292077547,0.09421549971023004
48.45999999999893,1.0119531762042342,9.766911984727458e-16,2.3359772920775455,0.09421549971023005
48.469999999998926,1.0119531762042342,1.0472019121115866e-15,2.335977292077546,0.09421549971023005
48.479999999998924,1.0119531762042342,1.0129236478261926e-15,2.335977292077546,0.09421549971023005
48.48999999999892,1.011953176204234,9.16757783207494e-16,2.3359772920775455,0.09421549971023008
48.49999999999892,1.011953176204234,9.578863484087557e-16,2.3359772920775455,0.09421549971023008
48.50999999999892,1.0119531762042338,9.364879820635386e-16,2.3359772920775437,0.09421549971023009
48.519999999998916,1.0119531762042338,1.0528172836933238e-15,2.3359772920775437,0.09421549971023009
48.529999999998914,1.0119531762042335,1.077607098497026e-15,2.335977292077543,0.09421549971023012
48.53999999999891,1.0119531762042335,1.2054493932294372e-15,2.3359772920775432,0.09421549971023012
48.54999999999891,1.0119531762042333,1.260994435992879e-15,2.3359772920775423,0.09421549971023013
48.55999999999891,1.0119531762042333,1.4121286477839972e-15,2.3359772920775423,0.09421549971023013
48.569999999998906,1.0119531762042333,1.4791865375567271e-15,2.335977292077543,0.09421549971023013
48.579999999998904,1.011953176204233,1.4660528380417772e-15,2.3359772920775423,0.09421549971023016
48.5899999999989,1.011953176204233,1.5806594193001733e-15,2.3359772920775423,0.09421549971023016
48.5999999999989,1.0119531762042329,1.6256614292835427e-15,2.335977292077541,0.09421549971023017
48.6099999999989,1.0119531762042329,1.7599164838014223e-15,2.335977292077541,0.09421549971023017
48.619999999998896,1.0119531762042329,1.803271671536551e-15,2.335977292077541,0.09421549971023017
48.629999999998894,1.0119531762042326,1.78165917164244e-15,2.33597729207754,0.0942154997102302
48.63999999999889,1.0119531762042324,1.8895510876570227e-15,2.3359772920775383,0.09421549971023022
48.64999999999889,1.0119531762042324,2.091347391903538e-15,2.335977292077539,0.09421549971023022
48.65999999999889,1.0119531762042324,2.200381954990134e-15,2.33597729207754,0.09421549971023023
48.669999999998886,1.0119531762042322,2.245415533420519e-15,2.3359772920775397,0.09421549971023027
48.679999999998884,1.0119531762042322,2.4349988640683286e-15,2.33597729207754,0.09421549971023029
48.68999999999888,1.0119531762042322,2.508304049852917e-15,2.33597729207754,0.0942154997102303
48.69999999999888,1.011953176204232,2.4962902042812757e-15,2.3359772920775397,0.09421549971023033
48.70999999999888,1.011953176204232,2.6086179925877085e-15,2.3359772920775397,0.09421549971023034
48.719999999998876,1.0119531762042318,2.6461528042179092e-15,2.3359772920775392,0.09421549971023038
48.729999999998874,1.0119531762042318,2.771977375367358e-15,2.3359772920775392,0.0942154997102304
48.73999999999887,1.0119531762042318,2.8083770338985556e-15,2.3359772920775397,0.09421549971023041
48.74999999999887,1.0119531762042315,2.7420726688571333e-15,2.3359772920775397,0.09421549971023044
48.75999999999887,1.0119531762042315,2.7819673005421346e-15,2.33597729207754,0.09421549971023045
48.769999999998866,1.0119531762042313,2.7164501193763417e-15,2.3359772920775397,0.0942154997102305
48.779999999998864,1.0119531762042313,2.8023630212337973e-15,2.3359772920775406,0.09421549971023052
48.78999999999886,1.011953176204231,2.7976650749880646e-15,2.3359772920775392,0.09421549971023056
48.79999999999886,1.011953176204231,2.903840410696282e-15,2.3359772920775406,0.09421549971023059
48.80999999999886,1.0119531762042309,2.9002556755938516e-15,2.3359772920775392,0.09421549971023066
48.819999999998856,1.0119531762042309,2.9582884940043267e-15,2.3359772920775406,0.09421549971023069
48.829999999998854,1.0119531762042306,2.9541399082583035e-15,2.3359772920775397,0.09421549971023072
48.83999999999885,1.0119531762042306,3.0219760689155326e-15,2.335977292077541,0.09421549971023074
48.84999999999885,1.0119531762042306,3.0208583102619167e-15,2.3359772920775415,0.09421549971023077
48.85999999999885,1.0119531762042306,2.9309186538684494e-15,2.335977292077543,0.09421549971023081
48.869999999998846,1.0119531762042304,2.744971874084462e-15,2.335977292077543,0.09421549971023088
48.879999999998844,1.0119531762042304,2.6275744692064617e-15,2.3359772920775437,0.09421549971023091
48.88999999999884,1.0119531762042302,2.4452759351477423e-15,2.335977292077543,0.09421549971023095
48.89999999999884,1.0119531762042302,2.337026336573228e-15,2.335977292077543,0.09421549971023097
48.90999999999884,1.01195317620423,2.1643909245928317e-15,2.3359772920775423,0.09421549971023101
48.919999999998836,1.01195317620423,2.0951513811150106e-15,2.335977292077543,0.09421549971023102
48.929999999998834,1.01195317620423,1.930909312937762e-15,2.3359772920775437,0.09421549971023103
48.93999999999883,1.0119531762042298,1.6946861347942537e-15,2.3359772920775432,0.09421549971023105
48.94999999999883,1.0119531762042298,1.5863849408428407e-15,2.3359772920775432,0.09421549971023105
48.95999999999883,1.0119531762042298,1.4114628444912904e-15,2.3359772920775437,0.09421549971023105
48.96999999999883,1.0119531762042295,1.1975492313939421e-15,2.3359772920775423,0.09421549971023109
48.979999999998824,1.0119531762042295,1.1311791668944709e-15,2.3359772920775432,0.0942154997102311
48.98999999999882,1.0119531762042295,9.649272145348628e-16,2.3359772920775437,0.0942154997102311
48.99999999999882,1.0119531762042293,7.805709352243487e-16,2.335977292077542,0.09421549971023112
49.00999999999882,1.0119531762042293,7.288571515361394e-16,2.335977292077542,0.09421549971023112
49.01999999999882,1.011953176204229,6.383253002401062e-16,2.3359772920775406,0.09421549971023115
49.029999999998815,1.011953176204229,6.581189123304662e-16,2.335977292077541,0.09421549971023115
49.03999999999881,1.011953176204229,6.029777965024158e-16,2.3359772920775415,0.09421549971023115
49.04999999999881,1.0119531762042289,5.015616000924605e-16,2.3359772920775406,0.09421549971023116
49.05999999999881,1.0119531762042289,5.190875410432772e-16,2.3359772920775406,0.09421549971023116
49.06999999999881,1.0119531762042289,4.527044200364737e-16,2.335977292077541,0.09421549971023116
49.079999999998805,1.0119531762042286,3.4182071358438395e-16,2.33597729207754,0.09421549971023119
49.0899999999988,1.0119531762042286,3.769731657230008e-16,2.3359772920775397,0.09421549971023117
49.0999999999988,1.0119531762042284,3.681078094827272e-16,2.3359772920775383,0.09421549971023119
49.1099999999988,1.0119531762042284,4.868281580295105e-16,2.335977292077539,0.09421549971023117
49.1199999999988,1.0119531762042284,5.219438039148456e-16,2.335977292077539,0.09421549971023117
49.129999999998795,1.0119531762042282,5.150245555484459e-16,2.335977292077538,0.0942154997102312
49.13999999999879,1.0119531762042282,6.264554788447852e-16,2.3359772920775383,0.0942154997102312
49.14999999999879,1.0119531762042282,6.392282627083027e-16,2.3359772920775383,0.0942154997102312
49.15999999999879,1.011953176204228,6.166046347028317e-16,2.3359772920775375,0.09421549971023122
49.16999999999879,1.011953176204228,6.716138073401638e-16,2.3359772920775375,0.09421549971023122
49.179999999998785,1.011953176204228,6.580032199473978e-16,2.335977292077538,0.09421549971023122
49.18999999999878,1.0119531762042278,6.121991139037963e-16,2.335977292077536,0.09421549971023124
49.19999999999878,1.0119531762042275,7.090149027662193e-16,2.335977292077535,0.09421549971023126
49.20999999999878,1.0119531762042275,9.098295009482247e-16,2.335977292077535,0.09421549971023126
49.21999999999878,1.0119531762042275,1.0301323538173831e-15,2.3359772920775352,0.09421549971023126
49.229999999998775,1.0119531762042273,1.0761453112677026e-15,2.3359772920775344,0.09421549971023128
49.23999999999877,1.0119531762042273,1.242656384199187e-15,2.3359772920775344,0.09421549971023128
49.24999999999877,1.011953176204227,1.3261176153698505e-15,2.335977292077534,0.09421549971023131
49.25999999999877,1.011953176204227,1.5118686618732103e-15,2.335977292077534,0.09421549971023131
49.26999999999877,1.011953176204227,1.6078935046146653e-15,2.3359772920775344,0.09421549971023133
49.279999999998765,1.0119531762042269,1.6429563160562807e-15,2.3359772920775335,0.09421549971023137
49.28999999999876,1.0119531762042269,1.836274012494585e-15,2.3359772920775335,0.09421549971023137
49.29999999999876,1.0119531762042266,1.94711072652104e-15,2.335977292077532,0.09421549971023138
49.30999999999876,1.0119531762042266,2.1537900291724216e-15,2.3359772920775335,0.0942154997102314
49.31999999999876,1.0119531762042266,2.2258092062448287e-15,2.3359772920775335,0.09421549971023141
49.329999999998755,1.0119531762042264,2.2445434930878723e-15,2.335977292077533,0.09421549971023145
49.33999999999875,1.0119531762042264,2.3830362454855124e-15,2.335977292077533,0.09421549971023147
49.34999999999875,1.0119531762042264,2.435418983573733e-15,2.335977292077533,0.09421549971023148
49.35999999999875,1.0119531762042262,2.449397685646771e-15,2.335977292077533,0.0942154997102315
49.36999999999875,1.0119531762042262,2.5761039232075876e-15,2.3359772920775335,0.09421549971023152
49.379999999998745,1.0119531762042262,2.632804797134357e-15,2.3359772920775335,0.09421549971023153
49.38999999999874,1.011953176204226,2.6308966960568784e-15,2.335977292077532,0.09421549971023158
49.39999999999874,1.011953176204226,2.723132517481242e-15,2.335977292077533,0.09421549971023159
49.40999999999874,1.011953176204226,2.7157192327898228e-15,2.3359772920775335,0.09421549971023159
49.41999999999874,1.011953176204226,2.6459497157997827e-15,2.3359772920775326,0.09421549971023162
49.429999999998735,1.011953176204226,2.6742468463128517e-15,2.3359772920775326,0.09421549971023163
49.43999999999873,1.0119531762042258,2.633983831091469e-15,2.335977292077532,0.09421549971023166
49.44999999999873,1.0119531762042258,2.6594776344161483e-15,2.335977292077533,0.09421549971023167
49.45999999999873,1.0119531762042255,2.617052402769352e-15,2.3359772920775326,0.09421549971023171
49.46999999999873,1.0119531762042255,2.7027911746558772e-15,2.335977292077532,0.09421549971023173
49.479999999998725,1.0119531762042253,2.7464624597858665e-15,2.335977292077531,0.09421549971023176
49.48999999999872,1.0119531762042253,2.871637099481938e-15,2.335977292077532,0.09421549971023177
49.49999999999872,1.011953176204225,2.9142913796403145e-15,2.3359772920775312,0.09421549971023183
49.50999999999872,1.011953176204225,3.05914480066535e-15,2.3359772920775326,0.09421549971023185
49.51999999999872,1.011953176204225,3.066911622065733e-15,2.335977292077533,0.09421549971023188
49.529999999998715,1.0119531762042249,3.0208081575365237e-15,2.3359772920775326,0.09421549971023194
49.53999999999871,1.0119531762042249,3.089126720092756e-15,2.335977292077533,0.09421549971023196
49.54999999999871,1.0119531762042246,3.07802545620472e-15,2.3359772920775335,0.09421549971023202
49.55999999999871,1.0119531762042246,3.2190397861435308e-15,2.335977292077534,0.09421549971023206
49.56999999999871,1.0119531762042246,3.250372451731726e-15,2.335977292077535,0.0942154997102321
49.579999999998705,1.0119531762042246,3.1788079924487513e-15,2.335977292077536,0.09421549971023213
49.5899999999987,1.0119531762042246,2.995761857934345e-15,2.3359772920775366,0.09421549971023217
49.5999999999987,1.0119531762042244,2.7486814614934124e-15,2.335977292077536,0.09421549971023223
49.6099999999987,1.0119531762042244,2.633134070841432e-15,2.335977292077536,0.09421549971023224
49.6199999999987,1.0119531762042244,2.4103987697657187e-15,2.335977292077538,0.09421549971023226
49.629999999998695,1.0119531762042242,2.1444857693657553e-15,2.3359772920775366,0.09421549971023228
49.63999999999869,1.0119531762042242,2.026305334586228e-15,2.335977292077537,0.0942154997102323
49.64999999999869,1.0119531762042242,1.835377633405917e-15,2.3359772920775375,0.09421549971023231
49.65999999999869,1.011953176204224,1.6199145525171637e-15,2.335977292077536,0.09421549971023233
49.66999999999869,1.011953176204224,1.5430430090943764e-15,2.3359772920775366,0.09421549971023233
49.679999999998685,1.011953176204224,1.4079813878072803e-15,2.3359772920775366,0.09421549971023233
49.68999999999868,1.011953176204224,1.22131586189382e-15,2.335977292077537,0.09421549971023234
49.69999999999868,1.0119531762042238,9.837046893304043e-16,2.3359772920775375,0.09421549971023238
49.70999999999868,1.0119531762042238,8.637489655934891e-16,2.335977292077537,0.09421549971023238
49.71999999999868,1.0119531762042238,6.904848214157002e-16,2.3359772920775375,0.09421549971023238
49.729999999998675,1.0119531762042235,4.838299727618636e-16,2.335977292077536,0.0942154997102324
49.73999999999867,1.0119531762042235,3.9638439506345843e-16,2.335977292077536,0.0942154997102324
49.74999999999867,1.0119531762042235,2.4997939175571504e-16,2.3359772920775366,0.0942154997102324
49.75999999999867,1.0119531762042233,6.595352523978657e-17,2.3359772920775352,0.09421549971023242
49.76999999999867,1.0119531762042233,2.454388149656584e-17,2.3359772920775344,0.09421549971023241
49.779999999998665,1.0119531762042233,-3.8105121329585744e-17,2.335977292077535,0.0942154997102324
49.78999999999866,1.011953176204223,-1.5070265066251064e-16,2.3359772920775335,0.0942154997102324
49.79999999999866,1.011953176204223,-1.3417263522118653e-16,2.335977292077534,0.09421549971023238
49.80999999999866,1.0119531762042229,-1.5618697208309454e-16,2.3359772920775326,0.0942154997102324
49.81999999999866,1.0119531762042229,-1.5823046921287792e-17,2.335977292077532,0.09421549971023238
49.829999999998655,1.0119531762042229,4.931174060784774e-17,2.335977292077532,0.09421549971023238
49.83999999999865,1.0119531762042226,8.906079798860848e-17,2.3359772920775304,0.0942154997102324
49.84999999999865,1.0119531762042226,2.5879139923969394e-16,2.335977292077531,0.09421549971023238
49.85999999999865,1.0119531762042226,3.4696735710744603e-16,2.335977292077531,0.09421549971023238
49.86999999999865,1.0119531762042224,3.699594916848913e-16,2.3359772920775304,0.09421549971023241
49.879999999998645,1.0119531762042224,4.900393326467236e-16,2.3359772920775304,0.09421549971023241
49.88999999999864,1.0119531762042224,5.617316993664976e-16,2.3359772920775304,0.09421549971023241
49.89999999999864,1.0119531762042222,5.73889789297474e-16,2.33597729207753,0.09421549971023242
49.90999999999864,1.0119531762042222,6.791819238214402e-16,2.3359772920775304,0.09421549971023242
49.91999999999864,1.0119531762042222,7.258555776331832e-16,2.3359772920775304,0.09421549971023242
49.929999999998635,1.011953176204222,7.184970721481831e-16,2.3359772920775295,0.09421549971023245
49.93999999999863,1.011953176204222,8.499326645116509e-16,2.3359772920775295,0.09421549971023245
49.94999999999863,1.0119531762042218,9.414017421533544e-16,2.3359772920775272,0.09421549971023246
49.95999999999863,1.0119531762042218,1.1634880809731016e-15,2.3359772920775277,0.09421549971023246
49.96999999999863,1.0119531762042218,1.3094018683468724e-15,2.3359772920775277,0.09421549971023248
49.979999999998626,1.0119531762042215,1.3828567481085389e-15,2.335977292077528,0.09421549971023252
49.98999999999862,1.0119531762042215,1.5108865725289189e-15,2.335977292077528,0.09421549971023252
49.99999999999862,1.0119531762042215,1.5677373651302415e-15,2.335977292077528,0.09421549971023252
50.00999999999862,1.0119531762042213,1.570157568347323e-15,2.3359772920775277,0.09421549971023253
50.01999999999862,1.0119531762042213,1.6988888262301455e-15,2.3359772920775277,0.09421549971023253
50.029999999998616,1.0119531762042213,1.7418980480834513e-15,2.335977292077528,0.09421549971023255
50.039999999998614,1.011953176204221,1.7323937583614107e-15,2.3359772920775272,0.09421549971023259
50.04999999999861,1.011953176204221,1.847098022937199e-15,2.3359772920775272,0.09421549971023259
50.05999999999861,1.011953176204221,1.875653730036204e-15,2.3359772920775277,0.0942154997102326
50.06999999999861,1.0119531762042209,1.861771014578858e-15,2.335977292077526,0.09421549971023262
50.079999999998606,1.0119531762042209,1.964244387772879e-15,2.335977292077526,0.09421549971023263
50.089999999998604,1.0119531762042207,2.00414201133607e-15,2.3359772920775264,0.09421549971023267
50.0999999999986,1.0119531762042207,2.0959931301281996e-15,2.335977292077527,0.09421549971023267
50.1099999999986,1.0119531762042207,2.1299356888734183e-15,2.335977292077527,0.09421549971023269
50.1199999999986,1.0119531762042207,2.0914065145835422e-15,2.335977292077527,0.0942154997102327
50.129999999998596,1.0119531762042204,2.0212472466752976e-15,2.335977292077526,0.09421549971023273
50.139999999998594,1.0119531762042204,2.0669554222796053e-15,2.3359772920775264,0.09421549971023273
50.14999999999859,1.0119531762042204,2.029166247214425e-15,2.3359772920775277,0.09421549971023274
50.15999999999859,1.0119531762042202,1.917811838866489e-15,2.3359772920775264,0.09421549971023277
50.16999999999859,1.0119531762042202,1.9594549632624725e-15,2.3359772920775264,0.09421549971023277
50.179999999998586,1.0119531762042202,1.9280823124742085e-15,2.335977292077527,0.09421549971023277
50.189999999998584,1.01195317620422,1.873647261140563e-15,2.335977292077525,0.09421549971023278
50.19999999999858,1.01195317620422,1.9712060962695066e-15,2.335977292077525,0.0942154997102328
50.20999999999858,1.01195317620422,2.0300858587679683e-15,2.3359772920775255,0.09421549971023281
50.21999999999858,1.0119531762042198,2.031451405954927e-15,2.335977292077525,0.09421549971023285
50.229999999998576,1.0119531762042198,2.1536748094174953e-15,2.3359772920775246,0.09421549971023285
50.239999999998574,1.0119531762042198,2.2028742403237436e-15,2.335977292077526,0.09421549971023287
50.24999999999857,1.0119531762042198,2.128401117218281e-15,2.3359772920775264,0.09421549971023288
50.25999999999857,1.0119531762042195,2.0164105330899337e-15,2.335977292077525,0.09421549971023291
50.26999999999857,1.0119531762042195,2.032405005575253e-15,2.335977292077526,0.09421549971023291
50.279999999998566,1.0119531762042195,1.962497680039243e-15,2.3359772920775264,0.09421549971023292
50.289999999998564,1.0119531762042193,1.8686601535463383e-15,2.335977292077525,0.09421549971023295
50.29999999999856,1.0119531762042193,1.9146061421088718e-15,2.3359772920775255,0.09421549971023295
50.30999999999856,1.0119531762042193,1.871895670933902e-15,2.335977292077527,0.09421549971023296
50.31999999999856,1.011953176204219,1.7728943234638252e-15,2.3359772920775246,0.09421549971023298
50.329999999998556,1.011953176204219,1.8092403396062008e-15,2.335977292077525,0.09421549971023298
50.339999999998554,1.011953176204219,1.7657555546147205e-15,2.335977292077525,0.09421549971023299
50.34999999999855,1.0119531762042189,1.7153103084038035e-15,2.335977292077524,0.09421549971023302
50.35999999999855,1.0119531762042189,1.781862163620477e-15,2.3359772920775246,0.09421549971023302
50.36999999999855,1.0119531762042189,1.756380732641038e-15,2.335977292077525,0.09421549971023303
50.379999999998546,1.0119531762042187,1.7202583241457167e-15,2.3359772920775237,0.09421549971023306
50.389999999998544,1.0119531762042187,1.7585111551471952e-15,2.335977292077524,0.09421549971023306
50.39999999999854,1.0119531762042187,1.725190266581746e-15,2.3359772920775255,0.09421549971023307
50.40999999999854,1.0119531762042184,1.6068631030555867e-15,2.335977292077524,0.0942154997102331
50.41999999999854,1.0119531762042184,1.6209367762415825e-15,2.335977292077524,0.0942154997102331
50.429999999998536,1.0119531762042182,1.604733771072582e-15,2.3359772920775224,0.09421549971023312
50.439999999998534,1.0119531762042182,1.7292925342338686e-15,2.335977292077523,0.09421549971023312
50.44999999999853,1.0119531762042182,1.7705894132457906e-15,2.335977292077523,0.09421549971023312
50.45999999999853,1.011953176204218,1.7750349775708903e-15,2.3359772920775224,0.09421549971023314
50.46999999999853,1.011953176204218,1.888819890474574e-15,2.3359772920775224,0.09421549971023314
50.479999999998526,1.011953176204218,1.9173907079634223e-15,2.335977292077523,0.09421549971023316
50.489999999998524,1.0119531762042178,1.9079207242806223e-15,2.335977292077522,0.09421549971023319
50.49999999999852,1.0119531762042178,2.0360201505634923e-15,2.335977292077522,0.09421549971023319
50.50999999999852,1.0119531762042178,2.0953085040544973e-15,2.3359772920775224,0.0942154997102332
50.51999999999852,1.0119531762042175,2.1136814602052547e-15,2.3359772920775206,0.09421549971023324
50.529999999998516,1.0119531762042175,2.2526270926374e-15,2.335977292077522,0.09421549971023326
50.539999999998514,1.0119531762042175,2.26107381452056e-15,2.335977292077522,0.09421549971023327
50.54999999999851,1.0119531762042173,2.2429223396776897e-15,2.3359772920775215,0.0942154997102333
50.55999999999851,1.0119531762042173,2.3503316168356326e-15,2.335977292077522,0.09421549971023331
50.56999999999851,1.0119531762042173,2.3851046607480756e-15,2.3359772920775224,0.09421549971023332
50.579999999998506,1.011953176204217,2.3562860801876402e-15,2.3359772920775215,0.09421549971023337
50.589999999998504,1.011953176204217,2.4393030552963067e-15,2.335977292077522,0.09421549971023338
50.5999999999985,1.011953176204217,2.43938844958821e-15,2.3359772920775224,0.0942154997102334
50.6099999999985,1.011953176204217,2.3632734154150296e-15,2.3359772920775232,0.09421549971023341
50.6199999999985,1.0119531762042169,2.2252346065875574e-15,2.3359772920775224,0.09421549971023344
50.629999999998496,1.0119531762042169,2.2701785123518472e-15,2.335977292077523,0.09421549971023345
50.639999999998494,1.0119531762042169,2.2583101935134872e-15,2.3359772920775232,0.09421549971023346
50.64999999999849,1.0119531762042167,2.204242072230007e-15,2.335977292077522,0.09421549971023349
50.65999999999849,1.0119531762042167,2.2649833550726543e-15,2.335977292077523,0.0942154997102335
50.66999999999849,1.0119531762042167,2.243992530915126e-15,2.335977292077523,0.09421549971023352
50.679999999998486,1.0119531762042167,2.163918627825255e-15,2.335977292077523,0.09421549971023353
50.689999999998484,1.0119531762042164,2.0527959165903042e-15,2.3359772920775224,0.09421549971023356
50.69999999999848,1.0119531762042164,2.072643621947951e-15,2.3359772920775224,0.09421549971023356
50.70999999999848,1.0119531762042164,2.0269348063098506e-15,2.3359772920775237,0.09421549971023357
50.71999999999848,1.0119531762042164,1.9033766084235076e-15,2.3359772920775237,0.09421549971023357
50.729999999998476,1.0119531762042162,1.742677735734555e-15,2.335977292077523,0.09421549971023359
50.739999999998474,1.0119531762042162,1.6997184452001532e-15,2.3359772920775232,0.09421549971023359
50.74999999999847,1.0119531762042162,1.594845353445008e-15,2.3359772920775232,0.09421549971023359
50.75999999999847,1.011953176204216,1.4741582875247888e-15,2.335977292077522,0.09421549971023362
50.76999999999847,1.011953176204216,1.4694859001584582e-15,2.3359772920775224,0.09421549971023362
50.779999999998466,1.0119531762042158,1.4170292842621977e-15,2.335977292077521,0.09421549971023363
50.789999999998464,1.0119531762042158,1.5306658948040813e-15,2.3359772920775206,0.09421549971023363
50.79999999999846,1.0119531762042158,1.5670968973848785e-15,2.335977292077521,0.09421549971023363
50.80999999999846,1.0119531762042158,1.5420040690818918e-15,2.3359772920775215,0.09421549971023363
50.81999999999846,1.0119531762042155,1.4876434700900398e-15,2.3359772920775197,0.09421549971023366
50.829999999998456,1.0119531762042155,1.5706825064917173e-15,2.33597729207752,0.09421549971023366
50.839999999998454,1.0119531762042155,1.5780604705663356e-15,2.33597729207752,0.09421549971023366
50.84999999999845,1.0119531762042153,1.5599484251386726e-15,2.3359772920775193,0.09421549971023367
50.85999999999845,1.0119531762042153,1.6736071725374753e-15,2.3359772920775193,0.09421549971023367
50.86999999999845,1.0119531762042153,1.7170024705561109e-15,2.3359772920775193,0.09421549971023367
50.87999999999845,1.011953176204215,1.7193851767925474e-15,2.335977292077519,0.0942154997102337
50.889999999998444,1.011953176204215,1.85400607040539e-15,2.335977292077519,0.0942154997102337
50.89999999999844,1.011953176204215,1.9356826404493472e-15,2.335977292077519,0.0942154997102337
50.90999999999844,1.0119531762042149,1.954388539871882e-15,2.335977292077517,0.09421549971023371
50.91999999999844,1.0119531762042149,2.130734179272105e-15,2.3359772920775175,0.09421549971023371
50.92999999999844,1.0119531762042149,2.2193280090360606e-15,2.335977292077518,0.09421549971023373
50.939999999998435,1.0119531762042149,2.220475274610601e-15,2.335977292077518,0.09421549971023374
50.94999999999843,1.0119531762042147,2.2063798452940552e-15,2.335977292077517,0.09421549971023378
50.95999999999843,1.0119531762042147,2.3214975733801546e-15,2.335977292077517,0.09421549971023378
50.96999999999843,1.0119531762042147,2.3667857536186777e-15,2.335977292077518,0.0942154997102338
50.97999999999843,1.0119531762042144,2.3409857085486105e-15,2.3359772920775175,0.09421549971023382
50.989999999998425,1.0119531762042144,2.4295521867656354e-15,2.3359772920775175,0.09421549971023382
50.99999999999842,1.0119531762042144,2.4516045250362945e-15,2.335977292077518,0.09421549971023384
51.00999999999842,1.0119531762042142,2.420364035099864e-15,2.3359772920775175,0.09421549971023388
51.01999999999842,1.0119531762042142,2.523723780059191e-15,2.335977292077518,0.0942154997102339
51.02999999999842,1.0119531762042142,2.5492901393476618e-15,2.3359772920775184,0.09421549971023391
51.039999999998415,1.011953176204214,2.5275726242119856e-15,2.3359772920775166,0.09421549971023392
51.04999999999841,1.011953176204214,2.6719959093330634e-15,2.335977292077516,0.09421549971023394
51.05999999999841,1.011953176204214,2.7343838960386736e-15,2.335977292077517,0.09421549971023395
51.06999999999841,1.0119531762042138,2.699420793058751e-15,2.335977292077517,0.09421549971023399
51.07999999999841,1.0119531762042138,2.7751936019490743e-15,2.3359772920775166,0.094215499710234
51.089999999998405,1.0119531762042138,2.7880535028435286e-15,2.3359772920775175,0.09421549971023403
51.0999999999984,1.0119531762042135,2.70774815539117e-15,2.3359772920775175,0.09421549971023409
51.1099999999984,1.0119531762042135,2.7673910469862003e-15,2.335977292077519,0.09421549971023412
51.1199999999984,1.0119531762042135,2.72948426082268e-15,2.335977292077519,0.09421549971023416
51.1299999999984,1.0119531762042133,2.651860239027547e-15,2.3359772920775193,0.09421549971023421
51.139999999998395,1.0119531762042133,2.676667210153558e-15,2.3359772920775197,0.09421549971023424
51.14999999999839,1.0119531762042133,2.6392826611638227e-15,2.3359772920775206,0.09421549971023427
51.15999999999839,1.011953176204213,2.529424139395781e-15,2.335977292077519,0.0942154997102343
51.16999999999839,1.011953176204213,2.565241845538402e-15,2.3359772920775193,0.09421549971023431
51.17999999999839,1.011953176204213,2.5225031438836187e-15,2.3359772920775206,0.09421549971023434
51.189999999998385,1.011953176204213,2.394065022868491e-15,2.335977292077521,0.09421549971023437
51.19999999999838,1.0119531762042129,2.244631118441163e-15,2.3359772920775197,0.09421549971023441
51.20999999999838,1.0119531762042129,2.1898576963432807e-15,2.335977292077521,0.09421549971023442
51.21999999999838,1.0119531762042129,2.054572289099192e-15,2.3359772920775215,0.09421549971023443
51.22999999999838,1.0119531762042129,1.892028865238065e-15,2.335977292077521,0.09421549971023443
51.239999999998375,1.0119531762042127,1.7202539993765802e-15,2.3359772920775206,0.09421549971023446
51.24999999999837,1.0119531762042127,1.6782114063614898e-15,2.335977292077521,0.09421549971023446
51.25999999999837,1.0119531762042127,1.5910957313535336e-15,2.3359772920775206,0.09421549971023446
51.26999999999837,1.0119531762042127,1.4748640192045751e-15,2.335977292077521,0.09421549971023446
51.27999999999837,1.0119531762042124,1.3247745208414635e-15,2.3359772920775197,0.0942154997102345
51.289999999998365,1.0119531762042124,1.3435129146343096e-15,2.3359772920775206,0.09421549971023452
51.29999999999836,1.0119531762042124,1.274220407998453e-15,2.335977292077521,0.09421549971023452
51.30999999999836,1.0119531762042124,1.1380543212336866e-15,2.3359772920775215,0.09421549971023452
51.31999999999836,1.0119531762042122,9.8415679016192e-16,2.3359772920775197,0.09421549971023453
51.32999999999836,1.0119531762042122,1.0052019874881474e-15,2.3359772920775193,0.09421549971023453
51.339999999998355,1.0119531762042122,9.613518637786376e-16,2.3359772920775197,0.09421549971023453
51.34999999999835,1.0119531762042122,8.551448322632864e-16,2.33597729207752,0.09421549971023453
51.35999999999835,1.011953176204212,7.405755758273486e-16,2.335977292077519,0.09421549971023456
51.36999999999835,1.011953176204212,7.723683501673691e-16,2.3359772920775193,0.09421549971023456
51.37999999999835,1.011953176204212,7.30080682800171e-16,2.3359772920775197,0.09421549971023456
51.389999999998345,1.011953176204212,6.233035329563212e-16,2.3359772920775197,0.09421549971023456
51.39999999999834,1.0119531762042118,5.002432203188396e-16,2.335977292077519,0.09421549971023457
51.40999999999834,1.0119531762042118,5.132484618330893e-16,2.3359772920775193,0.09421549971023457
51.41999999999834,1.0119531762042118,4.665051468174706e-16,2.3359772920775193,0.09421549971023457
51.42999999999834,1.0119531762042118,3.899962956643822e-16,2.3359772920775193,0.09421549971023457
51.439999999998335,1.0119531762042115,2.8723730022455596e-16,2.3359772920775184,0.0942154997102346
51.44999999999833,1.0119531762042115,3.288723272387339e-16,2.335977292077519,0.0942154997102346
51.45999999999833,1.0119531762042115,3.1141915719616006e-16,2.335977292077519,0.0942154997102346
51.46999999999833,1.0119531762042115,2.7977923575150215e-16,2.3359772920775166,0.09421549971023462
51.47999999999833,1.0119531762042113,3.824209306272399e-16,2.335977292077516,0.0942154997102346
51.489999999998325,1.0119531762042113,4.510221033031421e-16,2.3359772920775166,0.0942154997102346
51.49999999999832,1.0119531762042113,4.57734877215551e-16,2.335977292077516,0.0942154997102346
51.50999999999832,1.011953176204211,4.267184051866905e-16,2.3359772920775153,0.09421549971023463
51.51999999999832,1.011953176204211,5.3649876852759365e-16,2.3359772920775153,0.09421549971023462
51.52999999999832,1.011953176204211,5.782516075172279e-16,2.3359772920775157,0.09421549971023462
51.539999999998315,1.0119531762042109,5.791671363734177e-16,2.3359772920775144,0.09421549971023463
51.54999999999831,1.0119531762042109,7.23667845352017e-16,2.335977292077514,0.09421549971023463
51.55999999999831,1.0119531762042109,8.244949413648597e-16,2.3359772920775144,0.09421549971023463
51.56999999999831,1.0119531762042109,8.687700530343929e-16,2.3359772920775135,0.09421549971023466
51.57999999999831,1.0119531762042109,1.0508592267674746e-15,2.335977292077514,0.09421549971023466
51.589999999998305,1.0119531762042109,1.161057369270435e-15,2.335977292077514,0.09421549971023466
51.5999999999983,1.0119531762042107,1.2460049240679544e-15,2.335977292077512,0.09421549971023468
51.6099999999983,1.0119531762042107,1.4545816835943946e-15,2.3359772920775126,0.09421549971023468
51.6199999999983,1.0119531762042107,1.5941317520218986e-15,2.335977292077514,0.0942154997102347
51.6299999999983,1.0119531762042107,1.6180449261221488e-15,2.335977292077514,0.09421549971023471
51.639999999998295,1.0119531762042104,1.6058509078706503e-15,2.335977292077513,0.09421549971023474
51.64999999999829,1.0119531762042104,1.7304770988410602e-15,2.335977292077513,0.09421549971023474
51.65999999999829,1.0119531762042104,1.779293245245371e-15,2.335977292077513,0.09421549971023474
51.66999999999829,1.0119531762042104,1.771179750742441e-15,2.3359772920775135,0.09421549971023475
51.67999999999829,1.0119531762042102,1.7470905479351744e-15,2.3359772920775126,0.09421549971023478
51.689999999998285,1.0119531762042102,1.898829906819984e-15,2.335977292077513,0.09421549971023478
51.69999999999828,1.0119531762042102,1.982303225616128e-15,2.3359772920775135,0.0942154997102348
51.70999999999828,1.0119531762042102,1.992531115514079e-15,2.335977292077514,0.09421549971023481
51.71999999999828,1.01195317620421,1.9496658317524012e-15,2.3359772920775135,0.09421549971023485
51.72999999999828,1.01195317620421,2.0532043700835628e-15,2.3359772920775135,0.09421549971023485
51.739999999998275,1.01195317620421,2.103100299122253e-15,2.3359772920775135,0.09421549971023487
51.74999999999827,1.01195317620421,2.108475327275167e-15,2.335977292077514,0.09421549971023488
51.75999999999827,1.0119531762042098,2.070043862889956e-15,2.3359772920775135,0.0942154997102349
51.76999999999827,1.0119531762042098,2.150820474684163e-15,2.3359772920775135,0.09421549971023492
51.77999999999827,1.0119531762042098,2.1697026447262574e-15,2.335977292077514,0.09421549971023493
51.789999999998265,1.0119531762042098,2.1318469926757017e-15,2.335977292077514,0.09421549971023495
51.79999999999826,1.0119531762042098,2.0274181627804827e-15,2.3359772920775153,0.09421549971023496
51.80999999999826,1.0119531762042095,1.8570844996703352e-15,2.335977292077514,0.09421549971023499
51.81999999999826,1.0119531762042095,1.839844659181692e-15,2.335977292077514,0.09421549971023499
51.82999999999826,1.0119531762042095,1.7708860802056197e-15,2.335977292077514,0.09421549971023499
51.839999999998255,1.0119531762042093,1.6925526248610402e-15,2.335977292077513,0.09421549971023502
51.84999999999825,1.0119531762042093,1.7337053975379982e-15,2.3359772920775135,0.09421549971023502
51.85999999999825,1.0119531762042093,1.7114711092122216e-15,2.3359772920775135,0.09421549971023502
51.86999999999825,1.0119531762042093,1.6502366732625701e-15,2.3359772920775135,0.09421549971023502
51.87999999999825,1.011953176204209,1.5692757057914345e-15,2.3359772920775117,0.09421549971023506
51.889999999998246,1.011953176204209,1.5884232037217774e-15,2.335977292077512,0.09421549971023506
51.89999999999824,1.011953176204209,1.5533373829803995e-15,2.3359772920775126,0.09421549971023506
51.90999999999824,1.0119531762042089,1.50069268824095e-15,2.3359772920775113,0.09421549971023507
51.91999999999824,1.0119531762042089,1.590673371691179e-15,2.3359772920775117,0.09421549971023507
51.92999999999824,1.0119531762042089,1.6049875208498556e-15,2.3359772920775117,0.09421549971023507
51.939999999998236,1.0119531762042087,1.5942945241971803e-15,2.3359772920775113,0.0942154997102351
51.949999999998234,1.0119531762042087,1.7204698098528192e-15,2.3359772920775113,0.0942154997102351
51.95999999999823,1.0119531762042087,1.7772756760430334e-15,2.3359772920775113,0.0942154997102351
51.96999999999823,1.0119531762042087,1.7762919671281861e-15,2.3359772920775117,0.0942154997102351
51.97999999999823,1.0119531762042084,1.7415343734951651e-15,2.335977292077511,0.09421549971023511
51.989999999998226,1.0119531762042084,1.8723061228553564e-15,2.335977292077511,0.09421549971023511
51.999999999998224,1.0119531762042084,1.944056148837392e-15,2.335977292077511,0.09421549971023511
52.00999999999822,1.0119531762042084,1.949168741045971e-15,2.3359772920775113,0.09421549971023513
52.01999999999822,1.0119531762042082,1.9298970426029852e-15,2.33597729207751,0.09421549971023517
52.02999999999822,1.0119531762042082,2.028058280718004e-15,2.3359772920775104,0.09421549971023517
52.039999999998216,1.0119531762042082,2.059145072665201e-15,2.335977292077511,0.09421549971023518
52.049999999998214,1.0119531762042082,2.015426329280329e-15,2.3359772920775113,0.0942154997102352
52.05999999999821,1.011953176204208,1.9795457744846356e-15,2.3359772920775095,0.09421549971023523
52.06999999999821,1.011953176204208,2.083323508738177e-15,2.33597729207751,0.09421549971023523
52.07999999999821,1.011953176204208,2.1110736582902118e-15,2.3359772920775113,0.09421549971023524
52.089999999998206,1.0119531762042078,2.0490913126981994e-15,2.3359772920775104,0.09421549971023528
52.099999999998204,1.0119531762042078,2.150204534010426e-15,2.3359772920775104,0.09421549971023528
52.1099999999982,1.0119531762042078,2.171353860121446e-15,2.335977292077511,0.0942154997102353
52.1199999999982,1.0119531762042078,2.129464408451458e-15,2.335977292077511,0.09421549971023531
52.1299999999982,1.0119531762042075,2.052688588046229e-15,2.3359772920775104,0.09421549971023534
52.139999999998196,1.0119531762042075,2.1056405842804874e-15,2.335977292077511,0.09421549971023534
52.149999999998194,1.0119531762042075,2.0835235093038876e-15,2.3359772920775113,0.09421549971023535
52.15999999999819,1.0119531762042075,1.990619857709157e-15,2.335977292077512,0.09421549971023536
52.16999999999819,1.0119531762042073,1.869460404492199e-15,2.33597729207751,0.09421549971023538
52.17999999999819,1.0119531762042073,1.9220559229948397e-15,2.33597729207751,0.09421549971023538
52.189999999998186,1.0119531762042073,1.9067366555581066e-15,2.3359772920775104,0.09421549971023538
52.199999999998184,1.0119531762042073,1.890878204900865e-15,2.335977292077511,0.09421549971023539
52.20999999999818,1.0119531762042073,1.809331630170146e-15,2.335977292077511,0.09421549971023539
52.21999999999818,1.011953176204207,1.7011784331140062e-15,2.335977292077511,0.09421549971023543
52.22999999999818,1.011953176204207,1.697752513521344e-15,2.3359772920775113,0.09421549971023543
52.239999999998176,1.011953176204207,1.617355248215034e-15,2.3359772920775117,0.09421549971023543
52.249999999998174,1.0119531762042069,1.5247393807824922e-15,2.3359772920775104,0.09421549971023545
52.25999999999817,1.0119531762042069,1.5429295227724196e-15,2.335977292077511,0.09421549971023545
52.26999999999817,1.0119531762042069,1.5182275527387536e-15,2.3359772920775113,0.09421549971023545
52.27999999999817,1.0119531762042069,1.4137208288369197e-15,2.3359772920775113,0.09421549971023545
52.289999999998166,1.0119531762042069,1.2748276105900678e-15,2.3359772920775113,0.09421549971023545
52.299999999998164,1.0119531762042067,1.1029757750173342e-15,2.3359772920775104,0.09421549971023548
52.30999999999816,1.0119531762042067,1.1014252009107136e-15,2.33597729207751,0.09421549971023548
52.31999999999816,1.0119531762042064,1.0878158137353348e-15,2.335977292077507,0.09421549971023548
52.32999999999816,1.0119531762042064,1.2764474444843413e-15,2.3359772920775073,0.09421549971023548
52.339999999998156,1.0119531762042064,1.39295853844374e-15,2.3359772920775073,0.09421549971023548
52.349999999998154,1.0119531762042064,1.4563957304231264e-15,2.3359772920775073,0.09421549971023548
52.35999999999815,1.0119531762042064,1.4596301552282804e-15,2.3359772920775077,0.09421549971023548
52.36999999999815,1.0119531762042062,1.4225019899943715e-15,2.335977292077507,0.0942154997102355
52.37999999999815,1.0119531762042062,1.5405725671953291e-15,2.335977292077507,0.0942154997102355
52.389999999998146,1.0119531762042062,1.5959446118885084e-15,2.335977292077507,0.0942154997102355
52.399999999998144,1.011953176204206,1.6184576829968247e-15,2.335977292077506,0.09421549971023552
52.40999999999814,1.011953176204206,1.792100874459098e-15,2.3359772920775064,0.09421549971023552
52.41999999999814,1.011953176204206,1.8947165076757996e-15,2.3359772920775064,0.09421549971023552
52.42999999999814,1.011953176204206,1.939644025509165e-15,2.3359772920775064,0.09421549971023552
52.439999999998136,1.011953176204206,1.9238108880894884e-15,2.335977292077507,0.09421549971023552
52.449999999998134,1.0119531762042058,1.8828394710698064e-15,2.335977292077506,0.09421549971023555
52.45999999999813,1.0119531762042058,2.00040847952271e-15,2.335977292077506,0.09421549971023555
52.46999999999813,1.0119531762042058,2.0462637516031617e-15,2.335977292077507,0.09421549971023556
52.47999999999813,1.0119531762042056,2.0283381178607572e-15,2.3359772920775055,0.09421549971023557
52.489999999998126,1.0119531762042056,2.1570193865069225e-15,2.3359772920775055,0.09421549971023559
52.499999999998124,1.0119531762042056,2.2300881104015103e-15,2.3359772920775055,0.0942154997102356
52.50999999999812,1.0119531762042056,2.2408717444656486e-15,2.3359772920775055,0.09421549971023561
52.51999999999812,1.0119531762042053,2.2131042854265896e-15,2.335977292077506,0.09421549971023566
52.52999999999812,1.0119531762042053,2.2978505920121415e-15,2.335977292077506,0.09421549971023566
52.539999999998116,1.0119531762042053,2.3316955035854876e-15,2.335977292077506,0.09421549971023567
52.549999999998114,1.0119531762042053,2.303009528357715e-15,2.335977292077506,0.09421549971023568
52.55999999999811,1.011953176204205,2.2596514976160742e-15,2.335977292077505,0.09421549971023571
52.56999999999811,1.011953176204205,2.3142790041638236e-15,2.3359772920775064,0.09421549971023573
52.57999999999811,1.011953176204205,2.3129062731001593e-15,2.335977292077506,0.09421549971023574
52.589999999998106,1.0119531762042049,2.285377148624659e-15,2.3359772920775055,0.09421549971023578
52.599999999998104,1.0119531762042049,2.4069496800658922e-15,2.3359772920775055,0.0942154997102358
52.6099999999981,1.0119531762042049,2.4167936462251425e-15,2.3359772920775064,0.09421549971023581
52.6199999999981,1.0119531762042049,2.377855670573771e-15,2.335977292077507,0.09421549971023581
52.6299999999981,1.0119531762042047,2.3098688607383064e-15,2.335977292077505,0.09421549971023584
52.639999999998096,1.0119531762042047,2.3937629018772972e-15,2.335977292077505,0.09421549971023585
52.649999999998094,1.0119531762042047,2.4250983622840412e-15,2.335977292077505,0.09421549971023586
52.65999999999809,1.0119531762042044,2.396378965068769e-15,2.335977292077505,0.0942154997102359
52.66999999999809,1.0119531762042044,2.4434340628256966e-15,2.3359772920775055,0.09421549971023592
52.67999999999809,1.0119531762042044,2.4489469044189363e-15,2.335977292077506,0.09421549971023593
52.689999999998086,1.0119531762042042,2.4121530332392863e-15,2.3359772920775046,0.09421549971023596
52.699999999998084,1.0119531762042042,2.4793580590307484e-15,2.335977292077505,0.09421549971023598
52.70999999999808,1.011953176204204,2.5005043710267604e-15,2.3359772920775046,0.09421549971023603
52.71999999999808,1.011953176204204,2.655989859149232e-15,2.3359772920775055,0.09421549971023606
52.72999999999808,1.011953176204204,2.7769296069354927e-15,2.335977292077506,0.09421549971023609
52.739999999998076,1.011953176204204,2.7983016670982795e-15,2.335977292077507,0.09421549971023611
52.749999999998074,1.011953176204204,2.7171905498806783e-15,2.3359772920775077,0.09421549971023616
52.75999999999807,1.0119531762042038,2.625036040247956e-15,2.335977292077507,0.0942154997102362
52.76999999999807,1.0119531762042038,2.663753403704908e-15,2.335977292077507,0.09421549971023623
52.77999999999807,1.0119531762042038,2.633986859065982e-15,2.335977292077508,0.09421549971023625
52.78999999999807,1.0119531762042038,2.4840612931550087e-15,2.3359772920775086,0.09421549971023627
52.799999999998064,1.0119531762042036,2.3202399678099226e-15,2.3359772920775077,0.09421549971023631
52.80999999999806,1.0119531762042036,2.3245668704785356e-15,2.3359772920775077,0.09421549971023632
52.81999999999806,1.0119531762042036,2.280989215376246e-15,2.3359772920775077,0.09421549971023634
52.82999999999806,1.0119531762042036,2.1430377626296014e-15,2.335977292077509,0.09421549971023636
52.83999999999806,1.0119531762042033,1.9665889867014874e-15,2.335977292077508,0.09421549971023639
52.849999999998055,1.0119531762042033,1.9538811437776903e-15,2.3359772920775077,0.0942154997102364
52.85999999999805,1.0119531762042033,1.8769119463498763e-15,2.3359772920775077,0.0942154997102364
52.86999999999805,1.0119531762042033,1.739347812675765e-15,2.3359772920775095,0.09421549971023642
52.87999999999805,1.0119531762042033,1.5370859910136711e-15,2.3359772920775095,0.09421549971023642
52.88999999999805,1.011953176204203,1.3446073238911115e-15,2.335977292077508,0.09421549971023645
52.899999999998045,1.011953176204203,1.3197648327346665e-15,2.3359772920775086,0.09421549971023646
52.90999999999804,1.011953176204203,1.2345817008781907e-15,2.3359772920775086,0.09421549971023647
52.91999999999804,1.011953176204203,1.1345798951958452e-15,2.335977292077509,0.09421549971023649
52.92999999999804,1.011953176204203,1.0235955602473169e-15,2.3359772920775104,0.0942154997102365
52.93999999999804,1.011953176204203,8.373310275323642e-16,2.3359772920775104,0.0942154997102365
52.949999999998035,1.011953176204203,6.254765266430086e-16,2.3359772920775104,0.0942154997102365
52.95999999999803,1.0119531762042029,4.267956425308041e-16,2.3359772920775086,0.09421549971023652
52.96999999999803,1.0119531762042029,4.067386797704259e-16,2.3359772920775086,0.09421549971023652
52.97999999999803,1.0119531762042029,3.3985526497355105e-16,2.3359772920775086,0.09421549971023652
52.98999999999803,1.0119531762042029,2.191220220861926e-16,2.335977292077509,0.09421549971023652
52.999999999998025,1.0119531762042029,5.937004214976785e-17,2.335977292077509,0.09421549971023652
53.00999999999802,1.0119531762042027,-8.102109092774786e-17,2.335977292077507,0.09421549971023653
53.01999999999802,1.0119531762042027,-5.761267331111883e-17,2.335977292077507,0.09421549971023652
53.02999999999802,1.0119531762042024,-1.1853814812073422e-16,2.3359772920775055,0.09421549971023652
53.03999999999802,1.0119531762042024,-9.126892576575891e-19,2.3359772920775055,0.0942154997102365
53.049999999998015,1.0119531762042024,5.408948274452472e-17,2.335977292077505,0.09421549971023649
53.05999999999801,1.0119531762042024,9.927615996506307e-17,2.335977292077505,0.09421549971023649
53.06999999999801,1.0119531762042022,1.285182508263215e-16,2.335977292077504,0.09421549971023652
53.07999999999801,1.0119531762042022,3.21883564951428e-16,2.335977292077504,0.09421549971023652
53.08999999999801,1.0119531762042022,4.595982823381899e-16,2.335977292077504,0.09421549971023652
53.099999999998005,1.0119531762042022,5.28465073749411e-16,2.3359772920775046,0.09421549971023652
53.109999999998,1.0119531762042022,5.394274492149665e-16,2.335977292077505,0.09421549971023652
53.119999999998,1.011953176204202,5.419130541448491e-16,2.3359772920775024,0.09421549971023653
53.129999999998,1.011953176204202,6.772367937184151e-16,2.3359772920775024,0.09421549971023653
53.139999999998,1.011953176204202,7.473698573565683e-16,2.335977292077503,0.09421549971023653
53.149999999997995,1.011953176204202,7.629385580066407e-16,2.3359772920775033,0.09421549971023653
53.15999999999799,1.0119531762042018,7.406835285529815e-16,2.335977292077502,0.09421549971023656
53.16999999999799,1.0119531762042018,8.416687537065554e-16,2.335977292077502,0.09421549971023656
53.17999999999799,1.0119531762042016,9.011000559368603e-16,2.3359772920775006,0.09421549971023657
53.18999999999799,1.0119531762042016,1.1132182409212715e-15,2.335977292077501,0.09421549971023657
53.199999999997985,1.0119531762042016,1.2269793763769884e-15,2.3359772920775024,0.09421549971023659
53.20999999999798,1.0119531762042016,1.2198152254317949e-15,2.3359772920775024,0.0942154997102366
53.21999999999798,1.0119531762042013,1.2108415457174935e-15,2.3359772920775015,0.09421549971023664
53.22999999999798,1.0119531762042013,1.3673498786974465e-15,2.3359772920775015,0.09421549971023664
53.23999999999798,1.0119531762042013,1.4569309509342953e-15,2.335977292077502,0.09421549971023666
53.249999999997975,1.0119531762042013,1.538930493921179e-15,2.335977292077503,0.09421549971023667
53.25999999999797,1.0119531762042013,1.5571352864191325e-15,2.3359772920775033,0.09421549971023667
53.26999999999797,1.0119531762042013,1.5166478621282032e-15,2.3359772920775037,0.09421549971023667
53.27999999999797,1.011953176204201,1.4604108962270862e-15,2.3359772920775015,0.09421549971023668
53.28999999999797,1.011953176204201,1.5734818318182608e-15,2.3359772920775015,0.09421549971023668
53.299999999997965,1.011953176204201,1.6340681489964073e-15,2.335977292077502,0.09421549971023668
53.30999999999796,1.011953176204201,1.6245226694313848e-15,2.3359772920775024,0.09421549971023668
53.31999999999796,1.011953176204201,1.558246994932683e-15,2.3359772920775024,0.09421549971023668
53.32999999999796,1.0119531762042009,1.5014625627445783e-15,2.335977292077501,0.09421549971023671
53.33999999999796,1.0119531762042009,1.5836252022417356e-15,2.3359772920775015,0.09421549971023671
53.349999999997955,1.0119531762042009,1.6005932794363686e-15,2.335977292077502,0.09421549971023671
53.35999999999795,1.0119531762042009,1.5758029751142104e-15,2.3359772920775015,0.09421549971023671
53.36999999999795,1.0119531762042007,1.5382208805093381e-15,2.3359772920775006,0.09421549971023672
53.37999999999795,1.0119531762042007,1.6763081767659191e-15,2.335977292077501,0.09421549971023672
53.38999999999795,1.0119531762042007,1.7436335687739654e-15,2.3359772920775015,0.09421549971023672
53.399999999997945,1.0119531762042007,1.7695127894104408e-15,2.335977292077501,0.09421549971023672
53.40999999999794,1.0119531762042004,1.7844456426873746e-15,2.335977292077499,0.09421549971023675
53.41999999999794,1.0119531762042004,1.955492361291935e-15,2.335977292077499,0.09421549971023675
53.42999999999794,1.0119531762042004,2.0552863944480413e-15,2.3359772920774993,0.09421549971023677
53.43999999999794,1.0119531762042004,2.0935481655158837e-15,2.3359772920774997,0.09421549971023678
53.449999999997935,1.0119531762042002,2.1144013790778898e-15,2.3359772920774984,0.09421549971023681
53.45999999999793,1.0119531762042002,2.2551259906711967e-15,2.3359772920774997,0.09421549971023682
53.46999999999793,1.0119531762042002,2.2988711920829383e-15,2.3359772920775,0.09421549971023684
53.47999999999793,1.0119531762042002,2.2946768280312842e-15,2.3359772920775,0.09421549971023685
53.48999999999793,1.0119531762042,2.263383446714008e-15,2.335977292077499,0.09421549971023689
53.499999999997925,1.0119531762042,2.371359572941767e-15,2.3359772920775,0.0942154997102369
53.50999999999792,1.0119531762042,2.3758807458316212e-15,2.3359772920775006,0.09421549971023692
53.51999999999792,1.0119531762042,2.321103894730909e-15,2.3359772920775006,0.09421549971023693
53.52999999999792,1.0119531762041998,2.2677728342855216e-15,2.3359772920774997,0.09421549971023695
53.53999999999792,1.0119531762041998,2.3548777744305388e-15,2.3359772920774997,0.09421549971023696
53.549999999997915,1.0119531762041998,2.3665783942833094e-15,2.3359772920775006,0.09421549971023697
53.55999999999791,1.0119531762041998,2.307236625577474e-15,2.335977292077501,0.09421549971023699
53.56999999999791,1.0119531762041996,2.2295710712854527e-15,2.335977292077499,0.09421549971023703
53.57999999999791,1.0119531762041996,2.2977771747959416e-15,2.3359772920774993,0.09421549971023703
53.58999999999791,1.0119531762041996,2.2871543658745873e-15,2.3359772920775006,0.09421549971023704
53.599999999997905,1.0119531762041996,2.196344836018114e-15,2.3359772920775006,0.09421549971023706
53.6099999999979,1.0119531762041996,2.0761181009950197e-15,2.335977292077501,0.09421549971023707
53.6199999999979,1.0119531762041993,1.93945792848701e-15,2.3359772920774997,0.09421549971023711
53.6299999999979,1.0119531762041993,1.9236835435588378e-15,2.335977292077501,0.09421549971023713
53.6399999999979,1.0119531762041991,1.8547401378063603e-15,2.3359772920774997,0.09421549971023715
53.649999999997895,1.0119531762041991,1.9457787982203137e-15,2.3359772920774997,0.09421549971023717
53.65999999999789,1.0119531762041991,1.981272096662146e-15,2.3359772920775,0.09421549971023718
53.66999999999789,1.0119531762041991,1.970565425894165e-15,2.3359772920775015,0.0942154997102372
53.67999999999789,1.0119531762041991,1.913931445013362e-15,2.335977292077502,0.09421549971023721
53.68999999999789,1.0119531762041991,1.806997234613479e-15,2.335977292077502,0.09421549971023722
53.699999999997885,1.0119531762041991,1.670797025503156e-15,2.335977292077502,0.09421549971023722
53.70999999999788,1.011953176204199,1.5288967363607435e-15,2.3359772920775006,0.09421549971023725
53.71999999999788,1.011953176204199,1.5741979973199048e-15,2.3359772920775006,0.09421549971023725
53.72999999999788,1.011953176204199,1.5601241457458424e-15,2.335977292077501,0.09421549971023725
53.73999999999788,1.011953176204199,1.5125922236370258e-15,2.335977292077501,0.09421549971023725
53.749999999997875,1.011953176204199,1.4130787921860086e-15,2.3359772920775015,0.09421549971023725
53.75999999999787,1.011953176204199,1.3003640641422374e-15,2.3359772920775015,0.09421549971023725
53.76999999999787,1.0119531762041987,1.171089407554448e-15,2.3359772920774993,0.09421549971023727
53.77999999999787,1.0119531762041987,1.2390227682242312e-15,2.3359772920774997,0.09421549971023727
53.78999999999787,1.0119531762041987,1.2579643392233602e-15,2.3359772920774993,0.09421549971023727
53.799999999997866,1.0119531762041987,1.2372268899787977e-15,2.3359772920774997,0.09421549971023727
53.80999999999786,1.0119531762041984,1.2024631867877074e-15,2.335977292077499,0.0942154997102373
53.81999999999786,1.0119531762041984,1.3182843486457384e-15,2.335977292077499,0.09421549971023728
53.82999999999786,1.0119531762041984,1.373405102073261e-15,2.3359772920774993,0.09421549971023728
53.83999999999786,1.0119531762041984,1.3970521618783347e-15,2.335977292077499,0.09421549971023728
53.849999999997856,1.0119531762041984,1.3831862541615781e-15,2.3359772920774993,0.09421549971023728
53.859999999997854,1.0119531762041984,1.3144986125619167e-15,2.3359772920774993,0.09421549971023728
53.86999999999785,1.0119531762041984,1.2187047522169928e-15,2.3359772920774993,0.09421549971023728
53.87999999999785,1.0119531762041982,1.1142357444714974e-15,2.3359772920774984,0.09421549971023728
53.88999999999785,1.0119531762041982,1.1749698141098196e-15,2.3359772920774975,0.09421549971023727
53.899999999997846,1.011953176204198,1.2073657925856205e-15,2.335977292077496,0.0942154997102373
53.909999999997844,1.011953176204198,1.4018460202280702e-15,2.335977292077496,0.09421549971023728
53.91999999999784,1.011953176204198,1.5478654125251837e-15,2.3359772920774966,0.09421549971023728
53.92999999999784,1.011953176204198,1.6203888606387005e-15,2.3359772920774966,0.09421549971023728
53.93999999999784,1.011953176204198,1.6509436604346926e-15,2.3359772920774966,0.09421549971023728
53.949999999997836,1.0119531762041978,1.6698045347534135e-15,2.3359772920774944,0.0942154997102373
53.959999999997834,1.0119531762041978,1.8530413573524266e-15,2.335977292077495,0.0942154997102373
53.96999999999783,1.0119531762041978,1.9796204947380374e-15,2.3359772920774953,0.0942154997102373
53.97999999999783,1.0119531762041978,2.027469264478498e-15,2.3359772920774953,0.0942154997102373
53.98999999999783,1.0119531762041976,2.0733442429554594e-15,2.3359772920774944,0.09421549971023734
53.999999999997826,1.0119531762041976,2.2659640364049064e-15,2.335977292077494,0.09421549971023734
54.009999999997824,1.0119531762041976,2.40444586223548e-15,2.3359772920774957,0.09421549971023735
54.01999999999782,1.0119531762041976,2.4863955422856266e-15,2.3359772920774957,0.09421549971023736
54.02999999999782,1.0119531762041976,2.5162684671297016e-15,2.3359772920774957,0.09421549971023738
54.03999999999782,1.0119531762041973,2.5445412027947463e-15,2.3359772920774944,0.09421549971023739
54.049999999997816,1.0119531762041973,2.7047691641142845e-15,2.335977292077495,0.09421549971023739
54.059999999997814,1.0119531762041973,2.8077575407040056e-15,2.335977292077495,0.0942154997102374
54.06999999999781,1.0119531762041973,2.8464977903926827e-15,2.3359772920774957,0.09421549971023743
54.07999999999781,1.0119531762041971,2.8330437518270733e-15,2.335977292077495,0.09421549971023749
54.08999999999781,1.0119531762041971,2.9329154850409608e-15,2.335977292077496,0.09421549971023752
54.099999999997806,1.0119531762041971,2.923288510901944e-15,2.3359772920774966,0.09421549971023756
54.109999999997804,1.0119531762041971,2.851462111466076e-15,2.3359772920774975,0.09421549971023759
54.1199999999978,1.0119531762041971,2.748159875082924e-15,2.3359772920774957,0.09421549971023763
54.1299999999978,1.0119531762041971,2.7607615714639563e-15,2.335977292077497,0.09421549971023765
54.1399999999978,1.011953176204197,2.7306646222659415e-15,2.3359772920774957,0.09421549971023771
54.149999999997796,1.011953176204197,2.807200998411056e-15,2.335977292077497,0.09421549971023774
54.159999999997794,1.011953176204197,2.818062819724702e-15,2.3359772920774984,0.09421549971023778
54.16999999999779,1.011953176204197,2.7882669700707466e-15,2.3359772920774984,0.09421549971023782
54.17999999999779,1.011953176204197,2.6615956604878703e-15,2.3359772920775,0.09421549971023786
54.18999999999779,1.011953176204197,2.4698374696299698e-15,2.335977292077501,0.0942154997102379
54.199999999997786,1.011953176204197,2.206053226048995e-15,2.3359772920775015,0.09421549971023793
54.209999999997784,1.011953176204197,1.9651589349236465e-15,2.3359772920775015,0.09421549971023795
54.21999999999778,1.0119531762041967,1.6964764545453619e-15,2.3359772920775015,0.09421549971023797
54.22999999999778,1.0119531762041967,1.5822271775709584e-15,2.3359772920775015,0.09421549971023797
54.23999999999778,1.0119531762041967,1.4435152358246877e-15,2.3359772920775015,0.09421549971023797
54.249999999997776,1.0119531762041967,1.2650025299020822e-15,2.335977292077502,0.09421549971023797
54.259999999997774,1.0119531762041967,1.0568179790737217e-15,2.3359772920775024,0.09421549971023799
54.26999999999777,1.0119531762041967,8.127175414846589e-16,2.3359772920775024,0.094215499710238
54.27999999999777,1.0119531762041964,5.969229182513159e-16,2.335977292077501,0.09421549971023803
54.28999999999777,1.0119531762041964,5.714309742892688e-16,2.3359772920775015,0.09421549971023803
54.299999999997766,1.0119531762041964,4.922760689059891e-16,2.335977292077502,0.09421549971023803
54.309999999997764,1.0119531762041964,3.8065702738705385e-16,2.335977292077502,0.09421549971023803
54.31999999999776,1.0119531762041964,2.4898597488423906e-16,2.335977292077502,0.09421549971023803
54.32999999999776,1.0119531762041964,1.0064342921718901e-16,2.335977292077502,0.09421549971023803
54.33999999999776,1.0119531762041964,-7.032370688687029e-17,2.3359772920775024,0.09421549971023803
54.349999999997756,1.0119531762041962,-2.5784234264165066e-16,2.3359772920775006,0.09421549971023804
54.359999999997754,1.0119531762041962,-2.4550943032542157e-16,2.3359772920775006,0.09421549971023803
54.36999999999775,1.0119531762041962,-2.7559985776036473e-16,2.3359772920775,0.09421549971023802
54.37999999999775,1.0119531762041962,-3.1087468847158575e-16,2.3359772920774997,0.094215499710238
54.38999999999775,1.0119531762041962,-3.465800575470309e-16,2.3359772920774997,0.09421549971023799
54.399999999997746,1.0119531762041962,-4.3629633665961127e-16,2.3359772920775,0.09421549971023799
54.409999999997744,1.0119531762041962,-5.39408557821718e-16,2.3359772920775,0.09421549971023797
54.41999999999774,1.011953176204196,-6.793028654536659e-16,2.335977292077499,0.09421549971023799
54.42999999999774,1.011953176204196,-6.311627554606655e-16,2.3359772920774975,0.09421549971023797
54.43999999999774,1.011953176204196,-5.707076494455951e-16,2.335977292077498,0.09421549971023796
54.449999999997736,1.011953176204196,-5.589422004946546e-16,2.335977292077499,0.09421549971023795
54.459999999997734,1.011953176204196,-5.965334816577277e-16,2.335977292077498,0.09421549971023793
54.46999999999773,1.0119531762041958,-6.090988213601571e-16,2.335977292077497,0.09421549971023793
54.47999999999773,1.0119531762041958,-4.456455662118351e-16,2.335977292077496,0.09421549971023792
54.48999999999773,1.0119531762041958,-3.243310472847933e-16,2.3359772920774966,0.0942154997102379
54.499999999997726,1.0119531762041958,-2.574278876828627e-16,2.3359772920774966,0.0942154997102379
54.509999999997724,1.0119531762041958,-2.262157135593137e-16,2.335977292077497,0.0942154997102379
54.51999999999772,1.0119531762041956,-2.2047145953541365e-16,2.3359772920774957,0.09421549971023793
54.52999999999772,1.0119531762041956,-3.625108113747099e-17,2.3359772920774957,0.09421549971023793
54.53999999999772,1.0119531762041956,9.372033647005143e-17,2.3359772920774957,0.09421549971023793
54.549999999997716,1.0119531762041956,1.7650010899303265e-16,2.335977292077496,0.09421549971023793
54.559999999997714,1.0119531762041956,2.0942758886941998e-16,2.3359772920774966,0.09421549971023793
54.56999999999771,1.0119531762041953,2.2241421509694714e-16,2.3359772920774944,0.09421549971023795
54.57999999999771,1.0119531762041953,4.2240719380516633e-16,2.3359772920774944,0.09421549971023795
54.58999999999771,1.0119531762041953,5.623318743022727e-16,2.3359772920774944,0.09421549971023795
54.599999999997706,1.0119531762041953,6.528330152511292e-16,2.335977292077495,0.09421549971023795
54.609999999997704,1.0119531762041953,6.880130410419197e-16,2.3359772920774953,0.09421549971023795
54.6199999999977,1.0119531762041953,6.725094914764385e-16,2.3359772920774953,0.09421549971023795
54.6299999999977,1.0119531762041951,6.567398401952006e-16,2.335977292077494,0.09421549971023797
54.6399999999977,1.0119531762041951,8.107604161683875e-16,2.335977292077494,0.09421549971023797
54.649999999997696,1.0119531762041951,9.148035087735668e-16,2.3359772920774944,0.09421549971023799
54.659999999997694,1.0119531762041951,9.527703927507448e-16,2.3359772920774957,0.094215499710238
54.66999999999769,1.011953176204195,9.311783918048035e-16,2.335977292077495,0.09421549971023803
54.67999999999769,1.011953176204195,1.054882494451789e-15,2.335977292077495,0.09421549971023804
54.68999999999769,1.011953176204195,1.0988962410491328e-15,2.335977292077495,0.09421549971023806
54.69999999999769,1.011953176204195,1.1172332149973577e-15,2.3359772920774953,0.09421549971023807
54.709999999997684,1.011953176204195,1.0866548733623764e-15,2.3359772920774953,0.09421549971023807
54.71999999999768,1.011953176204195,1.0427694464157828e-15,2.3359772920774953,0.09421549971023807
54.72999999999768,1.011953176204195,9.592471926365984e-16,2.3359772920774957,0.09421549971023807
54.73999999999768,1.0119531762041947,8.669507363668327e-16,2.3359772920774944,0.0942154997102381
54.74999999999768,1.0119531762041947,9.289689946654287e-16,2.335977292077495,0.0942154997102381
54.759999999997675,1.0119531762041947,9.328493457872673e-16,2.3359772920774957,0.09421549971023811
54.76999999999767,1.0119531762041944,9.205211567915295e-16,2.335977292077493,0.09421549971023814
54.77999999999767,1.0119531762041944,1.0730073153528641e-15,2.335977292077493,0.09421549971023814
54.78999999999767,1.0119531762041944,1.1690484156598003e-15,2.3359772920774935,0.09421549971023815
54.79999999999767,1.0119531762041944,1.243818396864133e-15,2.335977292077494,0.09421549971023817
54.809999999997665,1.0119531762041944,1.260081223818415e-15,2.335977292077494,0.09421549971023817
54.81999999999766,1.0119531762041944,1.2560670956643044e-15,2.335977292077494,0.09421549971023817
54.82999999999766,1.0119531762041944,1.2075945808133603e-15,2.3359772920774944,0.09421549971023817
54.83999999999766,1.0119531762041942,1.163305230026767e-15,2.335977292077493,0.0942154997102382
54.84999999999766,1.0119531762041942,1.2685473420959801e-15,2.3359772920774935,0.0942154997102382
54.859999999997655,1.0119531762041942,1.3265244632875856e-15,2.3359772920774935,0.0942154997102382
54.86999999999765,1.0119531762041942,1.3406382424661186e-15,2.3359772920774935,0.0942154997102382
54.87999999999765,1.0119531762041942,1.3245141218999407e-15,2.335977292077494,0.0942154997102382
54.88999999999765,1.0119531762041942,1.2635540021504834e-15,2.335977292077494,0.0942154997102382
54.89999999999765,1.011953176204194,1.2072047758869371e-15,2.335977292077493,0.09421549971023821
54.909999999997645,1.011953176204194,1.306968352892794e-15,2.335977292077493,0.09421549971023821
54.91999999999764,1.011953176204194,1.3550678589366616e-15,2.3359772920774935,0.09421549971023821
54.92999999999764,1.011953176204194,1.3540685220496484e-15,2.3359772920774935,0.09421549971023821
54.93999999999764,1.011953176204194,1.3185735066785956e-15,2.335977292077494,0.09421549971023821
54.94999999999764,1.011953176204194,1.2571934852872337e-15,2.3359772920774935,0.09421549971023821
54.959999999997635,1.011953176204194,1.1876011430610692e-15,2.3359772920774935,0.09421549971023821
54.96999999999763,1.0119531762041938,1.1023401498773902e-15,2.3359772920774926,0.09421549971023824
54.97999999999763,1.0119531762041938,1.2052156256392133e-15,2.3359772920774926,0.09421549971023824
54.98999999999763,1.0119531762041938,1.258570031678275e-15,2.335977292077493,0.09421549971023824
54.99999999999763,1.0119531762041938,1.2772244704834024e-15,2.3359772920774926,0.09421549971023824
55.009999999997625,1.0119531762041938,1.2590139732962231e-15,2.335977292077493,0.09421549971023824
55.01999999999762,1.0119531762041936,1.2295446447637253e-15,2.3359772920774913,0.09421549971023825
55.02999999999762,1.0119531762041936,1.366139000920625e-15,2.3359772920774913,0.09421549971023825
55.03999999999762,1.0119531762041936,1.4630983205794404e-15,2.3359772920774917,0.09421549971023825
55.04999999999762,1.0119531762041936,1.514062876499914e-15,2.3359772920774913,0.09421549971023825
55.059999999997615,1.0119531762041936,1.5340812262589757e-15,2.3359772920774917,0.09421549971023825
55.06999999999761,1.0119531762041936,1.5085911821830096e-15,2.3359772920774917,0.09421549971023825
55.07999999999761,1.0119531762041933,1.483714752379648e-15,2.335977292077491,0.09421549971023828
55.08999999999761,1.0119531762041933,1.5967557147841818e-15,2.335977292077491,0.09421549971023828
55.09999999999761,1.0119531762041933,1.6744921502656137e-15,2.3359772920774913,0.09421549971023828
55.109999999997605,1.0119531762041933,1.7036808028088228e-15,2.335977292077491,0.09421549971023828
55.1199999999976,1.0119531762041933,1.7062307680228461e-15,2.3359772920774913,0.09421549971023828
55.1299999999976,1.0119531762041931,1.6932685172439195e-15,2.3359772920774904,0.09421549971023829
55.1399999999976,1.0119531762041931,1.8290365781008348e-15,2.3359772920774904,0.09421549971023829
55.1499999999976,1.0119531762041931,1.9134860176554113e-15,2.335977292077491,0.09421549971023829
55.159999999997595,1.0119531762041931,1.948226322107045e-15,2.3359772920774913,0.0942154997102383
55.16999999999759,1.0119531762041931,1.9262771510185945e-15,2.3359772920774917,0.09421549971023832
55.17999999999759,1.011953176204193,1.8865529405081015e-15,2.3359772920774904,0.09421549971023836
55.18999999999759,1.011953176204193,2.0256021331770734e-15,2.3359772920774904,0.09421549971023836
55.19999999999759,1.011953176204193,2.10827712690499e-15,2.335977292077491,0.09421549971023838
55.209999999997585,1.011953176204193,2.144818857856031e-15,2.335977292077492,0.09421549971023839
55.21999999999758,1.011953176204193,2.094037127336253e-15,2.3359772920774917,0.0942154997102384
55.22999999999758,1.011953176204193,2.0191828440574596e-15,2.335977292077492,0.09421549971023842
55.23999999999758,1.0119531762041927,1.9427620419101826e-15,2.3359772920774904,0.09421549971023845
55.24999999999758,1.0119531762041927,2.000209092215624e-15,2.3359772920774904,0.09421549971023845
55.259999999997575,1.0119531762041927,2.0168254881468175e-15,2.3359772920774917,0.09421549971023846
55.26999999999757,1.0119531762041927,1.9386947859563805e-15,2.335977292077492,0.09421549971023847
55.27999999999757,1.0119531762041927,1.8361549607147805e-15,2.3359772920774917,0.09421549971023847
55.28999999999757,1.0119531762041927,1.7095738356499295e-15,2.335977292077492,0.09421549971023849
55.29999999999757,1.0119531762041927,1.5654439774220484e-15,2.335977292077492,0.09421549971023849
55.309999999997565,1.0119531762041925,1.4166434448785807e-15,2.335977292077491,0.0942154997102385
55.31999999999756,1.0119531762041925,1.423843587057914e-15,2.335977292077491,0.0942154997102385
55.32999999999756,1.0119531762041925,1.3806531300667645e-15,2.3359772920774913,0.0942154997102385
55.33999999999756,1.0119531762041925,1.298317392431069e-15,2.3359772920774917,0.0942154997102385
55.34999999999756,1.0119531762041922,1.21589981624289e-15,2.3359772920774904,0.09421549971023851
55.359999999997555,1.0119531762041922,1.306798136460831e-15,2.3359772920774904,0.09421549971023851
55.36999999999755,1.0119531762041922,1.3692146275809012e-15,2.3359772920774904,0.09421549971023851
55.37999999999755,1.0119531762041922,1.400392218138501e-15,2.3359772920774904,0.09421549971023851
55.38999999999755,1.0119531762041922,1.3790031526291527e-15,2.335977292077491,0.09421549971023851
55.39999999999755,1.011953176204192,1.3483589652055889e-15,2.335977292077489,0.09421549971023854
55.409999999997545,1.011953176204192,1.4983980774210806e-15,2.335977292077489,0.09421549971023854
55.41999999999754,1.011953176204192,1.6029151501419166e-15,2.335977292077489,0.09421549971023854
55.42999999999754,1.011953176204192,1.6737250572228473e-15,2.335977292077489,0.09421549971023854
55.43999999999754,1.011953176204192,1.698868632718846e-15,2.335977292077489,0.09421549971023854
55.44999999999754,1.011953176204192,1.6816653392023725e-15,2.3359772920774895,0.09421549971023854
55.459999999997535,1.0119531762041918,1.6486564108119295e-15,2.3359772920774886,0.09421549971023856
55.46999999999753,1.0119531762041918,1.756264336246742e-15,2.3359772920774886,0.09421549971023856
55.47999999999753,1.0119531762041918,1.8307400552304825e-15,2.3359772920774886,0.09421549971023856
55.48999999999753,1.0119531762041918,1.8729034512878256e-15,2.3359772920774886,0.09421549971023857
55.49999999999753,1.0119531762041918,1.8857357442232116e-15,2.33597729207749,0.09421549971023858
55.509999999997525,1.0119531762041918,1.8674574832156406e-15,2.3359772920774904,0.0942154997102386
55.51999999999752,1.0119531762041918,1.7947210080435002e-15,2.3359772920774904,0.09421549971023861
55.52999999999752,1.0119531762041916,1.7269331731860959e-15,2.3359772920774895,0.09421549971023865
55.53999999999752,1.0119531762041916,1.8114310859146595e-15,2.3359772920774895,0.09421549971023865
55.54999999999752,1.0119531762041916,1.8729066877358376e-15,2.335977292077489,0.09421549971023865
55.559999999997515,1.0119531762041916,1.9103996917288345e-15,2.33597729207749,0.09421549971023867
55.56999999999751,1.0119531762041916,1.871996840835405e-15,2.335977292077491,0.09421549971023868
55.57999999999751,1.0119531762041916,1.764742415458711e-15,2.335977292077491,0.0942154997102387
55.58999999999751,1.0119531762041913,1.6635123655508886e-15,2.3359772920774895,0.09421549971023871
55.59999999999751,1.0119531762041913,1.7639672122373173e-15,2.33597729207749,0.09421549971023871
55.609999999997505,1.0119531762041913,1.799886887412586e-15,2.3359772920774895,0.09421549971023872
55.6199999999975,1.0119531762041913,1.8087027832879777e-15,2.33597729207749,0.09421549971023874
55.6299999999975,1.0119531762041913,1.7630617343657075e-15,2.335977292077491,0.09421549971023875
55.6399999999975,1.0119531762041911,1.6986078022875414e-15,2.335977292077489,0.09421549971023879
55.6499999999975,1.0119531762041911,1.793529991017731e-15,2.3359772920774895,0.09421549971023879
55.659999999997495,1.0119531762041911,1.8406873815566675e-15,2.33597729207749,0.0942154997102388
55.66999999999749,1.0119531762041911,1.8388898379195886e-15,2.33597729207749,0.0942154997102388
55.67999999999749,1.0119531762041911,1.8078049353970367e-15,2.3359772920774904,0.09421549971023882
55.68999999999749,1.0119531762041911,1.6969141374348139e-15,2.335977292077491,0.09421549971023883
55.69999999999749,1.0119531762041911,1.5516704643164356e-15,2.335977292077491,0.09421549971023883
55.709999999997486,1.011953176204191,1.4054203479267578e-15,2.33597729207749,0.09421549971023886
55.71999999999748,1.011953176204191,1.42586862843913e-15,2.33597729207749,0.09421549971023886
55.72999999999748,1.011953176204191,1.4104555241534227e-15,2.33597729207749,0.09421549971023886
55.73999999999748,1.011953176204191,1.3610893548727693e-15,2.33597729207749,0.09421549971023886
55.74999999999748,1.011953176204191,1.2860935893544636e-15,2.3359772920774904,0.09421549971023886
55.759999999997476,1.011953176204191,1.1644519026657486e-15,2.3359772920774904,0.09421549971023886
55.769999999997474,1.0119531762041907,1.0512047685219982e-15,2.335977292077489,0.09421549971023888
55.77999999999747,1.0119531762041907,1.0980213053871002e-15,2.3359772920774895,0.09421549971023888
55.78999999999747,1.0119531762041907,1.0986912659155477e-15,2.3359772920774895,0.09421549971023888
55.79999999999747,1.0119531762041907,1.0706980326300889e-15,2.33597729207749,0.09421549971023888
55.809999999997466,1.0119531762041907,1.0009502248547247e-15,2.33597729207749,0.09421549971023886
55.819999999997464,1.0119531762041907,8.963609214753565e-16,2.33597729207749,0.09421549971023886
55.82999999999746,1.0119531762041905,8.13665433632049e-16,2.3359772920774886,0.09421549971023889
55.83999999999746,1.0119531762041905,8.943708826887514e-16,2.335977292077489,0.09421549971023889
55.84999999999746,1.0119531762041905,9.246880317946089e-16,2.335977292077489,0.09421549971023889
55.859999999997456,1.0119531762041905,9.09657038071774e-16,2.3359772920774895,0.09421549971023889
55.869999999997454,1.0119531762041905,8.682880158059746e-16,2.3359772920774895,0.09421549971023889
55.87999999999745,1.0119531762041902,8.280248235528668e-16,2.3359772920774873,0.0942154997102389
55.88999999999745,1.0119531762041902,9.06855452192778e-16,2.3359772920774877,0.0942154997102389
55.89999999999745,1.0119531762041902,9.637354111050965e-16,2.3359772920774877,0.0942154997102389
55.909999999997446,1.0119531762041902,9.813259549469417e-16,2.335977292077488,0.0942154997102389
55.919999999997444,1.0119531762041902,9.513951719855843e-16,2.335977292077488,0.0942154997102389
55.92999999999744,1.01195317620419,9.005032182506745e-16,2.335977292077487,0.09421549971023895
55.93999999999744,1.01195317620419,9.92242088133511e-16,2.3359772920774873,0.09421549971023895
55.94999999999744,1.01195317620419,1.0443613813769356e-15,2.3359772920774873,0.09421549971023896
55.959999999997436,1.01195317620419,1.0527591526110875e-15,2.3359772920774873,0.09421549971023897
55.969999999997434,1.0119531762041898,1.05887042102274e-15,2.3359772920774864,0.094215499710239
55.97999999999743,1.0119531762041898,1.190090978114869e-15,2.335977292077487,0.094215499710239
55.98999999999743,1.0119531762041898,1.2868624619104656e-15,2.335977292077487,0.09421549971023901
55.99999999999743,1.0119531762041898,1.3274426279024903e-15,2.3359772920774873,0.09421549971023903
56.009999999997426,1.0119531762041898,1.3098573440115895e-15,2.3359772920774873,0.09421549971023903
56.019999999997424,1.0119531762041896,1.309251071420368e-15,2.335977292077486,0.09421549971023906
56.02999999999742,1.0119531762041896,1.4977787838447373e-15,2.3359772920774864,0.09421549971023906
56.03999999999742,1.0119531762041896,1.6165589817869961e-15,2.3359772920774864,0.09421549971023906
56.04999999999742,1.0119531762041896,1.7078163398475578e-15,2.335977292077487,0.09421549971023907
56.059999999997416,1.0119531762041896,1.7317637194778452e-15,2.3359772920774877,0.09421549971023908
56.069999999997414,1.0119531762041896,1.6805398697059266e-15,2.3359772920774877,0.09421549971023908
56.07999999999741,1.0119531762041896,1.6065338353167813e-15,2.3359772920774877,0.0942154997102391
56.08999999999741,1.0119531762041893,1.551926568624647e-15,2.3359772920774855,0.09421549971023911
56.09999999999741,1.0119531762041893,1.6749871874338185e-15,2.3359772920774855,0.09421549971023911
56.109999999997406,1.0119531762041893,1.75830414709423e-15,2.335977292077486,0.09421549971023911
56.119999999997404,1.0119531762041893,1.784292081681441e-15,2.3359772920774864,0.09421549971023913
56.1299999999974,1.0119531762041893,1.7673287935952863e-15,2.3359772920774864,0.09421549971023914
56.1399999999974,1.0119531762041893,1.7181519004965855e-15,2.3359772920774864,0.09421549971023915
56.1499999999974,1.0119531762041891,1.6811775754298163e-15,2.335977292077485,0.09421549971023918
56.159999999997396,1.0119531762041891,1.7901259985436974e-15,2.335977292077487,0.0942154997102392
56.169999999997394,1.0119531762041891,1.8618626643990613e-15,2.335977292077487,0.09421549971023921
56.17999999999739,1.0119531762041891,1.8955819142399897e-15,2.335977292077487,0.09421549971023922
56.18999999999739,1.0119531762041891,1.8833134990414563e-15,2.335977292077487,0.09421549971023924
56.19999999999739,1.0119531762041891,1.839776741655293e-15,2.335977292077488,0.09421549971023925
56.209999999997386,1.0119531762041891,1.7152950206336624e-15,2.3359772920774886,0.09421549971023926
56.219999999997384,1.011953176204189,1.5850406843040629e-15,2.3359772920774873,0.09421549971023929
56.22999999999738,1.011953176204189,1.6260797474860263e-15,2.3359772920774873,0.09421549971023929
56.23999999999738,1.011953176204189,1.6369039027125011e-15,2.3359772920774873,0.09421549971023929
56.24999999999738,1.011953176204189,1.6050710192638035e-15,2.3359772920774873,0.09421549971023929
56.259999999997376,1.011953176204189,1.5503053426534228e-15,2.3359772920774877,0.09421549971023929
56.269999999997374,1.011953176204189,1.4624006187580696e-15,2.3359772920774877,0.09421549971023929
56.27999999999737,1.011953176204189,1.3493017503931171e-15,2.335977292077488,0.09421549971023929
56.28999999999737,1.011953176204189,1.2208484489064542e-15,2.3359772920774877,0.09421549971023929
56.29999999999737,1.011953176204189,1.0887951916444105e-15,2.3359772920774877,0.09421549971023929
56.309999999997366,1.0119531762041887,9.52355036610542e-16,2.335977292077487,0.09421549971023932
56.319999999997364,1.0119531762041887,1.0000222407700202e-15,2.335977292077487,0.0942154997102393
56.32999999999736,1.0119531762041887,1.0048457942234693e-15,2.3359772920774873,0.0942154997102393
56.33999999999736,1.0119531762041887,9.686557013102518e-16,2.335977292077487,0.0942154997102393
56.34999999999736,1.0119531762041885,9.644238451562383e-16,2.335977292077485,0.09421549971023932
56.359999999997356,1.0119531762041885,1.1254862614080327e-15,2.3359772920774855,0.09421549971023932
56.369999999997354,1.0119531762041885,1.2449959331327992e-15,2.3359772920774855,0.09421549971023932
56.37999999999735,1.0119531762041885,1.3109991389933874e-15,2.3359772920774855,0.09421549971023932
56.38999999999735,1.0119531762041885,1.3305569310538484e-15,2.3359772920774855,0.09421549971023932
56.39999999999735,1.0119531762041885,1.3378349098461128e-15,2.335977292077486,0.09421549971023932
56.409999999997346,1.0119531762041885,1.3038244727239593e-15,2.3359772920774855,0.09421549971023932
56.419999999997344,1.0119531762041882,1.2881170601850792e-15,2.335977292077484,0.09421549971023935
56.42999999999734,1.0119531762041882,1.428920261457398e-15,2.335977292077484,0.09421549971023935
56.43999999999734,1.0119531762041882,1.5291909620440417e-15,2.3359772920774846,0.09421549971023935
56.44999999999734,1.0119531762041882,1.568075399976856e-15,2.3359772920774846,0.09421549971023935
56.459999999997336,1.0119531762041882,1.5898494012074077e-15,2.3359772920774846,0.09421549971023935
56.469999999997334,1.0119531762041882,1.5873062011505166e-15,2.335977292077484,0.09421549971023935
56.47999999999733,1.0119531762041882,1.5620864836910458e-15,2.3359772920774846,0.09421549971023935
56.48999999999733,1.011953176204188,1.5365650682910706e-15,2.3359772920774837,0.09421549971023936
56.49999999999733,1.011953176204188,1.6619048259136715e-15,2.3359772920774837,0.09421549971023936
56.509999999997326,1.011953176204188,1.739595374262478e-15,2.335977292077484,0.09421549971023936
56.519999999997324,1.011953176204188,1.7773697873338323e-15,2.335977292077484,0.09421549971023936
56.52999999999732,1.011953176204188,1.7970491500397275e-15,2.3359772920774837,0.09421549971023938
56.53999999999732,1.011953176204188,1.779956399250664e-15,2.335977292077484,0.09421549971023939
56.54999999999732,1.011953176204188,1.7353873573792852e-15,2.3359772920774855,0.0942154997102394
56.559999999997316,1.0119531762041878,1.629539378784646e-15,2.335977292077484,0.09421549971023943
56.569999999997314,1.0119531762041878,1.689959021311639e-15,2.3359772920774846,0.09421549971023943
56.57999999999731,1.0119531762041878,1.701478517182795e-15,2.3359772920774846,0.09421549971023943
56.58999999999731,1.0119531762041878,1.6809867969553199e-15,2.335977292077484,0.09421549971023944
56.59999999999731,1.0119531762041878,1.631904387259337e-15,2.3359772920774846,0.09421549971023946
56.60999999999731,1.0119531762041876,1.5681990298242776e-15,2.335977292077483,0.09421549971023949
56.619999999997304,1.0119531762041876,1.6756979107240564e-15,2.335977292077483,0.09421549971023949
56.6299999999973,1.0119531762041876,1.7349957493643678e-15,2.335977292077483,0.09421549971023949
56.6399999999973,1.0119531762041876,1.770221157994974e-15,2.335977292077483,0.09421549971023949
56.6499999999973,1.0119531762041873,1.781752915691024e-15,2.335977292077483,0.09421549971023953
56.6599999999973,1.0119531762041873,1.9190008621189183e-15,2.3359772920774833,0.09421549971023954
56.669999999997295,1.0119531762041873,2.000560628807002e-15,2.3359772920774833,0.09421549971023956
56.67999999999729,1.0119531762041873,2.03904295177342e-15,2.3359772920774833,0.09421549971023957
56.68999999999729,1.0119531762041873,2.027287312631465e-15,2.3359772920774846,0.09421549971023958
56.69999999999729,1.0119531762041873,1.9611322696136747e-15,2.335977292077484,0.0942154997102396
56.70999999999729,1.0119531762041873,1.8616045877416755e-15,2.3359772920774846,0.09421549971023961
56.719999999997285,1.0119531762041873,1.7441017472393722e-15,2.3359772920774846,0.09421549971023961
56.72999999999728,1.0119531762041871,1.6187309041928717e-15,2.3359772920774837,0.09421549971023963
56.73999999999728,1.0119531762041871,1.6515606413637556e-15,2.335977292077484,0.09421549971023963
56.74999999999728,1.0119531762041871,1.6463496146877944e-15,2.335977292077484,0.09421549971023963
56.75999999999728,1.0119531762041871,1.6178069173986325e-15,2.3359772920774837,0.09421549971023963
56.769999999997275,1.011953176204187,1.5888626467622583e-15,2.335977292077483,0.09421549971023967
56.77999999999727,1.011953176204187,1.7483180021998693e-15,2.3359772920774833,0.09421549971023967
56.78999999999727,1.011953176204187,1.846850349026841e-15,2.3359772920774833,0.09421549971023967
56.79999999999727,1.011953176204187,1.9076665580645967e-15,2.3359772920774837,0.09421549971023968
56.80999999999727,1.011953176204187,1.933808468076242e-15,2.3359772920774846,0.0942154997102397
56.819999999997265,1.011953176204187,1.901914722887037e-15,2.3359772920774846,0.09421549971023971
56.82999999999726,1.011953176204187,1.8431543737411432e-15,2.3359772920774846,0.09421549971023972
56.83999999999726,1.011953176204187,1.765210252681354e-15,2.3359772920774846,0.09421549971023974
56.84999999999726,1.0119531762041867,1.6907879244003795e-15,2.3359772920774824,0.09421549971023975
56.85999999999726,1.0119531762041867,1.794247518087608e-15,2.3359772920774837,0.09421549971023976
56.869999999997255,1.0119531762041867,1.86251795868893e-15,2.3359772920774837,0.09421549971023978
56.87999999999725,1.0119531762041867,1.900789310275091e-15,2.3359772920774837,0.09421549971023979
56.88999999999725,1.0119531762041867,1.885822249677012e-15,2.335977292077484,0.0942154997102398
56.89999999999725,1.0119531762041867,1.8425340617639605e-15,2.335977292077485,0.09421549971023982
56.90999999999725,1.0119531762041867,1.7237384357890981e-15,2.335977292077485,0.09421549971023983
56.919999999997245,1.0119531762041867,1.599495004756716e-15,2.335977292077485,0.09421549971023983
56.92999999999724,1.0119531762041867,1.4636876128667094e-15,2.335977292077485,0.09421549971023983
56.93999999999724,1.0119531762041865,1.3373937475223557e-15,2.335977292077484,0.09421549971023986
56.94999999999724,1.0119531762041865,1.3667667399201037e-15,2.335977292077484,0.09421549971023986
56.95999999999724,1.0119531762041865,1.3738868497408652e-15,2.3359772920774846,0.09421549971023986
56.969999999997235,1.0119531762041865,1.3388811321148929e-15,2.3359772920774846,0.09421549971023986
56.97999999999723,1.0119531762041865,1.2874505791044511e-15,2.3359772920774846,0.09421549971023986
56.98999999999723,1.0119531762041865,1.2158389690884884e-15,2.3359772920774846,0.09421549971023986
56.99999999999723,1.0119531762041865,1.1173351100322475e-15,2.3359772920774846,0.09421549971023986
57.00999999999723,1.0119531762041865,1.012060951427642e-15,2.3359772920774846,0.09421549971023986
57.019999999997225,1.0119531762041865,8.836288759078774e-16,2.3359772920774846,0.09421549971023986
57.02999999999722,1.0119531762041862,7.603170970124453e-16,2.3359772920774837,0.09421549971023988
57.03999999999722,1.0119531762041862,8.207885380564852e-16,2.3359772920774837,0.09421549971023988
57.04999999999722,1.0119531762041862,8.466942072953513e-16,2.3359772920774837,0.09421549971023988
57.05999999999722,1.0119531762041862,8.468812888917361e-16,2.3359772920774837,0.09421549971023988
57.069999999997215,1.0119531762041862,7.982761172645114e-16,2.335977292077484,0.09421549971023988
57.07999999999721,1.0119531762041862,7.075628308168434e-16,2.335977292077484,0.09421549971023988
57.08999999999721,1.011953176204186,6.382839365942596e-16,2.3359772920774833,0.0942154997102399
57.09999999999721,1.011953176204186,7.433601639047072e-16,2.3359772920774833,0.0942154997102399
57.10999999999721,1.011953176204186,8.293434035240524e-16,2.335977292077483,0.0942154997102399
57.119999999997205,1.011953176204186,8.698144977830484e-16,2.3359772920774833,0.0942154997102399
57.1299999999972,1.0119531762041858,9.10805599396567e-16,2.3359772920774815,0.09421549971023993
57.1399999999972,1.0119531762041858,1.1129376013786983e-15,2.3359772920774815,0.09421549971023994
57.1499999999972,1.0119531762041858,1.2550889324814658e-15,2.335977292077483,0.09421549971023996
57.1599999999972,1.0119531762041858,1.3108683190568979e-15,2.335977292077483,0.09421549971023997
57.169999999997195,1.0119531762041858,1.3494504540107534e-15,2.335977292077483,0.09421549971023999
57.17999999999719,1.0119531762041858,1.3464178686662828e-15,2.335977292077483,0.09421549971024
57.18999999999719,1.0119531762041858,1.3182623752991998e-15,2.335977292077483,0.09421549971024
57.19999999999719,1.0119531762041858,1.2730434645203387e-15,2.335977292077483,0.09421549971024
57.20999999999719,1.0119531762041858,1.1913051385621437e-15,2.3359772920774833,0.09421549971024
57.219999999997185,1.0119531762041856,1.107919260473364e-15,2.3359772920774824,0.09421549971024003
57.22999999999718,1.0119531762041856,1.2051073904698456e-15,2.3359772920774824,0.09421549971024003
57.23999999999718,1.0119531762041856,1.2610938047142886e-15,2.3359772920774824,0.09421549971024003
57.24999999999718,1.0119531762041856,1.2989321780963013e-15,2.335977292077482,0.09421549971024003
57.25999999999718,1.0119531762041856,1.3129743165591734e-15,2.3359772920774824,0.09421549971024003
57.269999999997175,1.0119531762041856,1.2872333975523995e-15,2.3359772920774824,0.09421549971024003
57.27999999999717,1.0119531762041856,1.236954798339689e-15,2.3359772920774824,0.09421549971024003
57.28999999999717,1.0119531762041856,1.1477454495868942e-15,2.335977292077483,0.09421549971024003
57.29999999999717,1.0119531762041856,1.0487537227895321e-15,2.335977292077483,0.09421549971024003
57.30999999999717,1.0119531762041853,9.401606486336144e-16,2.335977292077482,0.09421549971024004
57.319999999997165,1.0119531762041853,9.963043415511714e-16,2.3359772920774815,0.09421549971024004
57.32999999999716,1.0119531762041853,1.0189077659547874e-15,2.3359772920774815,0.09421549971024004
57.33999999999716,1.0119531762041853,1.0119249618623665e-15,2.335977292077482,0.09421549971024004
57.34999999999716,1.0119531762041853,9.723906967555043e-16,2.335977292077482,0.09421549971024004
57.35999999999716,1.0119531762041853,9.112910467148283e-16,2.3359772920774824,0.09421549971024004
57.369999999997155,1.0119531762041851,8.613827102547869e-16,2.3359772920774806,0.09421549971024006
57.37999999999715,1.0119531762041851,9.765665995992577e-16,2.3359772920774806,0.09421549971024006
57.38999999999715,1.0119531762041851,1.0563086736457884e-15,2.3359772920774806,0.09421549971024006
57.39999999999715,1.011953176204185,1.1080036674499921e-15,2.3359772920774797,0.09421549971024008
57.40999999999715,1.011953176204185,1.2976056341337828e-15,2.3359772920774797,0.0942154997102401
57.419999999997145,1.011953176204185,1.4442424880895082e-15,2.3359772920774797,0.09421549971024011
57.42999999999714,1.011953176204185,1.564229772389614e-15,2.3359772920774797,0.09421549971024012
57.43999999999714,1.011953176204185,1.6413264046366704e-15,2.3359772920774797,0.09421549971024014
57.44999999999714,1.011953176204185,1.6871552520922649e-15,2.335977292077481,0.09421549971024015
57.45999999999714,1.011953176204185,1.6250782832111274e-15,2.335977292077481,0.09421549971024017
57.469999999997135,1.0119531762041847,1.5742651768257037e-15,2.33597729207748,0.09421549971024021
57.47999999999713,1.0119531762041847,1.7025241317449001e-15,2.33597729207748,0.09421549971024021
57.48999999999713,1.0119531762041847,1.7909715129714463e-15,2.3359772920774806,0.09421549971024021
57.49999999999713,1.0119531762041847,1.8394787846731385e-15,2.33597729207748,0.09421549971024021
57.50999999999713,1.0119531762041847,1.8700729717520324e-15,2.33597729207748,0.09421549971024022
57.519999999997125,1.0119531762041847,1.8688901653192412e-15,2.3359772920774815,0.09421549971024024
57.52999999999712,1.0119531762041847,1.780631151032068e-15,2.3359772920774815,0.09421549971024025
57.53999999999712,1.0119531762041847,1.6815102024033183e-15,2.335977292077482,0.09421549971024026
57.54999999999712,1.0119531762041847,1.5568189458780792e-15,2.335977292077482,0.09421549971024026
57.55999999999712,1.0119531762041845,1.4404803808329476e-15,2.335977292077481,0.09421549971024028
57.569999999997115,1.0119531762041845,1.4990543599887528e-15,2.3359772920774815,0.09421549971024028
57.57999999999711,1.0119531762041845,1.519468291377543e-15,2.3359772920774815,0.09421549971024028
57.58999999999711,1.0119531762041845,1.5326345104909249e-15,2.335977292077481,0.09421549971024028
57.59999999999711,1.0119531762041845,1.51449411128715e-15,2.335977292077481,0.09421549971024028
57.60999999999711,1.0119531762041845,1.4843440703016123e-15,2.335977292077481,0.09421549971024028
57.619999999997106,1.0119531762041845,1.4244488850267606e-15,2.3359772920774815,0.09421549971024028
57.6299999999971,1.0119531762041845,1.3318953727284668e-15,2.3359772920774815,0.09421549971024028
57.6399999999971,1.0119531762041845,1.230749303229859e-15,2.335977292077482,0.09421549971024028
57.6499999999971,1.0119531762041845,1.0999846288394944e-15,2.335977292077482,0.09421549971024028
57.6599999999971,1.0119531762041842,9.944015233773292e-16,2.3359772920774806,0.0942154997102403
57.669999999997096,1.0119531762041842,1.104094773882916e-15,2.3359772920774806,0.09421549971024029
57.679999999997094,1.0119531762041842,1.1544701726402947e-15,2.3359772920774806,0.09421549971024029
57.68999999999709,1.0119531762041842,1.1860936181426643e-15,2.3359772920774806,0.09421549971024029
57.69999999999709,1.0119531762041842,1.1965087739883173e-15,2.335977292077481,0.09421549971024029
57.70999999999709,1.0119531762041842,1.1661179312002007e-15,2.3359772920774815,0.09421549971024029
57.719999999997086,1.0119531762041842,1.0949484720609264e-15,2.3359772920774815,0.09421549971024029
57.729999999997084,1.0119531762041842,1.0171799133061984e-15,2.3359772920774815,0.09421549971024029
57.73999999999708,1.0119531762041842,9.174395373847865e-16,2.3359772920774815,0.09421549971024029
57.74999999999708,1.011953176204184,8.515762775439387e-16,2.3359772920774793,0.0942154997102403
57.75999999999708,1.011953176204184,9.80803973926984e-16,2.3359772920774797,0.0942154997102403
57.769999999997076,1.011953176204184,1.0768269337097751e-15,2.3359772920774797,0.0942154997102403
57.779999999997074,1.011953176204184,1.1175772537369578e-15,2.3359772920774797,0.0942154997102403
57.78999999999707,1.011953176204184,1.1254816798468708e-15,2.33597729207748,0.0942154997102403
57.79999999999707,1.011953176204184,1.099223567421345e-15,2.33597729207748,0.0942154997102403
57.80999999999707,1.011953176204184,1.0584592866579742e-15,2.33597729207748,0.0942154997102403
57.819999999997066,1.011953176204184,1.0034920845510509e-15,2.33597729207748,0.0942154997102403
57.829999999997064,1.0119531762041838,9.611294754632379e-16,2.335977292077479,0.09421549971024033
57.83999999999706,1.0119531762041838,1.1092332402077671e-15,2.335977292077479,0.09421549971024033
57.84999999999706,1.0119531762041838,1.2102272181893635e-15,2.3359772920774793,0.09421549971024033
57.85999999999706,1.0119531762041838,1.2842259594081237e-15,2.3359772920774793,0.09421549971024033
57.869999999997056,1.0119531762041838,1.309628685602126e-15,2.3359772920774797,0.09421549971024033
57.879999999997054,1.0119531762041838,1.3044302053412734e-15,2.3359772920774797,0.09421549971024033
57.88999999999705,1.0119531762041838,1.275094968800655e-15,2.3359772920774797,0.09421549971024033
57.89999999999705,1.0119531762041836,1.2675703847004383e-15,2.3359772920774784,0.09421549971024035
57.90999999999705,1.0119531762041836,1.4605063322519533e-15,2.335977292077478,0.09421549971024035
57.919999999997046,1.0119531762041836,1.6243331178395012e-15,2.3359772920774784,0.09421549971024036
57.929999999997044,1.0119531762041836,1.738981513235898e-15,2.335977292077479,0.09421549971024037
57.93999999999704,1.0119531762041836,1.80214672594031e-15,2.3359772920774797,0.09421549971024039
57.94999999999704,1.0119531762041836,1.7888525864371348e-15,2.3359772920774797,0.0942154997102404
57.95999999999704,1.0119531762041836,1.810985123878344e-15,2.33597729207748,0.09421549971024042
57.969999999997036,1.0119531762041836,1.8004176558490153e-15,2.3359772920774806,0.09421549971024043
57.979999999997034,1.0119531762041836,1.7620988695701193e-15,2.3359772920774815,0.09421549971024044
57.98999999999703,1.0119531762041836,1.651560224046017e-15,2.3359772920774815,0.09421549971024046
57.99999999999703,1.0119531762041836,1.5296062433287612e-15,2.3359772920774815,0.09421549971024047
58.00999999999703,1.0119531762041836,1.3962141966751908e-15,2.3359772920774815,0.09421549971024047
58.019999999997026,1.0119531762041836,1.264394429129638e-15,2.335977292077482,0.09421549971024047
58.029999999997024,1.0119531762041836,1.096101703669826e-15,2.335977292077482,0.09421549971024047
58.03999999999702,1.0119531762041836,9.245008340716744e-16,2.335977292077482,0.09421549971024047
58.04999999999702,1.0119531762041833,7.883813997512447e-16,2.33597729207748,0.0942154997102405
58.05999999999702,1.0119531762041833,8.358672444398987e-16,2.33597729207748,0.0942154997102405
58.069999999997016,1.0119531762041833,8.546515585763856e-16,2.33597729207748,0.0942154997102405
58.079999999997014,1.0119531762041833,8.552216669515815e-16,2.33597729207748,0.0942154997102405
58.08999999999701,1.0119531762041833,8.170313430743838e-16,2.3359772920774806,0.0942154997102405
58.09999999999701,1.0119531762041833,7.446348092567798e-16,2.3359772920774806,0.0942154997102405
58.10999999999701,1.0119531762041831,6.746678696170319e-16,2.3359772920774797,0.09421549971024051
58.119999999997006,1.0119531762041831,7.960358473706544e-16,2.3359772920774793,0.09421549971024051
58.129999999997004,1.0119531762041831,8.804151814093313e-16,2.3359772920774797,0.09421549971024051
58.139999999997,1.0119531762041831,9.173937771242662e-16,2.3359772920774797,0.09421549971024053
58.149999999997,1.0119531762041831,9.29843133661243e-16,2.335977292077481,0.09421549971024054
58.159999999997,1.0119531762041831,8.725104882917884e-16,2.335977292077481,0.09421549971024056
58.169999999996996,1.0119531762041831,7.932787361738897e-16,2.3359772920774815,0.09421549971024057
58.179999999996994,1.0119531762041831,7.098207855781109e-16,2.3359772920774806,0.0942154997102406
58.18999999999699,1.0119531762041831,7.613059824508718e-16,2.3359772920774806,0.0942154997102406
58.19999999999699,1.0119531762041831,7.932677492697661e-16,2.3359772920774806,0.0942154997102406
58.20999999999699,1.0119531762041831,7.917685449923075e-16,2.3359772920774806,0.09421549971024061
58.219999999996986,1.0119531762041831,7.6286272346006e-16,2.335977292077482,0.09421549971024062
58.229999999996984,1.0119531762041831,6.743438636345574e-16,2.335977292077482,0.09421549971024064
58.23999999999698,1.0119531762041831,5.643949689038476e-16,2.335977292077482,0.09421549971024064
58.24999999999698,1.0119531762041831,4.462204807191744e-16,2.335977292077482,0.09421549971024064
58.25999999999698,1.0119531762041831,3.137273788854525e-16,2.3359772920774824,0.09421549971024064
58.269999999996976,1.0119531762041831,1.62078457193744e-16,2.3359772920774824,0.09421549971024064
58.279999999996974,1.0119531762041831,4.583997188432619e-18,2.3359772920774824,0.09421549971024064
58.28999999999697,1.0119531762041831,-1.6663994845660615e-16,2.335977292077483,0.09421549971024064
58.29999999999697,1.011953176204183,-3.171641248344765e-16,2.3359772920774815,0.09421549971024067
58.30999999999697,1.011953176204183,-3.004675550696207e-16,2.3359772920774815,0.09421549971024065
58.319999999996966,1.011953176204183,-3.1059255736307664e-16,2.3359772920774806,0.09421549971024064
58.329999999996964,1.011953176204183,-2.956291553740596e-16,2.3359772920774806,0.09421549971024064
58.33999999999696,1.011953176204183,-2.9746880138244033e-16,2.335977292077481,0.09421549971024064
58.34999999999696,1.011953176204183,-3.200059967902054e-16,2.3359772920774806,0.09421549971024064
58.35999999999696,1.0119531762041827,-3.316567627081673e-16,2.335977292077479,0.09421549971024065
58.369999999996956,1.0119531762041827,-1.716286496384703e-16,2.3359772920774793,0.09421549971024064
58.379999999996954,1.0119531762041827,-4.396979952371161e-17,2.3359772920774793,0.09421549971024064
58.38999999999695,1.0119531762041827,3.568213353965546e-17,2.3359772920774793,0.09421549971024064
58.39999999999695,1.0119531762041827,9.111072778248023e-17,2.3359772920774793,0.09421549971024064
58.40999999999695,1.0119531762041827,1.3332194978459865e-16,2.3359772920774793,0.09421549971024064
58.419999999996946,1.0119531762041827,1.4003344620517577e-16,2.3359772920774797,0.09421549971024064
58.429999999996944,1.0119531762041827,1.2574978112200484e-16,2.3359772920774793,0.09421549971024064
58.43999999999694,1.0119531762041827,9.248958653383959e-17,2.3359772920774797,0.09421549971024064
58.44999999999694,1.0119531762041825,5.993275225616876e-17,2.335977292077479,0.09421549971024067
58.45999999999694,1.0119531762041825,2.0052923934609418e-16,2.335977292077479,0.09421549971024067
58.469999999996936,1.0119531762041825,3.0619028959503983e-16,2.335977292077479,0.09421549971024067
58.479999999996934,1.0119531762041825,3.850354503655355e-16,2.335977292077479,0.09421549971024067
58.48999999999693,1.0119531762041825,4.264554079633071e-16,2.3359772920774793,0.09421549971024067
58.49999999999693,1.0119531762041825,4.319176242655585e-16,2.3359772920774793,0.09421549971024067
58.50999999999693,1.0119531762041825,4.2960397772725825e-16,2.3359772920774793,0.09421549971024067
58.51999999999693,1.0119531762041825,4.058788034761935e-16,2.3359772920774793,0.09421549971024067
58.529999999996924,1.0119531762041822,3.9261378354323363e-16,2.335977292077478,0.09421549971024068
58.53999999999692,1.0119531762041822,5.438249720755844e-16,2.335977292077478,0.09421549971024068
58.54999999999692,1.0119531762041822,6.66002224410551e-16,2.335977292077478,0.09421549971024068
58.55999999999692,1.0119531762041822,7.375060230188104e-16,2.3359772920774784,0.09421549971024068
58.56999999999692,1.0119531762041822,7.772384871568143e-16,2.3359772920774784,0.09421549971024068
58.579999999996915,1.0119531762041822,7.886903974207737e-16,2.3359772920774784,0.0942154997102407
58.58999999999691,1.0119531762041822,7.70773669631113e-16,2.3359772920774797,0.09421549971024071
58.59999999999691,1.011953176204182,7.123622893146061e-16,2.335977292077479,0.09421549971024075
58.60999999999691,1.011953176204182,8.53495685373707e-16,2.3359772920774784,0.09421549971024075
58.61999999999691,1.011953176204182,9.553243487070133e-16,2.335977292077479,0.09421549971024076
58.629999999996905,1.011953176204182,1.029829710687216e-15,2.335977292077479,0.09421549971024078
58.6399999999969,1.011953176204182,1.0561013674676428e-15,2.3359772920774797,0.09421549971024079
58.6499999999969,1.011953176204182,1.0149898721104745e-15,2.33597729207748,0.0942154997102408
58.6599999999969,1.011953176204182,9.50862634700246e-16,2.33597729207748,0.09421549971024082
58.6699999999969,1.011953176204182,8.682997301813517e-16,2.33597729207748,0.09421549971024083
58.679999999996895,1.011953176204182,7.557937445541235e-16,2.3359772920774815,0.09421549971024085
58.68999999999689,1.011953176204182,6.041714601719253e-16,2.3359772920774815,0.09421549971024085
58.69999999999689,1.011953176204182,4.476312670817591e-16,2.3359772920774815,0.09421549971024085
58.70999999999689,1.0119531762041818,3.2290947315309977e-16,2.3359772920774793,0.09421549971024086
58.71999999999689,1.0119531762041818,3.862915820495712e-16,2.3359772920774797,0.09421549971024086
58.729999999996885,1.0119531762041818,4.1071566142103637e-16,2.3359772920774797,0.09421549971024086
58.73999999999688,1.0119531762041818,4.243981242845833e-16,2.3359772920774797,0.09421549971024086
58.74999999999688,1.0119531762041818,4.040671979072712e-16,2.3359772920774797,0.09421549971024086
58.75999999999688,1.0119531762041818,3.6618101051487894e-16,2.33597729207748,0.09421549971024086
58.76999999999688,1.0119531762041818,3.139710494184974e-16,2.33597729207748,0.09421549971024086
58.779999999996875,1.0119531762041818,2.282750519833038e-16,2.3359772920774806,0.09421549971024086
58.78999999999687,1.0119531762041818,1.4288655538923156e-16,2.3359772920774806,0.09421549971024086
58.79999999999687,1.0119531762041818,3.901253307593347e-17,2.33597729207748,0.09421549971024086
58.80999999999687,1.0119531762041816,-3.627224678698071e-17,2.3359772920774793,0.09421549971024089
58.81999999999687,1.0119531762041816,4.179845206502062e-17,2.3359772920774793,0.09421549971024089
58.829999999996865,1.0119531762041816,1.0285201961828933e-16,2.3359772920774793,0.09421549971024089
58.83999999999686,1.0119531762041816,1.4389152211057229e-16,2.3359772920774793,0.09421549971024089
58.84999999999686,1.0119531762041816,1.4784633820456766e-16,2.3359772920774797,0.09421549971024089
58.85999999999686,1.0119531762041816,1.3014151629577496e-16,2.3359772920774797,0.09421549971024089
58.86999999999686,1.0119531762041816,8.956587826509701e-17,2.33597729207748,0.09421549971024089
58.879999999996855,1.0119531762041816,2.4912958488765363e-17,2.3359772920774797,0.09421549971024089
58.88999999999685,1.0119531762041816,-3.8428249142257126e-17,2.3359772920774797,0.09421549971024089
58.89999999999685,1.0119531762041816,-1.1809826472840392e-16,2.335977292077479,0.09421549971024087
58.90999999999685,1.0119531762041816,-1.6432992365735636e-16,2.3359772920774793,0.09421549971024087
58.91999999999685,1.0119531762041816,-2.382050249434115e-16,2.3359772920774793,0.09421549971024086
58.929999999996845,1.0119531762041813,-2.9217545488372484e-16,2.3359772920774784,0.09421549971024087
58.93999999999684,1.0119531762041813,-1.9250321641750853e-16,2.3359772920774784,0.09421549971024086
58.94999999999684,1.0119531762041813,-1.1385273246608501e-16,2.3359772920774784,0.09421549971024086
58.95999999999684,1.0119531762041813,-7.550200944142152e-17,2.335977292077479,0.09421549971024086
58.96999999999684,1.0119531762041813,-5.74784264111233e-17,2.335977292077479,0.09421549971024086
58.979999999996835,1.0119531762041813,-5.111240290369271e-17,2.335977292077479,0.09421549971024086
58.98999999999683,1.0119531762041813,-5.1255683992397895e-17,2.3359772920774784,0.09421549971024086
58.99999999999683,1.0119531762041813,-6.449951896072299e-17,2.3359772920774784,0.09421549971024086
59.00999999999683,1.0119531762041811,-7.582528637906593e-17,2.3359772920774775,0.09421549971024089
59.01999999999683,1.0119531762041811,1.0223246095494197e-16,2.335977292077478,0.09421549971024089
59.029999999996825,1.0119531762041811,2.3679896606630625e-16,2.335977292077478,0.09421549971024089
59.03999999999682,1.0119531762041811,3.3867551536561916e-16,2.335977292077478,0.09421549971024089
59.04999999999682,1.0119531762041811,4.0132356380018835e-16,2.3359772920774784,0.09421549971024089
59.05999999999682,1.0119531762041811,4.3725510786948655e-16,2.3359772920774784,0.09421549971024089
59.06999999999682,1.0119531762041811,4.48006235721129e-16,2.335977292077478,0.09421549971024089
59.079999999996815,1.0119531762041811,4.545974047626162e-16,2.335977292077478,0.09421549971024089
59.08999999999681,1.0119531762041811,4.3009246948311635e-16,2.3359772920774784,0.09421549971024089
59.09999999999681,1.0119531762041811,3.7900328422513797e-16,2.3359772920774784,0.09421549971024089
59.10999999999681,1.0119531762041811,3.0592919809259633e-16,2.335977292077479,0.09421549971024089
59.11999999999681,1.011953176204181,2.522547588451917e-16,2.3359772920774766,0.0942154997102409
59.129999999996805,1.011953176204181,4.0426946655289927e-16,2.3359772920774766,0.0942154997102409
59.1399999999968,1.011953176204181,5.131839262746587e-16,2.3359772920774766,0.0942154997102409
59.1499999999968,1.011953176204181,5.986088328702746e-16,2.335977292077477,0.0942154997102409
59.1599999999968,1.011953176204181,6.543561450675038e-16,2.335977292077477,0.0942154997102409
59.1699999999968,1.011953176204181,6.852047832821419e-16,2.335977292077477,0.0942154997102409
59.179999999996795,1.011953176204181,7.038156794858791e-16,2.3359772920774766,0.0942154997102409
59.18999999999679,1.011953176204181,6.913325023315428e-16,2.335977292077477,0.0942154997102409
59.19999999999679,1.0119531762041807,6.873567577533472e-16,2.3359772920774757,0.09421549971024094
59.20999999999679,1.0119531762041807,8.293298109511896e-16,2.3359772920774757,0.09421549971024094
59.21999999999679,1.0119531762041807,9.129175072989924e-16,2.335977292077476,0.09421549971024096
59.229999999996785,1.0119531762041807,9.59950039875274e-16,2.335977292077477,0.09421549971024097
59.23999999999678,1.0119531762041807,9.563423017855536e-16,2.3359772920774775,0.09421549971024099
59.24999999999678,1.0119531762041807,9.08633155527128e-16,2.3359772920774775,0.094215499710241
59.25999999999678,1.0119531762041807,8.423662481320113e-16,2.3359772920774775,0.09421549971024101
59.26999999999678,1.0119531762041807,7.584883739737613e-16,2.3359772920774784,0.09421549971024103
59.279999999996775,1.0119531762041807,6.269006165198746e-16,2.3359772920774784,0.09421549971024103
59.28999999999677,1.0119531762041807,4.909589831763961e-16,2.3359772920774784,0.09421549971024103
59.29999999999677,1.0119531762041807,3.5090118739298414e-16,2.3359772920774784,0.09421549971024103
59.30999999999677,1.0119531762041807,1.9563419659333151e-16,2.3359772920774784,0.09421549971024103
59.31999999999677,1.0119531762041805,7.02713523660944e-17,2.3359772920774775,0.09421549971024104
59.329999999996765,1.0119531762041805,9.067467835282875e-17,2.335977292077477,0.09421549971024104
59.33999999999676,1.0119531762041805,1.0118758737279316e-16,2.3359772920774775,0.09421549971024104
59.34999999999676,1.0119531762041805,9.32760383573207e-17,2.3359772920774775,0.09421549971024104
59.35999999999676,1.0119531762041805,5.572562535765518e-17,2.3359772920774775,0.09421549971024104
59.36999999999676,1.0119531762041805,-8.789103334546803e-18,2.335977292077478,0.09421549971024104
59.379999999996755,1.0119531762041805,-8.11950776107997e-17,2.335977292077478,0.09421549971024104
59.38999999999675,1.0119531762041802,-1.4901309887251361e-16,2.335977292077477,0.09421549971024107
59.39999999999675,1.0119531762041802,1.1276385741401868e-18,2.335977292077476,0.09421549971024105
59.40999999999675,1.0119531762041802,1.4700035842320092e-16,2.335977292077476,0.09421549971024105
59.41999999999675,1.0119531762041802,2.6002402307839893e-16,2.335977292077476,0.09421549971024105
59.429999999996745,1.0119531762041802,3.5179680592026324e-16,2.335977292077476,0.09421549971024105
59.43999999999674,1.0119531762041802,4.219745328243661e-16,2.335977292077476,0.09421549971024105
59.44999999999674,1.0119531762041802,4.676754596228963e-16,2.335977292077476,0.09421549971024105
59.45999999999674,1.0119531762041802,4.736725301963745e-16,2.3359772920774766,0.09421549971024105
59.46999999999674,1.0119531762041802,4.613197600560498e-16,2.3359772920774766,0.09421549971024105
59.479999999996735,1.01195317620418,4.720693285721529e-16,2.335977292077475,0.09421549971024107
59.48999999999673,1.01195317620418,6.713185950748344e-16,2.335977292077475,0.09421549971024107
59.49999999999673,1.01195317620418,8.35551318560275e-16,2.335977292077475,0.09421549971024107
59.50999999999673,1.01195317620418,9.466504808335897e-16,2.3359772920774757,0.09421549971024108
59.51999999999673,1.01195317620418,9.998664217921311e-16,2.335977292077476,0.0942154997102411
59.529999999996726,1.01195317620418,1.065118136996012e-15,2.3359772920774766,0.09421549971024111
59.53999999999672,1.01195317620418,1.1015787857805054e-15,2.3359772920774766,0.09421549971024112
59.54999999999672,1.01195317620418,1.097381110523361e-15,2.3359772920774775,0.09421549971024114
59.55999999999672,1.01195317620418,1.0529803782224344e-15,2.3359772920774775,0.09421549971024114
59.56999999999672,1.01195317620418,9.884439765858329e-16,2.3359772920774775,0.09421549971024114
59.579999999996716,1.01195317620418,9.11756932469036e-16,2.3359772920774775,0.09421549971024114
59.589999999996714,1.01195317620418,8.384859031662372e-16,2.3359772920774775,0.09421549971024114
59.59999999999671,1.01195317620418,7.363452638628506e-16,2.335977292077478,0.09421549971024115
59.60999999999671,1.01195317620418,6.154150015569234e-16,2.335977292077478,0.09421549971024115
59.61999999999671,1.01195317620418,4.878125781345824e-16,2.335977292077478,0.09421549971024115
59.629999999996706,1.01195317620418,3.6231142387279883e-16,2.335977292077478,0.09421549971024115
59.639999999996704,1.01195317620418,2.2855887358291893e-16,2.335977292077478,0.09421549971024115
59.6499999999967,1.01195317620418,7.717355439014875e-17,2.3359772920774784,0.09421549971024115
59.6599999999967,1.0119531762041798,-4.9937597745983216e-17,2.335977292077477,0.09421549971024118
59.6699999999967,1.0119531762041798,-2.224443157584741e-18,2.3359772920774775,0.09421549971024118
59.679999999996696,1.0119531762041798,2.0672765208729902e-17,2.3359772920774775,0.09421549971024118
59.689999999996694,1.0119531762041798,1.450584538927167e-17,2.335977292077477,0.09421549971024118
59.69999999999669,1.0119531762041798,4.289403937318326e-18,2.3359772920774775,0.09421549971024118
59.70999999999669,1.0119531762041798,-2.1103788751112808e-17,2.3359772920774775,0.09421549971024118
59.71999999999669,1.0119531762041798,-7.366818251415907e-17,2.3359772920774775,0.09421549971024118
59.729999999996686,1.0119531762041798,-1.3162660143657093e-16,2.3359772920774775,0.09421549971024118
59.739999999996684,1.0119531762041798,-2.0975979419844777e-16,2.335977292077478,0.09421549971024118
59.74999999999668,1.0119531762041798,-3.0107676622399036e-16,2.335977292077478,0.09421549971024117
59.75999999999668,1.0119531762041798,-4.0033783963471935e-16,2.335977292077477,0.09421549971024115
59.76999999999668,1.0119531762041798,-4.614224236544099e-16,2.335977292077477,0.09421549971024115
59.779999999996676,1.0119531762041796,-5.065115892026681e-16,2.3359772920774757,0.09421549971024115
59.789999999996674,1.0119531762041796,-3.7718055399262965e-16,2.3359772920774757,0.09421549971024114
59.79999999999667,1.0119531762041796,-2.798458860316772e-16,2.335977292077476,0.09421549971024114
59.80999999999667,1.0119531762041796,-2.1283881643078507e-16,2.335977292077476,0.09421549971024114
59.81999999999667,1.0119531762041796,-1.6703137378756417e-16,2.335977292077476,0.09421549971024114
59.829999999996666,1.0119531762041796,-1.5036975550118573e-16,2.335977292077476,0.09421549971024114
59.839999999996664,1.0119531762041796,-1.5840497385429467e-16,2.335977292077476,0.09421549971024114
59.84999999999666,1.0119531762041796,-1.7032311838174618e-16,2.335977292077476,0.09421549971024114
59.85999999999666,1.0119531762041796,-2.1294570425619444e-16,2.335977292077476,0.09421549971024114
59.86999999999666,1.0119531762041796,-2.5377970241831603e-16,2.3359772920774766,0.09421549971024114
59.879999999996656,1.0119531762041796,-3.3177079929342845e-16,2.3359772920774766,0.09421549971024114
59.889999999996654,1.0119531762041793,-3.9265624360490747e-16,2.3359772920774753,0.09421549971024117
59.89999999999665,1.0119531762041793,-2.3859479084342885e-16,2.3359772920774753,0.09421549971024115
59.90999999999665,1.0119531762041793,-1.7678309393800115e-16,2.3359772920774753,0.09421549971024115
59.91999999999665,1.0119531762041793,-1.2663718264042672e-16,2.3359772920774753,0.09421549971024115
59.929999999996646,1.0119531762041793,-1.0064236156512148e-16,2.3359772920774757,0.09421549971024115
59.939999999996644,1.0119531762041793,-1.1776479617617723e-16,2.3359772920774757,0.09421549971024115
59.94999999999664,1.0119531762041793,-1.3875985225276326e-16,2.3359772920774757,0.09421549971024115
59.95999999999664,1.0119531762041791,-1.4074739167963475e-16,2.335977292077473,0.09421549971024117
59.96999999999664,1.0119531762041791,6.392687295587906e-17,2.335977292077473,0.09421549971024117
59.979999999996636,1.0119531762041791,2.313733897105044e-16,2.335977292077473,0.09421549971024117
59.989999999996634,1.0119531762041791,3.6311231118907576e-16,2.335977292077473,0.09421549971024117
59.99999999999663,1.0119531762041791,4.604541083774971e-16,2.335977292077473,0.09421549971024117
60.0,1.0119531762041791,4.6045410836972385e-16,2.3359772920774735,0.09421549971024117
