time,v,ω,p,φ
0.0,0.8967045058597891,1.5887708426494046e-22,-0.876611188981335,-0.1376057401807491
0.01,0.8967045058563865,-1.6616187939261962e-12,-0.8766111889325433,-0.13760574017348592
0.02,0.8967045058529765,-5.388272135601799e-12,-0.8766111888853263,-0.13760574016643368
0.03,0.8967045058495685,-1.095828103836589e-11,-0.8766111888396915,-0.13760574015959592
0.04,0.8967045058461712,-1.8165452572603486e-11,-0.8766111887956476,-0.13760574015297528
0.05,0.8967045058427926,-2.681828585756287e-11,-0.8766111887531958,-0.13760574014657329
0.060000000000000005,0.8967045058394395,-3.673919883274632e-11,-0.8766111887123333,-0.13760574014039056
0.07,0.8967045058361179,-4.776373828521334e-11,-0.8766111886730517,-0.13760574013442703
0.08,0.8967045058328332,-5.973988470536591e-11,-0.8766111886353387,-0.13760574012868185
0.09,0.8967045058295899,-7.25272834762514e-11,-0.8766111885991763,-0.13760574012315352
0.09999999999999999,0.8967045058263923,-8.599665177620748e-11,-0.8766111885645438,-0.13760574011783983
0.10999999999999999,0.8967045058232435,-1.00029104794903e-10,-0.8766111885314171,-0.13760574011273813
0.11999999999999998,0.8967045058201467,-1.1451556547270208e-10,-0.8766111884997692,-0.13760574010784535
0.12999999999999998,0.8967045058171043,-1.2935614156135697e-10,-0.8766111884695701,-0.13760574010315785
0.13999999999999999,0.896704505814118,-1.4445961344770663e-10,-0.8766111884407887,-0.1376057400986718
0.15,0.8967045058111899,-1.5974285464896475e-10,-0.8766111884133904,-0.1376057400943829
0.16,0.8967045058083206,-1.7513035170036015e-10,-0.8766111883873412,-0.13760574009028667
0.17,0.8967045058055112,-1.905536937195094e-10,-0.8766111883626035,-0.1376057400863784
0.18000000000000002,0.8967045058027624,-2.0595115291945366e-10,-0.8766111883391405,-0.13760574008265314
0.19000000000000003,0.8967045058000743,-2.2126720233912552e-10,-0.876611188316913,-0.13760574007910573
0.20000000000000004,0.8967045057974471,-2.364521302655994e-10,-0.8766111882958822,-0.137605740075731
0.21000000000000005,0.8967045057948805,-2.5146163681437334e-10,-0.8766111882760085,-0.13760574007252369
0.22000000000000006,0.8967045057923742,-2.662564234543601e-10,-0.8766111882572524,-0.13760574006947834
0.23000000000000007,0.8967045057899274,-2.8080186599890945e-10,-0.8766111882395736,-0.1376057400665896
0.24000000000000007,0.8967045057875398,-2.950676728749439e-10,-0.8766111882229335,-0.13760574006385204
0.25000000000000006,0.8967045057852102,-3.0902758112025907e-10,-0.8766111882072913,-0.1376057400612602
0.26000000000000006,0.8967045057829377,-3.226589952184684e-10,-0.8766111881926089,-0.13760574005880863
0.2700000000000001,0.8967045057807211,-3.3594277522093217e-10,-0.8766111881788469,-0.13760574005649204
0.2800000000000001,0.8967045057785595,-3.48862911178593e-10,-0.8766111881659675,-0.13760574005430506
0.2900000000000001,0.8967045057764514,-3.614062935675395e-10,-0.8766111881539331,-0.1376057400522425
0.3000000000000001,0.8967045057743955,-3.735624533532509e-10,-0.8766111881427068,-0.13760574005029916
0.3100000000000001,0.8967045057723905,-3.8532336025370084e-10,-0.8766111881322521,-0.13760574004846993
0.3200000000000001,0.8967045057704349,-3.9668322931757226e-10,-0.8766111881225335,-0.13760574004674983
0.3300000000000001,0.8967045057685273,-4.076382710032357e-10,-0.8766111881135175,-0.137605740045134
0.34000000000000014,0.896704505766666,-4.181865057286757e-10,-0.8766111881051697,-0.13760574004361772
0.35000000000000014,0.8967045057648498,-4.283276509164303e-10,-0.8766111880974575,-0.13760574004219628
0.36000000000000015,0.896704505763077,-4.3806290228697953e-10,-0.8766111880903495,-0.13760574004086518
0.37000000000000016,0.8967045057613462,-4.4739480645436544e-10,-0.8766111880838143,-0.13760574003961998
0.38000000000000017,0.8967045057596558,-4.5632710649911777e-10,-0.8766111880778226,-0.1376057400384565
0.3900000000000002,0.8967045057580043,-4.6486460373561667e-10,-0.8766111880723454,-0.13760574003737053
0.4000000000000002,0.8967045057563904,-4.730130751910886e-10,-0.8766111880673545,-0.13760574003635814
0.4100000000000002,0.8967045057548124,-4.807791059045806e-10,-0.8766111880628238,-0.13760574003541542
0.4200000000000002,0.8967045057532691,-4.881700093286333e-10,-0.8766111880587273,-0.13760574003453868
0.4300000000000002,0.8967045057517585,-4.951937051447565e-10,-0.8766111880550412,-0.13760574003372436
0.4400000000000002,0.8967045057502798,-5.018586665464964e-10,-0.87661118805174,-0.13760574003296897
0.45000000000000023,0.8967045057488313,-5.081738273457885e-10,-0.8766111880488018,-0.13760574003226916
0.46000000000000024,0.8967045057474119,-5.141484788135214e-10,-0.8766111880462042,-0.13760574003162176
0.47000000000000025,0.8967045057460202,-5.19792243976108e-10,-0.8766111880439263,-0.13760574003102377
0.48000000000000026,0.8967045057446548,-5.251149695059471e-10,-0.8766111880419489,-0.1376057400304722
0.49000000000000027,0.8967045057433143,-5.301266627601571e-10,-0.8766111880402525,-0.1376057400299643
0.5000000000000002,0.896704505741998,-5.348374754346173e-10,-0.8766111880388182,-0.13760574002949727
0.5100000000000002,0.8967045057407045,-5.392576681938391e-10,-0.8766111880376292,-0.13760574002906864
0.5200000000000002,0.8967045057394322,-5.433974844860013e-10,-0.8766111880366694,-0.1376057400286761
0.5300000000000002,0.8967045057381807,-5.472671842080273e-10,-0.8766111880359222,-0.13760574002831716
0.5400000000000003,0.8967045057369487,-5.508769526377938e-10,-0.8766111880353732,-0.13760574002798961
0.5500000000000003,0.8967045057357352,-5.542369536072985e-10,-0.8766111880350077,-0.13760574002769138
0.5600000000000003,0.8967045057345391,-5.573572322042878e-10,-0.8766111880348131,-0.1376057400274205
0.5700000000000003,0.8967045057333596,-5.602476665477641e-10,-0.8766111880347761,-0.13760574002717502
0.5800000000000003,0.8967045057321957,-5.629180191519955e-10,-0.8766111880348842,-0.1376057400269532
0.5900000000000003,0.8967045057310467,-5.653778799329507e-10,-0.8766111880351275,-0.13760574002675333
0.6000000000000003,0.8967045057299116,-5.676366126322251e-10,-0.8766111880354944,-0.13760574002657378
0.6100000000000003,0.8967045057287896,-5.697033939065431e-10,-0.876611188035975,-0.13760574002641307
0.6200000000000003,0.89670450572768,-5.715871895790015e-10,-0.8766111880365598,-0.1376057400262697
0.6300000000000003,0.8967045057265821,-5.732967292516049e-10,-0.8766111880372395,-0.13760574002614237
0.6400000000000003,0.8967045057254954,-5.74840521734813e-10,-0.8766111880380056,-0.13760574002602982
0.6500000000000004,0.896704505724419,-5.762268181412945e-10,-0.8766111880388511,-0.1376057400259308
0.6600000000000004,0.8967045057233521,-5.774636038062234e-10,-0.8766111880397681,-0.13760574002584422
0.6700000000000004,0.8967045057222944,-5.785586380789611e-10,-0.87661118804075,-0.13760574002576897
0.6800000000000004,0.8967045057212453,-5.795194009176947e-10,-0.8766111880417897,-0.13760574002570417
0.6900000000000004,0.8967045057202041,-5.803531285744959e-10,-0.8766111880428821,-0.13760574002564877
0.7000000000000004,0.8967045057191706,-5.810667968910398e-10,-0.87661118804402,-0.13760574002560194
0.7100000000000004,0.8967045057181442,-5.816671291324295e-10,-0.8766111880451999,-0.1376057400255629
0.7200000000000004,0.8967045057171241,-5.821605716915631e-10,-0.8766111880464164,-0.1376057400255309
0.7300000000000004,0.8967045057161106,-5.825533405112227e-10,-0.8766111880476637,-0.13760574002550513
0.7400000000000004,0.8967045057151027,-5.82851400561276e-10,-0.8766111880489394,-0.137605740025485
0.7500000000000004,0.8967045057141,-5.830604493042106e-10,-0.8766111880502394,-0.13760574002547
0.7600000000000005,0.8967045057131025,-5.831859330963579e-10,-0.8766111880515595,-0.13760574002545944
0.7700000000000005,0.8967045057121096,-5.832330764314152e-10,-0.8766111880528966,-0.13760574002545284
0.7800000000000005,0.8967045057111211,-5.832068691406427e-10,-0.8766111880542473,-0.13760574002544967
0.7900000000000005,0.8967045057101367,-5.831120851154264e-10,-0.8766111880556092,-0.13760574002544956
0.8000000000000005,0.8967045057091563,-5.829532577597552e-10,-0.8766111880569796,-0.13760574002545198
0.8100000000000005,0.8967045057081793,-5.827347096350597e-10,-0.8766111880583567,-0.13760574002545667
0.8200000000000005,0.8967045057072057,-5.824605448195492e-10,-0.8766111880597374,-0.13760574002546322
0.8300000000000005,0.8967045057062352,-5.821346646776198e-10,-0.8766111880611206,-0.13760574002547135
0.8400000000000005,0.8967045057052676,-5.817607600638938e-10,-0.8766111880625045,-0.13760574002548073
0.8500000000000005,0.8967045057043026,-5.813423451826384e-10,-0.8766111880638872,-0.13760574002549117
0.8600000000000005,0.89670450570334,-5.8088274395967e-10,-0.8766111880652673,-0.1376057400255023
0.8700000000000006,0.8967045057023798,-5.803851041864926e-10,-0.8766111880666437,-0.137605740025514
0.8800000000000006,0.8967045057014218,-5.798523819945617e-10,-0.8766111880680152,-0.13760574002552603
0.8900000000000006,0.8967045057004658,-5.792873977923422e-10,-0.8766111880693809,-0.13760574002553824
0.9000000000000006,0.8967045056995119,-5.786927803951465e-10,-0.8766111880707397,-0.1376057400255504
0.9100000000000006,0.8967045056985595,-5.780710433346706e-10,-0.8766111880720906,-0.13760574002556247
0.9200000000000006,0.8967045056976088,-5.774245081550595e-10,-0.8766111880734337,-0.13760574002557427
0.9300000000000006,0.8967045056966598,-5.767553845609342e-10,-0.8766111880747675,-0.13760574002558562
0.9400000000000006,0.8967045056957121,-5.760657531129942e-10,-0.8766111880760924,-0.13760574002559656
0.9500000000000006,0.896704505694766,-5.753575327128788e-10,-0.8766111880774067,-0.13760574002560685
0.9600000000000006,0.8967045056938211,-5.746325564585241e-10,-0.8766111880787109,-0.13760574002561654
0.9700000000000006,0.8967045056928774,-5.738925212341006e-10,-0.8766111880800054,-0.1376057400256255
0.9800000000000006,0.8967045056919349,-5.731390205473944e-10,-0.8766111880812884,-0.13760574002563372
0.9900000000000007,0.8967045056909936,-5.723735310926335e-10,-0.8766111880825608,-0.13760574002564113
1.0000000000000007,0.8967045056900531,-5.715974267184718e-10,-0.8766111880838228,-0.1376057400256477
1.0100000000000007,0.8967045056891136,-5.708119765515545e-10,-0.8766111880850733,-0.1376057400256534
1.0200000000000007,0.8967045056881754,-5.700183888698855e-10,-0.8766111880863126,-0.13760574002565817
1.0300000000000007,0.8967045056872378,-5.692177678429351e-10,-0.8766111880875415,-0.13760574002566203
1.0400000000000007,0.8967045056863013,-5.684111399602132e-10,-0.8766111880887585,-0.13760574002566497
1.0500000000000007,0.8967045056853655,-5.675994449128506e-10,-0.8766111880899653,-0.13760574002566703
1.0600000000000007,0.8967045056844307,-5.667835646746101e-10,-0.8766111880911615,-0.1376057400256681
1.0700000000000007,0.8967045056834966,-5.659642921537157e-10,-0.8766111880923463,-0.13760574002566825
1.0800000000000007,0.8967045056825635,-5.651423781063917e-10,-0.8766111880935208,-0.13760574002566747
1.0900000000000007,0.8967045056816312,-5.6431850857106e-10,-0.8766111880946853,-0.1376057400256658
1.1000000000000008,0.8967045056806996,-5.634932952137904e-10,-0.8766111880958393,-0.13760574002566323
1.1100000000000008,0.8967045056797687,-5.626672999331654e-10,-0.8766111880969837,-0.13760574002565984
1.1200000000000008,0.8967045056788384,-5.618410281555256e-10,-0.8766111880981186,-0.13760574002565557
1.1300000000000008,0.8967045056779092,-5.61014958423516e-10,-0.8766111880992432,-0.1376057400256504
1.1400000000000008,0.8967045056769806,-5.601895233129132e-10,-0.8766111881003591,-0.13760574002564444
1.1500000000000008,0.8967045056760529,-5.593651154566589e-10,-0.8766111881014655,-0.13760574002563772
1.1600000000000008,0.8967045056751258,-5.585420585955126e-10,-0.8766111881025638,-0.13760574002563022
1.1700000000000008,0.8967045056741995,-5.577206550143711e-10,-0.8766111881036536,-0.13760574002562204
1.1800000000000008,0.8967045056732739,-5.569011760939253e-10,-0.876611188104735,-0.13760574002561313
1.1900000000000008,0.8967045056723492,-5.560838702953475e-10,-0.8766111881058082,-0.1376057400256035
1.2000000000000008,0.8967045056714251,-5.552689606758133e-10,-0.8766111881068736,-0.13760574002559325
1.2100000000000009,0.8967045056705019,-5.544566315977447e-10,-0.8766111881079317,-0.13760574002558235
1.2200000000000009,0.8967045056695793,-5.536470227010778e-10,-0.8766111881089828,-0.13760574002557088
1.2300000000000009,0.8967045056686577,-5.528402771783452e-10,-0.8766111881100263,-0.1376057400255588
1.2400000000000009,0.8967045056677366,-5.52036521927837e-10,-0.876611188111064,-0.1376057400255463
1.2500000000000009,0.8967045056668164,-5.512358259214733e-10,-0.8766111881120947,-0.1376057400255332
1.260000000000001,0.896704505665897,-5.504382888319042e-10,-0.8766111881131189,-0.13760574002551962
1.270000000000001,0.8967045056649785,-5.496439761708135e-10,-0.8766111881141372,-0.13760574002550557
1.280000000000001,0.8967045056640609,-5.488529275824572e-10,-0.8766111881151492,-0.13760574002549106
1.290000000000001,0.8967045056631442,-5.480651889728259e-10,-0.8766111881161565,-0.13760574002547618
1.300000000000001,0.8967045056622281,-5.472807765261257e-10,-0.8766111881171579,-0.13760574002546094
1.310000000000001,0.8967045056613131,-5.464996855472288e-10,-0.8766111881181543,-0.13760574002544532
1.320000000000001,0.8967045056603987,-5.457219248710204e-10,-0.8766111881191458,-0.13760574002542938
1.330000000000001,0.8967045056594853,-5.449474799924424e-10,-0.8766111881201324,-0.13760574002541312
1.340000000000001,0.8967045056585728,-5.44176340936599e-10,-0.8766111881211145,-0.13760574002539658
1.350000000000001,0.8967045056576612,-5.43408477993072e-10,-0.8766111881220923,-0.13760574002537976
1.360000000000001,0.8967045056567504,-5.426438595291279e-10,-0.876611188123066,-0.13760574002536274
1.370000000000001,0.8967045056558405,-5.418824336077544e-10,-0.8766111881240358,-0.13760574002534548
1.380000000000001,0.8967045056549315,-5.411241714732879e-10,-0.8766111881250013,-0.137605740025328
1.390000000000001,0.8967045056540235,-5.403690318269241e-10,-0.8766111881259631,-0.1376057400253103
1.400000000000001,0.8967045056531164,-5.396169662990697e-10,-0.8766111881269212,-0.13760574002529244
1.410000000000001,0.8967045056522103,-5.388679260340652e-10,-0.8766111881278762,-0.13760574002527448
1.420000000000001,0.896704505651305,-5.3812184240376e-10,-0.8766111881288277,-0.13760574002525638
1.430000000000001,0.8967045056504008,-5.373786649201301e-10,-0.8766111881297762,-0.13760574002523812
1.440000000000001,0.8967045056494976,-5.366383328669775e-10,-0.8766111881307218,-0.1376057400252198
1.450000000000001,0.8967045056485953,-5.359007806607421e-10,-0.876611188131664,-0.13760574002520137
1.460000000000001,0.8967045056476938,-5.351659453448539e-10,-0.8766111881326041,-0.1376057400251829
1.470000000000001,0.8967045056467935,-5.34433752815805e-10,-0.8766111881335411,-0.13760574002516432
1.480000000000001,0.8967045056458942,-5.337041662664248e-10,-0.8766111881344755,-0.13760574002514572
1.490000000000001,0.8967045056449959,-5.329771052542492e-10,-0.8766111881354075,-0.1376057400251271
1.500000000000001,0.8967045056440986,-5.322525042553104e-10,-0.8766111881363371,-0.1376057400251084
1.5100000000000011,0.8967045056432024,-5.315303092679211e-10,-0.8766111881372641,-0.1376057400250897
1.5200000000000011,0.8967045056423072,-5.308104614123879e-10,-0.8766111881381894,-0.137605740025071
1.5300000000000011,0.8967045056414128,-5.300928861950202e-10,-0.8766111881391133,-0.13760574002505235
1.5400000000000011,0.8967045056405195,-5.293775037023376e-10,-0.8766111881400342,-0.1376057400250337
1.5500000000000012,0.8967045056396272,-5.286642728931548e-10,-0.8766111881409538,-0.1376057400250151
1.5600000000000012,0.896704505638736,-5.279531228972599e-10,-0.8766111881418712,-0.13760574002499648
1.5700000000000012,0.8967045056378459,-5.272440033511096e-10,-0.8766111881427874,-0.1376057400249779
1.5800000000000012,0.8967045056369567,-5.265368560702262e-10,-0.8766111881437013,-0.1376057400249594
1.5900000000000012,0.8967045056360685,-5.258316187541199e-10,-0.8766111881446131,-0.13760574002494086
1.6000000000000012,0.8967045056351814,-5.251282553277047e-10,-0.8766111881455241,-0.13760574002492246
1.6100000000000012,0.8967045056342955,-5.244266940840941e-10,-0.8766111881464328,-0.13760574002490406
1.6200000000000012,0.8967045056334105,-5.237269102225306e-10,-0.8766111881473403,-0.1376057400248857
1.6300000000000012,0.8967045056325266,-5.230288486667969e-10,-0.8766111881482458,-0.1376057400248674
1.6400000000000012,0.8967045056316438,-5.223324629420032e-10,-0.8766111881491502,-0.13760574002484918
1.6500000000000012,0.8967045056307622,-5.21637703051013e-10,-0.876611188150053,-0.137605740024831
1.6600000000000013,0.8967045056298815,-5.209445352305274e-10,-0.8766111881509542,-0.13760574002481296
1.6700000000000013,0.8967045056290017,-5.202529090200508e-10,-0.8766111881518548,-0.137605740024795
1.6800000000000013,0.8967045056281232,-5.195627700072363e-10,-0.8766111881527541,-0.1376057400247771
1.6900000000000013,0.8967045056272457,-5.188740983170448e-10,-0.876611188153651,-0.13760574002475925
1.7000000000000013,0.8967045056263694,-5.181868521444031e-10,-0.8766111881545469,-0.1376057400247415
1.7100000000000013,0.8967045056254941,-5.175009969219068e-10,-0.8766111881554418,-0.1376057400247238
1.7200000000000013,0.8967045056246199,-5.168164999072102e-10,-0.8766111881563353,-0.13760574002470627
1.7300000000000013,0.8967045056237467,-5.16133330866293e-10,-0.8766111881572276,-0.13760574002468878
1.7400000000000013,0.8967045056228747,-5.154514621465029e-10,-0.8766111881581189,-0.13760574002467138
1.7500000000000013,0.8967045056220037,-5.14770844972387e-10,-0.8766111881590093,-0.13760574002465412
1.7600000000000013,0.8967045056211338,-5.140914489358589e-10,-0.8766111881598982,-0.1376057400246369
1.7700000000000014,0.8967045056202648,-5.134132432598383e-10,-0.8766111881607865,-0.13760574002461984
1.7800000000000014,0.8967045056193971,-5.127362012213427e-10,-0.8766111881616733,-0.13760574002460282
1.7900000000000014,0.8967045056185304,-5.12060313650565e-10,-0.8766111881625585,-0.13760574002458592
1.8000000000000014,0.8967045056176648,-5.113855491180488e-10,-0.8766111881634433,-0.1376057400245691
1.8100000000000014,0.8967045056168002,-5.107118801966027e-10,-0.8766111881643269,-0.1376057400245524
1.8200000000000014,0.8967045056159368,-5.10039299069775e-10,-0.8766111881652091,-0.1376057400245357
1.8300000000000014,0.8967045056150744,-5.093677907257702e-10,-0.876611188166091,-0.13760574002451922
1.8400000000000014,0.8967045056142132,-5.086973024922956e-10,-0.8766111881669705,-0.1376057400245027
1.8500000000000014,0.896704505613353,-5.080278593101971e-10,-0.8766111881678497,-0.1376057400244863
1.8600000000000014,0.896704505612494,-5.073594324367529e-10,-0.8766111881687276,-0.13760574002447004
1.8700000000000014,0.8967045056116361,-5.066920023008326e-10,-0.8766111881696043,-0.13760574002445383
1.8800000000000014,0.8967045056107791,-5.060255596365131e-10,-0.8766111881704802,-0.13760574002443773
1.8900000000000015,0.8967045056099231,-5.053600737038061e-10,-0.8766111881713557,-0.13760574002442172
1.9000000000000015,0.8967045056090682,-5.046955317766887e-10,-0.8766111881722294,-0.1376057400244058
1.9100000000000015,0.8967045056082146,-5.040319398133937e-10,-0.8766111881731015,-0.13760574002438988
1.9200000000000015,0.8967045056073619,-5.033693018763026e-10,-0.8766111881739732,-0.13760574002437412
1.9300000000000015,0.8967045056065104,-5.027075844314582e-10,-0.876611188174844,-0.1376057400243584
1.9400000000000015,0.89670450560566,-5.020467829455188e-10,-0.8766111881757133,-0.1376057400243428
1.9500000000000015,0.8967045056048105,-5.013868902078227e-10,-0.8766111881765819,-0.13760574002432727
1.9600000000000015,0.8967045056039622,-5.007278873519592e-10,-0.8766111881774492,-0.13760574002431183
1.9700000000000015,0.896704505603115,-5.000697805345428e-10,-0.8766111881783155,-0.13760574002429649
1.9800000000000015,0.8967045056022687,-4.994125491535794e-10,-0.8766111881791813,-0.1376057400242812
1.9900000000000015,0.8967045056014236,-4.987561846042922e-10,-0.8766111881800452,-0.13760574002426598
2.0000000000000013,0.8967045056005795,-4.981006993417084e-10,-0.8766111881809081,-0.13760574002425083
2.010000000000001,0.8967045055997364,-4.974460793548418e-10,-0.8766111881817708,-0.1376057400242358
2.020000000000001,0.8967045055988944,-4.967923077052493e-10,-0.876611188182632,-0.13760574002422082
2.0300000000000007,0.8967045055980535,-4.961393862429534e-10,-0.8766111881834918,-0.13760574002420586
2.0400000000000005,0.8967045055972137,-4.95487327904304e-10,-0.8766111881843504,-0.13760574002419101
2.0500000000000003,0.896704505596375,-4.948361242740131e-10,-0.8766111881852083,-0.13760574002417622
2.06,0.8967045055955374,-4.941857718414614e-10,-0.8766111881860642,-0.13760574002416145
2.07,0.8967045055947009,-4.935362849706766e-10,-0.8766111881869199,-0.1376057400241468
2.0799999999999996,0.8967045055938654,-4.928876362011853e-10,-0.8766111881877743,-0.1376057400241322
2.0899999999999994,0.8967045055930309,-4.922398277957099e-10,-0.8766111881886278,-0.1376057400241177
2.099999999999999,0.8967045055921975,-4.91592836988742e-10,-0.8766111881894806,-0.13760574002410325
2.109999999999999,0.896704505591365,-4.909466680535357e-10,-0.8766111881903322,-0.1376057400240889
2.1199999999999988,0.8967045055905339,-4.903013127843673e-10,-0.8766111881911822,-0.13760574002407455
2.1299999999999986,0.8967045055897037,-4.896567993314856e-10,-0.8766111881920314,-0.13760574002406029
2.1399999999999983,0.8967045055888746,-4.890131139471098e-10,-0.8766111881928798,-0.13760574002404607
2.149999999999998,0.8967045055880464,-4.883702367394274e-10,-0.8766111881937271,-0.13760574002403195
2.159999999999998,0.8967045055872193,-4.87728167678652e-10,-0.8766111881945733,-0.13760574002401788
2.1699999999999977,0.8967045055863933,-4.870869078410768e-10,-0.8766111881954186,-0.13760574002400386
2.1799999999999975,0.8967045055855684,-4.864464667795895e-10,-0.8766111881962619,-0.13760574002398984
2.1899999999999973,0.8967045055847446,-4.858068477266221e-10,-0.876611188197105,-0.13760574002397594
2.199999999999997,0.8967045055839218,-4.851680345789827e-10,-0.8766111881979465,-0.13760574002396206
2.209999999999997,0.8967045055831,-4.845300408554784e-10,-0.8766111881987871,-0.13760574002394826
2.2199999999999966,0.8967045055822792,-4.838928495665654e-10,-0.8766111881996274,-0.13760574002393458
2.2299999999999964,0.8967045055814595,-4.832564538687273e-10,-0.8766111882004655,-0.13760574002392087
2.239999999999996,0.8967045055806409,-4.826208782026763e-10,-0.8766111882013036,-0.13760574002390724
2.249999999999996,0.8967045055798233,-4.819860821802977e-10,-0.8766111882021399,-0.13760574002389364
2.259999999999996,0.8967045055790069,-4.813521101753549e-10,-0.876611188202975,-0.13760574002388007
2.2699999999999956,0.8967045055781913,-4.807189407746083e-10,-0.8766111882038097,-0.13760574002386664
2.2799999999999954,0.8967045055773768,-4.800865609762774e-10,-0.8766111882046431,-0.13760574002385317
2.289999999999995,0.8967045055765633,-4.794549865867027e-10,-0.8766111882054755,-0.1376057400238398
2.299999999999995,0.896704505575751,-4.788242062355965e-10,-0.876611188206307,-0.13760574002382644
2.3099999999999947,0.8967045055749396,-4.781942248426901e-10,-0.8766111882071367,-0.13760574002381318
2.3199999999999945,0.8967045055741294,-4.775650472369241e-10,-0.876611188207966,-0.1376057400237999
2.3299999999999943,0.8967045055733202,-4.769366730939516e-10,-0.8766111882087937,-0.13760574002378667
2.339999999999994,0.8967045055725119,-4.763091063487318e-10,-0.8766111882096207,-0.13760574002377352
2.349999999999994,0.8967045055717046,-4.7568233003754e-10,-0.8766111882104468,-0.1376057400237604
2.3599999999999937,0.8967045055708984,-4.750563392442506e-10,-0.8766111882112717,-0.1376057400237473
2.3699999999999934,0.8967045055700932,-4.744311549877066e-10,-0.8766111882120953,-0.13760574002373424
2.3799999999999932,0.896704505569289,-4.738067751743434e-10,-0.8766111882129174,-0.13760574002372125
2.389999999999993,0.896704505568486,-4.731832034999045e-10,-0.876611188213739,-0.1376057400237083
2.399999999999993,0.8967045055676839,-4.725604248411478e-10,-0.8766111882145594,-0.13760574002369536
2.4099999999999926,0.896704505566883,-4.719384632653761e-10,-0.8766111882153788,-0.1376057400236825
2.4199999999999924,0.8967045055660827,-4.713172980721297e-10,-0.8766111882161971,-0.13760574002366968
2.429999999999992,0.8967045055652837,-4.706969303916899e-10,-0.8766111882170144,-0.1376057400236569
2.439999999999992,0.8967045055644858,-4.700773534529234e-10,-0.8766111882178302,-0.1376057400236441
2.4499999999999917,0.8967045055636887,-4.694585894139364e-10,-0.8766111882186454,-0.13760574002363135
2.4599999999999915,0.8967045055628928,-4.688406207744897e-10,-0.876611188219459,-0.13760574002361867
2.4699999999999913,0.8967045055620978,-4.682234612480434e-10,-0.8766111882202722,-0.137605740023606
2.479999999999991,0.8967045055613039,-4.676070927227658e-10,-0.8766111882210842,-0.1376057400235934
2.489999999999991,0.8967045055605108,-4.669915142145243e-10,-0.8766111882218949,-0.13760574002358084
2.4999999999999907,0.8967045055597189,-4.6637674035635e-10,-0.8766111882227045,-0.1376057400235683
2.5099999999999905,0.8967045055589281,-4.657627628831223e-10,-0.8766111882235129,-0.13760574002355574
2.5199999999999902,0.8967045055581383,-4.6514958528698313e-10,-0.87661118822432,-0.13760574002354323
2.52999999999999,0.8967045055573495,-4.6453722215663367e-10,-0.8766111882251262,-0.1376057400235308
2.53999999999999,0.8967045055565616,-4.639256615683637e-10,-0.8766111882259319,-0.13760574002351836
2.5499999999999896,0.8967045055557746,-4.633149013719547e-10,-0.8766111882267361,-0.137605740023506
2.5599999999999894,0.8967045055549889,-4.62704934733974e-10,-0.8766111882275393,-0.13760574002349363
2.569999999999989,0.896704505554204,-4.6209576925022314e-10,-0.8766111882283414,-0.1376057400234813
2.579999999999989,0.8967045055534202,-4.6148739070125144e-10,-0.8766111882291423,-0.137605740023469
2.5899999999999888,0.8967045055526373,-4.608798091515794e-10,-0.8766111882299427,-0.13760574002345674
2.5999999999999885,0.8967045055518554,-4.602730239799121e-10,-0.8766111882307409,-0.13760574002344447
2.6099999999999883,0.8967045055510746,-4.596670457288499e-10,-0.8766111882315388,-0.1376057400234323
2.619999999999988,0.8967045055502948,-4.5906185669970464e-10,-0.8766111882323361,-0.1376057400234201
2.629999999999988,0.8967045055495161,-4.584574674144562e-10,-0.8766111882331313,-0.13760574002340795
2.6399999999999877,0.8967045055487383,-4.5785387899090313e-10,-0.8766111882339256,-0.1376057400233958
2.6499999999999875,0.8967045055479614,-4.5725109477621685e-10,-0.8766111882347193,-0.13760574002338374
2.6599999999999873,0.8967045055471855,-4.566490962611826e-10,-0.876611188235512,-0.1376057400233717
2.669999999999987,0.8967045055464108,-4.560478872043284e-10,-0.8766111882363031,-0.13760574002335965
2.679999999999987,0.8967045055456367,-4.5544747841289937e-10,-0.8766111882370938,-0.13760574002334772
2.6899999999999866,0.8967045055448639,-4.548478447622897e-10,-0.8766111882378833,-0.13760574002333573
2.6999999999999864,0.8967045055440921,-4.5424899894473447e-10,-0.8766111882386712,-0.13760574002332376
2.709999999999986,0.896704505543321,-4.5365095523930397e-10,-0.8766111882394589,-0.13760574002331186
2.719999999999986,0.8967045055425511,-4.530536894002414e-10,-0.8766111882402451,-0.13760574002329995
2.7299999999999858,0.8967045055417822,-4.524572199328156e-10,-0.8766111882410301,-0.1376057400232881
2.7399999999999856,0.8967045055410142,-4.51861530506005e-10,-0.8766111882418138,-0.13760574002327627
2.7499999999999853,0.8967045055402473,-4.5126664357166343e-10,-0.8766111882425969,-0.13760574002326445
2.759999999999985,0.8967045055394812,-4.506725541000257e-10,-0.8766111882433787,-0.13760574002325265
2.769999999999985,0.8967045055387163,-4.5007924943450736e-10,-0.8766111882441593,-0.13760574002324089
2.7799999999999847,0.8967045055379522,-4.494867330946441e-10,-0.8766111882449392,-0.13760574002322914
2.7899999999999845,0.8967045055371893,-4.488950038026675e-10,-0.8766111882457176,-0.1376057400232174
2.7999999999999843,0.8967045055364273,-4.4830407744033485e-10,-0.8766111882464954,-0.1376057400232057
2.809999999999984,0.8967045055356664,-4.4771393691194356e-10,-0.8766111882472717,-0.13760574002319403
2.819999999999984,0.8967045055349062,-4.471245777899783e-10,-0.8766111882480475,-0.1376057400231824
2.8299999999999836,0.8967045055341473,-4.465359923695813e-10,-0.876611188248822,-0.1376057400231708
2.8399999999999834,0.896704505533389,-4.4594818078355827e-10,-0.8766111882495957,-0.13760574002315923
2.849999999999983,0.8967045055326318,-4.453611460786815e-10,-0.8766111882503685,-0.13760574002314765
2.859999999999983,0.8967045055318755,-4.44774890359394e-10,-0.87661118825114,-0.13760574002313616
2.869999999999983,0.8967045055311204,-4.441894052230607e-10,-0.8766111882519105,-0.1376057400231246
2.8799999999999826,0.8967045055303662,-4.4360471458179233e-10,-0.8766111882526794,-0.1376057400231131
2.8899999999999824,0.8967045055296129,-4.430208023163118e-10,-0.8766111882534479,-0.13760574002310166
2.899999999999982,0.8967045055288605,-4.424376574460114e-10,-0.8766111882542154,-0.13760574002309023
2.909999999999982,0.8967045055281092,-4.418552827821284e-10,-0.8766111882549815,-0.13760574002307882
2.9199999999999817,0.8967045055273587,-4.412736913855437e-10,-0.8766111882557472,-0.13760574002306744
2.9299999999999815,0.8967045055266094,-4.4069286842855145e-10,-0.876611188256511,-0.13760574002305606
2.9399999999999813,0.8967045055258608,-4.4011282619878516e-10,-0.8766111882572746,-0.1376057400230447
2.949999999999981,0.8967045055251133,-4.3953353924287025e-10,-0.876611188258037,-0.13760574002303338
2.959999999999981,0.8967045055243668,-4.3895502255653527e-10,-0.876611188258798,-0.1376057400230221
2.9699999999999807,0.8967045055236212,-4.3837728524439526e-10,-0.8766111882595577,-0.1376057400230108
2.9799999999999804,0.8967045055228767,-4.3780032960616587e-10,-0.8766111882603167,-0.13760574002299955
2.9899999999999802,0.896704505522133,-4.372241374644539e-10,-0.876611188261075,-0.1376057400229883
2.99999999999998,0.8967045055213904,-4.366487037404482e-10,-0.876611188261832,-0.1376057400229771
3.00999999999998,0.8967045055206486,-4.360740402152312e-10,-0.8766111882625878,-0.1376057400229659
3.0199999999999796,0.8967045055199079,-4.35500149969501e-10,-0.8766111882633429,-0.13760574002295475
3.0299999999999794,0.896704505519168,-4.349270227808811e-10,-0.8766111882640971,-0.13760574002294362
3.039999999999979,0.8967045055184291,-4.343546426316015e-10,-0.8766111882648506,-0.13760574002293255
3.049999999999979,0.8967045055176912,-4.3378300818081626e-10,-0.8766111882656028,-0.13760574002292147
3.0599999999999787,0.8967045055169544,-4.3321212777329645e-10,-0.8766111882663536,-0.13760574002291037
3.0699999999999785,0.8967045055162183,-4.3264200342085586e-10,-0.8766111882671038,-0.13760574002289935
3.0799999999999783,0.8967045055154832,-4.3207263513223613e-10,-0.8766111882678529,-0.13760574002288836
3.089999999999978,0.896704505514749,-4.3150402380556004e-10,-0.8766111882686015,-0.13760574002287737
3.099999999999978,0.8967045055140157,-4.3093615583629795e-10,-0.8766111882693485,-0.1376057400228664
3.1099999999999777,0.8967045055132835,-4.3036904304682833e-10,-0.8766111882700944,-0.13760574002285544
3.1199999999999775,0.8967045055125521,-4.2980268439912843e-10,-0.8766111882708395,-0.1376057400228445
3.1299999999999772,0.8967045055118216,-4.2923707447709897e-10,-0.8766111882715839,-0.13760574002283363
3.139999999999977,0.8967045055110922,-4.286722070303189e-10,-0.8766111882723272,-0.13760574002282272
3.149999999999977,0.8967045055103637,-4.281080911264906e-10,-0.876611188273069,-0.1376057400228118
3.1599999999999766,0.8967045055096362,-4.275447403127367e-10,-0.8766111882738095,-0.13760574002280093
3.1699999999999764,0.8967045055089096,-4.269821480755398e-10,-0.87661118827455,-0.1376057400227901
3.179999999999976,0.8967045055081837,-4.2642029679309697e-10,-0.8766111882752895,-0.13760574002277934
3.189999999999976,0.8967045055074591,-4.2585919134479444e-10,-0.8766111882760272,-0.13760574002276849
3.1999999999999758,0.8967045055067351,-4.252988346898128e-10,-0.8766111882767645,-0.13760574002275772
3.2099999999999755,0.8967045055060121,-4.24739229178187e-10,-0.8766111882775,-0.13760574002274692
3.2199999999999753,0.8967045055052901,-4.2418037943721817e-10,-0.8766111882782351,-0.13760574002273618
3.229999999999975,0.8967045055045691,-4.236222835957707e-10,-0.8766111882789689,-0.1376057400227254
3.239999999999975,0.8967045055038491,-4.2306494292538154e-10,-0.876611188279702,-0.1376057400227147
3.2499999999999747,0.8967045055031296,-4.2250835201899346e-10,-0.8766111882804337,-0.13760574002270398
3.2599999999999745,0.8967045055024114,-4.219525092792684e-10,-0.8766111882811647,-0.13760574002269327
3.2699999999999743,0.8967045055016942,-4.2139741447388e-10,-0.8766111882818949,-0.1376057400226826
3.279999999999974,0.8967045055009779,-4.2084306297726094e-10,-0.8766111882826232,-0.13760574002267192
3.289999999999974,0.8967045055002624,-4.2028946876488304e-10,-0.8766111882833517,-0.13760574002266132
3.2999999999999736,0.8967045054995479,-4.1973659987250173e-10,-0.8766111882840785,-0.13760574002265072
3.3099999999999734,0.8967045054988343,-4.191844904493385e-10,-0.8766111882848047,-0.13760574002264017
3.319999999999973,0.8967045054981216,-4.186330920122732e-10,-0.87661118828553,-0.1376057400226296
3.329999999999973,0.8967045054974098,-4.1808243944638506e-10,-0.8766111882862542,-0.13760574002261908
3.3399999999999728,0.896704505496699,-4.1753251595000214e-10,-0.8766111882869773,-0.13760574002260859
3.3499999999999726,0.8967045054959891,-4.169833149197357e-10,-0.8766111882876997,-0.13760574002259807
3.3599999999999723,0.89670450549528,-4.164348386974779e-10,-0.8766111882884212,-0.13760574002258763
3.369999999999972,0.8967045054945719,-4.158870875441527e-10,-0.8766111882891418,-0.13760574002257722
3.379999999999972,0.8967045054938647,-4.1534006074235127e-10,-0.8766111882898617,-0.1376057400225668
3.3899999999999717,0.8967045054931584,-4.1479375607272344e-10,-0.87661118829058,-0.13760574002255638
3.3999999999999715,0.896704505492453,-4.142481700271239e-10,-0.8766111882912975,-0.13760574002254597
3.4099999999999713,0.8967045054917486,-4.1370331364297366e-10,-0.8766111882920136,-0.1376057400225356
3.419999999999971,0.8967045054910449,-4.13159199274682e-10,-0.8766111882927294,-0.13760574002252526
3.429999999999971,0.8967045054903422,-4.126157956296781e-10,-0.8766111882934442,-0.13760574002251497
3.4399999999999706,0.8967045054896403,-4.120731160095559e-10,-0.8766111882941582,-0.13760574002250467
3.4499999999999704,0.8967045054889395,-4.115311502465158e-10,-0.876611188294871,-0.13760574002249434
3.45999999999997,0.8967045054882395,-4.109899086869334e-10,-0.8766111882955827,-0.13760574002248407
3.46999999999997,0.8967045054875405,-4.1044938013912024e-10,-0.8766111882962935,-0.1376057400224738
3.47999999999997,0.8967045054868423,-4.0990957653158374e-10,-0.8766111882970034,-0.13760574002246356
3.4899999999999696,0.8967045054861452,-4.093704890271885e-10,-0.8766111882977122,-0.13760574002245332
3.4999999999999694,0.8967045054854489,-4.0883211807574986e-10,-0.8766111882984201,-0.1376057400224431
3.509999999999969,0.8967045054847534,-4.082944776004175e-10,-0.8766111882991274,-0.13760574002243298
3.519999999999969,0.8967045054840589,-4.0775752987866957e-10,-0.8766111882998336,-0.1376057400224228
3.5299999999999687,0.8967045054833652,-4.0722129274648823e-10,-0.8766111883005386,-0.13760574002241263
3.5399999999999685,0.8967045054826726,-4.0668576775226613e-10,-0.8766111883012431,-0.1376057400224025
3.5499999999999683,0.8967045054819808,-4.061509508939615e-10,-0.8766111883019462,-0.1376057400223924
3.559999999999968,0.8967045054812899,-4.0561684729648566e-10,-0.8766111883026488,-0.1376057400223823
3.569999999999968,0.8967045054805998,-4.050834567121871e-10,-0.8766111883033498,-0.13760574002237225
3.5799999999999677,0.8967045054799105,-4.045507683203014e-10,-0.8766111883040505,-0.13760574002236217
3.5899999999999674,0.8967045054792222,-4.040187835433806e-10,-0.8766111883047499,-0.13760574002235215
3.5999999999999672,0.8967045054785348,-4.034875149448333e-10,-0.8766111883054483,-0.1376057400223421
3.609999999999967,0.8967045054778483,-4.029569596438131e-10,-0.876611188306146,-0.1376057400223321
3.619999999999967,0.8967045054771626,-4.0242711395588103e-10,-0.8766111883068428,-0.1376057400223221
3.6299999999999666,0.896704505476478,-4.018979783994335e-10,-0.876611188307538,-0.13760574002231213
3.6399999999999664,0.8967045054757941,-4.013695473494438e-10,-0.8766111883082329,-0.13760574002230216
3.649999999999966,0.896704505475111,-4.0084181336456467e-10,-0.8766111883089271,-0.13760574002229223
3.659999999999966,0.8967045054744289,-4.00314775021583e-10,-0.8766111883096203,-0.13760574002228232
3.6699999999999657,0.8967045054737477,-3.99788441868473e-10,-0.8766111883103122,-0.13760574002227244
3.6799999999999655,0.8967045054730675,-3.992628086349829e-10,-0.8766111883110034,-0.13760574002226253
3.6899999999999653,0.8967045054723878,-3.987378842710957e-10,-0.8766111883116942,-0.1376057400222527
3.699999999999965,0.8967045054717091,-3.982136327679481e-10,-0.8766111883123834,-0.13760574002224282
3.709999999999965,0.8967045054710315,-3.976900866385918e-10,-0.8766111883130714,-0.13760574002223294
3.7199999999999647,0.8967045054703549,-3.971672498532311e-10,-0.8766111883137584,-0.1376057400222231
3.7299999999999645,0.8967045054696791,-3.9664513233446094e-10,-0.8766111883144445,-0.1376057400222133
3.7399999999999642,0.8967045054690039,-3.961237133730145e-10,-0.8766111883151301,-0.13760574002220352
3.749999999999964,0.8967045054683298,-3.956029802762186e-10,-0.8766111883158146,-0.13760574002219372
3.759999999999964,0.8967045054676565,-3.950829340802694e-10,-0.8766111883164988,-0.137605740022184
3.7699999999999636,0.896704505466984,-3.945635717370933e-10,-0.8766111883171814,-0.1376057400221743
3.7799999999999634,0.8967045054663123,-3.940448962220355e-10,-0.8766111883178639,-0.1376057400221646
3.789999999999963,0.8967045054656415,-3.935268991494099e-10,-0.8766111883185452,-0.13760574002215492
3.799999999999963,0.8967045054649716,-3.9300958842819213e-10,-0.8766111883192254,-0.13760574002214523
3.8099999999999627,0.8967045054643028,-3.92492961976874e-10,-0.876611188319904,-0.13760574002213555
3.8199999999999625,0.8967045054636346,-3.9197703128788964e-10,-0.8766111883205824,-0.1376057400221259
3.8299999999999623,0.8967045054629673,-3.914617954037136e-10,-0.8766111883212597,-0.13760574002211629
3.839999999999962,0.896704505462301,-3.909472346295112e-10,-0.8766111883219359,-0.13760574002210665
3.849999999999962,0.8967045054616355,-3.904333714995986e-10,-0.8766111883226115,-0.137605740022097
3.8599999999999617,0.8967045054609709,-3.8992019999110134e-10,-0.876611188323286,-0.13760574002208742
3.8699999999999615,0.8967045054603072,-3.8940771294037943e-10,-0.8766111883239597,-0.13760574002207787
3.8799999999999613,0.8967045054596443,-3.8889590841514045e-10,-0.8766111883246324,-0.1376057400220683
3.889999999999961,0.8967045054589822,-3.883847780505639e-10,-0.8766111883253042,-0.13760574002205878
3.899999999999961,0.8967045054583209,-3.878743310595679e-10,-0.8766111883259755,-0.13760574002204923
3.9099999999999606,0.8967045054576607,-3.8736455577380654e-10,-0.8766111883266455,-0.13760574002203974
3.9199999999999604,0.8967045054570011,-3.868554610172528e-10,-0.8766111883273151,-0.13760574002203027
3.92999999999996,0.8967045054563424,-3.8634702966492937e-10,-0.8766111883279839,-0.13760574002202083
3.93999999999996,0.8967045054556846,-3.8583925045776077e-10,-0.8766111883286519,-0.13760574002201142
3.9499999999999598,0.8967045054550277,-3.8533214603030266e-10,-0.8766111883293182,-0.13760574002200196
3.9599999999999596,0.8967045054543716,-3.848257206878775e-10,-0.8766111883299836,-0.13760574002199252
3.9699999999999593,0.8967045054537164,-3.8431997382182583e-10,-0.8766111883306487,-0.13760574002198311
3.979999999999959,0.8967045054530619,-3.8381490578347153e-10,-0.8766111883313125,-0.1376057400219737
3.989999999999959,0.8967045054524082,-3.8331050851557966e-10,-0.8766111883319756,-0.13760574002196438
3.9999999999999587,0.8967045054517555,-3.828067740766103e-10,-0.8766111883326376,-0.137605740021955
4.009999999999959,0.8967045054511038,-3.8230371432211413e-10,-0.8766111883332985,-0.13760574002194564
4.019999999999959,0.8967045054504529,-3.81801338116357e-10,-0.8766111883339589,-0.1376057400219363
4.0299999999999585,0.8967045054498027,-3.8129963374529067e-10,-0.8766111883346183,-0.13760574002192702
4.039999999999958,0.8967045054491535,-3.8079859204962053e-10,-0.8766111883352772,-0.13760574002191775
4.049999999999958,0.8967045054485048,-3.802982000423613e-10,-0.8766111883359352,-0.1376057400219085
4.059999999999958,0.8967045054478571,-3.7979846268443175e-10,-0.8766111883365922,-0.13760574002189924
4.069999999999958,0.8967045054472103,-3.792993904906439e-10,-0.8766111883372478,-0.13760574002188997
4.079999999999957,0.8967045054465643,-3.78800981759157e-10,-0.8766111883379033,-0.13760574002188078
4.089999999999957,0.8967045054459192,-3.7830322461436273e-10,-0.8766111883385579,-0.13760574002187156
4.099999999999957,0.8967045054452748,-3.778061301987551e-10,-0.8766111883392111,-0.13760574002186238
4.109999999999957,0.8967045054446313,-3.773097010915251e-10,-0.8766111883398637,-0.1376057400218532
4.119999999999957,0.8967045054439886,-3.768139293149774e-10,-0.8766111883405154,-0.13760574002184406
4.129999999999956,0.8967045054433468,-3.7631880406742065e-10,-0.8766111883411661,-0.13760574002183487
4.139999999999956,0.896704505442706,-3.758243416053179e-10,-0.8766111883418162,-0.13760574002182577
4.149999999999956,0.8967045054420659,-3.753305439562033e-10,-0.8766111883424647,-0.1376057400218166
4.159999999999956,0.8967045054414267,-3.748374127637862e-10,-0.8766111883431128,-0.1376057400218075
4.1699999999999555,0.8967045054407881,-3.743449312834525e-10,-0.8766111883437602,-0.13760574002179843
4.179999999999955,0.8967045054401507,-3.7385310792482796e-10,-0.8766111883444062,-0.13760574002178932
4.189999999999955,0.8967045054395139,-3.7336194792468604e-10,-0.8766111883450521,-0.1376057400217803
4.199999999999955,0.8967045054388777,-3.728714217583893e-10,-0.8766111883456974,-0.13760574002177126
4.209999999999955,0.8967045054382425,-3.72381536804969e-10,-0.8766111883463409,-0.13760574002176226
4.2199999999999545,0.8967045054376082,-3.7189231074608677e-10,-0.8766111883469843,-0.13760574002175327
4.229999999999954,0.8967045054369748,-3.714037294725065e-10,-0.8766111883476262,-0.13760574002174428
4.239999999999954,0.8967045054363421,-3.709157894240249e-10,-0.8766111883482678,-0.1376057400217353
4.249999999999954,0.89670450543571,-3.7042849598729626e-10,-0.8766111883489085,-0.13760574002172637
4.259999999999954,0.896704505435079,-3.6994183976753805e-10,-0.8766111883495482,-0.13760574002171744
4.269999999999953,0.8967045054344488,-3.694558295113835e-10,-0.8766111883501867,-0.1376057400217085
4.279999999999953,0.8967045054338193,-3.6897046387392483e-10,-0.8766111883508249,-0.1376057400216996
4.289999999999953,0.8967045054331907,-3.684857369264258e-10,-0.8766111883514621,-0.1376057400216907
4.299999999999953,0.896704505432563,-3.6800165093718543e-10,-0.876611188352098,-0.1376057400216818
4.3099999999999525,0.8967045054319359,-3.675182156231521e-10,-0.8766111883527334,-0.13760574002167295
4.319999999999952,0.8967045054313099,-3.6703540988833613e-10,-0.8766111883533679,-0.1376057400216641
4.329999999999952,0.8967045054306845,-3.6655324793748893e-10,-0.8766111883540021,-0.13760574002165527
4.339999999999952,0.8967045054300601,-3.660717215840217e-10,-0.8766111883546347,-0.13760574002164647
4.349999999999952,0.8967045054294364,-3.655908356860028e-10,-0.8766111883552666,-0.13760574002163767
4.3599999999999515,0.8967045054288134,-3.651105780175188e-10,-0.8766111883558981,-0.1376057400216289
4.369999999999951,0.8967045054281912,-3.6463095809135627e-10,-0.8766111883565285,-0.1376057400216201
4.379999999999951,0.89670450542757,-3.6415197580585226e-10,-0.8766111883571579,-0.13760574002161136
4.389999999999951,0.8967045054269493,-3.6367362787575276e-10,-0.8766111883577868,-0.13760574002160264
4.399999999999951,0.8967045054263296,-3.6319589949687523e-10,-0.8766111883584151,-0.1376057400215939
4.40999999999995,0.8967045054257108,-3.6271879956682784e-10,-0.8766111883590415,-0.13760574002158518
4.41999999999995,0.8967045054250928,-3.6224234575001726e-10,-0.8766111883596678,-0.13760574002157647
4.42999999999995,0.8967045054244756,-3.6176651180842356e-10,-0.8766111883602932,-0.13760574002156778
4.43999999999995,0.896704505423859,-3.612913080505736e-10,-0.8766111883609178,-0.13760574002155912
4.4499999999999496,0.8967045054232433,-3.6081673779409217e-10,-0.8766111883615417,-0.13760574002155046
4.459999999999949,0.8967045054226284,-3.6034278706625066e-10,-0.8766111883621648,-0.13760574002154183
4.469999999999949,0.8967045054220143,-3.598694668969543e-10,-0.8766111883627865,-0.1376057400215332
4.479999999999949,0.896704505421401,-3.593967862557431e-10,-0.8766111883634076,-0.13760574002152454
4.489999999999949,0.8967045054207885,-3.5892473913540147e-10,-0.876611188364028,-0.13760574002151593
4.4999999999999485,0.8967045054201768,-3.584533062145912e-10,-0.8766111883646478,-0.13760574002150736
4.509999999999948,0.8967045054195658,-3.579825025075235e-10,-0.8766111883652663,-0.13760574002149875
4.519999999999948,0.8967045054189559,-3.575123397188627e-10,-0.8766111883658835,-0.13760574002149012
4.529999999999948,0.8967045054183465,-3.570428141803382e-10,-0.8766111883665005,-0.13760574002148157
4.539999999999948,0.8967045054177379,-3.5657391275356575e-10,-0.8766111883671168,-0.13760574002147302
4.549999999999947,0.8967045054171302,-3.5610563280940805e-10,-0.8766111883677323,-0.13760574002146447
4.559999999999947,0.8967045054165232,-3.556379714640202e-10,-0.8766111883683463,-0.13760574002145592
4.569999999999947,0.8967045054159171,-3.5517095670556623e-10,-0.8766111883689599,-0.13760574002144743
4.579999999999947,0.8967045054153117,-3.547045704376424e-10,-0.8766111883695725,-0.1376057400214389
4.589999999999947,0.8967045054147071,-3.5423879905509793e-10,-0.8766111883701844,-0.13760574002143042
4.599999999999946,0.8967045054141034,-3.537736590330931e-10,-0.8766111883707954,-0.13760574002142198
4.609999999999946,0.8967045054135003,-3.533091405529499e-10,-0.876611188371406,-0.13760574002141357
4.619999999999946,0.8967045054128984,-3.528452426756099e-10,-0.8766111883720151,-0.13760574002140508
4.629999999999946,0.8967045054122968,-3.523819610112219e-10,-0.8766111883726239,-0.1376057400213967
4.6399999999999455,0.8967045054116962,-3.519192884669088e-10,-0.876611188373232,-0.1376057400213883
4.649999999999945,0.8967045054110964,-3.514572261619339e-10,-0.8766111883738394,-0.13760574002137996
4.659999999999945,0.8967045054104972,-3.509957715171051e-10,-0.8766111883744456,-0.1376057400213716
4.669999999999945,0.8967045054098988,-3.5053492666627014e-10,-0.8766111883750514,-0.13760574002136328
4.679999999999945,0.8967045054093014,-3.5007469097171607e-10,-0.8766111883756561,-0.13760574002135492
4.689999999999944,0.8967045054087046,-3.4961506682534496e-10,-0.87661118837626,-0.13760574002134662
4.699999999999944,0.8967045054081086,-3.491560410385949e-10,-0.8766111883768632,-0.1376057400213383
4.709999999999944,0.8967045054075135,-3.4869763039557445e-10,-0.8766111883774655,-0.13760574002133005
4.719999999999944,0.8967045054069189,-3.482398128390488e-10,-0.8766111883780675,-0.1376057400213218
4.729999999999944,0.8967045054063253,-3.4778259480487755e-10,-0.8766111883786684,-0.13760574002131357
4.739999999999943,0.8967045054057324,-3.473259745480307e-10,-0.8766111883792683,-0.13760574002130532
4.749999999999943,0.8967045054051404,-3.4686995905080445e-10,-0.8766111883798677,-0.13760574002129713
4.759999999999943,0.8967045054045488,-3.464145382939537e-10,-0.8766111883804665,-0.13760574002128895
4.769999999999943,0.8967045054039584,-3.45959713253437e-10,-0.876611188381064,-0.13760574002128073
4.7799999999999425,0.8967045054033687,-3.455054870780451e-10,-0.8766111883816607,-0.13760574002127257
4.789999999999942,0.8967045054027795,-3.450518658514102e-10,-0.8766111883822568,-0.1376057400212644
4.799999999999942,0.8967045054021912,-3.445988400207047e-10,-0.8766111883828519,-0.13760574002125622
4.809999999999942,0.8967045054016037,-3.441464217007096e-10,-0.8766111883834461,-0.13760574002124806
4.819999999999942,0.8967045054010169,-3.4369461306349834e-10,-0.8766111883840402,-0.13760574002123996
4.8299999999999415,0.8967045054004309,-3.432433983367686e-10,-0.8766111883846331,-0.13760574002123183
4.839999999999941,0.8967045053998457,-3.427927754898929e-10,-0.8766111883852252,-0.13760574002122375
4.849999999999941,0.8967045053992612,-3.4234275670612986e-10,-0.8766111883858164,-0.13760574002121564
4.859999999999941,0.8967045053986774,-3.4189333874298e-10,-0.8766111883864073,-0.13760574002120757
4.869999999999941,0.8967045053980945,-3.414445049057253e-10,-0.8766111883869965,-0.1376057400211995
4.87999999999994,0.8967045053975123,-3.4099626961436994e-10,-0.8766111883875854,-0.13760574002119144
4.88999999999994,0.8967045053969309,-3.4054862603628397e-10,-0.8766111883881738,-0.13760574002118342
4.89999999999994,0.89670450539635,-3.4010157128827405e-10,-0.8766111883887615,-0.1376057400211754
4.90999999999994,0.8967045053957702,-3.396551098483413e-10,-0.8766111883893479,-0.1376057400211674
4.9199999999999395,0.8967045053951911,-3.3920923723464493e-10,-0.8766111883899335,-0.13760574002115936
4.929999999999939,0.8967045053946128,-3.3876396753200483e-10,-0.876611188390518,-0.1376057400211514
4.939999999999939,0.8967045053940351,-3.3831929693427567e-10,-0.8766111883911027,-0.13760574002114342
4.949999999999939,0.8967045053934583,-3.3787519882809217e-10,-0.8766111883916861,-0.1376057400211355
4.959999999999939,0.896704505392882,-3.374316915940633e-10,-0.876611188392269,-0.13760574002112758
4.9699999999999385,0.8967045053923066,-3.3698874998193474e-10,-0.8766111883928513,-0.13760574002111964
4.979999999999938,0.896704505391732,-3.365463962269984e-10,-0.8766111883934327,-0.13760574002111176
4.989999999999938,0.8967045053911581,-3.3610461533084023e-10,-0.876611188394013,-0.13760574002110385
4.999999999999938,0.896704505390585,-3.3566342935264327e-10,-0.8766111883945926,-0.13760574002109596
5.009999999999938,0.8967045053900125,-3.3522281883285757e-10,-0.8766111883951717,-0.1376057400210881
5.019999999999937,0.8967045053894408,-3.347827794407413e-10,-0.87661118839575,-0.13760574002108028
5.029999999999937,0.8967045053888698,-3.3434331497225723e-10,-0.8766111883963276,-0.13760574002107245
5.039999999999937,0.8967045053882997,-3.339044270058279e-10,-0.8766111883969041,-0.13760574002106465
5.049999999999937,0.8967045053877303,-3.334661328011339e-10,-0.87661118839748,-0.13760574002105683
5.0599999999999365,0.8967045053871616,-3.3302840315998596e-10,-0.8766111883980552,-0.13760574002104903
5.069999999999936,0.8967045053865936,-3.3259124479274323e-10,-0.8766111883986301,-0.13760574002104128
5.079999999999936,0.8967045053860263,-3.3215465499921086e-10,-0.8766111883992035,-0.1376057400210335
5.089999999999936,0.8967045053854598,-3.317186340570108e-10,-0.8766111883997766,-0.13760574002102574
5.099999999999936,0.8967045053848941,-3.3128318765400547e-10,-0.8766111884003488,-0.137605740021018
5.1099999999999355,0.8967045053843292,-3.308483258272869e-10,-0.8766111884009198,-0.13760574002101023
5.119999999999935,0.8967045053837649,-3.304140448531703e-10,-0.8766111884014903,-0.1376057400210025
5.129999999999935,0.8967045053832015,-3.2998033854856e-10,-0.8766111884020601,-0.13760574002099482
5.139999999999935,0.8967045053826387,-3.2954720936297425e-10,-0.876611188402629,-0.13760574002098713
5.149999999999935,0.8967045053820766,-3.2911464888967825e-10,-0.8766111884031976,-0.1376057400209795
5.159999999999934,0.8967045053815152,-3.2868264204025144e-10,-0.8766111884037655,-0.13760574002097187
5.169999999999934,0.8967045053809546,-3.2825119006140224e-10,-0.8766111884043326,-0.1376057400209642
5.179999999999934,0.8967045053803946,-3.2782030887280966e-10,-0.8766111884048985,-0.13760574002095657
5.189999999999934,0.8967045053798354,-3.2738999079311044e-10,-0.8766111884054644,-0.13760574002094897
5.199999999999934,0.8967045053792769,-3.269602350366171e-10,-0.8766111884060289,-0.13760574002094136
5.209999999999933,0.8967045053787193,-3.2653104013363717e-10,-0.876611188406593,-0.13760574002093376
5.219999999999933,0.8967045053781624,-3.261024113998757e-10,-0.8766111884071555,-0.13760574002092615
5.229999999999933,0.8967045053776062,-3.2567436687391345e-10,-0.8766111884077179,-0.13760574002091858
5.239999999999933,0.8967045053770506,-3.2524688402800955e-10,-0.8766111884082797,-0.13760574002091105
5.2499999999999325,0.8967045053764959,-3.2481996761161425e-10,-0.8766111884088404,-0.1376057400209035
5.259999999999932,0.8967045053759419,-3.2439361969151674e-10,-0.8766111884094003,-0.13760574002089596
5.269999999999932,0.8967045053753886,-3.2396783038709537e-10,-0.8766111884099598,-0.13760574002088843
5.279999999999932,0.8967045053748358,-3.235426005265822e-10,-0.8766111884105184,-0.13760574002088094
5.289999999999932,0.896704505374284,-3.2311793161964487e-10,-0.8766111884110768,-0.1376057400208735
5.299999999999931,0.8967045053737328,-3.22693811034635e-10,-0.876611188411634,-0.137605740020866
5.309999999999931,0.8967045053731824,-3.222702447565474e-10,-0.8766111884121904,-0.13760574002085857
5.319999999999931,0.8967045053726325,-3.218472325422182e-10,-0.8766111884127469,-0.13760574002085113
5.329999999999931,0.8967045053720833,-3.2142476629538437e-10,-0.876611188413302,-0.13760574002084372
5.339999999999931,0.8967045053715349,-3.2100285312790243e-10,-0.8766111884138561,-0.13760574002083628
5.34999999999993,0.8967045053709873,-3.205814981934978e-10,-0.8766111884144099,-0.13760574002082884
5.35999999999993,0.8967045053704404,-3.201607059442616e-10,-0.8766111884149625,-0.13760574002082146
5.36999999999993,0.8967045053698943,-3.197404678907863e-10,-0.8766111884155147,-0.13760574002081405
5.37999999999993,0.8967045053693488,-3.1932078513852015e-10,-0.8766111884160658,-0.13760574002080667
5.3899999999999295,0.896704505368804,-3.1890165332503483e-10,-0.8766111884166163,-0.13760574002079926
5.399999999999929,0.89670450536826,-3.1848310085410956e-10,-0.8766111884171661,-0.1376057400207919
5.409999999999929,0.8967045053677165,-3.180650845109763e-10,-0.8766111884177158,-0.13760574002078457
5.419999999999929,0.8967045053671739,-3.176476118431533e-10,-0.8766111884182636,-0.13760574002077722
5.429999999999929,0.896704505366632,-3.1723070040049957e-10,-0.8766111884188116,-0.1376057400207699
5.4399999999999284,0.8967045053660908,-3.1681433734280177e-10,-0.8766111884193583,-0.13760574002076256
5.449999999999928,0.8967045053655501,-3.1639852932564135e-10,-0.876611188419905,-0.13760574002075532
5.459999999999928,0.8967045053650102,-3.1598325532079243e-10,-0.8766111884204508,-0.13760574002074805
5.469999999999928,0.896704505364471,-3.155685284994987e-10,-0.8766111884209957,-0.13760574002074077
5.479999999999928,0.8967045053639325,-3.151543456704805e-10,-0.8766111884215396,-0.13760574002073347
5.489999999999927,0.8967045053633947,-3.1474072186255394e-10,-0.8766111884220829,-0.1376057400207262
5.499999999999927,0.8967045053628576,-3.14327654656173e-10,-0.8766111884226255,-0.13760574002071896
5.509999999999927,0.8967045053623213,-3.139151297118456e-10,-0.8766111884231673,-0.13760574002071171
5.519999999999927,0.8967045053617857,-3.1350316407336114e-10,-0.876611188423708,-0.13760574002070441
5.5299999999999265,0.8967045053612507,-3.1309175333853315e-10,-0.8766111884242483,-0.1376057400206972
5.539999999999926,0.8967045053607164,-3.1268089588715194e-10,-0.8766111884247878,-0.13760574002068998
5.549999999999926,0.896704505360183,-3.1227059752131285e-10,-0.876611188425326,-0.1376057400206827
5.559999999999926,0.8967045053596502,-3.118608553198274e-10,-0.8766111884258642,-0.13760574002067552
5.569999999999926,0.896704505359118,-3.1145166211590805e-10,-0.8766111884264018,-0.13760574002066836
5.5799999999999255,0.8967045053585865,-3.1104300288814057e-10,-0.8766111884269389,-0.13760574002066123
5.589999999999925,0.8967045053580557,-3.1063486861380336e-10,-0.8766111884274752,-0.13760574002065407
5.599999999999925,0.8967045053575255,-3.1022727158055294e-10,-0.8766111884280108,-0.13760574002064693
5.609999999999925,0.8967045053569962,-3.098202087349683e-10,-0.876611188428545,-0.13760574002063977
5.619999999999925,0.8967045053564676,-3.094136991193466e-10,-0.8766111884290788,-0.13760574002063264
5.629999999999924,0.8967045053559398,-3.090077295949268e-10,-0.8766111884296118,-0.1376057400206255
5.639999999999924,0.8967045053554126,-3.086023065350254e-10,-0.8766111884301442,-0.13760574002061843
5.649999999999924,0.8967045053548858,-3.08197417213023e-10,-0.8766111884306765,-0.1376057400206114
5.659999999999924,0.8967045053543597,-3.077930538009142e-10,-0.8766111884312079,-0.13760574002060436
5.6699999999999235,0.8967045053538343,-3.073892084632128e-10,-0.8766111884317388,-0.13760574002059728
5.679999999999923,0.8967045053533097,-3.0698589487100067e-10,-0.8766111884322684,-0.1376057400205902
5.689999999999923,0.896704505352786,-3.0658312606662107e-10,-0.8766111884327971,-0.13760574002058315
5.699999999999923,0.8967045053522629,-3.061808904490281e-10,-0.8766111884333251,-0.13760574002057613
5.709999999999923,0.8967045053517403,-3.0577919057559695e-10,-0.8766111884338529,-0.1376057400205691
5.7199999999999225,0.8967045053512185,-3.0537803051190677e-10,-0.8766111884343797,-0.13760574002056214
5.729999999999922,0.8967045053506972,-3.049773919396291e-10,-0.8766111884349062,-0.13760574002055517
5.739999999999922,0.8967045053501769,-3.0457727869581956e-10,-0.8766111884354315,-0.13760574002054818
5.749999999999922,0.8967045053496571,-3.041776950612323e-10,-0.8766111884359565,-0.13760574002054124
5.759999999999922,0.8967045053491379,-3.0377863773522415e-10,-0.8766111884364811,-0.13760574002053433
5.769999999999921,0.8967045053486196,-3.033800951670407e-10,-0.8766111884370044,-0.13760574002052742
5.779999999999921,0.8967045053481018,-3.0298206711035247e-10,-0.8766111884375276,-0.13760574002052053
5.789999999999921,0.8967045053475845,-3.0258455606484654e-10,-0.8766111884380496,-0.1376057400205136
5.799999999999921,0.8967045053470681,-3.0218756689111756e-10,-0.8766111884385714,-0.13760574002050668
5.809999999999921,0.8967045053465523,-3.017911049469831e-10,-0.8766111884390916,-0.1376057400204998
5.81999999999992,0.8967045053460373,-3.0139517949648363e-10,-0.8766111884396118,-0.13760574002049292
5.82999999999992,0.896704505345523,-3.00999770436654e-10,-0.8766111884401311,-0.13760574002048603
5.83999999999992,0.8967045053450092,-3.006048792232746e-10,-0.8766111884406501,-0.1376057400204792
5.84999999999992,0.8967045053444961,-3.002105045236722e-10,-0.8766111884411685,-0.1376057400204724
5.8599999999999195,0.8967045053439835,-2.998166339224155e-10,-0.8766111884416861,-0.13760574002046558
5.869999999999919,0.8967045053434718,-2.9942328243322055e-10,-0.8766111884422024,-0.13760574002045872
5.879999999999919,0.8967045053429608,-2.990304490991076e-10,-0.8766111884427183,-0.13760574002045192
5.889999999999919,0.8967045053424505,-2.986381434295528e-10,-0.8766111884432334,-0.1376057400204451
5.899999999999919,0.8967045053419408,-2.982463665489924e-10,-0.876611188443748,-0.1376057400204383
5.909999999999918,0.8967045053414316,-2.9785509927333546e-10,-0.8766111884442621,-0.13760574002043155
5.919999999999918,0.8967045053409234,-2.97464349392048e-10,-0.8766111884447755,-0.1376057400204248
5.929999999999918,0.8967045053404157,-2.9707411498803516e-10,-0.8766111884452876,-0.137605740020418
5.939999999999918,0.8967045053399086,-2.9668439678934225e-10,-0.8766111884457992,-0.13760574002041126
5.949999999999918,0.8967045053394023,-2.962951979764839e-10,-0.8766111884463109,-0.13760574002040457
5.959999999999917,0.8967045053388966,-2.9590649581564875e-10,-0.8766111884468211,-0.13760574002039783
5.969999999999917,0.8967045053383915,-2.955183167435816e-10,-0.8766111884473313,-0.13760574002039117
5.979999999999917,0.896704505337887,-2.9513064230007997e-10,-0.8766111884478405,-0.13760574002038448
5.989999999999917,0.8967045053373832,-2.9474347381096817e-10,-0.8766111884483493,-0.13760574002037781
5.9999999999999165,0.8967045053368801,-2.943568105206281e-10,-0.8766111884488573,-0.13760574002037115
6.009999999999916,0.8967045053363777,-2.9397064621955136e-10,-0.8766111884493644,-0.13760574002036452
6.019999999999916,0.8967045053358759,-2.9358499232015893e-10,-0.8766111884498714,-0.1376057400203579
6.029999999999916,0.8967045053353748,-2.9319983117876866e-10,-0.8766111884503771,-0.13760574002035125
6.039999999999916,0.8967045053348742,-2.928151756292171e-10,-0.8766111884508828,-0.13760574002034467
6.0499999999999154,0.8967045053343743,-2.924310125389345e-10,-0.8766111884513877,-0.13760574002033807
6.059999999999915,0.896704505333875,-2.92047354525767e-10,-0.8766111884518918,-0.1376057400203315
6.069999999999915,0.8967045053333764,-2.9166419861143176e-10,-0.8766111884523947,-0.13760574002032488
6.079999999999915,0.8967045053328787,-2.9128154829145067e-10,-0.8766111884528974,-0.13760574002031828
6.089999999999915,0.8967045053323814,-2.9089940459748025e-10,-0.8766111884533989,-0.13760574002031173
6.099999999999914,0.8967045053318847,-2.9051777389366274e-10,-0.8766111884539003,-0.13760574002030518
6.109999999999914,0.8967045053313889,-2.901366433102308e-10,-0.8766111884544004,-0.1376057400202986
6.119999999999914,0.8967045053308936,-2.8975602730920063e-10,-0.8766111884549005,-0.13760574002029205
6.129999999999914,0.8967045053303988,-2.893759162116861e-10,-0.8766111884554,-0.13760574002028556
6.1399999999999135,0.8967045053299048,-2.8899629885883785e-10,-0.8766111884558985,-0.13760574002027903
6.149999999999913,0.8967045053294115,-2.8861718746907065e-10,-0.8766111884563961,-0.1376057400202725
6.159999999999913,0.8967045053289188,-2.8823857762262927e-10,-0.8766111884568937,-0.137605740020266
6.169999999999913,0.8967045053284266,-2.878604662932674e-10,-0.8766111884573902,-0.13760574002025952
6.179999999999913,0.8967045053279351,-2.874828585158262e-10,-0.8766111884578858,-0.13760574002025303
6.1899999999999125,0.8967045053274444,-2.871057574906611e-10,-0.8766111884583808,-0.13760574002024653
6.199999999999912,0.8967045053269542,-2.867291617092475e-10,-0.8766111884588756,-0.1376057400202401
6.209999999999912,0.8967045053264645,-2.86353056434779e-10,-0.87661118845937,-0.13760574002023365
6.219999999999912,0.8967045053259757,-2.859774472759254e-10,-0.8766111884598624,-0.13760574002022716
6.229999999999912,0.8967045053254875,-2.8560234714684645e-10,-0.8766111884603552,-0.13760574002022072
6.239999999999911,0.8967045053250001,-2.8522776236561496e-10,-0.8766111884608464,-0.13760574002021425
6.249999999999911,0.8967045053245131,-2.848536782908067e-10,-0.8766111884613383,-0.13760574002020787
6.259999999999911,0.8967045053240268,-2.8448006904180394e-10,-0.8766111884618288,-0.13760574002020146
6.269999999999911,0.8967045053235411,-2.8410694865829e-10,-0.876611188462319,-0.13760574002019504
6.2799999999999105,0.896704505323056,-2.837343191153526e-10,-0.8766111884628085,-0.13760574002018872
6.28999999999991,0.8967045053225715,-2.833621750587683e-10,-0.8766111884632974,-0.13760574002018233
6.29999999999991,0.8967045053220878,-2.8299052696537574e-10,-0.8766111884637854,-0.137605740020176
6.30999999999991,0.8967045053216047,-2.82619366293846e-10,-0.8766111884642727,-0.13760574002016965
6.31999999999991,0.8967045053211222,-2.8224869495485187e-10,-0.8766111884647599,-0.13760574002016335
6.3299999999999095,0.8967045053206403,-2.818784954776614e-10,-0.8766111884652459,-0.13760574002015705
6.339999999999909,0.8967045053201591,-2.8150879026061554e-10,-0.8766111884657316,-0.13760574002015072
6.349999999999909,0.8967045053196784,-2.8113956564320324e-10,-0.8766111884662166,-0.13760574002014445
6.359999999999909,0.8967045053191984,-2.8077082086940564e-10,-0.8766111884667009,-0.13760574002013817
6.369999999999909,0.8967045053187191,-2.804025611448713e-10,-0.8766111884671847,-0.1376057400201319
6.379999999999908,0.8967045053182403,-2.8003477735312715e-10,-0.8766111884676678,-0.13760574002012563
6.389999999999908,0.896704505317762,-2.7966747638515157e-10,-0.8766111884681507,-0.13760574002011947
6.399999999999908,0.8967045053172845,-2.793006528289738e-10,-0.8766111884686325,-0.13760574002011322
6.409999999999908,0.8967045053168075,-2.789343030946705e-10,-0.8766111884691137,-0.137605740020107
6.419999999999908,0.8967045053163312,-2.785684221933843e-10,-0.8766111884695944,-0.13760574002010081
6.429999999999907,0.8967045053158554,-2.78203024830381e-10,-0.8766111884700742,-0.13760574002009457
6.439999999999907,0.8967045053153806,-2.7783811583340057e-10,-0.8766111884705533,-0.13760574002008832
6.449999999999907,0.8967045053149062,-2.7747370068710364e-10,-0.8766111884710317,-0.13760574002008213
6.459999999999907,0.8967045053144325,-2.771097650187793e-10,-0.8766111884715095,-0.137605740020076
6.4699999999999065,0.8967045053139592,-2.767463066467874e-10,-0.8766111884719869,-0.1376057400200698
6.479999999999906,0.8967045053134866,-2.7638333181684543e-10,-0.8766111884724639,-0.13760574002006365
6.489999999999906,0.8967045053130145,-2.760208248930113e-10,-0.8766111884729401,-0.1376057400200575
6.499999999999906,0.8967045053125432,-2.756587981171725e-10,-0.8766111884734155,-0.13760574002005135
6.509999999999906,0.8967045053120726,-2.7529724356022597e-10,-0.8766111884738904,-0.13760574002004522
6.519999999999905,0.8967045053116025,-2.749361622809551e-10,-0.8766111884743644,-0.13760574002003906
6.529999999999905,0.8967045053111331,-2.745755715493701e-10,-0.8766111884748377,-0.13760574002003292
6.539999999999905,0.8967045053106641,-2.74215463796521e-10,-0.8766111884753107,-0.13760574002002685
6.549999999999905,0.896704505310196,-2.7385582385965174e-10,-0.8766111884757832,-0.13760574002002074
6.559999999999905,0.8967045053097283,-2.734966538358357e-10,-0.8766111884762547,-0.13760574002001463
6.569999999999904,0.8967045053092613,-2.7313795524869794e-10,-0.8766111884767259,-0.13760574002000855
6.579999999999904,0.8967045053087948,-2.727797364026317e-10,-0.8766111884771963,-0.1376057400200025
6.589999999999904,0.896704505308329,-2.7242198594739284e-10,-0.8766111884776655,-0.13760574001999643
6.599999999999904,0.8967045053078637,-2.7206472183702005e-10,-0.876611188478135,-0.13760574001999035
6.6099999999999035,0.8967045053073991,-2.717079239881466e-10,-0.8766111884786038,-0.13760574001998432
6.619999999999903,0.8967045053069351,-2.7135159103381994e-10,-0.8766111884790717,-0.1376057400199783
6.629999999999903,0.8967045053064717,-2.7099572340657554e-10,-0.8766111884795387,-0.13760574001997225
6.639999999999903,0.8967045053060089,-2.7064034384949133e-10,-0.8766111884800056,-0.13760574001996628
6.649999999999903,0.8967045053055467,-2.702854163908393e-10,-0.8766111884804718,-0.1376057400199603
6.659999999999902,0.896704505305085,-2.699309597631318e-10,-0.8766111884809372,-0.13760574001995426
6.669999999999902,0.8967045053046242,-2.695769796546106e-10,-0.8766111884814013,-0.13760574001994827
6.679999999999902,0.8967045053041638,-2.692234679538246e-10,-0.876611188481866,-0.1376057400199423
6.689999999999902,0.896704505303704,-2.6887041620850127e-10,-0.8766111884823299,-0.13760574001993636
6.699999999999902,0.8967045053032449,-2.6851782005181116e-10,-0.876611188482793,-0.13760574001993045
6.709999999999901,0.8967045053027861,-2.6816567957032264e-10,-0.8766111884832561,-0.13760574001992454
6.719999999999901,0.8967045053023281,-2.6781398565586577e-10,-0.8766111884837181,-0.13760574001991863
6.729999999999901,0.8967045053018708,-2.67462751273409e-10,-0.876611188484179,-0.1376057400199127
6.739999999999901,0.8967045053014141,-2.6711198589158e-10,-0.8766111884846397,-0.1376057400199068
6.7499999999999005,0.8967045053009579,-2.667616734936352e-10,-0.8766111884850996,-0.1376057400199009
6.7599999999999,0.8967045053005025,-2.6641183321661754e-10,-0.8766111884855585,-0.13760574001989498
6.7699999999999,0.8967045053000474,-2.6606246056048043e-10,-0.8766111884860183,-0.13760574001988912
6.7799999999999,0.8967045052995931,-2.6571353871528357e-10,-0.8766111884864759,-0.13760574001988324
6.7899999999999,0.8967045052991393,-2.6536507734259614e-10,-0.876611188486934,-0.1376057400198774
6.7999999999998995,0.896704505298686,-2.650170682227829e-10,-0.8766111884873908,-0.13760574001987155
6.809999999999899,0.8967045052982334,-2.646695138473515e-10,-0.876611188487847,-0.1376057400198657
6.819999999999899,0.8967045052977813,-2.643224237662088e-10,-0.8766111884883037,-0.1376057400198599
6.829999999999899,0.89670450529733,-2.639757758846346e-10,-0.8766111884887581,-0.13760574001985404
6.839999999999899,0.8967045052968791,-2.6362960951891834e-10,-0.8766111884892129,-0.13760574001984824
6.849999999999898,0.8967045052964288,-2.632838898046785e-10,-0.8766111884896669,-0.1376057400198424
6.859999999999898,0.8967045052959791,-2.629386299035938e-10,-0.8766111884901199,-0.13760574001983658
6.869999999999898,0.89670450529553,-2.625938329093964e-10,-0.876611188490573,-0.1376057400198308
6.879999999999898,0.8967045052950814,-2.6224948190481183e-10,-0.8766111884910252,-0.13760574001982506
6.8899999999998975,0.8967045052946335,-2.6190558703601684e-10,-0.8766111884914769,-0.1376057400198193
6.899999999999897,0.8967045052941862,-2.6156212910423293e-10,-0.8766111884919278,-0.13760574001981352
6.909999999999897,0.8967045052937396,-2.6121915199877374e-10,-0.8766111884923777,-0.13760574001980777
6.919999999999897,0.8967045052932933,-2.6087662416806624e-10,-0.8766111884928277,-0.13760574001980205
6.929999999999897,0.8967045052928477,-2.6053454062784326e-10,-0.876611188493277,-0.1376057400197963
6.9399999999998965,0.8967045052924028,-2.6019290407099575e-10,-0.8766111884937257,-0.13760574001979062
6.949999999999896,0.8967045052919582,-2.5985171432829845e-10,-0.8766111884941737,-0.1376057400197849
6.959999999999896,0.8967045052915145,-2.595109708392657e-10,-0.8766111884946213,-0.13760574001977918
6.969999999999896,0.896704505291071,-2.591706805621655e-10,-0.8766111884950682,-0.1376057400197735
6.979999999999896,0.8967045052906284,-2.588308342011776e-10,-0.8766111884955143,-0.13760574001976777
6.989999999999895,0.8967045052901862,-2.584914478512674e-10,-0.8766111884959599,-0.1376057400197621
6.999999999999895,0.8967045052897448,-2.581525075218352e-10,-0.8766111884964051,-0.1376057400197564
7.009999999999895,0.8967045052893038,-2.578140127201874e-10,-0.8766111884968492,-0.1376057400197507
7.019999999999895,0.8967045052888635,-2.5747597485942514e-10,-0.8766111884972927,-0.13760574001974504
7.0299999999998946,0.8967045052884236,-2.5713839472902394e-10,-0.8766111884977364,-0.1376057400197394
7.039999999999894,0.8967045052879845,-2.5680125079881506e-10,-0.8766111884981788,-0.13760574001973377
7.049999999999894,0.8967045052875459,-2.5646455149262877e-10,-0.8766111884986209,-0.13760574001972814
7.059999999999894,0.8967045052871079,-2.561282955383979e-10,-0.8766111884990625,-0.13760574001972253
7.069999999999894,0.8967045052866703,-2.557924753929207e-10,-0.876611188499504,-0.13760574001971693
7.0799999999998935,0.8967045052862335,-2.5545709741013873e-10,-0.8766111884999445,-0.13760574001971138
7.089999999999893,0.896704505285797,-2.551221487103827e-10,-0.8766111885003844,-0.13760574001970577
7.099999999999893,0.8967045052853613,-2.547876252496475e-10,-0.8766111885008234,-0.13760574001970022
7.109999999999893,0.8967045052849261,-2.5445354658256583e-10,-0.8766111885012626,-0.13760574001969467
7.119999999999893,0.8967045052844916,-2.5411990477415724e-10,-0.8766111885017004,-0.1376057400196891
7.129999999999892,0.8967045052840577,-2.5378670876405055e-10,-0.8766111885021377,-0.13760574001968356
7.139999999999892,0.8967045052836242,-2.5345395076152047e-10,-0.8766111885025748,-0.13760574001967804
7.149999999999892,0.8967045052831912,-2.53121616039331e-10,-0.8766111885030116,-0.13760574001967252
7.159999999999892,0.8967045052827588,-2.527897124067904e-10,-0.8766111885034475,-0.13760574001966705
7.169999999999892,0.896704505282327,-2.52458221934144e-10,-0.876611188503883,-0.13760574001966155
7.179999999999891,0.8967045052818958,-2.5212717306927325e-10,-0.8766111885043177,-0.1376057400196561
7.189999999999891,0.8967045052814652,-2.5179655490876576e-10,-0.876611188504752,-0.13760574001965062
7.199999999999891,0.8967045052810352,-2.514663752659971e-10,-0.8766111885051857,-0.13760574001964512
7.209999999999891,0.8967045052806056,-2.5113661375059005e-10,-0.8766111885056189,-0.13760574001963968
7.2199999999998905,0.8967045052801766,-2.508072763240956e-10,-0.8766111885060519,-0.13760574001963427
7.22999999999989,0.8967045052797481,-2.504783481605017e-10,-0.876611188506484,-0.13760574001962886
7.23999999999989,0.8967045052793202,-2.501498569890414e-10,-0.8766111885069153,-0.1376057400196234
7.24999999999989,0.8967045052788928,-2.4982179222406035e-10,-0.8766111885073465,-0.13760574001961798
7.25999999999989,0.896704505278466,-2.4949416039597255e-10,-0.8766111885077765,-0.13760574001961257
7.269999999999889,0.8967045052780398,-2.4916695830051905e-10,-0.8766111885082064,-0.13760574001960718
7.279999999999889,0.896704505277614,-2.4884018411789536e-10,-0.8766111885086355,-0.13760574001960177
7.289999999999889,0.896704505277189,-2.48513838784042e-10,-0.8766111885090639,-0.13760574001959636
7.299999999999889,0.8967045052767646,-2.481879325194447e-10,-0.8766111885094917,-0.13760574001959097
7.309999999999889,0.8967045052763406,-2.478624617752552e-10,-0.876611188509919,-0.1376057400195856
7.319999999999888,0.8967045052759172,-2.475374207796179e-10,-0.8766111885103458,-0.1376057400195802
7.329999999999888,0.8967045052754943,-2.4721281032345753e-10,-0.8766111885107719,-0.13760574001957482
7.339999999999888,0.8967045052750718,-2.4688862884432214e-10,-0.8766111885111978,-0.1376057400195695
7.349999999999888,0.8967045052746501,-2.465648786714559e-10,-0.8766111885116226,-0.1376057400195641
7.3599999999998875,0.8967045052742291,-2.4624156532166134e-10,-0.8766111885120469,-0.13760574001955875
7.369999999999887,0.8967045052738085,-2.459186858162312e-10,-0.8766111885124707,-0.13760574001955342
7.379999999999887,0.8967045052733884,-2.4559623734484403e-10,-0.8766111885128935,-0.13760574001954806
7.389999999999887,0.8967045052729689,-2.4527423069058067e-10,-0.8766111885133165,-0.13760574001954276
7.399999999999887,0.8967045052725497,-2.4495264479673863e-10,-0.876611188513739,-0.13760574001953751
7.4099999999998865,0.8967045052721312,-2.4463147768470615e-10,-0.876611188514161,-0.1376057400195322
7.419999999999886,0.8967045052717132,-2.443107213745643e-10,-0.8766111885145822,-0.13760574001952694
7.429999999999886,0.8967045052712959,-2.4399039365593506e-10,-0.8766111885150027,-0.13760574001952164
7.439999999999886,0.896704505270879,-2.4367048680754855e-10,-0.8766111885154225,-0.13760574001951634
7.449999999999886,0.8967045052704626,-2.4335101272862063e-10,-0.8766111885158419,-0.1376057400195111
7.459999999999885,0.896704505270047,-2.4303196868695146e-10,-0.8766111885162604,-0.13760574001950582
7.469999999999885,0.8967045052696317,-2.4271335361829553e-10,-0.8766111885166791,-0.13760574001950054
7.479999999999885,0.8967045052692172,-2.42395150099136e-10,-0.8766111885170967,-0.1376057400194953
7.489999999999885,0.896704505268803,-2.4207737263583664e-10,-0.876611188517514,-0.13760574001949005
7.4999999999998845,0.8967045052683894,-2.4176001326139303e-10,-0.8766111885179307,-0.13760574001948483
7.509999999999884,0.8967045052679764,-2.414430697790573e-10,-0.8766111885183471,-0.13760574001947964
7.519999999999884,0.8967045052675641,-2.411265451814887e-10,-0.876611188518762,-0.13760574001947437
7.529999999999884,0.8967045052671522,-2.4081045808411296e-10,-0.8766111885191771,-0.1376057400194692
7.539999999999884,0.8967045052667408,-2.404947824740301e-10,-0.8766111885195914,-0.13760574001946402
7.5499999999998835,0.8967045052663299,-2.4017952070865046e-10,-0.8766111885200059,-0.13760574001945888
7.559999999999883,0.8967045052659197,-2.398646625423409e-10,-0.8766111885204189,-0.13760574001945375
7.569999999999883,0.8967045052655098,-2.3955020842840364e-10,-0.8766111885208325,-0.13760574001944859
7.579999999999883,0.8967045052651005,-2.3923615766431833e-10,-0.8766111885212449,-0.13760574001944345
7.589999999999883,0.8967045052646916,-2.389225206076061e-10,-0.8766111885216572,-0.13760574001943834
7.599999999999882,0.8967045052642834,-2.386092723464892e-10,-0.8766111885220684,-0.1376057400194332
7.609999999999882,0.8967045052638757,-2.382964425725489e-10,-0.876611188522479,-0.13760574001942807
7.619999999999882,0.8967045052634686,-2.379840351262457e-10,-0.8766111885228892,-0.13760574001942297
7.629999999999882,0.8967045052630621,-2.3767203767198837e-10,-0.8766111885232986,-0.1376057400194178
7.6399999999998816,0.8967045052626559,-2.373604579705023e-10,-0.8766111885237078,-0.1376057400194127
7.649999999999881,0.8967045052622504,-2.3704930119853157e-10,-0.8766111885241157,-0.13760574001940756
7.659999999999881,0.8967045052618454,-2.367385527302567e-10,-0.8766111885245241,-0.1376057400194025
7.669999999999881,0.896704505261441,-2.364282116248535e-10,-0.8766111885249314,-0.13760574001939743
7.679999999999881,0.896704505261037,-2.3611827379578703e-10,-0.8766111885253386,-0.1376057400193924
7.6899999999998805,0.8967045052606335,-2.3580873086709525e-10,-0.876611188525745,-0.13760574001938733
7.69999999999988,0.8967045052602306,-2.354996114159792e-10,-0.876611188526151,-0.1376057400193823
7.70999999999988,0.8967045052598281,-2.351908920065749e-10,-0.8766111885265562,-0.13760574001937725
7.71999999999988,0.8967045052594264,-2.3488257976938255e-10,-0.8766111885269612,-0.13760574001937223
7.72999999999988,0.896704505259025,-2.345746673464885e-10,-0.8766111885273652,-0.13760574001936715
7.739999999999879,0.8967045052586242,-2.342671661675953e-10,-0.8766111885277692,-0.13760574001936215
7.749999999999879,0.896704505258224,-2.339600669347113e-10,-0.8766111885281723,-0.1376057400193571
7.759999999999879,0.8967045052578242,-2.3365337770734106e-10,-0.8766111885285752,-0.13760574001935214
7.769999999999879,0.896704505257425,-2.333470788334838e-10,-0.8766111885289773,-0.13760574001934714
7.779999999999879,0.8967045052570264,-2.3304118618882523e-10,-0.8766111885293788,-0.13760574001934212
7.789999999999878,0.8967045052566283,-2.327357058314774e-10,-0.8766111885297798,-0.13760574001933715
7.799999999999878,0.8967045052562306,-2.3243062592137814e-10,-0.8766111885301809,-0.13760574001933223
7.809999999999878,0.8967045052558336,-2.32125920179641e-10,-0.8766111885305806,-0.13760574001932724
7.819999999999878,0.896704505255437,-2.3182163159516984e-10,-0.8766111885309803,-0.1376057400193223
7.8299999999998775,0.8967045052550408,-2.315177280956942e-10,-0.8766111885313798,-0.13760574001931739
7.839999999999877,0.8967045052546452,-2.3121421948873536e-10,-0.8766111885317782,-0.13760574001931247
7.849999999999877,0.8967045052542499,-2.3091109023628577e-10,-0.8766111885321769,-0.13760574001930756
7.859999999999877,0.8967045052538554,-2.3060836102803509e-10,-0.8766111885325739,-0.13760574001930262
7.869999999999877,0.8967045052534613,-2.303060300131719e-10,-0.876611188532971,-0.1376057400192977
7.879999999999876,0.8967045052530679,-2.3000409432886458e-10,-0.8766111885333673,-0.13760574001929277
7.889999999999876,0.896704505252675,-2.2970256533824125e-10,-0.8766111885337627,-0.13760574001928785
7.899999999999876,0.8967045052522824,-2.2940143772007447e-10,-0.8766111885341586,-0.137605740019283
7.909999999999876,0.8967045052518905,-2.2910069680727775e-10,-0.8766111885345537,-0.1376057400192781
7.919999999999876,0.8967045052514988,-2.2880034890025935e-10,-0.8766111885349479,-0.13760574001927325
7.929999999999875,0.8967045052511077,-2.285003898783234e-10,-0.8766111885353423,-0.13760574001926837
7.939999999999875,0.8967045052507173,-2.2820082664692705e-10,-0.8766111885357348,-0.13760574001926348
7.949999999999875,0.8967045052503274,-2.2790167429255763e-10,-0.8766111885361275,-0.1376057400192586
7.959999999999875,0.896704505249938,-2.2760292248627491e-10,-0.8766111885365194,-0.13760574001925371
7.9699999999998745,0.8967045052495493,-2.2730457752722854e-10,-0.8766111885369109,-0.13760574001924886
7.979999999999874,0.8967045052491609,-2.27006625281671e-10,-0.8766111885373025,-0.13760574001924403
7.989999999999874,0.8967045052487729,-2.267090556625943e-10,-0.8766111885376933,-0.13760574001923923
7.999999999999874,0.8967045052483855,-2.2641187348607716e-10,-0.8766111885380834,-0.1376057400192344
8.009999999999874,0.8967045052479986,-2.261150907151675e-10,-0.876611188538473,-0.1376057400192296
8.019999999999873,0.8967045052476121,-2.2581869415523588e-10,-0.8766111885388624,-0.13760574001922482
8.029999999999873,0.8967045052472262,-2.2552267854896123e-10,-0.8766111885392511,-0.13760574001922005
8.039999999999873,0.896704505246841,-2.2522704840227154e-10,-0.8766111885396389,-0.13760574001921522
8.049999999999873,0.8967045052464562,-2.2493181552821563e-10,-0.8766111885400267,-0.13760574001921044
8.059999999999873,0.8967045052460718,-2.2463696685945048e-10,-0.876611188540414,-0.13760574001920567
8.069999999999872,0.896704505245688,-2.2434250238118487e-10,-0.8766111885408007,-0.13760574001920092
8.079999999999872,0.8967045052453047,-2.2404841998953002e-10,-0.8766111885411867,-0.13760574001919618
8.089999999999872,0.8967045052449217,-2.2375471347857881e-10,-0.876611188541573,-0.13760574001919146
8.099999999999872,0.8967045052445394,-2.2346137817956277e-10,-0.8766111885419582,-0.1376057400191867
8.109999999999872,0.8967045052441575,-2.2316842499966862e-10,-0.8766111885423429,-0.137605740019182
8.119999999999871,0.896704505243776,-2.228758565475673e-10,-0.8766111885427271,-0.13760574001917728
8.129999999999871,0.8967045052433952,-2.2258367205249267e-10,-0.8766111885431105,-0.13760574001917253
8.139999999999871,0.8967045052430149,-2.2229188108899805e-10,-0.876611188543494,-0.13760574001916784
8.14999999999987,0.8967045052426351,-2.2200047229150054e-10,-0.876611188543876,-0.1376057400191631
8.15999999999987,0.8967045052422559,-2.2170945370124698e-10,-0.876611188544258,-0.13760574001915843
8.16999999999987,0.896704505241877,-2.2141881229626982e-10,-0.8766111885446398,-0.13760574001915374
8.17999999999987,0.8967045052414986,-2.2112854887603747e-10,-0.8766111885450211,-0.13760574001914908
8.18999999999987,0.8967045052411207,-2.2083865885096203e-10,-0.8766111885454018,-0.1376057400191444
8.19999999999987,0.8967045052407432,-2.2054914353578433e-10,-0.8766111885457819,-0.13760574001913975
8.20999999999987,0.8967045052403664,-2.2026001873503326e-10,-0.8766111885461612,-0.1376057400191351
8.21999999999987,0.89670450523999,-2.1997127132010515e-10,-0.8766111885465402,-0.13760574001913042
8.229999999999869,0.8967045052396141,-2.1968291625289606e-10,-0.8766111885469192,-0.1376057400191258
8.239999999999869,0.8967045052392387,-2.1939493120747927e-10,-0.8766111885472974,-0.13760574001912115
8.249999999999869,0.8967045052388639,-2.1910732109016e-10,-0.8766111885476746,-0.13760574001911652
8.259999999999868,0.8967045052384894,-2.1882009966003007e-10,-0.8766111885480518,-0.1376057400191119
8.269999999999868,0.8967045052381155,-2.185332536756059e-10,-0.8766111885484286,-0.1376057400191073
8.279999999999868,0.896704505237742,-2.182467750793967e-10,-0.8766111885488047,-0.13760574001910275
8.289999999999868,0.896704505237369,-2.1796067526324692e-10,-0.8766111885491807,-0.13760574001909817
8.299999999999867,0.8967045052369965,-2.1767493956735323e-10,-0.8766111885495558,-0.1376057400190936
8.309999999999867,0.8967045052366246,-2.173895735019135e-10,-0.8766111885499304,-0.137605740019089
8.319999999999867,0.8967045052362532,-2.171045891975877e-10,-0.8766111885503044,-0.13760574001908443
8.329999999999867,0.8967045052358821,-2.1681997648752908e-10,-0.8766111885506782,-0.13760574001907988
8.339999999999867,0.8967045052355115,-2.1653573749220878e-10,-0.8766111885510516,-0.13760574001907533
8.349999999999866,0.8967045052351416,-2.1625186441910475e-10,-0.8766111885514241,-0.13760574001907078
8.359999999999866,0.8967045052347719,-2.1596837652208903e-10,-0.8766111885517966,-0.13760574001906625
8.369999999999866,0.8967045052344028,-2.156852482541232e-10,-0.8766111885521685,-0.1376057400190617
8.379999999999866,0.8967045052340341,-2.154024826989238e-10,-0.8766111885525403,-0.13760574001905723
8.389999999999866,0.8967045052336658,-2.1512007917726357e-10,-0.8766111885529111,-0.1376057400190527
8.399999999999865,0.8967045052332983,-2.1483803988634834e-10,-0.876611188553281,-0.13760574001904816
8.409999999999865,0.8967045052329311,-2.1455638957980828e-10,-0.8766111885536505,-0.13760574001904363
8.419999999999865,0.8967045052325643,-2.1427511751838675e-10,-0.8766111885540199,-0.1376057400190391
8.429999999999865,0.8967045052321982,-2.139942272121502e-10,-0.8766111885543884,-0.13760574001903456
8.439999999999864,0.8967045052318325,-2.1371371461323515e-10,-0.8766111885547563,-0.13760574001903003
8.449999999999864,0.8967045052314672,-2.1343357015287796e-10,-0.8766111885551247,-0.13760574001902556
8.459999999999864,0.8967045052311025,-2.1315378180756693e-10,-0.8766111885554918,-0.13760574001902107
8.469999999999864,0.8967045052307381,-2.1287437566783363e-10,-0.8766111885558585,-0.1376057400190166
8.479999999999864,0.8967045052303741,-2.125953340530065e-10,-0.876611188556225,-0.1376057400190121
8.489999999999863,0.8967045052300109,-2.1231666149937085e-10,-0.8766111885565905,-0.13760574001900758
8.499999999999863,0.8967045052296481,-2.1203838133991603e-10,-0.8766111885569553,-0.1376057400190031
8.509999999999863,0.8967045052292858,-2.1176047919770439e-10,-0.8766111885573199,-0.1376057400189986
8.519999999999863,0.8967045052289241,-2.1148294633409536e-10,-0.8766111885576837,-0.13760574001899414
8.529999999999863,0.8967045052285626,-2.1120578665536475e-10,-0.8766111885580479,-0.13760574001898973
8.539999999999862,0.8967045052282017,-2.1092898522906977e-10,-0.8766111885584111,-0.1376057400189853
8.549999999999862,0.8967045052278412,-2.106525514149958e-10,-0.8766111885587743,-0.1376057400189809
8.559999999999862,0.896704505227481,-2.1037646171583876e-10,-0.8766111885591372,-0.13760574001897652
8.569999999999862,0.8967045052271215,-2.1010072897929094e-10,-0.8766111885594993,-0.13760574001897213
8.579999999999862,0.8967045052267624,-2.0982535634672174e-10,-0.8766111885598609,-0.13760574001896772
8.589999999999861,0.8967045052264038,-2.0955033862039987e-10,-0.8766111885602221,-0.13760574001896336
8.599999999999861,0.8967045052260457,-2.092756800565846e-10,-0.8766111885605825,-0.13760574001895895
8.60999999999986,0.896704505225688,-2.0900138662019016e-10,-0.8766111885609428,-0.13760574001895456
8.61999999999986,0.896704505225331,-2.087274510048838e-10,-0.8766111885613023,-0.13760574001895023
8.62999999999986,0.8967045052249742,-2.0845386517153644e-10,-0.8766111885616616,-0.13760574001894588
8.63999999999986,0.8967045052246181,-2.0818064312064164e-10,-0.87661118856202,-0.13760574001894152
8.64999999999986,0.8967045052242623,-2.0790777072511924e-10,-0.876611188562379,-0.13760574001893724
8.65999999999986,0.8967045052239068,-2.0763524213314684e-10,-0.8766111885627371,-0.13760574001893294
8.66999999999986,0.8967045052235518,-2.0736303872855411e-10,-0.8766111885630948,-0.13760574001892864
8.67999999999986,0.8967045052231973,-2.0709119928343355e-10,-0.8766111885634521,-0.13760574001892434
8.68999999999986,0.8967045052228433,-2.0681970227548274e-10,-0.8766111885638086,-0.13760574001892
8.699999999999859,0.8967045052224898,-2.0654856704766505e-10,-0.8766111885641643,-0.13760574001891568
8.709999999999859,0.8967045052221368,-2.0627779419304032e-10,-0.8766111885645197,-0.13760574001891138
8.719999999999859,0.8967045052217844,-2.0600738383491562e-10,-0.8766111885648743,-0.13760574001890705
8.729999999999858,0.8967045052214323,-2.057373401071669e-10,-0.8766111885652291,-0.13760574001890277
8.739999999999858,0.8967045052210806,-2.054676370975033e-10,-0.8766111885655833,-0.13760574001889853
8.749999999999858,0.8967045052207293,-2.0519827519333676e-10,-0.876611188565937,-0.13760574001889425
8.759999999999858,0.8967045052203786,-2.049292706285388e-10,-0.8766111885662904,-0.13760574001889
8.769999999999857,0.8967045052200282,-2.0466060804977785e-10,-0.8766111885666434,-0.13760574001888573
8.779999999999857,0.8967045052196784,-2.043923014875453e-10,-0.8766111885669959,-0.13760574001888148
8.789999999999857,0.8967045052193291,-2.0412433822611595e-10,-0.8766111885673477,-0.13760574001887724
8.799999999999857,0.8967045052189803,-2.0385674101856041e-10,-0.8766111885676985,-0.13760574001887296
8.809999999999857,0.8967045052186319,-2.0358950540795088e-10,-0.876611188568049,-0.1376057400188687
8.819999999999856,0.8967045052182839,-2.0332263652576597e-10,-0.8766111885683993,-0.13760574001886447
8.829999999999856,0.8967045052179363,-2.0305611557614692e-10,-0.8766111885687494,-0.13760574001886028
8.839999999999856,0.8967045052175894,-2.0278993963779014e-10,-0.8766111885690986,-0.137605740018856
8.849999999999856,0.8967045052172427,-2.0252412028705332e-10,-0.8766111885694475,-0.13760574001885179
8.859999999999856,0.8967045052168965,-2.0225865332115173e-10,-0.8766111885697958,-0.13760574001884757
8.869999999999855,0.8967045052165507,-2.0199354402438334e-10,-0.8766111885701443,-0.1376057400188434
8.879999999999855,0.8967045052162054,-2.017287681437525e-10,-0.8766111885704918,-0.13760574001883918
8.889999999999855,0.8967045052158606,-2.0146434461625557e-10,-0.8766111885708386,-0.13760574001883497
8.899999999999855,0.8967045052155164,-2.0120028779141126e-10,-0.8766111885711851,-0.13760574001883077
8.909999999999854,0.8967045052151725,-2.009365763481694e-10,-0.8766111885715313,-0.13760574001882658
8.919999999999854,0.8967045052148291,-2.0067322138556533e-10,-0.8766111885718767,-0.1376057400188224
8.929999999999854,0.8967045052144861,-2.0041021362817954e-10,-0.8766111885722221,-0.13760574001881826
8.939999999999854,0.8967045052141437,-2.0014755015940212e-10,-0.8766111885725669,-0.13760574001881412
8.949999999999854,0.8967045052138014,-1.9988522591546e-10,-0.876611188572912,-0.13760574001880999
8.959999999999853,0.8967045052134597,-1.996232218083864e-10,-0.876611188573256,-0.13760574001880585
8.969999999999853,0.8967045052131185,-1.9936155944811189e-10,-0.8766111885735998,-0.13760574001880171
8.979999999999853,0.8967045052127777,-1.9910023174071783e-10,-0.8766111885739428,-0.1376057400187976
8.989999999999853,0.8967045052124375,-1.9883925545076106e-10,-0.8766111885742853,-0.13760574001879347
8.999999999999853,0.8967045052120977,-1.985786273849738e-10,-0.8766111885746273,-0.13760574001878936
9.009999999999852,0.8967045052117582,-1.9831833974734313e-10,-0.8766111885749693,-0.13760574001878526
9.019999999999852,0.8967045052114192,-1.980583872999669e-10,-0.8766111885753104,-0.13760574001878115
9.029999999999852,0.8967045052110807,-1.9779877021776337e-10,-0.8766111885756513,-0.13760574001877704
9.039999999999852,0.8967045052107426,-1.9753950675584074e-10,-0.8766111885759915,-0.13760574001877296
9.049999999999851,0.8967045052104047,-1.9728056966476383e-10,-0.8766111885763322,-0.1376057400187689
9.059999999999851,0.8967045052100676,-1.9702197233553303e-10,-0.8766111885766712,-0.1376057400187648
9.069999999999851,0.8967045052097308,-1.9676371967654385e-10,-0.8766111885770107,-0.13760574001876075
9.07999999999985,0.8967045052093945,-1.9650579276430447e-10,-0.876611188577349,-0.13760574001875664
9.08999999999985,0.8967045052090585,-1.9624821852698905e-10,-0.8766111885776872,-0.13760574001875256
9.09999999999985,0.8967045052087231,-1.959909855926129e-10,-0.8766111885780246,-0.1376057400187485
9.10999999999985,0.896704505208388,-1.9573409185091304e-10,-0.8766111885783621,-0.13760574001874448
9.11999999999985,0.8967045052080534,-1.9547753177804413e-10,-0.8766111885786986,-0.13760574001874037
9.12999999999985,0.8967045052077193,-1.952213161334939e-10,-0.8766111885790351,-0.13760574001873635
9.13999999999985,0.8967045052073854,-1.9496544613971364e-10,-0.8766111885793711,-0.13760574001873235
9.14999999999985,0.8967045052070521,-1.9470990094851055e-10,-0.8766111885797065,-0.13760574001872833
9.15999999999985,0.8967045052067192,-1.9445469628983184e-10,-0.8766111885800418,-0.1376057400187243
9.169999999999849,0.8967045052063868,-1.9419983151954956e-10,-0.8766111885803759,-0.13760574001872025
9.179999999999849,0.8967045052060548,-1.939453037824341e-10,-0.8766111885807102,-0.13760574001871623
9.189999999999849,0.8967045052057232,-1.936911139742963e-10,-0.8766111885810437,-0.13760574001871217
9.199999999999848,0.896704505205392,-1.9343726310565765e-10,-0.8766111885813767,-0.13760574001870818
9.209999999999848,0.8967045052050615,-1.9318376209554521e-10,-0.8766111885817092,-0.13760574001870413
9.219999999999848,0.8967045052047313,-1.9293060672071603e-10,-0.8766111885820411,-0.1376057400187001
9.229999999999848,0.8967045052044016,-1.9267779004305085e-10,-0.876611188582373,-0.13760574001869613
9.239999999999847,0.8967045052040722,-1.9242530928801452e-10,-0.8766111885827047,-0.13760574001869216
9.249999999999847,0.8967045052037432,-1.9217314675202204e-10,-0.8766111885830359,-0.1376057400186882
9.259999999999847,0.8967045052034146,-1.9192132150406924e-10,-0.8766111885833665,-0.13760574001868423
9.269999999999847,0.8967045052030864,-1.916698154315964e-10,-0.8766111885836969,-0.13760574001868028
9.279999999999847,0.8967045052027588,-1.914186404684653e-10,-0.8766111885840265,-0.13760574001867631
9.289999999999846,0.8967045052024315,-1.9116780362830967e-10,-0.8766111885843558,-0.13760574001867235
9.299999999999846,0.8967045052021047,-1.9091729071854577e-10,-0.8766111885846849,-0.13760574001866843
9.309999999999846,0.8967045052017784,-1.9066709675268633e-10,-0.8766111885850132,-0.1376057400186645
9.319999999999846,0.8967045052014524,-1.9041723188861184e-10,-0.8766111885853413,-0.13760574001866058
9.329999999999846,0.8967045052011269,-1.9016769410484626e-10,-0.8766111885856687,-0.1376057400186566
9.339999999999845,0.8967045052008019,-1.8991849492174211e-10,-0.8766111885859957,-0.13760574001865267
9.349999999999845,0.8967045052004773,-1.896696279361938e-10,-0.8766111885863224,-0.13760574001864878
9.359999999999845,0.8967045052001531,-1.894210845810557e-10,-0.8766111885866488,-0.13760574001864484
9.369999999999845,0.8967045051998292,-1.8917286918643907e-10,-0.8766111885869746,-0.13760574001864098
9.379999999999844,0.8967045051995057,-1.8892496701798964e-10,-0.8766111885873004,-0.1376057400186371
9.389999999999844,0.8967045051991828,-1.8867738118190241e-10,-0.8766111885876257,-0.13760574001863324
9.399999999999844,0.8967045051988602,-1.884301092436123e-10,-0.87661118858795,-0.1376057400186293
9.409999999999844,0.8967045051985382,-1.881831816066886e-10,-0.8766111885882739,-0.13760574001862538
9.419999999999844,0.8967045051982167,-1.879366007188934e-10,-0.8766111885885972,-0.1376057400186215
9.429999999999843,0.8967045051978955,-1.8769034928289e-10,-0.8766111885889204,-0.1376057400186176
9.439999999999843,0.8967045051975746,-1.8744442465521956e-10,-0.8766111885892433,-0.13760574001861378
9.449999999999843,0.8967045051972543,-1.8719882350850006e-10,-0.8766111885895654,-0.13760574001860998
9.459999999999843,0.8967045051969342,-1.869535241170165e-10,-0.876611188589888,-0.13760574001860615
9.469999999999843,0.8967045051966146,-1.8670854063854823e-10,-0.8766111885902099,-0.13760574001860237
9.479999999999842,0.8967045051962954,-1.8646385454773952e-10,-0.8766111885905314,-0.13760574001859852
9.489999999999842,0.8967045051959768,-1.862194895480752e-10,-0.876611188590852,-0.1376057400185947
9.499999999999842,0.8967045051956585,-1.8597544907297345e-10,-0.8766111885911723,-0.13760574001859094
9.509999999999842,0.8967045051953405,-1.8573172035336246e-10,-0.8766111885914926,-0.1376057400185871
9.519999999999841,0.896704505195023,-1.8548831619540152e-10,-0.8766111885918124,-0.1376057400185834
9.529999999999841,0.8967045051947059,-1.8524521242446226e-10,-0.8766111885921315,-0.13760574001857961
9.539999999999841,0.8967045051943893,-1.850024250962246e-10,-0.8766111885924501,-0.13760574001857578
9.54999999999984,0.896704505194073,-1.8475995921745314e-10,-0.8766111885927684,-0.13760574001857204
9.55999999999984,0.8967045051937571,-1.8451779978120912e-10,-0.8766111885930866,-0.13760574001856823
9.56999999999984,0.8967045051934417,-1.8427595683618553e-10,-0.8766111885934041,-0.1376057400185645
9.57999999999984,0.8967045051931267,-1.840344314238231e-10,-0.876611188593721,-0.13760574001856074
9.58999999999984,0.8967045051928121,-1.8379322549919204e-10,-0.8766111885940376,-0.13760574001855697
9.59999999999984,0.8967045051924978,-1.8355233725862857e-10,-0.8766111885943546,-0.13760574001855327
9.60999999999984,0.8967045051921839,-1.8331174726498143e-10,-0.8766111885946704,-0.13760574001854953
9.61999999999984,0.8967045051918705,-1.8307147272290655e-10,-0.8766111885949859,-0.1376057400185458
9.62999999999984,0.8967045051915574,-1.828315093696786e-10,-0.8766111885953014,-0.13760574001854206
9.639999999999839,0.896704505191245,-1.8259185116050008e-10,-0.8766111885956155,-0.13760574001853831
9.649999999999839,0.8967045051909329,-1.823525183218913e-10,-0.8766111885959297,-0.1376057400185346
9.659999999999838,0.8967045051906213,-1.821135075988836e-10,-0.8766111885962432,-0.13760574001853085
9.669999999999838,0.8967045051903101,-1.8187481389061145e-10,-0.8766111885965566,-0.13760574001852716
9.679999999999838,0.8967045051899991,-1.8163643525749488e-10,-0.8766111885968696,-0.13760574001852346
9.689999999999838,0.8967045051896886,-1.81398362117243e-10,-0.8766111885971822,-0.1376057400185198
9.699999999999838,0.8967045051893785,-1.8116058822139042e-10,-0.8766111885974947,-0.1376057400185161
9.709999999999837,0.8967045051890689,-1.809231263670759e-10,-0.8766111885978064,-0.13760574001851245
9.719999999999837,0.8967045051887595,-1.8068597078282138e-10,-0.8766111885981178,-0.13760574001850875
9.729999999999837,0.8967045051884506,-1.8044912146499013e-10,-0.8766111885984291,-0.13760574001850512
9.739999999999837,0.896704505188142,-1.8021256957735857e-10,-0.8766111885987398,-0.13760574001850145
9.749999999999837,0.8967045051878341,-1.7997632685786368e-10,-0.8766111885990497,-0.13760574001849776
9.759999999999836,0.8967045051875264,-1.7974040659141626e-10,-0.8766111885993592,-0.13760574001849413
9.769999999999836,0.8967045051872191,-1.7950479757363383e-10,-0.8766111885996687,-0.1376057400184905
9.779999999999836,0.8967045051869122,-1.792694863096489e-10,-0.8766111885999776,-0.13760574001848688
9.789999999999836,0.8967045051866057,-1.7903448841708487e-10,-0.876611188600286,-0.13760574001848322
9.799999999999836,0.8967045051862996,-1.7879979668433782e-10,-0.876611188600594,-0.1376057400184796
9.809999999999835,0.8967045051859939,-1.785654087344992e-10,-0.8766111886009018,-0.13760574001847595
9.819999999999835,0.8967045051856886,-1.7833134430745757e-10,-0.876611188601209,-0.13760574001847237
9.829999999999835,0.8967045051853835,-1.78097576635927e-10,-0.8766111886015168,-0.13760574001846876
9.839999999999835,0.896704505185079,-1.778641047151949e-10,-0.8766111886018226,-0.13760574001846515
9.849999999999834,0.8967045051847752,-1.7763095472225374e-10,-0.8766111886021284,-0.1376057400184615
9.859999999999834,0.8967045051844715,-1.7739811936550256e-10,-0.8766111886024339,-0.13760574001845788
9.869999999999834,0.8967045051841683,-1.7716560259284766e-10,-0.876611188602739,-0.13760574001845424
9.879999999999834,0.8967045051838655,-1.7693339488723908e-10,-0.8766111886030438,-0.1376057400184507
9.889999999999834,0.8967045051835629,-1.7670148339608352e-10,-0.8766111886033483,-0.1376057400184471
9.899999999999833,0.896704505183261,-1.7646987128851904e-10,-0.8766111886036524,-0.13760574001844356
9.909999999999833,0.8967045051829592,-1.7623856257953777e-10,-0.8766111886039563,-0.13760574001843998
9.919999999999833,0.8967045051826579,-1.7600754881901164e-10,-0.8766111886042594,-0.13760574001843642
9.929999999999833,0.8967045051823569,-1.7577684829764807e-10,-0.8766111886045623,-0.13760574001843287
9.939999999999833,0.8967045051820562,-1.7554643662985269e-10,-0.8766111886048649,-0.1376057400184293
9.949999999999832,0.896704505181756,-1.7531633579116313e-10,-0.8766111886051672,-0.13760574001842577
9.959999999999832,0.8967045051814563,-1.7508653277244116e-10,-0.8766111886054688,-0.13760574001842218
9.969999999999832,0.8967045051811571,-1.74857036298022e-10,-0.8766111886057697,-0.1376057400184186
9.979999999999832,0.8967045051808582,-1.746278590827498e-10,-0.8766111886060705,-0.13760574001841508
9.989999999999831,0.8967045051805597,-1.7439897629740492e-10,-0.8766111886063711,-0.13760574001841155
9.999999999999831,0.8967045051802615,-1.741703875895218e-10,-0.8766111886066713,-0.13760574001840803
10.009999999999831,0.8967045051799638,-1.7394210016198874e-10,-0.8766111886069708,-0.1376057400184045
10.01999999999983,0.8967045051796664,-1.7371410697386788e-10,-0.8766111886072705,-0.137605740018401
10.02999999999983,0.8967045051793694,-1.7348640389629402e-10,-0.8766111886075691,-0.13760574001839745
10.03999999999983,0.8967045051790727,-1.7325901601181765e-10,-0.8766111886078679,-0.13760574001839398
10.04999999999983,0.8967045051787764,-1.7303190376818523e-10,-0.8766111886081663,-0.1376057400183905
10.05999999999983,0.8967045051784805,-1.7280509452711316e-10,-0.8766111886084642,-0.13760574001838696
10.06999999999983,0.8967045051781851,-1.7257858592985104e-10,-0.8766111886087609,-0.13760574001838344
10.07999999999983,0.8967045051778901,-1.7235238372487317e-10,-0.8766111886090574,-0.13760574001837994
10.08999999999983,0.8967045051775954,-1.7212649232552472e-10,-0.8766111886093545,-0.13760574001837644
10.09999999999983,0.896704505177301,-1.7190089805920288e-10,-0.8766111886096501,-0.13760574001837295
10.109999999999829,0.8967045051770072,-1.7167560228056692e-10,-0.8766111886099457,-0.13760574001836948
10.119999999999829,0.8967045051767135,-1.7145060920224878e-10,-0.8766111886102412,-0.13760574001836598
10.129999999999828,0.8967045051764205,-1.7122591437519583e-10,-0.8766111886105359,-0.1376057400183625
10.139999999999828,0.8967045051761277,-1.7100152125655443e-10,-0.8766111886108309,-0.13760574001835904
10.149999999999828,0.8967045051758352,-1.7077742303152799e-10,-0.8766111886111251,-0.13760574001835557
10.159999999999828,0.8967045051755432,-1.7055361917705323e-10,-0.8766111886114187,-0.13760574001835213
10.169999999999828,0.8967045051752518,-1.7033010808712694e-10,-0.8766111886117117,-0.13760574001834866
10.179999999999827,0.8967045051749606,-1.7010690440931227e-10,-0.8766111886120046,-0.1376057400183452
10.189999999999827,0.8967045051746697,-1.698840010845453e-10,-0.876611188612297,-0.13760574001834178
10.199999999999827,0.8967045051743793,-1.6966139385898416e-10,-0.8766111886125891,-0.13760574001833834
10.209999999999827,0.8967045051740892,-1.694390736472116e-10,-0.8766111886128815,-0.13760574001833495
10.219999999999827,0.8967045051737994,-1.692170368667305e-10,-0.8766111886131731,-0.1376057400183315
10.229999999999826,0.8967045051735102,-1.6899529015577488e-10,-0.876611188613464,-0.1376057400183281
10.239999999999826,0.8967045051732213,-1.68773843002026e-10,-0.8766111886137543,-0.13760574001832465
10.249999999999826,0.8967045051729328,-1.6855269806476123e-10,-0.8766111886140447,-0.13760574001832127
10.259999999999826,0.8967045051726446,-1.683318421385376e-10,-0.8766111886143348,-0.1376057400183179
10.269999999999825,0.8967045051723566,-1.6811125734076682e-10,-0.8766111886146248,-0.13760574001831455
10.279999999999825,0.8967045051720691,-1.678909549264489e-10,-0.8766111886149137,-0.13760574001831113
10.289999999999825,0.896704505171782,-1.6767093984488484e-10,-0.8766111886152028,-0.13760574001830778
10.299999999999825,0.8967045051714954,-1.674512128276874e-10,-0.8766111886154909,-0.13760574001830442
10.309999999999825,0.896704505171209,-1.6723177462683496e-10,-0.8766111886157795,-0.13760574001830103
10.319999999999824,0.8967045051709231,-1.6701262403806526e-10,-0.876611188616067,-0.13760574001829765
10.329999999999824,0.8967045051706376,-1.6679376551793986e-10,-0.8766111886163539,-0.1376057400182943
10.339999999999824,0.8967045051703525,-1.6657520172461158e-10,-0.8766111886166406,-0.13760574001829087
10.349999999999824,0.8967045051700677,-1.6635693118966998e-10,-0.8766111886169272,-0.13760574001828751
10.359999999999824,0.8967045051697833,-1.661389362092787e-10,-0.8766111886172138,-0.1376057400182842
10.369999999999823,0.8967045051694992,-1.659212230791142e-10,-0.8766111886174995,-0.13760574001828088
10.379999999999823,0.8967045051692154,-1.657037866544959e-10,-0.8766111886177853,-0.13760574001827755
10.389999999999823,0.896704505168932,-1.6548662991972168e-10,-0.8766111886180705,-0.13760574001827425
10.399999999999823,0.896704505168649,-1.6526974757708747e-10,-0.8766111886183553,-0.13760574001827092
10.409999999999823,0.8967045051683664,-1.6505315048845458e-10,-0.8766111886186396,-0.13760574001826759
10.419999999999822,0.8967045051680842,-1.6483684145680605e-10,-0.8766111886189235,-0.13760574001826423
10.429999999999822,0.8967045051678023,-1.6462082406481734e-10,-0.8766111886192071,-0.13760574001826092
10.439999999999822,0.896704505167521,-1.644050916245865e-10,-0.87661118861949,-0.13760574001825757
10.449999999999822,0.8967045051672399,-1.641896564799607e-10,-0.8766111886197726,-0.13760574001825424
10.459999999999821,0.8967045051669592,-1.6397451434232907e-10,-0.8766111886200545,-0.13760574001825093
10.469999999999821,0.896704505166679,-1.637596639519487e-10,-0.8766111886203364,-0.1376057400182476
10.479999999999821,0.8967045051663989,-1.6354509626329e-10,-0.8766111886206185,-0.13760574001824435
10.48999999999982,0.8967045051661192,-1.6333078781465466e-10,-0.8766111886209003,-0.13760574001824108
10.49999999999982,0.89670450516584,-1.6311675264195054e-10,-0.876611188621181,-0.13760574001823783
10.50999999999982,0.896704505165561,-1.629029947158463e-10,-0.8766111886214618,-0.13760574001823458
10.51999999999982,0.8967045051652824,-1.626895174231713e-10,-0.8766111886217421,-0.13760574001823134
10.52999999999982,0.8967045051650042,-1.624763201702342e-10,-0.8766111886220221,-0.13760574001822806
10.53999999999982,0.8967045051647262,-1.6226338336184376e-10,-0.8766111886223018,-0.13760574001822484
10.54999999999982,0.8967045051644487,-1.6205073386854228e-10,-0.8766111886225809,-0.13760574001822157
10.55999999999982,0.8967045051641716,-1.6183835989773912e-10,-0.8766111886228599,-0.1376057400182183
10.569999999999819,0.8967045051638949,-1.6162626654946461e-10,-0.8766111886231379,-0.13760574001821504
10.579999999999819,0.8967045051636185,-1.6141445357758444e-10,-0.8766111886234161,-0.1376057400182118
10.589999999999819,0.8967045051633425,-1.6120293056473336e-10,-0.8766111886236929,-0.1376057400182085
10.599999999999818,0.896704505163067,-1.609917054362484e-10,-0.87661118862397,-0.13760574001820525
10.609999999999818,0.8967045051627917,-1.6078076239956985e-10,-0.8766111886242474,-0.13760574001820203
10.619999999999818,0.8967045051625168,-1.6057008934307152e-10,-0.8766111886245237,-0.13760574001819884
10.629999999999818,0.8967045051622422,-1.6035969632344626e-10,-0.8766111886247996,-0.1376057400181956
10.639999999999818,0.896704505161968,-1.6014958676996928e-10,-0.8766111886250757,-0.1376057400181924
10.649999999999817,0.8967045051616941,-1.5993974655163017e-10,-0.8766111886253511,-0.1376057400181892
10.659999999999817,0.8967045051614205,-1.5973017377688156e-10,-0.8766111886256263,-0.13760574001818598
10.669999999999817,0.8967045051611473,-1.5952087549922204e-10,-0.876611188625901,-0.13760574001818282
10.679999999999817,0.8967045051608745,-1.5931185833530722e-10,-0.8766111886261754,-0.1376057400181796
10.689999999999817,0.8967045051606022,-1.591031182053426e-10,-0.8766111886264492,-0.13760574001817638
10.699999999999816,0.8967045051603302,-1.5889465741970958e-10,-0.8766111886267225,-0.13760574001817316
10.709999999999816,0.8967045051600585,-1.586864901371138e-10,-0.8766111886269956,-0.13760574001816997
10.719999999999816,0.8967045051597873,-1.5847859534901875e-10,-0.8766111886272686,-0.1376057400181668
10.729999999999816,0.8967045051595163,-1.582709686224658e-10,-0.876611188627541,-0.1376057400181636
10.739999999999815,0.8967045051592455,-1.5806362110487447e-10,-0.8766111886278137,-0.13760574001816045
10.749999999999815,0.8967045051589753,-1.578565263886094e-10,-0.8766111886280854,-0.13760574001815729
10.759999999999815,0.8967045051587054,-1.5764970824452775e-10,-0.8766111886283566,-0.13760574001815412
10.769999999999815,0.8967045051584359,-1.5744315702940755e-10,-0.8766111886286279,-0.13760574001815096
10.779999999999815,0.8967045051581667,-1.572368762103128e-10,-0.876611188628899,-0.13760574001814785
10.789999999999814,0.8967045051578977,-1.570308472893091e-10,-0.8766111886291695,-0.1376057400181447
10.799999999999814,0.8967045051576291,-1.5682508533715457e-10,-0.8766111886294398,-0.13760574001814158
10.809999999999814,0.8967045051573609,-1.5661959083025675e-10,-0.8766111886297097,-0.13760574001813844
10.819999999999814,0.896704505157093,-1.5641436008874864e-10,-0.8766111886299789,-0.13760574001813533
10.829999999999814,0.8967045051568255,-1.5620941245200203e-10,-0.8766111886302478,-0.13760574001813217
10.839999999999813,0.8967045051565584,-1.5600473536388327e-10,-0.8766111886305167,-0.13760574001812906
10.849999999999813,0.8967045051562916,-1.5580031985713412e-10,-0.8766111886307849,-0.13760574001812595
10.859999999999813,0.8967045051560251,-1.5559617649184172e-10,-0.8766111886310528,-0.13760574001812284
10.869999999999813,0.8967045051557591,-1.5539229781782052e-10,-0.8766111886313205,-0.1376057400181197
10.879999999999812,0.8967045051554934,-1.5518869081483935e-10,-0.8766111886315877,-0.13760574001811657
10.889999999999812,0.896704505155228,-1.549853517760937e-10,-0.8766111886318544,-0.1376057400181135
10.899999999999812,0.896704505154963,-1.547822921938376e-10,-0.8766111886321207,-0.13760574001811038
10.909999999999812,0.8967045051546984,-1.545795055250241e-10,-0.8766111886323871,-0.1376057400181073
10.919999999999812,0.8967045051544341,-1.5437698581418912e-10,-0.8766111886326527,-0.1376057400181042
10.929999999999811,0.8967045051541702,-1.541747343437277e-10,-0.8766111886329183,-0.13760574001810114
10.939999999999811,0.8967045051539065,-1.539727418095442e-10,-0.8766111886331835,-0.13760574001809805
10.949999999999811,0.8967045051536433,-1.5377101173138684e-10,-0.8766111886334482,-0.137605740018095
10.95999999999981,0.8967045051533804,-1.535695456061533e-10,-0.8766111886337129,-0.13760574001809192
10.96999999999981,0.8967045051531178,-1.5336832931322724e-10,-0.8766111886339768,-0.1376057400180889
10.97999999999981,0.8967045051528556,-1.5316737693907533e-10,-0.8766111886342409,-0.13760574001808587
10.98999999999981,0.8967045051525937,-1.5296667699775418e-10,-0.8766111886345044,-0.13760574001808284
10.99999999999981,0.8967045051523321,-1.527662321377973e-10,-0.8766111886347677,-0.13760574001807982
11.00999999999981,0.896704505152071,-1.525660560179933e-10,-0.8766111886350306,-0.13760574001807677
11.01999999999981,0.8967045051518102,-1.523661350490248e-10,-0.8766111886352925,-0.13760574001807377
11.02999999999981,0.8967045051515498,-1.5216648395560084e-10,-0.8766111886355551,-0.13760574001807074
11.039999999999809,0.8967045051512894,-1.5196708655808964e-10,-0.8766111886358168,-0.13760574001806775
11.049999999999809,0.8967045051510295,-1.517679465539124e-10,-0.8766111886360785,-0.13760574001806478
11.059999999999809,0.8967045051507698,-1.515690500739843e-10,-0.8766111886363398,-0.1376057400180618
11.069999999999808,0.8967045051505108,-1.5137040687305453e-10,-0.8766111886366006,-0.13760574001805878
11.079999999999808,0.896704505150252,-1.5117202614014334e-10,-0.8766111886368608,-0.13760574001805578
11.089999999999808,0.8967045051499936,-1.5097391446676824e-10,-0.8766111886371208,-0.1376057400180528
11.099999999999808,0.8967045051497354,-1.507760635945122e-10,-0.8766111886373807,-0.13760574001804984
11.109999999999808,0.8967045051494776,-1.50578463280322e-10,-0.8766111886376402,-0.13760574001804687
11.119999999999807,0.8967045051492202,-1.5038110791874222e-10,-0.8766111886378996,-0.1376057400180439
11.129999999999807,0.8967045051489629,-1.5018400394281928e-10,-0.8766111886381583,-0.13760574001804093
11.139999999999807,0.8967045051487061,-1.499871518590057e-10,-0.8766111886384168,-0.13760574001803796
11.149999999999807,0.8967045051484497,-1.4979056700426916e-10,-0.8766111886386754,-0.13760574001803502
11.159999999999807,0.8967045051481934,-1.4959421717468826e-10,-0.8766111886389333,-0.13760574001803208
11.169999999999806,0.8967045051479375,-1.4939812364433622e-10,-0.8766111886391907,-0.13760574001802914
11.179999999999806,0.896704505147682,-1.492022855644586e-10,-0.8766111886394478,-0.1376057400180262
11.189999999999806,0.8967045051474268,-1.49006699928551e-10,-0.876611188639705,-0.13760574001802323
11.199999999999806,0.896704505147172,-1.4881137493982566e-10,-0.8766111886399611,-0.13760574001802026
11.209999999999805,0.8967045051469177,-1.4861630924117886e-10,-0.8766111886402168,-0.1376057400180173
11.219999999999805,0.8967045051466637,-1.4842151530635556e-10,-0.8766111886404718,-0.13760574001801432
11.229999999999805,0.8967045051464099,-1.482269938728617e-10,-0.8766111886407272,-0.13760574001801137
11.239999999999805,0.8967045051461565,-1.4803272331202344e-10,-0.8766111886409825,-0.13760574001800846
11.249999999999805,0.8967045051459033,-1.4783870237676378e-10,-0.8766111886412374,-0.13760574001800557
11.259999999999804,0.8967045051456505,-1.476449319732093e-10,-0.8766111886414917,-0.13760574001800263
11.269999999999804,0.8967045051453979,-1.4745142109304764e-10,-0.8766111886417457,-0.13760574001799972
11.279999999999804,0.8967045051451459,-1.4725817167179913e-10,-0.8766111886419989,-0.13760574001799677
11.289999999999804,0.8967045051448941,-1.4706518154097916e-10,-0.8766111886422521,-0.13760574001799386
11.299999999999804,0.8967045051446426,-1.4687245056491184e-10,-0.8766111886425048,-0.13760574001799092
11.309999999999803,0.8967045051443915,-1.4667998437897763e-10,-0.8766111886427576,-0.13760574001798803
11.319999999999803,0.8967045051441407,-1.464877743844407e-10,-0.8766111886430098,-0.13760574001798512
11.329999999999803,0.8967045051438902,-1.4629581097248755e-10,-0.8766111886432617,-0.13760574001798223
11.339999999999803,0.8967045051436401,-1.4610411190432285e-10,-0.876611188643513,-0.13760574001797932
11.349999999999802,0.8967045051433902,-1.459126641242032e-10,-0.8766111886437647,-0.13760574001797646
11.359999999999802,0.8967045051431406,-1.457214611469143e-10,-0.8766111886440159,-0.1376057400179736
11.369999999999802,0.8967045051428914,-1.4553050745416517e-10,-0.8766111886442671,-0.13760574001797077
11.379999999999802,0.8967045051426424,-1.4533978902798788e-10,-0.8766111886445167,-0.13760574001796785
11.389999999999802,0.896704505142394,-1.4514933084153752e-10,-0.8766111886447667,-0.137605740017965
11.399999999999801,0.8967045051421458,-1.4495912033214747e-10,-0.8766111886450164,-0.13760574001796214
11.409999999999801,0.8967045051418979,-1.4476917112124136e-10,-0.8766111886452654,-0.13760574001795928
11.419999999999801,0.8967045051416503,-1.4457947988876408e-10,-0.8766111886455147,-0.13760574001795642
11.4299999999998,0.8967045051414031,-1.4439002666928438e-10,-0.8766111886457634,-0.1376057400179536
11.4399999999998,0.8967045051411562,-1.4420083219435916e-10,-0.8766111886460116,-0.13760574001795073
11.4499999999998,0.8967045051409096,-1.4401189098609038e-10,-0.8766111886462594,-0.13760574001794787
11.4599999999998,0.8967045051406634,-1.438232036078181e-10,-0.876611188646507,-0.137605740017945
11.4699999999998,0.8967045051404173,-1.436347706163855e-10,-0.8766111886467544,-0.13760574001794218
11.4799999999998,0.8967045051401717,-1.4344658137421076e-10,-0.876611188647001,-0.13760574001793935
11.4899999999998,0.8967045051399266,-1.4325864546441212e-10,-0.8766111886472474,-0.13760574001793652
11.4999999999998,0.8967045051396816,-1.4307097352133476e-10,-0.8766111886474941,-0.13760574001793374
11.509999999999799,0.896704505139437,-1.428835280980151e-10,-0.8766111886477401,-0.13760574001793097
11.519999999999799,0.8967045051391926,-1.4269632395540859e-10,-0.8766111886479858,-0.13760574001792816
11.529999999999799,0.8967045051389486,-1.4250937199030361e-10,-0.8766111886482313,-0.1376057400179254
11.539999999999798,0.8967045051387049,-1.423226502705081e-10,-0.8766111886484769,-0.13760574001792258
11.549999999999798,0.8967045051384617,-1.421361765956182e-10,-0.876611188648721,-0.13760574001791978
11.559999999999798,0.8967045051382185,-1.4194995000762316e-10,-0.8766111886489659,-0.13760574001791703
11.569999999999798,0.8967045051379757,-1.4176394181559582e-10,-0.8766111886492108,-0.13760574001791429
11.579999999999798,0.8967045051377333,-1.4157817209081388e-10,-0.8766111886494545,-0.1376057400179115
11.589999999999797,0.8967045051374911,-1.4139264401575065e-10,-0.876611188649698,-0.13760574001790873
11.599999999999797,0.8967045051372494,-1.4120735563524018e-10,-0.8766111886499413,-0.137605740017906
11.609999999999797,0.896704505137008,-1.410223103540737e-10,-0.8766111886501841,-0.1376057400179032
11.619999999999797,0.8967045051367667,-1.4083750913594163e-10,-0.8766111886504271,-0.1376057400179005
11.629999999999797,0.8967045051365261,-1.4065293808154479e-10,-0.8766111886506688,-0.1376057400178977
11.639999999999796,0.8967045051362855,-1.4046862803628897e-10,-0.8766111886509109,-0.13760574001789494
11.649999999999796,0.8967045051360454,-1.4028456381491992e-10,-0.8766111886511524,-0.1376057400178922
11.659999999999796,0.8967045051358054,-1.4010073586846355e-10,-0.876611188651394,-0.13760574001788944
11.669999999999796,0.8967045051355659,-1.3991714063836112e-10,-0.8766111886516348,-0.13760574001788667
11.679999999999795,0.8967045051353267,-1.3973379619543425e-10,-0.8766111886518754,-0.13760574001788395
11.689999999999795,0.8967045051350877,-1.395506872919542e-10,-0.8766111886521157,-0.13760574001788123
11.699999999999795,0.8967045051348491,-1.3936781592043224e-10,-0.8766111886523557,-0.1376057400178785
11.709999999999795,0.8967045051346108,-1.391851850451578e-10,-0.8766111886525956,-0.13760574001787582
11.719999999999795,0.8967045051343726,-1.3900279736100668e-10,-0.8766111886528348,-0.1376057400178731
11.729999999999794,0.8967045051341349,-1.3882065553667888e-10,-0.8766111886530735,-0.13760574001787038
11.739999999999794,0.8967045051338975,-1.386387553664973e-10,-0.8766111886533128,-0.13760574001786763
11.749999999999794,0.8967045051336605,-1.3845709074678542e-10,-0.8766111886535504,-0.13760574001786488
11.759999999999794,0.8967045051334236,-1.382756870183966e-10,-0.8766111886537888,-0.13760574001786222
11.769999999999794,0.8967045051331872,-1.3809451314074646e-10,-0.8766111886540264,-0.13760574001785952
11.779999999999793,0.896704505132951,-1.3791357749973986e-10,-0.8766111886542647,-0.13760574001785686
11.789999999999793,0.8967045051327153,-1.3773286468528357e-10,-0.8766111886545013,-0.13760574001785414
11.799999999999793,0.8967045051324797,-1.3755239605241491e-10,-0.8766111886547385,-0.13760574001785147
11.809999999999793,0.8967045051322444,-1.3737215921179507e-10,-0.8766111886549752,-0.1376057400178488
11.819999999999792,0.8967045051320096,-1.3719215644246209e-10,-0.8766111886552115,-0.13760574001784612
11.829999999999792,0.896704505131775,-1.3701239138515144e-10,-0.8766111886554472,-0.13760574001784345
11.839999999999792,0.8967045051315405,-1.3683286065774066e-10,-0.8766111886556834,-0.13760574001784082
11.849999999999792,0.8967045051313065,-1.366535554730043e-10,-0.876611188655919,-0.13760574001783818
11.859999999999792,0.8967045051310729,-1.3647447446616263e-10,-0.8766111886561537,-0.1376057400178355
11.869999999999791,0.8967045051308394,-1.3629563858669422e-10,-0.8766111886563888,-0.13760574001783285
11.879999999999791,0.8967045051306063,-1.3611703365901095e-10,-0.8766111886566232,-0.13760574001783016
11.889999999999791,0.8967045051303736,-1.359386635060188e-10,-0.8766111886568572,-0.13760574001782747
11.89999999999979,0.8967045051301411,-1.357605358843126e-10,-0.876611188657091,-0.13760574001782483
11.90999999999979,0.896704505129909,-1.355826337496345e-10,-0.8766111886573246,-0.1376057400178222
11.91999999999979,0.8967045051296771,-1.354049556654377e-10,-0.8766111886575574,-0.13760574001781953
11.92999999999979,0.8967045051294456,-1.3522753070132903e-10,-0.8766111886577904,-0.13760574001781692
11.93999999999979,0.8967045051292144,-1.3505033806528912e-10,-0.8766111886580229,-0.13760574001781425
11.94999999999979,0.8967045051289835,-1.3487337524185682e-10,-0.8766111886582549,-0.13760574001781165
11.95999999999979,0.8967045051287529,-1.3469664522851563e-10,-0.8766111886584874,-0.13760574001780904
11.96999999999979,0.8967045051285224,-1.345201275626193e-10,-0.8766111886587196,-0.13760574001780648
11.979999999999789,0.8967045051282925,-1.34343833478481e-10,-0.8766111886589506,-0.13760574001780385
11.989999999999789,0.8967045051280627,-1.3416777850887907e-10,-0.8766111886591816,-0.1376057400178012
11.999999999999789,0.8967045051278333,-1.339919616714657e-10,-0.8766111886594126,-0.13760574001779863
12.009999999999788,0.896704505127604,-1.3381636588224424e-10,-0.8766111886596437,-0.13760574001779605
12.019999999999788,0.896704505127375,-1.336409876575599e-10,-0.8766111886598739,-0.13760574001779347
12.029999999999788,0.8967045051271465,-1.3346583410855494e-10,-0.8766111886601036,-0.13760574001779086
12.039999999999788,0.8967045051269182,-1.332909168652004e-10,-0.8766111886603334,-0.13760574001778822
12.049999999999788,0.8967045051266902,-1.3311623153842797e-10,-0.8766111886605629,-0.13760574001778564
12.059999999999787,0.8967045051264626,-1.3294176785765353e-10,-0.8766111886607916,-0.13760574001778306
12.069999999999787,0.8967045051262352,-1.3276754416728523e-10,-0.8766111886610205,-0.13760574001778048
12.079999999999787,0.8967045051260082,-1.325935366895599e-10,-0.8766111886612487,-0.13760574001777787
12.089999999999787,0.8967045051257814,-1.324197615522874e-10,-0.8766111886614768,-0.13760574001777526
12.099999999999786,0.896704505125555,-1.3224621974759664e-10,-0.8766111886617046,-0.13760574001777268
12.109999999999786,0.896704505125329,-1.3207291036057646e-10,-0.8766111886619314,-0.13760574001777007
12.119999999999786,0.896704505125103,-1.3189983865574666e-10,-0.8766111886621594,-0.13760574001776754
12.129999999999786,0.8967045051248774,-1.3172697153678085e-10,-0.8766111886623862,-0.13760574001776493
12.139999999999786,0.8967045051246522,-1.3155434075611207e-10,-0.8766111886626125,-0.13760574001776238
12.149999999999785,0.8967045051244271,-1.3138193407365382e-10,-0.8766111886628395,-0.13760574001775985
12.159999999999785,0.8967045051242024,-1.3120974158069292e-10,-0.8766111886630651,-0.13760574001775727
12.169999999999785,0.896704505123978,-1.310377847129219e-10,-0.8766111886632905,-0.1376057400177547
12.179999999999785,0.8967045051237539,-1.3086606396070133e-10,-0.8766111886635162,-0.1376057400177521
12.189999999999785,0.89670450512353,-1.3069456965173967e-10,-0.8766111886637413,-0.13760574001774958
12.199999999999784,0.8967045051233065,-1.3052330437177364e-10,-0.8766111886639659,-0.137605740017747
12.209999999999784,0.8967045051230834,-1.3035226741514498e-10,-0.87661118866419,-0.13760574001774445
12.219999999999784,0.8967045051228603,-1.301814794624914e-10,-0.876611188664414,-0.13760574001774192
12.229999999999784,0.8967045051226377,-1.3001090566315586e-10,-0.8766111886646378,-0.13760574001773937
12.239999999999783,0.8967045051224154,-1.298405717714341e-10,-0.876611188664861,-0.13760574001773682
12.249999999999783,0.8967045051221934,-1.2967046891354084e-10,-0.8766111886650845,-0.13760574001773426
12.259999999999783,0.8967045051219718,-1.2950059059270258e-10,-0.8766111886653067,-0.1376057400177317
12.269999999999783,0.8967045051217502,-1.293309445201508e-10,-0.8766111886655299,-0.1376057400177292
12.279999999999783,0.8967045051215291,-1.2916151104838696e-10,-0.8766111886657522,-0.13760574001772669
12.289999999999782,0.8967045051213082,-1.2899229866082157e-10,-0.8766111886659742,-0.1376057400177242
12.299999999999782,0.8967045051210875,-1.2882331368907404e-10,-0.8766111886661961,-0.1376057400177217
12.309999999999782,0.8967045051208673,-1.2865453474326188e-10,-0.8766111886664179,-0.13760574001771916
12.319999999999782,0.8967045051206471,-1.2848598273179972e-10,-0.876611188666639,-0.1376057400177167
12.329999999999782,0.8967045051204274,-1.2831765455404292e-10,-0.8766111886668602,-0.13760574001771417
12.339999999999781,0.8967045051202079,-1.2814954294939815e-10,-0.8766111886670807,-0.1376057400177117
12.349999999999781,0.8967045051199889,-1.2798165021865606e-10,-0.8766111886673009,-0.13760574001770923
12.359999999999781,0.89670450511977,-1.2781397285496144e-10,-0.8766111886675213,-0.13760574001770676
12.36999999999978,0.8967045051195512,-1.2764650913913272e-10,-0.8766111886677415,-0.1376057400177043
12.37999999999978,0.8967045051193331,-1.274792697666392e-10,-0.8766111886679606,-0.1376057400177018
12.38999999999978,0.8967045051191151,-1.2731225354731623e-10,-0.8766111886681797,-0.13760574001769932
12.39999999999978,0.8967045051188973,-1.271454574109605e-10,-0.8766111886683987,-0.13760574001769685
12.40999999999978,0.8967045051186799,-1.2697887549768233e-10,-0.8766111886686172,-0.1376057400176944
12.41999999999978,0.8967045051184627,-1.2681250590116878e-10,-0.876611188668836,-0.137605740017692
12.42999999999978,0.896704505118246,-1.2664634229782945e-10,-0.8766111886690539,-0.13760574001768952
12.43999999999978,0.8967045051180295,-1.2648040742953224e-10,-0.8766111886692716,-0.13760574001768705
12.449999999999779,0.8967045051178132,-1.2631469065171434e-10,-0.8766111886694892,-0.13760574001768464
12.459999999999779,0.896704505117597,-1.261491893289532e-10,-0.8766111886697068,-0.13760574001768222
12.469999999999779,0.8967045051173812,-1.25983885908432e-10,-0.876611188669924,-0.13760574001767978
12.479999999999778,0.8967045051171658,-1.258187918379172e-10,-0.8766111886701405,-0.13760574001767734
12.489999999999778,0.8967045051169505,-1.256539268670297e-10,-0.876611188670357,-0.13760574001767495
12.499999999999778,0.8967045051167356,-1.254892622241284e-10,-0.8766111886705734,-0.1376057400176725
12.509999999999778,0.8967045051165209,-1.2532480416984662e-10,-0.8766111886707898,-0.13760574001767012
12.519999999999778,0.8967045051163065,-1.251605505611515e-10,-0.8766111886710054,-0.1376057400176677
12.529999999999777,0.8967045051160926,-1.2499651929737365e-10,-0.8766111886712205,-0.13760574001766523
12.539999999999777,0.8967045051158787,-1.2483271157134553e-10,-0.8766111886714355,-0.13760574001766282
12.549999999999777,0.8967045051156652,-1.2466910923661312e-10,-0.8766111886716502,-0.13760574001766043
12.559999999999777,0.8967045051154521,-1.245057218355599e-10,-0.8766111886718644,-0.13760574001765796
12.569999999999776,0.8967045051152392,-1.2434256004339675e-10,-0.8766111886720784,-0.13760574001765555
12.579999999999776,0.8967045051150265,-1.2417961617672842e-10,-0.8766111886722927,-0.1376057400176532
12.589999999999776,0.8967045051148143,-1.2401687329270088e-10,-0.8766111886725061,-0.13760574001765077
12.599999999999776,0.8967045051146021,-1.2385434306945228e-10,-0.87661118867272,-0.13760574001764841
12.609999999999776,0.8967045051143903,-1.2369201546632056e-10,-0.8766111886729331,-0.13760574001764603
12.619999999999775,0.8967045051141788,-1.2352989171240807e-10,-0.8766111886731465,-0.13760574001764364
12.629999999999775,0.8967045051139674,-1.2336797879117894e-10,-0.8766111886733587,-0.13760574001764128
12.639999999999775,0.8967045051137563,-1.2320627794747728e-10,-0.8766111886735714,-0.1376057400176389
12.649999999999775,0.8967045051135457,-1.230447896960652e-10,-0.8766111886737832,-0.1376057400176365
12.659999999999775,0.8967045051133352,-1.2288351221003693e-10,-0.8766111886739946,-0.13760574001763412
12.669999999999774,0.896704505113125,-1.2272245713737418e-10,-0.8766111886742058,-0.1376057400176317
12.679999999999774,0.896704505112915,-1.225616167631739e-10,-0.8766111886744172,-0.13760574001762935
12.689999999999774,0.8967045051127054,-1.22400985954464e-10,-0.8766111886746278,-0.13760574001762696
12.699999999999774,0.896704505112496,-1.2224057897418766e-10,-0.876611188674838,-0.13760574001762457
12.709999999999773,0.896704505112287,-1.2208038758089291e-10,-0.8766111886750481,-0.13760574001762219
12.719999999999773,0.8967045051120783,-1.219204238757479e-10,-0.8766111886752576,-0.1376057400176198
12.729999999999773,0.89670450511187,-1.2176068556618807e-10,-0.8766111886754664,-0.13760574001761738
12.739999999999773,0.8967045051116619,-1.2160116731986268e-10,-0.876611188675676,-0.13760574001761505
12.749999999999773,0.8967045051114537,-1.2144185217762492e-10,-0.876611188675886,-0.13760574001761278
12.759999999999772,0.896704505111246,-1.2128273167112916e-10,-0.8766111886760946,-0.13760574001761042
12.769999999999772,0.8967045051110386,-1.2112382357321348e-10,-0.8766111886763034,-0.13760574001760809
12.779999999999772,0.8967045051108314,-1.2096511249922309e-10,-0.8766111886765118,-0.13760574001760573
12.789999999999772,0.8967045051106246,-1.2080661580611213e-10,-0.8766111886767198,-0.13760574001760342
12.799999999999772,0.8967045051104179,-1.2064832136163077e-10,-0.8766111886769274,-0.13760574001760112
12.809999999999771,0.8967045051102116,-1.2049023984546617e-10,-0.8766111886771348,-0.13760574001759876
12.819999999999771,0.8967045051100054,-1.2033236616310176e-10,-0.8766111886773424,-0.13760574001759648
12.829999999999771,0.8967045051097996,-1.2017469101422317e-10,-0.8766111886775496,-0.13760574001759415
12.83999999999977,0.8967045051095941,-1.2001721430011146e-10,-0.8766111886777562,-0.13760574001759182
12.84999999999977,0.8967045051093887,-1.198599422972876e-10,-0.8766111886779627,-0.13760574001758955
12.85999999999977,0.8967045051091838,-1.1970287883115949e-10,-0.8766111886781687,-0.13760574001758716
12.86999999999977,0.8967045051089791,-1.1954602780549776e-10,-0.8766111886783743,-0.13760574001758485
12.87999999999977,0.8967045051087746,-1.1938938864894405e-10,-0.87661118867858,-0.13760574001758255
12.88999999999977,0.8967045051085705,-1.1923296039901317e-10,-0.8766111886787852,-0.13760574001758025
12.89999999999977,0.8967045051083665,-1.1907673624842854e-10,-0.8766111886789899,-0.13760574001757794
12.90999999999977,0.8967045051081628,-1.1892071946088518e-10,-0.8766111886791947,-0.13760574001757564
12.919999999999769,0.8967045051079594,-1.1876491718169252e-10,-0.876611188679399,-0.13760574001757336
12.929999999999769,0.8967045051077562,-1.186093227598837e-10,-0.8766111886796033,-0.13760574001757106
12.939999999999769,0.8967045051075534,-1.184539265394697e-10,-0.8766111886798075,-0.1376057400175688
12.949999999999768,0.8967045051073508,-1.1829873257495906e-10,-0.8766111886800112,-0.13760574001756654
12.959999999999768,0.8967045051071484,-1.1814373866360385e-10,-0.8766111886802148,-0.1376057400175643
12.969999999999768,0.8967045051069463,-1.1798894461548445e-10,-0.876611188680418,-0.137605740017562
12.979999999999768,0.8967045051067446,-1.1783434442025166e-10,-0.8766111886806206,-0.1376057400175597
12.989999999999768,0.8967045051065431,-1.176799582723507e-10,-0.8766111886808232,-0.13760574001755746
12.999999999999767,0.8967045051063417,-1.1752577922328301e-10,-0.8766111886810259,-0.13760574001755518
13.009999999999767,0.8967045051061406,-1.1737178810307071e-10,-0.8766111886812283,-0.13760574001755296
13.019999999999767,0.8967045051059398,-1.1721799430300544e-10,-0.87661118868143,-0.13760574001755066
13.029999999999767,0.8967045051057394,-1.1706440678932209e-10,-0.8766111886816312,-0.13760574001754838
13.039999999999766,0.8967045051055392,-1.1691102581211112e-10,-0.8766111886818323,-0.1376057400175461
13.049999999999766,0.8967045051053394,-1.1675786422037048e-10,-0.8766111886820334,-0.13760574001754386
13.059999999999766,0.8967045051051398,-1.1660490066915957e-10,-0.8766111886822338,-0.1376057400175416
13.069999999999766,0.8967045051049404,-1.16452140632272e-10,-0.8766111886824347,-0.13760574001753936
13.079999999999766,0.8967045051047412,-1.1629956639054119e-10,-0.8766111886826353,-0.13760574001753714
13.089999999999765,0.8967045051045424,-1.1614718630193572e-10,-0.8766111886828354,-0.1376057400175349
13.099999999999765,0.8967045051043436,-1.1599499663866386e-10,-0.8766111886830354,-0.1376057400175327
13.109999999999765,0.8967045051041451,-1.1584298650056745e-10,-0.8766111886832356,-0.1376057400175305
13.119999999999765,0.8967045051039471,-1.1569116303765579e-10,-0.8766111886834348,-0.13760574001752826
13.129999999999765,0.8967045051037491,-1.1553953858864153e-10,-0.8766111886836336,-0.137605740017526
13.139999999999764,0.8967045051035515,-1.1538811795543583e-10,-0.8766111886838328,-0.13760574001752382
13.149999999999764,0.8967045051033542,-1.1523688066616683e-10,-0.8766111886840312,-0.13760574001752163
13.159999999999764,0.8967045051031571,-1.1508584770797569e-10,-0.876611188684229,-0.13760574001751935
13.169999999999764,0.8967045051029602,-1.149350393149599e-10,-0.8766111886844272,-0.13760574001751716
13.179999999999763,0.8967045051027637,-1.1478442356498337e-10,-0.8766111886846246,-0.13760574001751494
13.189999999999763,0.8967045051025674,-1.1463401595573023e-10,-0.8766111886848218,-0.13760574001751275
13.199999999999763,0.8967045051023712,-1.1448379547865273e-10,-0.8766111886850194,-0.13760574001751055
13.209999999999763,0.8967045051021755,-1.1433376433860196e-10,-0.8766111886852161,-0.13760574001750833
13.219999999999763,0.8967045051019799,-1.1418393969554171e-10,-0.8766111886854132,-0.13760574001750617
13.229999999999762,0.8967045051017847,-1.1403430152083283e-10,-0.8766111886856092,-0.13760574001750395
13.239999999999762,0.8967045051015895,-1.1388487089771117e-10,-0.8766111886858053,-0.13760574001750178
13.249999999999762,0.8967045051013947,-1.1373563175897505e-10,-0.8766111886860012,-0.13760574001749962
13.259999999999762,0.8967045051012003,-1.1358658550943525e-10,-0.8766111886861968,-0.13760574001749737
13.269999999999762,0.8967045051010059,-1.1343774519695303e-10,-0.8766111886863921,-0.13760574001749523
13.279999999999761,0.8967045051008118,-1.1328909314057442e-10,-0.8766111886865873,-0.137605740017493
13.289999999999761,0.896704505100618,-1.1314065211804243e-10,-0.8766111886867819,-0.13760574001749082
13.299999999999761,0.8967045051004244,-1.1299240839904498e-10,-0.8766111886869767,-0.13760574001748865
13.30999999999976,0.896704505100231,-1.1284435667854236e-10,-0.876611188687171,-0.1376057400174865
13.31999999999976,0.896704505100038,-1.1269650272600512e-10,-0.876611188687365,-0.1376057400174843
13.32999999999976,0.8967045050998453,-1.1254885598901502e-10,-0.8766111886875583,-0.1376057400174821
13.33999999999976,0.8967045050996528,-1.124014083194719e-10,-0.8766111886877518,-0.1376057400174799
13.34999999999976,0.8967045050994606,-1.1225415874454104e-10,-0.8766111886879449,-0.13760574001747775
13.35999999999976,0.8967045050992686,-1.1210710484815137e-10,-0.8766111886881379,-0.13760574001747555
13.36999999999976,0.8967045050990768,-1.1196024465634453e-10,-0.8766111886883303,-0.1376057400174734
13.37999999999976,0.8967045050988856,-1.1181359514002617e-10,-0.8766111886885224,-0.13760574001747122
13.389999999999759,0.8967045050986943,-1.1166714026383851e-10,-0.876611188688715,-0.1376057400174691
13.399999999999759,0.8967045050985033,-1.1152086227132991e-10,-0.8766111886889069,-0.13760574001746695
13.409999999999759,0.8967045050983126,-1.1137477573409239e-10,-0.876611188689099,-0.13760574001746487
13.419999999999758,0.896704505098122,-1.1122886699224601e-10,-0.8766111886892902,-0.13760574001746273
13.429999999999758,0.8967045050979319,-1.1108315092864873e-10,-0.8766111886894817,-0.13760574001746062
13.439999999999758,0.8967045050977418,-1.1093762904245699e-10,-0.8766111886896726,-0.1376057400174585
13.449999999999758,0.8967045050975522,-1.107922888899252e-10,-0.8766111886898633,-0.1376057400174564
13.459999999999757,0.8967045050973627,-1.1064713788985429e-10,-0.8766111886900539,-0.1376057400174543
13.469999999999757,0.8967045050971734,-1.105021768080903e-10,-0.8766111886902446,-0.1376057400174522
13.479999999999757,0.8967045050969843,-1.1035739241157175e-10,-0.876611188690435,-0.1376057400174501
13.489999999999757,0.8967045050967954,-1.1021278433034042e-10,-0.8766111886906249,-0.13760574001744802
13.499999999999757,0.8967045050966069,-1.1006836107491301e-10,-0.8766111886908149,-0.13760574001744597
13.509999999999756,0.8967045050964186,-1.0992411436240548e-10,-0.8766111886910035,-0.13760574001744383
13.519999999999756,0.8967045050962306,-1.0978007501008026e-10,-0.8766111886911927,-0.13760574001744175
13.529999999999756,0.8967045050960428,-1.0963622682631174e-10,-0.8766111886913818,-0.13760574001743964
13.539999999999756,0.8967045050958552,-1.094925585836144e-10,-0.8766111886915702,-0.13760574001743756
13.549999999999756,0.8967045050956678,-1.0934907985271932e-10,-0.8766111886917588,-0.13760574001743547
13.559999999999755,0.8967045050954808,-1.0920579144373809e-10,-0.8766111886919471,-0.1376057400174334
13.569999999999755,0.896704505095294,-1.0906268186420099e-10,-0.8766111886921345,-0.13760574001743126
13.579999999999755,0.8967045050951075,-1.0891977519153482e-10,-0.8766111886923217,-0.13760574001742915
13.589999999999755,0.8967045050949213,-1.0877707624270656e-10,-0.8766111886925088,-0.13760574001742706
13.599999999999755,0.8967045050947353,-1.0863455916355825e-10,-0.8766111886926959,-0.13760574001742498
13.609999999999754,0.8967045050945495,-1.0849222410720099e-10,-0.8766111886928831,-0.13760574001742293
13.619999999999754,0.896704505094364,-1.0835005954365126e-10,-0.8766111886930698,-0.13760574001742082
13.629999999999754,0.8967045050941786,-1.0820808456631124e-10,-0.8766111886932557,-0.13760574001741877
13.639999999999754,0.8967045050939936,-1.0806630731439268e-10,-0.8766111886934421,-0.13760574001741668
13.649999999999753,0.8967045050938088,-1.0792470715996687e-10,-0.8766111886936279,-0.1376057400174146
13.659999999999753,0.8967045050936243,-1.0778329479445933e-10,-0.8766111886938134,-0.13760574001741258
13.669999999999753,0.8967045050934399,-1.0764205802685523e-10,-0.8766111886939993,-0.13760574001741052
13.679999999999753,0.8967045050932558,-1.0750099437677903e-10,-0.8766111886941843,-0.13760574001740852
13.689999999999753,0.8967045050930719,-1.0736011230436503e-10,-0.8766111886943696,-0.13760574001740647
13.699999999999752,0.8967045050928882,-1.0721940437045181e-10,-0.8766111886945541,-0.13760574001740444
13.709999999999752,0.8967045050927047,-1.0707888481083052e-10,-0.8766111886947391,-0.13760574001740242
13.719999999999752,0.8967045050925215,-1.0693853965300097e-10,-0.8766111886949232,-0.13760574001740036
13.729999999999752,0.8967045050923386,-1.0679838940675334e-10,-0.8766111886951073,-0.13760574001739836
13.739999999999752,0.8967045050921559,-1.0665841286074925e-10,-0.8766111886952913,-0.1376057400173963
13.749999999999751,0.8967045050919736,-1.0651861974597434e-10,-0.876611188695474,-0.13760574001739426
13.759999999999751,0.8967045050917914,-1.0637902518327306e-10,-0.8766111886956572,-0.13760574001739223
13.76999999999975,0.8967045050916095,-1.0623961492438519e-10,-0.8766111886958402,-0.13760574001739018
13.77999999999975,0.8967045050914277,-1.0610038677804879e-10,-0.8766111886960231,-0.13760574001738818
13.78999999999975,0.8967045050912462,-1.05961336429848e-10,-0.8766111886962058,-0.13760574001738615
13.79999999999975,0.8967045050910649,-1.0582246485767487e-10,-0.8766111886963879,-0.13760574001738415
13.80999999999975,0.896704505090884,-1.0568377755042634e-10,-0.8766111886965698,-0.1376057400173821
13.81999999999975,0.8967045050907032,-1.0554528671771633e-10,-0.8766111886967515,-0.13760574001738007
13.82999999999975,0.8967045050905226,-1.05406977782779e-10,-0.8766111886969331,-0.13760574001737808
13.83999999999975,0.8967045050903423,-1.0526885142666615e-10,-0.8766111886971145,-0.13760574001737605
13.84999999999975,0.8967045050901621,-1.0513091173902905e-10,-0.8766111886972956,-0.13760574001737405
13.859999999999749,0.8967045050899823,-1.0499313712911695e-10,-0.8766111886974765,-0.13760574001737205
13.869999999999749,0.8967045050898027,-1.0485556237199805e-10,-0.8766111886976568,-0.13760574001737
13.879999999999749,0.8967045050896235,-1.0471817097845824e-10,-0.8766111886978366,-0.13760574001736797
13.889999999999748,0.8967045050894444,-1.0458097582561333e-10,-0.8766111886980165,-0.13760574001736592
13.899999999999748,0.8967045050892656,-1.0444397447554529e-10,-0.8766111886981962,-0.13760574001736395
13.909999999999748,0.8967045050890868,-1.0430714027405646e-10,-0.8766111886983761,-0.13760574001736198
13.919999999999748,0.8967045050889084,-1.0417048019965229e-10,-0.8766111886985555,-0.13760574001735998
13.929999999999747,0.8967045050887301,-1.0403401187694772e-10,-0.8766111886987344,-0.13760574001735804
13.939999999999747,0.8967045050885523,-1.0389771331520116e-10,-0.8766111886989132,-0.137605740017356
13.949999999999747,0.8967045050883746,-1.0376159805797782e-10,-0.876611188699092,-0.13760574001735404
13.959999999999747,0.896704505088197,-1.036256584024802e-10,-0.8766111886992703,-0.13760574001735207
13.969999999999747,0.8967045050880198,-1.0348989801753332e-10,-0.8766111886994485,-0.1376057400173501
13.979999999999746,0.8967045050878428,-1.0335431907358958e-10,-0.8766111886996265,-0.13760574001734813
13.989999999999746,0.896704505087666,-1.0321891485433397e-10,-0.876611188699804,-0.13760574001734618
13.999999999999746,0.8967045050874894,-1.0308368196172926e-10,-0.8766111886999818,-0.1376057400173442
14.009999999999746,0.896704505087313,-1.0294862867210065e-10,-0.876611188700159,-0.13760574001734224
14.019999999999746,0.8967045050871371,-1.028137481780814e-10,-0.8766111887003358,-0.1376057400173403
14.029999999999745,0.8967045050869612,-1.0267905307677747e-10,-0.8766111887005128,-0.13760574001733836
14.039999999999745,0.8967045050867856,-1.0254452888957896e-10,-0.8766111887006892,-0.13760574001733641
14.049999999999745,0.8967045050866101,-1.0241017205009121e-10,-0.8766111887008659,-0.1376057400173345
14.059999999999745,0.8967045050864348,-1.0227599391994316e-10,-0.8766111887010419,-0.13760574001733258
14.069999999999744,0.8967045050862599,-1.0214197900353496e-10,-0.876611188701218,-0.1376057400173306
14.079999999999744,0.8967045050860852,-1.0200813563644403e-10,-0.8766111887013937,-0.1376057400173287
14.089999999999744,0.8967045050859106,-1.0187447204559129e-10,-0.8766111887015693,-0.13760574001732676
14.099999999999744,0.8967045050857362,-1.0174098134381701e-10,-0.8766111887017449,-0.13760574001732484
14.109999999999744,0.8967045050855621,-1.016076681264758e-10,-0.87661118870192,-0.1376057400173229
14.119999999999743,0.8967045050853882,-1.0147452363184229e-10,-0.8766111887020946,-0.13760574001732095
14.129999999999743,0.8967045050852146,-1.0134155462581874e-10,-0.876611188702269,-0.137605740017319
14.139999999999743,0.8967045050850413,-1.012087718008468e-10,-0.8766111887024427,-0.137605740017317
14.149999999999743,0.8967045050848682,-1.0107618218582578e-10,-0.8766111887026166,-0.13760574001731504
14.159999999999743,0.8967045050846953,-1.0094377787808252e-10,-0.8766111887027899,-0.1376057400173131
14.169999999999742,0.8967045050845227,-1.0081156160577538e-10,-0.8766111887029634,-0.13760574001731116
14.179999999999742,0.8967045050843504,-1.0067950826668193e-10,-0.8766111887031367,-0.1376057400173092
14.189999999999742,0.8967045050841781,-1.0054762955549402e-10,-0.8766111887033102,-0.13760574001730733
14.199999999999742,0.8967045050840061,-1.0041591045258202e-10,-0.8766111887034832,-0.13760574001730538
14.209999999999742,0.8967045050838345,-1.002843746162555e-10,-0.8766111887036554,-0.13760574001730344
14.219999999999741,0.896704505083663,-1.0015301626658586e-10,-0.876611188703828,-0.13760574001730158
14.229999999999741,0.8967045050834918,-1.0002181880337738e-10,-0.8766111887040002,-0.13760574001729967
14.23999999999974,0.8967045050833206,-9.989077724524403e-11,-0.8766111887041725,-0.1376057400172978
14.24999999999974,0.8967045050831498,-9.975990337923548e-11,-0.8766111887043442,-0.1376057400172959
14.25999999999974,0.896704505082979,-9.962919796459774e-11,-0.8766111887045162,-0.13760574001729403
14.26999999999974,0.8967045050828086,-9.949865816303778e-11,-0.8766111887046873,-0.13760574001729214
14.27999999999974,0.8967045050826383,-9.936829126761414e-11,-0.8766111887048589,-0.13760574001729026
14.28999999999974,0.8967045050824681,-9.923807352529905e-11,-0.8766111887050304,-0.13760574001728842
14.29999999999974,0.8967045050822984,-9.910801741458416e-11,-0.8766111887052007,-0.13760574001728648
14.30999999999974,0.8967045050821287,-9.897814768565315e-11,-0.876611188705371,-0.13760574001728457
14.31999999999974,0.8967045050819595,-9.884845847972728e-11,-0.8766111887055411,-0.13760574001728268
14.329999999999739,0.8967045050817903,-9.871893788888943e-11,-0.8766111887057109,-0.13760574001728076
14.339999999999739,0.8967045050816217,-9.858961522619926e-11,-0.87661118870588,-0.13760574001727882
14.349999999999739,0.8967045050814529,-9.846047759792346e-11,-0.8766111887060495,-0.137605740017277
14.359999999999738,0.8967045050812846,-9.833149921400331e-11,-0.8766111887062187,-0.1376057400172751
14.369999999999738,0.8967045050811163,-9.820268545605255e-11,-0.8766111887063882,-0.13760574001727324
14.379999999999738,0.8967045050809485,-9.807403818870273e-11,-0.8766111887065565,-0.13760574001727133
14.389999999999738,0.8967045050807808,-9.794557588735019e-11,-0.876611188706725,-0.1376057400172695
14.399999999999737,0.8967045050806132,-9.781727694118632e-11,-0.8766111887068938,-0.13760574001726764
14.409999999999737,0.8967045050804459,-9.76891328325907e-11,-0.876611188707062,-0.13760574001726578
14.419999999999737,0.8967045050802788,-9.756115565044684e-11,-0.87661118870723,-0.13760574001726397
14.429999999999737,0.8967045050801118,-9.743333430551265e-11,-0.8766111887073982,-0.13760574001726208
14.439999999999737,0.8967045050799453,-9.730568865448547e-11,-0.8766111887075654,-0.13760574001726025
14.449999999999736,0.8967045050797788,-9.71782142666479e-11,-0.8766111887077326,-0.1376057400172584
14.459999999999736,0.8967045050796126,-9.705089341488821e-11,-0.8766111887079,-0.13760574001725656
14.469999999999736,0.8967045050794467,-9.692374927145864e-11,-0.8766111887080668,-0.1376057400172547
14.479999999999736,0.8967045050792808,-9.67967695386606e-11,-0.8766111887082333,-0.13760574001725287
14.489999999999736,0.8967045050791151,-9.666995169504235e-11,-0.8766111887084,-0.13760574001725104
14.499999999999735,0.8967045050789496,-9.654329734229982e-11,-0.8766111887085664,-0.13760574001724923
14.509999999999735,0.8967045050787845,-9.641681026687306e-11,-0.8766111887087321,-0.13760574001724737
14.519999999999735,0.8967045050786195,-9.629049555215167e-11,-0.8766111887088982,-0.13760574001724554
14.529999999999735,0.8967045050784549,-9.616433525153544e-11,-0.8766111887090636,-0.13760574001724374
14.539999999999734,0.8967045050782904,-9.603835052424518e-11,-0.8766111887092292,-0.1376057400172419
14.549999999999734,0.896704505078126,-9.591253216302914e-11,-0.876611188709394,-0.13760574001724005
14.559999999999734,0.8967045050779621,-9.578688203474967e-11,-0.8766111887095586,-0.13760574001723822
14.569999999999734,0.8967045050777983,-9.566140507212034e-11,-0.876611188709723,-0.13760574001723638
14.579999999999734,0.8967045050776349,-9.553611061893764e-11,-0.876611188709887,-0.13760574001723455
14.589999999999733,0.8967045050774715,-9.541099113118396e-11,-0.8766111887100514,-0.13760574001723277
14.599999999999733,0.8967045050773083,-9.528601717055931e-11,-0.8766111887102157,-0.13760574001723103
14.609999999999733,0.8967045050771452,-9.516119428986339e-11,-0.8766111887103799,-0.13760574001722925
14.619999999999733,0.8967045050769824,-9.503652699474541e-11,-0.8766111887105434,-0.13760574001722745
14.629999999999733,0.89670450507682,-9.49120224646885e-11,-0.8766111887107065,-0.13760574001722561
14.639999999999732,0.8967045050766576,-9.47876924658593e-11,-0.87661118871087,-0.13760574001722384
14.649999999999732,0.8967045050764954,-9.466350921365928e-11,-0.8766111887110332,-0.1376057400172221
14.659999999999732,0.8967045050763334,-9.453949087948798e-11,-0.876611188711196,-0.13760574001722034
14.669999999999732,0.8967045050761717,-9.441561762622067e-11,-0.8766111887113588,-0.13760574001721854
14.679999999999731,0.8967045050760102,-9.429190491937826e-11,-0.876611188711521,-0.13760574001721676
14.689999999999731,0.8967045050758489,-9.416836223709826e-11,-0.8766111887116833,-0.13760574001721498
14.699999999999731,0.8967045050756879,-9.404497975362469e-11,-0.8766111887118454,-0.13760574001721326
14.70999999999973,0.896704505075527,-9.392174918266264e-11,-0.8766111887120068,-0.1376057400172115
14.71999999999973,0.8967045050753663,-9.37986833453867e-11,-0.8766111887121688,-0.1376057400172097
14.72999999999973,0.8967045050752057,-9.367577082962619e-11,-0.8766111887123308,-0.13760574001720796
14.73999999999973,0.8967045050750454,-9.355299532423508e-11,-0.8766111887124918,-0.13760574001720619
14.74999999999973,0.8967045050748856,-9.34304020564156e-11,-0.8766111887126522,-0.1376057400172044
14.75999999999973,0.8967045050747259,-9.330797056726217e-11,-0.8766111887128128,-0.13760574001720263
14.76999999999973,0.8967045050745662,-9.318571396964331e-11,-0.8766111887129732,-0.13760574001720088
14.77999999999973,0.8967045050744068,-9.306359375465781e-11,-0.8766111887131338,-0.13760574001719916
14.78999999999973,0.8967045050742476,-9.294163447884822e-11,-0.8766111887132941,-0.13760574001719744
14.799999999999729,0.8967045050740887,-9.281983234619033e-11,-0.8766111887134539,-0.1376057400171957
14.809999999999729,0.8967045050739301,-9.26981751063127e-11,-0.876611188713614,-0.13760574001719397
14.819999999999729,0.8967045050737714,-9.257667295014965e-11,-0.8766111887137736,-0.13760574001719225
14.829999999999728,0.896704505073613,-9.245531455779481e-11,-0.8766111887139333,-0.13760574001719056
14.839999999999728,0.8967045050734548,-9.233410447282246e-11,-0.8766111887140925,-0.1376057400171888
14.849999999999728,0.8967045050732969,-9.221305412140428e-11,-0.8766111887142513,-0.1376057400171871
14.859999999999728,0.8967045050731393,-9.209217268888027e-11,-0.8766111887144098,-0.13760574001718537
14.869999999999727,0.8967045050729816,-9.197144316504956e-11,-0.8766111887145684,-0.13760574001718365
14.879999999999727,0.8967045050728243,-9.185086858449057e-11,-0.876611188714727,-0.1376057400171819
14.889999999999727,0.8967045050726671,-9.173044510658011e-11,-0.8766111887148851,-0.1376057400171802
14.899999999999727,0.8967045050725102,-9.161017865409253e-11,-0.8766111887150428,-0.13760574001717849
14.909999999999727,0.8967045050723534,-9.149007312837735e-11,-0.8766111887152004,-0.13760574001717674
14.919999999999726,0.8967045050721969,-9.137013414317217e-11,-0.8766111887153577,-0.13760574001717502
14.929999999999726,0.8967045050720406,-9.12503554700311e-11,-0.8766111887155149,-0.13760574001717327
14.939999999999726,0.8967045050718844,-9.113073810881488e-11,-0.8766111887156722,-0.13760574001717155
14.949999999999726,0.8967045050717284,-9.101128397577464e-11,-0.8766111887158285,-0.13760574001716983
14.959999999999726,0.8967045050715726,-9.089200619215566e-11,-0.8766111887159848,-0.13760574001716808
14.969999999999725,0.8967045050714173,-9.077289060091329e-11,-0.8766111887161405,-0.1376057400171663
14.979999999999725,0.8967045050712621,-9.065395014877047e-11,-0.8766111887162964,-0.13760574001716455
14.989999999999725,0.896704505071107,-9.053517790905834e-11,-0.876611188716452,-0.1376057400171628
14.999999999999725,0.8967045050709522,-9.041656636138575e-11,-0.8766111887166075,-0.13760574001716108
15.009999999999724,0.8967045050707976,-9.029812045909619e-11,-0.8766111887167631,-0.1376057400171594
15.019999999999724,0.8967045050706431,-9.017982687780237e-11,-0.8766111887169185,-0.13760574001715767
15.029999999999724,0.8967045050704889,-9.006168202788135e-11,-0.8766111887170732,-0.13760574001715598
15.039999999999724,0.8967045050703348,-8.994369872087494e-11,-0.8766111887172287,-0.13760574001715428
15.049999999999724,0.8967045050701811,-8.982585792719817e-11,-0.8766111887173824,-0.1376057400171526
15.059999999999723,0.8967045050700274,-8.97081852004633e-11,-0.8766111887175374,-0.1376057400171509
15.069999999999723,0.8967045050698739,-8.959065447293571e-11,-0.876611188717692,-0.13760574001714923
15.079999999999723,0.8967045050697207,-8.947327759720225e-11,-0.8766111887178458,-0.1376057400171475
15.089999999999723,0.8967045050695676,-8.935605173228273e-11,-0.8766111887179997,-0.13760574001714582
15.099999999999723,0.8967045050694147,-8.923898559148979e-11,-0.8766111887181532,-0.13760574001714415
15.109999999999722,0.896704505069262,-8.912207020854303e-11,-0.8766111887183065,-0.13760574001714246
15.119999999999722,0.8967045050691094,-8.900531534489024e-11,-0.8766111887184604,-0.13760574001714085
15.129999999999722,0.896704505068957,-8.888869308834107e-11,-0.8766111887186137,-0.13760574001713913
15.139999999999722,0.8967045050688051,-8.877223384979266e-11,-0.876611188718766,-0.13760574001713743
15.149999999999721,0.8967045050686532,-8.865593914384005e-11,-0.8766111887189183,-0.13760574001713574
15.159999999999721,0.8967045050685015,-8.853979764838933e-11,-0.8766111887190708,-0.13760574001713405
15.169999999999721,0.8967045050683501,-8.842382303920087e-11,-0.8766111887192227,-0.13760574001713236
15.17999999999972,0.8967045050681988,-8.830800539038748e-11,-0.8766111887193752,-0.13760574001713075
15.18999999999972,0.8967045050680476,-8.819232325610135e-11,-0.8766111887195271,-0.13760574001712905
15.19999999999972,0.8967045050678967,-8.807678246266944e-11,-0.8766111887196786,-0.13760574001712736
15.20999999999972,0.896704505067746,-8.796141952550134e-11,-0.8766111887198296,-0.13760574001712567
15.21999999999972,0.8967045050675957,-8.784621647965508e-11,-0.8766111887199803,-0.13760574001712397
15.22999999999972,0.8967045050674454,-8.773117796761032e-11,-0.8766111887201316,-0.1376057400171223
15.23999999999972,0.8967045050672954,-8.761629645761268e-11,-0.8766111887202815,-0.13760574001712064
15.24999999999972,0.8967045050671456,-8.750156939142684e-11,-0.8766111887204321,-0.13760574001711898
15.25999999999972,0.896704505066996,-8.738698970801765e-11,-0.8766111887205825,-0.13760574001711734
15.269999999999719,0.8967045050668466,-8.727256335694916e-11,-0.8766111887207328,-0.13760574001711567
15.279999999999719,0.8967045050666973,-8.715827719994869e-11,-0.876611188720883,-0.13760574001711406
15.289999999999718,0.8967045050665483,-8.704413637757376e-11,-0.8766111887210327,-0.13760574001711245
15.299999999999718,0.8967045050663993,-8.693013988469077e-11,-0.8766111887211825,-0.13760574001711082
15.309999999999718,0.8967045050662504,-8.681628127267815e-11,-0.8766111887213328,-0.13760574001710923
15.319999999999718,0.8967045050661019,-8.670254634246396e-11,-0.8766111887214822,-0.13760574001710765
15.329999999999718,0.8967045050659536,-8.658895065949665e-11,-0.8766111887216314,-0.13760574001710602
15.339999999999717,0.8967045050658055,-8.647551061403279e-11,-0.8766111887217803,-0.13760574001710438
15.349999999999717,0.8967045050656574,-8.636221008439906e-11,-0.8766111887219294,-0.13760574001710277
15.359999999999717,0.8967045050655096,-8.62490575113543e-11,-0.8766111887220779,-0.13760574001710116
15.369999999999717,0.896704505065362,-8.613604009475876e-11,-0.8766111887222261,-0.13760574001709952
15.379999999999717,0.8967045050652147,-8.602318062345924e-11,-0.876611188722374,-0.13760574001709786
15.389999999999716,0.8967045050650675,-8.591047361667951e-11,-0.8766111887225221,-0.13760574001709622
15.399999999999716,0.8967045050649204,-8.579792171214175e-11,-0.8766111887226697,-0.13760574001709464
15.409999999999716,0.8967045050647736,-8.568551326515793e-11,-0.8766111887228174,-0.137605740017093
15.419999999999716,0.896704505064627,-8.557325919451688e-11,-0.8766111887229647,-0.13760574001709142
15.429999999999715,0.8967045050644807,-8.546114193859502e-11,-0.8766111887231117,-0.13760574001708975
15.439999999999715,0.8967045050643344,-8.534918911811789e-11,-0.8766111887232586,-0.1376057400170881
15.449999999999715,0.8967045050641885,-8.5237387693036e-11,-0.876611188723405,-0.13760574001708648
15.459999999999715,0.8967045050640428,-8.512573770539893e-11,-0.8766111887235515,-0.13760574001708487
15.469999999999715,0.8967045050638972,-8.50142265550719e-11,-0.8766111887236976,-0.13760574001708323
15.479999999999714,0.8967045050637518,-8.490287348153299e-11,-0.876611188723844,-0.13760574001708167
15.489999999999714,0.8967045050636064,-8.479164873815142e-11,-0.8766111887239897,-0.13760574001708006
15.499999999999714,0.8967045050634614,-8.468057195820942e-11,-0.8766111887241359,-0.13760574001707848
15.509999999999714,0.8967045050633166,-8.456964393034149e-11,-0.8766111887242816,-0.1376057400170769
15.519999999999714,0.8967045050631719,-8.445884548498294e-11,-0.8766111887244272,-0.13760574001707532
15.529999999999713,0.8967045050630273,-8.434819442880781e-11,-0.8766111887245726,-0.13760574001707374
15.539999999999713,0.896704505062883,-8.423767488910577e-11,-0.8766111887247177,-0.13760574001707215
15.549999999999713,0.8967045050627389,-8.4127305948123e-11,-0.8766111887248623,-0.13760574001707054
15.559999999999713,0.8967045050625949,-8.401707870293095e-11,-0.8766111887250074,-0.13760574001706893
15.569999999999713,0.8967045050624511,-8.390700870144115e-11,-0.8766111887251518,-0.13760574001706732
15.579999999999712,0.8967045050623077,-8.379707904432482e-11,-0.8766111887252955,-0.13760574001706574
15.589999999999712,0.8967045050621644,-8.36873087339634e-11,-0.8766111887254393,-0.13760574001706416
15.599999999999712,0.8967045050620212,-8.357768380855327e-11,-0.8766111887255834,-0.1376057400170626
15.609999999999712,0.8967045050618782,-8.34681907217765e-11,-0.8766111887257272,-0.13760574001706102
15.619999999999711,0.8967045050617354,-8.335883788581164e-11,-0.8766111887258705,-0.13760574001705944
15.629999999999711,0.8967045050615927,-8.324964365468133e-11,-0.8766111887260141,-0.1376057400170579
15.639999999999711,0.8967045050614504,-8.314058013933791e-11,-0.8766111887261571,-0.1376057400170563
15.64999999999971,0.8967045050613082,-8.303167501878408e-11,-0.8766111887263,-0.13760574001705475
15.65999999999971,0.8967045050611662,-8.292290368560257e-11,-0.8766111887264424,-0.1376057400170532
15.66999999999971,0.8967045050610243,-8.281427267738781e-11,-0.8766111887265853,-0.13760574001705161
15.67999999999971,0.8967045050608826,-8.27057878870576e-11,-0.8766111887267276,-0.1376057400170501
15.68999999999971,0.8967045050607413,-8.259743478073296e-11,-0.87661118872687,-0.13760574001704853
15.69999999999971,0.8967045050606001,-8.248922166755969e-11,-0.8766111887270119,-0.13760574001704695
15.70999999999971,0.896704505060459,-8.238116197125758e-11,-0.8766111887271536,-0.13760574001704545
15.71999999999971,0.896704505060318,-8.227323691041927e-11,-0.8766111887272957,-0.13760574001704395
15.729999999999709,0.8967045050601774,-8.216543917460882e-11,-0.8766111887274367,-0.1376057400170424
15.739999999999709,0.8967045050600367,-8.205779640621162e-11,-0.8766111887275788,-0.1376057400170409
15.749999999999709,0.8967045050598964,-8.195026333858971e-11,-0.8766111887277196,-0.13760574001703935
15.759999999999708,0.8967045050597563,-8.184288846330638e-11,-0.8766111887278605,-0.13760574001703785
15.769999999999708,0.8967045050596163,-8.173565032896337e-11,-0.8766111887280011,-0.13760574001703632
15.779999999999708,0.8967045050594765,-8.162854523996614e-11,-0.8766111887281423,-0.13760574001703482
15.789999999999708,0.8967045050593369,-8.152156573422198e-11,-0.8766111887282826,-0.1376057400170333
15.799999999999708,0.8967045050591974,-8.141474202436536e-11,-0.8766111887284231,-0.1376057400170318
15.809999999999707,0.8967045050590581,-8.130803875971242e-11,-0.876611188728563,-0.1376057400170303
15.819999999999707,0.896704505058919,-8.120148139280562e-11,-0.876611188728703,-0.1376057400170288
15.829999999999707,0.89670450505878,-8.109505414674061e-11,-0.8766111887288428,-0.1376057400170273
15.839999999999707,0.8967045050586412,-8.098877000752332e-11,-0.8766111887289824,-0.1376057400170258
15.849999999999707,0.8967045050585025,-8.088261676774084e-11,-0.876611188729122,-0.13760574001702428
15.859999999999706,0.8967045050583642,-8.077660708014126e-11,-0.8766111887292608,-0.13760574001702272
15.869999999999706,0.8967045050582259,-8.067074494818466e-11,-0.8766111887293996,-0.13760574001702122
15.879999999999706,0.8967045050580879,-8.056503241872949e-11,-0.8766111887295384,-0.13760574001701967
15.889999999999706,0.89670450505795,-8.045946094382926e-11,-0.8766111887296764,-0.1376057400170181
15.899999999999705,0.8967045050578124,-8.03540609250644e-11,-0.8766111887298141,-0.13760574001701656
15.909999999999705,0.896704505057675,-8.024881395547271e-11,-0.8766111887299524,-0.1376057400170151
15.919999999999705,0.8967045050575376,-8.0143702266653e-11,-0.8766111887300903,-0.1376057400170136
15.929999999999705,0.8967045050574006,-8.003872237906848e-11,-0.8766111887302277,-0.13760574001701206
15.939999999999705,0.8967045050572636,-7.993390471621435e-11,-0.8766111887303651,-0.13760574001701054
15.949999999999704,0.8967045050571271,-7.982922724227412e-11,-0.8766111887305021,-0.137605740017009
15.959999999999704,0.8967045050569904,-7.972469379039086e-11,-0.8766111887306397,-0.13760574001700754
15.969999999999704,0.896704505056854,-7.962028761210593e-11,-0.876611188730777,-0.13760574001700607
15.979999999999704,0.8967045050567176,-7.95160054406488e-11,-0.8766111887309139,-0.13760574001700457
15.989999999999704,0.8967045050565816,-7.941186486488081e-11,-0.8766111887310504,-0.1376057400170031
15.999999999999703,0.8967045050564457,-7.930785868443246e-11,-0.876611188731187,-0.13760574001700163
16.009999999999703,0.89670450505631,-7.920398229011496e-11,-0.8766111887313232,-0.1376057400170001
16.019999999999705,0.8967045050561745,-7.910025637646429e-11,-0.8766111887314589,-0.1376057400169986
16.029999999999706,0.8967045050560392,-7.899666371330523e-11,-0.8766111887315953,-0.13760574001699713
16.039999999999708,0.896704505055904,-7.889320153094809e-11,-0.8766111887317309,-0.13760574001699566
16.04999999999971,0.8967045050557692,-7.878987760005516e-11,-0.8766111887318668,-0.13760574001699416
16.05999999999971,0.8967045050556343,-7.868668591589851e-11,-0.8766111887320025,-0.13760574001699272
16.069999999999713,0.8967045050554997,-7.858361693406876e-11,-0.8766111887321378,-0.13760574001699122
16.079999999999714,0.8967045050553653,-7.848068652557356e-11,-0.8766111887322727,-0.13760574001698975
16.089999999999716,0.896704505055231,-7.837788836375668e-11,-0.8766111887324073,-0.13760574001698828
16.099999999999717,0.8967045050550969,-7.82752365648973e-11,-0.8766111887325424,-0.13760574001698683
16.10999999999972,0.896704505054963,-7.81727050646516e-11,-0.8766111887326768,-0.13760574001698536
16.11999999999972,0.8967045050548292,-7.807030138928648e-11,-0.8766111887328117,-0.13760574001698392
16.129999999999722,0.8967045050546957,-7.796802930739727e-11,-0.876611188732946,-0.13760574001698245
16.139999999999723,0.8967045050545622,-7.78658894963415e-11,-0.8766111887330802,-0.137605740016981
16.149999999999725,0.896704505054429,-7.776388179487064e-11,-0.8766111887332138,-0.13760574001697953
16.159999999999727,0.8967045050542959,-7.76620104402575e-11,-0.8766111887333479,-0.13760574001697806
16.169999999999728,0.896704505054163,-7.756027378382108e-11,-0.8766111887334811,-0.13760574001697662
16.17999999999973,0.8967045050540302,-7.74586709127779e-11,-0.8766111887336145,-0.13760574001697515
16.18999999999973,0.8967045050538978,-7.735719979907845e-11,-0.8766111887337475,-0.13760574001697368
16.199999999999733,0.8967045050537654,-7.725586642426403e-11,-0.8766111887338804,-0.13760574001697223
16.209999999999734,0.8967045050536332,-7.715466272979279e-11,-0.8766111887340134,-0.13760574001697076
16.219999999999736,0.8967045050535012,-7.705359374460039e-11,-0.8766111887341461,-0.1376057400169693
16.229999999999738,0.8967045050533694,-7.695266072947776e-11,-0.8766111887342788,-0.13760574001696788
16.23999999999974,0.8967045050532377,-7.685184766311797e-11,-0.8766111887344112,-0.13760574001696643
16.24999999999974,0.8967045050531062,-7.67511651816207e-11,-0.8766111887345429,-0.13760574001696496
16.259999999999742,0.8967045050529749,-7.665062991186856e-11,-0.8766111887346748,-0.13760574001696346
16.269999999999744,0.8967045050528437,-7.655023412491938e-11,-0.8766111887348066,-0.13760574001696202
16.279999999999745,0.8967045050527127,-7.644996444624759e-11,-0.8766111887349379,-0.13760574001696055
16.289999999999747,0.896704505052582,-7.634984431361478e-11,-0.8766111887350689,-0.1376057400169591
16.29999999999975,0.8967045050524515,-7.624985982535747e-11,-0.8766111887351998,-0.13760574001695763
16.30999999999975,0.896704505052321,-7.615001502911211e-11,-0.876611188735331,-0.1376057400169562
16.31999999999975,0.8967045050521908,-7.605030024006767e-11,-0.876611188735462,-0.1376057400169548
16.329999999999753,0.8967045050520607,-7.59507080282135e-11,-0.8766111887355927,-0.13760574001695336
16.339999999999755,0.8967045050519308,-7.585124890521617e-11,-0.876611188735723,-0.13760574001695192
16.349999999999756,0.8967045050518011,-7.575192073129033e-11,-0.8766111887358536,-0.13760574001695053
16.359999999999758,0.8967045050516714,-7.565271409252192e-11,-0.8766111887359841,-0.1376057400169491
16.36999999999976,0.8967045050515421,-7.555363762967454e-11,-0.8766111887361138,-0.1376057400169477
16.37999999999976,0.8967045050514127,-7.54546937437165e-11,-0.876611188736244,-0.13760574001694628
16.389999999999763,0.8967045050512836,-7.535587057344899e-11,-0.8766111887363732,-0.13760574001694487
16.399999999999764,0.8967045050511547,-7.525717667013262e-11,-0.8766111887365031,-0.13760574001694345
16.409999999999766,0.896704505051026,-7.515860820420909e-11,-0.8766111887366324,-0.13760574001694204
16.419999999999767,0.8967045050508974,-7.506017456455085e-11,-0.8766111887367617,-0.13760574001694062
16.42999999999977,0.8967045050507689,-7.496187645753243e-11,-0.8766111887368906,-0.1376057400169392
16.43999999999977,0.8967045050506408,-7.486369815203888e-11,-0.8766111887370194,-0.13760574001693782
16.449999999999772,0.8967045050505128,-7.476565306631226e-11,-0.8766111887371477,-0.13760574001693637
16.459999999999773,0.8967045050503849,-7.46677426681616e-11,-0.8766111887372765,-0.137605740016935
16.469999999999775,0.8967045050502572,-7.45699523272975e-11,-0.8766111887374051,-0.13760574001693365
16.479999999999777,0.8967045050501297,-7.447228510100696e-11,-0.8766111887375327,-0.13760574001693227
16.489999999999778,0.8967045050500022,-7.437474076476918e-11,-0.8766111887376618,-0.1376057400169309
16.49999999999978,0.896704505049875,-7.427731490446221e-11,-0.8766111887377893,-0.13760574001692952
16.50999999999978,0.896704505049748,-7.418001346375714e-11,-0.876611188737917,-0.13760574001692816
16.519999999999783,0.8967045050496212,-7.408284287247006e-11,-0.8766111887380442,-0.13760574001692677
16.529999999999784,0.8967045050494944,-7.398579685498713e-11,-0.8766111887381722,-0.1376057400169254
16.539999999999786,0.8967045050493678,-7.388887184509018e-11,-0.876611188738299,-0.13760574001692402
16.549999999999788,0.8967045050492415,-7.379207612250795e-11,-0.8766111887384264,-0.13760574001692266
16.55999999999979,0.8967045050491151,-7.36954092806672e-11,-0.8766111887385536,-0.13760574001692136
16.56999999999979,0.896704505048989,-7.35988535263878e-11,-0.8766111887386803,-0.13760574001691997
16.579999999999792,0.8967045050488631,-7.350242002047987e-11,-0.8766111887388068,-0.1376057400169186
16.589999999999794,0.8967045050487374,-7.340610974358609e-11,-0.8766111887389333,-0.13760574001691725
16.599999999999795,0.8967045050486119,-7.330992923104468e-11,-0.8766111887390595,-0.13760574001691592
16.609999999999797,0.8967045050484865,-7.321387803367949e-11,-0.8766111887391855,-0.13760574001691456
16.6199999999998,0.8967045050483613,-7.311793529516635e-11,-0.8766111887393115,-0.1376057400169132
16.6299999999998,0.8967045050482363,-7.302213107693885e-11,-0.8766111887394372,-0.13760574001691184
16.6399999999998,0.8967045050481113,-7.292644506166543e-11,-0.8766111887395632,-0.13760574001691053
16.649999999999803,0.8967045050479866,-7.2830876114047e-11,-0.8766111887396886,-0.1376057400169092
16.659999999999805,0.8967045050478619,-7.273542377940368e-11,-0.876611188739814,-0.13760574001690787
16.669999999999806,0.8967045050477375,-7.264009231331914e-11,-0.876611188739939,-0.13760574001690654
16.679999999999808,0.8967045050476131,-7.254489625536451e-11,-0.876611188740064,-0.13760574001690515
16.68999999999981,0.8967045050474889,-7.244983232443348e-11,-0.8766111887401888,-0.13760574001690382
16.69999999999981,0.8967045050473649,-7.235488936093932e-11,-0.8766111887403136,-0.1376057400169025
16.709999999999813,0.8967045050472411,-7.226006005526431e-11,-0.8766111887404381,-0.13760574001690115
16.719999999999814,0.8967045050471175,-7.216536734398606e-11,-0.8766111887405619,-0.1376057400168998
16.729999999999816,0.8967045050469942,-7.207080988800204e-11,-0.8766111887406858,-0.13760574001689843
16.739999999999817,0.8967045050468709,-7.197638824846645e-11,-0.8766111887408092,-0.1376057400168971
16.74999999999982,0.8967045050467478,-7.188210422380294e-11,-0.876611188740933,-0.13760574001689577
16.75999999999982,0.8967045050466248,-7.178794139022143e-11,-0.8766111887410567,-0.13760574001689446
16.769999999999822,0.8967045050465019,-7.169389001664109e-11,-0.8766111887411805,-0.13760574001689313
16.779999999999824,0.8967045050463792,-7.159996230603356e-11,-0.8766111887413036,-0.1376057400168918
16.789999999999825,0.8967045050462568,-7.150615928899529e-11,-0.8766111887414267,-0.13760574001689047
16.799999999999827,0.8967045050461345,-7.1412472033975e-11,-0.8766111887415493,-0.13760574001688913
16.809999999999828,0.8967045050460124,-7.131891973968356e-11,-0.8766111887416723,-0.13760574001688783
16.81999999999983,0.8967045050458905,-7.122548057412868e-11,-0.8766111887417951,-0.13760574001688652
16.82999999999983,0.8967045050457686,-7.113215277161361e-11,-0.8766111887419179,-0.13760574001688522
16.839999999999833,0.8967045050456469,-7.103894782507359e-11,-0.8766111887420402,-0.13760574001688392
16.849999999999834,0.8967045050455253,-7.094586024996969e-11,-0.8766111887421624,-0.1376057400168826
16.859999999999836,0.8967045050454039,-7.085288980769109e-11,-0.8766111887422847,-0.13760574001688133
16.869999999999838,0.8967045050452827,-7.076002626256059e-11,-0.8766111887424071,-0.13760574001688003
16.87999999999984,0.8967045050451615,-7.066727824164579e-11,-0.8766111887425286,-0.13760574001687872
16.88999999999984,0.8967045050450406,-7.057466074478059e-11,-0.8766111887426499,-0.1376057400168774
16.899999999999842,0.8967045050449198,-7.04821653006219e-11,-0.8766111887427714,-0.1376057400168761
16.909999999999844,0.8967045050447994,-7.038978851346581e-11,-0.8766111887428925,-0.13760574001687476
16.919999999999845,0.8967045050446789,-7.029754089852415e-11,-0.8766111887430135,-0.13760574001687345
16.929999999999847,0.8967045050445586,-7.020541557093259e-11,-0.8766111887431347,-0.13760574001687215
16.93999999999985,0.8967045050444385,-7.011341045750816e-11,-0.8766111887432553,-0.13760574001687084
16.94999999999985,0.8967045050443185,-7.002152552720245e-11,-0.8766111887433758,-0.13760574001686957
16.95999999999985,0.8967045050441986,-6.992975386146207e-11,-0.8766111887434965,-0.13760574001686832
16.969999999999853,0.8967045050440791,-6.983810716201802e-11,-0.8766111887436168,-0.137605740016867
16.979999999999855,0.8967045050439597,-6.974657947857265e-11,-0.8766111887437368,-0.13760574001686565
16.989999999999856,0.8967045050438405,-6.965518224426029e-11,-0.8766111887438567,-0.1376057400168644
16.999999999999858,0.8967045050437213,-6.956389441243726e-11,-0.8766111887439761,-0.13760574001686307
17.00999999999986,0.8967045050436023,-6.947273315141421e-11,-0.8766111887440959,-0.1376057400168618
17.01999999999986,0.8967045050434836,-6.938168844700355e-11,-0.8766111887442152,-0.1376057400168605
17.029999999999863,0.8967045050433649,-6.929076908443949e-11,-0.8766111887443352,-0.13760574001685927
17.039999999999864,0.8967045050432463,-6.919995092271447e-11,-0.8766111887444545,-0.137605740016858
17.049999999999866,0.8967045050431278,-6.910924425022514e-11,-0.8766111887445739,-0.13760574001685674
17.059999999999867,0.8967045050430097,-6.901864597337786e-11,-0.8766111887446927,-0.1376057400168555
17.06999999999987,0.8967045050428917,-6.892816491025123e-11,-0.8766111887448111,-0.13760574001685422
17.07999999999987,0.8967045050427738,-6.883780764373064e-11,-0.8766111887449303,-0.13760574001685294
17.089999999999872,0.8967045050426562,-6.874756215933243e-11,-0.8766111887450482,-0.13760574001685164
17.099999999999874,0.8967045050425385,-6.865745115986813e-11,-0.8766111887451663,-0.13760574001685036
17.109999999999875,0.8967045050424212,-6.856745326034383e-11,-0.8766111887452844,-0.1376057400168491
17.119999999999877,0.8967045050423038,-6.847758733726966e-11,-0.8766111887454024,-0.13760574001684783
17.129999999999878,0.8967045050421867,-6.838782970445781e-11,-0.8766111887455204,-0.1376057400168466
17.13999999999988,0.8967045050420698,-6.829818340280965e-11,-0.8766111887456381,-0.13760574001684533
17.14999999999988,0.8967045050419529,-6.820866560704084e-11,-0.8766111887457556,-0.1376057400168441
17.159999999999883,0.8967045050418361,-6.811924419387078e-11,-0.8766111887458733,-0.13760574001684286
17.169999999999884,0.8967045050417195,-6.802993407939539e-11,-0.8766111887459909,-0.13760574001684162
17.179999999999886,0.8967045050416029,-6.79407269688883e-11,-0.8766111887461083,-0.13760574001684037
17.189999999999888,0.8967045050414867,-6.785163661048202e-11,-0.8766111887462251,-0.1376057400168391
17.19999999999989,0.8967045050413706,-6.77626735076691e-11,-0.8766111887463419,-0.13760574001683784
17.20999999999989,0.8967045050412547,-6.767383134597869e-11,-0.876611188746458,-0.13760574001683654
17.219999999999892,0.8967045050411387,-6.758512082587688e-11,-0.8766111887465747,-0.1376057400168353
17.229999999999894,0.8967045050410232,-6.749652809967173e-11,-0.8766111887466908,-0.137605740016834
17.239999999999895,0.8967045050409076,-6.740805877488299e-11,-0.8766111887468071,-0.13760574001683273
17.249999999999897,0.8967045050407922,-6.731969880481798e-11,-0.8766111887469227,-0.13760574001683143
17.2599999999999,0.896704505040677,-6.723147158330179e-11,-0.8766111887470378,-0.13760574001683012
17.2699999999999,0.8967045050405621,-6.714338557137083e-11,-0.8766111887471532,-0.13760574001682885
17.2799999999999,0.8967045050404473,-6.70554249779807e-11,-0.8766111887472684,-0.13760574001682757
17.289999999999903,0.8967045050403327,-6.696759431603941e-11,-0.876611188747383,-0.1376057400168263
17.299999999999905,0.8967045050402181,-6.687989463541534e-11,-0.8766111887474981,-0.13760574001682502
17.309999999999906,0.8967045050401037,-6.679231310336293e-11,-0.876611188747613,-0.13760574001682377
17.319999999999908,0.8967045050399894,-6.670485111077736e-11,-0.8766111887477279,-0.13760574001682258
17.32999999999991,0.8967045050398753,-6.661749419630907e-11,-0.8766111887478428,-0.1376057400168213
17.33999999999991,0.8967045050397614,-6.65302521433908e-11,-0.8766111887479571,-0.13760574001682008
17.349999999999913,0.8967045050396475,-6.644312621267994e-11,-0.8766111887480715,-0.13760574001681883
17.359999999999914,0.8967045050395339,-6.635610404041777e-11,-0.8766111887481853,-0.13760574001681758
17.369999999999916,0.8967045050394203,-6.626921234364928e-11,-0.8766111887482991,-0.13760574001681636
17.379999999999917,0.8967045050393069,-6.618243310489206e-11,-0.8766111887484136,-0.13760574001681516
17.38999999999992,0.8967045050391937,-6.609575271546113e-11,-0.8766111887485272,-0.13760574001681392
17.39999999999992,0.8967045050390807,-6.600919561386497e-11,-0.8766111887486407,-0.13760574001681267
17.409999999999922,0.8967045050389678,-6.592274688286102e-11,-0.8766111887487542,-0.13760574001681145
17.419999999999924,0.896704505038855,-6.583640978331346e-11,-0.8766111887488677,-0.13760574001681025
17.429999999999925,0.8967045050387423,-6.575017166447527e-11,-0.876611188748981,-0.13760574001680903
17.439999999999927,0.8967045050386298,-6.566405248274888e-11,-0.8766111887490943,-0.13760574001680784
17.44999999999993,0.8967045050385174,-6.557803546688463e-11,-0.8766111887492072,-0.13760574001680662
17.45999999999993,0.8967045050384053,-6.549213228120438e-11,-0.8766111887493196,-0.13760574001680537
17.46999999999993,0.8967045050382932,-6.540634801171104e-11,-0.8766111887494327,-0.1376057400168042
17.479999999999933,0.8967045050381814,-6.532066619081725e-11,-0.8766111887495449,-0.13760574001680295
17.489999999999934,0.8967045050380698,-6.523510738649837e-11,-0.8766111887496567,-0.13760574001680176
17.499999999999936,0.8967045050379581,-6.514967017319193e-11,-0.8766111887497695,-0.13760574001680057
17.509999999999938,0.8967045050378466,-6.506433551951186e-11,-0.8766111887498811,-0.13760574001679937
17.51999999999994,0.8967045050377352,-6.497911180980189e-11,-0.8766111887499928,-0.13760574001679815
17.52999999999994,0.8967045050376241,-6.489399908980212e-11,-0.8766111887501046,-0.13760574001679698
17.539999999999942,0.896704505037513,-6.480899711253577e-11,-0.8766111887502165,-0.1376057400167958
17.549999999999944,0.896704505037402,-6.472409834433861e-11,-0.8766111887503278,-0.13760574001679463
17.559999999999945,0.8967045050372913,-6.463931352421248e-11,-0.8766111887504391,-0.1376057400167934
17.569999999999947,0.8967045050371807,-6.455464530033683e-11,-0.8766111887505499,-0.1376057400167922
17.57999999999995,0.8967045050370703,-6.447008906223627e-11,-0.8766111887506607,-0.13760574001679096
17.58999999999995,0.8967045050369601,-6.438565928934778e-11,-0.8766111887507716,-0.1376057400167898
17.59999999999995,0.8967045050368498,-6.430134798742766e-11,-0.8766111887508822,-0.1376057400167886
17.609999999999953,0.89670450503674,-6.421713366042744e-11,-0.8766111887509924,-0.13760574001678744
17.619999999999955,0.8967045050366301,-6.413303497596515e-11,-0.8766111887511031,-0.13760574001678627
17.629999999999956,0.8967045050365203,-6.404903824259871e-11,-0.8766111887512138,-0.13760574001678508
17.639999999999958,0.8967045050364109,-6.396513626752083e-11,-0.8766111887513237,-0.1376057400167839
17.64999999999996,0.8967045050363014,-6.388134050157341e-11,-0.876611188751434,-0.13760574001678275
17.65999999999996,0.8967045050361921,-6.379765210019515e-11,-0.876611188751544,-0.1376057400167816
17.669999999999963,0.896704505036083,-6.37140659214951e-11,-0.8766111887516536,-0.13760574001678041
17.679999999999964,0.8967045050359739,-6.363059320314154e-11,-0.8766111887517632,-0.13760574001677925
17.689999999999966,0.8967045050358651,-6.354721837740181e-11,-0.876611188751873,-0.13760574001677808
17.699999999999967,0.8967045050357563,-6.346395370918415e-11,-0.8766111887519825,-0.13760574001677692
17.70999999999997,0.8967045050356478,-6.338078990187854e-11,-0.876611188752091,-0.13760574001677575
17.71999999999997,0.8967045050355393,-6.329773185836363e-11,-0.8766111887522007,-0.13760574001677459
17.729999999999972,0.8967045050354311,-6.321477852348278e-11,-0.8766111887523093,-0.1376057400167734
17.739999999999974,0.896704505035323,-6.313194036687227e-11,-0.8766111887524175,-0.13760574001677223
17.749999999999975,0.896704505035215,-6.304922527709326e-11,-0.8766111887525261,-0.13760574001677106
17.759999999999977,0.896704505035107,-6.296661817040968e-11,-0.8766111887526352,-0.13760574001676998
17.76999999999998,0.8967045050349993,-6.28840915528083e-11,-0.8766111887527436,-0.1376057400167688
17.77999999999998,0.8967045050348916,-6.28016753725629e-11,-0.8766111887528518,-0.13760574001676765
17.78999999999998,0.8967045050347843,-6.271935965048031e-11,-0.8766111887529597,-0.1376057400167665
17.799999999999983,0.896704505034677,-6.263714127997148e-11,-0.8766111887530679,-0.13760574001676537
17.809999999999985,0.8967045050345698,-6.255503902444305e-11,-0.8766111887531757,-0.13760574001676423
17.819999999999986,0.8967045050344629,-6.24730374492775e-11,-0.8766111887532833,-0.1376057400167631
17.829999999999988,0.896704505034356,-6.239114683232589e-11,-0.8766111887533908,-0.13760574001676193
17.83999999999999,0.8967045050342491,-6.230936454753804e-11,-0.8766111887534985,-0.1376057400167608
17.84999999999999,0.8967045050341426,-6.222768224454434e-11,-0.8766111887536058,-0.13760574001675968
17.859999999999992,0.8967045050340361,-6.214610035142221e-11,-0.8766111887537131,-0.13760574001675854
17.869999999999994,0.8967045050339297,-6.206461767923146e-11,-0.8766111887538197,-0.13760574001675738
17.879999999999995,0.8967045050338235,-6.198325145213523e-11,-0.8766111887539267,-0.13760574001675624
17.889999999999997,0.8967045050337175,-6.190199145319642e-11,-0.8766111887540332,-0.13760574001675507
17.9,0.8967045050336117,-6.182084982629617e-11,-0.8766111887541389,-0.13760574001675388
17.91,0.896704505033506,-6.173983310553784e-11,-0.8766111887542454,-0.13760574001675274
17.92,0.8967045050334004,-6.16589224358022e-11,-0.8766111887543517,-0.1376057400167516
17.930000000000003,0.8967045050332948,-6.157811056523398e-11,-0.8766111887544578,-0.13760574001675047
17.940000000000005,0.8967045050331894,-6.14974093868238e-11,-0.8766111887545638,-0.13760574001674936
17.950000000000006,0.8967045050330843,-6.141679322191178e-11,-0.8766111887546695,-0.13760574001674822
17.960000000000008,0.8967045050329793,-6.133629289361693e-11,-0.8766111887547751,-0.1376057400167471
17.97000000000001,0.8967045050328742,-6.125590713421561e-11,-0.8766111887548806,-0.13760574001674594
17.98000000000001,0.8967045050327694,-6.117561436790257e-11,-0.8766111887549858,-0.1376057400167448
17.990000000000013,0.8967045050326649,-6.109544970845238e-11,-0.8766111887550908,-0.13760574001674367
18.000000000000014,0.8967045050325603,-6.101538899950593e-11,-0.8766111887551962,-0.13760574001674258
18.010000000000016,0.896704505032456,-6.093542685180633e-11,-0.8766111887553009,-0.13760574001674145
18.020000000000017,0.8967045050323518,-6.085556890143177e-11,-0.8766111887554058,-0.13760574001674034
18.03000000000002,0.8967045050322477,-6.077581379647756e-11,-0.8766111887555105,-0.13760574001673923
18.04000000000002,0.8967045050321437,-6.069615647595859e-11,-0.8766111887556154,-0.13760574001673814
18.050000000000022,0.8967045050320398,-6.061659659385893e-11,-0.8766111887557204,-0.13760574001673706
18.060000000000024,0.896704505031936,-6.053711985625305e-11,-0.8766111887558248,-0.13760574001673595
18.070000000000025,0.8967045050318324,-6.045774191594208e-11,-0.8766111887559291,-0.13760574001673484
18.080000000000027,0.896704505031729,-6.037847572961646e-11,-0.8766111887560328,-0.1376057400167337
18.09000000000003,0.8967045050316257,-6.029931982127526e-11,-0.8766111887561365,-0.1376057400167326
18.10000000000003,0.8967045050315224,-6.022027342320681e-11,-0.8766111887562406,-0.13760574001673148
18.11000000000003,0.8967045050314194,-6.014131467496447e-11,-0.8766111887563444,-0.13760574001673037
18.120000000000033,0.8967045050313164,-6.006246951042438e-11,-0.8766111887564476,-0.13760574001672926
18.130000000000035,0.8967045050312137,-5.998373295457759e-11,-0.8766111887565511,-0.13760574001672815
18.140000000000036,0.8967045050311111,-5.990510147322435e-11,-0.8766111887566538,-0.137605740016727
18.150000000000038,0.8967045050310085,-5.982658781282755e-11,-0.876611188756757,-0.13760574001672587
18.16000000000004,0.8967045050309063,-5.974818770953765e-11,-0.8766111887568592,-0.13760574001672474
18.17000000000004,0.896704505030804,-5.96698993867622e-11,-0.8766111887569619,-0.13760574001672363
18.180000000000042,0.8967045050307019,-5.95917216341311e-11,-0.8766111887570642,-0.13760574001672252
18.190000000000044,0.8967045050306,-5.951366053241431e-11,-0.8766111887571668,-0.13760574001672135
18.200000000000045,0.8967045050304981,-5.94357029293456e-11,-0.8766111887572684,-0.1376057400167202
18.210000000000047,0.8967045050303963,-5.935786941356344e-11,-0.8766111887573705,-0.1376057400167191
18.22000000000005,0.8967045050302948,-5.928013531826895e-11,-0.8766111887574725,-0.137605740016718
18.23000000000005,0.8967045050301934,-5.920251677193695e-11,-0.8766111887575739,-0.13760574001671685
18.24000000000005,0.8967045050300921,-5.912500895833862e-11,-0.8766111887576755,-0.13760574001671572
18.250000000000053,0.896704505029991,-5.904761375177261e-11,-0.8766111887577769,-0.13760574001671463
18.260000000000055,0.8967045050298901,-5.897032052054965e-11,-0.8766111887578786,-0.13760574001671355
18.270000000000056,0.8967045050297892,-5.889312434867687e-11,-0.8766111887579797,-0.13760574001671247
18.280000000000058,0.8967045050296885,-5.881602323852021e-11,-0.876611188758081,-0.13760574001671136
18.29000000000006,0.8967045050295878,-5.873901641788535e-11,-0.8766111887581821,-0.1376057400167103
18.30000000000006,0.8967045050294875,-5.866211820051223e-11,-0.8766111887582828,-0.1376057400167092
18.310000000000063,0.8967045050293871,-5.858531644409767e-11,-0.8766111887583836,-0.1376057400167081
18.320000000000064,0.8967045050292869,-5.850861188422607e-11,-0.8766111887584849,-0.13760574001670706
18.330000000000066,0.8967045050291867,-5.843199156448104e-11,-0.8766111887585858,-0.13760574001670603
18.340000000000067,0.8967045050290869,-5.835545749129785e-11,-0.8766111887586858,-0.13760574001670497
18.35000000000007,0.896704505028987,-5.827902234205814e-11,-0.8766111887587867,-0.13760574001670392
18.36000000000007,0.8967045050288872,-5.820267197856714e-11,-0.8766111887588873,-0.13760574001670287
18.370000000000072,0.8967045050287877,-5.812641407063753e-11,-0.8766111887589874,-0.1376057400167018
18.380000000000074,0.8967045050286881,-5.805025499154999e-11,-0.8766111887590877,-0.13760574001670078
18.390000000000075,0.8967045050285889,-5.797418136805325e-11,-0.8766111887591869,-0.13760574001669965
18.400000000000077,0.8967045050284898,-5.789823105551108e-11,-0.8766111887592868,-0.1376057400166986
18.41000000000008,0.8967045050283905,-5.782237725424769e-11,-0.8766111887593866,-0.13760574001669756
18.42000000000008,0.8967045050282917,-5.774661149651784e-11,-0.8766111887594857,-0.1376057400166965
18.43000000000008,0.8967045050281929,-5.7670958936988e-11,-0.8766111887595849,-0.1376057400166954
18.440000000000083,0.8967045050280941,-5.759540295353872e-11,-0.8766111887596847,-0.13760574001669437
18.450000000000085,0.8967045050279956,-5.75199365606242e-11,-0.8766111887597834,-0.13760574001669332
18.460000000000086,0.896704505027897,-5.744457376420028e-11,-0.8766111887598825,-0.13760574001669226
18.470000000000088,0.8967045050277989,-5.736931758378808e-11,-0.8766111887599805,-0.13760574001669112
18.48000000000009,0.8967045050277005,-5.729418047056691e-11,-0.8766111887600793,-0.13760574001669007
18.49000000000009,0.8967045050276025,-5.721914419304783e-11,-0.8766111887601776,-0.13760574001668902
18.500000000000092,0.8967045050275045,-5.714421512218216e-11,-0.8766111887602758,-0.13760574001668796
18.510000000000094,0.8967045050274068,-5.7069389390181824e-11,-0.8766111887603736,-0.13760574001668688
18.520000000000095,0.8967045050273089,-5.699467020872661e-11,-0.876611188760472,-0.13760574001668585
18.530000000000097,0.8967045050272114,-5.6920032522822144e-11,-0.87661118876057,-0.13760574001668477
18.5400000000001,0.896704505027114,-5.684550510017178e-11,-0.8766111887606676,-0.1376057400166837
18.5500000000001,0.8967045050270167,-5.6771089687154163e-11,-0.8766111887607652,-0.1376057400166826
18.5600000000001,0.8967045050269195,-5.669677979935363e-11,-0.8766111887608624,-0.13760574001668155
18.570000000000103,0.8967045050268225,-5.662256745778569e-11,-0.8766111887609597,-0.1376057400166805
18.580000000000105,0.8967045050267256,-5.654847729876151e-11,-0.8766111887610566,-0.13760574001667938
18.590000000000106,0.8967045050266288,-5.6474472592757695e-11,-0.8766111887611537,-0.13760574001667836
18.600000000000108,0.8967045050265323,-5.6400565783335197e-11,-0.8766111887612507,-0.1376057400166773
18.61000000000011,0.8967045050264358,-5.632675207752106e-11,-0.876611188761347,-0.13760574001667625
18.62000000000011,0.8967045050263396,-5.625304852103028e-11,-0.8766111887614441,-0.1376057400166752
18.630000000000113,0.8967045050262433,-5.617942988895292e-11,-0.8766111887615406,-0.13760574001667417
18.640000000000114,0.8967045050261473,-5.610590280100083e-11,-0.8766111887616371,-0.1376057400166731
18.650000000000116,0.8967045050260514,-5.603247202472944e-11,-0.8766111887617334,-0.13760574001667208
18.660000000000117,0.8967045050259554,-5.595914036532137e-11,-0.87661118876183,-0.13760574001667106
18.67000000000012,0.8967045050258596,-5.588588665889949e-11,-0.8766111887619265,-0.13760574001667006
18.68000000000012,0.896704505025764,-5.5812717360575044e-11,-0.8766111887620224,-0.13760574001666903
18.690000000000122,0.8967045050256686,-5.573963940428791e-11,-0.8766111887621187,-0.137605740016668
18.700000000000124,0.8967045050255734,-5.566665527786418e-11,-0.8766111887622142,-0.13760574001666695
18.710000000000125,0.8967045050254782,-5.5593758842206823e-11,-0.8766111887623095,-0.13760574001666595
18.720000000000127,0.896704505025383,-5.552096131755417e-11,-0.8766111887624057,-0.13760574001666495
18.73000000000013,0.896704505025288,-5.544824326280897e-11,-0.8766111887625012,-0.13760574001666395
18.74000000000013,0.8967045050251933,-5.537561583348355e-11,-0.8766111887625966,-0.13760574001666295
18.75000000000013,0.8967045050250985,-5.5303080935634376e-11,-0.876611188762692,-0.13760574001666193
18.760000000000133,0.8967045050250038,-5.523063605066098e-11,-0.8766111887627874,-0.13760574001666093
18.770000000000135,0.8967045050249093,-5.515826546588191e-11,-0.8766111887628827,-0.13760574001665996
18.780000000000136,0.8967045050248149,-5.5085995315824656e-11,-0.8766111887629773,-0.13760574001665896
18.790000000000138,0.8967045050247207,-5.501382001345353e-11,-0.8766111887630722,-0.13760574001665793
18.80000000000014,0.8967045050246265,-5.494172353942752e-11,-0.8766111887631672,-0.13760574001665696
18.81000000000014,0.8967045050245325,-5.486971685649791e-11,-0.8766111887632618,-0.13760574001665596
18.820000000000142,0.8967045050244387,-5.479780783891065e-11,-0.876611188763356,-0.1376057400166549
18.830000000000144,0.8967045050243447,-5.472598937727886e-11,-0.8766111887634505,-0.13760574001665393
18.840000000000146,0.8967045050242511,-5.46542601970844e-11,-0.8766111887635448,-0.13760574001665293
18.850000000000147,0.8967045050241577,-5.4582621642205645e-11,-0.8766111887636387,-0.1376057400166519
18.86000000000015,0.8967045050240642,-5.451107472437075e-11,-0.8766111887637326,-0.1376057400166509
18.87000000000015,0.8967045050239709,-5.4439627151777005e-11,-0.8766111887638264,-0.13760574001664988
18.88000000000015,0.8967045050238778,-5.436827952643904e-11,-0.8766111887639195,-0.13760574001664888
18.890000000000153,0.8967045050237847,-5.4297033702683884e-11,-0.8766111887640132,-0.13760574001664783
18.900000000000155,0.8967045050236918,-5.422588651813056e-11,-0.8766111887641064,-0.13760574001664683
18.910000000000156,0.8967045050235991,-5.415484251052357e-11,-0.8766111887641995,-0.1376057400166458
18.920000000000158,0.8967045050235065,-5.4083895311727946e-11,-0.8766111887642921,-0.13760574001664475
18.93000000000016,0.896704505023414,-5.4013054644769175e-11,-0.8766111887643852,-0.13760574001664375
18.94000000000016,0.8967045050233218,-5.394230924221349e-11,-0.8766111887644776,-0.13760574001664275
18.950000000000163,0.8967045050232295,-5.387166505201109e-11,-0.8766111887645706,-0.13760574001664172
18.960000000000164,0.8967045050231373,-5.380111507184986e-11,-0.8766111887646629,-0.13760574001664078
18.970000000000166,0.8967045050230453,-5.3730646362189144e-11,-0.8766111887647554,-0.1376057400166398
18.980000000000167,0.8967045050229535,-5.3660278918665125e-11,-0.8766111887648477,-0.1376057400166388
18.99000000000017,0.8967045050228617,-5.358999733548573e-11,-0.8766111887649402,-0.13760574001663786
19.00000000000017,0.89670450502277,-5.351978723730549e-11,-0.8766111887650331,-0.13760574001663695
19.010000000000172,0.8967045050226785,-5.344966492386481e-11,-0.876611188765125,-0.13760574001663595
19.020000000000174,0.896704505022587,-5.337962255507315e-11,-0.8766111887652168,-0.13760574001663498
19.030000000000175,0.8967045050224957,-5.3309677860991286e-11,-0.8766111887653089,-0.13760574001663403
19.040000000000177,0.8967045050224045,-5.323981810442112e-11,-0.8766111887654008,-0.13760574001663306
19.05000000000018,0.8967045050223135,-5.317004605569323e-11,-0.8766111887654922,-0.13760574001663212
19.06000000000018,0.8967045050222225,-5.3100360690462654e-11,-0.8766111887655842,-0.1376057400166312
19.07000000000018,0.8967045050221316,-5.303075082168447e-11,-0.8766111887656756,-0.13760574001663023
19.080000000000183,0.8967045050220409,-5.2961223077466885e-11,-0.8766111887657667,-0.13760574001662923
19.090000000000185,0.8967045050219502,-5.289179091563879e-11,-0.8766111887658584,-0.13760574001662831
19.100000000000186,0.8967045050218597,-5.282244101745077e-11,-0.8766111887659493,-0.13760574001662734
19.110000000000188,0.8967045050217695,-5.2753176740099183e-11,-0.8766111887660399,-0.13760574001662637
19.12000000000019,0.896704505021679,-5.26840079453643e-11,-0.8766111887661311,-0.13760574001662546
19.13000000000019,0.8967045050215888,-5.2614921930619015e-11,-0.8766111887662219,-0.13760574001662446
19.140000000000192,0.8967045050214988,-5.2545928769204535e-11,-0.8766111887663122,-0.13760574001662348
19.150000000000194,0.896704505021409,-5.247704413008111e-11,-0.8766111887664024,-0.13760574001662249
19.160000000000196,0.8967045050213193,-5.240825436657107e-11,-0.8766111887664926,-0.1376057400166215
19.170000000000197,0.8967045050212296,-5.233956558098051e-11,-0.8766111887665826,-0.13760574001662054
19.1800000000002,0.8967045050211401,-5.227097723356934e-11,-0.8766111887666725,-0.1376057400166196
19.1900000000002,0.8967045050210506,-5.2202474516753304e-11,-0.8766111887667624,-0.13760574001661863
19.200000000000202,0.8967045050209612,-5.2134057610517874e-11,-0.876611188766852,-0.13760574001661768
19.210000000000203,0.896704505020872,-5.2065733521328e-11,-0.876611188766942,-0.13760574001661677
19.220000000000205,0.8967045050207828,-5.199749490074786e-11,-0.8766111887670315,-0.13760574001661577
19.230000000000206,0.8967045050206939,-5.192936091295444e-11,-0.8766111887671205,-0.1376057400166148
19.240000000000208,0.8967045050206051,-5.1861320734983774e-11,-0.8766111887672097,-0.13760574001661385
19.25000000000021,0.8967045050205162,-5.179337554897258e-11,-0.8766111887672988,-0.13760574001661285
19.26000000000021,0.8967045050204275,-5.172552084457165e-11,-0.8766111887673881,-0.13760574001661194
19.270000000000213,0.896704505020339,-5.1657754551238054e-11,-0.8766111887674772,-0.13760574001661102
19.280000000000214,0.8967045050202507,-5.159006916677699e-11,-0.8766111887675657,-0.13760574001661002
19.290000000000216,0.8967045050201625,-5.152249166253296e-11,-0.876611188767654,-0.13760574001660905
19.300000000000217,0.8967045050200743,-5.1455006789439795e-11,-0.8766111887677427,-0.1376057400166081
19.31000000000022,0.8967045050199863,-5.1387616907538834e-11,-0.8766111887678307,-0.13760574001660714
19.32000000000022,0.8967045050198984,-5.1320322509807705e-11,-0.8766111887679192,-0.1376057400166062
19.330000000000222,0.8967045050198105,-5.125310813505266e-11,-0.8766111887680075,-0.13760574001660528
19.340000000000224,0.8967045050197228,-5.118597771288606e-11,-0.8766111887680955,-0.1376057400166043
19.350000000000225,0.8967045050196352,-5.111894308681994e-11,-0.8766111887681831,-0.13760574001660333
19.360000000000227,0.8967045050195479,-5.1052011745229404e-11,-0.8766111887682706,-0.13760574001660236
19.37000000000023,0.8967045050194605,-5.098517476471486e-11,-0.8766111887683585,-0.1376057400166014
19.38000000000023,0.8967045050193734,-5.0918428093521493e-11,-0.8766111887684461,-0.13760574001660045
19.39000000000023,0.8967045050192864,-5.085176405703077e-11,-0.8766111887685336,-0.13760574001659953
19.400000000000233,0.8967045050191994,-5.078518573915041e-11,-0.8766111887686212,-0.1376057400165986
19.410000000000235,0.8967045050191126,-5.0718684193810986e-11,-0.8766111887687082,-0.1376057400165977
19.420000000000236,0.8967045050190258,-5.065226491354145e-11,-0.876611188768796,-0.13760574001659678
19.430000000000238,0.8967045050189392,-5.058592426682237e-11,-0.8766111887688828,-0.13760574001659587
19.44000000000024,0.8967045050188526,-5.0519667083405253e-11,-0.8766111887689698,-0.13760574001659495
19.45000000000024,0.8967045050187663,-5.0453497335002494e-11,-0.8766111887690565,-0.137605740016594
19.460000000000242,0.89670450501868,-5.038741946139887e-11,-0.8766111887691435,-0.1376057400165931
19.470000000000244,0.8967045050185938,-5.032142392613661e-11,-0.8766111887692299,-0.1376057400165922
19.480000000000246,0.8967045050185077,-5.025550792247042e-11,-0.8766111887693169,-0.13760574001659132
19.490000000000247,0.8967045050184218,-5.018966504895676e-11,-0.8766111887694036,-0.13760574001659043
19.50000000000025,0.8967045050183359,-5.012390087430695e-11,-0.8766111887694896,-0.1376057400165895
19.51000000000025,0.8967045050182502,-5.005822732938596e-11,-0.8766111887695763,-0.13760574001658862
19.520000000000252,0.8967045050181646,-4.9992631730789715e-11,-0.8766111887696625,-0.13760574001658776
19.530000000000253,0.8967045050180791,-4.9927102986400036e-11,-0.8766111887697488,-0.13760574001658682
19.540000000000255,0.8967045050179935,-4.98616574119912e-11,-0.876611188769835,-0.13760574001658593
19.550000000000257,0.8967045050179082,-4.9796290239458954e-11,-0.8766111887699206,-0.13760574001658504
19.560000000000258,0.8967045050178231,-4.973101876697936e-11,-0.8766111887700062,-0.1376057400165841
19.57000000000026,0.8967045050177379,-4.9665831014255636e-11,-0.8766111887700917,-0.13760574001658324
19.58000000000026,0.8967045050176529,-4.960072982801019e-11,-0.8766111887701772,-0.13760574001658232
19.590000000000263,0.896704505017568,-4.9535724659230046e-11,-0.8766111887702625,-0.13760574001658138
19.600000000000264,0.8967045050174832,-4.947080878764942e-11,-0.8766111887703477,-0.1376057400165805
19.610000000000266,0.8967045050173986,-4.940597916417915e-11,-0.8766111887704328,-0.13760574001657958
19.620000000000267,0.896704505017314,-4.934123141307605e-11,-0.8766111887705174,-0.13760574001657866
19.63000000000027,0.8967045050172295,-4.927657685776403e-11,-0.8766111887706023,-0.13760574001657777
19.64000000000027,0.8967045050171453,-4.9212006402162514e-11,-0.8766111887706867,-0.13760574001657686
19.650000000000272,0.8967045050170611,-4.914753428757572e-11,-0.8766111887707713,-0.13760574001657597
19.660000000000274,0.896704505016977,-4.908315161055133e-11,-0.8766111887708558,-0.13760574001657508
19.670000000000275,0.896704505016893,-4.9018853252133575e-11,-0.87661118877094,-0.13760574001657416
19.680000000000277,0.8967045050168091,-4.895465190956128e-11,-0.8766111887710237,-0.13760574001657325
19.69000000000028,0.8967045050167254,-4.8890539563823734e-11,-0.8766111887711079,-0.1376057400165723
19.70000000000028,0.8967045050166417,-4.88265208519994e-11,-0.8766111887711918,-0.13760574001657142
19.71000000000028,0.8967045050165581,-4.876259464157352e-11,-0.8766111887712756,-0.13760574001657053
19.720000000000283,0.8967045050164748,-4.869875705584359e-11,-0.8766111887713591,-0.13760574001656958
19.730000000000285,0.8967045050163913,-4.863500847191464e-11,-0.8766111887714433,-0.13760574001656875
19.740000000000286,0.8967045050163083,-4.857133520414573e-11,-0.8766111887715262,-0.1376057400165678
19.750000000000288,0.8967045050162252,-4.850775766236509e-11,-0.8766111887716098,-0.1376057400165669
19.76000000000029,0.8967045050161422,-4.844426696394133e-11,-0.8766111887716932,-0.13760574001656603
19.77000000000029,0.8967045050160594,-4.8380855358260164e-11,-0.8766111887717764,-0.13760574001656511
19.780000000000292,0.8967045050159768,-4.8317524656448964e-11,-0.8766111887718593,-0.13760574001656423
19.790000000000294,0.8967045050158942,-4.825428100684791e-11,-0.8766111887719422,-0.13760574001656337
19.800000000000296,0.8967045050158116,-4.819110187119628e-11,-0.8766111887720256,-0.13760574001656253
19.810000000000297,0.8967045050157292,-4.812799748579577e-11,-0.8766111887721083,-0.13760574001656165
19.8200000000003,0.8967045050156468,-4.806497785036537e-11,-0.8766111887721914,-0.13760574001656078
19.8300000000003,0.8967045050155645,-4.8002021363490225e-11,-0.8766111887722743,-0.13760574001655995
19.840000000000302,0.8967045050154824,-4.793913294003301e-11,-0.876611188772357,-0.13760574001655912
19.850000000000303,0.8967045050154004,-4.787633125455616e-11,-0.8766111887724393,-0.1376057400165582
19.860000000000305,0.8967045050153185,-4.781361675378114e-11,-0.8766111887725218,-0.13760574001655737
19.870000000000307,0.8967045050152366,-4.775096393406226e-11,-0.8766111887726044,-0.13760574001655654
19.880000000000308,0.896704505015155,-4.7688392796569593e-11,-0.8766111887726862,-0.13760574001655565
19.89000000000031,0.8967045050150734,-4.762591714495789e-11,-0.8766111887727683,-0.13760574001655482
19.90000000000031,0.8967045050149919,-4.7563512963099906e-11,-0.8766111887728504,-0.13760574001655393
19.910000000000313,0.8967045050149104,-4.750118264748494e-11,-0.8766111887729325,-0.1376057400165531
19.920000000000314,0.8967045050148292,-4.74389353565902e-11,-0.8766111887730138,-0.1376057400165522
19.930000000000316,0.896704505014748,-4.737677480839237e-11,-0.8766111887730956,-0.13760574001655138
19.940000000000317,0.8967045050146669,-4.731467993758951e-11,-0.876611188773177,-0.13760574001655052
19.95000000000032,0.896704505014586,-4.725268545897786e-11,-0.8766111887732582,-0.13760574001654963
19.96000000000032,0.896704505014505,-4.7190774808811e-11,-0.8766111887733397,-0.1376057400165488
19.970000000000322,0.8967045050144243,-4.712894633666734e-11,-0.8766111887734201,-0.13760574001654788
19.980000000000324,0.8967045050143438,-4.70672028785235e-11,-0.8766111887735016,-0.13760574001654705
19.990000000000325,0.8967045050142632,-4.700554303294035e-11,-0.8766111887735825,-0.13760574001654616
20.000000000000327,0.8967045050141828,-4.694396513022307e-11,-0.8766111887736631,-0.13760574001654532
20.01000000000033,0.8967045050141023,-4.6882473282905343e-11,-0.8766111887737446,-0.13760574001654452
20.02000000000033,0.8967045050140221,-4.6821042542596005e-11,-0.8766111887738247,-0.1376057400165436
20.03000000000033,0.896704505013942,-4.675970160544371e-11,-0.8766111887739051,-0.13760574001654274
20.040000000000333,0.896704505013862,-4.669844469969057e-11,-0.876611188773985,-0.13760574001654188
20.050000000000335,0.8967045050137822,-4.6637286161159034e-11,-0.8766111887740652,-0.137605740016541
20.060000000000336,0.8967045050137024,-4.657621410634463e-11,-0.8766111887741458,-0.1376057400165402
20.070000000000338,0.8967045050136228,-4.651521052688727e-11,-0.8766111887742254,-0.13760574001653933
20.08000000000034,0.896704505013543,-4.645429147660693e-11,-0.8766111887743058,-0.1376057400165385
20.09000000000034,0.8967045050134635,-4.639344901886068e-11,-0.8766111887743855,-0.13760574001653764
20.100000000000342,0.8967045050133841,-4.633268870826137e-11,-0.8766111887744654,-0.1376057400165368
20.110000000000344,0.8967045050133049,-4.6272006446008814e-11,-0.8766111887745444,-0.13760574001653594
20.120000000000346,0.8967045050132257,-4.621141349096519e-11,-0.8766111887746242,-0.13760574001653506
20.130000000000347,0.8967045050131466,-4.615089821252266e-11,-0.8766111887747036,-0.13760574001653422
20.14000000000035,0.8967045050130676,-4.6090463492591905e-11,-0.876611188774783,-0.13760574001653336
20.15000000000035,0.8967045050129888,-4.603010364905641e-11,-0.876611188774862,-0.1376057400165325
20.160000000000352,0.8967045050129102,-4.596983702849803e-11,-0.8766111887749407,-0.13760574001653164
20.170000000000353,0.8967045050128316,-4.5909664384797764e-11,-0.8766111887750196,-0.13760574001653078
20.180000000000355,0.8967045050127531,-4.584956576237454e-11,-0.8766111887750985,-0.13760574001652995
20.190000000000357,0.8967045050126747,-4.578954077594914e-11,-0.8766111887751775,-0.13760574001652912
20.200000000000358,0.8967045050125966,-4.572959050243278e-11,-0.8766111887752556,-0.13760574001652826
20.21000000000036,0.8967045050125184,-4.5669730329619346e-11,-0.8766111887753343,-0.13760574001652742
20.22000000000036,0.8967045050124403,-4.560993177754059e-11,-0.8766111887754136,-0.13760574001652667
20.230000000000363,0.8967045050123622,-4.555019269927045e-11,-0.8766111887754919,-0.13760574001652587
20.240000000000364,0.8967045050122843,-4.549052336115689e-11,-0.8766111887755708,-0.13760574001652506
20.250000000000366,0.8967045050122064,-4.543092093974861e-11,-0.8766111887756488,-0.13760574001652426
20.260000000000367,0.8967045050121287,-4.5371398475848055e-11,-0.8766111887757269,-0.13760574001652345
20.27000000000037,0.8967045050120511,-4.5311938075219156e-11,-0.8766111887758054,-0.13760574001652265
20.28000000000037,0.8967045050119737,-4.525256586787739e-11,-0.8766111887758827,-0.1376057400165218
20.290000000000372,0.8967045050118961,-4.519327786182912e-11,-0.8766111887759612,-0.13760574001652104
20.300000000000374,0.8967045050118189,-4.513404366417759e-11,-0.8766111887760393,-0.13760574001652023
20.310000000000375,0.8967045050117416,-4.507488392571722e-11,-0.8766111887761167,-0.13760574001651943
20.320000000000377,0.8967045050116645,-4.5015801771371896e-11,-0.8766111887761944,-0.13760574001651862
20.33000000000038,0.8967045050115874,-4.495679164225698e-11,-0.8766111887762721,-0.13760574001651785
20.34000000000038,0.8967045050115104,-4.489785518491987e-11,-0.8766111887763492,-0.13760574001651704
20.35000000000038,0.8967045050114337,-4.4838998322478844e-11,-0.8766111887764266,-0.1376057400165162
20.360000000000383,0.8967045050113569,-4.47802149051635e-11,-0.876611188776504,-0.13760574001651543
20.370000000000385,0.8967045050112804,-4.472150756481324e-11,-0.8766111887765808,-0.1376057400165146
20.380000000000386,0.8967045050112039,-4.466288969830335e-11,-0.8766111887766574,-0.13760574001651377
20.390000000000388,0.8967045050111275,-4.460436131740321e-11,-0.8766111887767342,-0.13760574001651296
20.40000000000039,0.8967045050110511,-4.454590086941742e-11,-0.8766111887768111,-0.13760574001651218
20.41000000000039,0.8967045050109749,-4.448751745447575e-11,-0.8766111887768875,-0.13760574001651138
20.420000000000393,0.8967045050108987,-4.442921457218643e-11,-0.8766111887769641,-0.13760574001651057
20.430000000000394,0.8967045050108226,-4.4370990612490234e-11,-0.8766111887770404,-0.1376057400165098
20.440000000000396,0.8967045050107466,-4.4312843725589165e-11,-0.8766111887771165,-0.13760574001650897
20.450000000000397,0.8967045050106708,-4.425478602180381e-11,-0.8766111887771928,-0.13760574001650816
20.4600000000004,0.8967045050105951,-4.4196812074501225e-11,-0.8766111887772684,-0.1376057400165073
20.4700000000004,0.8967045050105195,-4.413892149345313e-11,-0.8766111887773441,-0.1376057400165065
20.480000000000402,0.8967045050104441,-4.40811105228889e-11,-0.8766111887774196,-0.13760574001650563
20.490000000000403,0.8967045050103686,-4.4023396234705625e-11,-0.8766111887774953,-0.13760574001650486
20.500000000000405,0.8967045050102932,-4.396576545537919e-11,-0.8766111887775713,-0.13760574001650408
20.510000000000407,0.8967045050102178,-4.390819452267212e-11,-0.8766111887776472,-0.13760574001650328
20.520000000000408,0.8967045050101426,-4.385069092490099e-11,-0.8766111887777223,-0.13760574001650244
20.53000000000041,0.8967045050100676,-4.3793272876236165e-11,-0.876611188777798,-0.13760574001650164
20.54000000000041,0.8967045050099927,-4.373592481387395e-11,-0.8766111887778734,-0.13760574001650086
20.550000000000413,0.8967045050099177,-4.367864594065681e-11,-0.8766111887779486,-0.13760574001650003
20.560000000000414,0.896704505009843,-4.362143517666854e-11,-0.8766111887780235,-0.1376057400164992
20.570000000000416,0.8967045050097684,-4.356431438719362e-11,-0.8766111887780984,-0.1376057400164984
20.580000000000418,0.8967045050096938,-4.3507269375939934e-11,-0.8766111887781736,-0.1376057400164976
20.59000000000042,0.8967045050096194,-4.34502866452875e-11,-0.8766111887782481,-0.13760574001649678
20.60000000000042,0.8967045050095451,-4.339338804594711e-11,-0.8766111887783224,-0.13760574001649592
20.610000000000422,0.896704505009471,-4.333657952726185e-11,-0.8766111887783965,-0.13760574001649511
20.620000000000424,0.8967045050093968,-4.327985298813116e-11,-0.8766111887784714,-0.1376057400164943
20.630000000000425,0.8967045050093229,-4.3223190296365514e-11,-0.8766111887785456,-0.13760574001649353
20.640000000000427,0.896704505009249,-4.3166603952581505e-11,-0.8766111887786195,-0.1376057400164927
20.65000000000043,0.8967045050091751,-4.311009982761684e-11,-0.8766111887786938,-0.13760574001649195
20.66000000000043,0.8967045050091014,-4.305366248079315e-11,-0.8766111887787679,-0.13760574001649117
20.67000000000043,0.8967045050090278,-4.299729743710098e-11,-0.8766111887788419,-0.13760574001649037
20.680000000000433,0.8967045050089543,-4.294100398879043e-11,-0.8766111887789159,-0.13760574001648962
20.690000000000435,0.8967045050088808,-4.2884772548859624e-11,-0.8766111887789901,-0.13760574001648884
20.700000000000436,0.8967045050088074,-4.2828608222028854e-11,-0.8766111887790639,-0.1376057400164881
20.710000000000438,0.8967045050087341,-4.277250706370701e-11,-0.8766111887791375,-0.13760574001648732
20.72000000000044,0.896704505008661,-4.271647945125861e-11,-0.8766111887792112,-0.13760574001648657
20.73000000000044,0.8967045050085879,-4.266052231547459e-11,-0.8766111887792847,-0.1376057400164858
20.740000000000443,0.8967045050085148,-4.26046315682826e-11,-0.8766111887793586,-0.13760574001648507
20.750000000000444,0.896704505008442,-4.2548802492886125e-11,-0.8766111887794316,-0.1376057400164843
20.760000000000446,0.8967045050083692,-4.249304630046339e-11,-0.8766111887795047,-0.1376057400164835
20.770000000000447,0.8967045050082965,-4.2437369663334704e-11,-0.876611188779578,-0.13760574001648276
20.78000000000045,0.8967045050082237,-4.238175786527242e-11,-0.8766111887796513,-0.13760574001648207
20.79000000000045,0.8967045050081514,-4.2326209770950826e-11,-0.8766111887797239,-0.13760574001648126
20.800000000000452,0.8967045050080789,-4.2270739609598527e-11,-0.876611188779797,-0.13760574001648052
20.810000000000453,0.8967045050080066,-4.2215339201421137e-11,-0.8766111887798693,-0.13760574001647977
20.820000000000455,0.8967045050079343,-4.216001332254179e-11,-0.8766111887799423,-0.13760574001647902
20.830000000000457,0.8967045050078623,-4.210476409656096e-11,-0.8766111887800141,-0.13760574001647818
20.840000000000458,0.8967045050077902,-4.204960020399749e-11,-0.8766111887800867,-0.13760574001647746
20.85000000000046,0.8967045050077183,-4.199451256324294e-11,-0.8766111887801586,-0.13760574001647669
20.86000000000046,0.8967045050076464,-4.193948826800652e-11,-0.8766111887802314,-0.13760574001647594
20.870000000000463,0.8967045050075747,-4.1884533813510885e-11,-0.8766111887803032,-0.1376057400164752
20.880000000000464,0.896704505007503,-4.1829667350474203e-11,-0.8766111887803753,-0.1376057400164744
20.890000000000466,0.8967045050074314,-4.1774867706145174e-11,-0.8766111887804472,-0.13760574001647366
20.900000000000468,0.89670450500736,-4.172014021723078e-11,-0.8766111887805187,-0.13760574001647288
20.91000000000047,0.8967045050072886,-4.166548983315952e-11,-0.8766111887805907,-0.13760574001647216
20.92000000000047,0.8967045050072173,-4.161090675268979e-11,-0.8766111887806624,-0.13760574001647138
20.930000000000472,0.896704505007146,-4.1556386722883145e-11,-0.8766111887807341,-0.1376057400164707
20.940000000000474,0.896704505007075,-4.1501935773955105e-11,-0.8766111887808055,-0.13760574001646989
20.950000000000475,0.8967045050070038,-4.144756331238761e-11,-0.8766111887808772,-0.13760574001646916
20.960000000000477,0.8967045050069329,-4.139324576037983e-11,-0.8766111887809488,-0.1376057400164684
20.97000000000048,0.896704505006862,-4.1339003134025796e-11,-0.8766111887810197,-0.13760574001646764
20.98000000000048,0.8967045050067914,-4.128483592008804e-11,-0.8766111887810903,-0.13760574001646683
20.99000000000048,0.8967045050067207,-4.1230748563207855e-11,-0.8766111887811614,-0.13760574001646608
21.000000000000483,0.8967045050066502,-4.1176742064392166e-11,-0.876611188781232,-0.13760574001646528
21.010000000000485,0.8967045050065797,-4.112281983880078e-11,-0.8766111887813025,-0.13760574001646453
21.020000000000486,0.8967045050065094,-4.106896863768634e-11,-0.8766111887813732,-0.13760574001646375
21.030000000000488,0.8967045050064392,-4.1015191561078956e-11,-0.8766111887814437,-0.137605740016463
21.04000000000049,0.8967045050063691,-4.0961490539227384e-11,-0.8766111887815139,-0.13760574001646222
21.05000000000049,0.896704505006299,-4.090787097543105e-11,-0.8766111887815843,-0.1376057400164615
21.060000000000493,0.896704505006229,-4.085431485410233e-11,-0.8766111887816546,-0.13760574001646075
21.070000000000494,0.8967045050061591,-4.080083410148929e-11,-0.8766111887817248,-0.13760574001646
21.080000000000496,0.8967045050060892,-4.074742473213591e-11,-0.8766111887817949,-0.13760574001645928
21.090000000000497,0.8967045050060196,-4.069408006425702e-11,-0.876611188781865,-0.13760574001645853
21.1000000000005,0.89670450500595,-4.064080714319297e-11,-0.8766111887819347,-0.13760574001645778
21.1100000000005,0.8967045050058805,-4.058760950693307e-11,-0.8766111887820043,-0.13760574001645703
21.120000000000502,0.8967045050058111,-4.053448635237145e-11,-0.876611188782074,-0.1376057400164563
21.130000000000503,0.8967045050057418,-4.0481438099807996e-11,-0.8766111887821435,-0.13760574001645554
21.140000000000505,0.8967045050056726,-4.04284605210967e-11,-0.8766111887822131,-0.13760574001645484
21.150000000000507,0.8967045050056035,-4.0375545642284266e-11,-0.8766111887822823,-0.13760574001645406
21.160000000000508,0.8967045050055346,-4.0322706007367337e-11,-0.8766111887823518,-0.13760574001645337
21.17000000000051,0.8967045050054655,-4.026992357051181e-11,-0.8766111887824212,-0.13760574001645265
21.18000000000051,0.8967045050053967,-4.021720984262058e-11,-0.8766111887824904,-0.1376057400164519
21.190000000000513,0.896704505005328,-4.016458100097052e-11,-0.8766111887825594,-0.13760574001645118
21.200000000000514,0.8967045050052591,-4.011201453788865e-11,-0.8766111887826287,-0.1376057400164505
21.210000000000516,0.8967045050051905,-4.0059497467945393e-11,-0.8766111887826978,-0.1376057400164498
21.220000000000518,0.8967045050051222,-4.000705329700269e-11,-0.8766111887827662,-0.13760574001644907
21.23000000000052,0.8967045050050537,-3.995466826051536e-11,-0.8766111887828352,-0.13760574001644837
21.24000000000052,0.8967045050049853,-3.9902345158460485e-11,-0.8766111887829043,-0.1376057400164477
21.250000000000522,0.896704505004917,-3.985008263014403e-11,-0.8766111887829728,-0.13760574001644696
21.260000000000524,0.8967045050048489,-3.979788559134621e-11,-0.8766111887830412,-0.13760574001644627
21.270000000000525,0.8967045050047809,-3.974575786510758e-11,-0.8766111887831093,-0.13760574001644552
21.280000000000527,0.8967045050047129,-3.969370429112592e-11,-0.8766111887831785,-0.13760574001644485
21.29000000000053,0.896704505004645,-3.964170916538024e-11,-0.8766111887832465,-0.13760574001644413
21.30000000000053,0.8967045050045772,-3.958978339353826e-11,-0.8766111887833147,-0.13760574001644343
21.31000000000053,0.8967045050045096,-3.9537918628392755e-11,-0.8766111887833828,-0.13760574001644274
21.320000000000533,0.8967045050044419,-3.948611270819091e-11,-0.8766111887834511,-0.13760574001644207
21.330000000000535,0.8967045050043743,-3.9434364165385876e-11,-0.8766111887835196,-0.13760574001644144
21.340000000000536,0.8967045050043068,-3.9382666902105926e-11,-0.8766111887835873,-0.13760574001644071
21.350000000000538,0.8967045050042395,-3.9331034920172196e-11,-0.8766111887836547,-0.13760574001644002
21.36000000000054,0.8967045050041722,-3.9279478246657505e-11,-0.8766111887837226,-0.13760574001643933
21.37000000000054,0.896704505004105,-3.922797973415658e-11,-0.8766111887837905,-0.13760574001643866
21.380000000000543,0.8967045050040379,-3.9176548799296016e-11,-0.876611188783858,-0.13760574001643797
21.390000000000544,0.8967045050039709,-3.912518962837197e-11,-0.876611188783925,-0.13760574001643727
21.400000000000546,0.896704505003904,-3.9073898889864775e-11,-0.8766111887839922,-0.1376057400164366
21.410000000000547,0.8967045050038371,-3.902267500643436e-11,-0.8766111887840599,-0.13760574001643597
21.42000000000055,0.8967045050037703,-3.897150699192577e-11,-0.876611188784127,-0.13760574001643527
21.43000000000055,0.8967045050037036,-3.8920403812467305e-11,-0.8766111887841944,-0.1376057400164346
21.440000000000552,0.8967045050036372,-3.8869359351003116e-11,-0.876611188784261,-0.1376057400164339
21.450000000000554,0.8967045050035706,-3.881838455946736e-11,-0.8766111887843285,-0.13760574001643325
21.460000000000555,0.8967045050035042,-3.876746191707379e-11,-0.8766111887843954,-0.13760574001643255
21.470000000000557,0.8967045050034377,-3.871660355039448e-11,-0.8766111887844626,-0.13760574001643186
21.480000000000558,0.8967045050033715,-3.86658029325026e-11,-0.8766111887845293,-0.1376057400164312
21.49000000000056,0.8967045050033053,-3.861507055034733e-11,-0.8766111887845957,-0.13760574001643047
21.50000000000056,0.8967045050032392,-3.856441197483691e-11,-0.876611188784662,-0.1376057400164298
21.510000000000563,0.8967045050031731,-3.8513820377108836e-11,-0.876611188784729,-0.1376057400164291
21.520000000000564,0.8967045050031072,-3.8463286642719154e-11,-0.8766111887847949,-0.1376057400164284
21.530000000000566,0.8967045050030413,-3.8412835214845464e-11,-0.876611188784861,-0.13760574001642767
21.540000000000568,0.8967045050029756,-3.836245605339433e-11,-0.8766111887849269,-0.13760574001642698
21.55000000000057,0.8967045050029099,-3.831215414702652e-11,-0.8766111887849927,-0.13760574001642623
21.56000000000057,0.8967045050028445,-3.8261931222267504e-11,-0.8766111887850584,-0.13760574001642553
21.570000000000572,0.896704505002779,-3.8211782426532184e-11,-0.8766111887851241,-0.1376057400164248
21.580000000000574,0.8967045050027136,-3.8161698051981114e-11,-0.87661118878519,-0.13760574001642412
21.590000000000575,0.8967045050026483,-3.811168561448858e-11,-0.8766111887852552,-0.13760574001642342
21.600000000000577,0.896704505002583,-3.806173950083619e-11,-0.8766111887853207,-0.13760574001642273
21.61000000000058,0.896704505002518,-3.801186026435088e-11,-0.8766111887853865,-0.13760574001642203
21.62000000000058,0.896704505002453,-3.7962047847522673e-11,-0.8766111887854515,-0.13760574001642134
21.63000000000058,0.8967045050023881,-3.791230880443288e-11,-0.8766111887855169,-0.13760574001642065
21.640000000000583,0.896704505002323,-3.78626311614279e-11,-0.8766111887855819,-0.13760574001641998
21.650000000000585,0.8967045050022583,-3.781301160191962e-11,-0.8766111887856474,-0.1376057400164193
21.660000000000586,0.8967045050021937,-3.776345150867249e-11,-0.8766111887857122,-0.1376057400164186
21.670000000000588,0.8967045050021291,-3.77139667018286e-11,-0.8766111887857773,-0.1376057400164179
21.68000000000059,0.8967045050020644,-3.7664546288955316e-11,-0.8766111887858425,-0.13760574001641723
21.69000000000059,0.8967045050020002,-3.761517442930324e-11,-0.8766111887859068,-0.1376057400164165
21.700000000000593,0.8967045050019359,-3.756588121226499e-11,-0.8766111887859714,-0.13760574001641585
21.710000000000594,0.8967045050018716,-3.751665707718219e-11,-0.8766111887860359,-0.13760574001641515
21.720000000000596,0.8967045050018073,-3.746749468629725e-11,-0.8766111887861008,-0.13760574001641449
21.730000000000597,0.8967045050017434,-3.741838997752477e-11,-0.8766111887861653,-0.13760574001641382
21.7400000000006,0.8967045050016794,-3.736933650387268e-11,-0.8766111887862295,-0.13760574001641313
21.7500000000006,0.8967045050016156,-3.732035614089936e-11,-0.8766111887862937,-0.13760574001641246
21.760000000000602,0.8967045050015519,-3.727143900416507e-11,-0.8766111887863578,-0.13760574001641177
21.770000000000604,0.8967045050014878,-3.722258233263783e-11,-0.8766111887864229,-0.13760574001641115
21.780000000000605,0.8967045050014242,-3.71737612549837e-11,-0.8766111887864868,-0.13760574001641046
21.790000000000607,0.8967045050013606,-3.7125006094790625e-11,-0.8766111887865509,-0.13760574001640982
21.80000000000061,0.8967045050012971,-3.707631723178743e-11,-0.8766111887866146,-0.1376057400164091
21.81000000000061,0.8967045050012336,-3.702769936961559e-11,-0.8766111887866788,-0.1376057400164085
21.82000000000061,0.8967045050011703,-3.697914382729319e-11,-0.8766111887867423,-0.1376057400164078
21.830000000000613,0.8967045050011069,-3.6930647700899944e-11,-0.876611188786806,-0.13760574001640716
21.840000000000614,0.8967045050010437,-3.688221105730873e-11,-0.8766111887868698,-0.13760574001640646
21.850000000000616,0.8967045050009805,-3.683383600064402e-11,-0.8766111887869334,-0.1376057400164058
21.860000000000618,0.8967045050009175,-3.678552416965724e-11,-0.8766111887869967,-0.13760574001640513
21.87000000000062,0.8967045050008545,-3.673728009393724e-11,-0.87661118878706,-0.13760574001640444
21.88000000000062,0.8967045050007917,-3.6689102105358825e-11,-0.8766111887871232,-0.13760574001640377
21.890000000000622,0.8967045050007288,-3.6641002980428157e-11,-0.8766111887871859,-0.13760574001640308
21.900000000000624,0.8967045050006661,-3.659296828293406e-11,-0.876611188787249,-0.1376057400164024
21.910000000000625,0.8967045050006035,-3.654499554328769e-11,-0.8766111887873118,-0.1376057400164017
21.920000000000627,0.896704505000541,-3.649708990081266e-11,-0.8766111887873744,-0.13760574001640102
21.93000000000063,0.8967045050004784,-3.6449266824442396e-11,-0.8766111887874372,-0.13760574001640033
21.94000000000063,0.896704505000416,-3.6401514311693636e-11,-0.8766111887874998,-0.13760574001639966
21.95000000000063,0.8967045050003538,-3.635382826003464e-11,-0.8766111887875618,-0.13760574001639894
21.960000000000633,0.8967045050002916,-3.6306216162754553e-11,-0.8766111887876245,-0.1376057400163983
21.970000000000635,0.8967045050002296,-3.6258665683954856e-11,-0.8766111887876863,-0.13760574001639758
21.980000000000636,0.8967045050001675,-3.62111947982532e-11,-0.8766111887877488,-0.13760574001639694
21.990000000000638,0.8967045050001056,-3.6163779897879104e-11,-0.8766111887878111,-0.13760574001639628
22.00000000000064,0.8967045050000437,-3.611642979268607e-11,-0.876611188787873,-0.13760574001639564
22.01000000000064,0.8967045049999819,-3.606913098476801e-11,-0.8766111887879356,-0.13760574001639497
22.020000000000643,0.8967045049999202,-3.602188994686809e-11,-0.8766111887879974,-0.1376057400163943
22.030000000000644,0.8967045049998584,-3.597471887717294e-11,-0.8766111887880593,-0.13760574001639367
22.040000000000646,0.8967045049997969,-3.592759824431563e-11,-0.8766111887881213,-0.13760574001639297
22.050000000000647,0.8967045049997355,-3.5880548586125806e-11,-0.8766111887881824,-0.13760574001639234
22.06000000000065,0.8967045049996741,-3.5833565592698345e-11,-0.8766111887882441,-0.13760574001639167
22.07000000000065,0.8967045049996127,-3.578664548517639e-11,-0.8766111887883058,-0.13760574001639103
22.080000000000652,0.8967045049995516,-3.5739785831444576e-11,-0.8766111887883676,-0.1376057400163904
22.090000000000654,0.8967045049994904,-3.569298220250866e-11,-0.876611188788429,-0.13760574001638975
22.100000000000655,0.8967045049994293,-3.564623679681985e-11,-0.8766111887884904,-0.1376057400163891
22.110000000000657,0.8967045049993683,-3.559955144458877e-11,-0.8766111887885518,-0.13760574001638842
22.12000000000066,0.8967045049993073,-3.5552922136948936e-11,-0.8766111887886132,-0.13760574001638778
22.13000000000066,0.8967045049992466,-3.5506358080778613e-11,-0.8766111887886737,-0.1376057400163871
22.14000000000066,0.896704504999186,-3.545986434894496e-11,-0.8766111887887343,-0.13760574001638645
22.150000000000663,0.8967045049991254,-3.541343746567637e-11,-0.8766111887887957,-0.13760574001638579
22.160000000000664,0.8967045049990647,-3.5367063311312546e-11,-0.8766111887888568,-0.1376057400163852
22.170000000000666,0.8967045049990041,-3.5320739478433654e-11,-0.8766111887889176,-0.13760574001638456
22.180000000000668,0.8967045049989437,-3.527446162293857e-11,-0.8766111887889786,-0.13760574001638393
22.19000000000067,0.8967045049988834,-3.522824777039544e-11,-0.8766111887890391,-0.13760574001638326
22.20000000000067,0.8967045049988231,-3.518209228513052e-11,-0.8766111887890996,-0.13760574001638262
22.210000000000672,0.896704504998763,-3.51360048220972e-11,-0.8766111887891601,-0.13760574001638198
22.220000000000674,0.8967045049987029,-3.508997485000874e-11,-0.8766111887892206,-0.13760574001638134
22.230000000000675,0.8967045049986428,-3.5043992399886974e-11,-0.8766111887892812,-0.13760574001638076
22.240000000000677,0.896704504998583,-3.4998060141811366e-11,-0.876611188789342,-0.13760574001638015
22.25000000000068,0.896704504998523,-3.4952170318553986e-11,-0.8766111887894024,-0.13760574001637957
22.26000000000068,0.8967045049984632,-3.490633175116487e-11,-0.8766111887894626,-0.13760574001637893
22.27000000000068,0.8967045049984035,-3.486056027481696e-11,-0.8766111887895225,-0.13760574001637826
22.280000000000683,0.896704504998344,-3.4814848809070256e-11,-0.8766111887895824,-0.13760574001637765
22.290000000000685,0.8967045049982845,-3.476919842320378e-11,-0.8766111887896422,-0.137605740016377
22.300000000000686,0.896704504998225,-3.47236124763865e-11,-0.876611188789702,-0.13760574001637638
22.310000000000688,0.8967045049981655,-3.467808620787634e-11,-0.8766111887897623,-0.13760574001637577
22.32000000000069,0.8967045049981061,-3.4632610696112315e-11,-0.8766111887898225,-0.13760574001637518
22.33000000000069,0.8967045049980469,-3.45871826527743e-11,-0.8766111887898814,-0.13760574001637452
22.340000000000693,0.8967045049979876,-3.454182462414613e-11,-0.8766111887899408,-0.1376057400163739
22.350000000000694,0.8967045049979285,-3.4496524201508914e-11,-0.8766111887900004,-0.13760574001637327
22.360000000000696,0.8967045049978695,-3.445129088843813e-11,-0.87661118879006,-0.13760574001637266
22.370000000000697,0.8967045049978105,-3.440611178547959e-11,-0.876611188790119,-0.13760574001637205
22.3800000000007,0.8967045049977517,-3.4361005742457966e-11,-0.876611188790178,-0.1376057400163714
22.3900000000007,0.8967045049976929,-3.4315953102422693e-11,-0.8766111887902373,-0.1376057400163708
22.400000000000702,0.8967045049976342,-3.427095968125552e-11,-0.8766111887902963,-0.13760574001637016
22.410000000000704,0.8967045049975755,-3.422603551837659e-11,-0.8766111887903554,-0.13760574001636958
22.420000000000705,0.8967045049975171,-3.4181160911210824e-11,-0.8766111887904142,-0.13760574001636894
22.430000000000707,0.8967045049974586,-3.413635072330854e-11,-0.8766111887904728,-0.1376057400163683
22.44000000000071,0.8967045049974001,-3.409159305891392e-11,-0.8766111887905316,-0.13760574001636772
22.45000000000071,0.8967045049973417,-3.404689320487147e-11,-0.8766111887905907,-0.1376057400163671
22.46000000000071,0.8967045049972833,-3.400224878487052e-11,-0.8766111887906498,-0.13760574001636652
22.470000000000713,0.896704504997225,-3.395765258105374e-11,-0.8766111887907082,-0.13760574001636589
22.480000000000715,0.8967045049971669,-3.391312494083063e-11,-0.8766111887907664,-0.13760574001636525
22.490000000000716,0.8967045049971089,-3.3868659970101444e-11,-0.8766111887908243,-0.1376057400163646
22.500000000000718,0.8967045049970508,-3.382426206568866e-11,-0.8766111887908827,-0.13760574001636397
22.51000000000072,0.8967045049969931,-3.377993245262782e-11,-0.8766111887909404,-0.1376057400163633
22.52000000000072,0.8967045049969353,-3.373567859509907e-11,-0.8766111887909982,-0.13760574001636267
22.530000000000722,0.8967045049968775,-3.3691493828544056e-11,-0.8766111887910562,-0.13760574001636205
22.540000000000724,0.89670450499682,-3.364735948969052e-11,-0.8766111887911137,-0.13760574001636142
22.550000000000725,0.8967045049967622,-3.360329420886535e-11,-0.8766111887911718,-0.1376057400163608
22.560000000000727,0.8967045049967048,-3.35592829963069e-11,-0.8766111887912291,-0.13760574001636014
22.57000000000073,0.8967045049966473,-3.35153477541731e-11,-0.8766111887912872,-0.13760574001635953
22.58000000000073,0.8967045049965899,-3.347146935989698e-11,-0.8766111887913445,-0.1376057400163589
22.59000000000073,0.8967045049965326,-3.342764964638661e-11,-0.876611188791402,-0.13760574001635828
22.600000000000733,0.8967045049964754,-3.338389190634479e-11,-0.8766111887914593,-0.13760574001635764
22.610000000000735,0.8967045049964183,-3.334020012049152e-11,-0.8766111887915162,-0.137605740016357
22.620000000000736,0.8967045049963612,-3.329657073016751e-11,-0.8766111887915732,-0.13760574001635634
22.630000000000738,0.8967045049963043,-3.3253013876567595e-11,-0.8766111887916306,-0.13760574001635573
22.64000000000074,0.8967045049962473,-3.320952741421593e-11,-0.876611188791687,-0.13760574001635512
22.65000000000074,0.8967045049961905,-3.316609867870648e-11,-0.8766111887917442,-0.13760574001635448
22.660000000000743,0.8967045049961337,-3.312273325094802e-11,-0.8766111887918009,-0.1376057400163538
22.670000000000744,0.8967045049960771,-3.3079438219557434e-11,-0.8766111887918574,-0.13760574001635326
22.680000000000746,0.8967045049960205,-3.303618964227409e-11,-0.8766111887919145,-0.13760574001635262
22.690000000000747,0.896704504995964,-3.2993008257880954e-11,-0.8766111887919709,-0.137605740016352
22.70000000000075,0.8967045049959076,-3.294987877149697e-11,-0.8766111887920273,-0.13760574001635137
22.71000000000075,0.8967045049958513,-3.290681635642652e-11,-0.8766111887920837,-0.13760574001635079
22.720000000000752,0.8967045049957949,-3.28638036534835e-11,-0.8766111887921403,-0.1376057400163502
22.730000000000754,0.8967045049957388,-3.28208429625401e-11,-0.8766111887921967,-0.1376057400163496
22.740000000000755,0.8967045049956825,-3.277793335660578e-11,-0.876611188792253,-0.137605740016349
22.750000000000757,0.8967045049956265,-3.273507377524176e-11,-0.8766111887923096,-0.13760574001634843
22.76000000000076,0.8967045049955704,-3.269225499441937e-11,-0.8766111887923657,-0.13760574001634782
22.77000000000076,0.8967045049955145,-3.264950899019553e-11,-0.8766111887924217,-0.13760574001634723
22.78000000000076,0.8967045049954587,-3.260681369650121e-11,-0.8766111887924778,-0.13760574001634665
22.790000000000763,0.8967045049954028,-3.256416359377333e-11,-0.8766111887925343,-0.1376057400163461
22.800000000000765,0.896704504995347,-3.252156009697583e-11,-0.87661118879259,-0.13760574001634548
22.810000000000766,0.8967045049952914,-3.2479017291281e-11,-0.8766111887926458,-0.1376057400163449
22.820000000000768,0.896704504995236,-3.2436537096257804e-11,-0.8766111887927013,-0.1376057400163443
22.83000000000077,0.8967045049951806,-3.2394103029990726e-11,-0.8766111887927569,-0.1376057400163437
22.84000000000077,0.8967045049951251,-3.2351715453359145e-11,-0.8766111887928129,-0.13760574001634313
22.850000000000772,0.8967045049950698,-3.2309388410395985e-11,-0.8766111887928684,-0.13760574001634257
22.860000000000774,0.8967045049950146,-3.226711414034868e-11,-0.8766111887929241,-0.13760574001634202
22.870000000000775,0.8967045049949594,-3.2224883004651884e-11,-0.8766111887929796,-0.13760574001634146
22.880000000000777,0.8967045049949043,-3.218270488095768e-11,-0.8766111887930353,-0.13760574001634088
22.89000000000078,0.8967045049948492,-3.214055986553985e-11,-0.8766111887930907,-0.13760574001634035
22.90000000000078,0.8967045049947941,-3.209846805044439e-11,-0.8766111887931461,-0.13760574001633977
22.91000000000078,0.8967045049947393,-3.205642155939619e-11,-0.8766111887932012,-0.13760574001633918
22.920000000000783,0.8967045049946846,-3.201442908921162e-11,-0.8766111887932566,-0.13760574001633866
22.930000000000785,0.8967045049946298,-3.197248752267179e-11,-0.8766111887933116,-0.1376057400163381
22.940000000000786,0.896704504994575,-3.193059819269699e-11,-0.8766111887933671,-0.1376057400163376
22.950000000000788,0.8967045049945204,-3.1888749941882925e-11,-0.876611188793422,-0.13760574001633705
22.96000000000079,0.8967045049944659,-3.184694569906731e-11,-0.876611188793477,-0.13760574001633646
22.97000000000079,0.8967045049944116,-3.1805195311698796e-11,-0.8766111887935315,-0.1376057400163359
22.980000000000793,0.896704504994357,-3.176350890953603e-11,-0.8766111887935865,-0.13760574001633535
22.990000000000794,0.8967045049943027,-3.1721857061505745e-11,-0.8766111887936415,-0.13760574001633485
23.000000000000796,0.8967045049942484,-3.168025457168847e-11,-0.8766111887936961,-0.13760574001633427
23.010000000000797,0.8967045049941941,-3.163871745610271e-11,-0.8766111887937509,-0.13760574001633372
23.0200000000008,0.8967045049941399,-3.159722782160775e-11,-0.8766111887938051,-0.13760574001633313
23.0300000000008,0.8967045049940858,-3.155580271115224e-11,-0.8766111887938594,-0.13760574001633255
23.040000000000802,0.8967045049940319,-3.1514425128337574e-11,-0.8766111887939135,-0.13760574001633197
23.050000000000804,0.896704504993978,-3.147311406552187e-11,-0.8766111887939674,-0.1376057400163314
23.060000000000805,0.896704504993924,-3.143186484936676e-11,-0.8766111887940219,-0.13760574001633086
23.070000000000807,0.8967045049938702,-3.139066252097301e-11,-0.876611188794076,-0.1376057400163303
23.08000000000081,0.8967045049938166,-3.1349519060065236e-11,-0.8766111887941298,-0.13760574001632975
23.09000000000081,0.896704504993763,-3.130842302822929e-11,-0.8766111887941839,-0.13760574001632916
23.10000000000081,0.8967045049937094,-3.126738473894631e-11,-0.8766111887942379,-0.13760574001632864
23.110000000000813,0.8967045049936556,-3.122638658720628e-11,-0.8766111887942922,-0.13760574001632808
23.120000000000815,0.8967045049936022,-3.1185445721934234e-11,-0.8766111887943456,-0.1376057400163275
23.130000000000816,0.8967045049935488,-3.114455473718069e-11,-0.8766111887943993,-0.13760574001632694
23.140000000000818,0.8967045049934956,-3.1103721421022056e-11,-0.8766111887944525,-0.13760574001632633
23.15000000000082,0.8967045049934425,-3.1062956937588326e-11,-0.8766111887945061,-0.13760574001632575
23.16000000000082,0.8967045049933892,-3.102225140271118e-11,-0.8766111887945595,-0.1376057400163252
23.170000000000822,0.896704504993336,-3.098158963543661e-11,-0.8766111887946128,-0.1376057400163246
23.180000000000824,0.896704504993283,-3.094099650322636e-11,-0.8766111887946654,-0.137605740016324
23.190000000000826,0.89670450499323,-3.0900469180479226e-11,-0.8766111887947189,-0.13760574001632345
23.200000000000827,0.8967045049931772,-3.0859988378205656e-11,-0.8766111887947718,-0.13760574001632286
23.21000000000083,0.8967045049931244,-3.0819564320568855e-11,-0.8766111887948249,-0.13760574001632228
23.22000000000083,0.8967045049930717,-3.077920405439439e-11,-0.8766111887948775,-0.13760574001632173
23.23000000000083,0.8967045049930191,-3.073890878774426e-11,-0.8766111887949304,-0.13760574001632117
23.240000000000833,0.8967045049929665,-3.069866152738328e-11,-0.8766111887949837,-0.1376057400163206
23.250000000000835,0.8967045049929139,-3.065845695841263e-11,-0.8766111887950359,-0.13760574001632003
23.260000000000836,0.8967045049928614,-3.0618312811227673e-11,-0.8766111887950886,-0.13760574001631948
23.270000000000838,0.896704504992809,-3.05782182663582e-11,-0.8766111887951413,-0.13760574001631892
23.28000000000084,0.8967045049927567,-3.0538179329557126e-11,-0.8766111887951941,-0.13760574001631837
23.29000000000084,0.8967045049927044,-3.0498180847097236e-11,-0.8766111887952468,-0.1376057400163178
23.300000000000843,0.8967045049926522,-3.045823755603278e-11,-0.8766111887952989,-0.13760574001631726
23.310000000000844,0.8967045049926001,-3.0418348385592355e-11,-0.876611188795351,-0.13760574001631667
23.320000000000846,0.8967045049925481,-3.0378516396858535e-11,-0.8766111887954032,-0.13760574001631612
23.330000000000847,0.8967045049924962,-3.033873068424303e-11,-0.8766111887954557,-0.13760574001631554
23.34000000000085,0.8967045049924444,-3.029901117621798e-11,-0.8766111887955074,-0.13760574001631498
23.35000000000085,0.8967045049923926,-3.025934074164405e-11,-0.8766111887955595,-0.13760574001631445
23.360000000000852,0.8967045049923409,-3.0219719536784576e-11,-0.8766111887956114,-0.13760574001631387
23.370000000000854,0.8967045049922892,-3.018014578702356e-11,-0.8766111887956635,-0.13760574001631334
23.380000000000855,0.8967045049922375,-3.0140618054683114e-11,-0.8766111887957154,-0.13760574001631284
23.390000000000857,0.896704504992186,-3.010112393365942e-11,-0.8766111887957678,-0.1376057400163123
23.40000000000086,0.8967045049921345,-3.006168380226743e-11,-0.8766111887958193,-0.13760574001631173
23.41000000000086,0.896704504992083,-3.0022298552457095e-11,-0.8766111887958717,-0.13760574001631126
23.42000000000086,0.8967045049920317,-2.9982933970472e-11,-0.8766111887959231,-0.1376057400163107
23.430000000000863,0.8967045049919804,-2.994362890756414e-11,-0.876611188795975,-0.13760574001631018
23.440000000000865,0.8967045049919293,-2.990437617657804e-11,-0.8766111887960261,-0.1376057400163096
23.450000000000866,0.8967045049918781,-2.986517851422702e-11,-0.8766111887960778,-0.13760574001630907
23.460000000000868,0.8967045049918271,-2.9826022427094495e-11,-0.8766111887961293,-0.13760574001630857
23.47000000000087,0.896704504991776,-2.9786908852656845e-11,-0.876611188796181,-0.13760574001630804
23.48000000000087,0.8967045049917249,-2.974783684029329e-11,-0.8766111887962325,-0.13760574001630754
23.490000000000872,0.8967045049916741,-2.9708809100966994e-11,-0.876611188796284,-0.13760574001630702
23.500000000000874,0.8967045049916235,-2.966982384156921e-11,-0.8766111887963347,-0.13760574001630646
23.510000000000876,0.8967045049915727,-2.96309015309139e-11,-0.8766111887963861,-0.13760574001630593
23.520000000000877,0.896704504991522,-2.9592021682105665e-11,-0.8766111887964372,-0.13760574001630546
23.53000000000088,0.8967045049914714,-2.955318451899724e-11,-0.8766111887964882,-0.1376057400163049
23.54000000000088,0.8967045049914208,-2.951439508337253e-11,-0.8766111887965389,-0.13760574001630438
23.550000000000882,0.8967045049913703,-2.947566947450904e-11,-0.87661118879659,-0.13760574001630385
23.560000000000883,0.8967045049913198,-2.9436991319019237e-11,-0.876611188796641,-0.13760574001630335
23.570000000000885,0.8967045049912694,-2.9398360989031476e-11,-0.8766111887966918,-0.13760574001630285
23.580000000000886,0.8967045049912191,-2.9359775335186504e-11,-0.8766111887967424,-0.13760574001630232
23.590000000000888,0.8967045049911689,-2.932124669369898e-11,-0.8766111887967929,-0.1376057400163018
23.60000000000089,0.8967045049911186,-2.928276288548404e-11,-0.8766111887968434,-0.13760574001630127
23.61000000000089,0.8967045049910686,-2.9244338788351815e-11,-0.8766111887968937,-0.1376057400163007
23.620000000000893,0.8967045049910185,-2.920597371776563e-11,-0.8766111887969439,-0.13760574001630016
23.630000000000894,0.8967045049909685,-2.916766043583481e-11,-0.8766111887969941,-0.13760574001629963
23.640000000000896,0.8967045049909186,-2.912939717394332e-11,-0.8766111887970442,-0.13760574001629908
23.650000000000897,0.8967045049908687,-2.909120074830855e-11,-0.876611188797094,-0.13760574001629855
23.6600000000009,0.896704504990819,-2.905305753062097e-11,-0.8766111887971444,-0.13760574001629802
23.6700000000009,0.8967045049907693,-2.901496835615752e-11,-0.876611188797194,-0.13760574001629747
23.680000000000902,0.8967045049907196,-2.8976940391925752e-11,-0.8766111887972434,-0.13760574001629694
23.690000000000904,0.89670450499067,-2.8938970776626564e-11,-0.8766111887972932,-0.13760574001629639
23.700000000000905,0.8967045049906204,-2.8901051192768937e-11,-0.8766111887973432,-0.13760574001629586
23.710000000000907,0.8967045049905711,-2.8863182978791302e-11,-0.8766111887973929,-0.13760574001629533
23.72000000000091,0.8967045049905217,-2.882536374109482e-11,-0.8766111887974422,-0.13760574001629478
23.73000000000091,0.8967045049904723,-2.8787609016955155e-11,-0.8766111887974919,-0.13760574001629428
23.74000000000091,0.8967045049904231,-2.8749903327266516e-11,-0.8766111887975409,-0.13760574001629372
23.750000000000913,0.8967045049903738,-2.8712261772086707e-11,-0.8766111887975906,-0.13760574001629322
23.760000000000915,0.8967045049903247,-2.8674654553797987e-11,-0.8766111887976401,-0.1376057400162927
23.770000000000916,0.8967045049902755,-2.863709877513007e-11,-0.8766111887976897,-0.1376057400162922
23.780000000000918,0.8967045049902266,-2.8599589982754715e-11,-0.876611188797738,-0.13760574001629164
23.79000000000092,0.8967045049901776,-2.8562142503917332e-11,-0.8766111887977877,-0.13760574001629114
23.80000000000092,0.8967045049901289,-2.8524734060044018e-11,-0.8766111887978364,-0.13760574001629056
23.810000000000922,0.89670450499008,-2.8487393824341368e-11,-0.8766111887978852,-0.13760574001629003
23.820000000000924,0.8967045049900312,-2.845010878000698e-11,-0.8766111887979342,-0.1376057400162895
23.830000000000926,0.8967045049899826,-2.8412863521773275e-11,-0.8766111887979833,-0.13760574001628897
23.840000000000927,0.896704504989934,-2.837567095608558e-11,-0.8766111887980319,-0.13760574001628847
23.85000000000093,0.8967045049898855,-2.8338529449360652e-11,-0.8766111887980805,-0.13760574001628792
23.86000000000093,0.896704504989837,-2.8301435089268045e-11,-0.8766111887981292,-0.13760574001628742
23.870000000000932,0.8967045049897886,-2.8264379076982173e-11,-0.8766111887981782,-0.13760574001628692
23.880000000000933,0.8967045049897402,-2.822736668891936e-11,-0.8766111887982265,-0.13760574001628642
23.890000000000935,0.8967045049896919,-2.81904093744147e-11,-0.8766111887982752,-0.1376057400162859
23.900000000000936,0.8967045049896438,-2.8153503277097324e-11,-0.8766111887983236,-0.13760574001628542
23.910000000000938,0.8967045049895956,-2.811663503637335e-11,-0.8766111887983722,-0.13760574001628492
23.92000000000094,0.8967045049895473,-2.8079809761546472e-11,-0.8766111887984206,-0.13760574001628442
23.93000000000094,0.8967045049894993,-2.804302752760095e-11,-0.8766111887984693,-0.13760574001628395
23.940000000000943,0.8967045049894511,-2.800628542239312e-11,-0.8766111887985175,-0.13760574001628342
23.950000000000944,0.8967045049894031,-2.7969601225602233e-11,-0.8766111887985653,-0.13760574001628287
23.960000000000946,0.8967045049893554,-2.7932967815364122e-11,-0.8766111887986133,-0.13760574001628237
23.970000000000947,0.8967045049893074,-2.7896375977359104e-11,-0.8766111887986616,-0.13760574001628184
23.98000000000095,0.8967045049892596,-2.785983984888465e-11,-0.8766111887987094,-0.13760574001628134
23.99000000000095,0.896704504989212,-2.782334276785016e-11,-0.8766111887987575,-0.13760574001628084
24.000000000000952,0.8967045049891642,-2.7786900877110145e-11,-0.8766111887988051,-0.13760574001628031
24.010000000000954,0.8967045049891167,-2.7750510132976394e-11,-0.8766111887988526,-0.1376057400162798
24.020000000000955,0.8967045049890691,-2.7714174593576535e-11,-0.8766111887989003,-0.13760574001627926
24.030000000000957,0.8967045049890215,-2.7677890176555425e-11,-0.876611188798948,-0.13760574001627873
24.04000000000096,0.8967045049889742,-2.764165810408178e-11,-0.8766111887989951,-0.1376057400162782
24.05000000000096,0.896704504988927,-2.760548724732558e-11,-0.876611188799042,-0.13760574001627765
24.06000000000096,0.8967045049888798,-2.7569382391391506e-11,-0.8766111887990892,-0.1376057400162771
24.070000000000963,0.8967045049888327,-2.753333672315686e-11,-0.8766111887991364,-0.1376057400162766
24.080000000000965,0.8967045049887856,-2.749733662389938e-11,-0.8766111887991836,-0.13760574001627607
24.090000000000966,0.8967045049887387,-2.7461383877378545e-11,-0.8766111887992308,-0.13760574001627554
24.100000000000968,0.8967045049886916,-2.742546913025997e-11,-0.876611188799278,-0.13760574001627504
24.11000000000097,0.8967045049886447,-2.738959654778191e-11,-0.8766111887993254,-0.13760574001627454
24.12000000000097,0.8967045049885978,-2.735375423494214e-11,-0.8766111887993727,-0.13760574001627407
24.130000000000972,0.896704504988551,-2.7317951439441554e-11,-0.8766111887994198,-0.13760574001627357
24.140000000000974,0.8967045049885045,-2.728219607360317e-11,-0.8766111887994664,-0.13760574001627301
24.150000000000976,0.8967045049884577,-2.724649454301183e-11,-0.8766111887995136,-0.13760574001627263
24.160000000000977,0.8967045049884113,-2.721081947134604e-11,-0.8766111887995602,-0.1376057400162721
24.17000000000098,0.8967045049883646,-2.7175183850654904e-11,-0.8766111887996071,-0.1376057400162716
24.18000000000098,0.8967045049883181,-2.7139592671561805e-11,-0.8766111887996545,-0.13760574001627116
24.190000000000982,0.8967045049882717,-2.7104029080045148e-11,-0.8766111887997011,-0.13760574001627068
24.200000000000983,0.8967045049882254,-2.7068505435696385e-11,-0.876611188799748,-0.13760574001627018
24.210000000000985,0.8967045049881791,-2.703303203461425e-11,-0.8766111887997947,-0.1376057400162697
24.220000000000987,0.8967045049881328,-2.6997587179514805e-11,-0.8766111887998411,-0.13760574001626924
24.230000000000988,0.8967045049880867,-2.6962189418323502e-11,-0.8766111887998878,-0.13760574001626877
24.24000000000099,0.8967045049880404,-2.692683003822872e-11,-0.8766111887999345,-0.1376057400162683
24.25000000000099,0.8967045049879945,-2.689151309236885e-11,-0.8766111887999808,-0.13760574001626782
24.260000000000993,0.8967045049879485,-2.685624275718957e-11,-0.876611188800027,-0.13760574001626735
24.270000000000994,0.8967045049879026,-2.6821023127868222e-11,-0.8766111888000732,-0.13760574001626685
24.280000000000996,0.8967045049878566,-2.678584364446293e-11,-0.8766111888001198,-0.1376057400162664
24.290000000000997,0.8967045049878108,-2.6750711959272737e-11,-0.8766111888001656,-0.1376057400162659
24.300000000001,0.8967045049877651,-2.6715621225318595e-11,-0.8766111888002119,-0.13760574001626544
24.310000000001,0.8967045049877195,-2.6680576063602536e-11,-0.8766111888002578,-0.13760574001626497
24.320000000001002,0.896704504987674,-2.664558462741886e-11,-0.8766111888003035,-0.13760574001626447
24.330000000001004,0.8967045049876282,-2.6610629430121366e-11,-0.8766111888003498,-0.137605740016264
24.340000000001005,0.8967045049875827,-2.6575713704220545e-11,-0.876611188800396,-0.13760574001626358
24.350000000001007,0.8967045049875373,-2.6540833530243858e-11,-0.8766111888004415,-0.1376057400162631
24.36000000000101,0.8967045049874918,-2.650599884608409e-11,-0.8766111888004875,-0.13760574001626263
24.37000000000101,0.8967045049874465,-2.6471207373376765e-11,-0.8766111888005329,-0.13760574001626216
24.38000000000101,0.8967045049874012,-2.643647354067323e-11,-0.8766111888005781,-0.1376057400162617
24.390000000001013,0.8967045049873559,-2.6401786553998297e-11,-0.8766111888006239,-0.13760574001626122
24.400000000001015,0.8967045049873108,-2.6367152880355258e-11,-0.8766111888006691,-0.13760574001626075
24.410000000001016,0.8967045049872656,-2.633257309573694e-11,-0.8766111888007149,-0.13760574001626028
24.420000000001018,0.8967045049872207,-2.629802782842223e-11,-0.8766111888007597,-0.13760574001625978
24.43000000000102,0.8967045049871756,-2.626354246688727e-11,-0.8766111888008056,-0.13760574001625936
24.44000000000102,0.8967045049871305,-2.6229098904381378e-11,-0.8766111888008502,-0.13760574001625886
24.450000000001022,0.8967045049870856,-2.6194712272828702e-11,-0.8766111888008952,-0.13760574001625836
24.460000000001024,0.8967045049870409,-2.616038532897359e-11,-0.8766111888009399,-0.1376057400162579
24.470000000001026,0.896704504986996,-2.612611396098763e-11,-0.8766111888009847,-0.1376057400162574
24.480000000001027,0.8967045049869513,-2.60918912174051e-11,-0.8766111888010296,-0.13760574001625692
24.49000000000103,0.8967045049869067,-2.605771603274419e-11,-0.8766111888010746,-0.13760574001625647
24.50000000000103,0.8967045049868619,-2.602358840161183e-11,-0.8766111888011194,-0.137605740016256
24.510000000001032,0.8967045049868175,-2.598950714835023e-11,-0.8766111888011637,-0.13760574001625547
24.520000000001033,0.8967045049867731,-2.59554888175399e-11,-0.876611188801208,-0.137605740016255
24.530000000001035,0.8967045049867286,-2.592152340545566e-11,-0.8766111888012528,-0.1376057400162545
24.540000000001037,0.8967045049866842,-2.5887596334551805e-11,-0.8766111888012971,-0.137605740016254
24.550000000001038,0.89670450498664,-2.5853727419189533e-11,-0.8766111888013414,-0.13760574001625353
24.56000000000104,0.8967045049865957,-2.5819910943334966e-11,-0.8766111888013852,-0.13760574001625303
24.57000000000104,0.8967045049865515,-2.5786152097279704e-11,-0.8766111888014296,-0.13760574001625256
24.580000000001043,0.8967045049865074,-2.5752435135236112e-11,-0.8766111888014737,-0.1376057400162521
24.590000000001044,0.8967045049864633,-2.571877493175356e-11,-0.8766111888015179,-0.13760574001625162
24.600000000001046,0.8967045049864192,-2.5685153808055836e-11,-0.8766111888015622,-0.13760574001625114
24.610000000001047,0.8967045049863752,-2.5651577197209638e-11,-0.8766111888016065,-0.1376057400162507
24.62000000000105,0.8967045049863313,-2.5618034728554382e-11,-0.8766111888016505,-0.1376057400162502
24.63000000000105,0.8967045049862874,-2.5584545029695675e-11,-0.8766111888016941,-0.1376057400162497
24.640000000001052,0.8967045049862437,-2.5551109213637697e-11,-0.8766111888017378,-0.13760574001624923
24.650000000001054,0.8967045049861999,-2.551772236612507e-11,-0.8766111888017818,-0.13760574001624876
24.660000000001055,0.8967045049861563,-2.548437702625648e-11,-0.8766111888018251,-0.13760574001624828
24.670000000001057,0.8967045049861125,-2.5451083402554323e-11,-0.876611188801869,-0.1376057400162478
24.68000000000106,0.896704504986069,-2.541782719247434e-11,-0.8766111888019125,-0.13760574001624734
24.69000000000106,0.8967045049860256,-2.538461573280695e-11,-0.8766111888019559,-0.1376057400162468
24.70000000000106,0.8967045049859822,-2.5351458834242502e-11,-0.8766111888019994,-0.1376057400162464
24.710000000001063,0.8967045049859388,-2.5318338688324608e-11,-0.8766111888020429,-0.13760574001624593
24.720000000001065,0.8967045049858955,-2.5285263259639716e-11,-0.8766111888020861,-0.13760574001624545
24.730000000001066,0.8967045049858522,-2.5252228274789102e-11,-0.8766111888021297,-0.137605740016245
24.740000000001068,0.896704504985809,-2.5219226504198824e-11,-0.876611188802173,-0.13760574001624454
24.75000000000107,0.8967045049857658,-2.518626742897513e-11,-0.8766111888022168,-0.1376057400162441
24.76000000000107,0.8967045049857226,-2.51533467662388e-11,-0.8766111888022596,-0.13760574001624365
24.770000000001072,0.8967045049856797,-2.5120466431153807e-11,-0.8766111888023026,-0.13760574001624315
24.780000000001074,0.8967045049856367,-2.508763827707721e-11,-0.8766111888023457,-0.13760574001624268
24.790000000001076,0.8967045049855937,-2.505485640906126e-11,-0.8766111888023892,-0.13760574001624226
24.800000000001077,0.8967045049855509,-2.5022095897721954e-11,-0.8766111888024322,-0.13760574001624182
24.81000000000108,0.896704504985508,-2.498937677846266e-11,-0.8766111888024752,-0.13760574001624137
24.82000000000108,0.8967045049854654,-2.4956698383128806e-11,-0.876611188802518,-0.1376057400162409
24.830000000001082,0.8967045049854226,-2.492406706754848e-11,-0.8766111888025606,-0.13760574001624049
24.840000000001083,0.8967045049853801,-2.4891474503192305e-11,-0.8766111888026036,-0.13760574001624
24.850000000001085,0.8967045049853376,-2.4858924166233035e-11,-0.876611188802646,-0.13760574001623957
24.860000000001087,0.8967045049852951,-2.482641394955834e-11,-0.8766111888026888,-0.13760574001623918
24.870000000001088,0.8967045049852526,-2.4793929296423777e-11,-0.8766111888027319,-0.13760574001623876
24.88000000000109,0.8967045049852101,-2.4761473040885154e-11,-0.8766111888027748,-0.13760574001623832
24.89000000000109,0.8967045049851678,-2.472905390835422e-11,-0.8766111888028174,-0.1376057400162379
24.900000000001093,0.8967045049851257,-2.469667188822832e-11,-0.8766111888028597,-0.1376057400162375
24.910000000001094,0.8967045049850834,-2.4664337140980397e-11,-0.8766111888029023,-0.13760574001623707
24.920000000001096,0.8967045049850412,-2.4632033717631207e-11,-0.8766111888029446,-0.1376057400162366
24.930000000001098,0.896704504984999,-2.45997747554587e-11,-0.8766111888029875,-0.13760574001623624
24.9400000000011,0.8967045049849569,-2.4567541515049984e-11,-0.8766111888030299,-0.13760574001623582
24.9500000000011,0.8967045049849149,-2.453533899996135e-11,-0.8766111888030722,-0.1376057400162354
24.960000000001102,0.8967045049848731,-2.4503180973602935e-11,-0.8766111888031146,-0.137605740016235
24.970000000001104,0.8967045049848313,-2.4471060022249173e-11,-0.8766111888031564,-0.13760574001623455
24.980000000001105,0.8967045049847895,-2.4438988565889898e-11,-0.8766111888031988,-0.13760574001623413
24.990000000001107,0.8967045049847476,-2.440694368758327e-11,-0.8766111888032408,-0.13760574001623374
25.00000000000111,0.8967045049847059,-2.4374935864765714e-11,-0.8766111888032835,-0.13760574001623335
25.01000000000111,0.8967045049846641,-2.4342956838577433e-11,-0.8766111888033254,-0.13760574001623296
25.02000000000111,0.8967045049846225,-2.4311008267248464e-11,-0.8766111888033676,-0.13760574001623255
25.030000000001113,0.896704504984581,-2.4279096103103792e-11,-0.8766111888034094,-0.1376057400162321
25.040000000001115,0.8967045049845395,-2.4247227296725912e-11,-0.8766111888034515,-0.13760574001623174
25.050000000001116,0.8967045049844979,-2.4215395259907592e-11,-0.8766111888034933,-0.13760574001623133
25.060000000001118,0.8967045049844564,-2.4183600727295424e-11,-0.8766111888035353,-0.13760574001623094
25.07000000000112,0.896704504984415,-2.4151834478339446e-11,-0.8766111888035768,-0.13760574001623055
25.08000000000112,0.8967045049843737,-2.4120114292132922e-11,-0.8766111888036187,-0.1376057400162301
25.090000000001123,0.8967045049843324,-2.40884360624076e-11,-0.8766111888036601,-0.1376057400162297
25.100000000001124,0.8967045049842912,-2.405680654159488e-11,-0.8766111888037015,-0.13760574001622922
25.110000000001126,0.89670450498425,-2.4025229536780533e-11,-0.8766111888037431,-0.13760574001622883
25.120000000001127,0.8967045049842088,-2.399369084362194e-11,-0.8766111888037842,-0.1376057400162284
25.13000000000113,0.8967045049841678,-2.3962195570776806e-11,-0.8766111888038257,-0.13760574001622797
25.14000000000113,0.8967045049841267,-2.393073741424589e-11,-0.8766111888038668,-0.13760574001622758
25.150000000001132,0.8967045049840857,-2.389932530044726e-11,-0.8766111888039082,-0.13760574001622713
25.160000000001133,0.8967045049840449,-2.3867960048297893e-11,-0.8766111888039487,-0.13760574001622664
25.170000000001135,0.8967045049840041,-2.3836653412095412e-11,-0.8766111888039897,-0.13760574001622622
25.180000000001137,0.8967045049839633,-2.3805398277121395e-11,-0.8766111888040308,-0.1376057400162258
25.190000000001138,0.8967045049839225,-2.3774179687516175e-11,-0.8766111888040719,-0.1376057400162254
25.20000000000114,0.8967045049838819,-2.374300318003752e-11,-0.8766111888041128,-0.13760574001622494
25.21000000000114,0.8967045049838411,-2.371186917247844e-11,-0.8766111888041538,-0.13760574001622455
25.220000000001143,0.8967045049838006,-2.3680762582375566e-11,-0.8766111888041945,-0.1376057400162241
25.230000000001144,0.8967045049837601,-2.3649715854007528e-11,-0.876611188804235,-0.13760574001622367
25.240000000001146,0.8967045049837197,-2.3618707996625897e-11,-0.8766111888042756,-0.13760574001622322
25.250000000001148,0.8967045049836793,-2.3587739679211824e-11,-0.8766111888043163,-0.1376057400162228
25.26000000000115,0.896704504983639,-2.3556816080076503e-11,-0.8766111888043568,-0.13760574001622236
25.27000000000115,0.8967045049835987,-2.3525935374667395e-11,-0.8766111888043973,-0.13760574001622194
25.280000000001152,0.8967045049835582,-2.349509501190557e-11,-0.8766111888044381,-0.13760574001622156
25.290000000001154,0.8967045049835181,-2.3464297003117273e-11,-0.8766111888044782,-0.13760574001622108
25.300000000001155,0.896704504983478,-2.3433541705756023e-11,-0.8766111888045183,-0.13760574001622064
25.310000000001157,0.8967045049834379,-2.340283548876351e-11,-0.8766111888045585,-0.13760574001622025
25.32000000000116,0.8967045049833978,-2.3372173154222804e-11,-0.8766111888045988,-0.1376057400162198
25.33000000000116,0.8967045049833579,-2.3341550347453084e-11,-0.876611188804639,-0.13760574001621936
25.34000000000116,0.8967045049833179,-2.3310981654001335e-11,-0.8766111888046789,-0.13760574001621895
25.350000000001163,0.896704504983278,-2.3280446165211987e-11,-0.8766111888047189,-0.13760574001621856
25.360000000001165,0.8967045049832382,-2.324994161605162e-11,-0.8766111888047593,-0.13760574001621817
25.370000000001166,0.8967045049831983,-2.3219468106746173e-11,-0.8766111888047994,-0.13760574001621775
25.380000000001168,0.8967045049831585,-2.3189028475836175e-11,-0.8766111888048397,-0.1376057400162174
25.39000000000117,0.8967045049831187,-2.315862203620782e-11,-0.8766111888048796,-0.13760574001621698
25.40000000000117,0.896704504983079,-2.3128250232049656e-11,-0.87661118880492,-0.1376057400162166
25.410000000001173,0.8967045049830394,-2.3097912958677372e-11,-0.8766111888049596,-0.13760574001621617
25.420000000001174,0.8967045049829999,-2.30676240346507e-11,-0.8766111888049989,-0.1376057400162157
25.430000000001176,0.8967045049829605,-2.3037390946293216e-11,-0.8766111888050384,-0.13760574001621526
25.440000000001177,0.8967045049829211,-2.3007208703497534e-11,-0.8766111888050777,-0.1376057400162148
25.45000000000118,0.8967045049828816,-2.2977062555998297e-11,-0.8766111888051179,-0.13760574001621445
25.46000000000118,0.8967045049828423,-2.2946953383475337e-11,-0.8766111888051571,-0.137605740016214
25.470000000001182,0.896704504982803,-2.291688028157283e-11,-0.8766111888051971,-0.1376057400162136
25.480000000001183,0.8967045049827636,-2.288683969861881e-11,-0.8766111888052368,-0.1376057400162132
25.490000000001185,0.8967045049827245,-2.285683094741857e-11,-0.8766111888052757,-0.13760574001621273
25.500000000001187,0.8967045049826854,-2.2826873993049817e-11,-0.8766111888053143,-0.13760574001621226
25.510000000001188,0.8967045049826463,-2.27969871887663e-11,-0.8766111888053535,-0.1376057400162118
25.52000000000119,0.8967045049826073,-2.2767145684913466e-11,-0.8766111888053926,-0.13760574001621137
25.53000000000119,0.8967045049825684,-2.2737343917555647e-11,-0.8766111888054313,-0.13760574001621093
25.540000000001193,0.8967045049825294,-2.2707590005615493e-11,-0.8766111888054706,-0.1376057400162105
25.550000000001194,0.8967045049824903,-2.2677873205098366e-11,-0.87661118880551,-0.1376057400162101
25.560000000001196,0.8967045049824516,-2.264818782973941e-11,-0.8766111888055481,-0.1376057400162096
25.570000000001198,0.8967045049824129,-2.2618569379831256e-11,-0.8766111888055867,-0.13760574001620918
25.5800000000012,0.8967045049823741,-2.2588979974690314e-11,-0.8766111888056262,-0.13760574001620876
25.5900000000012,0.8967045049823353,-2.255941718916384e-11,-0.8766111888056647,-0.13760574001620832
25.600000000001202,0.8967045049822968,-2.2529907294040642e-11,-0.8766111888057029,-0.13760574001620784
25.610000000001204,0.8967045049822583,-2.25004477728407e-11,-0.8766111888057415,-0.13760574001620743
25.620000000001205,0.8967045049822198,-2.2471034529377384e-11,-0.8766111888057804,-0.137605740016207
25.630000000001207,0.8967045049821812,-2.2441645769996575e-11,-0.8766111888058191,-0.1376057400162066
25.64000000000121,0.8967045049821429,-2.2412296314591347e-11,-0.8766111888058574,-0.13760574001620615
25.65000000000121,0.8967045049821046,-2.2382987072814884e-11,-0.8766111888058958,-0.13760574001620574
25.66000000000121,0.8967045049820664,-2.235371460638318e-11,-0.8766111888059341,-0.13760574001620532
25.670000000001213,0.8967045049820281,-2.2324482686705036e-11,-0.8766111888059729,-0.13760574001620493
25.680000000001215,0.8967045049819901,-2.2295279370528646e-11,-0.8766111888060111,-0.13760574001620454
25.690000000001216,0.896704504981952,-2.2266109633672675e-11,-0.8766111888060495,-0.13760574001620413
25.700000000001218,0.8967045049819138,-2.223696528582817e-11,-0.8766111888060879,-0.13760574001620374
25.71000000000122,0.8967045049818757,-2.220784113857616e-11,-0.8766111888061264,-0.13760574001620332
25.72000000000122,0.896704504981838,-2.2178752236260103e-11,-0.8766111888061642,-0.1376057400162029
25.730000000001223,0.8967045049818001,-2.2149713506640243e-11,-0.8766111888062023,-0.1376057400162025
25.740000000001224,0.8967045049817622,-2.212070687766256e-11,-0.8766111888062406,-0.1376057400162021
25.750000000001226,0.8967045049817245,-2.209172680197258e-11,-0.8766111888062791,-0.1376057400162017
25.760000000001227,0.8967045049816867,-2.2062777947504883e-11,-0.8766111888063169,-0.13760574001620135
25.77000000000123,0.8967045049816489,-2.203385572257743e-11,-0.8766111888063552,-0.13760574001620102
25.78000000000123,0.8967045049816111,-2.200494816881475e-11,-0.8766111888063941,-0.13760574001620068
25.790000000001232,0.8967045049815736,-2.1976058375198586e-11,-0.8766111888064319,-0.13760574001620027
25.800000000001234,0.8967045049815362,-2.19472080768628e-11,-0.8766111888064694,-0.1376057400161999
25.810000000001235,0.8967045049814986,-2.191840198633216e-11,-0.8766111888065076,-0.13760574001619952
25.820000000001237,0.8967045049814611,-2.188963429075795e-11,-0.8766111888065452,-0.13760574001619913
25.830000000001238,0.8967045049814237,-2.186089445633931e-11,-0.876611188806583,-0.1376057400161988
25.84000000000124,0.8967045049813863,-2.1832191290652868e-11,-0.8766111888066208,-0.13760574001619844
25.85000000000124,0.896704504981349,-2.180352127368565e-11,-0.8766111888066589,-0.13760574001619807
25.860000000001243,0.8967045049813116,-2.1774876022483376e-11,-0.8766111888066968,-0.13760574001619771
25.870000000001244,0.8967045049812744,-2.174625856753835e-11,-0.8766111888067338,-0.13760574001619735
25.880000000001246,0.8967045049812373,-2.171768291163194e-11,-0.8766111888067716,-0.13760574001619696
25.890000000001248,0.8967045049812001,-2.168914398958206e-11,-0.8766111888068091,-0.1376057400161966
25.90000000000125,0.896704504981163,-2.166063651590838e-11,-0.8766111888068469,-0.13760574001619624
25.91000000000125,0.896704504981126,-2.16321685032648e-11,-0.8766111888068836,-0.13760574001619588
25.920000000001252,0.896704504981089,-2.1603735296268417e-11,-0.8766111888069213,-0.1376057400161955
25.930000000001254,0.896704504981052,-2.1575350385854354e-11,-0.8766111888069588,-0.1376057400161951
25.940000000001255,0.8967045049810151,-2.1546997799430723e-11,-0.8766111888069962,-0.13760574001619477
25.950000000001257,0.8967045049809781,-2.1518664570331515e-11,-0.8766111888070334,-0.13760574001619438
25.96000000000126,0.8967045049809412,-2.1490379693058624e-11,-0.8766111888070705,-0.13760574001619402
25.97000000000126,0.8967045049809045,-2.146213479875001e-11,-0.8766111888071074,-0.1376057400161936
25.98000000000126,0.8967045049808677,-2.1433936733230687e-11,-0.8766111888071444,-0.13760574001619322
25.990000000001263,0.8967045049808311,-2.140576927527522e-11,-0.8766111888071813,-0.13760574001619286
26.000000000001265,0.8967045049807943,-2.1377641880739804e-11,-0.8766111888072182,-0.13760574001619247
26.010000000001266,0.8967045049807578,-2.134956179040234e-11,-0.876611188807255,-0.13760574001619208
26.020000000001268,0.8967045049807213,-2.132151260955898e-11,-0.8766111888072916,-0.13760574001619166
26.03000000000127,0.8967045049806848,-2.129351415741362e-11,-0.8766111888073282,-0.1376057400161913
26.04000000000127,0.8967045049806482,-2.1265553547688458e-11,-0.8766111888073649,-0.13760574001619091
26.050000000001273,0.8967045049806118,-2.1237643517676972e-11,-0.8766111888074012,-0.13760574001619047
26.060000000001274,0.8967045049805755,-2.120978404396458e-11,-0.8766111888074378,-0.1376057400161901
26.070000000001276,0.8967045049805391,-2.1181960765948318e-11,-0.8766111888074742,-0.13760574001618972
26.080000000001277,0.8967045049805029,-2.1154174574352967e-11,-0.8766111888075105,-0.1376057400161893
26.09000000000128,0.8967045049804666,-2.1126443029539124e-11,-0.8766111888075472,-0.13760574001618892
26.10000000000128,0.8967045049804305,-2.1098739128261614e-11,-0.8766111888075834,-0.13760574001618853
26.110000000001282,0.8967045049803944,-2.1071077165980736e-11,-0.876611188807619,-0.13760574001618808
26.120000000001284,0.8967045049803585,-2.104346864018385e-11,-0.8766111888076549,-0.13760574001618764
26.130000000001285,0.8967045049803225,-2.1015911692104552e-11,-0.8766111888076913,-0.13760574001618725
26.140000000001287,0.8967045049802866,-2.0988391615828578e-11,-0.8766111888077271,-0.13760574001618686
26.150000000001288,0.8967045049802507,-2.0960912184972113e-11,-0.8766111888077636,-0.13760574001618647
26.16000000000129,0.8967045049802149,-2.0933462720641314e-11,-0.8766111888077991,-0.1376057400161861
26.17000000000129,0.8967045049801791,-2.0906048063120358e-11,-0.8766111888078351,-0.13760574001618572
26.180000000001293,0.8967045049801433,-2.0878674165156642e-11,-0.8766111888078714,-0.13760574001618534
26.190000000001294,0.8967045049801076,-2.085133132696617e-11,-0.8766111888079072,-0.13760574001618495
26.200000000001296,0.8967045049800719,-2.0824020320769222e-11,-0.8766111888079433,-0.13760574001618459
26.210000000001298,0.8967045049800363,-2.079673362308696e-11,-0.8766111888079791,-0.13760574001618422
26.2200000000013,0.8967045049800005,-2.076948233920107e-11,-0.876611188808015,-0.13760574001618384
26.2300000000013,0.896704504979965,-2.0742267388984376e-11,-0.8766111888080507,-0.13760574001618345
26.240000000001302,0.8967045049799294,-2.071509751443957e-11,-0.8766111888080866,-0.13760574001618306
26.250000000001304,0.896704504979894,-2.0687952908119575e-11,-0.8766111888081214,-0.13760574001618267
26.260000000001305,0.8967045049798584,-2.0660867336430513e-11,-0.8766111888081571,-0.13760574001618228
26.270000000001307,0.8967045049798232,-2.0633824870526645e-11,-0.8766111888081922,-0.1376057400161818
26.28000000000131,0.8967045049797879,-2.0606835874316378e-11,-0.8766111888082271,-0.13760574001618142
26.29000000000131,0.8967045049797526,-2.057989389460214e-11,-0.8766111888082626,-0.13760574001618106
26.30000000000131,0.8967045049797173,-2.0552992764062626e-11,-0.8766111888082979,-0.13760574001618067
26.310000000001313,0.8967045049796822,-2.052611695702399e-11,-0.876611188808333,-0.13760574001618028
26.320000000001315,0.8967045049796472,-2.0499285727619885e-11,-0.8766111888083684,-0.13760574001617992
26.330000000001316,0.896704504979612,-2.0472481630513416e-11,-0.8766111888084039,-0.13760574001617956
26.340000000001318,0.8967045049795769,-2.0445707739545248e-11,-0.8766111888084388,-0.1376057400161792
26.35000000000132,0.8967045049795418,-2.041895689829393e-11,-0.8766111888084743,-0.1376057400161788
26.36000000000132,0.8967045049795068,-2.03922403100501e-11,-0.8766111888085092,-0.13760574001617845
26.370000000001323,0.8967045049794719,-2.036555796206517e-11,-0.8766111888085444,-0.1376057400161781
26.380000000001324,0.8967045049794369,-2.033891179727565e-11,-0.8766111888085794,-0.13760574001617767
26.390000000001326,0.8967045049794021,-2.0312309451091723e-11,-0.876611188808614,-0.13760574001617726
26.400000000001327,0.8967045049793674,-2.0285751700856354e-11,-0.8766111888086484,-0.13760574001617687
26.41000000000133,0.8967045049793327,-2.0259233561332486e-11,-0.876611188808683,-0.13760574001617648
26.42000000000133,0.8967045049792981,-2.0232760083597805e-11,-0.8766111888087176,-0.13760574001617606
26.430000000001332,0.8967045049792635,-2.0206326856629612e-11,-0.8766111888087521,-0.1376057400161757
26.440000000001334,0.8967045049792288,-2.0179930965665326e-11,-0.8766111888087872,-0.13760574001617537
26.450000000001335,0.8967045049791943,-2.0153552397180657e-11,-0.8766111888088219,-0.13760574001617498
26.460000000001337,0.8967045049791597,-2.0127206503994842e-11,-0.8766111888088565,-0.1376057400161746
26.47000000000134,0.8967045049791251,-2.0100892805200884e-11,-0.8766111888088911,-0.1376057400161742
26.48000000000134,0.8967045049790907,-2.0074613229160536e-11,-0.8766111888089251,-0.1376057400161738
26.49000000000134,0.8967045049790564,-2.0048388048478365e-11,-0.8766111888089593,-0.13760574001617337
26.500000000001343,0.8967045049790221,-2.0022202563248563e-11,-0.8766111888089938,-0.13760574001617298
26.510000000001344,0.8967045049789878,-1.9996046764789107e-11,-0.8766111888090279,-0.13760574001617262
26.520000000001346,0.8967045049789536,-1.996993338624038e-11,-0.8766111888090622,-0.13760574001617223
26.530000000001348,0.8967045049789194,-1.9943859013644944e-11,-0.8766111888090966,-0.13760574001617185
26.54000000000135,0.8967045049788852,-1.9917813788096544e-11,-0.8766111888091306,-0.13760574001617146
26.55000000000135,0.8967045049788511,-1.9891796256479535e-11,-0.8766111888091651,-0.13760574001617112
26.560000000001352,0.8967045049788172,-1.986579994860541e-11,-0.8766111888091993,-0.13760574001617076
26.570000000001354,0.8967045049787832,-1.983982843863928e-11,-0.8766111888092334,-0.13760574001617037
26.580000000001355,0.8967045049787494,-1.9813883780341187e-11,-0.8766111888092675,-0.13760574001617
26.590000000001357,0.8967045049787156,-1.9787975072093218e-11,-0.8766111888093013,-0.13760574001616965
26.60000000000136,0.8967045049786817,-1.9762096773299415e-11,-0.8766111888093359,-0.1376057400161693
26.61000000000136,0.8967045049786478,-1.973623891747221e-11,-0.8766111888093696,-0.13760574001616893
26.62000000000136,0.896704504978614,-1.9710416415675984e-11,-0.8766111888094041,-0.1376057400161686
26.630000000001363,0.8967045049785802,-1.9684602891063504e-11,-0.8766111888094383,-0.13760574001616827
26.640000000001365,0.8967045049785466,-1.9658816497811957e-11,-0.8766111888094723,-0.13760574001616788
26.650000000001366,0.896704504978513,-1.9633056575962388e-11,-0.8766111888095061,-0.1376057400161675
26.660000000001368,0.8967045049784795,-1.9607327586249052e-11,-0.876611188809539,-0.1376057400161671
26.67000000000137,0.8967045049784461,-1.9581645759268236e-11,-0.8766111888095729,-0.13760574001616677
26.68000000000137,0.8967045049784127,-1.955598799574921e-11,-0.8766111888096068,-0.1376057400161664
26.690000000001373,0.8967045049783792,-1.9530361591212125e-11,-0.8766111888096407,-0.13760574001616604
26.700000000001374,0.8967045049783459,-1.950476745578663e-11,-0.8766111888096744,-0.1376057400161657
26.710000000001376,0.8967045049783126,-1.9479194646331896e-11,-0.8766111888097079,-0.13760574001616538
26.720000000001377,0.8967045049782794,-1.9453656399609563e-11,-0.8766111888097415,-0.13760574001616502
26.73000000000138,0.8967045049782459,-1.9428144495366628e-11,-0.8766111888097753,-0.1376057400161647
26.74000000000138,0.8967045049782127,-1.9402657053626185e-11,-0.8766111888098088,-0.13760574001616435
26.750000000001382,0.8967045049781797,-1.9377202248800628e-11,-0.8766111888098419,-0.13760574001616402
26.760000000001384,0.8967045049781466,-1.935178286757917e-11,-0.8766111888098755,-0.13760574001616369
26.770000000001385,0.8967045049781136,-1.9326390438104e-11,-0.8766111888099088,-0.13760574001616335
26.780000000001387,0.8967045049780806,-1.930102694440834e-11,-0.8766111888099424,-0.13760574001616302
26.79000000000139,0.8967045049780475,-1.9275702290500403e-11,-0.8766111888099757,-0.1376057400161627
26.80000000000139,0.8967045049780146,-1.9250403500517167e-11,-0.8766111888100092,-0.1376057400161624
26.81000000000139,0.8967045049779817,-1.9225124352577197e-11,-0.8766111888100423,-0.13760574001616208
26.820000000001393,0.8967045049779487,-1.9199877896811306e-11,-0.8766111888100758,-0.1376057400161618
26.830000000001395,0.8967045049779159,-1.9174647684038966e-11,-0.8766111888101094,-0.13760574001616147
26.840000000001396,0.8967045049778832,-1.91494426704002e-11,-0.8766111888101419,-0.13760574001616113
26.850000000001398,0.8967045049778504,-1.9124282050528852e-11,-0.8766111888101751,-0.13760574001616083
26.8600000000014,0.8967045049778176,-1.90991528407788e-11,-0.8766111888102079,-0.1376057400161605
26.8700000000014,0.896704504977785,-1.907406138613195e-11,-0.8766111888102408,-0.13760574001616013
26.880000000001402,0.8967045049777523,-1.9049020370721627e-11,-0.8766111888102741,-0.13760574001615983
26.890000000001404,0.8967045049777198,-1.9023993781533504e-11,-0.8766111888103065,-0.1376057400161595
26.900000000001405,0.8967045049776872,-1.8999005136604664e-11,-0.8766111888103395,-0.1376057400161592
26.910000000001407,0.8967045049776546,-1.8974049349887523e-11,-0.8766111888103721,-0.13760574001615883
26.92000000000141,0.8967045049776221,-1.8949137590466074e-11,-0.8766111888104049,-0.1376057400161585
26.93000000000141,0.8967045049775898,-1.8924254945228444e-11,-0.8766111888104369,-0.13760574001615816
26.94000000000141,0.8967045049775575,-1.8899435895954083e-11,-0.8766111888104691,-0.1376057400161578
26.950000000001413,0.8967045049775251,-1.887465110386227e-11,-0.8766111888105019,-0.1376057400161575
26.960000000001415,0.8967045049774929,-1.8849897274241848e-11,-0.8766111888105341,-0.13760574001615714
26.970000000001416,0.8967045049774607,-1.8825189740278923e-11,-0.8766111888105663,-0.13760574001615683
26.980000000001418,0.8967045049774285,-1.88005163715117e-11,-0.8766111888105989,-0.1376057400161565
26.99000000000142,0.8967045049773962,-1.877587631229869e-11,-0.8766111888106314,-0.1376057400161562
27.00000000000142,0.8967045049773641,-1.8751256237474915e-11,-0.8766111888106638,-0.13760574001615586
27.010000000001423,0.896704504977332,-1.8726680471822056e-11,-0.8766111888106956,-0.1376057400161555
27.020000000001424,0.8967045049772999,-1.8702142591612204e-11,-0.8766111888107279,-0.1376057400161552
27.030000000001426,0.896704504977268,-1.867764011351168e-11,-0.8766111888107601,-0.1376057400161549
27.040000000001427,0.896704504977236,-1.8653171691837466e-11,-0.876611188810792,-0.13760574001615455
27.05000000000143,0.8967045049772041,-1.8628744662593717e-11,-0.876611188810824,-0.1376057400161542
27.06000000000143,0.8967045049771724,-1.860435178549429e-11,-0.8766111888108555,-0.1376057400161539
27.070000000001432,0.8967045049771405,-1.8579998555257566e-11,-0.8766111888108876,-0.13760574001615355
27.080000000001434,0.8967045049771086,-1.855567685009937e-11,-0.8766111888109201,-0.13760574001615325
27.090000000001435,0.8967045049770769,-1.853137953233417e-11,-0.8766111888109521,-0.13760574001615294
27.100000000001437,0.8967045049770452,-1.8507107529684708e-11,-0.8766111888109834,-0.1376057400161526
27.11000000000144,0.8967045049770135,-1.8482867667070345e-11,-0.8766111888110157,-0.1376057400161523
27.12000000000144,0.8967045049769818,-1.8458652643079367e-11,-0.8766111888110473,-0.13760574001615195
27.13000000000144,0.8967045049769502,-1.8434478428049864e-11,-0.8766111888110788,-0.13760574001615164
27.140000000001443,0.8967045049769187,-1.8410340301722908e-11,-0.8766111888111106,-0.1376057400161513
27.150000000001445,0.8967045049768871,-1.8386230160709437e-11,-0.8766111888111421,-0.13760574001615097
27.160000000001446,0.8967045049768555,-1.8362167014160294e-11,-0.876611188811174,-0.13760574001615064
27.170000000001448,0.8967045049768242,-1.8338133739991284e-11,-0.8766111888112049,-0.13760574001615028
27.18000000000145,0.8967045049767929,-1.831414044005808e-11,-0.876611188811236,-0.13760574001614992
27.19000000000145,0.8967045049767617,-1.8290192369782656e-11,-0.8766111888112673,-0.13760574001614956
27.200000000001452,0.8967045049767304,-1.8266290770691178e-11,-0.8766111888112987,-0.13760574001614925
27.210000000001454,0.8967045049766991,-1.8242411490449272e-11,-0.87661118881133,-0.13760574001614892
27.220000000001455,0.8967045049766679,-1.821855858123734e-11,-0.8766111888113614,-0.13760574001614861
27.230000000001457,0.8967045049766367,-1.8194734927004862e-11,-0.8766111888113931,-0.1376057400161483
27.24000000000146,0.8967045049766055,-1.8170934808634073e-11,-0.8766111888114244,-0.13760574001614798
27.25000000000146,0.8967045049765744,-1.814716409216653e-11,-0.8766111888114555,-0.13760574001614764
27.26000000000146,0.8967045049765433,-1.8123420852752944e-11,-0.8766111888114867,-0.13760574001614734
27.270000000001463,0.8967045049765123,-1.809971035214767e-11,-0.8766111888115178,-0.137605740016147
27.280000000001465,0.8967045049764815,-1.807603084366079e-11,-0.8766111888115485,-0.13760574001614667
27.290000000001466,0.8967045049764506,-1.805239177557228e-11,-0.8766111888115791,-0.1376057400161463
27.300000000001468,0.8967045049764196,-1.8028805777067242e-11,-0.8766111888116104,-0.13760574001614603
27.31000000000147,0.8967045049763888,-1.800523444667385e-11,-0.8766111888116416,-0.13760574001614573
27.32000000000147,0.896704504976358,-1.7981682394946176e-11,-0.8766111888116725,-0.13760574001614542
27.330000000001473,0.8967045049763271,-1.7958153972072117e-11,-0.8766111888117036,-0.13760574001614514
27.340000000001474,0.8967045049762964,-1.7934647730749287e-11,-0.8766111888117346,-0.1376057400161448
27.350000000001476,0.8967045049762656,-1.791116871490026e-11,-0.8766111888117659,-0.13760574001614453
27.360000000001477,0.896704504976235,-1.7887700538878943e-11,-0.8766111888117967,-0.1376057400161442
27.37000000000148,0.8967045049762044,-1.7864270426583614e-11,-0.8766111888118275,-0.13760574001614387
27.38000000000148,0.8967045049761738,-1.784086963988954e-11,-0.8766111888118578,-0.13760574001614354
27.390000000001482,0.8967045049761433,-1.7817511121032787e-11,-0.8766111888118887,-0.1376057400161432
27.400000000001484,0.8967045049761128,-1.7794187278657365e-11,-0.8766111888119195,-0.13760574001614287
27.410000000001485,0.8967045049760822,-1.777088992126752e-11,-0.8766111888119501,-0.13760574001614256
27.420000000001487,0.8967045049760518,-1.77476235871994e-11,-0.87661118881198,-0.1376057400161422
27.43000000000149,0.8967045049760214,-1.7724402152646023e-11,-0.8766111888120105,-0.13760574001614187
27.44000000000149,0.8967045049759911,-1.7701218786468615e-11,-0.8766111888120407,-0.13760574001614154
27.45000000000149,0.8967045049759608,-1.7678067359158558e-11,-0.876611188812071,-0.1376057400161412
27.460000000001493,0.8967045049759305,-1.765495038181286e-11,-0.8766111888121015,-0.1376057400161409
27.470000000001495,0.8967045049759003,-1.7631859858562415e-11,-0.8766111888121315,-0.13760574001614057
27.480000000001496,0.8967045049758702,-1.760880314061341e-11,-0.8766111888121617,-0.1376057400161402
27.490000000001498,0.89670450497584,-1.7585788159102102e-11,-0.8766111888121919,-0.13760574001613987
27.5000000000015,0.8967045049758098,-1.7562795991155604e-11,-0.8766111888122221,-0.13760574001613957
27.5100000000015,0.8967045049757797,-1.7539833290822214e-11,-0.8766111888122522,-0.13760574001613926
27.520000000001502,0.8967045049757496,-1.751690544802313e-11,-0.8766111888122827,-0.13760574001613893
27.530000000001504,0.8967045049757197,-1.749399912903023e-11,-0.8766111888123123,-0.13760574001613857
27.540000000001505,0.8967045049756899,-1.7471136797861256e-11,-0.8766111888123417,-0.1376057400161382
27.550000000001507,0.89670450497566,-1.744831823043233e-11,-0.876611188812372,-0.13760574001613793
27.56000000000151,0.8967045049756301,-1.7425524706604064e-11,-0.8766111888124021,-0.13760574001613762
27.57000000000151,0.8967045049756003,-1.7402754011964492e-11,-0.876611188812432,-0.1376057400161373
27.58000000000151,0.8967045049755704,-1.73800055539891e-11,-0.8766111888124619,-0.13760574001613698
27.590000000001513,0.8967045049755407,-1.7357289030272776e-11,-0.8766111888124919,-0.13760574001613668
27.600000000001515,0.8967045049755109,-1.7334598523864592e-11,-0.8766111888125219,-0.13760574001613637
27.610000000001516,0.8967045049754812,-1.7311934573971083e-11,-0.8766111888125515,-0.13760574001613607
27.620000000001518,0.8967045049754515,-1.7289297587327694e-11,-0.8766111888125812,-0.1376057400161357
27.63000000000152,0.896704504975422,-1.726668907171944e-11,-0.8766111888126106,-0.13760574001613537
27.64000000000152,0.8967045049753924,-1.7244114621005725e-11,-0.8766111888126404,-0.13760574001613507
27.650000000001523,0.8967045049753629,-1.722156645439843e-11,-0.87661118881267,-0.13760574001613476
27.660000000001524,0.8967045049753334,-1.7199054955744247e-11,-0.8766111888126991,-0.13760574001613443
27.670000000001526,0.896704504975304,-1.7176576721254594e-11,-0.8766111888127286,-0.1376057400161341
27.680000000001527,0.8967045049752747,-1.7154129241298937e-11,-0.8766111888127579,-0.13760574001613377
27.69000000000153,0.8967045049752452,-1.7131719408241017e-11,-0.8766111888127872,-0.13760574001613346
27.70000000000153,0.896704504975216,-1.7109343629389306e-11,-0.8766111888128166,-0.13760574001613315
27.710000000001532,0.8967045049751868,-1.7086994526679414e-11,-0.8766111888128458,-0.13760574001613282
27.720000000001534,0.8967045049751576,-1.7064676001370343e-11,-0.8766111888128753,-0.13760574001613252
27.730000000001535,0.8967045049751284,-1.70423796787671e-11,-0.8766111888129043,-0.1376057400161322
27.740000000001537,0.8967045049750992,-1.702011035391848e-11,-0.8766111888129339,-0.13760574001613193
27.75000000000154,0.8967045049750701,-1.6997861152325942e-11,-0.876611188812963,-0.1376057400161316
27.76000000000154,0.8967045049750412,-1.6975640427601543e-11,-0.8766111888129922,-0.13760574001613132
27.77000000000154,0.8967045049750122,-1.6953449209138166e-11,-0.8766111888130212,-0.13760574001613102
27.780000000001543,0.8967045049749831,-1.693127749268669e-11,-0.8766111888130509,-0.13760574001613077
27.790000000001545,0.8967045049749541,-1.6909115963894313e-11,-0.8766111888130798,-0.13760574001613046
27.800000000001546,0.8967045049749253,-1.6886982926951524e-11,-0.8766111888131086,-0.13760574001613016
27.810000000001548,0.8967045049748965,-1.6864880146065924e-11,-0.8766111888131379,-0.13760574001612988
27.82000000000155,0.8967045049748675,-1.6842801986839413e-11,-0.8766111888131674,-0.1376057400161296
27.83000000000155,0.8967045049748388,-1.6820738405339848e-11,-0.8766111888131966,-0.13760574001612932
27.840000000001552,0.89670450497481,-1.6798691081945206e-11,-0.8766111888132254,-0.13760574001612907
27.850000000001554,0.8967045049747814,-1.6776676408746627e-11,-0.8766111888132545,-0.1376057400161288
27.860000000001556,0.8967045049747527,-1.675467992588162e-11,-0.8766111888132835,-0.13760574001612852
27.870000000001557,0.896704504974724,-1.673271155276069e-11,-0.8766111888133125,-0.13760574001612824
27.88000000000156,0.8967045049746952,-1.6710758042980067e-11,-0.8766111888133417,-0.137605740016128
27.89000000000156,0.8967045049746667,-1.6688817670789825e-11,-0.876611188813371,-0.13760574001612774
27.90000000000156,0.8967045049746383,-1.6666894566906756e-11,-0.8766111888133991,-0.13760574001612744
27.910000000001563,0.8967045049746097,-1.664501284181266e-11,-0.8766111888134283,-0.13760574001612716
27.920000000001565,0.8967045049745813,-1.6623148837331403e-11,-0.876611188813457,-0.1376057400161269
27.930000000001566,0.896704504974553,-1.6601312465899726e-11,-0.8766111888134853,-0.1376057400161266
27.940000000001568,0.8967045049745246,-1.6579507589125227e-11,-0.876611188813514,-0.13760574001612635
27.95000000000157,0.8967045049744962,-1.655773321902439e-11,-0.876611188813543,-0.13760574001612613
27.96000000000157,0.896704504974468,-1.6535965352079452e-11,-0.8766111888135717,-0.13760574001612585
27.970000000001573,0.8967045049744395,-1.6514218479137592e-11,-0.8766111888136008,-0.13760574001612563
27.980000000001574,0.8967045049744112,-1.649248595456234e-11,-0.8766111888136293,-0.13760574001612536
27.990000000001576,0.896704504974383,-1.6470770604679294e-11,-0.8766111888136577,-0.13760574001612508
28.000000000001577,0.8967045049743548,-1.644909952395861e-11,-0.8766111888136862,-0.13760574001612483
28.01000000000158,0.8967045049743266,-1.6427450700001215e-11,-0.8766111888137146,-0.13760574001612455
28.02000000000158,0.8967045049742987,-1.640582859255345e-11,-0.8766111888137431,-0.13760574001612427
28.030000000001582,0.8967045049742706,-1.638423542242599e-11,-0.8766111888137715,-0.137605740016124
28.040000000001584,0.8967045049742425,-1.6362673877490717e-11,-0.8766111888137996,-0.13760574001612372
28.050000000001585,0.8967045049742145,-1.63411383707015e-11,-0.8766111888138278,-0.13760574001612344
28.060000000001587,0.8967045049741867,-1.6319634994312178e-11,-0.8766111888138558,-0.13760574001612313
28.07000000000159,0.8967045049741588,-1.629817209470035e-11,-0.8766111888138838,-0.13760574001612283
28.08000000000159,0.8967045049741308,-1.6276747201391263e-11,-0.8766111888139123,-0.13760574001612258
28.09000000000159,0.896704504974103,-1.625534660724412e-11,-0.8766111888139401,-0.13760574001612227
28.100000000001593,0.8967045049740752,-1.6233978931631656e-11,-0.876611188813968,-0.13760574001612202
28.110000000001595,0.8967045049740473,-1.621264232807479e-11,-0.8766111888139962,-0.13760574001612175
28.120000000001596,0.8967045049740197,-1.6191325367356933e-11,-0.8766111888140243,-0.1376057400161215
28.130000000001598,0.8967045049739919,-1.6170034249034066e-11,-0.8766111888140522,-0.13760574001612122
28.1400000000016,0.8967045049739643,-1.614876866293431e-11,-0.8766111888140804,-0.13760574001612091
28.1500000000016,0.8967045049739368,-1.6127537337573807e-11,-0.8766111888141076,-0.1376057400161206
28.160000000001602,0.8967045049739093,-1.610634373946493e-11,-0.8766111888141351,-0.1376057400161203
28.170000000001604,0.8967045049738817,-1.6085196192797727e-11,-0.8766111888141634,-0.13760574001612008
28.180000000001606,0.8967045049738542,-1.606406088893468e-11,-0.876611188814191,-0.13760574001611978
28.190000000001607,0.8967045049738266,-1.6042954609426854e-11,-0.8766111888142193,-0.13760574001611953
28.20000000000161,0.8967045049737992,-1.6021858554814975e-11,-0.8766111888142472,-0.13760574001611928
28.21000000000161,0.8967045049737716,-1.600077817106258e-11,-0.8766111888142751,-0.13760574001611903
28.220000000001612,0.8967045049737441,-1.5979724844437828e-11,-0.8766111888143031,-0.13760574001611875
28.230000000001613,0.8967045049737169,-1.595869513962591e-11,-0.8766111888143302,-0.13760574001611842
28.240000000001615,0.8967045049736895,-1.5937706961355734e-11,-0.8766111888143581,-0.13760574001611814
28.250000000001616,0.8967045049736623,-1.591675097755561e-11,-0.8766111888143847,-0.13760574001611778
28.260000000001618,0.8967045049736352,-1.589584449372663e-11,-0.8766111888144119,-0.13760574001611747
28.27000000000162,0.8967045049736079,-1.5874970702314134e-11,-0.8766111888144396,-0.13760574001611722
28.28000000000162,0.8967045049735807,-1.5854124297409647e-11,-0.8766111888144664,-0.1376057400161169
28.290000000001623,0.8967045049735537,-1.5833322060446188e-11,-0.8766111888144934,-0.13760574001611658
28.300000000001624,0.8967045049735265,-1.581254843377372e-11,-0.876611188814521,-0.1376057400161163
28.310000000001626,0.8967045049734994,-1.579179833630378e-11,-0.8766111888145482,-0.13760574001611606
28.320000000001627,0.8967045049734723,-1.5771073711205667e-11,-0.8766111888145758,-0.13760574001611578
28.33000000000163,0.8967045049734452,-1.5750372220023518e-11,-0.8766111888146026,-0.13760574001611547
28.34000000000163,0.8967045049734184,-1.5729712245787076e-11,-0.8766111888146297,-0.13760574001611517
28.350000000001632,0.8967045049733915,-1.5709077177258023e-11,-0.8766111888146565,-0.13760574001611486
28.360000000001634,0.8967045049733645,-1.5688486642182936e-11,-0.8766111888146835,-0.13760574001611456
28.370000000001635,0.8967045049733376,-1.566793036159369e-11,-0.8766111888147106,-0.13760574001611428
28.380000000001637,0.8967045049733108,-1.5647403414046728e-11,-0.876611188814737,-0.13760574001611395
28.39000000000164,0.896704504973284,-1.562691315661729e-11,-0.8766111888147634,-0.13760574001611361
28.40000000000164,0.8967045049732574,-1.5606468755437104e-11,-0.8766111888147902,-0.13760574001611334
28.41000000000164,0.8967045049732306,-1.5586060823428584e-11,-0.8766111888148166,-0.13760574001611303
28.420000000001643,0.896704504973204,-1.55656838214381e-11,-0.8766111888148433,-0.13760574001611275
28.430000000001645,0.8967045049731773,-1.554533009999496e-11,-0.87661118881487,-0.13760574001611242
28.440000000001646,0.8967045049731507,-1.5525018197320856e-11,-0.8766111888148963,-0.13760574001611214
28.450000000001648,0.8967045049731243,-1.550473558225877e-11,-0.8766111888149233,-0.13760574001611187
28.46000000000165,0.8967045049730976,-1.5484474919509468e-11,-0.8766111888149498,-0.1376057400161116
28.47000000000165,0.8967045049730712,-1.5464234278732103e-11,-0.8766111888149765,-0.1376057400161113
28.480000000001652,0.8967045049730447,-1.5444027519490113e-11,-0.8766111888150026,-0.137605740016111
28.490000000001654,0.8967045049730182,-1.542385278814825e-11,-0.8766111888150296,-0.13760574001611073
28.500000000001656,0.8967045049729918,-1.5403689759690633e-11,-0.8766111888150561,-0.13760574001611048
28.510000000001657,0.8967045049729653,-1.538355173650766e-11,-0.8766111888150826,-0.1376057400161102
28.52000000000166,0.8967045049729389,-1.536343216184132e-11,-0.8766111888151094,-0.13760574001610992
28.53000000000166,0.8967045049729125,-1.534333473860592e-11,-0.8766111888151358,-0.13760574001610962
28.540000000001662,0.8967045049728865,-1.5323270729813667e-11,-0.8766111888151613,-0.1376057400161093
28.550000000001663,0.8967045049728603,-1.5303249423210872e-11,-0.8766111888151874,-0.137605740016109
28.560000000001665,0.896704504972834,-1.5283256394401985e-11,-0.8766111888152138,-0.13760574001610873
28.570000000001667,0.896704504972808,-1.5263293677737182e-11,-0.8766111888152395,-0.13760574001610842
28.580000000001668,0.8967045049727819,-1.5243371282572896e-11,-0.8766111888152656,-0.13760574001610815
28.59000000000167,0.8967045049727557,-1.5223472000175247e-11,-0.8766111888152917,-0.13760574001610787
28.60000000000167,0.8967045049727296,-1.520360009474807e-11,-0.8766111888153176,-0.1376057400161076
28.610000000001673,0.8967045049727035,-1.518375380501578e-11,-0.8766111888153441,-0.13760574001610734
28.620000000001674,0.8967045049726774,-1.516392671770004e-11,-0.8766111888153698,-0.13760574001610704
28.630000000001676,0.8967045049726514,-1.5144124365923327e-11,-0.876611188815396,-0.13760574001610676
28.640000000001677,0.8967045049726255,-1.512435267879558e-11,-0.8766111888154213,-0.13760574001610643
28.65000000000168,0.8967045049725998,-1.510462219921925e-11,-0.8766111888154473,-0.13760574001610618
28.66000000000168,0.8967045049725739,-1.508491232854212e-11,-0.876611188815473,-0.1376057400161059
28.670000000001682,0.8967045049725482,-1.50652401596238e-11,-0.8766111888154988,-0.13760574001610565
28.680000000001684,0.8967045049725223,-1.5045584814101406e-11,-0.8766111888155248,-0.13760574001610537
28.690000000001685,0.8967045049724965,-1.5025938604308577e-11,-0.8766111888155508,-0.13760574001610512
28.700000000001687,0.8967045049724708,-1.500631692632658e-11,-0.8766111888155761,-0.13760574001610482
28.71000000000169,0.8967045049724451,-1.498672354611146e-11,-0.8766111888156021,-0.1376057400161046
28.72000000000169,0.8967045049724194,-1.4967149962418345e-11,-0.8766111888156283,-0.13760574001610432
28.73000000000169,0.8967045049723937,-1.4947590932546665e-11,-0.8766111888156543,-0.13760574001610407
28.740000000001693,0.8967045049723681,-1.492804516836987e-11,-0.87661118881568,-0.13760574001610382
28.750000000001695,0.8967045049723426,-1.4908515381490983e-11,-0.8766111888157055,-0.13760574001610354
28.760000000001696,0.8967045049723171,-1.488902787719571e-11,-0.8766111888157312,-0.1376057400161033
28.770000000001698,0.8967045049722915,-1.486955047571405e-11,-0.8766111888157572,-0.13760574001610304
28.7800000000017,0.8967045049722661,-1.4850081133924697e-11,-0.8766111888157826,-0.1376057400161028
28.7900000000017,0.8967045049722406,-1.483063851518281e-11,-0.8766111888158079,-0.13760574001610248
28.800000000001702,0.8967045049722153,-1.4811229962550326e-11,-0.8766111888158337,-0.13760574001610223
28.810000000001704,0.8967045049721899,-1.479183970345054e-11,-0.8766111888158591,-0.13760574001610196
28.820000000001706,0.8967045049721646,-1.4772475172427842e-11,-0.8766111888158847,-0.13760574001610174
28.830000000001707,0.8967045049721392,-1.475312454769127e-11,-0.87661118881591,-0.13760574001610146
28.84000000000171,0.8967045049721138,-1.4733794308010407e-11,-0.8766111888159355,-0.1376057400161012
28.85000000000171,0.8967045049720886,-1.471448352061977e-11,-0.8766111888159609,-0.1376057400161009
28.860000000001712,0.8967045049720634,-1.4695202744189686e-11,-0.8766111888159859,-0.1376057400161006
28.870000000001713,0.8967045049720382,-1.4675945582191302e-11,-0.8766111888160117,-0.13760574001610038
28.880000000001715,0.896704504972013,-1.4656708055303293e-11,-0.8766111888160372,-0.1376057400161001
28.890000000001717,0.8967045049719881,-1.4637494122442882e-11,-0.8766111888160621,-0.13760574001609982
28.900000000001718,0.896704504971963,-1.461830565377931e-11,-0.8766111888160872,-0.13760574001609951
28.91000000000172,0.896704504971938,-1.4599140563918238e-11,-0.8766111888161123,-0.1376057400160992
28.92000000000172,0.8967045049719131,-1.4580005582248998e-11,-0.876611188816137,-0.13760574001609893
28.930000000001723,0.8967045049718882,-1.4560902031891005e-11,-0.8766111888161625,-0.13760574001609868
28.940000000001724,0.8967045049718633,-1.4541812221306083e-11,-0.876611188816188,-0.13760574001609843
28.950000000001726,0.8967045049718382,-1.4522737609235417e-11,-0.8766111888162132,-0.13760574001609818
28.960000000001727,0.8967045049718133,-1.4503678769056142e-11,-0.8766111888162385,-0.13760574001609793
28.97000000000173,0.8967045049717886,-1.4484647272318314e-11,-0.8766111888162629,-0.13760574001609763
28.98000000000173,0.896704504971764,-1.4465641534407116e-11,-0.8766111888162874,-0.13760574001609735
28.990000000001732,0.8967045049717393,-1.4446674687044426e-11,-0.8766111888163125,-0.1376057400160971
29.000000000001734,0.8967045049717145,-1.4427724368964785e-11,-0.8766111888163376,-0.13760574001609682
29.010000000001735,0.8967045049716899,-1.4408796234600986e-11,-0.8766111888163625,-0.13760574001609654
29.020000000001737,0.8967045049716652,-1.4389888376280407e-11,-0.8766111888163872,-0.13760574001609627
29.03000000000174,0.8967045049716407,-1.437101346112542e-11,-0.8766111888164118,-0.13760574001609602
29.04000000000174,0.8967045049716161,-1.4352162377970214e-11,-0.8766111888164362,-0.13760574001609574
29.05000000000174,0.8967045049715916,-1.4333335855260176e-11,-0.8766111888164609,-0.13760574001609546
29.060000000001743,0.8967045049715671,-1.4314545190949368e-11,-0.8766111888164857,-0.1376057400160952
29.070000000001745,0.8967045049715425,-1.4295771265208876e-11,-0.8766111888165103,-0.13760574001609496
29.080000000001746,0.8967045049715181,-1.4277020821978765e-11,-0.8766111888165352,-0.1376057400160947
29.090000000001748,0.8967045049714937,-1.4258286377224681e-11,-0.8766111888165599,-0.1376057400160945
29.10000000000175,0.8967045049714693,-1.4239580308103464e-11,-0.8766111888165846,-0.13760574001609424
29.11000000000175,0.896704504971445,-1.4220895721674425e-11,-0.8766111888166088,-0.137605740016094
29.120000000001752,0.8967045049714207,-1.4202236793117166e-11,-0.8766111888166337,-0.13760574001609377
29.130000000001754,0.8967045049713964,-1.4183588382403057e-11,-0.876611188816658,-0.1376057400160935
29.140000000001756,0.8967045049713722,-1.4164969757873838e-11,-0.8766111888166825,-0.13760574001609324
29.150000000001757,0.896704504971348,-1.4146373132427182e-11,-0.8766111888167072,-0.13760574001609305
29.16000000000176,0.8967045049713238,-1.4127790332391819e-11,-0.8766111888167314,-0.1376057400160928
29.17000000000176,0.8967045049712997,-1.4109234750241205e-11,-0.8766111888167557,-0.13760574001609258
29.180000000001762,0.8967045049712755,-1.4090699619043318e-11,-0.8766111888167808,-0.13760574001609238
29.190000000001763,0.8967045049712514,-1.4072177220436455e-11,-0.876611188816805,-0.13760574001609213
29.200000000001765,0.8967045049712272,-1.4053674514826246e-11,-0.8766111888168295,-0.13760574001609194
29.210000000001767,0.8967045049712031,-1.4035182419893631e-11,-0.8766111888168541,-0.1376057400160917
29.220000000001768,0.8967045049711793,-1.401671255027941e-11,-0.8766111888168779,-0.13760574001609147
29.23000000000177,0.8967045049711552,-1.3998282553500674e-11,-0.8766111888169021,-0.13760574001609122
29.24000000000177,0.8967045049711312,-1.3979872573267958e-11,-0.8766111888169266,-0.13760574001609097
29.250000000001773,0.8967045049711073,-1.3961482714541959e-11,-0.8766111888169503,-0.1376057400160907
29.260000000001774,0.8967045049710833,-1.3943128367881833e-11,-0.8766111888169744,-0.1376057400160904
29.270000000001776,0.8967045049710596,-1.392480406947534e-11,-0.8766111888169983,-0.1376057400160902
29.280000000001777,0.8967045049710358,-1.3906508165332141e-11,-0.8766111888170226,-0.13760574001608994
29.29000000000178,0.896704504971012,-1.3888238444972358e-11,-0.8766111888170462,-0.1376057400160897
29.30000000000178,0.8967045049709882,-1.38699936756237e-11,-0.8766111888170702,-0.13760574001608947
29.310000000001782,0.8967045049709644,-1.3851768062943233e-11,-0.8766111888170945,-0.13760574001608922
29.320000000001784,0.8967045049709408,-1.3833561928826125e-11,-0.8766111888171181,-0.13760574001608894
29.330000000001785,0.896704504970917,-1.3815390528005244e-11,-0.8766111888171422,-0.13760574001608875
29.340000000001787,0.8967045049708934,-1.3797231919754259e-11,-0.876611188817166,-0.1376057400160885
29.35000000000179,0.8967045049708698,-1.3779102736360875e-11,-0.8766111888171897,-0.13760574001608825
29.36000000000179,0.8967045049708462,-1.3761007790295176e-11,-0.8766111888172132,-0.13760574001608797
29.37000000000179,0.8967045049708227,-1.3742928922884976e-11,-0.8766111888172371,-0.13760574001608775
29.380000000001793,0.8967045049707992,-1.3724873025227378e-11,-0.8766111888172607,-0.13760574001608747
29.390000000001795,0.8967045049707758,-1.3706851476769735e-11,-0.8766111888172842,-0.13760574001608722
29.400000000001796,0.8967045049707522,-1.3688862343223225e-11,-0.8766111888173077,-0.13760574001608697
29.410000000001798,0.8967045049707288,-1.3670895627194616e-11,-0.8766111888173307,-0.13760574001608666
29.4200000000018,0.8967045049707054,-1.3652970782823241e-11,-0.8766111888173547,-0.13760574001608644
29.4300000000018,0.896704504970682,-1.3635059614832866e-11,-0.8766111888173782,-0.13760574001608616
29.440000000001803,0.8967045049706588,-1.361717921613012e-11,-0.8766111888174011,-0.13760574001608591
29.450000000001804,0.8967045049706355,-1.3599330192343857e-11,-0.8766111888174246,-0.1376057400160857
29.460000000001806,0.8967045049706122,-1.3581503379779947e-11,-0.8766111888174483,-0.13760574001608544
29.470000000001807,0.8967045049705888,-1.3563692464022584e-11,-0.8766111888174718,-0.13760574001608522
29.48000000000181,0.8967045049705656,-1.3545896006968865e-11,-0.8766111888174956,-0.13760574001608497
29.49000000000181,0.8967045049705425,-1.352811859096577e-11,-0.8766111888175184,-0.1376057400160847
29.500000000001812,0.8967045049705195,-1.3510374681985368e-11,-0.8766111888175417,-0.13760574001608444
29.510000000001813,0.8967045049704963,-1.3492654368710828e-11,-0.8766111888175647,-0.1376057400160842
29.520000000001815,0.8967045049704732,-1.347496710179138e-11,-0.876611188817588,-0.13760574001608392
29.530000000001817,0.8967045049704501,-1.345730259282969e-11,-0.8766111888176116,-0.1376057400160837
29.540000000001818,0.896704504970427,-1.3439659209407509e-11,-0.8766111888176349,-0.13760574001608344
29.55000000000182,0.8967045049704038,-1.3422036873351721e-11,-0.876611188817658,-0.13760574001608317
29.56000000000182,0.8967045049703809,-1.3404430287211644e-11,-0.8766111888176809,-0.1376057400160829
29.570000000001823,0.896704504970358,-1.3386872693184774e-11,-0.8766111888177034,-0.1376057400160826
29.580000000001824,0.8967045049703352,-1.3369344159530039e-11,-0.8766111888177263,-0.13760574001608233
29.590000000001826,0.8967045049703123,-1.3351850277233154e-11,-0.876611188817749,-0.13760574001608206
29.600000000001828,0.8967045049702895,-1.333438798683112e-11,-0.8766111888177714,-0.13760574001608175
29.61000000000183,0.8967045049702667,-1.3316952771914875e-11,-0.8766111888177944,-0.13760574001608153
29.62000000000183,0.8967045049702439,-1.3299549122906229e-11,-0.876611188817817,-0.13760574001608125
29.630000000001832,0.896704504970221,-1.3282172452342894e-11,-0.8766111888178402,-0.13760574001608097
29.640000000001834,0.8967045049701983,-1.3264812911111494e-11,-0.8766111888178627,-0.13760574001608072
29.650000000001835,0.8967045049701756,-1.3247478714533334e-11,-0.8766111888178849,-0.13760574001608045
29.660000000001837,0.8967045049701529,-1.3230169538709812e-11,-0.876611188817908,-0.1376057400160802
29.67000000000184,0.8967045049701302,-1.3212884754905278e-11,-0.8766111888179309,-0.13760574001607997
29.68000000000184,0.8967045049701076,-1.3195624609150942e-11,-0.8766111888179532,-0.1376057400160797
29.69000000000184,0.896704504970085,-1.3178387069663797e-11,-0.8766111888179757,-0.13760574001607942
29.700000000001843,0.8967045049700625,-1.316117577360253e-11,-0.8766111888179984,-0.13760574001607917
29.710000000001845,0.89670450497004,-1.3143987006497384e-11,-0.8766111888180211,-0.13760574001607892
29.720000000001846,0.8967045049700175,-1.3126822713098758e-11,-0.8766111888180435,-0.13760574001607867
29.730000000001848,0.896704504969995,-1.310968552636949e-11,-0.8766111888180659,-0.13760574001607842
29.74000000000185,0.8967045049699726,-1.3092570237368147e-11,-0.8766111888180881,-0.13760574001607814
29.75000000000185,0.8967045049699501,-1.3075488450169078e-11,-0.8766111888181107,-0.1376057400160779
29.760000000001853,0.8967045049699278,-1.3058429000853435e-11,-0.8766111888181332,-0.13760574001607764
29.770000000001854,0.8967045049699055,-1.3041393164799288e-11,-0.8766111888181554,-0.1376057400160774
29.780000000001856,0.8967045049698831,-1.3024367773903138e-11,-0.8766111888181777,-0.1376057400160772
29.790000000001857,0.8967045049698608,-1.3007366119874271e-11,-0.8766111888182001,-0.13760574001607692
29.80000000000186,0.8967045049698386,-1.2990395855007599e-11,-0.8766111888182224,-0.13760574001607664
29.81000000000186,0.8967045049698162,-1.2973452837876378e-11,-0.8766111888182445,-0.13760574001607642
29.820000000001862,0.8967045049697941,-1.295652711565432e-11,-0.8766111888182666,-0.13760574001607614
29.830000000001863,0.896704504969772,-1.2939631739795007e-11,-0.8766111888182887,-0.1376057400160759
29.840000000001865,0.8967045049697497,-1.292276287590841e-11,-0.8766111888183108,-0.1376057400160757
29.850000000001867,0.8967045049697276,-1.2905908676666787e-11,-0.8766111888183329,-0.13760574001607542
29.860000000001868,0.8967045049697056,-1.2889075287846949e-11,-0.876611188818355,-0.13760574001607517
29.87000000000187,0.8967045049696835,-1.2872262872035638e-11,-0.8766111888183773,-0.13760574001607492
29.88000000000187,0.8967045049696615,-1.2855476873749756e-11,-0.8766111888183993,-0.1376057400160747
29.890000000001873,0.8967045049696395,-1.2838712299970773e-11,-0.8766111888184209,-0.1376057400160744
29.900000000001874,0.8967045049696175,-1.2821975510371794e-11,-0.8766111888184429,-0.1376057400160742
29.910000000001876,0.8967045049695955,-1.2805260465439198e-11,-0.8766111888184648,-0.13760574001607395
29.920000000001878,0.8967045049695735,-1.2788563454860374e-11,-0.8766111888184871,-0.1376057400160737
29.93000000000188,0.8967045049695517,-1.2771893112028262e-11,-0.8766111888185084,-0.13760574001607345
29.94000000000188,0.8967045049695298,-1.2755245546235298e-11,-0.8766111888185305,-0.1376057400160732
29.950000000001882,0.896704504969508,-1.2738621108928568e-11,-0.8766111888185523,-0.13760574001607292
29.960000000001884,0.8967045049694863,-1.2722019472493716e-11,-0.8766111888185739,-0.13760574001607273
29.970000000001885,0.8967045049694645,-1.2705431561940396e-11,-0.8766111888185959,-0.1376057400160725
29.980000000001887,0.8967045049694429,-1.2688869217862943e-11,-0.8766111888186174,-0.13760574001607226
29.99000000000189,0.8967045049694211,-1.2672324097012546e-11,-0.8766111888186393,-0.137605740016072
30.00000000000189,0.8967045049693994,-1.2655798258672116e-11,-0.8766111888186612,-0.1376057400160718
30.01000000000189,0.8967045049693777,-1.2639280372213178e-11,-0.8766111888186828,-0.13760574001607156
30.020000000001893,0.896704504969356,-1.2622781289482943e-11,-0.8766111888187047,-0.13760574001607134
30.030000000001895,0.8967045049693344,-1.2606300702667886e-11,-0.8766111888187264,-0.1376057400160711
30.040000000001896,0.8967045049693129,-1.2589847866665314e-11,-0.8766111888187478,-0.13760574001607084
30.050000000001898,0.8967045049692913,-1.2573417374950397e-11,-0.8766111888187694,-0.1376057400160706
30.0600000000019,0.8967045049692698,-1.2557010239398778e-11,-0.8766111888187909,-0.13760574001607037
30.0700000000019,0.8967045049692484,-1.254062247870305e-11,-0.8766111888188121,-0.13760574001607012
30.080000000001903,0.8967045049692268,-1.252425838019001e-11,-0.8766111888188342,-0.13760574001606996
30.090000000001904,0.8967045049692053,-1.2507902834179523e-11,-0.8766111888188554,-0.13760574001606973
30.100000000001906,0.8967045049691839,-1.2491565946111697e-11,-0.876611188818877,-0.13760574001606948
30.110000000001907,0.8967045049691625,-1.247524824284578e-11,-0.876611188818898,-0.13760574001606923
30.12000000000191,0.8967045049691412,-1.245896798254066e-11,-0.8766111888189195,-0.137605740016069
30.13000000000191,0.8967045049691199,-1.2442704532088971e-11,-0.8766111888189408,-0.1376057400160688
30.140000000001912,0.8967045049690986,-1.2426455718208183e-11,-0.8766111888189625,-0.13760574001606857
30.150000000001913,0.8967045049690773,-1.2410223176137431e-11,-0.8766111888189836,-0.13760574001606837
30.160000000001915,0.8967045049690561,-1.2394004303116574e-11,-0.8766111888190047,-0.13760574001606812
30.170000000001917,0.8967045049690349,-1.2377821863001095e-11,-0.8766111888190262,-0.13760574001606793
30.180000000001918,0.8967045049690137,-1.2361644388382364e-11,-0.8766111888190478,-0.1376057400160677
30.19000000000192,0.8967045049689926,-1.234547947064584e-11,-0.8766111888190689,-0.13760574001606748
30.20000000000192,0.8967045049689715,-1.2329334793511363e-11,-0.8766111888190903,-0.13760574001606726
30.210000000001923,0.8967045049689505,-1.231320622533506e-11,-0.8766111888191114,-0.13760574001606704
30.220000000001924,0.8967045049689294,-1.2297108917554237e-11,-0.8766111888191324,-0.13760574001606685
30.230000000001926,0.8967045049689083,-1.2281022840980291e-11,-0.8766111888191538,-0.13760574001606665
30.240000000001928,0.8967045049688872,-1.2264936802330677e-11,-0.8766111888191754,-0.13760574001606646
30.25000000000193,0.8967045049688662,-1.2248856329294081e-11,-0.8766111888191964,-0.1376057400160662
30.26000000000193,0.8967045049688452,-1.2232800887130306e-11,-0.8766111888192176,-0.13760574001606599
30.270000000001932,0.8967045049688243,-1.2216763566457927e-11,-0.8766111888192388,-0.13760574001606576
30.280000000001934,0.8967045049688034,-1.22007450526282e-11,-0.8766111888192599,-0.13760574001606557
30.290000000001935,0.8967045049687825,-1.2184751832088107e-11,-0.8766111888192808,-0.13760574001606535
30.300000000001937,0.8967045049687615,-1.2168764039047477e-11,-0.876611188819302,-0.13760574001606513
30.31000000000194,0.8967045049687408,-1.2152811868923673e-11,-0.8766111888193227,-0.13760574001606488
30.32000000000194,0.89670450496872,-1.2136890095390183e-11,-0.8766111888193433,-0.13760574001606463
30.33000000000194,0.8967045049686992,-1.2120993304340368e-11,-0.8766111888193638,-0.13760574001606438
30.340000000001943,0.8967045049686786,-1.2105121588640164e-11,-0.8766111888193845,-0.13760574001606415
30.350000000001945,0.896704504968658,-1.2089273930588835e-11,-0.8766111888194055,-0.13760574001606396
30.360000000001946,0.8967045049686373,-1.2073437061131072e-11,-0.8766111888194265,-0.13760574001606374
30.370000000001948,0.8967045049686168,-1.2057609453329717e-11,-0.8766111888194472,-0.13760574001606354
30.38000000000195,0.8967045049685961,-1.2041801554232112e-11,-0.8766111888194684,-0.13760574001606335
30.39000000000195,0.8967045049685755,-1.2025997601030382e-11,-0.8766111888194893,-0.13760574001606315
30.400000000001953,0.8967045049685548,-1.2010201541442058e-11,-0.8766111888195104,-0.13760574001606296
30.410000000001954,0.8967045049685343,-1.199441907275068e-11,-0.8766111888195313,-0.13760574001606277
30.420000000001956,0.8967045049685137,-1.1978659102458815e-11,-0.8766111888195519,-0.13760574001606254
30.430000000001957,0.8967045049684931,-1.1962905883775171e-11,-0.8766111888195731,-0.13760574001606235
30.44000000000196,0.8967045049684725,-1.1947155642654755e-11,-0.8766111888195941,-0.13760574001606213
30.45000000000196,0.8967045049684521,-1.193142772824849e-11,-0.8766111888196149,-0.1376057400160619
30.460000000001962,0.8967045049684318,-1.1915728648870288e-11,-0.876611188819635,-0.13760574001606166
30.470000000001964,0.8967045049684114,-1.19000537465004e-11,-0.8766111888196555,-0.13760574001606143
30.480000000001965,0.896704504968391,-1.1884399705835638e-11,-0.8766111888196759,-0.13760574001606124
30.490000000001967,0.8967045049683708,-1.1868775056354691e-11,-0.8766111888196961,-0.13760574001606096
30.500000000001968,0.8967045049683506,-1.1853180111877538e-11,-0.8766111888197164,-0.13760574001606074
30.51000000000197,0.8967045049683305,-1.1837609233553959e-11,-0.8766111888197368,-0.1376057400160605
30.52000000000197,0.8967045049683103,-1.1822064297992373e-11,-0.8766111888197572,-0.1376057400160603
30.530000000001973,0.89670450496829,-1.1806527627487252e-11,-0.8766111888197777,-0.1376057400160601
30.540000000001974,0.8967045049682698,-1.1791003323059911e-11,-0.8766111888197988,-0.13760574001605988
30.550000000001976,0.8967045049682497,-1.1775489328904244e-11,-0.8766111888198187,-0.13760574001605969
30.560000000001978,0.8967045049682296,-1.1760010205541163e-11,-0.8766111888198391,-0.1376057400160595
30.57000000000198,0.8967045049682094,-1.1744533058938926e-11,-0.8766111888198598,-0.1376057400160593
30.58000000000198,0.8967045049681892,-1.1729075549244916e-11,-0.8766111888198803,-0.13760574001605907
30.590000000001982,0.8967045049681691,-1.1713642927490963e-11,-0.8766111888199006,-0.13760574001605888
30.600000000001984,0.896704504968149,-1.1698225223212548e-11,-0.876611188819921,-0.13760574001605866
30.610000000001985,0.8967045049681291,-1.1682832219908808e-11,-0.8766111888199406,-0.1376057400160584
30.620000000001987,0.8967045049681093,-1.1667485911118769e-11,-0.87661118881996,-0.13760574001605816
30.63000000000199,0.8967045049680894,-1.1652168858750713e-11,-0.8766111888199801,-0.13760574001605794
30.64000000000199,0.8967045049680695,-1.1636886052351101e-11,-0.8766111888200001,-0.13760574001605771
30.65000000000199,0.8967045049680498,-1.1621622623557444e-11,-0.8766111888200203,-0.13760574001605755
30.660000000001993,0.8967045049680299,-1.1606364807862686e-11,-0.8766111888200401,-0.13760574001605733
30.670000000001995,0.89670450496801,-1.1591127851664231e-11,-0.8766111888200608,-0.1376057400160572
30.680000000001996,0.8967045049679901,-1.1575894290145806e-11,-0.8766111888200807,-0.13760574001605697
30.690000000001998,0.8967045049679704,-1.156067555161926e-11,-0.8766111888201009,-0.13760574001605683
30.700000000002,0.8967045049679506,-1.1545475085870553e-11,-0.8766111888201209,-0.1376057400160566
30.710000000002,0.8967045049679309,-1.1530303633669575e-11,-0.8766111888201407,-0.13760574001605644
30.720000000002003,0.8967045049679111,-1.1515140033762264e-11,-0.8766111888201611,-0.13760574001605624
30.730000000002004,0.8967045049678913,-1.1499989100060624e-11,-0.8766111888201806,-0.13760574001605602
30.740000000002006,0.8967045049678717,-1.1484867645600521e-11,-0.8766111888202006,-0.13760574001605586
30.750000000002007,0.8967045049678521,-1.1469766553028828e-11,-0.8766111888202202,-0.13760574001605563
30.76000000000201,0.8967045049678326,-1.1454697585137683e-11,-0.8766111888202396,-0.13760574001605544
30.77000000000201,0.8967045049678132,-1.1439664539072739e-11,-0.876611188820259,-0.13760574001605522
30.780000000002012,0.8967045049677936,-1.1424661873742645e-11,-0.8766111888202783,-0.137605740016055
30.790000000002014,0.8967045049677742,-1.1409686241864988e-11,-0.8766111888202979,-0.1376057400160548
30.800000000002015,0.8967045049677547,-1.1394733108901073e-11,-0.8766111888203177,-0.13760574001605463
30.810000000002017,0.8967045049677351,-1.137978404140773e-11,-0.8766111888203376,-0.13760574001605447
30.82000000000202,0.8967045049677158,-1.1364852866653477e-11,-0.8766111888203575,-0.1376057400160543
30.83000000000202,0.8967045049676963,-1.1349935924332615e-11,-0.8766111888203775,-0.13760574001605416
30.84000000000202,0.8967045049676768,-1.1335016375335917e-11,-0.8766111888203968,-0.137605740016054
30.850000000002023,0.8967045049676575,-1.1320121176625378e-11,-0.8766111888204162,-0.13760574001605377
30.860000000002024,0.8967045049676381,-1.1305261262046206e-11,-0.8766111888204359,-0.1376057400160536
30.870000000002026,0.8967045049676188,-1.129040602937149e-11,-0.8766111888204555,-0.13760574001605344
30.880000000002028,0.8967045049675995,-1.1275568039513884e-11,-0.8766111888204751,-0.13760574001605325
30.89000000000203,0.8967045049675801,-1.1260752083554038e-11,-0.8766111888204943,-0.13760574001605305
30.90000000000203,0.8967045049675608,-1.1245959483893952e-11,-0.8766111888205139,-0.13760574001605286
30.910000000002032,0.8967045049675416,-1.1231190668021337e-11,-0.8766111888205329,-0.13760574001605266
30.920000000002034,0.8967045049675224,-1.1216458269874714e-11,-0.8766111888205519,-0.1376057400160525
30.930000000002035,0.8967045049675033,-1.1201751809575733e-11,-0.876611188820571,-0.13760574001605227
30.940000000002037,0.8967045049674842,-1.1187068823187307e-11,-0.8766111888205902,-0.13760574001605208
30.95000000000204,0.8967045049674652,-1.1172399415325481e-11,-0.8766111888206094,-0.1376057400160519
30.96000000000204,0.8967045049674461,-1.1157748907349154e-11,-0.8766111888206289,-0.13760574001605172
30.97000000000204,0.8967045049674269,-1.1143124045577804e-11,-0.8766111888206483,-0.13760574001605155
30.980000000002043,0.8967045049674078,-1.1128506135418249e-11,-0.8766111888206677,-0.1376057400160514
30.990000000002045,0.8967045049673888,-1.1113898740982332e-11,-0.8766111888206864,-0.1376057400160512
31.000000000002046,0.8967045049673699,-1.10993116795248e-11,-0.876611188820706,-0.13760574001605105
31.010000000002048,0.8967045049673509,-1.108473667592301e-11,-0.8766111888207245,-0.13760574001605083
31.02000000000205,0.8967045049673319,-1.1070200910225813e-11,-0.8766111888207441,-0.13760574001605066
31.03000000000205,0.8967045049673128,-1.1055677318667732e-11,-0.8766111888207634,-0.13760574001605053
31.040000000002053,0.8967045049672938,-1.1041159747816714e-11,-0.8766111888207824,-0.13760574001605033
31.050000000002054,0.8967045049672748,-1.1026668040505237e-11,-0.8766111888208016,-0.13760574001605017
31.060000000002056,0.8967045049672562,-1.1012192332055997e-11,-0.8766111888208203,-0.13760574001604994
31.070000000002057,0.8967045049672374,-1.0997736029731077e-11,-0.8766111888208393,-0.13760574001604978
31.08000000000206,0.8967045049672187,-1.0983301683949126e-11,-0.8766111888208584,-0.1376057400160496
31.09000000000206,0.8967045049671998,-1.0968876663004768e-11,-0.8766111888208774,-0.13760574001604944
31.100000000002062,0.8967045049671809,-1.0954471321610284e-11,-0.8766111888208968,-0.13760574001604928
31.110000000002064,0.8967045049671623,-1.0940071370963927e-11,-0.8766111888209155,-0.13760574001604908
31.120000000002065,0.8967045049671435,-1.0925689561948882e-11,-0.8766111888209345,-0.13760574001604892
31.130000000002067,0.8967045049671247,-1.0911319988188318e-11,-0.8766111888209533,-0.13760574001604872
31.14000000000207,0.8967045049671061,-1.0896979859806304e-11,-0.8766111888209719,-0.13760574001604853
31.15000000000207,0.8967045049670874,-1.0882666747055864e-11,-0.8766111888209903,-0.13760574001604833
31.16000000000207,0.8967045049670689,-1.0868378337692413e-11,-0.8766111888210095,-0.13760574001604814
31.170000000002073,0.8967045049670502,-1.0854108038752337e-11,-0.8766111888210281,-0.13760574001604794
31.180000000002075,0.8967045049670316,-1.083985162352279e-11,-0.8766111888210473,-0.13760574001604778
31.190000000002076,0.8967045049670129,-1.0825609806457935e-11,-0.876611188821066,-0.13760574001604758
31.200000000002078,0.8967045049669945,-1.081138257003698e-11,-0.8766111888210842,-0.13760574001604736
31.21000000000208,0.8967045049669762,-1.0797187938268386e-11,-0.876611188821103,-0.13760574001604714
31.22000000000208,0.8967045049669577,-1.0783025736196053e-11,-0.8766111888211212,-0.13760574001604695
31.230000000002082,0.8967045049669392,-1.0768881395656314e-11,-0.87661118882114,-0.1376057400160468
31.240000000002084,0.8967045049669208,-1.0754747923953193e-11,-0.8766111888211585,-0.13760574001604658
31.250000000002085,0.8967045049669025,-1.074064091784573e-11,-0.876611188821177,-0.1376057400160464
31.260000000002087,0.896704504966884,-1.0726551262618625e-11,-0.8766111888211954,-0.1376057400160462
31.27000000000209,0.8967045049668656,-1.0712476559764091e-11,-0.8766111888212139,-0.13760574001604603
31.28000000000209,0.8967045049668473,-1.0698412675703494e-11,-0.8766111888212322,-0.1376057400160458
31.29000000000209,0.896704504966829,-1.068437873001159e-11,-0.8766111888212509,-0.1376057400160456
31.300000000002093,0.8967045049668106,-1.0670364324052902e-11,-0.8766111888212693,-0.13760574001604542
31.310000000002095,0.8967045049667922,-1.0656365693715036e-11,-0.8766111888212874,-0.13760574001604525
31.320000000002096,0.8967045049667739,-1.06423901698874e-11,-0.876611188821306,-0.13760574001604503
31.330000000002098,0.8967045049667557,-1.0628436715147169e-11,-0.876611188821324,-0.1376057400160448
31.3400000000021,0.8967045049667377,-1.061451405246524e-11,-0.8766111888213419,-0.13760574001604456
31.3500000000021,0.8967045049667196,-1.0600633758347944e-11,-0.8766111888213594,-0.13760574001604434
31.360000000002103,0.8967045049667014,-1.0586776678556664e-11,-0.8766111888213778,-0.13760574001604414
31.370000000002104,0.8967045049666832,-1.0572941767994127e-11,-0.8766111888213961,-0.13760574001604395
31.380000000002106,0.8967045049666651,-1.0559129112500294e-11,-0.876611188821414,-0.13760574001604375
31.390000000002107,0.8967045049666471,-1.0545331618753057e-11,-0.876611188821432,-0.1376057400160435
31.40000000000211,0.896704504966629,-1.0531568263795412e-11,-0.87661118882145,-0.1376057400160433
31.41000000000211,0.8967045049666109,-1.051781385067283e-11,-0.8766111888214683,-0.13760574001604314
31.420000000002112,0.8967045049665929,-1.0504068846952554e-11,-0.8766111888214859,-0.1376057400160429
31.430000000002114,0.8967045049665751,-1.0490354053180942e-11,-0.8766111888215041,-0.1376057400160427
31.440000000002115,0.8967045049665571,-1.0476655948979916e-11,-0.8766111888215218,-0.1376057400160425
31.450000000002117,0.8967045049665391,-1.0462976392475716e-11,-0.87661118882154,-0.13760574001604234
31.46000000000212,0.8967045049665211,-1.0449320668019707e-11,-0.876611188821558,-0.13760574001604214
31.47000000000212,0.8967045049665031,-1.0435675054549824e-11,-0.8766111888215761,-0.13760574001604198
31.48000000000212,0.8967045049664851,-1.0422043290954408e-11,-0.8766111888215941,-0.13760574001604178
31.490000000002123,0.8967045049664674,-1.0408435421691777e-11,-0.8766111888216116,-0.13760574001604153
31.500000000002125,0.8967045049664496,-1.03948615043054e-11,-0.876611188821629,-0.1376057400160413
31.510000000002126,0.896704504966432,-1.038131498620643e-11,-0.8766111888216467,-0.1376057400160411
31.520000000002128,0.8967045049664143,-1.0367791988534473e-11,-0.8766111888216639,-0.13760574001604092
31.53000000000213,0.8967045049663964,-1.0354292895453995e-11,-0.8766111888216819,-0.13760574001604073
31.54000000000213,0.8967045049663788,-1.0340797989010442e-11,-0.8766111888216995,-0.13760574001604056
31.550000000002132,0.896704504966361,-1.0327318240933509e-11,-0.8766111888217177,-0.13760574001604037
31.560000000002134,0.8967045049663434,-1.0313855865325381e-11,-0.8766111888217349,-0.13760574001604017
31.570000000002135,0.8967045049663256,-1.0300405686489414e-11,-0.8766111888217532,-0.13760574001603998
31.580000000002137,0.896704504966308,-1.0286967780350971e-11,-0.8766111888217706,-0.13760574001603978
31.59000000000214,0.8967045049662904,-1.0273545376433957e-11,-0.8766111888217878,-0.1376057400160396
31.60000000000214,0.8967045049662727,-1.0260154096968771e-11,-0.8766111888218058,-0.1376057400160394
31.61000000000214,0.8967045049662551,-1.0246780069442064e-11,-0.8766111888218231,-0.13760574001603923
31.620000000002143,0.8967045049662375,-1.0233418890013155e-11,-0.876611188821841,-0.13760574001603904
31.630000000002145,0.89670450496622,-1.0220073946152641e-11,-0.8766111888218581,-0.1376057400160388
31.640000000002146,0.8967045049662025,-1.0206755340063355e-11,-0.8766111888218753,-0.1376057400160386
31.650000000002148,0.8967045049661851,-1.0193456345165183e-11,-0.8766111888218926,-0.1376057400160384
31.66000000000215,0.8967045049661677,-1.0180183705773816e-11,-0.8766111888219101,-0.13760574001603823
31.67000000000215,0.8967045049661503,-1.0166916004754887e-11,-0.8766111888219277,-0.13760574001603806
31.680000000002153,0.896704504966133,-1.0153671275225842e-11,-0.876611188821945,-0.13760574001603787
31.690000000002154,0.8967045049661155,-1.0140436406550632e-11,-0.8766111888219624,-0.1376057400160377
31.700000000002156,0.8967045049660981,-1.0127206722105038e-11,-0.8766111888219805,-0.13760574001603754
31.710000000002157,0.8967045049660809,-1.0113985190416424e-11,-0.8766111888219976,-0.13760574001603734
31.72000000000216,0.8967045049660636,-1.0100777344504662e-11,-0.8766111888220152,-0.13760574001603718
31.73000000000216,0.8967045049660463,-1.0087587475415914e-11,-0.8766111888220323,-0.13760574001603698
31.740000000002162,0.896704504966029,-1.0074412629862989e-11,-0.8766111888220497,-0.1376057400160368
31.750000000002164,0.8967045049660117,-1.0061253834698576e-11,-0.876611188822067,-0.13760574001603662
31.760000000002165,0.8967045049659944,-1.004810335333028e-11,-0.8766111888220844,-0.13760574001603643
31.770000000002167,0.8967045049659772,-1.0034971614949943e-11,-0.876611188822102,-0.13760574001603626
31.78000000000217,0.89670450496596,-1.0021854809745969e-11,-0.8766111888221186,-0.13760574001603604
31.79000000000217,0.8967045049659428,-1.000876476897699e-11,-0.8766111888221357,-0.13760574001603584
31.80000000000217,0.8967045049659257,-9.995691675082884e-12,-0.8766111888221533,-0.13760574001603568
31.810000000002173,0.8967045049659087,-9.98263812662175e-12,-0.8766111888221697,-0.13760574001603545
31.820000000002175,0.8967045049658917,-9.969620355995943e-12,-0.8766111888221866,-0.13760574001603526
31.830000000002176,0.8967045049658747,-9.956620776664483e-12,-0.8766111888222036,-0.1376057400160351
31.840000000002178,0.8967045049658576,-9.943633898755826e-12,-0.8766111888222208,-0.13760574001603493
31.85000000000218,0.8967045049658405,-9.930657741185261e-12,-0.8766111888222381,-0.13760574001603476
31.86000000000218,0.8967045049658237,-9.91769172644668e-12,-0.876611188822255,-0.13760574001603457
31.870000000002182,0.8967045049658066,-9.904747840973332e-12,-0.8766111888222726,-0.13760574001603446
31.880000000002184,0.8967045049657896,-9.891787280183839e-12,-0.8766111888222895,-0.13760574001603423
31.890000000002185,0.8967045049657728,-9.878857378453622e-12,-0.8766111888223062,-0.13760574001603404
31.900000000002187,0.8967045049657559,-9.865950687945381e-12,-0.8766111888223228,-0.13760574001603385
31.91000000000219,0.896704504965739,-9.853062145194895e-12,-0.8766111888223401,-0.1376057400160337
31.92000000000219,0.8967045049657221,-9.840182039422436e-12,-0.8766111888223574,-0.13760574001603354
31.93000000000219,0.8967045049657052,-9.827300662688793e-12,-0.8766111888223739,-0.13760574001603337
31.940000000002193,0.8967045049656884,-9.814445631273753e-12,-0.8766111888223911,-0.13760574001603318
31.950000000002195,0.8967045049656716,-9.801607726078775e-12,-0.8766111888224078,-0.137605740016033
31.960000000002196,0.8967045049656547,-9.788781120653453e-12,-0.8766111888224252,-0.13760574001603282
31.970000000002198,0.8967045049656381,-9.775975886378403e-12,-0.8766111888224415,-0.13760574001603262
31.9800000000022,0.8967045049656214,-9.763195294858961e-12,-0.8766111888224584,-0.13760574001603246
31.9900000000022,0.8967045049656046,-9.750427989907101e-12,-0.8766111888224749,-0.1376057400160323
32.0000000000022,0.896704504965588,-9.737675685474137e-12,-0.8766111888224921,-0.13760574001603215
32.0100000000022,0.8967045049655713,-9.724933847562515e-12,-0.8766111888225085,-0.13760574001603193
32.0200000000022,0.8967045049655548,-9.712210065495032e-12,-0.8766111888225254,-0.1376057400160318
32.0300000000022,0.8967045049655381,-9.699496684884153e-12,-0.8766111888225422,-0.1376057400160316
32.040000000002195,0.8967045049655215,-9.686804721851136e-12,-0.8766111888225591,-0.13760574001603146
32.05000000000219,0.896704504965505,-9.67411934141322e-12,-0.8766111888225756,-0.13760574001603126
32.06000000000219,0.8967045049654885,-9.661448835229826e-12,-0.8766111888225921,-0.13760574001603113
32.07000000000219,0.896704504965472,-9.648793060246e-12,-0.8766111888226088,-0.13760574001603096
32.08000000000219,0.8967045049654555,-9.636154014639617e-12,-0.8766111888226255,-0.13760574001603085
32.090000000002185,0.896704504965439,-9.623517120804865e-12,-0.8766111888226421,-0.1376057400160307
32.10000000000218,0.8967045049654224,-9.610883576223802e-12,-0.8766111888226592,-0.13760574001603057
32.11000000000218,0.8967045049654058,-9.598260000154098e-12,-0.876611188822676,-0.1376057400160304
32.12000000000218,0.8967045049653893,-9.585645044849478e-12,-0.8766111888226927,-0.13760574001603024
32.13000000000218,0.8967045049653729,-9.573044000935356e-12,-0.8766111888227092,-0.13760574001603007
32.140000000002175,0.8967045049653566,-9.560458546278516e-12,-0.8766111888227257,-0.13760574001602988
32.15000000000217,0.8967045049653402,-9.547903702343946e-12,-0.8766111888227418,-0.1376057400160297
32.16000000000217,0.8967045049653237,-9.535362401237344e-12,-0.8766111888227586,-0.13760574001602952
32.17000000000217,0.8967045049653074,-9.522846319065389e-12,-0.876611188822775,-0.13760574001602938
32.18000000000217,0.8967045049652911,-9.510353487660365e-12,-0.876611188822791,-0.1376057400160292
32.190000000002165,0.8967045049652749,-9.497877744410295e-12,-0.8766111888228073,-0.13760574001602902
32.20000000000216,0.8967045049652586,-9.485423681047508e-12,-0.8766111888228235,-0.13760574001602882
32.21000000000216,0.8967045049652425,-9.472998690937574e-12,-0.8766111888228396,-0.13760574001602863
32.22000000000216,0.8967045049652262,-9.460594197059351e-12,-0.8766111888228558,-0.13760574001602843
32.23000000000216,0.89670450496521,-9.448204360598965e-12,-0.876611188822872,-0.13760574001602827
32.240000000002155,0.8967045049651939,-9.435845529922617e-12,-0.8766111888228881,-0.1376057400160281
32.25000000000215,0.8967045049651776,-9.423487334209335e-12,-0.8766111888229043,-0.13760574001602796
32.26000000000215,0.8967045049651615,-9.411143503821887e-12,-0.8766111888229211,-0.1376057400160278
32.27000000000215,0.8967045049651453,-9.398812409107041e-12,-0.8766111888229369,-0.1376057400160276
32.28000000000215,0.8967045049651293,-9.386505535248105e-12,-0.8766111888229531,-0.1376057400160274
32.290000000002145,0.8967045049651132,-9.374212334650429e-12,-0.8766111888229692,-0.13760574001602724
32.30000000000214,0.896704504965097,-9.361941413976756e-12,-0.8766111888229858,-0.13760574001602707
32.31000000000214,0.896704504965081,-9.349673521864485e-12,-0.8766111888230016,-0.13760574001602688
32.32000000000214,0.896704504965065,-9.337430755283109e-12,-0.8766111888230174,-0.13760574001602666
32.33000000000214,0.8967045049650492,-9.32521823080081e-12,-0.8766111888230329,-0.13760574001602646
32.340000000002135,0.8967045049650332,-9.313033351041808e-12,-0.876611188823049,-0.13760574001602627
32.35000000000213,0.8967045049650174,-9.300870447942302e-12,-0.8766111888230647,-0.13760574001602607
32.36000000000213,0.8967045049650015,-9.288727713233706e-12,-0.8766111888230803,-0.13760574001602588
32.37000000000213,0.8967045049649855,-9.27660581765593e-12,-0.8766111888230963,-0.13760574001602574
32.38000000000213,0.8967045049649698,-9.264488558489295e-12,-0.8766111888231125,-0.13760574001602557
32.390000000002125,0.8967045049649539,-9.252379219072409e-12,-0.8766111888231284,-0.1376057400160254
32.40000000000212,0.8967045049649381,-9.240283013356833e-12,-0.8766111888231443,-0.13760574001602524
32.41000000000212,0.8967045049649222,-9.228206275126167e-12,-0.8766111888231607,-0.1376057400160251
32.42000000000212,0.8967045049649064,-9.216122196642474e-12,-0.8766111888231763,-0.1376057400160249
32.43000000000212,0.8967045049648905,-9.204067040362674e-12,-0.8766111888231924,-0.13760574001602477
32.440000000002115,0.8967045049648747,-9.192017992277092e-12,-0.8766111888232081,-0.1376057400160246
32.45000000000211,0.896704504964859,-9.17997803067673e-12,-0.8766111888232242,-0.13760574001602444
32.46000000000211,0.8967045049648434,-9.167951822045904e-12,-0.8766111888232397,-0.13760574001602427
32.47000000000211,0.8967045049648277,-9.155939795992789e-12,-0.8766111888232555,-0.1376057400160241
32.48000000000211,0.896704504964812,-9.143947560526246e-12,-0.8766111888232712,-0.1376057400160239
32.490000000002105,0.8967045049647963,-9.131977120358982e-12,-0.8766111888232874,-0.13760574001602377
32.5000000000021,0.8967045049647808,-9.120018495115516e-12,-0.8766111888233027,-0.1376057400160236
32.5100000000021,0.8967045049647653,-9.108077657588923e-12,-0.876611188823318,-0.13760574001602344
32.5200000000021,0.8967045049647498,-9.096158554674601e-12,-0.8766111888233332,-0.13760574001602327
32.5300000000021,0.8967045049647343,-9.084256132291254e-12,-0.8766111888233494,-0.13760574001602313
32.540000000002095,0.8967045049647189,-9.072358714776693e-12,-0.8766111888233651,-0.137605740016023
32.55000000000209,0.8967045049647033,-9.06047426081387e-12,-0.8766111888233808,-0.13760574001602285
32.56000000000209,0.896704504964688,-9.048598512734036e-12,-0.8766111888233964,-0.1376057400160227
32.57000000000209,0.8967045049646726,-9.036731284810777e-12,-0.8766111888234119,-0.13760574001602255
32.58000000000209,0.8967045049646573,-9.024881967011747e-12,-0.8766111888234278,-0.13760574001602244
32.590000000002085,0.8967045049646418,-9.013030549419295e-12,-0.8766111888234436,-0.1376057400160223
32.60000000000208,0.8967045049646264,-9.001185475999502e-12,-0.8766111888234598,-0.13760574001602222
32.61000000000208,0.8967045049646111,-8.989332547889564e-12,-0.8766111888234752,-0.1376057400160221
32.62000000000208,0.8967045049645955,-8.977491298394818e-12,-0.8766111888234912,-0.137605740016022
32.63000000000208,0.8967045049645802,-8.96564499466626e-12,-0.8766111888235067,-0.13760574001602185
32.640000000002075,0.8967045049645648,-8.953812003806304e-12,-0.8766111888235227,-0.13760574001602174
32.65000000000207,0.8967045049645496,-8.94199391288799e-12,-0.8766111888235381,-0.13760574001602158
32.66000000000207,0.8967045049645344,-8.930193768197556e-12,-0.8766111888235534,-0.1376057400160214
32.67000000000207,0.8967045049645191,-8.918409498669397e-12,-0.8766111888235688,-0.13760574001602127
32.68000000000207,0.8967045049645038,-8.906636777423437e-12,-0.8766111888235845,-0.13760574001602113
32.690000000002065,0.8967045049644886,-8.89488220674043e-12,-0.8766111888235999,-0.137605740016021
32.70000000000206,0.8967045049644733,-8.88314370892813e-12,-0.8766111888236156,-0.13760574001602086
32.71000000000206,0.8967045049644583,-8.871421680499005e-12,-0.8766111888236303,-0.1376057400160207
32.72000000000206,0.8967045049644432,-8.859720419915503e-12,-0.876611188823646,-0.13760574001602055
32.73000000000206,0.896704504964428,-8.84803804439095e-12,-0.8766111888236616,-0.13760574001602044
32.740000000002055,0.8967045049644129,-8.83635397288657e-12,-0.876611188823677,-0.1376057400160203
32.75000000000205,0.8967045049643977,-8.82469236881116e-12,-0.8766111888236922,-0.13760574001602013
32.76000000000205,0.8967045049643827,-8.81304485234076e-12,-0.8766111888237075,-0.13760574001602
32.77000000000205,0.8967045049643676,-8.801410711573856e-12,-0.8766111888237227,-0.13760574001601986
32.78000000000205,0.8967045049643527,-8.789797919437668e-12,-0.876611188823738,-0.13760574001601972
32.790000000002046,0.8967045049643376,-8.778205625448834e-12,-0.876611188823753,-0.13760574001601955
32.80000000000204,0.8967045049643226,-8.766634552460416e-12,-0.876611188823768,-0.13760574001601944
32.81000000000204,0.8967045049643076,-8.75507450816517e-12,-0.8766111888237837,-0.13760574001601933
32.82000000000204,0.8967045049642925,-8.743519142227919e-12,-0.8766111888237991,-0.13760574001601922
32.83000000000204,0.8967045049642776,-8.73196989499296e-12,-0.876611188823814,-0.13760574001601908
32.840000000002036,0.8967045049642626,-8.72043194212017e-12,-0.876611188823829,-0.13760574001601894
32.850000000002034,0.8967045049642477,-8.708924744604174e-12,-0.8766111888238444,-0.13760574001601877
32.86000000000203,0.8967045049642326,-8.697424484702745e-12,-0.8766111888238595,-0.13760574001601864
32.87000000000203,0.8967045049642177,-8.685947157327008e-12,-0.8766111888238747,-0.1376057400160185
32.88000000000203,0.8967045049642031,-8.674485029132002e-12,-0.876611188823889,-0.1376057400160183
32.890000000002026,0.8967045049641883,-8.663065507540153e-12,-0.8766111888239039,-0.13760574001601814
32.900000000002024,0.8967045049641736,-8.65166544144158e-12,-0.8766111888239185,-0.13760574001601797
32.91000000000202,0.8967045049641589,-8.640283092963831e-12,-0.8766111888239334,-0.13760574001601786
32.92000000000202,0.8967045049641442,-8.628920680568848e-12,-0.8766111888239485,-0.13760574001601772
32.93000000000202,0.8967045049641295,-8.617572400905782e-12,-0.8766111888239635,-0.1376057400160176
32.940000000002016,0.8967045049641147,-8.606233978889072e-12,-0.876611188823978,-0.13760574001601747
32.950000000002014,0.8967045049641,-8.594917751868759e-12,-0.876611188823993,-0.13760574001601733
32.96000000000201,0.8967045049640853,-8.583608788859123e-12,-0.8766111888240082,-0.13760574001601722
32.97000000000201,0.8967045049640706,-8.572310253851535e-12,-0.8766111888240233,-0.13760574001601708
32.98000000000201,0.896704504964056,-8.561022332805314e-12,-0.876611188824038,-0.13760574001601697
32.990000000002006,0.8967045049640412,-8.549749585361866e-12,-0.8766111888240528,-0.13760574001601683
33.000000000002004,0.8967045049640264,-8.538491522435423e-12,-0.8766111888240677,-0.1376057400160167
33.010000000002,0.8967045049640118,-8.52724799163902e-12,-0.8766111888240825,-0.13760574001601655
33.020000000002,0.8967045049639972,-8.51602836304579e-12,-0.876611188824097,-0.1376057400160164
33.030000000002,0.8967045049639827,-8.504831969601869e-12,-0.8766111888241117,-0.13760574001601625
33.040000000001996,0.896704504963968,-8.493656308598047e-12,-0.8766111888241259,-0.13760574001601608
33.050000000001994,0.8967045049639536,-8.482506320811462e-12,-0.8766111888241404,-0.13760574001601591
33.06000000000199,0.8967045049639389,-8.471381578890812e-12,-0.8766111888241551,-0.13760574001601575
33.07000000000199,0.8967045049639243,-8.46026946024686e-12,-0.87661118882417,-0.13760574001601564
33.08000000000199,0.8967045049639097,-8.449164779545525e-12,-0.8766111888241842,-0.13760574001601544
33.090000000001986,0.8967045049638953,-8.438082403660912e-12,-0.8766111888241989,-0.13760574001601528
33.100000000001984,0.896704504963881,-8.427020273588612e-12,-0.876611188824213,-0.13760574001601508
33.11000000000198,0.8967045049638666,-8.415988561870266e-12,-0.876611188824227,-0.13760574001601494
33.12000000000198,0.8967045049638522,-8.404991583610449e-12,-0.8766111888242413,-0.13760574001601475
33.13000000000198,0.8967045049638378,-8.394018055160044e-12,-0.8766111888242553,-0.13760574001601455
33.140000000001976,0.8967045049638236,-8.38306685123275e-12,-0.8766111888242695,-0.1376057400160144
33.150000000001974,0.8967045049638093,-8.372133801332473e-12,-0.876611188824284,-0.13760574001601425
33.16000000000197,0.8967045049637948,-8.361203298073516e-12,-0.8766111888242988,-0.1376057400160141
33.17000000000197,0.8967045049637805,-8.350285967577935e-12,-0.8766111888243132,-0.137605740016014
33.18000000000197,0.8967045049637662,-8.339375336441823e-12,-0.8766111888243274,-0.13760574001601383
33.190000000001966,0.896704504963752,-8.328472978983725e-12,-0.8766111888243417,-0.13760574001601367
33.200000000001964,0.8967045049637378,-8.317593312178073e-12,-0.8766111888243557,-0.13760574001601353
33.21000000000196,0.8967045049637234,-8.306731236125554e-12,-0.8766111888243701,-0.1376057400160134
33.22000000000196,0.8967045049637092,-8.295873699031023e-12,-0.8766111888243846,-0.13760574001601322
33.23000000000196,0.8967045049636951,-8.285035915589639e-12,-0.8766111888243985,-0.13760574001601306
33.240000000001956,0.8967045049636809,-8.27421024232888e-12,-0.8766111888244127,-0.13760574001601292
33.250000000001954,0.8967045049636668,-8.263400051711709e-12,-0.8766111888244269,-0.13760574001601278
33.26000000000195,0.8967045049636525,-8.25259161482738e-12,-0.8766111888244414,-0.13760574001601267
33.27000000000195,0.8967045049636384,-8.241790782255784e-12,-0.8766111888244555,-0.13760574001601253
33.28000000000195,0.8967045049636243,-8.23100408444692e-12,-0.8766111888244699,-0.1376057400160124
33.290000000001946,0.8967045049636101,-8.220224714057891e-12,-0.8766111888244842,-0.13760574001601225
33.300000000001944,0.8967045049635961,-8.209455554977067e-12,-0.8766111888244985,-0.1376057400160121
33.31000000000194,0.8967045049635821,-8.19870152571589e-12,-0.8766111888245124,-0.13760574001601195
33.32000000000194,0.8967045049635681,-8.187969391824425e-12,-0.8766111888245262,-0.1376057400160118
33.33000000000194,0.8967045049635541,-8.177251512920174e-12,-0.8766111888245403,-0.13760574001601167
33.340000000001936,0.8967045049635401,-8.166545739637812e-12,-0.8766111888245546,-0.1376057400160115
33.350000000001934,0.8967045049635259,-8.155845599061207e-12,-0.8766111888245688,-0.1376057400160114
33.36000000000193,0.896704504963512,-8.145157190326968e-12,-0.876611188824583,-0.13760574001601122
33.37000000000193,0.8967045049634981,-8.13448719606717e-12,-0.8766111888245964,-0.13760574001601103
33.38000000000193,0.8967045049634841,-8.123843114233065e-12,-0.8766111888246106,-0.13760574001601086
33.390000000001926,0.8967045049634702,-8.113212847307424e-12,-0.8766111888246243,-0.1376057400160107
33.400000000001924,0.8967045049634562,-8.102607440072255e-12,-0.8766111888246378,-0.13760574001601056
33.41000000000192,0.8967045049634425,-8.092026357357616e-12,-0.8766111888246517,-0.1376057400160104
33.42000000000192,0.8967045049634287,-8.081467429339969e-12,-0.8766111888246655,-0.13760574001601023
33.43000000000192,0.8967045049634148,-8.070924680377069e-12,-0.876611188824679,-0.13760574001601006
33.440000000001916,0.8967045049634009,-8.060398074760847e-12,-0.8766111888246931,-0.13760574001600992
33.450000000001914,0.8967045049633872,-8.04988327337821e-12,-0.876611188824707,-0.13760574001600973
33.46000000000191,0.8967045049633733,-8.039387618855657e-12,-0.8766111888247203,-0.13760574001600956
33.47000000000191,0.8967045049633595,-8.02890887774599e-12,-0.8766111888247342,-0.1376057400160094
33.48000000000191,0.8967045049633457,-8.018440922916176e-12,-0.8766111888247478,-0.13760574001600923
33.490000000001906,0.896704504963332,-8.007998121932672e-12,-0.8766111888247617,-0.13760574001600911
33.500000000001904,0.8967045049633184,-7.997559134055307e-12,-0.8766111888247745,-0.13760574001600892
33.5100000000019,0.8967045049633049,-7.987155197556551e-12,-0.8766111888247882,-0.13760574001600875
33.5200000000019,0.8967045049632912,-7.976764641462004e-12,-0.8766111888248018,-0.1376057400160086
33.5300000000019,0.8967045049632777,-7.966390088083421e-12,-0.8766111888248153,-0.13760574001600842
33.540000000001896,0.8967045049632641,-7.956027768831013e-12,-0.876611188824829,-0.13760574001600828
33.550000000001894,0.8967045049632504,-7.94567304626983e-12,-0.8766111888248428,-0.1376057400160082
33.56000000000189,0.8967045049632367,-7.935310864549648e-12,-0.876611188824857,-0.13760574001600806
33.57000000000189,0.8967045049632231,-7.924955611922281e-12,-0.8766111888248709,-0.13760574001600795
33.58000000000189,0.8967045049632094,-7.914601824315223e-12,-0.8766111888248849,-0.13760574001600784
33.590000000001886,0.8967045049631958,-7.904254859416204e-12,-0.8766111888248987,-0.13760574001600773
33.600000000001884,0.8967045049631823,-7.893907893364115e-12,-0.8766111888249122,-0.1376057400160076
33.61000000000188,0.8967045049631687,-7.88357198050249e-12,-0.8766111888249255,-0.13760574001600742
33.62000000000188,0.8967045049631552,-7.873259091610654e-12,-0.8766111888249387,-0.13760574001600726
33.63000000000188,0.8967045049631417,-7.862962972908701e-12,-0.8766111888249527,-0.13760574001600712
33.640000000001876,0.8967045049631281,-7.852678965444546e-12,-0.8766111888249664,-0.13760574001600698
33.650000000001874,0.8967045049631147,-7.842403829565292e-12,-0.8766111888249793,-0.1376057400160068
33.66000000000187,0.8967045049631014,-7.832160332213947e-12,-0.8766111888249924,-0.13760574001600664
33.67000000000187,0.8967045049630881,-7.821931393544025e-12,-0.8766111888250062,-0.1376057400160065
33.68000000000187,0.8967045049630746,-7.811717358562495e-12,-0.8766111888250193,-0.13760574001600634
33.69000000000187,0.8967045049630614,-7.801521288005305e-12,-0.8766111888250325,-0.1376057400160062
33.700000000001864,0.8967045049630482,-7.791344456644506e-12,-0.8766111888250454,-0.13760574001600603
33.71000000000186,0.8967045049630349,-7.781182065401239e-12,-0.8766111888250588,-0.1376057400160059
33.72000000000186,0.8967045049630217,-7.771036171614854e-12,-0.8766111888250722,-0.13760574001600578
33.73000000000186,0.8967045049630085,-7.760894307317443e-12,-0.8766111888250856,-0.13760574001600567
33.74000000000186,0.8967045049629953,-7.750759668609268e-12,-0.8766111888250991,-0.13760574001600556
33.750000000001855,0.8967045049629818,-7.74061908048732e-12,-0.8766111888251132,-0.1376057400160055
33.76000000000185,0.8967045049629686,-7.730465499399091e-12,-0.876611188825127,-0.13760574001600537
33.77000000000185,0.8967045049629554,-7.720329264003944e-12,-0.8766111888251402,-0.13760574001600528
33.78000000000185,0.8967045049629422,-7.710191278781248e-12,-0.8766111888251539,-0.13760574001600517
33.79000000000185,0.8967045049629289,-7.70005935928317e-12,-0.8766111888251673,-0.13760574001600506
33.800000000001845,0.8967045049629158,-7.689934435308431e-12,-0.8766111888251805,-0.13760574001600495
33.81000000000184,0.8967045049629027,-7.679819263316997e-12,-0.876611188825194,-0.13760574001600484
33.82000000000184,0.8967045049628896,-7.669720640485894e-12,-0.876611188825207,-0.1376057400160047
33.83000000000184,0.8967045049628762,-7.659641883190059e-12,-0.8766111888252206,-0.13760574001600456
33.84000000000184,0.896704504962863,-7.649563784655675e-12,-0.8766111888252341,-0.13760574001600445
33.850000000001835,0.8967045049628499,-7.639490523185917e-12,-0.8766111888252472,-0.1376057400160043
33.86000000000183,0.8967045049628368,-7.629450722913926e-12,-0.8766111888252601,-0.13760574001600415
33.87000000000183,0.8967045049628237,-7.619428404368444e-12,-0.876611188825273,-0.13760574001600395
33.88000000000183,0.8967045049628108,-7.609442537205666e-12,-0.8766111888252852,-0.13760574001600379
33.89000000000183,0.8967045049627979,-7.599476356131768e-12,-0.8766111888252986,-0.13760574001600362
33.900000000001825,0.8967045049627849,-7.589528902354241e-12,-0.8766111888253112,-0.13760574001600348
33.91000000000182,0.896704504962772,-7.579601592874866e-12,-0.8766111888253242,-0.13760574001600337
33.92000000000182,0.8967045049627591,-7.569684364369072e-12,-0.8766111888253373,-0.13760574001600323
33.93000000000182,0.8967045049627462,-7.559782881267493e-12,-0.8766111888253503,-0.13760574001600312
33.94000000000182,0.8967045049627334,-7.549888485511813e-12,-0.8766111888253635,-0.137605740016003
33.950000000001815,0.8967045049627204,-7.540006040371421e-12,-0.8766111888253764,-0.13760574001600287
33.96000000000181,0.8967045049627075,-7.530127601909373e-12,-0.8766111888253898,-0.1376057400160028
33.97000000000181,0.8967045049626946,-7.520250722163542e-12,-0.876611188825403,-0.13760574001600268
33.98000000000181,0.8967045049626817,-7.510375593341403e-12,-0.876611188825416,-0.13760574001600256
33.99000000000181,0.8967045049626687,-7.500508726773056e-12,-0.8766111888254288,-0.13760574001600243
34.000000000001805,0.8967045049626559,-7.49065657070852e-12,-0.8766111888254423,-0.13760574001600234
34.0100000000018,0.8967045049626431,-7.48080457602559e-12,-0.8766111888254552,-0.1376057400160022
34.0200000000018,0.8967045049626304,-7.470966706124468e-12,-0.8766111888254677,-0.13760574001600206
34.0300000000018,0.8967045049626177,-7.46114416686246e-12,-0.8766111888254811,-0.13760574001600195
34.0400000000018,0.8967045049626048,-7.451334407462087e-12,-0.8766111888254937,-0.13760574001600187
34.050000000001795,0.896704504962592,-7.441541140538477e-12,-0.8766111888255068,-0.13760574001600173
34.06000000000179,0.8967045049625791,-7.431752766820919e-12,-0.8766111888255197,-0.13760574001600165
34.07000000000179,0.8967045049625664,-7.421971235675927e-12,-0.8766111888255327,-0.13760574001600148
34.08000000000179,0.8967045049625535,-7.412203081333757e-12,-0.8766111888255455,-0.13760574001600137
34.09000000000179,0.896704504962541,-7.402448518110717e-12,-0.8766111888255579,-0.1376057400160012
34.100000000001785,0.8967045049625284,-7.392720356777562e-12,-0.8766111888255702,-0.13760574001600104
34.11000000000178,0.8967045049625157,-7.383027841901552e-12,-0.8766111888255828,-0.1376057400160009
34.12000000000178,0.8967045049625031,-7.373344434162559e-12,-0.8766111888255954,-0.13760574001600073
34.13000000000178,0.8967045049624905,-7.363684341209865e-12,-0.8766111888256081,-0.13760574001600062
34.14000000000178,0.896704504962478,-7.354037035639628e-12,-0.8766111888256211,-0.1376057400160005
34.150000000001775,0.8967045049624655,-7.344393271155516e-12,-0.8766111888256333,-0.1376057400160004
34.16000000000177,0.8967045049624529,-7.334768080335946e-12,-0.8766111888256461,-0.13760574001600026
34.17000000000177,0.8967045049624403,-7.325145265983961e-12,-0.876611188825659,-0.13760574001600012
34.18000000000177,0.8967045049624277,-7.315537591666827e-12,-0.8766111888256716,-0.137605740016
34.19000000000177,0.8967045049624152,-7.305935924246704e-12,-0.8766111888256843,-0.1376057400159999
34.200000000001765,0.8967045049624026,-7.296351290578302e-12,-0.8766111888256971,-0.13760574001599976
34.21000000000176,0.8967045049623901,-7.286771709815788e-12,-0.8766111888257097,-0.13760574001599965
34.22000000000176,0.8967045049623775,-7.277205179616536e-12,-0.8766111888257221,-0.13760574001599948
34.23000000000176,0.8967045049623651,-7.267667191273509e-12,-0.8766111888257346,-0.13760574001599937
34.24000000000176,0.8967045049623527,-7.25813886751539e-12,-0.876611188825747,-0.1376057400159992
34.250000000001755,0.8967045049623402,-7.248622305096457e-12,-0.8766111888257595,-0.1376057400159991
34.26000000000175,0.8967045049623279,-7.239120436121936e-12,-0.8766111888257718,-0.13760574001599896
34.27000000000175,0.8967045049623154,-7.229635681023282e-12,-0.8766111888257839,-0.13760574001599882
34.28000000000175,0.8967045049623029,-7.220172308775261e-12,-0.8766111888257966,-0.13760574001599868
34.29000000000175,0.8967045049622905,-7.210716135721453e-12,-0.8766111888258094,-0.13760574001599857
34.300000000001745,0.8967045049622782,-7.201275179281324e-12,-0.8766111888258213,-0.13760574001599837
34.31000000000174,0.896704504962266,-7.191860682366415e-12,-0.8766111888258331,-0.1376057400159982
34.32000000000174,0.8967045049622537,-7.182474236647117e-12,-0.8766111888258452,-0.13760574001599807
34.33000000000174,0.8967045049622415,-7.1731027884218025e-12,-0.8766111888258576,-0.13760574001599793
34.34000000000174,0.8967045049622293,-7.163738813214813e-12,-0.8766111888258695,-0.13760574001599776
34.350000000001735,0.8967045049622171,-7.154396579054429e-12,-0.8766111888258817,-0.13760574001599765
34.36000000000173,0.8967045049622049,-7.1450568943650935e-12,-0.8766111888258946,-0.13760574001599757
34.37000000000173,0.8967045049621925,-7.135723726462298e-12,-0.8766111888259069,-0.13760574001599746
34.38000000000173,0.8967045049621802,-7.126388346143261e-12,-0.8766111888259195,-0.13760574001599735
34.39000000000173,0.896704504962168,-7.11706323234194e-12,-0.8766111888259318,-0.13760574001599724
34.400000000001725,0.8967045049621558,-7.107743761596452e-12,-0.8766111888259442,-0.13760574001599712
34.41000000000172,0.8967045049621437,-7.098431504567204e-12,-0.8766111888259565,-0.13760574001599696
34.42000000000172,0.8967045049621315,-7.08913715399895e-12,-0.8766111888259683,-0.13760574001599682
34.43000000000172,0.8967045049621194,-7.079866356421628e-12,-0.8766111888259805,-0.13760574001599668
34.44000000000172,0.8967045049621073,-7.070607959492854e-12,-0.8766111888259925,-0.13760574001599657
34.450000000001715,0.8967045049620952,-7.0613582189823724e-12,-0.8766111888260048,-0.13760574001599646
34.46000000000171,0.8967045049620831,-7.0521089155617045e-12,-0.8766111888260171,-0.13760574001599632
34.47000000000171,0.896704504962071,-7.042872089675232e-12,-0.8766111888260292,-0.1376057400159962
34.48000000000171,0.8967045049620588,-7.0336399367857435e-12,-0.8766111888260413,-0.1376057400159961
34.49000000000171,0.8967045049620468,-7.024431561353718e-12,-0.8766111888260533,-0.13760574001599593
34.500000000001705,0.8967045049620348,-7.01523553284761e-12,-0.8766111888260649,-0.1376057400159958
34.5100000000017,0.8967045049620228,-7.006061187506227e-12,-0.8766111888260767,-0.13760574001599563
34.5200000000017,0.8967045049620108,-6.996914318524257e-12,-0.8766111888260888,-0.1376057400159955
34.5300000000017,0.8967045049619987,-6.9877858737416415e-12,-0.8766111888261006,-0.13760574001599535
34.5400000000017,0.8967045049619868,-6.978673236959753e-12,-0.8766111888261122,-0.13760574001599518
34.550000000001695,0.896704504961975,-6.969576353084731e-12,-0.8766111888261242,-0.13760574001599504
34.56000000000169,0.896704504961963,-6.9604876185820355e-12,-0.8766111888261362,-0.13760574001599493
34.57000000000169,0.8967045049619511,-6.951407645664314e-12,-0.8766111888261484,-0.13760574001599482
34.58000000000169,0.8967045049619392,-6.942329702294839e-12,-0.8766111888261603,-0.13760574001599474
34.59000000000169,0.8967045049619273,-6.933261905007194e-12,-0.8766111888261723,-0.13760574001599463
34.600000000001685,0.8967045049619153,-6.924192091921797e-12,-0.8766111888261845,-0.1376057400159945
34.61000000000168,0.8967045049619036,-6.91513574694153e-12,-0.8766111888261958,-0.13760574001599435
34.62000000000168,0.8967045049618917,-6.906099205556708e-12,-0.876611188826208,-0.13760574001599427
34.63000000000168,0.8967045049618798,-6.8970608696550664e-12,-0.8766111888262204,-0.13760574001599418
34.64000000000168,0.8967045049618679,-6.888021582556361e-12,-0.8766111888262326,-0.13760574001599407
34.650000000001675,0.8967045049618562,-6.878980226679397e-12,-0.8766111888262443,-0.13760574001599396
34.66000000000167,0.8967045049618444,-6.869952129198882e-12,-0.8766111888262561,-0.13760574001599382
34.67000000000167,0.8967045049618326,-6.860932539122948e-12,-0.8766111888262683,-0.13760574001599368
34.68000000000167,0.8967045049618207,-6.851919890753453e-12,-0.8766111888262799,-0.13760574001599354
34.69000000000167,0.896704504961809,-6.8429280143088605e-12,-0.876611188826292,-0.13760574001599343
34.700000000001666,0.8967045049617972,-6.83394003250805e-12,-0.8766111888263037,-0.13760574001599332
34.71000000000166,0.8967045049617856,-6.8249701245501214e-12,-0.8766111888263153,-0.13760574001599318
34.72000000000166,0.8967045049617739,-6.816012895043748e-12,-0.876611188826327,-0.13760574001599304
34.73000000000166,0.8967045049617621,-6.807068965434366e-12,-0.8766111888263388,-0.13760574001599293
34.74000000000166,0.8967045049617505,-6.7981301689990235e-12,-0.8766111888263507,-0.1376057400159928
34.750000000001656,0.8967045049617387,-6.789195494104036e-12,-0.8766111888263625,-0.13760574001599266
34.760000000001654,0.8967045049617272,-6.780273439831701e-12,-0.876611188826374,-0.13760574001599246
34.77000000000165,0.8967045049617156,-6.771375446627885e-12,-0.8766111888263857,-0.13760574001599232
34.78000000000165,0.896704504961704,-6.762488918472136e-12,-0.8766111888263973,-0.13760574001599216
34.79000000000165,0.8967045049616924,-6.753624046874734e-12,-0.8766111888264088,-0.13760574001599202
34.800000000001646,0.8967045049616809,-6.744770573463011e-12,-0.8766111888264202,-0.13760574001599185
34.810000000001644,0.8967045049616692,-6.735935860371625e-12,-0.8766111888264314,-0.1376057400159917
34.82000000000164,0.8967045049616578,-6.7271193627173164e-12,-0.8766111888264431,-0.13760574001599155
34.83000000000164,0.8967045049616462,-6.7183203971360675e-12,-0.8766111888264546,-0.1376057400159914
34.84000000000164,0.8967045049616347,-6.709531231800791e-12,-0.8766111888264663,-0.1376057400159913
34.850000000001636,0.8967045049616231,-6.700747196178845e-12,-0.876611188826478,-0.13760574001599116
34.860000000001634,0.8967045049616117,-6.691971469457936e-12,-0.8766111888264891,-0.137605740015991
34.87000000000163,0.8967045049616003,-6.6832161203936106e-12,-0.8766111888265008,-0.13760574001599085
34.88000000000163,0.8967045049615887,-6.674462932855336e-12,-0.8766111888265125,-0.1376057400159907
34.89000000000163,0.8967045049615773,-6.665724936730521e-12,-0.8766111888265241,-0.1376057400159906
34.900000000001626,0.8967045049615658,-6.6569950370108e-12,-0.8766111888265355,-0.13760574001599046
34.910000000001624,0.8967045049615544,-6.648269595360594e-12,-0.8766111888265472,-0.13760574001599038
34.92000000000162,0.896704504961543,-6.639545722649274e-12,-0.8766111888265588,-0.13760574001599024
34.93000000000162,0.8967045049615318,-6.630843296969137e-12,-0.8766111888265695,-0.13760574001599007
34.94000000000162,0.8967045049615204,-6.622162030193354e-12,-0.8766111888265812,-0.13760574001598994
34.950000000001616,0.8967045049615091,-6.6134830764854875e-12,-0.8766111888265925,-0.1376057400159898
34.960000000001614,0.8967045049614977,-6.6048084485627885e-12,-0.8766111888266039,-0.13760574001598966
34.97000000000161,0.8967045049614861,-6.596153156443704e-12,-0.8766111888266155,-0.13760574001598955
34.98000000000161,0.8967045049614749,-6.587504520367852e-12,-0.876611188826627,-0.1376057400159894
34.99000000000161,0.8967045049614636,-6.578861042163636e-12,-0.876611188826638,-0.13760574001598927
35.000000000001606,0.8967045049614523,-6.570240712590651e-12,-0.8766111888266493,-0.13760574001598913
35.010000000001604,0.896704504961441,-6.5616320612616655e-12,-0.8766111888266606,-0.13760574001598896
35.0200000000016,0.8967045049614298,-6.553039326784288e-12,-0.8766111888266716,-0.13760574001598883
35.0300000000016,0.8967045049614188,-6.544465338398699e-12,-0.8766111888266823,-0.13760574001598866
35.0400000000016,0.8967045049614077,-6.5359202143514604e-12,-0.8766111888266934,-0.13760574001598855
35.050000000001596,0.8967045049613966,-6.5273819375046475e-12,-0.8766111888267045,-0.13760574001598844
35.060000000001594,0.8967045049613854,-6.5188560806096264e-12,-0.8766111888267157,-0.1376057400159883
35.07000000000159,0.8967045049613743,-6.510331544842774e-12,-0.8766111888267268,-0.1376057400159882
35.08000000000159,0.8967045049613633,-6.5018203785640895e-12,-0.876611188826738,-0.13760574001598808
35.09000000000159,0.8967045049613521,-6.493320899926117e-12,-0.8766111888267495,-0.137605740015988
35.100000000001586,0.896704504961341,-6.484826070995743e-12,-0.8766111888267611,-0.1376057400159879
35.110000000001584,0.8967045049613299,-6.4763136750117425e-12,-0.8766111888267728,-0.13760574001598785
35.12000000000158,0.8967045049613187,-6.46779018479411e-12,-0.8766111888267845,-0.13760574001598777
35.13000000000158,0.8967045049613076,-6.4592625131334385e-12,-0.8766111888267957,-0.1376057400159877
35.14000000000158,0.8967045049612965,-6.450740667588708e-12,-0.8766111888268072,-0.13760574001598758
35.150000000001576,0.8967045049612855,-6.442220309672314e-12,-0.876611188826818,-0.13760574001598747
35.160000000001574,0.8967045049612744,-6.433727116089256e-12,-0.8766111888268293,-0.13760574001598735
35.17000000000157,0.8967045049612634,-6.42524280668318e-12,-0.8766111888268405,-0.13760574001598724
35.18000000000157,0.8967045049612525,-6.4167810623404105e-12,-0.8766111888268511,-0.1376057400159871
35.19000000000157,0.8967045049612415,-6.40834285251081e-12,-0.8766111888268624,-0.137605740015987
35.200000000001566,0.8967045049612307,-6.399901612218321e-12,-0.8766111888268732,-0.13760574001598685
35.210000000001564,0.8967045049612197,-6.3914873730090215e-12,-0.8766111888268843,-0.13760574001598677
35.22000000000156,0.8967045049612088,-6.383074488605415e-12,-0.8766111888268953,-0.13760574001598663
35.23000000000156,0.8967045049611978,-6.374680915848214e-12,-0.8766111888269065,-0.13760574001598655
35.24000000000156,0.8967045049611868,-6.3662812387333656e-12,-0.8766111888269177,-0.13760574001598644
35.250000000001556,0.8967045049611758,-6.357890878645562e-12,-0.8766111888269289,-0.13760574001598633
35.260000000001554,0.8967045049611649,-6.349515598646778e-12,-0.8766111888269394,-0.1376057400159862
35.27000000000155,0.8967045049611541,-6.341161429689386e-12,-0.8766111888269503,-0.13760574001598608
35.28000000000155,0.8967045049611432,-6.3328157826045905e-12,-0.8766111888269614,-0.13760574001598597
35.29000000000155,0.8967045049611323,-6.3244931453079444e-12,-0.8766111888269723,-0.13760574001598586
35.300000000001546,0.8967045049611216,-6.316173733235498e-12,-0.8766111888269829,-0.13760574001598572
35.310000000001544,0.8967045049611108,-6.307874178291898e-12,-0.876611188826994,-0.1376057400159856
35.32000000000154,0.8967045049611001,-6.2995907673257655e-12,-0.8766111888270043,-0.13760574001598547
35.33000000000154,0.8967045049610893,-6.291327525524203e-12,-0.8766111888270153,-0.13760574001598536
35.34000000000154,0.8967045049610786,-6.283069764423961e-12,-0.8766111888270262,-0.13760574001598525
35.350000000001536,0.8967045049610678,-6.2748185808207336e-12,-0.8766111888270376,-0.1376057400159852
35.360000000001534,0.896704504961057,-6.266559065411513e-12,-0.8766111888270485,-0.13760574001598508
35.37000000000153,0.8967045049610464,-6.258321377791059e-12,-0.8766111888270587,-0.13760574001598494
35.38000000000153,0.8967045049610357,-6.2500925529153306e-12,-0.8766111888270699,-0.13760574001598486
35.39000000000153,0.896704504961025,-6.241861089701337e-12,-0.8766111888270808,-0.13760574001598475
35.400000000001526,0.8967045049610144,-6.233647105130417e-12,-0.8766111888270914,-0.13760574001598463
35.410000000001524,0.8967045049610037,-6.225440028990419e-12,-0.8766111888271025,-0.13760574001598458
35.42000000000152,0.8967045049609931,-6.2172329891276344e-12,-0.8766111888271136,-0.1376057400159845
35.43000000000152,0.8967045049609824,-6.2090282781152705e-12,-0.8766111888271244,-0.13760574001598438
35.44000000000152,0.8967045049609719,-6.2008316154502585e-12,-0.876611188827135,-0.13760574001598427
35.450000000001516,0.8967045049609613,-6.192648065364011e-12,-0.8766111888271455,-0.13760574001598413
35.460000000001514,0.8967045049609508,-6.184483123175205e-12,-0.8766111888271564,-0.13760574001598402
35.47000000000151,0.8967045049609402,-6.176329471880351e-12,-0.8766111888271672,-0.1376057400159839
35.48000000000151,0.8967045049609296,-6.16818785136681e-12,-0.8766111888271776,-0.1376057400159838
35.49000000000151,0.896704504960919,-6.160057309103847e-12,-0.8766111888271885,-0.1376057400159837
35.500000000001506,0.8967045049609085,-6.151935180248315e-12,-0.8766111888271991,-0.13760574001598355
35.510000000001504,0.8967045049608979,-6.143831195481671e-12,-0.8766111888272098,-0.13760574001598347
35.5200000000015,0.8967045049608875,-6.135729187881826e-12,-0.8766111888272207,-0.13760574001598336
35.5300000000015,0.8967045049608771,-6.12763212408422e-12,-0.8766111888272307,-0.13760574001598325
35.5400000000015,0.8967045049608666,-6.119553630713508e-12,-0.8766111888272415,-0.13760574001598316
35.550000000001496,0.8967045049608562,-6.111475843043958e-12,-0.8766111888272522,-0.13760574001598308
35.560000000001494,0.8967045049608457,-6.1034034877435506e-12,-0.8766111888272627,-0.13760574001598297
35.57000000000149,0.8967045049608352,-6.0953425523893896e-12,-0.8766111888272738,-0.1376057400159829
35.58000000000149,0.8967045049608248,-6.0872792135511376e-12,-0.8766111888272848,-0.1376057400159828
35.59000000000149,0.8967045049608143,-6.079229623661562e-12,-0.8766111888272952,-0.1376057400159827
35.60000000000149,0.896704504960804,-6.0711903717538035e-12,-0.8766111888273054,-0.13760574001598255
35.610000000001484,0.8967045049607937,-6.063176107072534e-12,-0.8766111888273159,-0.13760574001598244
35.62000000000148,0.8967045049607832,-6.055171772581918e-12,-0.8766111888273267,-0.13760574001598236
35.63000000000148,0.8967045049607729,-6.047172092626634e-12,-0.8766111888273369,-0.13760574001598225
35.64000000000148,0.8967045049607626,-6.039188899374808e-12,-0.8766111888273476,-0.13760574001598216
35.65000000000148,0.8967045049607522,-6.031216786297764e-12,-0.8766111888273583,-0.13760574001598208
35.660000000001475,0.8967045049607418,-6.023256010614078e-12,-0.8766111888273685,-0.13760574001598197
35.67000000000147,0.8967045049607314,-6.015297406546409e-12,-0.8766111888273794,-0.1376057400159819
35.68000000000147,0.8967045049607212,-6.0073524831550085e-12,-0.876611188827389,-0.13760574001598175
35.69000000000147,0.896704504960711,-5.999446874117693e-12,-0.8766111888273993,-0.13760574001598166
35.70000000000147,0.8967045049607006,-5.991551955972752e-12,-0.87661118882741,-0.13760574001598155
35.710000000001465,0.8967045049606904,-5.983672131426201e-12,-0.8766111888274203,-0.13760574001598144
35.72000000000146,0.8967045049606802,-5.9758018936322755e-12,-0.8766111888274304,-0.13760574001598136
35.73000000000146,0.8967045049606699,-5.967942923138905e-12,-0.8766111888274407,-0.13760574001598125
35.74000000000146,0.8967045049606597,-5.9600981533217115e-12,-0.8766111888274508,-0.13760574001598114
35.75000000000146,0.8967045049606494,-5.952263291624067e-12,-0.8766111888274615,-0.13760574001598108
35.760000000001455,0.896704504960639,-5.9444350154820435e-12,-0.8766111888274715,-0.13760574001598094
35.77000000000145,0.8967045049606288,-5.9366303068844e-12,-0.8766111888274815,-0.13760574001598078
35.78000000000145,0.8967045049606186,-5.92885277232354e-12,-0.8766111888274914,-0.1376057400159806
35.79000000000145,0.8967045049606085,-5.921103632318491e-12,-0.876611188827501,-0.13760574001598047
35.80000000000145,0.8967045049605984,-5.913386265213165e-12,-0.8766111888275108,-0.13760574001598033
35.810000000001445,0.8967045049605883,-5.905675036952039e-12,-0.8766111888275212,-0.13760574001598022
35.82000000000144,0.8967045049605782,-5.897990792997571e-12,-0.8766111888275304,-0.13760574001598008
35.83000000000144,0.8967045049605681,-5.890326868608326e-12,-0.8766111888275409,-0.13760574001597994
35.84000000000144,0.8967045049605581,-5.882677520088399e-12,-0.8766111888275501,-0.13760574001597978
35.85000000000144,0.8967045049605481,-5.875062851412851e-12,-0.8766111888275597,-0.13760574001597964
35.860000000001435,0.8967045049605381,-5.8674582665436005e-12,-0.8766111888275697,-0.1376057400159795
35.87000000000143,0.896704504960528,-5.859866236745547e-12,-0.8766111888275796,-0.1376057400159794
35.88000000000143,0.896704504960518,-5.852288290014307e-12,-0.8766111888275895,-0.13760574001597928
35.89000000000143,0.896704504960508,-5.8447221370499275e-12,-0.8766111888275997,-0.1376057400159792
35.90000000000143,0.896704504960498,-5.837146788494299e-12,-0.8766111888276097,-0.13760574001597908
35.910000000001425,0.896704504960488,-5.8295795153708e-12,-0.8766111888276197,-0.13760574001597897
35.92000000000142,0.896704504960478,-5.822017691376375e-12,-0.8766111888276297,-0.1376057400159789
35.93000000000142,0.8967045049604679,-5.814454451722035e-12,-0.8766111888276401,-0.13760574001597883
35.94000000000142,0.896704504960458,-5.806888647128299e-12,-0.8766111888276502,-0.13760574001597875
35.95000000000142,0.8967045049604481,-5.799330376618584e-12,-0.87661118882766,-0.13760574001597864
35.960000000001415,0.8967045049604382,-5.791782241408022e-12,-0.8766111888276696,-0.1376057400159785
35.97000000000141,0.8967045049604282,-5.78425090131317e-12,-0.8766111888276799,-0.13760574001597842
35.98000000000141,0.8967045049604183,-5.7767243624908135e-12,-0.8766111888276896,-0.1376057400159783
35.99000000000141,0.8967045049604083,-5.769200523921869e-12,-0.8766111888276997,-0.1376057400159782
36.00000000000141,0.8967045049603984,-5.761687679050756e-12,-0.8766111888277093,-0.13760574001597808
36.010000000001405,0.8967045049603886,-5.75417962865807e-12,-0.8766111888277197,-0.137605740015978
36.0200000000014,0.8967045049603787,-5.746670327675329e-12,-0.8766111888277294,-0.13760574001597786
36.0300000000014,0.8967045049603688,-5.739176250908923e-12,-0.876611188827739,-0.13760574001597778
36.0400000000014,0.8967045049603588,-5.7316923568262364e-12,-0.8766111888277495,-0.1376057400159777
36.0500000000014,0.8967045049603489,-5.724201472053782e-12,-0.8766111888277597,-0.13760574001597758
36.060000000001395,0.8967045049603392,-5.7167207429455795e-12,-0.876611188827769,-0.13760574001597745
36.07000000000139,0.8967045049603294,-5.709255780517546e-12,-0.8766111888277787,-0.13760574001597733
36.08000000000139,0.8967045049603195,-5.701802830455876e-12,-0.8766111888277888,-0.13760574001597725
36.09000000000139,0.8967045049603096,-5.694355995697287e-12,-0.8766111888277984,-0.1376057400159771
36.10000000000139,0.8967045049603001,-5.686928122135639e-12,-0.876611188827808,-0.13760574001597697
36.110000000001385,0.8967045049602904,-5.67951851331598e-12,-0.876611188827817,-0.13760574001597684
36.12000000000138,0.8967045049602806,-5.672130321014682e-12,-0.8766111888278268,-0.13760574001597672
36.13000000000138,0.896704504960271,-5.664750154362866e-12,-0.8766111888278362,-0.13760574001597656
36.14000000000138,0.8967045049602613,-5.657394883971007e-12,-0.8766111888278457,-0.13760574001597642
36.15000000000138,0.8967045049602518,-5.650055356351115e-12,-0.8766111888278548,-0.13760574001597628
36.160000000001375,0.8967045049602421,-5.6427310049416875e-12,-0.8766111888278649,-0.1376057400159762
36.17000000000137,0.8967045049602325,-5.635397787796121e-12,-0.8766111888278747,-0.1376057400159761
36.18000000000137,0.8967045049602228,-5.6280676529842634e-12,-0.8766111888278845,-0.13760574001597603
36.19000000000137,0.8967045049602133,-5.620743509985903e-12,-0.876611188827894,-0.13760574001597592
36.20000000000137,0.8967045049602036,-5.61342100865204e-12,-0.876611188827904,-0.13760574001597586
36.210000000001365,0.8967045049601939,-5.606103240605393e-12,-0.8766111888279137,-0.1376057400159758
36.22000000000136,0.8967045049601844,-5.598783337465857e-12,-0.8766111888279234,-0.1376057400159757
36.23000000000136,0.8967045049601748,-5.591466046424182e-12,-0.8766111888279332,-0.13760574001597564
36.24000000000136,0.8967045049601653,-5.5841503867092586e-12,-0.8766111888279428,-0.13760574001597556
36.25000000000136,0.8967045049601559,-5.576841450118874e-12,-0.8766111888279523,-0.13760574001597548
36.260000000001355,0.8967045049601463,-5.569533049395567e-12,-0.8766111888279623,-0.1376057400159754
36.27000000000135,0.8967045049601368,-5.562226056883566e-12,-0.8766111888279722,-0.1376057400159753
36.28000000000135,0.8967045049601272,-5.554926297448268e-12,-0.8766111888279817,-0.13760574001597523
36.29000000000135,0.8967045049601177,-5.547628776458819e-12,-0.8766111888279917,-0.13760574001597514
36.30000000000135,0.8967045049601081,-5.540336563611402e-12,-0.8766111888280012,-0.1376057400159751
36.310000000001345,0.8967045049600986,-5.533048356197096e-12,-0.876611188828011,-0.137605740015975
36.32000000000134,0.896704504960089,-5.525760869229729e-12,-0.8766111888280206,-0.1376057400159749
36.33000000000134,0.8967045049600795,-5.518485219041207e-12,-0.8766111888280301,-0.1376057400159748
36.34000000000134,0.8967045049600699,-5.5112237708574e-12,-0.8766111888280399,-0.13760574001597467
36.35000000000134,0.8967045049600605,-5.503978631610477e-12,-0.8766111888280489,-0.13760574001597456
36.360000000001335,0.8967045049600512,-5.496741409049575e-12,-0.8766111888280581,-0.13760574001597445
36.37000000000133,0.8967045049600417,-5.4895400106900336e-12,-0.8766111888280674,-0.13760574001597434
36.38000000000133,0.8967045049600324,-5.482355609085943e-12,-0.8766111888280764,-0.13760574001597417
36.39000000000133,0.896704504960023,-5.475196943127346e-12,-0.8766111888280855,-0.13760574001597406
36.40000000000133,0.8967045049600135,-5.468066169072509e-12,-0.8766111888280949,-0.13760574001597392
36.410000000001325,0.8967045049600042,-5.4609460559702486e-12,-0.8766111888281036,-0.13760574001597378
36.42000000000132,0.8967045049599949,-5.453839730371655e-12,-0.8766111888281134,-0.13760574001597367
36.43000000000132,0.8967045049599855,-5.446742641002377e-12,-0.8766111888281224,-0.1376057400159736
36.44000000000132,0.8967045049599761,-5.439654749241528e-12,-0.8766111888281323,-0.1376057400159735
36.45000000000132,0.8967045049599669,-5.43255935144803e-12,-0.8766111888281412,-0.13760574001597337
36.460000000001315,0.8967045049599577,-5.4254952995320015e-12,-0.87661118882815,-0.13760574001597323
36.47000000000131,0.8967045049599485,-5.418448209700195e-12,-0.8766111888281591,-0.1376057400159731
36.48000000000131,0.8967045049599393,-5.411417597530308e-12,-0.8766111888281681,-0.137605740015973
36.49000000000131,0.89670450495993,-5.404399215655143e-12,-0.8766111888281771,-0.13760574001597287
36.50000000000131,0.8967045049599208,-5.3973939110979205e-12,-0.8766111888281868,-0.1376057400159728
36.510000000001305,0.8967045049599115,-5.390381021480872e-12,-0.8766111888281962,-0.13760574001597273
36.5200000000013,0.8967045049599023,-5.3833672826882516e-12,-0.8766111888282054,-0.13760574001597262
36.5300000000013,0.8967045049598931,-5.37636842785636e-12,-0.8766111888282149,-0.13760574001597253
36.5400000000013,0.8967045049598839,-5.369372272003986e-12,-0.8766111888282241,-0.13760574001597245
36.5500000000013,0.8967045049598747,-5.362378977473366e-12,-0.8766111888282329,-0.13760574001597237
36.560000000001295,0.8967045049598656,-5.355400692175904e-12,-0.8766111888282422,-0.13760574001597228
36.57000000000129,0.8967045049598564,-5.348421487077051e-12,-0.876611188828252,-0.13760574001597223
36.58000000000129,0.8967045049598473,-5.34143427793298e-12,-0.8766111888282613,-0.13760574001597217
36.59000000000129,0.8967045049598381,-5.334453088097321e-12,-0.8766111888282705,-0.1376057400159721
36.60000000000129,0.8967045049598289,-5.327467553903731e-12,-0.8766111888282802,-0.13760574001597203
36.610000000001286,0.8967045049598197,-5.320483714284857e-12,-0.8766111888282895,-0.13760574001597195
36.62000000000128,0.8967045049598106,-5.313502887362151e-12,-0.8766111888282982,-0.13760574001597184
36.63000000000128,0.8967045049598015,-5.306550468409134e-12,-0.8766111888283072,-0.13760574001597173
36.64000000000128,0.8967045049597924,-5.299608503695583e-12,-0.8766111888283163,-0.13760574001597164
36.65000000000128,0.8967045049597834,-5.292669592150406e-12,-0.8766111888283256,-0.1376057400159716
36.660000000001276,0.8967045049597743,-5.285737334257932e-12,-0.8766111888283348,-0.1376057400159715
36.670000000001274,0.8967045049597652,-5.278816933023124e-12,-0.8766111888283437,-0.1376057400159714
36.68000000000127,0.8967045049597561,-5.271905950041098e-12,-0.8766111888283528,-0.1376057400159713
36.69000000000127,0.896704504959747,-5.2650022906887045e-12,-0.876611188828362,-0.1376057400159712
36.70000000000127,0.896704504959738,-5.2581115792652415e-12,-0.8766111888283709,-0.13760574001597106
36.710000000001266,0.896704504959729,-5.251237843717876e-12,-0.8766111888283797,-0.13760574001597095
36.720000000001264,0.89670450495972,-5.244385610576691e-12,-0.8766111888283883,-0.13760574001597087
36.73000000000126,0.896704504959711,-5.237542601600979e-12,-0.8766111888283975,-0.13760574001597076
36.74000000000126,0.8967045049597021,-5.230703608817637e-12,-0.8766111888284064,-0.13760574001597065
36.75000000000126,0.8967045049596931,-5.223882196385096e-12,-0.876611188828415,-0.13760574001597053
36.760000000001256,0.8967045049596841,-5.217065681656268e-12,-0.8766111888284245,-0.13760574001597045
36.770000000001254,0.8967045049596751,-5.210260297521941e-12,-0.8766111888284331,-0.13760574001597034
36.78000000000125,0.8967045049596662,-5.2034666037159125e-12,-0.8766111888284418,-0.1376057400159702
36.79000000000125,0.8967045049596574,-5.196690753753647e-12,-0.8766111888284505,-0.13760574001597012
36.80000000000125,0.8967045049596485,-5.189927259003739e-12,-0.8766111888284593,-0.13760574001597
36.810000000001246,0.8967045049596395,-5.183165334778815e-12,-0.8766111888284683,-0.13760574001596992
36.820000000001244,0.8967045049596308,-5.176428965577504e-12,-0.8766111888284769,-0.1376057400159698
36.83000000000124,0.896704504959622,-5.169697233030428e-12,-0.8766111888284858,-0.13760574001596973
36.84000000000124,0.8967045049596131,-5.162971725351882e-12,-0.876611188828495,-0.13760574001596965
36.85000000000124,0.8967045049596042,-5.15625204032461e-12,-0.8766111888285036,-0.13760574001596956
36.860000000001236,0.8967045049595953,-5.14953018460426e-12,-0.8766111888285127,-0.13760574001596948
36.870000000001234,0.8967045049595864,-5.1428050816370314e-12,-0.876611188828522,-0.13760574001596942
36.88000000000123,0.8967045049595777,-5.136084792808848e-12,-0.8766111888285307,-0.13760574001596937
36.89000000000123,0.8967045049595688,-5.129358579190077e-12,-0.8766111888285398,-0.13760574001596929
36.90000000000123,0.89670450495956,-5.122631512037251e-12,-0.8766111888285489,-0.1376057400159692
36.910000000001226,0.8967045049595512,-5.1159159497510844e-12,-0.8766111888285574,-0.1376057400159691
36.920000000001224,0.8967045049595425,-5.109216358584969e-12,-0.8766111888285664,-0.13760574001596898
36.93000000000122,0.8967045049595338,-5.102524675605131e-12,-0.8766111888285748,-0.13760574001596884
36.94000000000122,0.8967045049595251,-5.095859955127901e-12,-0.8766111888285832,-0.1376057400159687
36.95000000000122,0.8967045049595166,-5.08921602309728e-12,-0.8766111888285917,-0.13760574001596865
36.960000000001216,0.8967045049595079,-5.0825800790762475e-12,-0.8766111888286003,-0.13760574001596854
36.970000000001214,0.8967045049594992,-5.0759572016213274e-12,-0.8766111888286093,-0.13760574001596845
36.98000000000121,0.8967045049594905,-5.069325569955634e-12,-0.8766111888286178,-0.13760574001596837
36.99000000000121,0.8967045049594818,-5.062707618701677e-12,-0.8766111888286267,-0.1376057400159683
37.00000000000121,0.8967045049594732,-5.0560844315334074e-12,-0.8766111888286355,-0.1376057400159682
37.010000000001206,0.8967045049594646,-5.0494779685489885e-12,-0.8766111888286441,-0.13760574001596812
37.020000000001204,0.8967045049594559,-5.042881779461959e-12,-0.8766111888286529,-0.13760574001596804
37.0300000000012,0.8967045049594473,-5.036278178790701e-12,-0.8766111888286615,-0.13760574001596793
37.0400000000012,0.8967045049594387,-5.0296884222814116e-12,-0.8766111888286705,-0.13760574001596787
37.0500000000012,0.89670450495943,-5.023104724897186e-12,-0.8766111888286789,-0.1376057400159678
37.060000000001196,0.8967045049594213,-5.016529553376641e-12,-0.8766111888286879,-0.13760574001596773
37.070000000001194,0.8967045049594129,-5.009952239507176e-12,-0.8766111888286964,-0.13760574001596762
37.08000000000119,0.8967045049594043,-5.0033910367257666e-12,-0.8766111888287046,-0.1376057400159675
37.09000000000119,0.8967045049593958,-4.9968500878927275e-12,-0.8766111888287133,-0.13760574001596743
37.10000000000119,0.8967045049593872,-4.990315051715065e-12,-0.876611188828722,-0.13760574001596737
37.110000000001186,0.8967045049593787,-4.983776896833407e-12,-0.8766111888287308,-0.1376057400159673
37.120000000001184,0.8967045049593703,-4.977246671880088e-12,-0.8766111888287392,-0.13760574001596723
37.13000000000118,0.8967045049593617,-4.9707199580452116e-12,-0.8766111888287479,-0.13760574001596718
37.14000000000118,0.8967045049593533,-4.9641883498005315e-12,-0.8766111888287565,-0.13760574001596707
37.15000000000118,0.8967045049593448,-4.957672162595205e-12,-0.8766111888287648,-0.13760574001596698
37.160000000001176,0.8967045049593363,-4.951170443427733e-12,-0.8766111888287738,-0.13760574001596693
37.170000000001174,0.896704504959328,-4.944674268935383e-12,-0.8766111888287822,-0.13760574001596687
37.18000000000117,0.8967045049593195,-4.938175889900291e-12,-0.876611188828791,-0.1376057400159668
37.19000000000117,0.896704504959311,-4.931681649284771e-12,-0.8766111888287997,-0.13760574001596673
37.20000000000117,0.8967045049593024,-4.9251848333922e-12,-0.8766111888288086,-0.13760574001596668
37.210000000001166,0.896704504959294,-4.918686795155465e-12,-0.8766111888288173,-0.1376057400159666
37.220000000001164,0.8967045049592857,-4.912188472563072e-12,-0.8766111888288259,-0.13760574001596654
37.23000000000116,0.8967045049592772,-4.90570309499116e-12,-0.8766111888288343,-0.13760574001596645
37.24000000000116,0.8967045049592688,-4.899235044766842e-12,-0.8766111888288426,-0.13760574001596637
37.25000000000116,0.8967045049592604,-4.89277091242987e-12,-0.8766111888288511,-0.1376057400159663
37.260000000001156,0.8967045049592519,-4.886319952712956e-12,-0.8766111888288596,-0.1376057400159662
37.270000000001154,0.8967045049592436,-4.879875677593749e-12,-0.8766111888288685,-0.13760574001596612
37.28000000000115,0.8967045049592353,-4.87343101986522e-12,-0.8766111888288763,-0.137605740015966
37.29000000000115,0.8967045049592269,-4.867008590031095e-12,-0.8766111888288846,-0.1376057400159659
37.30000000000115,0.8967045049592186,-4.8606126009425995e-12,-0.8766111888288928,-0.1376057400159658
37.310000000001146,0.8967045049592102,-4.854227816328168e-12,-0.8766111888289011,-0.1376057400159657
37.320000000001144,0.8967045049592017,-4.8478543324868516e-12,-0.8766111888289095,-0.13760574001596562
37.33000000000114,0.8967045049591935,-4.84149675149949e-12,-0.8766111888289176,-0.13760574001596554
37.34000000000114,0.8967045049591851,-4.835145591367684e-12,-0.8766111888289265,-0.13760574001596546
37.35000000000114,0.8967045049591768,-4.828798870563151e-12,-0.8766111888289347,-0.13760574001596534
37.360000000001136,0.8967045049591685,-4.822465696565441e-12,-0.8766111888289422,-0.1376057400159652
37.370000000001134,0.8967045049591603,-4.816160068815071e-12,-0.8766111888289504,-0.1376057400159651
37.38000000000113,0.8967045049591521,-4.809871200931733e-12,-0.8766111888289585,-0.13760574001596496
37.39000000000113,0.896704504959144,-4.803595723762186e-12,-0.8766111888289666,-0.13760574001596484
37.40000000000113,0.8967045049591359,-4.797338450083398e-12,-0.8766111888289742,-0.13760574001596473
37.410000000001126,0.8967045049591277,-4.791101946986151e-12,-0.8766111888289825,-0.13760574001596465
37.420000000001124,0.8967045049591195,-4.784862222836457e-12,-0.8766111888289911,-0.13760574001596457
37.43000000000112,0.8967045049591115,-4.778624237982161e-12,-0.8766111888289991,-0.1376057400159645
37.44000000000112,0.8967045049591033,-4.7723930115953404e-12,-0.8766111888290073,-0.13760574001596446
37.45000000000112,0.8967045049590951,-4.76616708596346e-12,-0.8766111888290158,-0.13760574001596437
37.460000000001116,0.8967045049590869,-4.759933567564151e-12,-0.8766111888290241,-0.13760574001596432
37.470000000001114,0.8967045049590787,-4.7537015739538305e-12,-0.8766111888290324,-0.1376057400159643
37.48000000000111,0.8967045049590706,-4.7474767187864555e-12,-0.8766111888290411,-0.1376057400159642
37.49000000000111,0.8967045049590625,-4.7412408910946376e-12,-0.8766111888290492,-0.13760574001596412
37.50000000000111,0.8967045049590543,-4.735014457520216e-12,-0.8766111888290575,-0.13760574001596407
37.51000000000111,0.8967045049590462,-4.7288027239015015e-12,-0.8766111888290656,-0.13760574001596398
37.520000000001104,0.8967045049590382,-4.722598907344966e-12,-0.8766111888290735,-0.13760574001596387
37.5300000000011,0.89670450495903,-4.716403573934308e-12,-0.8766111888290822,-0.13760574001596382
37.5400000000011,0.8967045049590218,-4.710198323254115e-12,-0.8766111888290905,-0.13760574001596373
37.5500000000011,0.8967045049590137,-4.70400299041183e-12,-0.8766111888290982,-0.13760574001596365
37.5600000000011,0.8967045049590054,-4.697820348075437e-12,-0.8766111888291069,-0.13760574001596357
37.570000000001095,0.8967045049589975,-4.6916392942948545e-12,-0.8766111888291148,-0.13760574001596346
37.58000000000109,0.8967045049589893,-4.685475521396739e-12,-0.8766111888291228,-0.1376057400159634
37.59000000000109,0.8967045049589814,-4.679317879730996e-12,-0.8766111888291308,-0.1376057400159633
37.60000000000109,0.8967045049589734,-4.673175346486069e-12,-0.8766111888291387,-0.13760574001596318
37.61000000000109,0.8967045049589654,-4.667049309746385e-12,-0.8766111888291468,-0.13760574001596307
37.620000000001085,0.8967045049589575,-4.660939490773497e-12,-0.8766111888291545,-0.13760574001596296
37.63000000000108,0.8967045049589494,-4.654839109291928e-12,-0.8766111888291627,-0.13760574001596287
37.64000000000108,0.8967045049589413,-4.648742051380588e-12,-0.8766111888291708,-0.13760574001596282
37.65000000000108,0.8967045049589332,-4.642658020866149e-12,-0.8766111888291789,-0.1376057400159627
37.66000000000108,0.8967045049589253,-4.636581722752102e-12,-0.8766111888291865,-0.13760574001596257
37.670000000001075,0.8967045049589175,-4.63053109585422e-12,-0.8766111888291936,-0.13760574001596243
37.68000000000107,0.8967045049589096,-4.624505612560107e-12,-0.876611188829202,-0.13760574001596232
37.69000000000107,0.8967045049589017,-4.61848536942784e-12,-0.8766111888292093,-0.1376057400159622
37.70000000000107,0.8967045049588939,-4.612487814890718e-12,-0.8766111888292171,-0.1376057400159621
37.71000000000107,0.8967045049588861,-4.606497084062261e-12,-0.8766111888292251,-0.137605740015962
37.720000000001065,0.8967045049588782,-4.600509338215567e-12,-0.8766111888292328,-0.13760574001596193
37.73000000000106,0.8967045049588703,-4.59452677741466e-12,-0.8766111888292408,-0.13760574001596185
37.74000000000106,0.8967045049588624,-4.588547507239219e-12,-0.8766111888292488,-0.13760574001596176
37.75000000000106,0.8967045049588547,-4.582571301736854e-12,-0.876611188829257,-0.13760574001596168
37.76000000000106,0.8967045049588469,-4.5765967396292056e-12,-0.8766111888292645,-0.1376057400159616
37.770000000001055,0.896704504958839,-4.570636962217966e-12,-0.8766111888292726,-0.13760574001596154
37.78000000000105,0.8967045049588311,-4.564663180491027e-12,-0.8766111888292805,-0.13760574001596146
37.79000000000105,0.8967045049588234,-4.5587030117150885e-12,-0.8766111888292878,-0.13760574001596138
37.80000000000105,0.8967045049588157,-4.552758453223321e-12,-0.8766111888292953,-0.13760574001596126
37.81000000000105,0.8967045049588079,-4.546832732626668e-12,-0.8766111888293032,-0.13760574001596118
37.820000000001045,0.8967045049588002,-4.54090832540539e-12,-0.8766111888293109,-0.13760574001596107
37.83000000000104,0.8967045049587924,-4.534991415291353e-12,-0.8766111888293188,-0.137605740015961
37.84000000000104,0.8967045049587847,-4.529083747889063e-12,-0.8766111888293266,-0.13760574001596093
37.85000000000104,0.896704504958777,-4.523177306401121e-12,-0.8766111888293349,-0.13760574001596088
37.86000000000104,0.8967045049587692,-4.5172734217476774e-12,-0.8766111888293425,-0.13760574001596082
37.870000000001035,0.8967045049587614,-4.511363964710953e-12,-0.8766111888293509,-0.13760574001596076
37.88000000000103,0.8967045049587536,-4.5054468835708216e-12,-0.8766111888293584,-0.13760574001596068
37.89000000000103,0.8967045049587459,-4.4995479154753446e-12,-0.876611188829366,-0.1376057400159606
37.90000000000103,0.8967045049587381,-4.493657206759579e-12,-0.876611188829374,-0.13760574001596051
37.91000000000103,0.8967045049587304,-4.4877580536082955e-12,-0.8766111888293819,-0.13760574001596046
37.920000000001025,0.8967045049587228,-4.481876851632331e-12,-0.876611188829389,-0.13760574001596035
37.93000000000102,0.8967045049587151,-4.476011257775529e-12,-0.8766111888293969,-0.13760574001596027
37.94000000000102,0.8967045049587075,-4.4701497731117245e-12,-0.8766111888294046,-0.13760574001596018
37.95000000000102,0.8967045049586998,-4.464292135904837e-12,-0.8766111888294125,-0.13760574001596013
37.96000000000102,0.896704504958692,-4.458449256426052e-12,-0.8766111888294204,-0.13760574001596007
37.970000000001015,0.8967045049586844,-4.452592666128749e-12,-0.8766111888294281,-0.13760574001596
37.98000000000101,0.8967045049586767,-4.4467498930960115e-12,-0.8766111888294358,-0.13760574001595993
37.99000000000101,0.8967045049586692,-4.440910642590913e-12,-0.8766111888294432,-0.13760574001595985
38.00000000000101,0.8967045049586614,-4.4350859041727464e-12,-0.8766111888294511,-0.13760574001595977
38.01000000000101,0.8967045049586537,-4.429263853187085e-12,-0.8766111888294588,-0.13760574001595965
38.020000000001005,0.8967045049586461,-4.4234454417820635e-12,-0.8766111888294664,-0.13760574001595957
38.030000000001,0.8967045049586385,-4.4176302841665286e-12,-0.8766111888294739,-0.1376057400159595
38.040000000001,0.896704504958631,-4.411831045856462e-12,-0.8766111888294813,-0.13760574001595935
38.050000000001,0.8967045049586234,-4.406056227371972e-12,-0.8766111888294887,-0.13760574001595924
38.060000000001,0.8967045049586159,-4.400289165283812e-12,-0.8766111888294964,-0.13760574001595913
38.070000000000995,0.8967045049586084,-4.394540556937838e-12,-0.8766111888295033,-0.13760574001595902
38.08000000000099,0.8967045049586009,-4.388805439439185e-12,-0.8766111888295114,-0.13760574001595893
38.09000000000099,0.8967045049585933,-4.3830730683325846e-12,-0.8766111888295189,-0.13760574001595885
38.10000000000099,0.8967045049585858,-4.377331787602236e-12,-0.8766111888295266,-0.1376057400159588
38.11000000000099,0.8967045049585783,-4.371595207222812e-12,-0.8766111888295339,-0.13760574001595868
38.120000000000985,0.8967045049585709,-4.365870142573937e-12,-0.8766111888295415,-0.13760574001595857
38.13000000000098,0.8967045049585635,-4.360151066892134e-12,-0.8766111888295491,-0.13760574001595852
38.14000000000098,0.896704504958556,-4.35443467367433e-12,-0.8766111888295567,-0.13760574001595843
38.15000000000098,0.8967045049585487,-4.3487178747156765e-12,-0.8766111888295642,-0.13760574001595835
38.16000000000098,0.8967045049585413,-4.343008274289839e-12,-0.8766111888295718,-0.13760574001595827
38.170000000000975,0.8967045049585337,-4.337294753737668e-12,-0.87661118882958,-0.13760574001595824
38.18000000000097,0.8967045049585264,-4.331567794223919e-12,-0.8766111888295876,-0.13760574001595818
38.19000000000097,0.8967045049585189,-4.325843887938321e-12,-0.876611188829595,-0.13760574001595807
38.20000000000097,0.8967045049585114,-4.320124515123595e-12,-0.8766111888296028,-0.13760574001595802
38.21000000000097,0.8967045049585038,-4.314407506933094e-12,-0.8766111888296105,-0.13760574001595793
38.220000000000965,0.8967045049584965,-4.308696643172325e-12,-0.8766111888296182,-0.13760574001595785
38.23000000000096,0.8967045049584891,-4.302992816819872e-12,-0.8766111888296256,-0.13760574001595774
38.24000000000096,0.8967045049584816,-4.297297597408123e-12,-0.8766111888296332,-0.13760574001595766
38.25000000000096,0.8967045049584744,-4.2916067414768165e-12,-0.8766111888296405,-0.13760574001595755
38.26000000000096,0.896704504958467,-4.285928404742067e-12,-0.876611188829648,-0.13760574001595743
38.270000000000955,0.8967045049584597,-4.280266826834804e-12,-0.8766111888296552,-0.13760574001595732
38.28000000000095,0.8967045049584523,-4.274619632914829e-12,-0.8766111888296623,-0.1376057400159572
38.29000000000095,0.8967045049584451,-4.2689884871856575e-12,-0.8766111888296696,-0.1376057400159571
38.30000000000095,0.8967045049584378,-4.263357728229378e-12,-0.8766111888296771,-0.13760574001595702
38.31000000000095,0.8967045049584305,-4.25774840693727e-12,-0.8766111888296839,-0.1376057400159569
38.320000000000945,0.8967045049584231,-4.252151450758025e-12,-0.8766111888296912,-0.1376057400159568
38.33000000000094,0.896704504958416,-4.246571802416519e-12,-0.8766111888296981,-0.13760574001595668
38.34000000000094,0.8967045049584087,-4.241009032312177e-12,-0.8766111888297055,-0.13760574001595657
38.35000000000094,0.8967045049584013,-4.235451106643501e-12,-0.8766111888297133,-0.1376057400159565
38.36000000000094,0.8967045049583939,-4.229895744400412e-12,-0.8766111888297204,-0.1376057400159564
38.370000000000935,0.8967045049583867,-4.224341507934121e-12,-0.8766111888297278,-0.1376057400159563
38.38000000000093,0.8967045049583795,-4.218802780332272e-12,-0.8766111888297349,-0.13760574001595616
38.39000000000093,0.8967045049583722,-4.213276855566273e-12,-0.876611188829742,-0.13760574001595605
38.40000000000093,0.896704504958365,-4.207768556500222e-12,-0.8766111888297489,-0.1376057400159559
38.41000000000093,0.8967045049583579,-4.2022804087222936e-12,-0.8766111888297559,-0.1376057400159558
38.420000000000925,0.8967045049583506,-4.196812273126397e-12,-0.8766111888297625,-0.13760574001595566
38.43000000000092,0.8967045049583434,-4.191357538832331e-12,-0.8766111888297698,-0.13760574001595557
38.44000000000092,0.8967045049583362,-4.1859212869429766e-12,-0.8766111888297767,-0.13760574001595546
38.45000000000092,0.8967045049583292,-4.180496385976891e-12,-0.8766111888297836,-0.1376057400159553
38.46000000000092,0.8967045049583222,-4.175094543303882e-12,-0.87661118882979,-0.13760574001595519
38.470000000000915,0.896704504958315,-4.169711875612353e-12,-0.8766111888297972,-0.1376057400159551
38.48000000000091,0.896704504958308,-4.16433847308122e-12,-0.8766111888298044,-0.137605740015955
38.49000000000091,0.8967045049583009,-4.158966221498735e-12,-0.876611188829811,-0.1376057400159549
38.50000000000091,0.8967045049582938,-4.153605292935155e-12,-0.8766111888298181,-0.13760574001595482
38.51000000000091,0.8967045049582867,-4.148254091977299e-12,-0.8766111888298255,-0.13760574001595474
38.520000000000906,0.8967045049582797,-4.142903356684706e-12,-0.8766111888298322,-0.1376057400159547
38.5300000000009,0.8967045049582726,-4.137558569083107e-12,-0.8766111888298392,-0.13760574001595458
38.5400000000009,0.8967045049582655,-4.132218881483163e-12,-0.8766111888298466,-0.13760574001595452
38.5500000000009,0.8967045049582585,-4.126873107926672e-12,-0.8766111888298538,-0.13760574001595446
38.5600000000009,0.8967045049582514,-4.121531916427249e-12,-0.876611188829861,-0.1376057400159544
38.570000000000896,0.8967045049582442,-4.116184218604135e-12,-0.8766111888298684,-0.13760574001595435
38.580000000000894,0.8967045049582372,-4.110831968014073e-12,-0.8766111888298755,-0.1376057400159543
38.59000000000089,0.8967045049582301,-4.105479376421242e-12,-0.8766111888298828,-0.13760574001595421
38.60000000000089,0.896704504958223,-4.100130973749421e-12,-0.8766111888298898,-0.1376057400159542
38.61000000000089,0.8967045049582161,-4.094789573367326e-12,-0.8766111888298969,-0.1376057400159541
38.620000000000886,0.896704504958209,-4.089454085485155e-12,-0.8766111888299039,-0.13760574001595402
38.630000000000884,0.896704504958202,-4.0841263471292214e-12,-0.8766111888299111,-0.13760574001595394
38.64000000000088,0.8967045049581952,-4.0788087156787845e-12,-0.8766111888299175,-0.13760574001595385
38.65000000000088,0.8967045049581881,-4.073503049119922e-12,-0.8766111888299247,-0.13760574001595377
38.66000000000088,0.8967045049581811,-4.068201787411234e-12,-0.8766111888299317,-0.13760574001595371
38.670000000000876,0.8967045049581742,-4.0629058425975976e-12,-0.8766111888299385,-0.13760574001595363
38.680000000000874,0.8967045049581672,-4.057619265814621e-12,-0.8766111888299454,-0.13760574001595355
38.69000000000087,0.8967045049581602,-4.052344015147145e-12,-0.8766111888299525,-0.1376057400159535
38.70000000000087,0.8967045049581535,-4.047070038105167e-12,-0.8766111888299593,-0.1376057400159534
38.71000000000087,0.8967045049581466,-4.041807484349843e-12,-0.8766111888299661,-0.13760574001595335
38.720000000000866,0.8967045049581395,-4.036543476861365e-12,-0.8766111888299734,-0.1376057400159533
38.730000000000864,0.8967045049581326,-4.031275823684986e-12,-0.8766111888299803,-0.13760574001595322
38.74000000000086,0.8967045049581256,-4.026016871627385e-12,-0.8766111888299872,-0.13760574001595313
38.75000000000086,0.8967045049581187,-4.020759755605947e-12,-0.876611188829994,-0.13760574001595305
38.76000000000086,0.8967045049581118,-4.015516262705347e-12,-0.8766111888300011,-0.137605740015953
38.770000000000856,0.8967045049581049,-4.0102817995072835e-12,-0.8766111888300077,-0.13760574001595288
38.780000000000854,0.896704504958098,-4.0050597973147154e-12,-0.8766111888300148,-0.13760574001595283
38.79000000000085,0.8967045049580913,-3.999841454336142e-12,-0.8766111888300211,-0.13760574001595272
38.80000000000085,0.8967045049580845,-3.9946444171496914e-12,-0.8766111888300276,-0.1376057400159526
38.81000000000085,0.8967045049580775,-3.989461575072999e-12,-0.8766111888300345,-0.13760574001595255
38.820000000000846,0.8967045049580709,-3.984287773247845e-12,-0.8766111888300413,-0.13760574001595244
38.830000000000844,0.8967045049580641,-3.97912488015451e-12,-0.8766111888300478,-0.13760574001595238
38.84000000000084,0.8967045049580573,-3.973961085139654e-12,-0.8766111888300546,-0.1376057400159523
38.85000000000084,0.8967045049580505,-3.968802990261751e-12,-0.8766111888300616,-0.13760574001595224
38.86000000000084,0.8967045049580438,-3.963644436701837e-12,-0.8766111888300686,-0.13760574001595216
38.870000000000836,0.8967045049580371,-3.958490014913602e-12,-0.8766111888300749,-0.13760574001595208
38.880000000000834,0.8967045049580304,-3.953347773096179e-12,-0.8766111888300818,-0.13760574001595202
38.89000000000083,0.8967045049580237,-3.948207456108856e-12,-0.876611188830089,-0.13760574001595197
38.90000000000083,0.896704504958017,-3.943060355445538e-12,-0.8766111888300955,-0.1376057400159519
38.91000000000083,0.8967045049580104,-3.937917339993618e-12,-0.8766111888301024,-0.1376057400159519
38.920000000000826,0.8967045049580036,-3.932758446940587e-12,-0.8766111888301097,-0.13760574001595188
38.930000000000824,0.896704504957997,-3.92759708809944e-12,-0.8766111888301166,-0.13760574001595183
38.94000000000082,0.8967045049579904,-3.922430815020409e-12,-0.8766111888301232,-0.1376057400159518
38.95000000000082,0.8967045049579837,-3.9172718920703145e-12,-0.8766111888301302,-0.13760574001595174
38.96000000000082,0.896704504957977,-3.912106382721853e-12,-0.8766111888301377,-0.13760574001595177
38.970000000000816,0.8967045049579704,-3.9069238222715406e-12,-0.8766111888301448,-0.13760574001595174
38.980000000000814,0.8967045049579638,-3.901735139956525e-12,-0.8766111888301517,-0.13760574001595172
38.99000000000081,0.8967045049579572,-3.896543943198844e-12,-0.8766111888301588,-0.1376057400159517
39.00000000000081,0.8967045049579505,-3.8913506805647566e-12,-0.8766111888301656,-0.1376057400159517
39.01000000000081,0.8967045049579438,-3.886156515648308e-12,-0.8766111888301732,-0.13760574001595166
39.020000000000806,0.8967045049579371,-3.880952307672155e-12,-0.8766111888301803,-0.13760574001595163
39.030000000000804,0.8967045049579304,-3.875737598078833e-12,-0.8766111888301874,-0.13760574001595163
39.0400000000008,0.8967045049579238,-3.870532253949343e-12,-0.8766111888301943,-0.13760574001595158
39.0500000000008,0.896704504957917,-3.865328369358054e-12,-0.8766111888302016,-0.13760574001595155
39.0600000000008,0.8967045049579105,-3.860127367841634e-12,-0.8766111888302079,-0.13760574001595147
39.070000000000796,0.896704504957904,-3.854943487858103e-12,-0.8766111888302148,-0.1376057400159514
39.080000000000794,0.8967045049578973,-3.849767333816972e-12,-0.8766111888302217,-0.13760574001595138
39.09000000000079,0.8967045049578908,-3.844594929036863e-12,-0.8766111888302283,-0.1376057400159513
39.10000000000079,0.8967045049578842,-3.839435796783659e-12,-0.8766111888302349,-0.13760574001595127
39.11000000000079,0.8967045049578778,-3.834294885242158e-12,-0.8766111888302414,-0.13760574001595116
39.120000000000786,0.8967045049578712,-3.829174596625863e-12,-0.8766111888302479,-0.1376057400159511
39.130000000000784,0.8967045049578647,-3.824071072150677e-12,-0.8766111888302545,-0.13760574001595105
39.14000000000078,0.8967045049578583,-3.818979684540007e-12,-0.8766111888302613,-0.137605740015951
39.15000000000078,0.8967045049578517,-3.813884372071714e-12,-0.8766111888302682,-0.13760574001595094
39.16000000000078,0.8967045049578451,-3.808801927087935e-12,-0.8766111888302748,-0.13760574001595088
39.170000000000776,0.8967045049578385,-3.803723926550123e-12,-0.8766111888302818,-0.13760574001595083
39.180000000000774,0.8967045049578319,-3.798654731073962e-12,-0.8766111888302881,-0.13760574001595077
39.19000000000077,0.8967045049578254,-3.7935893985549315e-12,-0.8766111888302954,-0.13760574001595074
39.20000000000077,0.8967045049578188,-3.788515282235449e-12,-0.8766111888303016,-0.13760574001595066
39.21000000000077,0.8967045049578122,-3.783472778614749e-12,-0.8766111888303084,-0.1376057400159506
39.220000000000766,0.8967045049578057,-3.778435476561187e-12,-0.8766111888303147,-0.1376057400159505
39.230000000000764,0.8967045049577993,-3.773417063934323e-12,-0.8766111888303207,-0.13760574001595036
39.24000000000076,0.8967045049577929,-3.768431367351764e-12,-0.876611188830327,-0.13760574001595025
39.25000000000076,0.8967045049577865,-3.7634697771268225e-12,-0.8766111888303333,-0.13760574001595016
39.26000000000076,0.8967045049577802,-3.758531628196195e-12,-0.876611188830339,-0.13760574001595005
39.270000000000756,0.8967045049577739,-3.753608343766427e-12,-0.8766111888303455,-0.13760574001594997
39.280000000000754,0.8967045049577674,-3.748704916681511e-12,-0.8766111888303516,-0.13760574001594988
39.29000000000075,0.8967045049577611,-3.74381309408362e-12,-0.8766111888303579,-0.13760574001594983
39.30000000000075,0.8967045049577549,-3.7389267219404696e-12,-0.876611188830364,-0.13760574001594977
39.31000000000075,0.8967045049577486,-3.734059225669847e-12,-0.8766111888303706,-0.1376057400159497
39.320000000000746,0.8967045049577421,-3.729186357006738e-12,-0.876611188830377,-0.13760574001594963
39.330000000000744,0.8967045049577359,-3.72432373040326e-12,-0.8766111888303834,-0.13760574001594958
39.34000000000074,0.8967045049577296,-3.719464759921029e-12,-0.8766111888303898,-0.13760574001594952
39.35000000000074,0.8967045049577234,-3.714614804819161e-12,-0.8766111888303961,-0.1376057400159495
39.36000000000074,0.896704504957717,-3.709765220386814e-12,-0.8766111888304026,-0.13760574001594947
39.370000000000736,0.8967045049577108,-3.704921517332007e-12,-0.8766111888304091,-0.13760574001594944
39.380000000000734,0.8967045049577045,-3.700060850990994e-12,-0.8766111888304157,-0.13760574001594944
39.39000000000073,0.8967045049576982,-3.695189470269096e-12,-0.8766111888304223,-0.1376057400159494
39.40000000000073,0.8967045049576919,-3.690311403247893e-12,-0.876611188830429,-0.13760574001594938
39.41000000000073,0.8967045049576855,-3.685429095227665e-12,-0.8766111888304359,-0.1376057400159494
39.42000000000073,0.8967045049576793,-3.680538451528214e-12,-0.8766111888304426,-0.13760574001594938
39.430000000000724,0.896704504957673,-3.675643685964411e-12,-0.8766111888304493,-0.13760574001594933
39.44000000000072,0.8967045049576667,-3.670751733012976e-12,-0.8766111888304557,-0.13760574001594933
39.45000000000072,0.8967045049576605,-3.665864181713824e-12,-0.876611188830462,-0.13760574001594925
39.46000000000072,0.8967045049576543,-3.660984905549277e-12,-0.8766111888304687,-0.13760574001594925
39.47000000000072,0.896704504957648,-3.656105091922234e-12,-0.8766111888304754,-0.13760574001594922
39.480000000000715,0.8967045049576416,-3.65121955350496e-12,-0.8766111888304818,-0.1376057400159492
39.49000000000071,0.8967045049576354,-3.646344081729584e-12,-0.8766111888304884,-0.13760574001594916
39.50000000000071,0.8967045049576291,-3.641474478350791e-12,-0.8766111888304947,-0.1376057400159491
39.51000000000071,0.8967045049576229,-3.636604080306786e-12,-0.8766111888305013,-0.13760574001594905
39.52000000000071,0.8967045049576167,-3.6317491724370387e-12,-0.8766111888305074,-0.13760574001594897
39.530000000000705,0.8967045049576103,-3.626901736839108e-12,-0.876611188830514,-0.1376057400159489
39.5400000000007,0.8967045049576042,-3.6220663864997662e-12,-0.8766111888305199,-0.13760574001594883
39.5500000000007,0.896704504957598,-3.6172590656645896e-12,-0.8766111888305259,-0.13760574001594877
39.5600000000007,0.8967045049575919,-3.6124618234302232e-12,-0.876611188830532,-0.1376057400159487
39.5700000000007,0.8967045049575857,-3.607683323881774e-12,-0.8766111888305386,-0.13760574001594864
39.580000000000695,0.8967045049575795,-3.6029070552209988e-12,-0.8766111888305443,-0.13760574001594858
39.59000000000069,0.8967045049575734,-3.5981558140874554e-12,-0.8766111888305507,-0.1376057400159485
39.60000000000069,0.8967045049575672,-3.5934085864937757e-12,-0.8766111888305569,-0.13760574001594847
39.61000000000069,0.896704504957561,-3.5886612375918357e-12,-0.8766111888305632,-0.1376057400159484
39.62000000000069,0.8967045049575548,-3.5839188391226728e-12,-0.8766111888305692,-0.13760574001594836
39.630000000000685,0.8967045049575486,-3.5791892945725552e-12,-0.8766111888305754,-0.1376057400159483
39.64000000000068,0.8967045049575425,-3.5744755031658554e-12,-0.8766111888305819,-0.13760574001594822
39.65000000000068,0.8967045049575363,-3.5697604766118816e-12,-0.876611188830588,-0.13760574001594816
39.66000000000068,0.8967045049575302,-3.565049982725816e-12,-0.8766111888305941,-0.13760574001594808
39.67000000000068,0.896704504957524,-3.560352450800585e-12,-0.8766111888306001,-0.13760574001594797
39.680000000000675,0.8967045049575177,-3.5556814649633355e-12,-0.8766111888306061,-0.13760574001594789
39.69000000000067,0.8967045049575117,-3.5510167197048123e-12,-0.876611188830612,-0.1376057400159478
39.70000000000067,0.8967045049575056,-3.5463702910311077e-12,-0.8766111888306177,-0.13760574001594772
39.71000000000067,0.8967045049574996,-3.5417382783885365e-12,-0.8766111888306236,-0.1376057400159476
39.72000000000067,0.8967045049574934,-3.537122427096949e-12,-0.8766111888306296,-0.13760574001594753
39.730000000000665,0.8967045049574873,-3.5325160508466877e-12,-0.8766111888306354,-0.13760574001594741
39.74000000000066,0.8967045049574814,-3.527925848982204e-12,-0.876611188830641,-0.1376057400159473
39.75000000000066,0.8967045049574753,-3.5233628716726297e-12,-0.876611188830647,-0.13760574001594722
39.76000000000066,0.8967045049574693,-3.518803525202838e-12,-0.8766111888306527,-0.13760574001594708
39.77000000000066,0.8967045049574635,-3.5142630219717985e-12,-0.8766111888306586,-0.137605740015947
39.780000000000655,0.8967045049574573,-3.5097333784730173e-12,-0.8766111888306644,-0.13760574001594697
39.79000000000065,0.8967045049574515,-3.505201539317725e-12,-0.8766111888306704,-0.13760574001594691
39.80000000000065,0.8967045049574455,-3.5006714873241214e-12,-0.8766111888306765,-0.13760574001594683
39.81000000000065,0.8967045049574395,-3.4961427340174134e-12,-0.8766111888306826,-0.13760574001594678
39.82000000000065,0.8967045049574336,-3.4916134171221215e-12,-0.8766111888306886,-0.13760574001594672
39.830000000000645,0.8967045049574276,-3.48710241664116e-12,-0.8766111888306944,-0.13760574001594666
39.84000000000064,0.8967045049574217,-3.482578116560844e-12,-0.8766111888307005,-0.1376057400159466
39.85000000000064,0.8967045049574157,-3.4780481291294018e-12,-0.8766111888307064,-0.13760574001594655
39.86000000000064,0.8967045049574099,-3.473527143834085e-12,-0.8766111888307121,-0.1376057400159465
39.87000000000064,0.896704504957404,-3.469012872469066e-12,-0.8766111888307184,-0.13760574001594644
39.880000000000635,0.8967045049573982,-3.4645010542444913e-12,-0.8766111888307242,-0.1376057400159464
39.89000000000063,0.8967045049573922,-3.459990490896764e-12,-0.8766111888307304,-0.13760574001594636
39.90000000000063,0.8967045049573862,-3.455474834230735e-12,-0.8766111888307369,-0.13760574001594633
39.91000000000063,0.8967045049573803,-3.4509535275316614e-12,-0.8766111888307428,-0.1376057400159463
39.92000000000063,0.8967045049573742,-3.4464229436348204e-12,-0.8766111888307496,-0.1376057400159463
39.930000000000625,0.8967045049573683,-3.4418808857362688e-12,-0.8766111888307555,-0.13760574001594625
39.94000000000062,0.8967045049573624,-3.4373472237007486e-12,-0.8766111888307613,-0.1376057400159462
39.95000000000062,0.8967045049573565,-3.43282422963337e-12,-0.8766111888307674,-0.13760574001594614
39.96000000000062,0.8967045049573507,-3.428293790208995e-12,-0.8766111888307734,-0.13760574001594608
39.97000000000062,0.8967045049573449,-3.423770852829341e-12,-0.8766111888307793,-0.13760574001594603
39.980000000000615,0.896704504957339,-3.4192625406277645e-12,-0.8766111888307849,-0.13760574001594597
39.99000000000061,0.8967045049573332,-3.4147628363031717e-12,-0.876611188830791,-0.13760574001594594
40.00000000000061,0.8967045049573275,-3.41027140188747e-12,-0.8766111888307966,-0.13760574001594586
40.01000000000061,0.8967045049573216,-3.4057845521242728e-12,-0.8766111888308028,-0.13760574001594583
40.02000000000061,0.8967045049573158,-3.4012934401256574e-12,-0.8766111888308088,-0.13760574001594578
40.030000000000605,0.8967045049573099,-3.3968101183161343e-12,-0.8766111888308147,-0.13760574001594578
40.0400000000006,0.896704504957304,-3.3923214958334794e-12,-0.8766111888308211,-0.13760574001594578
40.0500000000006,0.8967045049572981,-3.3878282470837213e-12,-0.876611188830827,-0.13760574001594572
40.0600000000006,0.8967045049572925,-3.3833397587607727e-12,-0.8766111888308329,-0.13760574001594564
40.0700000000006,0.8967045049572866,-3.378861452124206e-12,-0.8766111888308384,-0.13760574001594558
40.080000000000595,0.8967045049572808,-3.3743984231255127e-12,-0.8766111888308444,-0.13760574001594555
40.09000000000059,0.8967045049572749,-3.369930307044726e-12,-0.8766111888308503,-0.1376057400159455
40.10000000000059,0.8967045049572692,-3.365469205334095e-12,-0.8766111888308565,-0.13760574001594547
40.11000000000059,0.8967045049572633,-3.3610095960632897e-12,-0.8766111888308624,-0.13760574001594542
40.12000000000059,0.8967045049572574,-3.356559642202725e-12,-0.8766111888308682,-0.13760574001594536
40.130000000000585,0.8967045049572517,-3.352120716610565e-12,-0.8766111888308735,-0.13760574001594528
40.14000000000058,0.8967045049572459,-3.347705121591925e-12,-0.8766111888308792,-0.1376057400159452
40.15000000000058,0.8967045049572402,-3.3432979286004293e-12,-0.8766111888308848,-0.1376057400159451
40.16000000000058,0.8967045049572344,-3.338905522882792e-12,-0.8766111888308903,-0.13760574001594503
40.17000000000058,0.8967045049572288,-3.334524531274158e-12,-0.8766111888308963,-0.13760574001594494
40.180000000000575,0.896704504957223,-3.3301613692141576e-12,-0.8766111888309014,-0.13760574001594486
40.19000000000057,0.8967045049572172,-3.325815946186174e-12,-0.876611188830907,-0.13760574001594478
40.20000000000057,0.8967045049572115,-3.321482874626249e-12,-0.8766111888309126,-0.13760574001594467
40.21000000000057,0.8967045049572059,-3.317158484589116e-12,-0.8766111888309179,-0.13760574001594458
40.22000000000057,0.8967045049572003,-3.312855503492411e-12,-0.8766111888309231,-0.13760574001594447
40.230000000000565,0.8967045049571946,-3.3085709494726696e-12,-0.8766111888309293,-0.13760574001594444
40.24000000000056,0.896704504957189,-3.3042853081444837e-12,-0.8766111888309345,-0.13760574001594436
40.25000000000056,0.8967045049571833,-3.3000020798117953e-12,-0.8766111888309404,-0.13760574001594428
40.26000000000056,0.8967045049571778,-3.2957187633322456e-12,-0.8766111888309456,-0.1376057400159442
40.27000000000056,0.8967045049571722,-3.2914566050194534e-12,-0.8766111888309511,-0.13760574001594414
40.280000000000555,0.8967045049571667,-3.287199869855152e-12,-0.8766111888309563,-0.13760574001594406
40.29000000000055,0.8967045049571613,-3.282961693073636e-12,-0.8766111888309617,-0.137605740015944
40.30000000000055,0.8967045049571556,-3.2787286130686722e-12,-0.8766111888309676,-0.13760574001594397
40.31000000000055,0.89670450495715,-3.2744864883056393e-12,-0.8766111888309731,-0.13760574001594392
40.32000000000055,0.8967045049571444,-3.2702442825467727e-12,-0.8766111888309791,-0.1376057400159439
40.330000000000545,0.8967045049571389,-3.265999510994135e-12,-0.8766111888309847,-0.13760574001594383
40.34000000000054,0.8967045049571333,-3.2617498981045587e-12,-0.8766111888309904,-0.1376057400159438
40.35000000000054,0.8967045049571278,-3.257503163572711e-12,-0.8766111888309961,-0.13760574001594375
40.36000000000054,0.8967045049571222,-3.253254728204888e-12,-0.8766111888310022,-0.13760574001594375
40.37000000000054,0.8967045049571166,-3.2489935329406934e-12,-0.8766111888310082,-0.13760574001594375
40.380000000000535,0.896704504957111,-3.2447219934184715e-12,-0.876611188831014,-0.13760574001594372
40.39000000000053,0.8967045049571054,-3.2404556709048938e-12,-0.8766111888310197,-0.1376057400159437
40.40000000000053,0.8967045049570997,-3.2361841672840686e-12,-0.8766111888310256,-0.13760574001594364
40.41000000000053,0.8967045049570943,-3.2319155691936458e-12,-0.876611188831031,-0.13760574001594358
40.42000000000053,0.8967045049570888,-3.2276540920279053e-12,-0.8766111888310366,-0.13760574001594353
40.430000000000526,0.8967045049570833,-3.2233939209391825e-12,-0.8766111888310424,-0.13760574001594347
40.44000000000052,0.8967045049570778,-3.219141268664247e-12,-0.8766111888310473,-0.1376057400159434
40.45000000000052,0.8967045049570721,-3.2149058564814053e-12,-0.8766111888310536,-0.1376057400159434
40.46000000000052,0.8967045049570666,-3.2106579180074662e-12,-0.8766111888310593,-0.13760574001594336
40.47000000000052,0.896704504957061,-3.206407505087462e-12,-0.876611188831065,-0.13760574001594328
40.480000000000516,0.8967045049570556,-3.202169198656772e-12,-0.8766111888310704,-0.13760574001594322
40.490000000000514,0.89670450495705,-3.1979365118366335e-12,-0.876611188831076,-0.13760574001594317
40.50000000000051,0.8967045049570446,-3.1937137019261913e-12,-0.8766111888310812,-0.13760574001594308
40.51000000000051,0.896704504957039,-3.189510989643735e-12,-0.876611188831087,-0.137605740015943
40.52000000000051,0.8967045049570337,-3.1853205507266268e-12,-0.8766111888310919,-0.13760574001594292
40.530000000000506,0.8967045049570282,-3.181150181091684e-12,-0.8766111888310969,-0.1376057400159428
40.540000000000504,0.8967045049570228,-3.1769978233506885e-12,-0.8766111888311026,-0.13760574001594278
40.5500000000005,0.8967045049570173,-3.172846818403053e-12,-0.8766111888311081,-0.13760574001594272
40.5600000000005,0.8967045049570119,-3.1686906223576e-12,-0.8766111888311136,-0.13760574001594264
40.5700000000005,0.8967045049570064,-3.1645474255730993e-12,-0.876611188831119,-0.13760574001594258
40.580000000000496,0.8967045049570008,-3.1604133928644547e-12,-0.8766111888311243,-0.1376057400159425
40.590000000000494,0.8967045049569954,-3.156289832593123e-12,-0.8766111888311298,-0.13760574001594245
40.60000000000049,0.89670450495699,-3.1521727848128863e-12,-0.8766111888311348,-0.13760574001594233
40.61000000000049,0.8967045049569846,-3.1480710686338723e-12,-0.8766111888311401,-0.13760574001594225
40.62000000000049,0.8967045049569792,-3.143990821432008e-12,-0.8766111888311452,-0.13760574001594217
40.630000000000486,0.8967045049569737,-3.139918816830895e-12,-0.8766111888311507,-0.13760574001594209
40.640000000000484,0.8967045049569683,-3.1358484572209516e-12,-0.876611188831156,-0.137605740015942
40.65000000000048,0.896704504956963,-3.1317911049627135e-12,-0.8766111888311614,-0.1376057400159419
40.66000000000048,0.8967045049569575,-3.1277512902120633e-12,-0.876611188831166,-0.1376057400159418
40.67000000000048,0.8967045049569522,-3.1237313209499024e-12,-0.8766111888311708,-0.1376057400159417
40.680000000000476,0.8967045049569469,-3.1197254015314185e-12,-0.876611188831176,-0.13760574001594159
40.690000000000474,0.8967045049569417,-3.1157281020256028e-12,-0.8766111888311807,-0.13760574001594147
40.70000000000047,0.8967045049569363,-3.1117532985893366e-12,-0.8766111888311863,-0.13760574001594142
40.71000000000047,0.8967045049569311,-3.1077710397109423e-12,-0.876611188831191,-0.13760574001594136
40.72000000000047,0.8967045049569258,-3.103798603607068e-12,-0.8766111888311968,-0.1376057400159413
40.730000000000466,0.8967045049569204,-3.0998216109555602e-12,-0.8766111888312019,-0.13760574001594122
40.740000000000464,0.8967045049569153,-3.0958510407341108e-12,-0.8766111888312071,-0.13760574001594117
40.75000000000046,0.8967045049569101,-3.0918823367528116e-12,-0.876611188831212,-0.13760574001594109
40.76000000000046,0.8967045049569048,-3.087916964443766e-12,-0.876611188831218,-0.1376057400159411
40.77000000000046,0.8967045049568996,-3.0839356537367923e-12,-0.8766111888312228,-0.13760574001594103
40.780000000000456,0.8967045049568945,-3.0799599811314255e-12,-0.8766111888312283,-0.137605740015941
40.790000000000454,0.8967045049568891,-3.075970724913363e-12,-0.8766111888312337,-0.13760574001594097
40.80000000000045,0.896704504956884,-3.0719812845069543e-12,-0.8766111888312391,-0.13760574001594095
40.81000000000045,0.8967045049568788,-3.0679844944116435e-12,-0.8766111888312444,-0.13760574001594092
40.82000000000045,0.8967045049568737,-3.0639855090640125e-12,-0.8766111888312501,-0.13760574001594092
40.830000000000446,0.8967045049568685,-3.0599790087971065e-12,-0.8766111888312554,-0.1376057400159409
40.840000000000444,0.8967045049568634,-3.055974469934767e-12,-0.8766111888312607,-0.13760574001594086
40.85000000000044,0.8967045049568582,-3.0519586080594237e-12,-0.8766111888312665,-0.13760574001594086
40.86000000000044,0.896704504956853,-3.047934125772353e-12,-0.876611188831272,-0.13760574001594084
40.87000000000044,0.896704504956848,-3.0439082215358955e-12,-0.8766111888312775,-0.13760574001594084
40.880000000000436,0.8967045049568427,-3.0398736392064495e-12,-0.8766111888312832,-0.13760574001594086
40.890000000000434,0.8967045049568375,-3.0358322781165666e-12,-0.8766111888312887,-0.1376057400159409
40.90000000000043,0.8967045049568323,-3.031775796282326e-12,-0.8766111888312944,-0.1376057400159409
40.91000000000043,0.8967045049568271,-3.0277119444497107e-12,-0.8766111888313003,-0.1376057400159409
40.92000000000043,0.8967045049568219,-3.0236318817315065e-12,-0.8766111888313057,-0.1376057400159409
40.930000000000426,0.8967045049568166,-3.0195519644739223e-12,-0.8766111888313115,-0.1376057400159409
40.940000000000424,0.8967045049568114,-3.015470143492513e-12,-0.876611188831317,-0.1376057400159409
40.95000000000042,0.8967045049568062,-3.0113899241665757e-12,-0.8766111888313224,-0.13760574001594086
40.96000000000042,0.8967045049568011,-3.007321263423981e-12,-0.8766111888313279,-0.13760574001594084
40.97000000000042,0.8967045049567959,-3.0032518247656797e-12,-0.8766111888313333,-0.1376057400159408
40.980000000000416,0.8967045049567908,-2.9991864706360785e-12,-0.8766111888313386,-0.13760574001594075
40.990000000000414,0.8967045049567856,-2.9951370991101916e-12,-0.8766111888313439,-0.1376057400159407
41.00000000000041,0.8967045049567804,-2.9910992996013737e-12,-0.8766111888313489,-0.13760574001594067
41.01000000000041,0.8967045049567753,-2.9870803453047722e-12,-0.8766111888313538,-0.13760574001594056
41.02000000000041,0.8967045049567703,-2.983083751548703e-12,-0.8766111888313586,-0.1376057400159405
41.030000000000406,0.8967045049567651,-2.9791106353436534e-12,-0.8766111888313638,-0.13760574001594045
41.040000000000404,0.89670450495676,-2.975140760200392e-12,-0.8766111888313691,-0.13760574001594042
41.0500000000004,0.8967045049567548,-2.971174427355301e-12,-0.8766111888313745,-0.13760574001594036
41.0600000000004,0.8967045049567498,-2.967222344491119e-12,-0.8766111888313789,-0.13760574001594025
41.0700000000004,0.8967045049567447,-2.963295009084954e-12,-0.8766111888313839,-0.1376057400159402
41.080000000000396,0.8967045049567396,-2.9593678332492942e-12,-0.8766111888313893,-0.13760574001594017
41.090000000000394,0.8967045049567344,-2.955449680362123e-12,-0.8766111888313948,-0.1376057400159401
41.10000000000039,0.8967045049567293,-2.9515454520005154e-12,-0.8766111888313999,-0.13760574001594006
41.11000000000039,0.896704504956724,-2.9476420888631025e-12,-0.8766111888314048,-0.13760574001593998
41.12000000000039,0.896704504956719,-2.943759122668178e-12,-0.8766111888314095,-0.13760574001593986
41.130000000000386,0.8967045049567139,-2.9398944213515842e-12,-0.8766111888314144,-0.1376057400159398
41.140000000000384,0.8967045049567087,-2.936039193352112e-12,-0.8766111888314196,-0.13760574001593973
41.15000000000038,0.8967045049567037,-2.9321932853885376e-12,-0.8766111888314245,-0.13760574001593967
41.16000000000038,0.8967045049566986,-2.9283510883055386e-12,-0.8766111888314295,-0.13760574001593956
41.17000000000038,0.8967045049566937,-2.924533150200175e-12,-0.8766111888314336,-0.13760574001593945
41.180000000000376,0.8967045049566886,-2.9207434963361524e-12,-0.8766111888314383,-0.13760574001593937
41.190000000000374,0.8967045049566836,-2.916963659169597e-12,-0.8766111888314432,-0.13760574001593925
41.20000000000037,0.8967045049566785,-2.9131964013703476e-12,-0.8766111888314482,-0.13760574001593917
41.21000000000037,0.8967045049566736,-2.9094337924327844e-12,-0.8766111888314525,-0.13760574001593906
41.22000000000037,0.8967045049566685,-2.905688929060716e-12,-0.8766111888314576,-0.13760574001593895
41.230000000000366,0.8967045049566638,-2.9019649352521237e-12,-0.8766111888314617,-0.13760574001593884
41.240000000000364,0.8967045049566588,-2.898256513691613e-12,-0.8766111888314664,-0.13760574001593875
41.25000000000036,0.8967045049566539,-2.8945528289866576e-12,-0.8766111888314717,-0.1376057400159387
41.26000000000036,0.8967045049566488,-2.8908419760943238e-12,-0.8766111888314768,-0.13760574001593864
41.27000000000036,0.8967045049566439,-2.887130610107768e-12,-0.8766111888314814,-0.1376057400159386
41.280000000000356,0.896704504956639,-2.8834288093802557e-12,-0.876611188831486,-0.13760574001593848
41.290000000000354,0.8967045049566342,-2.879744276542962e-12,-0.8766111888314906,-0.1376057400159384
41.30000000000035,0.8967045049566293,-2.8760740465010472e-12,-0.8766111888314951,-0.13760574001593834
41.31000000000035,0.8967045049566245,-2.8724024580670268e-12,-0.8766111888315002,-0.13760574001593828
41.32000000000035,0.8967045049566196,-2.8687241605002e-12,-0.8766111888315051,-0.13760574001593825
41.33000000000035,0.8967045049566148,-2.8650522976331203e-12,-0.8766111888315099,-0.1376057400159382
41.340000000000344,0.8967045049566099,-2.8613774605419543e-12,-0.876611188831515,-0.13760574001593817
41.35000000000034,0.8967045049566051,-2.8577001388353695e-12,-0.8766111888315198,-0.13760574001593812
41.36000000000034,0.8967045049566003,-2.8540184485028555e-12,-0.8766111888315248,-0.13760574001593812
41.37000000000034,0.8967045049565955,-2.8503262965348196e-12,-0.8766111888315298,-0.1376057400159381
41.38000000000034,0.8967045049565907,-2.8466269669915405e-12,-0.876611188831535,-0.13760574001593806
41.390000000000335,0.8967045049565858,-2.8429267333062383e-12,-0.8766111888315402,-0.13760574001593806
41.40000000000033,0.896704504956581,-2.839208264088102e-12,-0.8766111888315453,-0.13760574001593806
41.41000000000033,0.8967045049565762,-2.835488753649427e-12,-0.8766111888315502,-0.13760574001593803
41.42000000000033,0.8967045049565714,-2.831767550593003e-12,-0.8766111888315556,-0.13760574001593803
41.43000000000033,0.8967045049565665,-2.828041732033021e-12,-0.8766111888315604,-0.137605740015938
41.440000000000325,0.8967045049565617,-2.824308735470946e-12,-0.8766111888315659,-0.137605740015938
41.45000000000032,0.8967045049565568,-2.820560381014255e-12,-0.8766111888315712,-0.137605740015938
41.46000000000032,0.896704504956552,-2.816809393815752e-12,-0.8766111888315763,-0.13760574001593798
41.47000000000032,0.8967045049565471,-2.8130515436125466e-12,-0.8766111888315815,-0.13760574001593798
41.48000000000032,0.8967045049565421,-2.8092922278362174e-12,-0.8766111888315868,-0.13760574001593795
41.490000000000315,0.8967045049565373,-2.805528804067276e-12,-0.8766111888315917,-0.1376057400159379
41.50000000000031,0.8967045049565324,-2.801779708613254e-12,-0.8766111888315969,-0.13760574001593787
41.51000000000031,0.8967045049565276,-2.7980304106607253e-12,-0.8766111888316016,-0.1376057400159378
41.52000000000031,0.8967045049565229,-2.7942976848747713e-12,-0.8766111888316062,-0.13760574001593776
41.53000000000031,0.8967045049565181,-2.790575907728278e-12,-0.876611188831611,-0.1376057400159377
41.540000000000305,0.8967045049565133,-2.7868722444491636e-12,-0.8766111888316158,-0.13760574001593764
41.5500000000003,0.8967045049565086,-2.783185636336584e-12,-0.8766111888316203,-0.13760574001593753
41.5600000000003,0.8967045049565039,-2.7795133423251162e-12,-0.8766111888316248,-0.13760574001593748
41.5700000000003,0.8967045049564991,-2.775850039878588e-12,-0.8766111888316295,-0.13760574001593745
41.5800000000003,0.8967045049564945,-2.77219283042276e-12,-0.8766111888316342,-0.1376057400159374
41.590000000000295,0.8967045049564897,-2.768551905848884e-12,-0.8766111888316387,-0.13760574001593737
41.60000000000029,0.8967045049564849,-2.7649142480449088e-12,-0.876611188831644,-0.13760574001593734
41.61000000000029,0.89670450495648,-2.7612744759532026e-12,-0.876611188831649,-0.1376057400159373
41.62000000000029,0.8967045049564754,-2.7576320413654996e-12,-0.8766111888316535,-0.13760574001593723
41.63000000000029,0.8967045049564705,-2.7540038654161626e-12,-0.8766111888316584,-0.13760574001593717
41.640000000000285,0.8967045049564657,-2.750377688054484e-12,-0.8766111888316632,-0.13760574001593712
41.65000000000028,0.8967045049564609,-2.7467631259405586e-12,-0.8766111888316677,-0.13760574001593706
41.66000000000028,0.8967045049564563,-2.743160854164781e-12,-0.8766111888316723,-0.13760574001593698
41.67000000000028,0.8967045049564514,-2.739569313735473e-12,-0.8766111888316772,-0.13760574001593692
41.68000000000028,0.8967045049564467,-2.735982790067766e-12,-0.8766111888316815,-0.13760574001593687
41.690000000000275,0.8967045049564419,-2.73240973808707e-12,-0.8766111888316866,-0.1376057400159368
41.70000000000027,0.8967045049564372,-2.728839928737572e-12,-0.8766111888316912,-0.13760574001593673
41.71000000000027,0.8967045049564326,-2.7252837189845427e-12,-0.8766111888316953,-0.13760574001593665
41.72000000000027,0.8967045049564278,-2.7217492540037563e-12,-0.8766111888316998,-0.13760574001593656
41.73000000000027,0.8967045049564233,-2.7182274634878867e-12,-0.8766111888317039,-0.13760574001593645
41.740000000000265,0.8967045049564186,-2.7147290572273564e-12,-0.8766111888317083,-0.13760574001593637
41.75000000000026,0.8967045049564141,-2.7112329288164587e-12,-0.8766111888317122,-0.13760574001593623
41.76000000000026,0.8967045049564094,-2.707769749592226e-12,-0.8766111888317166,-0.13760574001593617
41.77000000000026,0.8967045049564047,-2.7043098298336397e-12,-0.8766111888317216,-0.13760574001593615
41.78000000000026,0.8967045049564001,-2.7008422782453443e-12,-0.8766111888317262,-0.13760574001593612
41.790000000000255,0.8967045049563955,-2.6973652241664135e-12,-0.8766111888317308,-0.13760574001593606
41.80000000000025,0.8967045049563909,-2.6938927159891305e-12,-0.8766111888317354,-0.13760574001593595
41.81000000000025,0.8967045049563863,-2.6904287494721986e-12,-0.8766111888317398,-0.1376057400159359
41.82000000000025,0.8967045049563817,-2.6869689789753012e-12,-0.8766111888317444,-0.1376057400159358
41.83000000000025,0.8967045049563772,-2.683515588786588e-12,-0.8766111888317487,-0.13760574001593573
41.840000000000245,0.8967045049563726,-2.680075144743771e-12,-0.8766111888317532,-0.1376057400159357
41.85000000000024,0.896704504956368,-2.6766374177457524e-12,-0.8766111888317579,-0.13760574001593567
41.86000000000024,0.8967045049563634,-2.67318484369291e-12,-0.8766111888317628,-0.13760574001593565
41.87000000000024,0.8967045049563589,-2.669729866747457e-12,-0.876611188831767,-0.13760574001593556
41.88000000000024,0.8967045049563545,-2.6662823270204742e-12,-0.8766111888317716,-0.13760574001593553
41.890000000000235,0.8967045049563499,-2.66283761674126e-12,-0.876611188831776,-0.13760574001593548
41.90000000000023,0.8967045049563455,-2.65938905580045e-12,-0.8766111888317809,-0.13760574001593545
41.91000000000023,0.8967045049563407,-2.655942542921029e-12,-0.876611188831786,-0.13760574001593545
41.92000000000023,0.8967045049563361,-2.652480376095174e-12,-0.8766111888317906,-0.13760574001593542
41.93000000000023,0.8967045049563317,-2.64901512404116e-12,-0.8766111888317949,-0.1376057400159354
41.940000000000225,0.896704504956327,-2.6455527083269232e-12,-0.8766111888318,-0.1376057400159354
41.95000000000022,0.8967045049563226,-2.6420725064922297e-12,-0.8766111888318047,-0.13760574001593534
41.96000000000022,0.896704504956318,-2.6385979638182405e-12,-0.876611188831809,-0.13760574001593529
41.97000000000022,0.8967045049563136,-2.635132144246991e-12,-0.8766111888318133,-0.13760574001593526
41.98000000000022,0.896704504956309,-2.631682607639319e-12,-0.8766111888318182,-0.13760574001593523
41.990000000000215,0.8967045049563047,-2.6282294390321187e-12,-0.8766111888318227,-0.13760574001593517
42.00000000000021,0.8967045049563003,-2.624784037046078e-12,-0.8766111888318274,-0.13760574001593517
42.01000000000021,0.8967045049562957,-2.6213230232424635e-12,-0.8766111888318323,-0.13760574001593515
42.02000000000021,0.8967045049562912,-2.617862050201897e-12,-0.8766111888318372,-0.13760574001593515
42.03000000000021,0.8967045049562867,-2.614397978486597e-12,-0.8766111888318415,-0.1376057400159351
42.040000000000205,0.8967045049562823,-2.6109360042675636e-12,-0.8766111888318463,-0.13760574001593512
42.0500000000002,0.896704504956278,-2.6074778268481385e-12,-0.8766111888318505,-0.13760574001593506
42.0600000000002,0.8967045049562735,-2.6040249855230845e-12,-0.8766111888318551,-0.13760574001593504
42.0700000000002,0.896704504956269,-2.6005679354553066e-12,-0.87661118883186,-0.13760574001593504
42.0800000000002,0.8967045049562645,-2.597105760903747e-12,-0.8766111888318645,-0.137605740015935
42.090000000000195,0.8967045049562601,-2.59365173587769e-12,-0.876611188831869,-0.13760574001593498
42.10000000000019,0.8967045049562556,-2.59019913785564e-12,-0.8766111888318739,-0.13760574001593495
42.11000000000019,0.8967045049562512,-2.5867496783252114e-12,-0.876611188831878,-0.1376057400159349
42.12000000000019,0.8967045049562468,-2.5833120000919933e-12,-0.8766111888318826,-0.13760574001593487
42.13000000000019,0.8967045049562422,-2.57987500196059e-12,-0.8766111888318873,-0.1376057400159348
42.140000000000185,0.8967045049562378,-2.5764444469623323e-12,-0.8766111888318919,-0.13760574001593479
42.15000000000018,0.8967045049562333,-2.573011967701117e-12,-0.8766111888318961,-0.13760574001593476
42.16000000000018,0.896704504956229,-2.5695879150941666e-12,-0.876611188831901,-0.1376057400159347
42.17000000000018,0.8967045049562247,-2.566167782499987e-12,-0.876611188831905,-0.13760574001593467
42.18000000000018,0.8967045049562202,-2.562764769895002e-12,-0.8766111888319095,-0.1376057400159346
42.190000000000175,0.8967045049562159,-2.5593688564274114e-12,-0.8766111888319141,-0.13760574001593456
42.20000000000017,0.8967045049562116,-2.555979366805425e-12,-0.8766111888319181,-0.1376057400159345
42.21000000000017,0.8967045049562072,-2.5526070747511288e-12,-0.8766111888319225,-0.13760574001593445
42.22000000000017,0.8967045049562029,-2.5492358284544256e-12,-0.876611188831927,-0.1376057400159344
42.23000000000017,0.8967045049561985,-2.5458580061562896e-12,-0.8766111888319318,-0.1376057400159344
42.240000000000165,0.8967045049561941,-2.542486066698895e-12,-0.876611188831936,-0.13760574001593434
42.25000000000016,0.8967045049561897,-2.539127907575467e-12,-0.8766111888319404,-0.1376057400159343
42.26000000000016,0.8967045049561853,-2.535769868510264e-12,-0.8766111888319452,-0.1376057400159343
42.27000000000016,0.8967045049561807,-2.5324038622532746e-12,-0.8766111888319498,-0.13760574001593429
42.28000000000016,0.8967045049561764,-2.5290333394372478e-12,-0.8766111888319542,-0.1376057400159342
42.290000000000155,0.896704504956172,-2.5256720608584008e-12,-0.8766111888319584,-0.13760574001593415
42.30000000000015,0.8967045049561676,-2.522315475138629e-12,-0.8766111888319633,-0.13760574001593412
42.31000000000015,0.8967045049561633,-2.5189739602244374e-12,-0.8766111888319672,-0.13760574001593404
42.32000000000015,0.8967045049561588,-2.5156497748051864e-12,-0.8766111888319712,-0.13760574001593395
42.33000000000015,0.8967045049561545,-2.512338363771632e-12,-0.8766111888319755,-0.13760574001593387
42.340000000000146,0.8967045049561502,-2.509042204122866e-12,-0.8766111888319795,-0.1376057400159338
42.35000000000014,0.896704504956146,-2.5057590087153614e-12,-0.8766111888319834,-0.13760574001593368
42.36000000000014,0.8967045049561416,-2.5024999745090448e-12,-0.8766111888319879,-0.13760574001593365
42.37000000000014,0.8967045049561374,-2.499237860501462e-12,-0.876611188831992,-0.13760574001593356
42.38000000000014,0.8967045049561332,-2.495988352985254e-12,-0.876611188831996,-0.1376057400159335
42.390000000000136,0.8967045049561289,-2.49274945817588e-12,-0.8766111888320001,-0.13760574001593343
42.400000000000134,0.8967045049561246,-2.4895188445991603e-12,-0.8766111888320045,-0.13760574001593337
42.41000000000013,0.8967045049561203,-2.4862942137351256e-12,-0.8766111888320085,-0.13760574001593331
42.42000000000013,0.8967045049561161,-2.4830777106046152e-12,-0.8766111888320128,-0.13760574001593326
42.43000000000013,0.8967045049561118,-2.4798658126576175e-12,-0.8766111888320172,-0.1376057400159332
42.440000000000126,0.8967045049561075,-2.4766499636395264e-12,-0.8766111888320212,-0.13760574001593315
42.450000000000124,0.8967045049561033,-2.4734411292689215e-12,-0.8766111888320252,-0.13760574001593306
42.46000000000012,0.896704504956099,-2.470241061339896e-12,-0.8766111888320293,-0.137605740015933
42.47000000000012,0.8967045049560949,-2.4670474622069626e-12,-0.8766111888320335,-0.13760574001593293
42.48000000000012,0.8967045049560907,-2.4638629849792766e-12,-0.8766111888320374,-0.13760574001593284
42.490000000000116,0.8967045049560864,-2.460690429660925e-12,-0.8766111888320416,-0.13760574001593281
42.500000000000114,0.8967045049560822,-2.4575059426904434e-12,-0.8766111888320461,-0.13760574001593276
42.51000000000011,0.8967045049560781,-2.4543342087964916e-12,-0.87661118883205,-0.1376057400159327
42.52000000000011,0.896704504956074,-2.4511621494673133e-12,-0.8766111888320544,-0.13760574001593268
42.53000000000011,0.8967045049560697,-2.447987951400747e-12,-0.8766111888320586,-0.13760574001593265
42.540000000000106,0.8967045049560655,-2.4448107681498488e-12,-0.8766111888320632,-0.13760574001593262
42.550000000000104,0.8967045049560612,-2.441630779721734e-12,-0.8766111888320675,-0.13760574001593256
42.5600000000001,0.8967045049560571,-2.4384463336280777e-12,-0.8766111888320715,-0.1376057400159325
42.5700000000001,0.896704504956053,-2.435277336263615e-12,-0.8766111888320757,-0.13760574001593248
42.5800000000001,0.8967045049560488,-2.4321054307913665e-12,-0.8766111888320797,-0.13760574001593245
42.590000000000096,0.8967045049560448,-2.4289438485873796e-12,-0.8766111888320833,-0.13760574001593237
42.600000000000094,0.8967045049560406,-2.425803235914758e-12,-0.8766111888320873,-0.13760574001593232
42.61000000000009,0.8967045049560365,-2.422660554016493e-12,-0.8766111888320918,-0.1376057400159323
42.62000000000009,0.8967045049560324,-2.419512669695281e-12,-0.876611188832096,-0.13760574001593223
42.63000000000009,0.8967045049560282,-2.4163697408306536e-12,-0.8766111888321004,-0.1376057400159322
42.640000000000086,0.896704504956024,-2.413216969391374e-12,-0.8766111888321048,-0.13760574001593218
42.650000000000084,0.8967045049560198,-2.4100618313795075e-12,-0.8766111888321089,-0.13760574001593215
42.66000000000008,0.8967045049560157,-2.4069131337743394e-12,-0.8766111888321131,-0.13760574001593212
42.67000000000008,0.8967045049560116,-2.4037667112635194e-12,-0.8766111888321174,-0.1376057400159321
42.68000000000008,0.8967045049560075,-2.4006181897670166e-12,-0.8766111888321214,-0.13760574001593204
42.690000000000076,0.8967045049560035,-2.397476053151688e-12,-0.8766111888321254,-0.13760574001593198
42.700000000000074,0.8967045049559993,-2.3943446971707325e-12,-0.8766111888321295,-0.13760574001593195
42.71000000000007,0.8967045049559953,-2.391216194870667e-12,-0.8766111888321338,-0.1376057400159319
42.72000000000007,0.8967045049559913,-2.388087848041702e-12,-0.8766111888321378,-0.13760574001593184
42.73000000000007,0.8967045049559872,-2.3849681962008813e-12,-0.8766111888321418,-0.1376057400159318
42.740000000000066,0.8967045049559832,-2.381857802800773e-12,-0.8766111888321458,-0.13760574001593176
42.750000000000064,0.8967045049559791,-2.3787452232974375e-12,-0.8766111888321505,-0.13760574001593176
42.76000000000006,0.896704504955975,-2.3756271846976147e-12,-0.8766111888321542,-0.1376057400159317
42.77000000000006,0.896704504955971,-2.372517586611729e-12,-0.8766111888321584,-0.13760574001593168
42.78000000000006,0.8967045049559668,-2.3694018751178957e-12,-0.8766111888321627,-0.13760574001593162
42.790000000000056,0.8967045049559628,-2.366287384773745e-12,-0.876611188832167,-0.1376057400159316
42.800000000000054,0.8967045049559588,-2.3631766053537925e-12,-0.8766111888321708,-0.13760574001593157
42.81000000000005,0.8967045049559547,-2.3600768202395767e-12,-0.8766111888321748,-0.1376057400159315
42.82000000000005,0.8967045049559507,-2.356987004947679e-12,-0.8766111888321787,-0.13760574001593145
42.83000000000005,0.8967045049559466,-2.3538978012539535e-12,-0.8766111888321826,-0.1376057400159314
42.840000000000046,0.8967045049559426,-2.350816725278442e-12,-0.876611188832187,-0.13760574001593134
42.850000000000044,0.8967045049559386,-2.3477379943560803e-12,-0.876611188832191,-0.1376057400159313
42.86000000000004,0.8967045049559345,-2.344662119048489e-12,-0.876611188832195,-0.13760574001593126
42.87000000000004,0.8967045049559306,-2.34158847959201e-12,-0.8766111888321988,-0.1376057400159312
42.88000000000004,0.8967045049559265,-2.3385289078047002e-12,-0.8766111888322027,-0.13760574001593115
42.890000000000036,0.8967045049559225,-2.3354672264557344e-12,-0.8766111888322069,-0.1376057400159311
42.900000000000034,0.8967045049559185,-2.332420866778003e-12,-0.8766111888322109,-0.13760574001593107
42.91000000000003,0.8967045049559144,-2.3293795110194703e-12,-0.8766111888322152,-0.13760574001593104
42.92000000000003,0.8967045049559105,-2.3263421582871344e-12,-0.8766111888322187,-0.13760574001593096
42.93000000000003,0.8967045049559064,-2.3233165983101834e-12,-0.8766111888322228,-0.1376057400159309
42.940000000000026,0.8967045049559025,-2.320293724865711e-12,-0.8766111888322263,-0.13760574001593082
42.950000000000024,0.8967045049558985,-2.3172881285472116e-12,-0.8766111888322303,-0.13760574001593076
42.96000000000002,0.8967045049558944,-2.3142883577951228e-12,-0.8766111888322343,-0.1376057400159307
42.97000000000002,0.8967045049558904,-2.31128319070189e-12,-0.8766111888322382,-0.13760574001593065
42.98000000000002,0.8967045049558864,-2.3082887315358106e-12,-0.8766111888322421,-0.13760574001593057
42.990000000000016,0.8967045049558825,-2.305304745169683e-12,-0.8766111888322459,-0.1376057400159305
43.000000000000014,0.8967045049558785,-2.302324950290624e-12,-0.8766111888322496,-0.13760574001593043
43.01000000000001,0.8967045049558746,-2.2993616559503287e-12,-0.8766111888322535,-0.13760574001593034
43.02000000000001,0.8967045049558707,-2.2964064322549332e-12,-0.876611188832257,-0.13760574001593026
43.03000000000001,0.8967045049558667,-2.2934665378818876e-12,-0.8766111888322607,-0.1376057400159302
43.040000000000006,0.8967045049558628,-2.2905267017887894e-12,-0.8766111888322645,-0.13760574001593012
43.050000000000004,0.896704504955859,-2.287596505311795e-12,-0.8766111888322681,-0.13760574001593004
43.06,0.8967045049558551,-2.2846730708483534e-12,-0.8766111888322716,-0.13760574001592998
43.07,0.8967045049558512,-2.281762605634953e-12,-0.8766111888322761,-0.13760574001592993
43.08,0.8967045049558473,-2.2788473685630253e-12,-0.8766111888322795,-0.13760574001592987
43.089999999999996,0.8967045049558435,-2.2759360631690936e-12,-0.8766111888322832,-0.13760574001592982
43.099999999999994,0.8967045049558396,-2.273033300022674e-12,-0.8766111888322867,-0.13760574001592976
43.10999999999999,0.8967045049558358,-2.270128610672729e-12,-0.8766111888322912,-0.13760574001592976
43.11999999999999,0.896704504955832,-2.2672206477527394e-12,-0.876611188832295,-0.1376057400159297
43.12999999999999,0.8967045049558281,-2.2643092045287408e-12,-0.8766111888322986,-0.1376057400159297
43.139999999999986,0.8967045049558242,-2.2613934834138044e-12,-0.8766111888323029,-0.13760574001592965
43.149999999999984,0.8967045049558203,-2.2584617181316175e-12,-0.8766111888323073,-0.13760574001592965
43.15999999999998,0.8967045049558164,-2.2555233466046267e-12,-0.8766111888323112,-0.1376057400159296
43.16999999999998,0.8967045049558126,-2.2525892525947175e-12,-0.8766111888323149,-0.1376057400159296
43.17999999999998,0.8967045049558088,-2.2496678270960046e-12,-0.8766111888323188,-0.13760574001592957
43.189999999999976,0.8967045049558049,-2.2467368544050187e-12,-0.8766111888323229,-0.13760574001592957
43.199999999999974,0.8967045049558011,-2.2438088321308224e-12,-0.876611188832327,-0.13760574001592954
43.20999999999997,0.8967045049557972,-2.240867562246283e-12,-0.8766111888323309,-0.1376057400159295
43.21999999999997,0.8967045049557933,-2.2379252814799544e-12,-0.8766111888323348,-0.13760574001592946
43.22999999999997,0.8967045049557896,-2.23498601100159e-12,-0.876611188832339,-0.13760574001592946
43.23999999999997,0.8967045049557857,-2.2320400480773522e-12,-0.876611188832343,-0.13760574001592943
43.249999999999964,0.896704504955782,-2.2291023089665546e-12,-0.8766111888323461,-0.13760574001592937
43.25999999999996,0.8967045049557782,-2.2261763848248596e-12,-0.87661118883235,-0.13760574001592935
43.26999999999996,0.8967045049557745,-2.2232549631068007e-12,-0.8766111888323537,-0.13760574001592932
43.27999999999996,0.8967045049557707,-2.220335318113189e-12,-0.8766111888323582,-0.1376057400159293
43.28999999999996,0.8967045049557669,-2.217408839043472e-12,-0.876611188832362,-0.1376057400159293
43.299999999999955,0.896704504955763,-2.214481648067955e-12,-0.8766111888323659,-0.13760574001592926
43.30999999999995,0.8967045049557593,-2.2115502219479696e-12,-0.8766111888323699,-0.13760574001592923
43.31999999999995,0.8967045049557554,-2.2086198082785906e-12,-0.876611188832374,-0.1376057400159292
43.32999999999995,0.8967045049557515,-2.2057021847777198e-12,-0.8766111888323775,-0.13760574001592918
43.33999999999995,0.8967045049557477,-2.2027851416057253e-12,-0.8766111888323815,-0.13760574001592912
43.349999999999945,0.8967045049557439,-2.1998692090765143e-12,-0.8766111888323854,-0.1376057400159291
43.35999999999994,0.8967045049557401,-2.1969584993626508e-12,-0.8766111888323895,-0.13760574001592907
43.36999999999994,0.8967045049557364,-2.1940516553738557e-12,-0.8766111888323929,-0.13760574001592898
43.37999999999994,0.8967045049557326,-2.1911568672740183e-12,-0.8766111888323966,-0.13760574001592893
43.38999999999994,0.896704504955729,-2.1882714911557465e-12,-0.8766111888324,-0.13760574001592887
43.399999999999935,0.8967045049557253,-2.1853989852003125e-12,-0.876611188832404,-0.13760574001592885
43.40999999999993,0.8967045049557215,-2.182526217506686e-12,-0.8766111888324077,-0.13760574001592882
43.41999999999993,0.8967045049557179,-2.1796616053818904e-12,-0.8766111888324114,-0.1376057400159288
43.42999999999993,0.8967045049557142,-2.17679280232198e-12,-0.8766111888324151,-0.1376057400159288
43.43999999999993,0.8967045049557104,-2.173926894785813e-12,-0.8766111888324191,-0.13760574001592876
43.449999999999925,0.8967045049557067,-2.1710630358811566e-12,-0.876611188832423,-0.13760574001592873
43.45999999999992,0.8967045049557031,-2.1681973312178533e-12,-0.8766111888324266,-0.1376057400159287
43.46999999999992,0.8967045049556993,-2.1653354242079745e-12,-0.8766111888324306,-0.13760574001592868
43.47999999999992,0.8967045049556956,-2.1624671833726783e-12,-0.876611188832434,-0.13760574001592862
43.48999999999992,0.896704504955692,-2.15961485019993e-12,-0.8766111888324382,-0.13760574001592862
43.499999999999915,0.8967045049556882,-2.156757742582797e-12,-0.8766111888324418,-0.1376057400159286
43.50999999999991,0.8967045049556845,-2.1539107127735787e-12,-0.8766111888324458,-0.1376057400159286
43.51999999999991,0.8967045049556808,-2.1510442700179975e-12,-0.8766111888324499,-0.13760574001592862
43.52999999999991,0.896704504955677,-2.148168725561414e-12,-0.8766111888324538,-0.13760574001592857
43.53999999999991,0.8967045049556733,-2.145305441563929e-12,-0.8766111888324576,-0.1376057400159285
43.549999999999905,0.8967045049556697,-2.142450724182294e-12,-0.8766111888324611,-0.13760574001592846
43.5599999999999,0.8967045049556659,-2.1395952498683595e-12,-0.8766111888324646,-0.13760574001592843
43.5699999999999,0.8967045049556623,-2.1367621296766707e-12,-0.8766111888324684,-0.13760574001592837
43.5799999999999,0.8967045049556586,-2.133940819694857e-12,-0.8766111888324722,-0.13760574001592837
43.5899999999999,0.8967045049556549,-2.131104739993995e-12,-0.8766111888324759,-0.13760574001592832
43.599999999999895,0.8967045049556513,-2.128275367169823e-12,-0.8766111888324795,-0.13760574001592826
43.60999999999989,0.8967045049556476,-2.1254511169708355e-12,-0.8766111888324835,-0.13760574001592824
43.61999999999989,0.8967045049556439,-2.1226311956578827e-12,-0.8766111888324872,-0.1376057400159282
43.62999999999989,0.8967045049556404,-2.1198115924279165e-12,-0.8766111888324907,-0.13760574001592815
43.63999999999989,0.8967045049556366,-2.1170058498265442e-12,-0.8766111888324941,-0.13760574001592815
43.649999999999885,0.8967045049556329,-2.114205592630693e-12,-0.876611188832498,-0.1376057400159281
43.65999999999988,0.8967045049556294,-2.1114096711340854e-12,-0.8766111888325018,-0.13760574001592804
43.66999999999988,0.8967045049556257,-2.1086231632163596e-12,-0.8766111888325052,-0.13760574001592799
43.67999999999988,0.8967045049556222,-2.105835652406305e-12,-0.8766111888325088,-0.13760574001592796
43.68999999999988,0.8967045049556185,-2.103056626130888e-12,-0.8766111888325125,-0.13760574001592793
43.699999999999875,0.8967045049556148,-2.1002840731013203e-12,-0.8766111888325161,-0.13760574001592787
43.70999999999987,0.8967045049556113,-2.0975145422330727e-12,-0.8766111888325199,-0.13760574001592782
43.71999999999987,0.8967045049556075,-2.0947525444212565e-12,-0.8766111888325238,-0.13760574001592776
43.72999999999987,0.8967045049556039,-2.0919975762330203e-12,-0.876611188832527,-0.1376057400159277
43.73999999999987,0.8967045049556004,-2.089247994661308e-12,-0.8766111888325304,-0.13760574001592765
43.749999999999865,0.8967045049555967,-2.0865110396838618e-12,-0.8766111888325339,-0.1376057400159276
43.75999999999986,0.8967045049555933,-2.0837812794679512e-12,-0.8766111888325372,-0.13760574001592749
43.76999999999986,0.8967045049555897,-2.081066591417492e-12,-0.8766111888325406,-0.13760574001592743
43.77999999999986,0.8967045049555862,-2.0783593742449894e-12,-0.8766111888325436,-0.13760574001592737
43.78999999999986,0.8967045049555827,-2.075677155655148e-12,-0.8766111888325472,-0.13760574001592732
43.799999999999855,0.8967045049555791,-2.072985078908308e-12,-0.8766111888325516,-0.13760574001592735
43.80999999999985,0.8967045049555754,-2.07027811963936e-12,-0.8766111888325551,-0.13760574001592732
43.81999999999985,0.896704504955572,-2.067565618323987e-12,-0.8766111888325583,-0.13760574001592726
43.82999999999985,0.8967045049555683,-2.0648644373778114e-12,-0.8766111888325621,-0.13760574001592718
43.83999999999985,0.8967045049555648,-2.0621751329010794e-12,-0.8766111888325657,-0.13760574001592715
43.849999999999845,0.8967045049555613,-2.0594831786394063e-12,-0.8766111888325687,-0.13760574001592707
43.85999999999984,0.8967045049555576,-2.0567992213063484e-12,-0.8766111888325728,-0.13760574001592707
43.86999999999984,0.8967045049555541,-2.0540999385078185e-12,-0.8766111888325763,-0.137605740015927
43.87999999999984,0.8967045049555505,-2.0514083930304293e-12,-0.8766111888325802,-0.13760574001592699
43.88999999999984,0.8967045049555469,-2.048716007433919e-12,-0.8766111888325832,-0.1376057400159269
43.899999999999835,0.8967045049555434,-2.0460456646286403e-12,-0.876611188832586,-0.13760574001592682
43.90999999999983,0.8967045049555401,-2.0433869820371677e-12,-0.8766111888325893,-0.13760574001592674
43.91999999999983,0.8967045049555366,-2.0407563516087893e-12,-0.8766111888325928,-0.1376057400159267
43.92999999999983,0.8967045049555331,-2.0381145471190453e-12,-0.8766111888325965,-0.13760574001592665
43.93999999999983,0.8967045049555297,-2.035481002525578e-12,-0.8766111888325999,-0.13760574001592663
43.949999999999825,0.8967045049555261,-2.0328453776359075e-12,-0.8766111888326032,-0.13760574001592657
43.95999999999982,0.8967045049555228,-2.03020946246209e-12,-0.8766111888326065,-0.13760574001592654
43.96999999999982,0.8967045049555193,-2.0275800924339076e-12,-0.8766111888326101,-0.13760574001592651
43.97999999999982,0.8967045049555159,-2.0249503380478565e-12,-0.8766111888326134,-0.13760574001592646
43.98999999999982,0.8967045049555123,-2.0223245289003848e-12,-0.8766111888326178,-0.1376057400159265
43.999999999999815,0.8967045049555089,-2.0196730119691885e-12,-0.876611188832621,-0.13760574001592643
44.00999999999981,0.8967045049555054,-2.0170283775838907e-12,-0.8766111888326243,-0.1376057400159264
44.01999999999981,0.8967045049555019,-2.014388789514335e-12,-0.876611188832628,-0.13760574001592638
44.02999999999981,0.8967045049554985,-2.0117477334878478e-12,-0.8766111888326318,-0.13760574001592635
44.03999999999981,0.8967045049554949,-2.0090983010390348e-12,-0.8766111888326352,-0.13760574001592632
44.049999999999805,0.8967045049554915,-2.0064458218289003e-12,-0.8766111888326389,-0.13760574001592632
44.0599999999998,0.896704504955488,-2.0037993128921765e-12,-0.8766111888326427,-0.13760574001592632
44.0699999999998,0.8967045049554845,-2.0011459901052917e-12,-0.8766111888326464,-0.1376057400159263
44.0799999999998,0.8967045049554812,-1.998498091600251e-12,-0.8766111888326497,-0.13760574001592624
44.0899999999998,0.8967045049554778,-1.995855533430961e-12,-0.8766111888326529,-0.1376057400159262
44.099999999999795,0.8967045049554743,-1.99321682120897e-12,-0.8766111888326565,-0.13760574001592618
44.10999999999979,0.8967045049554708,-1.990574493162233e-12,-0.8766111888326602,-0.13760574001592615
44.11999999999979,0.8967045049554675,-1.987933317721398e-12,-0.8766111888326634,-0.13760574001592607
44.12999999999979,0.896704504955464,-1.985306524372967e-12,-0.8766111888326671,-0.13760574001592601
44.13999999999979,0.8967045049554607,-1.9826852461501346e-12,-0.8766111888326701,-0.137605740015926
44.149999999999785,0.8967045049554574,-1.9800777222068394e-12,-0.8766111888326733,-0.13760574001592596
44.15999999999978,0.896704504955454,-1.9774781016919275e-12,-0.8766111888326769,-0.1376057400159259
44.16999999999978,0.8967045049554506,-1.9748863584249947e-12,-0.8766111888326801,-0.13760574001592588
44.17999999999978,0.8967045049554473,-1.972299914833324e-12,-0.8766111888326834,-0.13760574001592582
44.18999999999978,0.8967045049554438,-1.9697213027552103e-12,-0.8766111888326866,-0.13760574001592576
44.199999999999775,0.8967045049554405,-1.9671506493628174e-12,-0.8766111888326897,-0.13760574001592574
44.20999999999977,0.8967045049554372,-1.9645843548032163e-12,-0.8766111888326932,-0.13760574001592568
44.21999999999977,0.8967045049554337,-1.9620187862148342e-12,-0.8766111888326968,-0.13760574001592563
44.22999999999977,0.8967045049554304,-1.959456793278488e-12,-0.8766111888327,-0.1376057400159256
44.23999999999977,0.8967045049554271,-1.956906257695946e-12,-0.8766111888327032,-0.13760574001592554
44.249999999999766,0.8967045049554236,-1.9543614887161855e-12,-0.876611188832707,-0.13760574001592552
44.25999999999976,0.8967045049554203,-1.951804739766376e-12,-0.8766111888327103,-0.1376057400159255
44.26999999999976,0.896704504955417,-1.9492565419115e-12,-0.8766111888327139,-0.13760574001592546
44.27999999999976,0.8967045049554135,-1.94670229452035e-12,-0.876611188832717,-0.1376057400159254
44.28999999999976,0.8967045049554103,-1.9441547828651478e-12,-0.87661118883272,-0.13760574001592535
44.299999999999756,0.8967045049554071,-1.94161813117914e-12,-0.876611188832723,-0.1376057400159253
44.309999999999754,0.8967045049554037,-1.9390956278617396e-12,-0.8766111888327268,-0.13760574001592527
44.31999999999975,0.8967045049554003,-1.9365789160732704e-12,-0.8766111888327297,-0.13760574001592524
44.32999999999975,0.896704504955397,-1.934069984061235e-12,-0.8766111888327335,-0.1376057400159252
44.33999999999975,0.8967045049553936,-1.931558864250908e-12,-0.8766111888327371,-0.13760574001592518
44.349999999999746,0.8967045049553902,-1.9290431164139705e-12,-0.8766111888327401,-0.13760574001592513
44.359999999999744,0.8967045049553869,-1.9265384758924894e-12,-0.8766111888327435,-0.13760574001592507
44.36999999999974,0.8967045049553835,-1.924034715664581e-12,-0.8766111888327467,-0.13760574001592504
44.37999999999974,0.8967045049553802,-1.9215384368821383e-12,-0.8766111888327496,-0.13760574001592496
44.38999999999974,0.896704504955377,-1.919055417232646e-12,-0.8766111888327529,-0.13760574001592493
44.399999999999736,0.8967045049553736,-1.916572289192513e-12,-0.8766111888327562,-0.13760574001592488
44.409999999999734,0.8967045049553704,-1.9141034837279596e-12,-0.8766111888327589,-0.1376057400159248
44.41999999999973,0.8967045049553671,-1.9116471203460704e-12,-0.8766111888327619,-0.13760574001592474
44.42999999999973,0.8967045049553638,-1.9091972692532265e-12,-0.876611188832765,-0.13760574001592468
44.43999999999973,0.8967045049553605,-1.9067607457731247e-12,-0.8766111888327683,-0.13760574001592463
44.449999999999726,0.8967045049553573,-1.904325997664563e-12,-0.8766111888327714,-0.13760574001592457
44.459999999999724,0.8967045049553539,-1.901895678112507e-12,-0.8766111888327743,-0.13760574001592452
44.46999999999972,0.8967045049553507,-1.8994662796174418e-12,-0.8766111888327777,-0.1376057400159245
44.47999999999972,0.8967045049553474,-1.8970377246445014e-12,-0.8766111888327811,-0.13760574001592443
44.48999999999972,0.896704504955344,-1.8946146158301346e-12,-0.8766111888327843,-0.13760574001592438
44.499999999999716,0.8967045049553408,-1.892199150988097e-12,-0.876611188832787,-0.13760574001592432
44.509999999999714,0.8967045049553376,-1.8897905433394344e-12,-0.8766111888327904,-0.13760574001592427
44.51999999999971,0.8967045049553343,-1.8873913645042163e-12,-0.8766111888327934,-0.1376057400159242
44.52999999999971,0.896704504955331,-1.884998810111551e-12,-0.8766111888327964,-0.13760574001592416
44.53999999999971,0.8967045049553278,-1.882611391632804e-12,-0.8766111888327996,-0.1376057400159241
44.549999999999706,0.8967045049553245,-1.8802252684234384e-12,-0.8766111888328026,-0.13760574001592404
44.559999999999704,0.8967045049553213,-1.877843456972827e-12,-0.8766111888328056,-0.137605740015924
44.5699999999997,0.8967045049553181,-1.8754613504587877e-12,-0.8766111888328091,-0.13760574001592393
44.5799999999997,0.8967045049553148,-1.8730844673094644e-12,-0.8766111888328117,-0.13760574001592388
44.5899999999997,0.8967045049553117,-1.870722973552477e-12,-0.8766111888328145,-0.13760574001592382
44.599999999999696,0.8967045049553085,-1.8683728075467408e-12,-0.8766111888328174,-0.1376057400159238
44.609999999999694,0.8967045049553053,-1.8660230858597093e-12,-0.8766111888328204,-0.13760574001592374
44.61999999999969,0.8967045049553021,-1.8636777849613976e-12,-0.8766111888328235,-0.13760574001592368
44.62999999999969,0.896704504955299,-1.8613379012840083e-12,-0.8766111888328266,-0.13760574001592363
44.63999999999969,0.8967045049552957,-1.859002613323097e-12,-0.8766111888328297,-0.1376057400159236
44.649999999999686,0.8967045049552925,-1.8566621154406944e-12,-0.876611188832833,-0.13760574001592357
44.659999999999684,0.8967045049552894,-1.85431634902091e-12,-0.876611188832836,-0.13760574001592354
44.66999999999968,0.8967045049552862,-1.851974769896292e-12,-0.876611188832839,-0.1376057400159235
44.67999999999968,0.8967045049552831,-1.8496314856179667e-12,-0.876611188832842,-0.13760574001592346
44.68999999999968,0.89670450495528,-1.8472976556996035e-12,-0.8766111888328453,-0.13760574001592343
44.699999999999676,0.8967045049552766,-1.8449573820875476e-12,-0.8766111888328488,-0.13760574001592343
44.709999999999674,0.8967045049552735,-1.8425915345886104e-12,-0.876611188832852,-0.1376057400159234
44.71999999999967,0.8967045049552703,-1.840221743954741e-12,-0.8766111888328554,-0.1376057400159234
44.72999999999967,0.8967045049552673,-1.8378453871437352e-12,-0.8766111888328586,-0.13760574001592335
44.73999999999967,0.8967045049552642,-1.8354748339275774e-12,-0.8766111888328618,-0.13760574001592332
44.749999999999666,0.8967045049552612,-1.83310056690208e-12,-0.8766111888328646,-0.1376057400159233
44.759999999999664,0.8967045049552581,-1.830724860359564e-12,-0.8766111888328681,-0.1376057400159233
44.76999999999966,0.8967045049552549,-1.8283425781681726e-12,-0.8766111888328714,-0.13760574001592327
44.77999999999966,0.8967045049552518,-1.8259596120592785e-12,-0.8766111888328747,-0.13760574001592327
44.78999999999966,0.8967045049552487,-1.823569023876648e-12,-0.8766111888328779,-0.13760574001592324
44.799999999999656,0.8967045049552456,-1.821171445227712e-12,-0.8766111888328812,-0.1376057400159232
44.809999999999654,0.8967045049552423,-1.8187699384575596e-12,-0.8766111888328846,-0.1376057400159232
44.81999999999965,0.8967045049552392,-1.8163672186783633e-12,-0.876611188832888,-0.13760574001592318
44.82999999999965,0.8967045049552361,-1.8139582782442273e-12,-0.8766111888328915,-0.13760574001592316
44.83999999999965,0.8967045049552329,-1.8115509931087297e-12,-0.8766111888328946,-0.13760574001592313
44.849999999999646,0.8967045049552299,-1.8091450035591225e-12,-0.8766111888328976,-0.13760574001592307
44.859999999999644,0.896704504955227,-1.8067523564647653e-12,-0.8766111888329002,-0.13760574001592302
44.86999999999964,0.8967045049552239,-1.804371726579542e-12,-0.8766111888329033,-0.13760574001592302
44.87999999999964,0.8967045049552207,-1.8019875166220444e-12,-0.8766111888329071,-0.137605740015923
44.88999999999964,0.8967045049552177,-1.7996055839783582e-12,-0.87661118883291,-0.137605740015923
44.899999999999636,0.8967045049552147,-1.7972187120606439e-12,-0.876611188832913,-0.13760574001592296
44.909999999999634,0.8967045049552116,-1.7948387427780025e-12,-0.8766111888329162,-0.13760574001592293
44.91999999999963,0.8967045049552086,-1.792460854813701e-12,-0.8766111888329194,-0.1376057400159229
44.92999999999963,0.8967045049552056,-1.7900824139455243e-12,-0.8766111888329227,-0.1376057400159229
44.93999999999963,0.8967045049552026,-1.7877074967187878e-12,-0.8766111888329258,-0.13760574001592288
44.949999999999626,0.8967045049551996,-1.7853349461659119e-12,-0.8766111888329287,-0.13760574001592282
44.959999999999624,0.8967045049551966,-1.7829748990284542e-12,-0.8766111888329319,-0.1376057400159228
44.96999999999962,0.8967045049551936,-1.7806123513050123e-12,-0.8766111888329349,-0.1376057400159228
44.97999999999962,0.8967045049551905,-1.778261774830494e-12,-0.8766111888329383,-0.1376057400159228
44.98999999999962,0.8967045049551876,-1.7759005753464793e-12,-0.876611188832941,-0.13760574001592277
44.999999999999616,0.8967045049551847,-1.77354433355444e-12,-0.8766111888329442,-0.13760574001592277
45.009999999999614,0.8967045049551817,-1.7711835675625707e-12,-0.8766111888329474,-0.13760574001592277
45.01999999999961,0.8967045049551786,-1.7688149933724378e-12,-0.8766111888329507,-0.13760574001592277
45.02999999999961,0.8967045049551756,-1.7664462092290831e-12,-0.876611188832954,-0.13760574001592277
45.03999999999961,0.8967045049551727,-1.7640792927553681e-12,-0.8766111888329572,-0.13760574001592277
45.049999999999606,0.8967045049551697,-1.7617101807050193e-12,-0.8766111888329604,-0.13760574001592277
45.059999999999604,0.8967045049551667,-1.7593445048121735e-12,-0.8766111888329635,-0.13760574001592274
45.0699999999996,0.8967045049551637,-1.7569744684966431e-12,-0.8766111888329666,-0.13760574001592277
45.0799999999996,0.8967045049551607,-1.75460274369022e-12,-0.8766111888329703,-0.13760574001592277
45.0899999999996,0.8967045049551577,-1.7522217792629651e-12,-0.8766111888329733,-0.13760574001592277
45.099999999999596,0.8967045049551547,-1.7498435964109492e-12,-0.8766111888329765,-0.13760574001592277
45.109999999999594,0.8967045049551519,-1.747469654192651e-12,-0.8766111888329797,-0.13760574001592277
45.11999999999959,0.896704504955149,-1.7450923473837775e-12,-0.8766111888329828,-0.13760574001592274
45.12999999999959,0.896704504955146,-1.742717269871984e-12,-0.8766111888329863,-0.1376057400159228
45.13999999999959,0.896704504955143,-1.7403396967643835e-12,-0.8766111888329893,-0.13760574001592277
45.14999999999959,0.8967045049551401,-1.7379631659914262e-12,-0.876611188832992,-0.13760574001592277
45.159999999999584,0.8967045049551372,-1.7355978211170708e-12,-0.8766111888329954,-0.13760574001592277
45.16999999999958,0.8967045049551343,-1.733241302333581e-12,-0.8766111888329984,-0.13760574001592277
45.17999999999958,0.8967045049551312,-1.7308736978117369e-12,-0.8766111888330019,-0.1376057400159228
45.18999999999958,0.8967045049551283,-1.7284935742051112e-12,-0.8766111888330055,-0.1376057400159228
45.19999999999958,0.8967045049551254,-1.7261157874653777e-12,-0.8766111888330084,-0.13760574001592277
45.209999999999575,0.8967045049551225,-1.7237424055094987e-12,-0.8766111888330116,-0.13760574001592277
45.21999999999957,0.8967045049551196,-1.7213797251843414e-12,-0.8766111888330146,-0.13760574001592277
45.22999999999957,0.8967045049551167,-1.7190194902196998e-12,-0.8766111888330177,-0.13760574001592277
45.23999999999957,0.8967045049551137,-1.7166542863656012e-12,-0.8766111888330212,-0.1376057400159228
45.24999999999957,0.8967045049551107,-1.7142798168314674e-12,-0.8766111888330246,-0.13760574001592282
45.259999999999565,0.8967045049551077,-1.711899876856479e-12,-0.876611188833028,-0.13760574001592282
45.26999999999956,0.8967045049551049,-1.7095301368366643e-12,-0.8766111888330305,-0.13760574001592277
45.27999999999956,0.896704504955102,-1.7071756110342037e-12,-0.8766111888330337,-0.13760574001592277
45.28999999999956,0.8967045049550991,-1.7048277109952656e-12,-0.8766111888330367,-0.13760574001592274
45.29999999999956,0.8967045049550961,-1.7024873043671273e-12,-0.8766111888330399,-0.1376057400159227
45.309999999999555,0.8967045049550932,-1.7001542082933183e-12,-0.8766111888330425,-0.13760574001592268
45.31999999999955,0.8967045049550905,-1.697833701722471e-12,-0.8766111888330453,-0.13760574001592266
45.32999999999955,0.8967045049550876,-1.6955189112930387e-12,-0.8766111888330484,-0.13760574001592266
45.33999999999955,0.8967045049550846,-1.6932057499127843e-12,-0.8766111888330514,-0.13760574001592263
45.34999999999955,0.8967045049550816,-1.6908973726609884e-12,-0.8766111888330553,-0.13760574001592263
45.359999999999545,0.8967045049550787,-1.688577416131745e-12,-0.8766111888330579,-0.1376057400159226
45.36999999999954,0.8967045049550756,-1.686278885376184e-12,-0.8766111888330608,-0.13760574001592257
45.37999999999954,0.8967045049550726,-1.6839884674045822e-12,-0.876611188833064,-0.13760574001592255
45.38999999999954,0.8967045049550697,-1.6817014611622723e-12,-0.8766111888330669,-0.1376057400159225
45.39999999999954,0.8967045049550668,-1.6794281485622187e-12,-0.8766111888330697,-0.13760574001592243
45.409999999999535,0.8967045049550638,-1.6771648896359428e-12,-0.8766111888330725,-0.13760574001592235
45.41999999999953,0.8967045049550609,-1.6749215044916484e-12,-0.8766111888330751,-0.13760574001592235
45.42999999999953,0.896704504955058,-1.672692646736238e-12,-0.8766111888330782,-0.13760574001592227
45.43999999999953,0.896704504955055,-1.6704727418008236e-12,-0.8766111888330806,-0.1376057400159222
45.44999999999953,0.8967045049550522,-1.6682606948884655e-12,-0.8766111888330836,-0.13760574001592213
45.459999999999525,0.8967045049550493,-1.6660654757006509e-12,-0.8766111888330861,-0.13760574001592207
45.46999999999952,0.8967045049550463,-1.6638984235472468e-12,-0.8766111888330883,-0.137605740015922
45.47999999999952,0.8967045049550434,-1.6617415205755123e-12,-0.8766111888330912,-0.1376057400159219
45.48999999999952,0.8967045049550405,-1.6595960560099802e-12,-0.8766111888330936,-0.13760574001592182
45.49999999999952,0.8967045049550376,-1.6574702908576067e-12,-0.8766111888330962,-0.1376057400159217
45.509999999999515,0.8967045049550348,-1.6553675583274886e-12,-0.8766111888330985,-0.13760574001592163
45.51999999999951,0.8967045049550321,-1.6532750198111065e-12,-0.8766111888331007,-0.13760574001592152
45.52999999999951,0.8967045049550292,-1.6512031499619732e-12,-0.8766111888331032,-0.13760574001592144
45.53999999999951,0.8967045049550264,-1.649148973455401e-12,-0.8766111888331058,-0.13760574001592135
45.54999999999951,0.8967045049550236,-1.6471010706477477e-12,-0.8766111888331082,-0.13760574001592127
45.559999999999505,0.8967045049550207,-1.6450561649434627e-12,-0.876611188833111,-0.1376057400159212
45.5699999999995,0.896704504955018,-1.6430189532735253e-12,-0.8766111888331132,-0.13760574001592116
45.5799999999995,0.8967045049550151,-1.6409887006149657e-12,-0.8766111888331164,-0.13760574001592113
45.5899999999995,0.8967045049550122,-1.6389543904366112e-12,-0.8766111888331188,-0.13760574001592105
45.5999999999995,0.8967045049550094,-1.6369211894536866e-12,-0.8766111888331216,-0.137605740015921
45.609999999999495,0.8967045049550066,-1.6348891389261703e-12,-0.8766111888331242,-0.1376057400159209
45.61999999999949,0.8967045049550038,-1.6328685645010649e-12,-0.8766111888331269,-0.1376057400159209
45.62999999999949,0.896704504955001,-1.6308416187433059e-12,-0.8766111888331294,-0.13760574001592085
45.63999999999949,0.8967045049549981,-1.6288121346362575e-12,-0.8766111888331323,-0.1376057400159208
45.64999999999949,0.8967045049549953,-1.6267817729243852e-12,-0.8766111888331348,-0.13760574001592074
45.659999999999485,0.8967045049549924,-1.6247571332667009e-12,-0.8766111888331376,-0.13760574001592069
45.66999999999948,0.8967045049549897,-1.6227364203698759e-12,-0.87661118883314,-0.13760574001592063
45.67999999999948,0.8967045049549869,-1.6207175960067872e-12,-0.8766111888331429,-0.13760574001592057
45.68999999999948,0.896704504954984,-1.6186904349138189e-12,-0.8766111888331456,-0.13760574001592055
45.69999999999948,0.8967045049549812,-1.6166643281533934e-12,-0.8766111888331483,-0.1376057400159205
45.709999999999475,0.8967045049549786,-1.6146367829049778e-12,-0.8766111888331508,-0.13760574001592044
45.71999999999947,0.8967045049549758,-1.612618927284675e-12,-0.8766111888331531,-0.13760574001592035
45.72999999999947,0.896704504954973,-1.610608676861499e-12,-0.8766111888331561,-0.13760574001592035
45.73999999999947,0.8967045049549703,-1.6085940752028483e-12,-0.8766111888331588,-0.1376057400159203
45.74999999999947,0.8967045049549677,-1.6065810895933625e-12,-0.8766111888331611,-0.13760574001592024
45.759999999999465,0.8967045049549648,-1.6045656296738556e-12,-0.8766111888331646,-0.13760574001592024
45.76999999999946,0.8967045049549621,-1.6025355169196624e-12,-0.876611188833167,-0.13760574001592019
45.77999999999946,0.8967045049549595,-1.6005087063292192e-12,-0.8766111888331695,-0.13760574001592016
45.78999999999946,0.8967045049549568,-1.5984921444382226e-12,-0.8766111888331722,-0.13760574001592013
45.79999999999946,0.896704504954954,-1.5964665115836682e-12,-0.8766111888331749,-0.13760574001592013
45.809999999999455,0.8967045049549512,-1.5944337194100389e-12,-0.8766111888331782,-0.13760574001592013
45.81999999999945,0.8967045049549486,-1.5923855258999902e-12,-0.8766111888331808,-0.13760574001592007
45.82999999999945,0.8967045049549459,-1.5903392281179346e-12,-0.8766111888331835,-0.13760574001592007
45.83999999999945,0.8967045049549431,-1.5882927882774018e-12,-0.8766111888331864,-0.13760574001592007
45.84999999999945,0.8967045049549405,-1.5862399463132264e-12,-0.8766111888331893,-0.13760574001592007
45.859999999999445,0.8967045049549378,-1.5841712114056227e-12,-0.8766111888331924,-0.13760574001592007
45.86999999999944,0.8967045049549351,-1.5820998287372963e-12,-0.8766111888331951,-0.13760574001592007
45.87999999999944,0.8967045049549324,-1.580021332982398e-12,-0.8766111888331982,-0.13760574001592007
45.88999999999944,0.8967045049549297,-1.57793184812417e-12,-0.8766111888332009,-0.13760574001592005
45.89999999999944,0.896704504954927,-1.575856375690435e-12,-0.8766111888332039,-0.13760574001592007
45.909999999999435,0.8967045049549244,-1.5737682947134274e-12,-0.8766111888332069,-0.13760574001592007
45.91999999999943,0.8967045049549217,-1.5716759230817915e-12,-0.8766111888332098,-0.13760574001592007
45.92999999999943,0.8967045049549189,-1.5695726161682655e-12,-0.8766111888332128,-0.13760574001592007
45.93999999999943,0.8967045049549163,-1.5674686581852888e-12,-0.8766111888332153,-0.13760574001592005
45.94999999999943,0.8967045049549136,-1.565370637467563e-12,-0.8766111888332185,-0.13760574001592005
45.959999999999425,0.8967045049549109,-1.5632700249105634e-12,-0.8766111888332211,-0.13760574001592005
45.96999999999942,0.8967045049549082,-1.5611671620844252e-12,-0.876611188833224,-0.13760574001592002
45.97999999999942,0.8967045049549055,-1.5590601092876004e-12,-0.876611188833227,-0.13760574001592002
45.98999999999942,0.8967045049549028,-1.5569551176486927e-12,-0.8766111888332295,-0.13760574001592
45.99999999999942,0.8967045049549002,-1.5548509536076896e-12,-0.8766111888332321,-0.13760574001592
46.009999999999415,0.8967045049548974,-1.552766404586168e-12,-0.8766111888332349,-0.13760574001591994
46.01999999999941,0.8967045049548948,-1.5506917472346806e-12,-0.8766111888332373,-0.13760574001591988
46.02999999999941,0.8967045049548923,-1.5486294300097427e-12,-0.8766111888332402,-0.13760574001591988
46.03999999999941,0.8967045049548897,-1.5465658399025115e-12,-0.876611188833243,-0.13760574001591985
46.04999999999941,0.8967045049548871,-1.544507098004766e-12,-0.8766111888332456,-0.13760574001591985
46.059999999999405,0.8967045049548844,-1.5424406126051105e-12,-0.8766111888332483,-0.13760574001591983
46.0699999999994,0.8967045049548819,-1.5403780265569405e-12,-0.8766111888332512,-0.1376057400159198
46.0799999999994,0.8967045049548793,-1.5383202478339157e-12,-0.8766111888332538,-0.13760574001591977
46.0899999999994,0.8967045049548766,-1.5362677003383253e-12,-0.8766111888332566,-0.13760574001591977
46.0999999999994,0.8967045049548741,-1.534211989461941e-12,-0.8766111888332593,-0.13760574001591977
46.109999999999395,0.8967045049548715,-1.5321604214689855e-12,-0.876611188833262,-0.13760574001591974
46.11999999999939,0.896704504954869,-1.5301150351341313e-12,-0.8766111888332642,-0.13760574001591974
46.12999999999939,0.8967045049548663,-1.5280753822668756e-12,-0.876611188833267,-0.13760574001591971
46.13999999999939,0.8967045049548638,-1.5260381677617677e-12,-0.87661118883327,-0.13760574001591971
46.14999999999939,0.8967045049548612,-1.5239935697954213e-12,-0.8766111888332726,-0.1376057400159197
46.159999999999386,0.8967045049548586,-1.5219555431145609e-12,-0.8766111888332753,-0.1376057400159197
46.16999999999938,0.8967045049548561,-1.51991383263012e-12,-0.8766111888332784,-0.1376057400159197
46.17999999999938,0.8967045049548534,-1.5178663539240216e-12,-0.876611188833281,-0.13760574001591966
46.18999999999938,0.8967045049548509,-1.5158213013381252e-12,-0.8766111888332839,-0.13760574001591966
46.19999999999938,0.8967045049548483,-1.5137796629817477e-12,-0.8766111888332865,-0.13760574001591963
46.209999999999376,0.8967045049548458,-1.511733962680978e-12,-0.876611188833289,-0.13760574001591963
46.219999999999374,0.8967045049548431,-1.5096861820730324e-12,-0.876611188833292,-0.13760574001591963
46.22999999999937,0.8967045049548407,-1.5076511273536057e-12,-0.8766111888332946,-0.1376057400159196
46.23999999999937,0.8967045049548381,-1.5056296177192135e-12,-0.876611188833297,-0.1376057400159196
46.24999999999937,0.8967045049548356,-1.5035981656759613e-12,-0.8766111888332999,-0.13760574001591958
46.259999999999366,0.8967045049548329,-1.5015810510610935e-12,-0.8766111888333022,-0.13760574001591955
46.269999999999364,0.8967045049548303,-1.499570705032016e-12,-0.8766111888333046,-0.13760574001591952
46.27999999999936,0.8967045049548278,-1.4975647399068864e-12,-0.8766111888333075,-0.13760574001591952
46.28999999999936,0.8967045049548252,-1.4955547033436275e-12,-0.87661118883331,-0.13760574001591946
46.29999999999936,0.8967045049548226,-1.4935523037912954e-12,-0.8766111888333131,-0.13760574001591946
46.309999999999356,0.89670450495482,-1.4915551464175357e-12,-0.8766111888333155,-0.13760574001591946
46.319999999999354,0.8967045049548173,-1.4895568656106537e-12,-0.8766111888333186,-0.13760574001591944
46.32999999999935,0.8967045049548148,-1.4875578474714417e-12,-0.8766111888333209,-0.13760574001591938
46.33999999999935,0.8967045049548122,-1.485570696299414e-12,-0.8766111888333229,-0.13760574001591933
46.34999999999935,0.8967045049548097,-1.4836103448790567e-12,-0.8766111888333253,-0.13760574001591927
46.359999999999346,0.8967045049548071,-1.4816535653365718e-12,-0.8766111888333278,-0.13760574001591921
46.369999999999344,0.8967045049548046,-1.4797112613228587e-12,-0.8766111888333304,-0.13760574001591916
46.37999999999934,0.896704504954802,-1.477787682227166e-12,-0.8766111888333321,-0.13760574001591908
46.38999999999934,0.8967045049547995,-1.4758756347985427e-12,-0.8766111888333348,-0.137605740015919
46.39999999999934,0.8967045049547969,-1.4739820463038643e-12,-0.8766111888333374,-0.13760574001591896
46.409999999999336,0.8967045049547943,-1.4720871535852494e-12,-0.8766111888333397,-0.1376057400159189
46.419999999999334,0.8967045049547917,-1.4701928453506396e-12,-0.8766111888333423,-0.13760574001591885
46.42999999999933,0.8967045049547893,-1.4683131284872632e-12,-0.8766111888333442,-0.13760574001591877
46.43999999999933,0.8967045049547868,-1.466446662363673e-12,-0.8766111888333464,-0.1376057400159187
46.44999999999933,0.8967045049547842,-1.4645932194776049e-12,-0.8766111888333489,-0.13760574001591863
46.459999999999326,0.8967045049547818,-1.4627536219695888e-12,-0.8766111888333507,-0.13760574001591858
46.469999999999324,0.8967045049547793,-1.4609284691897413e-12,-0.8766111888333533,-0.13760574001591855
46.47999999999932,0.8967045049547767,-1.4590985982227682e-12,-0.8766111888333556,-0.13760574001591847
46.48999999999932,0.8967045049547742,-1.4572713276087722e-12,-0.8766111888333582,-0.13760574001591847
46.49999999999932,0.8967045049547716,-1.455441187846127e-12,-0.8766111888333608,-0.1376057400159184
46.509999999999316,0.8967045049547692,-1.4536104342040263e-12,-0.876611188833363,-0.13760574001591833
46.519999999999314,0.8967045049547665,-1.4517846952580413e-12,-0.8766111888333655,-0.1376057400159183
46.52999999999931,0.8967045049547641,-1.4499643012411105e-12,-0.8766111888333676,-0.13760574001591822
46.53999999999931,0.8967045049547616,-1.4481531135535852e-12,-0.8766111888333697,-0.13760574001591813
46.54999999999931,0.8967045049547591,-1.4463541052165513e-12,-0.876611188833372,-0.13760574001591808
46.559999999999306,0.8967045049547567,-1.4445612671221095e-12,-0.876611188833374,-0.13760574001591802
46.569999999999304,0.8967045049547543,-1.4427806064193535e-12,-0.8766111888333762,-0.137605740015918
46.5799999999993,0.8967045049547518,-1.4409950953518165e-12,-0.8766111888333783,-0.13760574001591794
46.5899999999993,0.8967045049547493,-1.4392208695012245e-12,-0.8766111888333808,-0.1376057400159179
46.5999999999993,0.8967045049547469,-1.4374465526708357e-12,-0.876611188833383,-0.13760574001591785
46.609999999999296,0.8967045049547444,-1.4356731173672095e-12,-0.8766111888333854,-0.1376057400159178
46.619999999999294,0.896704504954742,-1.4338999024436223e-12,-0.876611188833388,-0.1376057400159178
46.62999999999929,0.8967045049547394,-1.4321153763152401e-12,-0.8766111888333906,-0.13760574001591777
46.63999999999929,0.896704504954737,-1.4303218651205928e-12,-0.8766111888333932,-0.13760574001591774
46.64999999999929,0.8967045049547344,-1.428521781217495e-12,-0.876611188833396,-0.13760574001591774
46.659999999999286,0.8967045049547321,-1.4267154054444933e-12,-0.876611188833398,-0.1376057400159177
46.669999999999284,0.8967045049547295,-1.424905690829895e-12,-0.8766111888334008,-0.1376057400159177
46.67999999999928,0.8967045049547271,-1.4231065305926711e-12,-0.8766111888334028,-0.13760574001591763
46.68999999999928,0.8967045049547246,-1.4213064456481205e-12,-0.8766111888334053,-0.1376057400159176
46.69999999999928,0.8967045049547223,-1.4195102698616466e-12,-0.8766111888334075,-0.13760574001591755
46.709999999999276,0.8967045049547199,-1.4177165937008894e-12,-0.8766111888334097,-0.13760574001591755
46.719999999999274,0.8967045049547175,-1.4159180149031406e-12,-0.8766111888334119,-0.1376057400159175
46.72999999999927,0.8967045049547151,-1.4141278776437794e-12,-0.8766111888334144,-0.13760574001591747
46.73999999999927,0.8967045049547128,-1.4123392537906123e-12,-0.8766111888334166,-0.13760574001591744
46.74999999999927,0.8967045049547103,-1.410549432920555e-12,-0.8766111888334193,-0.1376057400159174
46.759999999999266,0.8967045049547079,-1.408762781911764e-12,-0.8766111888334216,-0.13760574001591738
46.769999999999264,0.8967045049547054,-1.4069690770363602e-12,-0.8766111888334243,-0.13760574001591738
46.77999999999926,0.896704504954703,-1.4051609465552473e-12,-0.8766111888334269,-0.13760574001591738
46.78999999999926,0.8967045049547007,-1.403350591524949e-12,-0.8766111888334291,-0.13760574001591735
46.79999999999926,0.8967045049546982,-1.4015484736438385e-12,-0.8766111888334315,-0.13760574001591733
46.809999999999256,0.8967045049546959,-1.399738581351292e-12,-0.8766111888334338,-0.1376057400159173
46.819999999999254,0.8967045049546934,-1.397932139192373e-12,-0.8766111888334367,-0.13760574001591733
46.82999999999925,0.8967045049546911,-1.3961106611115585e-12,-0.8766111888334391,-0.13760574001591733
46.83999999999925,0.8967045049546888,-1.3942890689874426e-12,-0.8766111888334415,-0.13760574001591733
46.84999999999925,0.8967045049546865,-1.3924672757972255e-12,-0.8766111888334439,-0.1376057400159173
46.859999999999246,0.896704504954684,-1.3906404813937163e-12,-0.8766111888334469,-0.1376057400159173
46.869999999999244,0.8967045049546817,-1.3887986378249916e-12,-0.8766111888334492,-0.13760574001591733
46.87999999999924,0.8967045049546795,-1.386961784258475e-12,-0.8766111888334513,-0.13760574001591727
46.88999999999924,0.8967045049546771,-1.3851308863809332e-12,-0.8766111888334537,-0.13760574001591727
46.89999999999924,0.8967045049546747,-1.3833041961332105e-12,-0.8766111888334565,-0.13760574001591724
46.909999999999236,0.8967045049546724,-1.381471920126387e-12,-0.8766111888334591,-0.13760574001591724
46.919999999999234,0.89670450495467,-1.3796324713915383e-12,-0.8766111888334615,-0.13760574001591727
46.92999999999923,0.8967045049546677,-1.3777918608236617e-12,-0.8766111888334641,-0.13760574001591724
46.93999999999923,0.8967045049546655,-1.3759530199249159e-12,-0.8766111888334666,-0.13760574001591724
46.94999999999923,0.8967045049546631,-1.3741195490779123e-12,-0.8766111888334683,-0.13760574001591722
46.959999999999226,0.8967045049546609,-1.3722951077046859e-12,-0.8766111888334708,-0.13760574001591722
46.969999999999224,0.8967045049546586,-1.3704675442832295e-12,-0.8766111888334733,-0.13760574001591724
46.97999999999922,0.8967045049546563,-1.3686350484157002e-12,-0.8766111888334763,-0.13760574001591727
46.98999999999922,0.896704504954654,-1.3667951989393453e-12,-0.8766111888334784,-0.13760574001591727
46.99999999999922,0.8967045049546516,-1.3649530701082472e-12,-0.8766111888334812,-0.13760574001591727
47.009999999999216,0.8967045049546493,-1.3630989474890639e-12,-0.876611188833484,-0.1376057400159173
47.019999999999214,0.8967045049546469,-1.361241112467874e-12,-0.8766111888334865,-0.1376057400159173
47.02999999999921,0.8967045049546446,-1.3593845876209077e-12,-0.8766111888334892,-0.1376057400159173
47.03999999999921,0.8967045049546423,-1.3575231221455514e-12,-0.876611188833492,-0.13760574001591733
47.04999999999921,0.89670450495464,-1.355655102368529e-12,-0.8766111888334941,-0.13760574001591733
47.05999999999921,0.8967045049546376,-1.3537996276522257e-12,-0.8766111888334966,-0.13760574001591733
47.069999999999204,0.8967045049546354,-1.3519380881115382e-12,-0.8766111888334988,-0.13760574001591733
47.0799999999992,0.896704504954633,-1.3500964688838096e-12,-0.8766111888335014,-0.13760574001591733
47.0899999999992,0.8967045049546307,-1.348251055034166e-12,-0.8766111888335039,-0.13760574001591733
47.0999999999992,0.8967045049546283,-1.3464055926828675e-12,-0.8766111888335063,-0.1376057400159173
47.1099999999992,0.896704504954626,-1.3445606414105663e-12,-0.876611188833509,-0.1376057400159173
47.119999999999195,0.8967045049546236,-1.3427156071982209e-12,-0.8766111888335115,-0.13760574001591733
47.12999999999919,0.8967045049546215,-1.340874941239367e-12,-0.8766111888335136,-0.13760574001591727
47.13999999999919,0.8967045049546193,-1.3390451463253092e-12,-0.8766111888335159,-0.13760574001591724
47.14999999999919,0.8967045049546168,-1.3372215604491312e-12,-0.8766111888335185,-0.13760574001591727
47.15999999999919,0.8967045049546146,-1.3353937345179739e-12,-0.8766111888335207,-0.13760574001591724
47.169999999999185,0.8967045049546124,-1.3335749592057399e-12,-0.8766111888335228,-0.13760574001591722
47.17999999999918,0.8967045049546102,-1.3317638782072327e-12,-0.8766111888335248,-0.1376057400159172
47.18999999999918,0.8967045049546079,-1.3299689233588333e-12,-0.8766111888335275,-0.1376057400159172
47.19999999999918,0.8967045049546056,-1.3281740736585151e-12,-0.8766111888335295,-0.13760574001591716
47.20999999999918,0.8967045049546034,-1.3263897570577684e-12,-0.8766111888335318,-0.13760574001591716
47.219999999999175,0.8967045049546012,-1.3246080736244908e-12,-0.8766111888335341,-0.13760574001591713
47.22999999999917,0.8967045049545989,-1.3228332941106623e-12,-0.8766111888335366,-0.13760574001591713
47.23999999999917,0.8967045049545967,-1.3210587301001748e-12,-0.8766111888335388,-0.1376057400159171
47.24999999999917,0.8967045049545943,-1.3192822052859073e-12,-0.8766111888335416,-0.13760574001591713
47.25999999999917,0.8967045049545921,-1.3174982194078222e-12,-0.8766111888335436,-0.1376057400159171
47.269999999999165,0.8967045049545899,-1.315728022376292e-12,-0.8766111888335457,-0.1376057400159171
47.27999999999916,0.8967045049545875,-1.3139572216148534e-12,-0.8766111888335485,-0.1376057400159171
47.28999999999916,0.8967045049545854,-1.3121862395884292e-12,-0.8766111888335508,-0.1376057400159171
47.29999999999916,0.8967045049545831,-1.310417040253924e-12,-0.8766111888335533,-0.1376057400159171
47.30999999999916,0.8967045049545809,-1.3086445996690738e-12,-0.8766111888335555,-0.13760574001591708
47.319999999999155,0.8967045049545787,-1.3068765529030865e-12,-0.8766111888335577,-0.13760574001591708
47.32999999999915,0.8967045049545764,-1.3051082811200188e-12,-0.8766111888335599,-0.13760574001591705
47.33999999999915,0.8967045049545743,-1.3033516061023057e-12,-0.8766111888335623,-0.13760574001591702
47.34999999999915,0.896704504954572,-1.3016022465345994e-12,-0.8766111888335645,-0.13760574001591702
47.35999999999915,0.8967045049545698,-1.2998466896374053e-12,-0.8766111888335669,-0.13760574001591702
47.369999999999145,0.8967045049545675,-1.2980915221622952e-12,-0.8766111888335694,-0.13760574001591702
47.37999999999914,0.8967045049545653,-1.2963344062357153e-12,-0.876611188833572,-0.13760574001591702
47.38999999999914,0.8967045049545631,-1.2945695187068327e-12,-0.8766111888335744,-0.13760574001591702
47.39999999999914,0.8967045049545609,-1.2928124471503612e-12,-0.876611188833576,-0.137605740015917
47.40999999999914,0.8967045049545588,-1.2910690378210656e-12,-0.8766111888335785,-0.13760574001591697
47.419999999999135,0.8967045049545566,-1.2893269483849945e-12,-0.8766111888335809,-0.13760574001591697
47.42999999999913,0.8967045049545544,-1.2875764678291614e-12,-0.876611188833583,-0.13760574001591697
47.43999999999913,0.8967045049545523,-1.2858253095505521e-12,-0.8766111888335854,-0.13760574001591694
47.44999999999913,0.89670450495455,-1.2840845598218036e-12,-0.876611188833588,-0.13760574001591697
47.45999999999913,0.8967045049545479,-1.2823404120307123e-12,-0.8766111888335903,-0.13760574001591694
47.469999999999125,0.8967045049545457,-1.2806038032908973e-12,-0.8766111888335923,-0.13760574001591697
47.47999999999912,0.8967045049545435,-1.278868883071742e-12,-0.8766111888335949,-0.13760574001591697
47.48999999999912,0.8967045049545412,-1.277125036307135e-12,-0.8766111888335971,-0.13760574001591697
47.49999999999912,0.896704504954539,-1.2753875172706253e-12,-0.8766111888335995,-0.13760574001591694
47.50999999999912,0.8967045049545367,-1.2736500059985819e-12,-0.876611188833602,-0.13760574001591694
47.519999999999115,0.8967045049545344,-1.2719115323353767e-12,-0.8766111888336046,-0.13760574001591697
47.52999999999911,0.8967045049545322,-1.2701632793601762e-12,-0.8766111888336069,-0.1376057400159169
47.53999999999911,0.8967045049545301,-1.2684266718371455e-12,-0.8766111888336089,-0.13760574001591688
47.54999999999911,0.8967045049545279,-1.2667036357479431e-12,-0.8766111888336109,-0.13760574001591686
47.55999999999911,0.8967045049545258,-1.2649962719145335e-12,-0.8766111888336131,-0.13760574001591683
47.569999999999105,0.8967045049545237,-1.2632893443829785e-12,-0.8766111888336152,-0.13760574001591677
47.5799999999991,0.8967045049545217,-1.2615946684384049e-12,-0.8766111888336168,-0.13760574001591674
47.5899999999991,0.8967045049545195,-1.2599122087644621e-12,-0.8766111888336194,-0.13760574001591674
47.5999999999991,0.8967045049545173,-1.2582284163263385e-12,-0.8766111888336214,-0.13760574001591672
47.6099999999991,0.896704504954515,-1.2565502792337534e-12,-0.8766111888336239,-0.13760574001591672
47.619999999999095,0.8967045049545129,-1.2548659052185398e-12,-0.876611188833626,-0.13760574001591672
47.62999999999909,0.8967045049545108,-1.2531895227889432e-12,-0.876611188833628,-0.1376057400159167
47.63999999999909,0.8967045049545086,-1.2515068959628152e-12,-0.8766111888336307,-0.13760574001591666
47.64999999999909,0.8967045049545063,-1.249833460199575e-12,-0.8766111888336331,-0.13760574001591666
47.65999999999909,0.896704504954504,-1.2481536061683605e-12,-0.8766111888336353,-0.13760574001591663
47.669999999999085,0.8967045049545019,-1.2464768840660305e-12,-0.8766111888336373,-0.1376057400159166
47.67999999999908,0.8967045049544997,-1.244804406859337e-12,-0.8766111888336398,-0.13760574001591658
47.68999999999908,0.8967045049544976,-1.243133178225537e-12,-0.8766111888336416,-0.13760574001591658
47.69999999999908,0.8967045049544953,-1.2414726175149524e-12,-0.876611188833644,-0.13760574001591655
47.70999999999908,0.896704504954493,-1.2398198255461595e-12,-0.8766111888336459,-0.13760574001591647
47.719999999999075,0.8967045049544909,-1.2381769105860605e-12,-0.876611188833648,-0.1376057400159164
47.72999999999907,0.896704504954489,-1.2365506302770787e-12,-0.8766111888336496,-0.13760574001591633
47.73999999999907,0.8967045049544867,-1.2349535402726033e-12,-0.8766111888336514,-0.13760574001591627
47.74999999999907,0.8967045049544847,-1.2333671574166062e-12,-0.8766111888336529,-0.1376057400159162
47.75999999999907,0.8967045049544825,-1.2317905751813962e-12,-0.8766111888336551,-0.13760574001591616
47.769999999999065,0.8967045049544805,-1.2302211797996538e-12,-0.8766111888336569,-0.13760574001591608
47.77999999999906,0.8967045049544784,-1.2286670030490424e-12,-0.8766111888336587,-0.13760574001591605
47.78999999999906,0.8967045049544763,-1.2271125283227846e-12,-0.8766111888336608,-0.13760574001591602
47.79999999999906,0.8967045049544742,-1.2255541077617042e-12,-0.8766111888336628,-0.137605740015916
47.80999999999906,0.8967045049544721,-1.2239977501909e-12,-0.8766111888336652,-0.13760574001591597
47.819999999999055,0.89670450495447,-1.2224407926706406e-12,-0.8766111888336667,-0.13760574001591594
47.82999999999905,0.896704504954468,-1.2208926005324702e-12,-0.8766111888336687,-0.13760574001591586
47.83999999999905,0.8967045049544659,-1.219351543977944e-12,-0.8766111888336707,-0.13760574001591583
47.84999999999905,0.8967045049544637,-1.2178084517076208e-12,-0.8766111888336731,-0.13760574001591583
47.85999999999905,0.8967045049544617,-1.2162634939034758e-12,-0.876611188833675,-0.1376057400159158
47.869999999999045,0.8967045049544595,-1.2147098020676044e-12,-0.8766111888336773,-0.13760574001591577
47.87999999999904,0.8967045049544575,-1.213165448484879e-12,-0.8766111888336793,-0.13760574001591572
47.88999999999904,0.8967045049544554,-1.2116233024074429e-12,-0.8766111888336812,-0.13760574001591572
47.89999999999904,0.8967045049544534,-1.2100777053718685e-12,-0.876611188833683,-0.1376057400159157
47.90999999999904,0.8967045049544514,-1.2085371878572029e-12,-0.8766111888336853,-0.1376057400159157
47.919999999999035,0.8967045049544493,-1.2069977825662872e-12,-0.8766111888336872,-0.13760574001591563
47.92999999999903,0.8967045049544473,-1.2054527958909885e-12,-0.8766111888336893,-0.13760574001591563
47.93999999999903,0.8967045049544453,-1.203904184651972e-12,-0.8766111888336915,-0.13760574001591563
47.94999999999903,0.8967045049544432,-1.2023530471452411e-12,-0.8766111888336939,-0.13760574001591566
47.95999999999903,0.8967045049544412,-1.200783593893277e-12,-0.8766111888336959,-0.13760574001591566
47.969999999999025,0.8967045049544391,-1.1992143829176868e-12,-0.8766111888336985,-0.1376057400159157
47.97999999999902,0.8967045049544369,-1.1976303014467894e-12,-0.8766111888337008,-0.1376057400159157
47.98999999999902,0.8967045049544349,-1.196042024606476e-12,-0.8766111888337027,-0.13760574001591563
47.99999999999902,0.8967045049544328,-1.1944595841660905e-12,-0.8766111888337049,-0.1376057400159156
48.00999999999902,0.8967045049544305,-1.1928755168757262e-12,-0.8766111888337074,-0.13760574001591563
48.019999999999015,0.8967045049544285,-1.1912901301286e-12,-0.8766111888337089,-0.13760574001591558
48.02999999999901,0.8967045049544263,-1.1897234557331802e-12,-0.8766111888337113,-0.13760574001591555
48.03999999999901,0.8967045049544244,-1.1881585392728569e-12,-0.8766111888337126,-0.13760574001591547
48.04999999999901,0.8967045049544224,-1.1866152121345745e-12,-0.8766111888337145,-0.13760574001591544
48.05999999999901,0.8967045049544203,-1.1850669292844494e-12,-0.8766111888337167,-0.13760574001591544
48.069999999999006,0.8967045049544182,-1.183516672612821e-12,-0.8766111888337187,-0.13760574001591538
48.079999999999,0.8967045049544162,-1.1819740590939532e-12,-0.8766111888337207,-0.13760574001591533
48.089999999999,0.8967045049544142,-1.1804351403846532e-12,-0.8766111888337225,-0.13760574001591527
48.099999999999,0.8967045049544122,-1.1789084799626505e-12,-0.8766111888337247,-0.13760574001591525
48.109999999999,0.8967045049544103,-1.177383493810196e-12,-0.876611188833726,-0.1376057400159152
48.119999999998996,0.8967045049544081,-1.1758709074303652e-12,-0.8766111888337287,-0.1376057400159152
48.129999999998994,0.8967045049544061,-1.174350299475431e-12,-0.8766111888337305,-0.13760574001591516
48.13999999999899,0.8967045049544042,-1.1728289806199765e-12,-0.8766111888337323,-0.13760574001591513
48.14999999999899,0.8967045049544021,-1.1713154324328999e-12,-0.8766111888337345,-0.13760574001591513
48.15999999999899,0.8967045049544002,-1.1697943794945213e-12,-0.8766111888337363,-0.1376057400159151
48.169999999998986,0.8967045049543982,-1.1682852045155631e-12,-0.876611188833738,-0.1376057400159151
48.179999999998984,0.8967045049543962,-1.1667756553595477e-12,-0.8766111888337405,-0.13760574001591508
48.18999999999898,0.8967045049543944,-1.1652631197747041e-12,-0.876611188833742,-0.13760574001591505
48.19999999999898,0.8967045049543922,-1.1637486494927838e-12,-0.8766111888337447,-0.1376057400159151
48.20999999999898,0.8967045049543904,-1.1622197080627123e-12,-0.8766111888337467,-0.13760574001591505
48.219999999998976,0.8967045049543885,-1.1606970831032804e-12,-0.8766111888337483,-0.13760574001591505
48.229999999998974,0.8967045049543864,-1.1591838342159341e-12,-0.8766111888337508,-0.13760574001591505
48.23999999999897,0.8967045049543845,-1.1576594145888209e-12,-0.8766111888337524,-0.137605740015915
48.24999999999897,0.8967045049543826,-1.156137702437204e-12,-0.8766111888337544,-0.137605740015915
48.25999999999897,0.8967045049543804,-1.1546161573902151e-12,-0.8766111888337574,-0.13760574001591505
48.269999999998966,0.8967045049543785,-1.1530723346036808e-12,-0.8766111888337593,-0.13760574001591502
48.279999999998964,0.8967045049543765,-1.151526352184197e-12,-0.8766111888337613,-0.13760574001591502
48.28999999999896,0.8967045049543745,-1.1499881910172659e-12,-0.8766111888337634,-0.137605740015915
48.29999999999896,0.8967045049543726,-1.1484517740019026e-12,-0.8766111888337652,-0.137605740015915
48.30999999999896,0.8967045049543707,-1.1469172210075537e-12,-0.8766111888337672,-0.137605740015915
48.319999999998956,0.8967045049543688,-1.1453879813796219e-12,-0.8766111888337691,-0.137605740015915
48.329999999998954,0.8967045049543668,-1.143860095134851e-12,-0.8766111888337714,-0.137605740015915
48.33999999999895,0.8967045049543649,-1.1423203775107716e-12,-0.8766111888337735,-0.137605740015915
48.34999999999895,0.8967045049543629,-1.1407799056323579e-12,-0.8766111888337752,-0.137605740015915
48.35999999999895,0.896704504954361,-1.1392516986901393e-12,-0.8766111888337772,-0.137605740015915
48.369999999998946,0.8967045049543592,-1.1377214178045012e-12,-0.8766111888337795,-0.137605740015915
48.379999999998944,0.896704504954357,-1.1361885500405476e-12,-0.876611188833782,-0.13760574001591505
48.38999999999894,0.8967045049543552,-1.1346331567335676e-12,-0.876611188833784,-0.13760574001591502
48.39999999999894,0.8967045049543533,-1.1330877136755138e-12,-0.8766111888337857,-0.13760574001591502
48.40999999999894,0.8967045049543513,-1.1315502351066019e-12,-0.8766111888337879,-0.13760574001591502
48.419999999998936,0.8967045049543494,-1.1300092194081358e-12,-0.87661118883379,-0.13760574001591502
48.429999999998934,0.8967045049543474,-1.1284714703098734e-12,-0.8766111888337922,-0.13760574001591505
48.43999999999893,0.8967045049543455,-1.1269270760420818e-12,-0.8766111888337941,-0.13760574001591502
48.44999999999893,0.8967045049543436,-1.1253922536991069e-12,-0.8766111888337963,-0.13760574001591505
48.45999999999893,0.8967045049543417,-1.1238477065428138e-12,-0.8766111888337983,-0.13760574001591505
48.469999999998926,0.8967045049543397,-1.1223157150023732e-12,-0.8766111888338004,-0.13760574001591508
48.479999999998924,0.8967045049543377,-1.1207784335117989e-12,-0.8766111888338024,-0.13760574001591508
48.48999999999892,0.8967045049543358,-1.1192404662666782e-12,-0.8766111888338044,-0.13760574001591508
48.49999999999892,0.8967045049543338,-1.1177034635761724e-12,-0.8766111888338068,-0.13760574001591508
48.50999999999892,0.896704504954332,-1.116163969946602e-12,-0.8766111888338086,-0.13760574001591508
48.519999999998916,0.8967045049543301,-1.1146254329093448e-12,-0.8766111888338107,-0.13760574001591505
48.529999999998914,0.8967045049543281,-1.1130890488858603e-12,-0.8766111888338123,-0.13760574001591505
48.53999999999891,0.8967045049543262,-1.1115733603543214e-12,-0.8766111888338144,-0.13760574001591502
48.54999999999891,0.8967045049543243,-1.1100632184758478e-12,-0.8766111888338164,-0.13760574001591502
48.55999999999891,0.8967045049543224,-1.1085513417435332e-12,-0.8766111888338182,-0.137605740015915
48.569999999998906,0.8967045049543205,-1.1070439776203535e-12,-0.8766111888338204,-0.137605740015915
48.579999999998904,0.8967045049543187,-1.1055436035413957e-12,-0.8766111888338219,-0.13760574001591494
48.5899999999989,0.8967045049543168,-1.10405384774287e-12,-0.8766111888338242,-0.13760574001591494
48.5999999999989,0.8967045049543149,-1.1025695414029812e-12,-0.876611188833826,-0.13760574001591494
48.6099999999989,0.8967045049543131,-1.1010926075100776e-12,-0.8766111888338277,-0.13760574001591488
48.619999999998896,0.8967045049543113,-1.0996231736075835e-12,-0.8766111888338292,-0.13760574001591488
48.629999999998894,0.8967045049543094,-1.0981645836807698e-12,-0.8766111888338313,-0.13760574001591488
48.63999999999889,0.8967045049543075,-1.0967057747778366e-12,-0.8766111888338332,-0.13760574001591483
48.64999999999889,0.8967045049543056,-1.0952559428766504e-12,-0.876611188833835,-0.13760574001591486
48.65999999999889,0.8967045049543039,-1.0937992344021801e-12,-0.876611188833837,-0.13760574001591483
48.669999999998886,0.8967045049543021,-1.0923460565494037e-12,-0.8766111888338392,-0.13760574001591483
48.679999999998884,0.8967045049543002,-1.090893714216813e-12,-0.8766111888338413,-0.13760574001591483
48.68999999999888,0.8967045049542984,-1.0894319965612548e-12,-0.8766111888338431,-0.13760574001591483
48.69999999999888,0.8967045049542965,-1.0879778215244118e-12,-0.8766111888338448,-0.1376057400159148
48.70999999999888,0.8967045049542948,-1.0865273284833923e-12,-0.8766111888338469,-0.1376057400159148
48.719999999998876,0.8967045049542929,-1.085072203907174e-12,-0.876611188833849,-0.13760574001591483
48.729999999998874,0.8967045049542911,-1.083611230615782e-12,-0.8766111888338507,-0.13760574001591483
48.73999999999887,0.8967045049542893,-1.082151824442217e-12,-0.8766111888338528,-0.13760574001591483
48.74999999999887,0.8967045049542876,-1.0806888004513696e-12,-0.8766111888338546,-0.13760574001591483
48.75999999999887,0.8967045049542857,-1.079223478709062e-12,-0.8766111888338571,-0.13760574001591486
48.769999999998866,0.8967045049542837,-1.0777455303696936e-12,-0.8766111888338592,-0.13760574001591488
48.779999999998864,0.8967045049542819,-1.0762665695075054e-12,-0.8766111888338608,-0.13760574001591486
48.78999999999886,0.8967045049542801,-1.0748072168244323e-12,-0.8766111888338626,-0.13760574001591483
48.79999999999886,0.8967045049542782,-1.0733507115333186e-12,-0.8766111888338649,-0.13760574001591486
48.80999999999886,0.8967045049542764,-1.0718868782803921e-12,-0.8766111888338666,-0.13760574001591483
48.819999999998856,0.8967045049542747,-1.070431516224822e-12,-0.8766111888338683,-0.13760574001591483
48.829999999998854,0.8967045049542728,-1.0689783773682545e-12,-0.8766111888338705,-0.13760574001591483
48.83999999999885,0.8967045049542709,-1.0675198989831961e-12,-0.8766111888338728,-0.13760574001591486
48.84999999999885,0.8967045049542691,-1.0660497793518204e-12,-0.8766111888338747,-0.13760574001591486
48.85999999999885,0.8967045049542672,-1.0645830093164171e-12,-0.8766111888338768,-0.13760574001591486
48.869999999998846,0.8967045049542655,-1.0631135964630144e-12,-0.8766111888338786,-0.1376057400159148
48.879999999998844,0.8967045049542637,-1.0616596405616492e-12,-0.8766111888338805,-0.1376057400159148
48.88999999999884,0.8967045049542618,-1.0602171724029222e-12,-0.8766111888338818,-0.13760574001591475
48.89999999999884,0.89670450495426,-1.058790918673592e-12,-0.8766111888338837,-0.13760574001591475
48.90999999999884,0.8967045049542581,-1.0573674711859693e-12,-0.8766111888338852,-0.13760574001591475
48.919999999998836,0.8967045049542564,-1.0559490331486673e-12,-0.8766111888338873,-0.13760574001591472
48.929999999998834,0.8967045049542545,-1.0545370064467326e-12,-0.8766111888338894,-0.1376057400159147
48.93999999999883,0.8967045049542527,-1.0531292966967602e-12,-0.8766111888338906,-0.13760574001591463
48.94999999999883,0.8967045049542508,-1.0517459836200358e-12,-0.8766111888338922,-0.13760574001591463
48.95999999999883,0.896704504954249,-1.0503649475816943e-12,-0.8766111888338942,-0.13760574001591458
48.96999999999883,0.8967045049542473,-1.0489856463697604e-12,-0.8766111888338958,-0.13760574001591455
48.979999999998824,0.8967045049542455,-1.0476157207402344e-12,-0.8766111888338977,-0.13760574001591452
48.98999999999882,0.8967045049542437,-1.0462480569575127e-12,-0.8766111888338993,-0.1376057400159145
48.99999999999882,0.8967045049542418,-1.0448868450257411e-12,-0.876611188833901,-0.13760574001591447
49.00999999999882,0.8967045049542399,-1.0435257722624915e-12,-0.876611188833903,-0.13760574001591447
49.01999999999882,0.8967045049542381,-1.0421593146305419e-12,-0.8766111888339047,-0.13760574001591444
49.029999999998815,0.8967045049542364,-1.040800921360149e-12,-0.8766111888339065,-0.1376057400159144
49.03999999999881,0.8967045049542346,-1.0394447989995406e-12,-0.8766111888339081,-0.13760574001591439
49.04999999999881,0.8967045049542328,-1.0380895621925512e-12,-0.8766111888339099,-0.13760574001591433
49.05999999999881,0.8967045049542309,-1.036750593227795e-12,-0.8766111888339115,-0.1376057400159143
49.06999999999881,0.8967045049542292,-1.0354184149594161e-12,-0.8766111888339132,-0.13760574001591427
49.079999999998805,0.8967045049542274,-1.0340929522974378e-12,-0.876611188833915,-0.13760574001591422
49.0899999999988,0.8967045049542256,-1.0327699144612856e-12,-0.8766111888339168,-0.1376057400159142
49.0999999999988,0.8967045049542238,-1.0314509187601434e-12,-0.8766111888339181,-0.13760574001591416
49.1099999999988,0.8967045049542218,-1.0301395941131138e-12,-0.8766111888339203,-0.13760574001591414
49.1199999999988,0.89670450495422,-1.028822895087427e-12,-0.8766111888339215,-0.1376057400159141
49.129999999998795,0.8967045049542184,-1.0275127342476762e-12,-0.8766111888339232,-0.13760574001591402
49.13999999999879,0.8967045049542166,-1.0262160999451187e-12,-0.8766111888339251,-0.13760574001591402
49.14999999999879,0.8967045049542149,-1.024921262610094e-12,-0.8766111888339264,-0.13760574001591397
49.15999999999879,0.896704504954213,-1.0236348672539212e-12,-0.8766111888339282,-0.13760574001591394
49.16999999999879,0.8967045049542113,-1.0223452483259808e-12,-0.87661118883393,-0.13760574001591389
49.179999999998785,0.8967045049542096,-1.0210595819266152e-12,-0.8766111888339313,-0.13760574001591383
49.18999999999878,0.896704504954208,-1.0197892753995917e-12,-0.8766111888339326,-0.13760574001591377
49.19999999999878,0.8967045049542062,-1.018523522242792e-12,-0.8766111888339346,-0.13760574001591375
49.20999999999878,0.8967045049542044,-1.0172585910261496e-12,-0.8766111888339361,-0.1376057400159137
49.21999999999878,0.8967045049542026,-1.0159963823109365e-12,-0.8766111888339377,-0.1376057400159137
49.229999999998775,0.8967045049542008,-1.0147302629998338e-12,-0.8766111888339395,-0.13760574001591366
49.23999999999877,0.8967045049541991,-1.0134611247192379e-12,-0.8766111888339413,-0.13760574001591366
49.24999999999877,0.8967045049541973,-1.012188493397736e-12,-0.8766111888339434,-0.1376057400159136
49.25999999999877,0.8967045049541955,-1.0109195486030376e-12,-0.8766111888339444,-0.13760574001591355
49.26999999999877,0.8967045049541938,-1.0096685159671954e-12,-0.876611188833946,-0.1376057400159135
49.279999999998765,0.8967045049541922,-1.008423799908591e-12,-0.8766111888339474,-0.13760574001591347
49.28999999999876,0.8967045049541905,-1.0071837540376605e-12,-0.8766111888339487,-0.1376057400159134
49.29999999999876,0.8967045049541889,-1.0059498154680768e-12,-0.8766111888339502,-0.13760574001591336
49.30999999999876,0.8967045049541871,-1.0047132019856035e-12,-0.8766111888339521,-0.13760574001591336
49.31999999999876,0.8967045049541852,-1.0034755588925984e-12,-0.876611188833954,-0.1376057400159133
49.329999999998755,0.8967045049541834,-1.0022323297546176e-12,-0.8766111888339561,-0.1376057400159133
49.33999999999875,0.8967045049541816,-1.0009846371856517e-12,-0.8766111888339577,-0.13760574001591325
49.34999999999875,0.8967045049541799,-9.997349775256488e-13,-0.876611188833959,-0.13760574001591322
49.35999999999875,0.8967045049541783,-9.984929384698204e-13,-0.8766111888339602,-0.13760574001591314
49.36999999999875,0.8967045049541765,-9.972668384054973e-13,-0.876611188833962,-0.1376057400159131
49.379999999998745,0.8967045049541749,-9.960336119828792e-13,-0.8766111888339637,-0.13760574001591308
49.38999999999874,0.8967045049541732,-9.948055344158633e-13,-0.8766111888339654,-0.13760574001591303
49.39999999999874,0.8967045049541715,-9.935761793898749e-13,-0.8766111888339669,-0.137605740015913
49.40999999999874,0.8967045049541698,-9.923457756176635e-13,-0.8766111888339687,-0.13760574001591297
49.41999999999874,0.896704504954168,-9.911212554627026e-13,-0.8766111888339698,-0.13760574001591291
49.429999999998735,0.8967045049541663,-9.899038981295688e-13,-0.8766111888339715,-0.13760574001591286
49.43999999999873,0.8967045049541646,-9.886956436810612e-13,-0.8766111888339729,-0.13760574001591283
49.44999999999873,0.896704504954163,-9.874924547237357e-13,-0.8766111888339744,-0.13760574001591278
49.45999999999873,0.8967045049541613,-9.862931538585435e-13,-0.8766111888339758,-0.13760574001591275
49.46999999999873,0.8967045049541597,-9.850992001705689e-13,-0.8766111888339775,-0.13760574001591272
49.479999999998725,0.8967045049541579,-9.839056617302827e-13,-0.876611188833979,-0.1376057400159127
49.48999999999872,0.8967045049541561,-9.827063481112666e-13,-0.8766111888339811,-0.13760574001591266
49.49999999999872,0.8967045049541543,-9.814968743891132e-13,-0.876611188833983,-0.13760574001591264
49.50999999999872,0.8967045049541528,-9.802773926222053e-13,-0.8766111888339843,-0.13760574001591258
49.51999999999872,0.8967045049541512,-9.790757294554002e-13,-0.876611188833985,-0.1376057400159125
49.529999999998715,0.8967045049541494,-9.778837021448987e-13,-0.876611188833987,-0.1376057400159125
49.53999999999871,0.8967045049541478,-9.766910909398503e-13,-0.8766111888339887,-0.13760574001591244
49.54999999999871,0.8967045049541461,-9.754919335168202e-13,-0.8766111888339901,-0.13760574001591241
49.55999999999871,0.8967045049541444,-9.742987922210345e-13,-0.8766111888339917,-0.1376057400159124
49.56999999999871,0.8967045049541427,-9.730984430979362e-13,-0.876611188833994,-0.13760574001591241
49.579999999998705,0.8967045049541412,-9.718769781457594e-13,-0.8766111888339951,-0.13760574001591233
49.5899999999987,0.8967045049541394,-9.706732191844944e-13,-0.8766111888339967,-0.13760574001591233
49.5999999999987,0.8967045049541377,-9.694603968278403e-13,-0.876611188833999,-0.13760574001591233
49.6099999999987,0.8967045049541361,-9.682321481850902e-13,-0.8766111888340001,-0.13760574001591228
49.6199999999987,0.8967045049541346,-9.670264932908115e-13,-0.8766111888340014,-0.13760574001591225
49.629999999998695,0.8967045049541328,-9.658235143834208e-13,-0.8766111888340035,-0.13760574001591228
49.63999999999869,0.8967045049541311,-9.645970214072703e-13,-0.8766111888340054,-0.13760574001591228
49.64999999999869,0.8967045049541295,-9.633670514766473e-13,-0.8766111888340066,-0.13760574001591222
49.65999999999869,0.8967045049541279,-9.621471382576632e-13,-0.8766111888340082,-0.1376057400159122
49.66999999999869,0.8967045049541265,-9.60937420998447e-13,-0.8766111888340093,-0.13760574001591214
49.679999999998685,0.8967045049541248,-9.59740175044084e-13,-0.8766111888340112,-0.13760574001591216
49.68999999999868,0.8967045049541231,-9.585261009528023e-13,-0.8766111888340133,-0.13760574001591216
49.69999999999868,0.8967045049541216,-9.573005321017946e-13,-0.8766111888340147,-0.13760574001591214
49.70999999999868,0.8967045049541199,-9.560801821831046e-13,-0.8766111888340166,-0.13760574001591214
49.71999999999868,0.8967045049541184,-9.548587236026962e-13,-0.876611188834018,-0.1376057400159121
49.729999999998675,0.8967045049541167,-9.536304173038002e-13,-0.8766111888340201,-0.13760574001591214
49.73999999999867,0.8967045049541151,-9.523866078712865e-13,-0.8766111888340216,-0.13760574001591214
49.74999999999867,0.8967045049541136,-9.511396348613679e-13,-0.8766111888340234,-0.13760574001591214
49.75999999999867,0.896704504954112,-9.498955257570244e-13,-0.8766111888340249,-0.13760574001591214
49.76999999999867,0.8967045049541106,-9.486556959106798e-13,-0.8766111888340263,-0.13760574001591208
49.779999999998665,0.8967045049541089,-9.474327202148002e-13,-0.8766111888340283,-0.13760574001591214
49.78999999999866,0.8967045049541071,-9.461852705949154e-13,-0.8766111888340306,-0.13760574001591214
49.79999999999866,0.8967045049541056,-9.44931172685552e-13,-0.8766111888340317,-0.13760574001591216
49.80999999999866,0.896704504954104,-9.43680139437486e-13,-0.8766111888340334,-0.13760574001591216
49.81999999999866,0.8967045049541025,-9.424195938164056e-13,-0.8766111888340352,-0.13760574001591216
49.829999999998655,0.8967045049541009,-9.411575122852527e-13,-0.8766111888340371,-0.13760574001591214
49.83999999999865,0.8967045049540994,-9.39896838687747e-13,-0.8766111888340387,-0.13760574001591214
49.84999999999865,0.8967045049540977,-9.386413680422855e-13,-0.8766111888340407,-0.1376057400159122
49.85999999999865,0.896704504954096,-9.37369527085445e-13,-0.8766111888340421,-0.13760574001591216
49.86999999999865,0.8967045049540945,-9.361015168826312e-13,-0.876611188834044,-0.13760574001591216
49.879999999998645,0.8967045049540929,-9.348349409587449e-13,-0.8766111888340458,-0.13760574001591216
49.88999999999864,0.8967045049540914,-9.335723616380027e-13,-0.8766111888340474,-0.1376057400159122
49.89999999999864,0.8967045049540897,-9.323017436328578e-13,-0.8766111888340498,-0.13760574001591222
49.90999999999864,0.8967045049540882,-9.31012744627041e-13,-0.8766111888340511,-0.13760574001591222
49.91999999999864,0.8967045049540866,-9.297325999025462e-13,-0.8766111888340531,-0.13760574001591222
49.929999999998635,0.896704504954085,-9.284532600068536e-13,-0.8766111888340545,-0.13760574001591222
49.93999999999863,0.8967045049540834,-9.271790238774549e-13,-0.8766111888340562,-0.13760574001591222
49.94999999999863,0.8967045049540818,-9.258983055957334e-13,-0.8766111888340581,-0.13760574001591222
49.95999999999863,0.8967045049540803,-9.246222435374027e-13,-0.8766111888340598,-0.13760574001591222
49.96999999999863,0.8967045049540787,-9.233561699440148e-13,-0.8766111888340613,-0.13760574001591222
49.979999999998626,0.8967045049540772,-9.220794412008506e-13,-0.8766111888340631,-0.13760574001591222
49.98999999999862,0.8967045049540756,-9.208139289761034e-13,-0.8766111888340644,-0.1376057400159122
49.99999999999862,0.896704504954074,-9.195546798544208e-13,-0.8766111888340661,-0.1376057400159122
50.00999999999862,0.8967045049540724,-9.183016097644083e-13,-0.8766111888340679,-0.1376057400159122
50.01999999999862,0.8967045049540708,-9.170531182139177e-13,-0.8766111888340695,-0.1376057400159122
50.029999999998616,0.8967045049540693,-9.157991117384485e-13,-0.8766111888340713,-0.1376057400159122
50.039999999998614,0.8967045049540677,-9.145443991119238e-13,-0.8766111888340729,-0.1376057400159122
50.04999999999861,0.8967045049540663,-9.132967831224381e-13,-0.8766111888340743,-0.13760574001591216
50.05999999999861,0.8967045049540647,-9.120596348113953e-13,-0.8766111888340758,-0.13760574001591216
50.06999999999861,0.8967045049540632,-9.108207251297098e-13,-0.8766111888340777,-0.13760574001591216
50.079999999998606,0.8967045049540616,-9.09580782901581e-13,-0.8766111888340795,-0.13760574001591216
50.089999999998604,0.8967045049540601,-9.083398178150534e-13,-0.876611188834081,-0.13760574001591214
50.0999999999986,0.8967045049540585,-9.071089490280028e-13,-0.8766111888340827,-0.13760574001591214
50.1099999999986,0.8967045049540571,-9.058750393833676e-13,-0.876611188834084,-0.1376057400159121
50.1199999999986,0.8967045049540555,-9.046411259831292e-13,-0.8766111888340861,-0.13760574001591214
50.129999999998596,0.8967045049540541,-9.034008841214689e-13,-0.8766111888340875,-0.13760574001591214
50.139999999998594,0.8967045049540525,-9.021691335930508e-13,-0.8766111888340895,-0.13760574001591216
50.14999999999859,0.896704504954051,-9.009231387444449e-13,-0.8766111888340912,-0.1376057400159122
50.15999999999859,0.8967045049540494,-8.996771048638563e-13,-0.8766111888340925,-0.13760574001591216
50.16999999999859,0.8967045049540479,-8.98435064999842e-13,-0.8766111888340945,-0.1376057400159122
50.179999999998586,0.8967045049540464,-8.971932306363299e-13,-0.8766111888340957,-0.13760574001591216
50.189999999998584,0.8967045049540449,-8.959594716190252e-13,-0.8766111888340974,-0.1376057400159122
50.19999999999858,0.8967045049540434,-8.947224248816332e-13,-0.8766111888340993,-0.13760574001591216
50.20999999999858,0.8967045049540419,-8.934867279941983e-13,-0.8766111888341008,-0.1376057400159122
50.21999999999858,0.8967045049540403,-8.922543454698596e-13,-0.8766111888341026,-0.13760574001591216
50.229999999998576,0.8967045049540389,-8.910263497949115e-13,-0.8766111888341039,-0.13760574001591216
50.239999999998574,0.8967045049540373,-8.898035140501979e-13,-0.8766111888341054,-0.13760574001591214
50.24999999999857,0.8967045049540358,-8.885920462903527e-13,-0.8766111888341073,-0.13760574001591216
50.25999999999857,0.8967045049540343,-8.873674488035937e-13,-0.8766111888341086,-0.13760574001591214
50.26999999999857,0.8967045049540328,-8.861523222095906e-13,-0.8766111888341105,-0.13760574001591216
50.279999999998566,0.8967045049540313,-8.849331755343651e-13,-0.8766111888341118,-0.13760574001591214
50.289999999998564,0.8967045049540299,-8.837145328662314e-13,-0.8766111888341137,-0.13760574001591216
50.29999999999856,0.8967045049540283,-8.824917024000444e-13,-0.8766111888341156,-0.1376057400159122
50.30999999999856,0.8967045049540269,-8.812616760631433e-13,-0.876611188834117,-0.13760574001591216
50.31999999999856,0.8967045049540253,-8.800401566666663e-13,-0.8766111888341186,-0.13760574001591216
50.329999999998556,0.8967045049540239,-8.788302142357472e-13,-0.8766111888341199,-0.13760574001591216
50.339999999998554,0.8967045049540224,-8.776236117059986e-13,-0.8766111888341215,-0.13760574001591214
50.34999999999855,0.896704504954021,-8.764234951332663e-13,-0.8766111888341231,-0.13760574001591214
50.35999999999855,0.8967045049540195,-8.752204983814712e-13,-0.8766111888341249,-0.13760574001591216
50.36999999999855,0.8967045049540181,-8.740164804934749e-13,-0.8766111888341263,-0.13760574001591216
50.379999999998546,0.8967045049540167,-8.728209986547064e-13,-0.8766111888341278,-0.1376057400159122
50.389999999998544,0.8967045049540151,-8.716228635197298e-13,-0.8766111888341301,-0.13760574001591222
50.39999999999854,0.8967045049540137,-8.704119316890192e-13,-0.8766111888341314,-0.13760574001591222
50.40999999999854,0.8967045049540121,-8.692005245664627e-13,-0.876611188834133,-0.13760574001591222
50.41999999999854,0.8967045049540107,-8.679912050936637e-13,-0.8766111888341348,-0.13760574001591222
50.429999999998536,0.8967045049540092,-8.667799298169673e-13,-0.8766111888341362,-0.13760574001591222
50.439999999998534,0.8967045049540078,-8.655706141853249e-13,-0.876611188834138,-0.13760574001591222
50.44999999999853,0.8967045049540063,-8.643565034142466e-13,-0.8766111888341397,-0.13760574001591225
50.45999999999853,0.8967045049540048,-8.63141331014375e-13,-0.8766111888341419,-0.13760574001591228
50.46999999999853,0.8967045049540033,-8.619119933962967e-13,-0.8766111888341434,-0.1376057400159123
50.479999999998526,0.8967045049540019,-8.606881079447928e-13,-0.8766111888341451,-0.1376057400159123
50.489999999998524,0.8967045049540003,-8.594601251926473e-13,-0.8766111888341465,-0.13760574001591228
50.49999999999852,0.8967045049539989,-8.582481829264407e-13,-0.8766111888341481,-0.1376057400159123
50.50999999999852,0.8967045049539974,-8.570315597948475e-13,-0.8766111888341497,-0.13760574001591228
50.51999999999852,0.896704504953996,-8.558242551481373e-13,-0.8766111888341513,-0.1376057400159123
50.529999999998516,0.8967045049539946,-8.546147341932113e-13,-0.8766111888341529,-0.1376057400159123
50.539999999998514,0.8967045049539931,-8.534095622484077e-13,-0.8766111888341546,-0.1376057400159123
50.54999999999851,0.8967045049539917,-8.522038139883375e-13,-0.876611188834156,-0.1376057400159123
50.55999999999851,0.8967045049539902,-8.510097685672158e-13,-0.8766111888341575,-0.13760574001591228
50.56999999999851,0.8967045049539887,-8.498199488368868e-13,-0.876611188834159,-0.13760574001591228
50.579999999998506,0.8967045049539872,-8.486484322114803e-13,-0.8766111888341602,-0.13760574001591228
50.589999999998504,0.8967045049539858,-8.474744121840172e-13,-0.8766111888341619,-0.13760574001591225
50.5999999999985,0.8967045049539843,-8.463069148414559e-13,-0.8766111888341633,-0.13760574001591225
50.6099999999985,0.8967045049539829,-8.451436408150102e-13,-0.8766111888341651,-0.13760574001591222
50.6199999999985,0.8967045049539815,-8.439843366600795e-13,-0.8766111888341663,-0.13760574001591222
50.629999999998496,0.89670450495398,-8.428294195504638e-13,-0.8766111888341679,-0.1376057400159122
50.639999999998494,0.8967045049539785,-8.416831967058964e-13,-0.8766111888341694,-0.13760574001591222
50.64999999999849,0.8967045049539769,-8.405408715086918e-13,-0.876611188834171,-0.1376057400159122
50.65999999999849,0.8967045049539755,-8.394046245451884e-13,-0.8766111888341722,-0.13760574001591216
50.66999999999849,0.896704504953974,-8.382742707331451e-13,-0.8766111888341735,-0.13760574001591214
50.679999999998486,0.8967045049539726,-8.371494049161562e-13,-0.876611188834175,-0.1376057400159121
50.689999999998484,0.8967045049539711,-8.36024213703816e-13,-0.8766111888341768,-0.13760574001591208
50.69999999999848,0.8967045049539697,-8.349052202707653e-13,-0.8766111888341779,-0.13760574001591205
50.70999999999848,0.8967045049539681,-8.337915126728711e-13,-0.8766111888341794,-0.13760574001591205
50.71999999999848,0.8967045049539667,-8.326806659545051e-13,-0.8766111888341805,-0.137605740015912
50.729999999998476,0.8967045049539653,-8.315778438022172e-13,-0.876611188834182,-0.13760574001591197
50.739999999998474,0.8967045049539638,-8.304846017642893e-13,-0.8766111888341834,-0.13760574001591194
50.74999999999847,0.8967045049539624,-8.293983509812528e-13,-0.8766111888341845,-0.1376057400159119
50.75999999999847,0.8967045049539609,-8.283243677137848e-13,-0.8766111888341858,-0.13760574001591186
50.76999999999847,0.8967045049539594,-8.272540297265089e-13,-0.8766111888341872,-0.1376057400159118
50.779999999998466,0.8967045049539579,-8.261972708822877e-13,-0.8766111888341881,-0.13760574001591175
50.789999999998464,0.8967045049539565,-8.251497860326081e-13,-0.8766111888341896,-0.13760574001591172
50.79999999999846,0.896704504953955,-8.241050249536899e-13,-0.8766111888341909,-0.13760574001591167
50.80999999999846,0.8967045049539536,-8.230666243788698e-13,-0.8766111888341923,-0.13760574001591164
50.81999999999846,0.8967045049539522,-8.220364326097205e-13,-0.8766111888341934,-0.13760574001591158
50.829999999998456,0.8967045049539507,-8.210206555264386e-13,-0.876611188834194,-0.13760574001591147
50.839999999998454,0.8967045049539493,-8.200245606076854e-13,-0.8766111888341953,-0.13760574001591142
50.84999999999845,0.8967045049539478,-8.190262698772859e-13,-0.8766111888341968,-0.1376057400159114
50.85999999999845,0.8967045049539465,-8.180325628350754e-13,-0.8766111888341976,-0.1376057400159113
50.86999999999845,0.896704504953945,-8.170485306070606e-13,-0.8766111888341989,-0.13760574001591128
50.87999999999845,0.8967045049539436,-8.160621995806453e-13,-0.8766111888341999,-0.13760574001591122
50.889999999998444,0.8967045049539422,-8.150899358002502e-13,-0.8766111888342012,-0.1376057400159112
50.89999999999844,0.8967045049539408,-8.141174446073488e-13,-0.8766111888342023,-0.13760574001591114
50.90999999999844,0.8967045049539395,-8.131453031443462e-13,-0.8766111888342036,-0.1376057400159111
50.91999999999844,0.896704504953938,-8.121828138838637e-13,-0.876611188834205,-0.13760574001591108
50.92999999999844,0.8967045049539367,-8.112108936334024e-13,-0.8766111888342063,-0.13760574001591103
50.939999999998435,0.8967045049539353,-8.102390914247012e-13,-0.8766111888342074,-0.13760574001591097
50.94999999999843,0.896704504953934,-8.092767786643228e-13,-0.8766111888342085,-0.13760574001591094
50.95999999999843,0.8967045049539326,-8.083129779547257e-13,-0.8766111888342096,-0.1376057400159109
50.96999999999843,0.8967045049539313,-8.073538145049063e-13,-0.8766111888342113,-0.13760574001591086
50.97999999999843,0.8967045049539298,-8.063841478918565e-13,-0.8766111888342127,-0.1376057400159109
50.989999999998425,0.8967045049539285,-8.054068800851551e-13,-0.876611188834214,-0.1376057400159109
50.99999999999842,0.8967045049539272,-8.04423366991122e-13,-0.8766111888342156,-0.13760574001591086
51.00999999999842,0.8967045049539258,-8.0344276297609e-13,-0.8766111888342168,-0.13760574001591083
51.01999999999842,0.8967045049539244,-8.024564965527639e-13,-0.8766111888342183,-0.13760574001591083
51.02999999999842,0.896704504953923,-8.014628909445833e-13,-0.8766111888342197,-0.13760574001591083
51.039999999998415,0.8967045049539216,-8.004639857036916e-13,-0.8766111888342211,-0.1376057400159108
51.04999999999841,0.8967045049539203,-7.994682698129195e-13,-0.8766111888342223,-0.13760574001591078
51.05999999999841,0.896704504953919,-7.984696003717019e-13,-0.8766111888342238,-0.13760574001591078
51.06999999999841,0.8967045049539176,-7.974647657168406e-13,-0.8766111888342255,-0.13760574001591078
51.07999999999841,0.8967045049539163,-7.964496147037881e-13,-0.8766111888342267,-0.13760574001591078
51.089999999998405,0.896704504953915,-7.954336901147712e-13,-0.8766111888342282,-0.13760574001591078
51.0999999999984,0.8967045049539134,-7.944074442626219e-13,-0.8766111888342301,-0.13760574001591078
51.1099999999984,0.896704504953912,-7.933753036834316e-13,-0.8766111888342315,-0.13760574001591078
51.1199999999984,0.8967045049539105,-7.923310209556133e-13,-0.8766111888342334,-0.13760574001591078
51.1299999999984,0.8967045049539091,-7.912782191246089e-13,-0.8766111888342346,-0.13760574001591078
51.139999999998395,0.8967045049539077,-7.902308397016051e-13,-0.8766111888342358,-0.13760574001591072
51.14999999999839,0.8967045049539064,-7.891979008715489e-13,-0.8766111888342369,-0.13760574001591067
51.15999999999839,0.8967045049539051,-7.881726839759209e-13,-0.876611188834238,-0.13760574001591064
51.16999999999839,0.8967045049539036,-7.871628698215335e-13,-0.8766111888342393,-0.13760574001591058
51.17999999999839,0.8967045049539023,-7.861528229611865e-13,-0.8766111888342405,-0.13760574001591055
51.189999999998385,0.896704504953901,-7.851435704681252e-13,-0.8766111888342419,-0.13760574001591053
51.19999999999838,0.8967045049538996,-7.841419178217018e-13,-0.8766111888342427,-0.13760574001591047
51.20999999999838,0.8967045049538983,-7.831544462578089e-13,-0.8766111888342438,-0.13760574001591044
51.21999999999838,0.896704504953897,-7.821731240494372e-13,-0.8766111888342456,-0.13760574001591042
51.22999999999838,0.8967045049538955,-7.811862966157816e-13,-0.8766111888342468,-0.1376057400159104
51.239999999998375,0.8967045049538942,-7.801958253599914e-13,-0.876611188834248,-0.13760574001591036
51.24999999999837,0.8967045049538929,-7.792147121452745e-13,-0.8766111888342492,-0.13760574001591033
51.25999999999837,0.8967045049538916,-7.782393139393058e-13,-0.87661118883425,-0.13760574001591028
51.26999999999837,0.8967045049538903,-7.772714108212118e-13,-0.8766111888342518,-0.13760574001591028
51.27999999999837,0.896704504953889,-7.762944474957506e-13,-0.876611188834253,-0.13760574001591028
51.289999999998365,0.8967045049538878,-7.753156567616689e-13,-0.8766111888342542,-0.13760574001591022
51.29999999999836,0.8967045049538863,-7.743411476695279e-13,-0.8766111888342555,-0.13760574001591022
51.30999999999836,0.896704504953885,-7.733579611769772e-13,-0.8766111888342573,-0.1376057400159102
51.31999999999836,0.8967045049538838,-7.723752130406471e-13,-0.8766111888342583,-0.13760574001591017
51.32999999999836,0.8967045049538824,-7.713918659504127e-13,-0.8766111888342597,-0.13760574001591017
51.339999999998355,0.8967045049538811,-7.704117949997571e-13,-0.876611188834261,-0.13760574001591017
51.34999999999835,0.8967045049538799,-7.694226412978808e-13,-0.8766111888342626,-0.13760574001591014
51.35999999999835,0.8967045049538785,-7.684354492061786e-13,-0.8766111888342637,-0.13760574001591014
51.36999999999835,0.8967045049538772,-7.67441507383528e-13,-0.8766111888342654,-0.13760574001591014
51.37999999999835,0.8967045049538758,-7.66441455550683e-13,-0.8766111888342667,-0.13760574001591014
51.389999999998345,0.8967045049538744,-7.654411425409502e-13,-0.8766111888342681,-0.13760574001591014
51.39999999999834,0.896704504953873,-7.644381909181707e-13,-0.8766111888342697,-0.13760574001591014
51.40999999999834,0.8967045049538717,-7.634224250457312e-13,-0.8766111888342711,-0.13760574001591008
51.41999999999834,0.8967045049538703,-7.624160250425163e-13,-0.8766111888342719,-0.13760574001591006
51.42999999999834,0.896704504953869,-7.614257297936174e-13,-0.8766111888342731,-0.13760574001591
51.439999999998335,0.8967045049538677,-7.604381308523242e-13,-0.8766111888342746,-0.13760574001590997
51.44999999999833,0.8967045049538663,-7.594626368272668e-13,-0.8766111888342754,-0.13760574001590992
51.45999999999833,0.896704504953865,-7.58498346687909e-13,-0.8766111888342767,-0.13760574001590986
51.46999999999833,0.8967045049538638,-7.575464855269676e-13,-0.8766111888342775,-0.1376057400159098
51.47999999999833,0.8967045049538623,-7.566018692689489e-13,-0.876611188834279,-0.1376057400159098
51.489999999998325,0.8967045049538611,-7.556498082957835e-13,-0.8766111888342801,-0.13760574001590975
51.49999999999832,0.8967045049538599,-7.547126569355648e-13,-0.8766111888342811,-0.1376057400159097
51.50999999999832,0.8967045049538586,-7.537877747405031e-13,-0.8766111888342818,-0.13760574001590964
51.51999999999832,0.8967045049538572,-7.528655162797153e-13,-0.8766111888342834,-0.13760574001590964
51.52999999999832,0.896704504953856,-7.519408367399452e-13,-0.8766111888342841,-0.13760574001590958
51.539999999998315,0.8967045049538547,-7.510215003538916e-13,-0.8766111888342859,-0.13760574001590958
51.54999999999831,0.8967045049538535,-7.500964257457376e-13,-0.8766111888342869,-0.13760574001590956
51.55999999999831,0.8967045049538522,-7.491701803648903e-13,-0.8766111888342882,-0.13760574001590953
51.56999999999831,0.8967045049538509,-7.482356229604456e-13,-0.8766111888342896,-0.13760574001590953
51.57999999999831,0.8967045049538496,-7.472930838259623e-13,-0.8766111888342909,-0.13760574001590953
51.589999999998305,0.8967045049538482,-7.463529181484157e-13,-0.8766111888342922,-0.1376057400159095
51.5999999999983,0.896704504953847,-7.454146845220998e-13,-0.8766111888342932,-0.13760574001590947
51.6099999999983,0.8967045049538457,-7.444726070699207e-13,-0.8766111888342946,-0.13760574001590947
51.6199999999983,0.8967045049538445,-7.435330415858099e-13,-0.876611188834296,-0.13760574001590944
51.6299999999983,0.8967045049538432,-7.425874795847793e-13,-0.8766111888342971,-0.13760574001590942
51.639999999998295,0.896704504953842,-7.416467184946468e-13,-0.8766111888342987,-0.13760574001590942
51.64999999999829,0.8967045049538408,-7.407038878040208e-13,-0.8766111888342997,-0.13760574001590942
51.65999999999829,0.8967045049538395,-7.397610421447398e-13,-0.8766111888343012,-0.13760574001590944
51.66999999999829,0.8967045049538382,-7.388052963946311e-13,-0.8766111888343027,-0.13760574001590944
51.67999999999829,0.8967045049538369,-7.378469915514554e-13,-0.8766111888343038,-0.13760574001590942
51.689999999998285,0.8967045049538357,-7.368913827227167e-13,-0.8766111888343049,-0.1376057400159094
51.69999999999828,0.8967045049538346,-7.359368928396322e-13,-0.8766111888343061,-0.13760574001590936
51.70999999999828,0.8967045049538334,-7.349903065592082e-13,-0.8766111888343074,-0.13760574001590936
51.71999999999828,0.896704504953832,-7.340308592965342e-13,-0.876611188834309,-0.13760574001590936
51.72999999999828,0.8967045049538308,-7.330767277853374e-13,-0.87661118883431,-0.13760574001590933
51.739999999998275,0.8967045049538296,-7.321243393735587e-13,-0.8766111888343113,-0.13760574001590933
51.74999999999827,0.8967045049538284,-7.311674137980933e-13,-0.8766111888343127,-0.13760574001590933
51.75999999999827,0.896704504953827,-7.302162820171621e-13,-0.8766111888343134,-0.13760574001590933
51.76999999999827,0.8967045049538258,-7.292617425626639e-13,-0.876611188834315,-0.13760574001590933
51.77999999999827,0.8967045049538246,-7.28312978684379e-13,-0.8766111888343163,-0.13760574001590933
51.789999999998265,0.8967045049538234,-7.273588415601811e-13,-0.8766111888343179,-0.1376057400159093
51.79999999999826,0.8967045049538221,-7.263972075347086e-13,-0.8766111888343191,-0.13760574001590933
51.80999999999826,0.8967045049538209,-7.254319076377797e-13,-0.8766111888343203,-0.13760574001590933
51.81999999999826,0.8967045049538197,-7.24465798128058e-13,-0.8766111888343219,-0.13760574001590933
51.82999999999826,0.8967045049538185,-7.234862779220234e-13,-0.8766111888343233,-0.13760574001590933
51.839999999998255,0.8967045049538171,-7.225023807667249e-13,-0.8766111888343249,-0.13760574001590933
51.84999999999825,0.8967045049538159,-7.215127131452311e-13,-0.8766111888343261,-0.13760574001590933
51.85999999999825,0.8967045049538147,-7.205326851014033e-13,-0.8766111888343271,-0.13760574001590933
51.86999999999825,0.8967045049538136,-7.195560694981112e-13,-0.8766111888343282,-0.1376057400159093
51.87999999999825,0.8967045049538125,-7.185906907707039e-13,-0.8766111888343294,-0.1376057400159093
51.889999999998246,0.8967045049538112,-7.176208127197895e-13,-0.876611188834331,-0.13760574001590933
51.89999999999824,0.8967045049538099,-7.166425248689954e-13,-0.8766111888343328,-0.1376057400159094
51.90999999999824,0.8967045049538087,-7.156557837852382e-13,-0.8766111888343342,-0.1376057400159094
51.91999999999824,0.8967045049538075,-7.14663944529139e-13,-0.8766111888343352,-0.1376057400159094
51.92999999999824,0.8967045049538063,-7.136679230852849e-13,-0.8766111888343369,-0.1376057400159094
51.939999999998236,0.8967045049538052,-7.126770223019162e-13,-0.8766111888343378,-0.13760574001590936
51.949999999998234,0.8967045049538039,-7.116964265349373e-13,-0.8766111888343393,-0.13760574001590942
51.95999999999823,0.8967045049538026,-7.106973045414406e-13,-0.8766111888343413,-0.13760574001590944
51.96999999999823,0.8967045049538014,-7.096866582026309e-13,-0.8766111888343424,-0.13760574001590944
51.97999999999823,0.8967045049538002,-7.086741534934082e-13,-0.8766111888343437,-0.13760574001590947
51.989999999998226,0.8967045049537989,-7.076666428640044e-13,-0.8766111888343454,-0.13760574001590947
51.999999999998224,0.8967045049537978,-7.066572857290488e-13,-0.8766111888343464,-0.13760574001590944
52.00999999999822,0.8967045049537967,-7.056625001422111e-13,-0.8766111888343476,-0.13760574001590947
52.01999999999822,0.8967045049537955,-7.046659846980601e-13,-0.876611188834349,-0.13760574001590947
52.02999999999822,0.8967045049537944,-7.036710410711725e-13,-0.8766111888343504,-0.13760574001590947
52.039999999998216,0.8967045049537932,-7.026776263644367e-13,-0.8766111888343517,-0.13760574001590953
52.049999999998214,0.896704504953792,-7.016782859215509e-13,-0.8766111888343534,-0.13760574001590956
52.05999999999821,0.8967045049537908,-7.006744526461798e-13,-0.8766111888343542,-0.13760574001590953
52.06999999999821,0.8967045049537896,-6.996844851097832e-13,-0.876611188834356,-0.13760574001590956
52.07999999999821,0.8967045049537883,-6.986832529530497e-13,-0.8766111888343574,-0.13760574001590956
52.089999999998206,0.8967045049537872,-6.976907169900561e-13,-0.876611188834358,-0.13760574001590953
52.099999999998204,0.8967045049537861,-6.967164250884961e-13,-0.8766111888343591,-0.1376057400159095
52.1099999999982,0.896704504953785,-6.957464265434794e-13,-0.8766111888343602,-0.1376057400159095
52.1199999999982,0.8967045049537837,-6.947805275714445e-13,-0.8766111888343617,-0.13760574001590953
52.1299999999982,0.8967045049537825,-6.938146401739366e-13,-0.876611188834363,-0.13760574001590953
52.139999999998196,0.8967045049537814,-6.928577107818178e-13,-0.876611188834364,-0.13760574001590953
52.149999999998194,0.8967045049537803,-6.918998156467525e-13,-0.8766111888343655,-0.13760574001590953
52.15999999999819,0.896704504953779,-6.909459746677976e-13,-0.8766111888343673,-0.13760574001590958
52.16999999999819,0.8967045049537777,-6.899647661853211e-13,-0.8766111888343686,-0.1376057400159096
52.17999999999819,0.8967045049537765,-6.889859280425793e-13,-0.8766111888343696,-0.13760574001590964
52.189999999998186,0.8967045049537754,-6.880062649441243e-13,-0.8766111888343708,-0.1376057400159096
52.199999999998184,0.8967045049537743,-6.87043110216981e-13,-0.876611188834372,-0.1376057400159096
52.20999999999818,0.8967045049537731,-6.860804153488495e-13,-0.8766111888343735,-0.13760574001590967
52.21999999999818,0.896704504953772,-6.851075844756706e-13,-0.8766111888343747,-0.13760574001590967
52.22999999999818,0.8967045049537709,-6.841449331680886e-13,-0.8766111888343759,-0.1376057400159097
52.239999999998176,0.8967045049537697,-6.83181829731553e-13,-0.8766111888343774,-0.1376057400159097
52.249999999998174,0.8967045049537685,-6.822130471726427e-13,-0.8766111888343789,-0.13760574001590972
52.25999999999817,0.8967045049537673,-6.812382399672713e-13,-0.8766111888343804,-0.13760574001590978
52.26999999999817,0.8967045049537662,-6.802589483627573e-13,-0.876611188834382,-0.13760574001590978
52.27999999999817,0.8967045049537651,-6.79273590101222e-13,-0.8766111888343827,-0.13760574001590978
52.289999999998166,0.896704504953764,-6.78295541114946e-13,-0.8766111888343844,-0.13760574001590978
52.299999999998164,0.8967045049537627,-6.773206018925078e-13,-0.8766111888343854,-0.13760574001590983
52.30999999999816,0.8967045049537615,-6.763462329958869e-13,-0.8766111888343872,-0.13760574001590983
52.31999999999816,0.8967045049537603,-6.75365279175288e-13,-0.8766111888343885,-0.13760574001590986
52.32999999999816,0.8967045049537592,-6.74381944678008e-13,-0.8766111888343896,-0.1376057400159099
52.339999999998156,0.8967045049537581,-6.733909239824753e-13,-0.8766111888343913,-0.13760574001590992
52.349999999998154,0.896704504953757,-6.723997805194868e-13,-0.8766111888343925,-0.13760574001590992
52.35999999999815,0.8967045049537558,-6.714152279716979e-13,-0.8766111888343939,-0.13760574001590994
52.36999999999815,0.8967045049537546,-6.704222178106739e-13,-0.8766111888343951,-0.13760574001590992
52.37999999999815,0.8967045049537534,-6.694407018797443e-13,-0.8766111888343965,-0.13760574001590994
52.389999999998146,0.8967045049537522,-6.684631728461692e-13,-0.8766111888343974,-0.13760574001590994
52.399999999998144,0.896704504953751,-6.674957159293634e-13,-0.8766111888343988,-0.13760574001590992
52.40999999999814,0.8967045049537498,-6.665334836507471e-13,-0.8766111888343996,-0.1376057400159099
52.41999999999814,0.8967045049537486,-6.655964928763417e-13,-0.8766111888344007,-0.13760574001590983
52.42999999999814,0.8967045049537475,-6.646677979723642e-13,-0.8766111888344016,-0.1376057400159098
52.439999999998136,0.8967045049537464,-6.637601314989916e-13,-0.8766111888344026,-0.13760574001590978
52.449999999998134,0.8967045049537453,-6.628574225190362e-13,-0.8766111888344038,-0.13760574001590975
52.45999999999813,0.8967045049537441,-6.619639728560523e-13,-0.876611188834405,-0.13760574001590975
52.46999999999813,0.8967045049537429,-6.610648525927625e-13,-0.8766111888344064,-0.13760574001590972
52.47999999999813,0.8967045049537418,-6.601672262385792e-13,-0.8766111888344071,-0.1376057400159097
52.489999999998126,0.8967045049537405,-6.592851392634108e-13,-0.8766111888344081,-0.13760574001590967
52.499999999998124,0.8967045049537394,-6.584112852432362e-13,-0.8766111888344089,-0.1376057400159096
52.50999999999812,0.8967045049537384,-6.575512433435518e-13,-0.8766111888344097,-0.13760574001590956
52.51999999999812,0.8967045049537373,-6.567063064835552e-13,-0.8766111888344108,-0.13760574001590953
52.52999999999812,0.8967045049537362,-6.558713801151559e-13,-0.8766111888344118,-0.13760574001590947
52.539999999998116,0.8967045049537351,-6.550347673667019e-13,-0.8766111888344126,-0.13760574001590944
52.549999999998114,0.896704504953734,-6.542065998131272e-13,-0.8766111888344137,-0.13760574001590942
52.55999999999811,0.8967045049537329,-6.533816202659084e-13,-0.8766111888344148,-0.13760574001590942
52.56999999999811,0.8967045049537317,-6.525575436798497e-13,-0.876611188834416,-0.1376057400159094
52.57999999999811,0.8967045049537306,-6.51724961482658e-13,-0.8766111888344171,-0.13760574001590936
52.589999999998106,0.8967045049537294,-6.509022834289815e-13,-0.8766111888344179,-0.13760574001590933
52.599999999998104,0.8967045049537283,-6.50090438770599e-13,-0.8766111888344192,-0.13760574001590933
52.6099999999981,0.8967045049537272,-6.492686196587771e-13,-0.87661118883442,-0.1376057400159093
52.6199999999981,0.8967045049537261,-6.484578283579609e-13,-0.8766111888344212,-0.13760574001590928
52.6299999999981,0.896704504953725,-6.476484823421483e-13,-0.8766111888344221,-0.13760574001590925
52.639999999998096,0.8967045049537239,-6.468435934796564e-13,-0.8766111888344231,-0.13760574001590922
52.649999999998094,0.8967045049537228,-6.460456730365962e-13,-0.8766111888344238,-0.1376057400159092
52.65999999999809,0.8967045049537217,-6.452530631871163e-13,-0.8766111888344248,-0.13760574001590917
52.66999999999809,0.8967045049537206,-6.444675388136054e-13,-0.876611188834426,-0.13760574001590917
52.67999999999809,0.8967045049537195,-6.436746768198859e-13,-0.8766111888344271,-0.13760574001590914
52.689999999998086,0.8967045049537183,-6.428718233059692e-13,-0.8766111888344283,-0.1376057400159091
52.699999999998084,0.8967045049537172,-6.420715359148915e-13,-0.8766111888344292,-0.1376057400159091
52.70999999999808,0.8967045049537161,-6.412729792309143e-13,-0.8766111888344303,-0.13760574001590908
52.71999999999808,0.8967045049537151,-6.404782819502097e-13,-0.876611188834431,-0.13760574001590906
52.72999999999808,0.8967045049537139,-6.396864065765385e-13,-0.8766111888344325,-0.13760574001590903
52.739999999998076,0.8967045049537127,-6.388853248911269e-13,-0.8766111888344337,-0.13760574001590903
52.749999999998074,0.8967045049537117,-6.380804069645497e-13,-0.8766111888344347,-0.137605740015909
52.75999999999807,0.8967045049537106,-6.372857757265109e-13,-0.8766111888344356,-0.13760574001590897
52.76999999999807,0.8967045049537095,-6.364877625456994e-13,-0.8766111888344367,-0.13760574001590894
52.77999999999807,0.8967045049537085,-6.356903153734701e-13,-0.8766111888344377,-0.13760574001590892
52.78999999999807,0.8967045049537072,-6.348928006551917e-13,-0.8766111888344388,-0.1376057400159089
52.799999999998064,0.8967045049537061,-6.340984230979904e-13,-0.8766111888344401,-0.1376057400159089
52.80999999999806,0.896704504953705,-6.333038839470611e-13,-0.8766111888344412,-0.13760574001590886
52.81999999999806,0.8967045049537038,-6.325085220901587e-13,-0.8766111888344421,-0.13760574001590883
52.82999999999806,0.8967045049537027,-6.317158723895656e-13,-0.8766111888344433,-0.1376057400159088
52.83999999999806,0.8967045049537016,-6.309287034893843e-13,-0.8766111888344441,-0.1376057400159088
52.849999999998055,0.8967045049537005,-6.301390656331234e-13,-0.8766111888344452,-0.13760574001590878
52.85999999999805,0.8967045049536994,-6.293517486976396e-13,-0.8766111888344464,-0.13760574001590875
52.86999999999805,0.8967045049536982,-6.285668746554353e-13,-0.8766111888344473,-0.1376057400159087
52.87999999999805,0.8967045049536971,-6.277872021057542e-13,-0.8766111888344482,-0.13760574001590867
52.88999999999805,0.896704504953696,-6.270233954035893e-13,-0.8766111888344488,-0.1376057400159086
52.899999999998045,0.8967045049536949,-6.262598443958167e-13,-0.8766111888344499,-0.13760574001590858
52.90999999999804,0.8967045049536938,-6.255017440633061e-13,-0.8766111888344507,-0.13760574001590856
52.91999999999804,0.8967045049536927,-6.247541045955331e-13,-0.8766111888344519,-0.13760574001590853
52.92999999999804,0.8967045049536916,-6.23995794448019e-13,-0.8766111888344527,-0.13760574001590847
52.93999999999804,0.8967045049536905,-6.232467850469697e-13,-0.8766111888344537,-0.13760574001590845
52.949999999998035,0.8967045049536895,-6.225048162191947e-13,-0.8766111888344543,-0.1376057400159084
52.95999999999803,0.8967045049536885,-6.21768387918236e-13,-0.8766111888344549,-0.13760574001590836
52.96999999999803,0.8967045049536873,-6.21033712334211e-13,-0.8766111888344563,-0.13760574001590833
52.97999999999803,0.8967045049536863,-6.202975271663257e-13,-0.8766111888344569,-0.13760574001590825
52.98999999999803,0.8967045049536853,-6.195860122541455e-13,-0.8766111888344571,-0.1376057400159082
52.999999999998025,0.8967045049536841,-6.188811936535476e-13,-0.8766111888344584,-0.1376057400159082
53.00999999999802,0.8967045049536831,-6.181642661538607e-13,-0.8766111888344591,-0.13760574001590814
53.01999999999802,0.896704504953682,-6.174634207451297e-13,-0.8766111888344601,-0.1376057400159081
53.02999999999802,0.896704504953681,-6.167581685868525e-13,-0.8766111888344609,-0.13760574001590808
53.03999999999802,0.8967045049536798,-6.160611887779198e-13,-0.8766111888344618,-0.13760574001590806
53.049999999998015,0.8967045049536787,-6.153569594100798e-13,-0.876611188834463,-0.137605740015908
53.05999999999801,0.8967045049536777,-6.146536147214223e-13,-0.8766111888344639,-0.13760574001590797
53.06999999999801,0.8967045049536767,-6.139507039405139e-13,-0.8766111888344644,-0.13760574001590795
53.07999999999801,0.8967045049536756,-6.132471318244238e-13,-0.876611188834466,-0.13760574001590795
53.08999999999801,0.8967045049536746,-6.125377234472868e-13,-0.8766111888344666,-0.13760574001590792
53.099999999998005,0.8967045049536736,-6.118267350623948e-13,-0.8766111888344678,-0.1376057400159079
53.109999999998,0.8967045049536726,-6.111102825619987e-13,-0.8766111888344685,-0.13760574001590786
53.119999999998,0.8967045049536715,-6.10387999176909e-13,-0.8766111888344698,-0.1376057400159079
53.129999999998,0.8967045049536705,-6.096594636335682e-13,-0.8766111888344709,-0.1376057400159079
53.139999999998,0.8967045049536693,-6.089238232638232e-13,-0.8766111888344722,-0.1376057400159079
53.149999999997995,0.8967045049536683,-6.081792412729516e-13,-0.8766111888344731,-0.13760574001590786
53.15999999999799,0.8967045049536673,-6.074352746329152e-13,-0.8766111888344741,-0.13760574001590786
53.16999999999799,0.8967045049536663,-6.066929091824922e-13,-0.8766111888344746,-0.13760574001590786
53.17999999999799,0.8967045049536653,-6.059542008872853e-13,-0.8766111888344759,-0.13760574001590786
53.18999999999799,0.8967045049536642,-6.052098263254223e-13,-0.8766111888344771,-0.13760574001590786
53.199999999997985,0.8967045049536632,-6.044581960513803e-13,-0.8766111888344783,-0.13760574001590786
53.20999999999798,0.8967045049536622,-6.037025907981688e-13,-0.8766111888344792,-0.13760574001590786
53.21999999999798,0.8967045049536612,-6.029387440628604e-13,-0.8766111888344802,-0.13760574001590786
53.22999999999798,0.8967045049536602,-6.021722088565764e-13,-0.8766111888344816,-0.13760574001590786
53.23999999999798,0.896704504953659,-6.013912770058177e-13,-0.8766111888344831,-0.1376057400159079
53.249999999997975,0.8967045049536579,-6.00605847775373e-13,-0.8766111888344839,-0.13760574001590786
53.25999999999797,0.896704504953657,-5.998182752350006e-13,-0.8766111888344849,-0.13760574001590786
53.26999999999797,0.896704504953656,-5.990270269514724e-13,-0.8766111888344861,-0.13760574001590786
53.27999999999797,0.896704504953655,-5.982425845982853e-13,-0.8766111888344871,-0.13760574001590786
53.28999999999797,0.896704504953654,-5.974512845318005e-13,-0.8766111888344884,-0.13760574001590786
53.299999999997965,0.896704504953653,-5.966629912326593e-13,-0.8766111888344892,-0.13760574001590786
53.30999999999796,0.896704504953652,-5.958739846362945e-13,-0.8766111888344903,-0.13760574001590786
53.31999999999796,0.896704504953651,-5.95084479732309e-13,-0.8766111888344915,-0.13760574001590786
53.32999999999796,0.89670450495365,-5.942871735669202e-13,-0.8766111888344925,-0.13760574001590786
53.33999999999796,0.896704504953649,-5.934908974997861e-13,-0.8766111888344935,-0.13760574001590786
53.349999999997955,0.896704504953648,-5.92693579358355e-13,-0.876611188834495,-0.1376057400159079
53.35999999999795,0.8967045049536468,-5.918973461820109e-13,-0.8766111888344957,-0.13760574001590786
53.36999999999795,0.8967045049536458,-5.911070960615969e-13,-0.8766111888344966,-0.13760574001590786
53.37999999999795,0.8967045049536448,-5.90315690071014e-13,-0.8766111888344977,-0.13760574001590786
53.38999999999795,0.8967045049536438,-5.895287468218526e-13,-0.876611188834499,-0.13760574001590786
53.399999999997945,0.8967045049536428,-5.8873897289913e-13,-0.8766111888345001,-0.13760574001590786
53.40999999999794,0.8967045049536418,-5.879487422721185e-13,-0.8766111888345011,-0.13760574001590786
53.41999999999794,0.8967045049536408,-5.871584041432578e-13,-0.8766111888345022,-0.13760574001590786
53.42999999999794,0.8967045049536398,-5.863769383662547e-13,-0.8766111888345027,-0.13760574001590783
53.43999999999794,0.8967045049536388,-5.855956167712676e-13,-0.8766111888345041,-0.13760574001590783
53.449999999997935,0.8967045049536378,-5.84815450677791e-13,-0.8766111888345051,-0.13760574001590783
53.45999999999793,0.8967045049536368,-5.840331617598304e-13,-0.8766111888345062,-0.13760574001590783
53.46999999999793,0.8967045049536357,-5.832498425160656e-13,-0.8766111888345073,-0.13760574001590783
53.47999999999793,0.8967045049536347,-5.824733539999023e-13,-0.876611188834508,-0.13760574001590783
53.48999999999793,0.8967045049536337,-5.817055799400042e-13,-0.876611188834509,-0.1376057400159078
53.499999999997925,0.8967045049536327,-5.80944905126581e-13,-0.8766111888345101,-0.1376057400159078
53.50999999999792,0.8967045049536317,-5.801866886302971e-13,-0.8766111888345112,-0.13760574001590778
53.51999999999792,0.8967045049536307,-5.794267636125922e-13,-0.8766111888345117,-0.13760574001590775
53.52999999999792,0.8967045049536297,-5.786715188190242e-13,-0.8766111888345129,-0.13760574001590775
53.53999999999792,0.8967045049536287,-5.779127814881428e-13,-0.8766111888345138,-0.13760574001590772
53.549999999997915,0.8967045049536279,-5.771602111163722e-13,-0.8766111888345146,-0.1376057400159077
53.55999999999791,0.8967045049536269,-5.764136535652885e-13,-0.876611188834516,-0.1376057400159077
53.56999999999791,0.8967045049536257,-5.756620187871846e-13,-0.8766111888345168,-0.1376057400159077
53.57999999999791,0.8967045049536246,-5.749071232864868e-13,-0.8766111888345182,-0.1376057400159077
53.58999999999791,0.8967045049536236,-5.741466068165818e-13,-0.876611188834519,-0.13760574001590767
53.599999999997905,0.8967045049536227,-5.733975799122713e-13,-0.8766111888345196,-0.1376057400159076
53.6099999999979,0.8967045049536218,-5.726623483609455e-13,-0.8766111888345206,-0.13760574001590758
53.6199999999979,0.8967045049536208,-5.719320506999057e-13,-0.8766111888345213,-0.13760574001590756
53.6299999999979,0.8967045049536199,-5.712081576980493e-13,-0.8766111888345219,-0.1376057400159075
53.6399999999979,0.8967045049536189,-5.705015522799548e-13,-0.8766111888345228,-0.1376057400159075
53.649999999997895,0.8967045049536179,-5.697903533108767e-13,-0.876611188834524,-0.13760574001590747
53.65999999999789,0.8967045049536168,-5.690685984283196e-13,-0.8766111888345249,-0.13760574001590745
53.66999999999789,0.8967045049536158,-5.683485912132972e-13,-0.8766111888345258,-0.13760574001590745
53.67999999999789,0.8967045049536148,-5.676281908936491e-13,-0.8766111888345272,-0.13760574001590745
53.68999999999789,0.8967045049536138,-5.66908851988005e-13,-0.876611188834528,-0.13760574001590742
53.699999999997885,0.8967045049536128,-5.661850510606643e-13,-0.8766111888345288,-0.1376057400159074
53.70999999999788,0.8967045049536118,-5.65468539613747e-13,-0.87661118883453,-0.13760574001590736
53.71999999999788,0.8967045049536108,-5.64751522814739e-13,-0.8766111888345306,-0.13760574001590734
53.72999999999788,0.8967045049536098,-5.640355666527206e-13,-0.8766111888345316,-0.1376057400159073
53.73999999999788,0.8967045049536088,-5.633277425141312e-13,-0.8766111888345325,-0.13760574001590725
53.749999999997875,0.8967045049536077,-5.626237972714688e-13,-0.876611188834533,-0.1376057400159072
53.75999999999787,0.8967045049536067,-5.619303391619363e-13,-0.876611188834534,-0.13760574001590717
53.76999999999787,0.8967045049536057,-5.612435323638265e-13,-0.8766111888345346,-0.1376057400159071
53.77999999999787,0.8967045049536047,-5.605705443501501e-13,-0.8766111888345356,-0.13760574001590709
53.78999999999787,0.8967045049536037,-5.598976313388683e-13,-0.8766111888345364,-0.13760574001590703
53.799999999997866,0.8967045049536029,-5.592344334984385e-13,-0.8766111888345365,-0.13760574001590695
53.80999999999786,0.8967045049536019,-5.585962944579499e-13,-0.8766111888345376,-0.13760574001590692
53.81999999999786,0.8967045049536009,-5.579545782869659e-13,-0.8766111888345378,-0.13760574001590686
53.82999999999786,0.8967045049535999,-5.573286500718802e-13,-0.8766111888345387,-0.1376057400159068
53.83999999999786,0.8967045049535991,-5.567032173937966e-13,-0.8766111888345387,-0.13760574001590672
53.849999999997856,0.8967045049535981,-5.560978331035628e-13,-0.8766111888345404,-0.13760574001590672
53.859999999997854,0.8967045049535971,-5.554742404573602e-13,-0.8766111888345411,-0.13760574001590672
53.86999999999785,0.8967045049535961,-5.54845920018868e-13,-0.876611188834542,-0.1376057400159067
53.87999999999785,0.8967045049535952,-5.542128085635644e-13,-0.8766111888345425,-0.1376057400159066
53.88999999999785,0.8967045049535943,-5.535897500449105e-13,-0.8766111888345431,-0.1376057400159066
53.899999999997846,0.8967045049535933,-5.529729223734979e-13,-0.8766111888345445,-0.1376057400159066
53.909999999997844,0.8967045049535923,-5.523413145710811e-13,-0.8766111888345449,-0.13760574001590659
53.91999999999784,0.8967045049535913,-5.517131297310123e-13,-0.8766111888345461,-0.13760574001590656
53.92999999999784,0.8967045049535903,-5.510758286378861e-13,-0.8766111888345473,-0.13760574001590656
53.93999999999784,0.8967045049535896,-5.504335908161204e-13,-0.8766111888345476,-0.1376057400159065
53.949999999997836,0.8967045049535886,-5.498036504603367e-13,-0.8766111888345484,-0.13760574001590647
53.959999999997834,0.8967045049535877,-5.491741815526457e-13,-0.8766111888345492,-0.13760574001590645
53.96999999999783,0.8967045049535868,-5.485407710686301e-13,-0.8766111888345501,-0.13760574001590645
53.97999999999783,0.8967045049535858,-5.479041367598245e-13,-0.8766111888345514,-0.13760574001590645
53.98999999999783,0.8967045049535849,-5.472538760594615e-13,-0.8766111888345517,-0.13760574001590642
53.999999999997826,0.8967045049535839,-5.466216795160621e-13,-0.8766111888345527,-0.1376057400159064
54.009999999997824,0.896704504953583,-5.459811135028004e-13,-0.8766111888345536,-0.1376057400159064
54.01999999999782,0.8967045049535821,-5.453446914987345e-13,-0.8766111888345545,-0.1376057400159064
54.02999999999782,0.8967045049535811,-5.446966969939726e-13,-0.8766111888345559,-0.1376057400159064
54.03999999999782,0.8967045049535803,-5.440307700911621e-13,-0.8766111888345565,-0.13760574001590636
54.049999999997816,0.8967045049535793,-5.433768675040782e-13,-0.8766111888345578,-0.13760574001590636
54.059999999997814,0.8967045049535785,-5.427048034804294e-13,-0.8766111888345586,-0.13760574001590636
54.06999999999781,0.8967045049535776,-5.420329436477285e-13,-0.8766111888345596,-0.13760574001590636
54.07999999999781,0.8967045049535767,-5.413597033650789e-13,-0.8766111888345602,-0.1376057400159063
54.08999999999781,0.8967045049535758,-5.406937883688618e-13,-0.8766111888345611,-0.1376057400159063
54.099999999997806,0.8967045049535748,-5.400283895654592e-13,-0.876611188834562,-0.1376057400159063
54.109999999997804,0.896704504953574,-5.393613540338117e-13,-0.8766111888345628,-0.13760574001590628
54.1199999999978,0.8967045049535729,-5.387034955725429e-13,-0.876611188834564,-0.13760574001590634
54.1299999999978,0.8967045049535721,-5.380173004527256e-13,-0.8766111888345649,-0.1376057400159063
54.1399999999978,0.8967045049535711,-5.373382279914124e-13,-0.8766111888345661,-0.13760574001590634
54.149999999997796,0.8967045049535702,-5.366431413428636e-13,-0.876611188834567,-0.13760574001590634
54.159999999997794,0.8967045049535692,-5.359480233435057e-13,-0.8766111888345683,-0.13760574001590636
54.16999999999779,0.8967045049535685,-5.352325350407697e-13,-0.8766111888345691,-0.13760574001590636
54.17999999999779,0.8967045049535675,-5.34521961256517e-13,-0.8766111888345705,-0.1376057400159064
54.18999999999779,0.8967045049535666,-5.337979578889582e-13,-0.8766111888345716,-0.1376057400159064
54.199999999997786,0.8967045049535658,-5.330693168550344e-13,-0.8766111888345722,-0.13760574001590636
54.209999999997784,0.8967045049535649,-5.323484758727807e-13,-0.8766111888345733,-0.13760574001590636
54.21999999999778,0.896704504953564,-5.316183189699192e-13,-0.8766111888345746,-0.13760574001590642
54.22999999999778,0.896704504953563,-5.30877634806715e-13,-0.8766111888345759,-0.13760574001590645
54.23999999999778,0.8967045049535621,-5.301302476614338e-13,-0.8766111888345769,-0.13760574001590645
54.249999999997776,0.8967045049535612,-5.293808152335888e-13,-0.8766111888345779,-0.13760574001590645
54.259999999997774,0.8967045049535605,-5.286419922223395e-13,-0.8766111888345784,-0.13760574001590642
54.26999999999777,0.8967045049535594,-5.279122866638181e-13,-0.8766111888345802,-0.13760574001590645
54.27999999999777,0.8967045049535586,-5.271600733576955e-13,-0.8766111888345804,-0.13760574001590645
54.28999999999777,0.8967045049535577,-5.26432353643058e-13,-0.8766111888345816,-0.13760574001590645
54.299999999997766,0.8967045049535568,-5.256996198479882e-13,-0.8766111888345824,-0.13760574001590645
54.309999999997764,0.8967045049535559,-5.249608252329248e-13,-0.876611188834584,-0.13760574001590647
54.31999999999776,0.8967045049535551,-5.242175815496344e-13,-0.8766111888345847,-0.13760574001590645
54.32999999999776,0.8967045049535544,-5.234851280010932e-13,-0.8766111888345853,-0.13760574001590645
54.33999999999776,0.8967045049535534,-5.227591262636539e-13,-0.8766111888345869,-0.1376057400159065
54.349999999997756,0.8967045049535526,-5.220121554336694e-13,-0.8766111888345878,-0.1376057400159065
54.359999999997754,0.8967045049535518,-5.212742576907137e-13,-0.8766111888345886,-0.1376057400159065
54.36999999999775,0.8967045049535509,-5.20536149111919e-13,-0.8766111888345897,-0.13760574001590653
54.37999999999775,0.89670450495355,-5.197903193467883e-13,-0.8766111888345908,-0.13760574001590656
54.38999999999775,0.8967045049535491,-5.190424916492114e-13,-0.876611188834592,-0.13760574001590656
54.399999999997746,0.8967045049535484,-5.182902441625388e-13,-0.8766111888345933,-0.13760574001590659
54.409999999997744,0.8967045049535476,-5.175367931951975e-13,-0.8766111888345939,-0.13760574001590659
54.41999999999774,0.8967045049535466,-5.16787665942896e-13,-0.8766111888345951,-0.1376057400159066
54.42999999999774,0.8967045049535457,-5.160412155292836e-13,-0.876611188834596,-0.13760574001590664
54.43999999999774,0.8967045049535448,-5.152972188317538e-13,-0.8766111888345969,-0.13760574001590664
54.449999999997736,0.896704504953544,-5.145567313330776e-13,-0.8766111888345975,-0.1376057400159066
54.459999999997734,0.8967045049535431,-5.138273357434553e-13,-0.8766111888345989,-0.13760574001590664
54.46999999999773,0.8967045049535423,-5.130872620026549e-13,-0.8766111888345997,-0.13760574001590664
54.47999999999773,0.8967045049535415,-5.123527102643415e-13,-0.8766111888346008,-0.13760574001590667
54.48999999999773,0.8967045049535406,-5.116188167022116e-13,-0.8766111888346017,-0.13760574001590667
54.499999999997726,0.8967045049535398,-5.108874487428839e-13,-0.8766111888346028,-0.13760574001590667
54.509999999997724,0.8967045049535388,-5.101560241790449e-13,-0.876611188834604,-0.1376057400159067
54.51999999999772,0.896704504953538,-5.094145730711823e-13,-0.8766111888346043,-0.1376057400159067
54.52999999999772,0.8967045049535373,-5.086889646241715e-13,-0.8766111888346055,-0.1376057400159067
54.53999999999772,0.8967045049535364,-5.079639056190942e-13,-0.8766111888346062,-0.1376057400159067
54.549999999997716,0.8967045049535356,-5.072433828328455e-13,-0.8766111888346074,-0.1376057400159067
54.559999999997714,0.8967045049535346,-5.065092922997275e-13,-0.8766111888346089,-0.13760574001590675
54.56999999999771,0.8967045049535338,-5.057745100191799e-13,-0.8766111888346094,-0.13760574001590672
54.57999999999771,0.896704504953533,-5.050534430158456e-13,-0.8766111888346104,-0.13760574001590672
54.58999999999771,0.896704504953532,-5.043321227280918e-13,-0.8766111888346115,-0.13760574001590672
54.599999999997706,0.8967045049535313,-5.036060900183632e-13,-0.8766111888346122,-0.1376057400159067
54.609999999997704,0.8967045049535305,-5.02894065250129e-13,-0.8766111888346129,-0.13760574001590667
54.6199999999977,0.8967045049535297,-5.021923897505663e-13,-0.8766111888346139,-0.1376057400159067
54.6299999999977,0.8967045049535287,-5.014888292475884e-13,-0.8766111888346151,-0.13760574001590672
54.6399999999977,0.8967045049535279,-5.007807427474629e-13,-0.8766111888346158,-0.13760574001590672
54.649999999997696,0.8967045049535272,-5.000747158422988e-13,-0.8766111888346168,-0.13760574001590672
54.659999999997694,0.8967045049535263,-4.993594791612877e-13,-0.8766111888346179,-0.13760574001590672
54.66999999999769,0.8967045049535255,-4.986541643157702e-13,-0.8766111888346184,-0.13760574001590672
54.67999999999769,0.8967045049535245,-4.97955644101826e-13,-0.87661118883462,-0.13760574001590675
54.68999999999769,0.8967045049535237,-4.972383698877107e-13,-0.8766111888346206,-0.13760574001590675
54.69999999999769,0.8967045049535229,-4.965335596208899e-13,-0.8766111888346215,-0.13760574001590675
54.709999999997684,0.8967045049535222,-4.958246310242603e-13,-0.8766111888346225,-0.13760574001590678
54.71999999999768,0.8967045049535213,-4.951159871293637e-13,-0.8766111888346236,-0.13760574001590678
54.72999999999768,0.8967045049535205,-4.944032216409736e-13,-0.8766111888346246,-0.13760574001590678
54.73999999999768,0.8967045049535196,-4.936958970847221e-13,-0.8766111888346252,-0.13760574001590678
54.74999999999768,0.8967045049535188,-4.929912199605238e-13,-0.8766111888346262,-0.13760574001590678
54.759999999997675,0.8967045049535178,-4.922905456585511e-13,-0.8766111888346275,-0.13760574001590684
54.76999999999767,0.8967045049535171,-4.915753164457439e-13,-0.876611188834628,-0.1376057400159068
54.77999999999767,0.8967045049535163,-4.908774474113137e-13,-0.8766111888346291,-0.13760574001590684
54.78999999999767,0.8967045049535154,-4.901703747972356e-13,-0.8766111888346302,-0.13760574001590684
54.79999999999767,0.8967045049535146,-4.894686687554343e-13,-0.8766111888346311,-0.13760574001590686
54.809999999997665,0.8967045049535138,-4.887729056991279e-13,-0.876611188834632,-0.13760574001590686
54.81999999999766,0.8967045049535131,-4.880677413534822e-13,-0.876611188834633,-0.13760574001590686
54.82999999999766,0.8967045049535123,-4.873731118475678e-13,-0.8766111888346338,-0.13760574001590686
54.83999999999766,0.8967045049535114,-4.866758837331818e-13,-0.8766111888346345,-0.1376057400159069
54.84999999999766,0.8967045049535106,-4.859844080535155e-13,-0.8766111888346354,-0.13760574001590686
54.859999999997655,0.8967045049535098,-4.853025965254783e-13,-0.8766111888346362,-0.13760574001590684
54.86999999999765,0.8967045049535091,-4.846246483465937e-13,-0.8766111888346372,-0.13760574001590686
54.87999999999765,0.8967045049535083,-4.839411338497211e-13,-0.8766111888346382,-0.1376057400159069
54.88999999999765,0.8967045049535074,-4.832508749837511e-13,-0.8766111888346396,-0.1376057400159069
54.89999999999765,0.8967045049535065,-4.82554653754927e-13,-0.8766111888346402,-0.13760574001590692
54.909999999997645,0.8967045049535057,-4.818610585609672e-13,-0.8766111888346412,-0.13760574001590692
54.91999999999764,0.896704504953505,-4.811662187613354e-13,-0.8766111888346422,-0.13760574001590695
54.92999999999764,0.8967045049535042,-4.804730124258252e-13,-0.8766111888346432,-0.13760574001590695
54.93999999999764,0.8967045049535034,-4.797777564599346e-13,-0.876611188834644,-0.13760574001590695
54.94999999999764,0.8967045049535026,-4.790899122503515e-13,-0.876611188834645,-0.13760574001590697
54.959999999997635,0.8967045049535018,-4.783957734377024e-13,-0.8766111888346458,-0.13760574001590697
54.96999999999763,0.8967045049535011,-4.777084365564741e-13,-0.8766111888346465,-0.13760574001590697
54.97999999999763,0.8967045049535002,-4.770257537041021e-13,-0.8766111888346481,-0.13760574001590697
54.98999999999763,0.8967045049534994,-4.763370357580144e-13,-0.8766111888346484,-0.13760574001590697
54.99999999999763,0.8967045049534986,-4.75651094381311e-13,-0.8766111888346494,-0.137605740015907
55.009999999997625,0.8967045049534978,-4.749654403313161e-13,-0.8766111888346504,-0.137605740015907
55.01999999999762,0.8967045049534971,-4.742806950573214e-13,-0.8766111888346512,-0.137605740015907
55.02999999999762,0.8967045049534963,-4.736032931233972e-13,-0.8766111888346522,-0.137605740015907
55.03999999999762,0.8967045049534955,-4.729294737636774e-13,-0.876611188834653,-0.137605740015907
55.04999999999762,0.8967045049534947,-4.722530173904218e-13,-0.8766111888346538,-0.13760574001590703
55.059999999997615,0.896704504953494,-4.715749785225631e-13,-0.876611188834655,-0.13760574001590703
55.06999999999761,0.8967045049534931,-4.708951599462461e-13,-0.8766111888346555,-0.13760574001590703
55.07999999999761,0.8967045049534923,-4.702266057218142e-13,-0.8766111888346563,-0.13760574001590703
55.08999999999761,0.8967045049534915,-4.695612942884e-13,-0.8766111888346573,-0.13760574001590703
55.09999999999761,0.8967045049534907,-4.689004332510025e-13,-0.876611188834658,-0.13760574001590703
55.109999999997605,0.8967045049534899,-4.682368429707842e-13,-0.8766111888346595,-0.13760574001590706
55.1199999999976,0.8967045049534891,-4.675690008365369e-13,-0.8766111888346602,-0.13760574001590703
55.1299999999976,0.8967045049534883,-4.669076796903486e-13,-0.8766111888346606,-0.137605740015907
55.1399999999976,0.8967045049534875,-4.662643734158623e-13,-0.8766111888346615,-0.13760574001590703
55.1499999999976,0.8967045049534867,-4.65619517528488e-13,-0.8766111888346624,-0.13760574001590703
55.159999999997595,0.896704504953486,-4.649743591109733e-13,-0.8766111888346632,-0.13760574001590703
55.16999999999759,0.8967045049534852,-4.643263651114931e-13,-0.8766111888346639,-0.13760574001590703
55.17999999999759,0.8967045049534844,-4.636794483123451e-13,-0.8766111888346647,-0.13760574001590703
55.18999999999759,0.8967045049534836,-4.630291770548524e-13,-0.8766111888346658,-0.13760574001590703
55.19999999999759,0.8967045049534829,-4.623774018662683e-13,-0.8766111888346668,-0.13760574001590706
55.209999999997585,0.8967045049534821,-4.617259093258241e-13,-0.8766111888346676,-0.13760574001590706
55.21999999999758,0.8967045049534812,-4.610773925520308e-13,-0.8766111888346686,-0.13760574001590706
55.22999999999758,0.8967045049534804,-4.604246358868037e-13,-0.8766111888346694,-0.13760574001590706
55.23999999999758,0.8967045049534796,-4.597732853700359e-13,-0.8766111888346704,-0.13760574001590706
55.24999999999758,0.8967045049534789,-4.591225174753906e-13,-0.8766111888346715,-0.13760574001590709
55.259999999997575,0.8967045049534781,-4.58469070470524e-13,-0.8766111888346719,-0.13760574001590709
55.26999999999757,0.8967045049534773,-4.578182775913294e-13,-0.8766111888346729,-0.13760574001590709
55.27999999999757,0.8967045049534765,-4.571641831000712e-13,-0.8766111888346738,-0.13760574001590709
55.28999999999757,0.8967045049534758,-4.56510888067574e-13,-0.8766111888346746,-0.13760574001590709
55.29999999999757,0.896704504953475,-4.558651503002188e-13,-0.8766111888346756,-0.13760574001590709
55.309999999997565,0.8967045049534742,-4.552205893065637e-13,-0.8766111888346763,-0.13760574001590706
55.31999999999756,0.8967045049534734,-4.54578398330924e-13,-0.8766111888346771,-0.13760574001590706
55.32999999999756,0.8967045049534726,-4.5394061563089223e-13,-0.8766111888346781,-0.13760574001590706
55.33999999999756,0.8967045049534719,-4.5331151886824985e-13,-0.8766111888346787,-0.13760574001590703
55.34999999999756,0.8967045049534711,-4.526912369555175e-13,-0.8766111888346793,-0.13760574001590703
55.359999999997555,0.8967045049534703,-4.520752183808254e-13,-0.87661118883468,-0.13760574001590703
55.36999999999755,0.8967045049534694,-4.5145935358911376e-13,-0.8766111888346808,-0.137605740015907
55.37999999999755,0.8967045049534687,-4.508472406789608e-13,-0.8766111888346816,-0.13760574001590697
55.38999999999755,0.8967045049534679,-4.502399576701556e-13,-0.8766111888346824,-0.13760574001590695
55.39999999999755,0.8967045049534671,-4.4964079889240713e-13,-0.8766111888346826,-0.13760574001590692
55.409999999997545,0.8967045049534663,-4.490572012882309e-13,-0.8766111888346835,-0.13760574001590692
55.41999999999754,0.8967045049534655,-4.4847523960574037e-13,-0.8766111888346844,-0.1376057400159069
55.42999999999754,0.8967045049534647,-4.4789544024504196e-13,-0.876611188834685,-0.13760574001590686
55.43999999999754,0.8967045049534639,-4.4731507061300717e-13,-0.8766111888346859,-0.13760574001590684
55.44999999999754,0.8967045049534631,-4.467393076375684e-13,-0.8766111888346864,-0.1376057400159068
55.459999999997535,0.8967045049534623,-4.4617365547743234e-13,-0.8766111888346871,-0.13760574001590675
55.46999999999753,0.8967045049534615,-4.456174165044379e-13,-0.8766111888346875,-0.13760574001590675
55.47999999999753,0.8967045049534608,-4.4506520675070034e-13,-0.876611188834688,-0.1376057400159067
55.48999999999753,0.8967045049534601,-4.445213182253698e-13,-0.8766111888346885,-0.13760574001590664
55.49999999999753,0.8967045049534593,-4.4398698209741593e-13,-0.8766111888346892,-0.1376057400159066
55.509999999997525,0.8967045049534585,-4.4345679473759865e-13,-0.87661118883469,-0.1376057400159066
55.51999999999752,0.8967045049534578,-4.4292547167814674e-13,-0.8766111888346905,-0.13760574001590659
55.52999999999752,0.8967045049534571,-4.4239570373809907e-13,-0.8766111888346908,-0.13760574001590656
55.53999999999752,0.8967045049534563,-4.4187637650049256e-13,-0.8766111888346918,-0.13760574001590656
55.54999999999752,0.8967045049534556,-4.413496320738451e-13,-0.8766111888346926,-0.13760574001590656
55.559999999997515,0.8967045049534548,-4.4082560936940854e-13,-0.8766111888346935,-0.13760574001590659
55.56999999999751,0.896704504953454,-4.4027704127214496e-13,-0.8766111888346946,-0.13760574001590656
55.57999999999751,0.8967045049534533,-4.3972801040136806e-13,-0.8766111888346949,-0.13760574001590653
55.58999999999751,0.8967045049534526,-4.3919243564911195e-13,-0.8766111888346952,-0.1376057400159065
55.59999999999751,0.8967045049534518,-4.3866413148528334e-13,-0.8766111888346962,-0.1376057400159065
55.609999999997505,0.896704504953451,-4.38130101386014e-13,-0.8766111888346971,-0.1376057400159065
55.6199999999975,0.8967045049534502,-4.375836964103451e-13,-0.876611188834698,-0.13760574001590653
55.6299999999975,0.8967045049534496,-4.370385491930078e-13,-0.8766111888346985,-0.13760574001590647
55.6399999999975,0.8967045049534488,-4.364980960774789e-13,-0.8766111888346991,-0.13760574001590647
55.6499999999975,0.8967045049534481,-4.3595933327833775e-13,-0.8766111888346996,-0.13760574001590645
55.659999999997495,0.8967045049534473,-4.3542356712307015e-13,-0.8766111888347008,-0.13760574001590647
55.66999999999749,0.8967045049534467,-4.348760313718877e-13,-0.8766111888347013,-0.13760574001590647
55.67999999999749,0.8967045049534459,-4.3433252338604544e-13,-0.8766111888347022,-0.1376057400159065
55.68999999999749,0.8967045049534451,-4.337780633632549e-13,-0.8766111888347029,-0.1376057400159065
55.69999999999749,0.8967045049534444,-4.33224636445451e-13,-0.8766111888347037,-0.13760574001590645
55.709999999997486,0.8967045049534437,-4.3268018381354625e-13,-0.8766111888347043,-0.13760574001590647
55.71999999999748,0.8967045049534429,-4.3213294690204683e-13,-0.876611188834705,-0.13760574001590647
55.72999999999748,0.8967045049534421,-4.3157804852938626e-13,-0.8766111888347063,-0.13760574001590647
55.73999999999748,0.8967045049534413,-4.3101827077278994e-13,-0.8766111888347068,-0.13760574001590645
55.74999999999748,0.8967045049534407,-4.304681449548958e-13,-0.8766111888347073,-0.13760574001590647
55.759999999997476,0.8967045049534399,-4.2991158496283334e-13,-0.8766111888347082,-0.13760574001590647
55.769999999997474,0.8967045049534392,-4.293560972306098e-13,-0.8766111888347088,-0.13760574001590647
55.77999999999747,0.8967045049534385,-4.2879869916277246e-13,-0.8766111888347098,-0.1376057400159065
55.78999999999747,0.8967045049534377,-4.2822980801322264e-13,-0.876611188834711,-0.13760574001590653
55.79999999999747,0.8967045049534369,-4.276475909276643e-13,-0.8766111888347119,-0.13760574001590653
55.809999999997466,0.8967045049534362,-4.270587993834378e-13,-0.8766111888347126,-0.13760574001590653
55.819999999997464,0.8967045049534356,-4.2647788318029145e-13,-0.8766111888347133,-0.13760574001590653
55.82999999999746,0.8967045049534348,-4.2589408784572136e-13,-0.876611188834714,-0.13760574001590653
55.83999999999746,0.896704504953434,-4.2530927695921314e-13,-0.8766111888347152,-0.13760574001590656
55.84999999999746,0.8967045049534333,-4.2471722392647324e-13,-0.8766111888347159,-0.13760574001590659
55.859999999997456,0.8967045049534326,-4.2412641121291447e-13,-0.8766111888347168,-0.13760574001590659
55.869999999997454,0.8967045049534318,-4.235293026605442e-13,-0.8766111888347177,-0.13760574001590659
55.87999999999745,0.8967045049534311,-4.229319173008524e-13,-0.8766111888347183,-0.13760574001590659
55.88999999999745,0.8967045049534303,-4.223392751648887e-13,-0.8766111888347193,-0.1376057400159066
55.89999999999745,0.8967045049534297,-4.2173733769482755e-13,-0.8766111888347201,-0.1376057400159066
55.909999999997446,0.8967045049534289,-4.211451812962663e-13,-0.876611188834721,-0.13760574001590664
55.919999999997444,0.896704504953428,-4.2054941140176605e-13,-0.8766111888347217,-0.13760574001590664
55.92999999999744,0.8967045049534272,-4.1996012592582107e-13,-0.8766111888347228,-0.13760574001590664
55.93999999999744,0.8967045049534266,-4.193644323808692e-13,-0.8766111888347232,-0.13760574001590664
55.94999999999744,0.8967045049534259,-4.187753285907581e-13,-0.8766111888347237,-0.1376057400159066
55.959999999997436,0.8967045049534252,-4.181968827775694e-13,-0.8766111888347241,-0.13760574001590659
55.969999999997434,0.8967045049534246,-4.176295257470426e-13,-0.8766111888347249,-0.13760574001590659
55.97999999999743,0.8967045049534239,-4.1706610812141953e-13,-0.876611188834726,-0.1376057400159066
55.98999999999743,0.8967045049534231,-4.1649107058836386e-13,-0.8766111888347268,-0.1376057400159066
55.99999999999743,0.8967045049534225,-4.159144404849114e-13,-0.8766111888347274,-0.13760574001590659
56.009999999997426,0.8967045049534218,-4.153445423704815e-13,-0.8766111888347281,-0.13760574001590659
56.019999999997424,0.8967045049534211,-4.1477870948663383e-13,-0.8766111888347287,-0.13760574001590656
56.02999999999742,0.8967045049534205,-4.1422138896320477e-13,-0.8766111888347293,-0.13760574001590656
56.03999999999742,0.8967045049534198,-4.136622167290003e-13,-0.8766111888347301,-0.13760574001590659
56.04999999999742,0.896704504953419,-4.1310341666599093e-13,-0.8766111888347307,-0.13760574001590656
56.059999999997416,0.8967045049534182,-4.125409622391652e-13,-0.8766111888347319,-0.13760574001590659
56.069999999997414,0.8967045049534176,-4.119763074683715e-13,-0.8766111888347324,-0.13760574001590659
56.07999999999741,0.8967045049534168,-4.1141310710309855e-13,-0.876611188834733,-0.13760574001590656
56.08999999999741,0.896704504953416,-4.10856640550553e-13,-0.8766111888347338,-0.13760574001590656
56.09999999999741,0.8967045049534154,-4.1030541487069385e-13,-0.8766111888347343,-0.13760574001590653
56.109999999997406,0.8967045049534146,-4.0976123890284336e-13,-0.8766111888347354,-0.13760574001590656
56.119999999997404,0.8967045049534139,-4.091995314891669e-13,-0.8766111888347362,-0.13760574001590653
56.1299999999974,0.8967045049534133,-4.0863995406360037e-13,-0.876611188834737,-0.13760574001590653
56.1399999999974,0.8967045049534125,-4.0808556803833013e-13,-0.876611188834738,-0.13760574001590653
56.1499999999974,0.8967045049534118,-4.075253344646966e-13,-0.8766111888347383,-0.13760574001590653
56.159999999997396,0.8967045049534111,-4.06971466094022e-13,-0.8766111888347391,-0.1376057400159065
56.169999999997394,0.8967045049534104,-4.064200270654169e-13,-0.8766111888347399,-0.13760574001590653
56.17999999999739,0.8967045049534096,-4.0586465483150486e-13,-0.876611188834741,-0.13760574001590653
56.18999999999739,0.8967045049534088,-4.05303310083003e-13,-0.8766111888347418,-0.1376057400159065
56.19999999999739,0.896704504953408,-4.047465263145339e-13,-0.8766111888347424,-0.1376057400159065
56.209999999997386,0.8967045049534073,-4.04190039650763e-13,-0.876611188834743,-0.13760574001590647
56.219999999997384,0.8967045049534064,-4.0365189272123156e-13,-0.8766111888347435,-0.13760574001590645
56.22999999999738,0.8967045049534056,-4.031248271431247e-13,-0.8766111888347442,-0.13760574001590642
56.23999999999738,0.8967045049534049,-4.026042118375424e-13,-0.8766111888347444,-0.13760574001590636
56.24999999999738,0.8967045049534041,-4.020923251373623e-13,-0.8766111888347452,-0.1376057400159063
56.259999999997376,0.8967045049534035,-4.015923960074948e-13,-0.8766111888347455,-0.13760574001590625
56.269999999997374,0.8967045049534028,-4.0111005129397197e-13,-0.8766111888347459,-0.1376057400159062
56.27999999999737,0.8967045049534021,-4.0064016825329444e-13,-0.8766111888347463,-0.13760574001590617
56.28999999999737,0.8967045049534014,-4.001772647442402e-13,-0.8766111888347469,-0.13760574001590614
56.29999999999737,0.8967045049534007,-3.997140364519409e-13,-0.876611188834747,-0.13760574001590606
56.309999999997366,0.8967045049533999,-3.992687211807596e-13,-0.8766111888347474,-0.137605740015906
56.319999999997364,0.8967045049533992,-3.9883516599320577e-13,-0.8766111888347476,-0.13760574001590598
56.32999999999736,0.8967045049533985,-3.9841008494024023e-13,-0.8766111888347481,-0.13760574001590592
56.33999999999736,0.8967045049533978,-3.979941397805411e-13,-0.8766111888347484,-0.13760574001590586
56.34999999999736,0.8967045049533972,-3.9757984466294705e-13,-0.8766111888347485,-0.1376057400159058
56.359999999997356,0.8967045049533965,-3.971812691954368e-13,-0.8766111888347492,-0.13760574001590578
56.369999999997354,0.8967045049533958,-3.9677698133654774e-13,-0.8766111888347496,-0.13760574001590575
56.37999999999735,0.8967045049533952,-3.963696525168065e-13,-0.8766111888347504,-0.13760574001590573
56.38999999999735,0.8967045049533945,-3.959566236313428e-13,-0.8766111888347509,-0.1376057400159057
56.39999999999735,0.8967045049533936,-3.9554632489813573e-13,-0.8766111888347516,-0.13760574001590567
56.409999999997346,0.8967045049533929,-3.951339045513178e-13,-0.8766111888347519,-0.13760574001590564
56.419999999997344,0.8967045049533923,-3.947207647204923e-13,-0.8766111888347526,-0.13760574001590561
56.42999999999734,0.8967045049533915,-3.943009198218618e-13,-0.876611188834753,-0.1376057400159056
56.43999999999734,0.8967045049533908,-3.938837766973397e-13,-0.8766111888347534,-0.13760574001590553
56.44999999999734,0.8967045049533902,-3.9346897436154597e-13,-0.8766111888347539,-0.13760574001590548
56.459999999997336,0.8967045049533895,-3.9305899584199775e-13,-0.8766111888347548,-0.13760574001590545
56.469999999997334,0.8967045049533888,-3.9265149524807236e-13,-0.8766111888347552,-0.13760574001590542
56.47999999999733,0.8967045049533882,-3.9223778150897017e-13,-0.8766111888347559,-0.1376057400159054
56.48999999999733,0.8967045049533875,-3.9181893878618743e-13,-0.8766111888347565,-0.1376057400159054
56.49999999999733,0.8967045049533869,-3.9139765098986063e-13,-0.8766111888347566,-0.13760574001590536
56.509999999997326,0.8967045049533863,-3.9097521634152964e-13,-0.8766111888347574,-0.13760574001590536
56.519999999997324,0.8967045049533855,-3.905450683924701e-13,-0.8766111888347584,-0.1376057400159054
56.52999999999732,0.8967045049533848,-3.9010017221786457e-13,-0.8766111888347593,-0.13760574001590542
56.53999999999732,0.896704504953384,-3.896396274402768e-13,-0.8766111888347602,-0.13760574001590542
56.54999999999732,0.8967045049533835,-3.891688482465505e-13,-0.8766111888347603,-0.1376057400159054
56.559999999997316,0.8967045049533828,-3.88706467630601e-13,-0.8766111888347613,-0.1376057400159054
56.569999999997314,0.896704504953382,-3.882292501382848e-13,-0.8766111888347622,-0.13760574001590542
56.57999999999731,0.8967045049533814,-3.877491633684685e-13,-0.8766111888347632,-0.13760574001590542
56.58999999999731,0.8967045049533807,-3.872598015436797e-13,-0.8766111888347637,-0.1376057400159054
56.59999999999731,0.8967045049533802,-3.867725494804652e-13,-0.8766111888347637,-0.13760574001590536
56.60999999999731,0.8967045049533795,-3.862966403478776e-13,-0.8766111888347646,-0.13760574001590536
56.619999999997304,0.8967045049533788,-3.8582073882968984e-13,-0.8766111888347652,-0.13760574001590536
56.6299999999973,0.8967045049533781,-3.8533585811504023e-13,-0.8766111888347664,-0.1376057400159054
56.6399999999973,0.8967045049533774,-3.8483690697580983e-13,-0.8766111888347674,-0.13760574001590542
56.6499999999973,0.8967045049533767,-3.8433312077806654e-13,-0.8766111888347677,-0.1376057400159054
56.6599999999973,0.8967045049533761,-3.8383258001440574e-13,-0.8766111888347685,-0.1376057400159054
56.669999999997295,0.8967045049533754,-3.8332624986728063e-13,-0.8766111888347692,-0.1376057400159054
56.67999999999729,0.8967045049533747,-3.8282364702424407e-13,-0.87661118883477,-0.1376057400159054
56.68999999999729,0.896704504953374,-3.823204579048922e-13,-0.8766111888347707,-0.1376057400159054
56.69999999999729,0.8967045049533733,-3.818139277084e-13,-0.8766111888347714,-0.1376057400159054
56.70999999999729,0.8967045049533726,-3.8129984039507197e-13,-0.876611188834772,-0.1376057400159054
56.719999999997285,0.896704504953372,-3.807870751740468e-13,-0.8766111888347727,-0.1376057400159054
56.72999999999728,0.8967045049533713,-3.802715109495534e-13,-0.8766111888347735,-0.13760574001590536
56.73999999999728,0.8967045049533706,-3.797580601777557e-13,-0.8766111888347745,-0.1376057400159054
56.74999999999728,0.89670450495337,-3.7924962124785584e-13,-0.8766111888347744,-0.13760574001590536
56.75999999999728,0.8967045049533693,-3.787517057448889e-13,-0.8766111888347753,-0.13760574001590534
56.769999999997275,0.8967045049533686,-3.7826222392726955e-13,-0.8766111888347756,-0.1376057400159053
56.77999999999727,0.896704504953368,-3.7777419574830833e-13,-0.8766111888347763,-0.13760574001590528
56.78999999999727,0.8967045049533673,-3.7729016241361536e-13,-0.876611188834777,-0.13760574001590528
56.79999999999727,0.8967045049533666,-3.7680334078762104e-13,-0.8766111888347774,-0.13760574001590525
56.80999999999727,0.896704504953366,-3.7632849940869437e-13,-0.8766111888347778,-0.1376057400159052
56.819999999997265,0.8967045049533653,-3.7586339670184e-13,-0.8766111888347786,-0.1376057400159052
56.82999999999726,0.8967045049533645,-3.7539610387330257e-13,-0.8766111888347788,-0.13760574001590517
56.83999999999726,0.8967045049533638,-3.749329215343846e-13,-0.8766111888347796,-0.13760574001590517
56.84999999999726,0.8967045049533632,-3.7446555699112357e-13,-0.8766111888347805,-0.13760574001590514
56.85999999999726,0.8967045049533625,-3.7399951373413135e-13,-0.876611188834781,-0.13760574001590514
56.869999999997255,0.8967045049533618,-3.735367950859156e-13,-0.8766111888347817,-0.13760574001590511
56.87999999999725,0.8967045049533612,-3.7306081880769746e-13,-0.8766111888347825,-0.13760574001590511
56.88999999999725,0.8967045049533605,-3.72588903211112e-13,-0.876611188834783,-0.1376057400159051
56.89999999999725,0.8967045049533598,-3.7211878827259885e-13,-0.8766111888347836,-0.1376057400159051
56.90999999999725,0.8967045049533592,-3.716490289719871e-13,-0.8766111888347841,-0.13760574001590503
56.919999999997245,0.8967045049533586,-3.7118896042217043e-13,-0.8766111888347843,-0.13760574001590498
56.92999999999724,0.896704504953358,-3.7074245380868355e-13,-0.8766111888347848,-0.13760574001590498
56.93999999999724,0.8967045049533573,-3.702884779183052e-13,-0.8766111888347855,-0.13760574001590498
56.94999999999724,0.8967045049533566,-3.698421278089511e-13,-0.8766111888347863,-0.13760574001590498
56.95999999999724,0.8967045049533559,-3.6939674954615675e-13,-0.8766111888347865,-0.13760574001590492
56.969999999997235,0.8967045049533552,-3.6896070307216937e-13,-0.876611188834787,-0.13760574001590486
56.97999999999723,0.8967045049533545,-3.6852987816521214e-13,-0.8766111888347875,-0.13760574001590484
56.98999999999723,0.8967045049533539,-3.6810321010991044e-13,-0.8766111888347878,-0.13760574001590478
56.99999999999723,0.8967045049533532,-3.6768808061029563e-13,-0.8766111888347884,-0.13760574001590473
57.00999999999723,0.8967045049533525,-3.672771768850589e-13,-0.876611188834789,-0.1376057400159047
57.019999999997225,0.8967045049533519,-3.6687191340839373e-13,-0.8766111888347892,-0.13760574001590467
57.02999999999722,0.8967045049533512,-3.6647176286239276e-13,-0.8766111888347896,-0.13760574001590462
57.03999999999722,0.8967045049533505,-3.660775305687999e-13,-0.8766111888347902,-0.1376057400159046
57.04999999999722,0.8967045049533499,-3.656860748077729e-13,-0.8766111888347906,-0.13760574001590456
57.05999999999722,0.8967045049533491,-3.6529222960993927e-13,-0.8766111888347912,-0.13760574001590453
57.069999999997215,0.8967045049533484,-3.648964908948468e-13,-0.8766111888347917,-0.1376057400159045
57.07999999999721,0.8967045049533477,-3.645044157216158e-13,-0.8766111888347922,-0.13760574001590445
57.08999999999721,0.8967045049533471,-3.6411656101117603e-13,-0.8766111888347925,-0.1376057400159044
57.09999999999721,0.8967045049533464,-3.637329333209474e-13,-0.876611188834793,-0.13760574001590437
57.10999999999721,0.8967045049533457,-3.6334653678098086e-13,-0.8766111888347935,-0.1376057400159043
57.119999999997205,0.8967045049533452,-3.6296743153056483e-13,-0.8766111888347936,-0.13760574001590425
57.1299999999972,0.8967045049533445,-3.625995171067639e-13,-0.8766111888347942,-0.1376057400159042
57.1399999999972,0.8967045049533439,-3.622345954749185e-13,-0.8766111888347946,-0.13760574001590417
57.1499999999972,0.8967045049533432,-3.618724077614354e-13,-0.8766111888347947,-0.1376057400159041
57.1599999999972,0.8967045049533425,-3.615216833704867e-13,-0.8766111888347946,-0.13760574001590403
57.169999999997195,0.8967045049533419,-3.6117722037736996e-13,-0.8766111888347956,-0.137605740015904
57.17999999999719,0.8967045049533412,-3.608269717921433e-13,-0.876611188834796,-0.13760574001590395
57.18999999999719,0.8967045049533406,-3.604706340679853e-13,-0.8766111888347964,-0.13760574001590392
57.19999999999719,0.89670450495334,-3.6013307119262154e-13,-0.8766111888347966,-0.1376057400159039
57.20999999999719,0.8967045049533393,-3.597877965445158e-13,-0.876611188834797,-0.13760574001590384
57.219999999997185,0.8967045049533388,-3.594524440145662e-13,-0.8766111888347975,-0.13760574001590378
57.22999999999718,0.8967045049533382,-3.591147771233161e-13,-0.8766111888347976,-0.13760574001590378
57.23999999999718,0.8967045049533375,-3.587735455034314e-13,-0.8766111888347982,-0.13760574001590375
57.24999999999718,0.8967045049533369,-3.5842249688256476e-13,-0.8766111888347989,-0.13760574001590375
57.25999999999718,0.8967045049533361,-3.580584059037154e-13,-0.8766111888347997,-0.13760574001590373
57.269999999997175,0.8967045049533355,-3.5769392832913934e-13,-0.8766111888348004,-0.13760574001590373
57.27999999999717,0.8967045049533349,-3.573208367204969e-13,-0.876611188834801,-0.1376057400159037
57.28999999999717,0.8967045049533342,-3.569352339961084e-13,-0.8766111888348016,-0.1376057400159037
57.29999999999717,0.8967045049533336,-3.5654737800026646e-13,-0.876611188834802,-0.13760574001590367
57.30999999999717,0.8967045049533331,-3.561578947848982e-13,-0.8766111888348024,-0.13760574001590364
57.319999999997165,0.8967045049533324,-3.557683246046978e-13,-0.876611188834803,-0.13760574001590364
57.32999999999716,0.8967045049533318,-3.553758663942746e-13,-0.8766111888348036,-0.13760574001590362
57.33999999999716,0.8967045049533311,-3.549787223390907e-13,-0.8766111888348044,-0.13760574001590362
57.34999999999716,0.8967045049533305,-3.5456521942769977e-13,-0.876611188834805,-0.1376057400159036
57.35999999999716,0.8967045049533301,-3.5416156344207634e-13,-0.876611188834805,-0.13760574001590353
57.369999999997155,0.8967045049533294,-3.537737852836261e-13,-0.8766111888348057,-0.13760574001590353
57.37999999999715,0.8967045049533288,-3.533771465338827e-13,-0.8766111888348064,-0.13760574001590353
57.38999999999715,0.8967045049533282,-3.529730384536182e-13,-0.8766111888348068,-0.13760574001590353
57.39999999999715,0.8967045049533275,-3.525701443684922e-13,-0.8766111888348073,-0.13760574001590353
57.40999999999715,0.8967045049533269,-3.521652748887878e-13,-0.8766111888348082,-0.13760574001590353
57.419999999997145,0.8967045049533262,-3.5174983955899e-13,-0.8766111888348089,-0.13760574001590353
57.42999999999714,0.8967045049533255,-3.5132674321801176e-13,-0.8766111888348098,-0.13760574001590353
57.43999999999714,0.8967045049533251,-3.508927080194663e-13,-0.8766111888348099,-0.13760574001590353
57.44999999999714,0.8967045049533244,-3.5047085124499993e-13,-0.8766111888348108,-0.13760574001590353
57.45999999999714,0.8967045049533238,-3.500412913515887e-13,-0.8766111888348114,-0.13760574001590353
57.469999999997135,0.8967045049533233,-3.4960640661053716e-13,-0.8766111888348119,-0.1376057400159035
57.47999999999713,0.8967045049533227,-3.4917407264173887e-13,-0.8766111888348128,-0.1376057400159035
57.48999999999713,0.8967045049533221,-3.4873076425604144e-13,-0.8766111888348134,-0.13760574001590353
57.49999999999713,0.8967045049533214,-3.4828216555724525e-13,-0.8766111888348143,-0.13760574001590353
57.50999999999713,0.896704504953321,-3.4782720297038886e-13,-0.8766111888348146,-0.1376057400159035
57.519999999997125,0.8967045049533204,-3.4737428458181223e-13,-0.8766111888348151,-0.1376057400159035
57.52999999999712,0.8967045049533199,-3.469209083611363e-13,-0.8766111888348159,-0.13760574001590353
57.53999999999712,0.8967045049533192,-3.464614920609832e-13,-0.876611188834817,-0.13760574001590353
57.54999999999712,0.8967045049533187,-3.459850835943676e-13,-0.8766111888348178,-0.13760574001590353
57.55999999999712,0.8967045049533181,-3.455091504479428e-13,-0.8766111888348181,-0.13760574001590353
57.569999999997115,0.8967045049533174,-3.450333883549054e-13,-0.876611188834819,-0.13760574001590353
57.57999999999711,0.896704504953317,-3.445541211822029e-13,-0.8766111888348191,-0.13760574001590353
57.58999999999711,0.8967045049533164,-3.4408996398254074e-13,-0.8766111888348199,-0.13760574001590353
57.59999999999711,0.8967045049533158,-3.436287122252203e-13,-0.8766111888348203,-0.13760574001590353
57.60999999999711,0.8967045049533152,-3.431725512490937e-13,-0.8766111888348213,-0.13760574001590353
57.619999999997106,0.8967045049533146,-3.4269861178204494e-13,-0.8766111888348223,-0.13760574001590356
57.6299999999971,0.8967045049533141,-3.4221996780058034e-13,-0.8766111888348227,-0.13760574001590353
57.6399999999971,0.8967045049533134,-3.4175218035041784e-13,-0.8766111888348234,-0.13760574001590353
57.6499999999971,0.8967045049533129,-3.412841724715109e-13,-0.8766111888348237,-0.13760574001590353
57.6599999999971,0.8967045049533123,-3.408162449988512e-13,-0.8766111888348241,-0.13760574001590353
57.669999999997096,0.8967045049533118,-3.4035536003188286e-13,-0.8766111888348253,-0.13760574001590353
57.679999999997094,0.8967045049533112,-3.3988979170183503e-13,-0.8766111888348259,-0.13760574001590356
57.68999999999709,0.8967045049533107,-3.3941874334012117e-13,-0.8766111888348261,-0.13760574001590356
57.69999999999709,0.8967045049533101,-3.3894981249710803e-13,-0.8766111888348272,-0.1376057400159036
57.70999999999709,0.8967045049533096,-3.384722878651239e-13,-0.8766111888348278,-0.13760574001590362
57.719999999997086,0.8967045049533089,-3.3798855485735756e-13,-0.8766111888348287,-0.13760574001590362
57.729999999997084,0.8967045049533084,-3.374956878115349e-13,-0.8766111888348291,-0.1376057400159036
57.73999999999708,0.8967045049533079,-3.370179707229743e-13,-0.8766111888348298,-0.13760574001590364
57.74999999999708,0.8967045049533073,-3.3653491968095966e-13,-0.8766111888348306,-0.13760574001590364
57.75999999999708,0.8967045049533068,-3.36053209255832e-13,-0.8766111888348315,-0.13760574001590367
57.769999999997076,0.8967045049533062,-3.3555634687798045e-13,-0.876611188834832,-0.13760574001590367
57.779999999997074,0.8967045049533056,-3.350633347407637e-13,-0.8766111888348328,-0.1376057400159037
57.78999999999707,0.8967045049533051,-3.345692496528625e-13,-0.8766111888348331,-0.13760574001590367
57.79999999999707,0.8967045049533046,-3.3408461992911493e-13,-0.8766111888348339,-0.13760574001590367
57.80999999999707,0.896704504953304,-3.3360199995872403e-13,-0.8766111888348345,-0.1376057400159037
57.819999999997066,0.8967045049533034,-3.3312057998303146e-13,-0.876611188834835,-0.1376057400159037
57.829999999997064,0.8967045049533029,-3.326387092270131e-13,-0.8766111888348358,-0.1376057400159037
57.83999999999706,0.8967045049533023,-3.3215918568037396e-13,-0.8766111888348364,-0.1376057400159037
57.84999999999706,0.8967045049533017,-3.316902489114539e-13,-0.8766111888348372,-0.1376057400159037
57.85999999999706,0.8967045049533011,-3.3120765492184093e-13,-0.8766111888348376,-0.1376057400159037
57.869999999997056,0.8967045049533005,-3.3072918393083777e-13,-0.8766111888348385,-0.13760574001590373
57.879999999997054,0.8967045049533,-3.3025097448948556e-13,-0.8766111888348389,-0.1376057400159037
57.88999999999705,0.8967045049532996,-3.297751402917197e-13,-0.8766111888348391,-0.13760574001590367
57.89999999999705,0.896704504953299,-3.2931325180772164e-13,-0.87661118883484,-0.1376057400159037
57.90999999999705,0.8967045049532985,-3.28853663713393e-13,-0.8766111888348407,-0.13760574001590373
57.919999999997046,0.8967045049532978,-3.283868764522592e-13,-0.8766111888348413,-0.13760574001590373
57.929999999997044,0.8967045049532972,-3.2791404325470463e-13,-0.8766111888348422,-0.13760574001590375
57.93999999999704,0.8967045049532968,-3.274392659497615e-13,-0.8766111888348429,-0.13760574001590375
57.94999999999704,0.8967045049532962,-3.2695887553662364e-13,-0.8766111888348432,-0.13760574001590373
57.95999999999704,0.8967045049532957,-3.26487303894025e-13,-0.876611188834844,-0.13760574001590373
57.969999999997036,0.8967045049532951,-3.2601915459513544e-13,-0.8766111888348446,-0.13760574001590375
57.979999999997034,0.8967045049532946,-3.255473226439202e-13,-0.8766111888348456,-0.13760574001590378
57.98999999999703,0.8967045049532941,-3.250653994285768e-13,-0.8766111888348458,-0.13760574001590375
57.99999999999703,0.8967045049532936,-3.245950080957935e-13,-0.8766111888348465,-0.13760574001590378
58.00999999999703,0.896704504953293,-3.241221802760826e-13,-0.8766111888348475,-0.13760574001590378
58.019999999997026,0.8967045049532925,-3.236471903784425e-13,-0.876611188834848,-0.13760574001590378
58.029999999997024,0.8967045049532919,-3.2317134162611037e-13,-0.8766111888348482,-0.13760574001590375
58.03999999999702,0.8967045049532912,-3.2270341834532075e-13,-0.8766111888348491,-0.13760574001590378
58.04999999999702,0.8967045049532908,-3.2222807376932577e-13,-0.8766111888348495,-0.13760574001590375
58.05999999999702,0.8967045049532902,-3.2175856786346263e-13,-0.8766111888348502,-0.13760574001590375
58.069999999997016,0.8967045049532897,-3.2129650564885175e-13,-0.8766111888348508,-0.13760574001590375
58.079999999997014,0.8967045049532889,-3.2082510312632777e-13,-0.8766111888348516,-0.13760574001590375
58.08999999999701,0.8967045049532885,-3.2037056277679415e-13,-0.876611188834852,-0.13760574001590378
58.09999999999701,0.8967045049532879,-3.199086808452414e-13,-0.8766111888348525,-0.13760574001590375
58.10999999999701,0.8967045049532874,-3.194510589102074e-13,-0.8766111888348532,-0.13760574001590378
58.119999999997006,0.8967045049532869,-3.18997734598051e-13,-0.8766111888348536,-0.13760574001590375
58.129999999997004,0.8967045049532862,-3.185469766981622e-13,-0.8766111888348542,-0.13760574001590378
58.139999999997,0.8967045049532858,-3.1809504435129623e-13,-0.8766111888348547,-0.13760574001590375
58.149999999997,0.8967045049532852,-3.176592648517615e-13,-0.8766111888348557,-0.13760574001590378
58.159999999997,0.8967045049532847,-3.1720850673570705e-13,-0.8766111888348563,-0.13760574001590384
58.169999999996996,0.8967045049532842,-3.1674564042189434e-13,-0.8766111888348571,-0.1376057400159038
58.179999999996994,0.8967045049532837,-3.162873244965228e-13,-0.8766111888348577,-0.13760574001590384
58.18999999999699,0.8967045049532831,-3.158263580840642e-13,-0.8766111888348581,-0.13760574001590384
58.19999999999699,0.8967045049532827,-3.153712811617809e-13,-0.8766111888348587,-0.13760574001590384
58.20999999999699,0.896704504953282,-3.1491224648444317e-13,-0.8766111888348594,-0.13760574001590384
58.219999999996986,0.8967045049532816,-3.144546517986151e-13,-0.8766111888348597,-0.13760574001590384
58.229999999996984,0.896704504953281,-3.1400441785399916e-13,-0.8766111888348603,-0.13760574001590384
58.23999999999698,0.8967045049532805,-3.1355352302274337e-13,-0.8766111888348613,-0.13760574001590387
58.24999999999698,0.89670450495328,-3.1309586810348054e-13,-0.8766111888348616,-0.13760574001590384
58.25999999999698,0.8967045049532795,-3.1264953403857556e-13,-0.8766111888348622,-0.13760574001590387
58.269999999996976,0.8967045049532789,-3.121980771940762e-13,-0.8766111888348629,-0.1376057400159039
58.279999999996974,0.8967045049532784,-3.117465458717757e-13,-0.8766111888348638,-0.13760574001590392
58.28999999999697,0.8967045049532779,-3.112798032629475e-13,-0.876611188834864,-0.1376057400159039
58.29999999999697,0.8967045049532774,-3.108313929162411e-13,-0.876611188834865,-0.13760574001590392
58.30999999999697,0.8967045049532768,-3.103775956745746e-13,-0.8766111888348656,-0.13760574001590392
58.319999999996966,0.8967045049532764,-3.0992596042647163e-13,-0.8766111888348657,-0.1376057400159039
58.329999999996964,0.8967045049532758,-3.0948040640020966e-13,-0.8766111888348667,-0.13760574001590392
58.33999999999696,0.8967045049532752,-3.0903263998862887e-13,-0.8766111888348671,-0.13760574001590392
58.34999999999696,0.8967045049532747,-3.085795943692408e-13,-0.8766111888348677,-0.13760574001590392
58.35999999999696,0.896704504953274,-3.081267259366185e-13,-0.8766111888348688,-0.13760574001590398
58.369999999996956,0.8967045049532736,-3.076665005322072e-13,-0.8766111888348689,-0.13760574001590392
58.379999999996954,0.896704504953273,-3.0723382042359164e-13,-0.8766111888348698,-0.13760574001590395
58.38999999999695,0.8967045049532726,-3.067891348402008e-13,-0.8766111888348701,-0.13760574001590392
58.39999999999695,0.8967045049532721,-3.063390935527459e-13,-0.8766111888348702,-0.1376057400159039
58.40999999999695,0.8967045049532716,-3.059120683512571e-13,-0.8766111888348712,-0.13760574001590392
58.419999999996946,0.8967045049532711,-3.0546474792281247e-13,-0.8766111888348712,-0.1376057400159039
58.429999999996944,0.8967045049532706,-3.0502919079472384e-13,-0.8766111888348723,-0.13760574001590392
58.43999999999694,0.89670450495327,-3.045945264953e-13,-0.8766111888348729,-0.13760574001590395
58.44999999999694,0.8967045049532695,-3.041664705634496e-13,-0.8766111888348734,-0.13760574001590395
58.45999999999694,0.896704504953269,-3.037315985917209e-13,-0.8766111888348738,-0.13760574001590392
58.469999999996936,0.8967045049532685,-3.0329888658690014e-13,-0.8766111888348747,-0.13760574001590395
58.479999999996934,0.896704504953268,-3.028714962206766e-13,-0.8766111888348749,-0.13760574001590395
58.48999999999693,0.8967045049532675,-3.024437748834397e-13,-0.8766111888348758,-0.13760574001590395
58.49999999999693,0.896704504953267,-3.020128049494628e-13,-0.876611188834876,-0.13760574001590395
58.50999999999693,0.8967045049532666,-3.015943750346597e-13,-0.8766111888348768,-0.13760574001590395
58.51999999999693,0.896704504953266,-3.011650505504452e-13,-0.8766111888348772,-0.13760574001590398
58.529999999996924,0.8967045049532656,-3.0074471733411634e-13,-0.876611188834878,-0.13760574001590398
58.53999999999692,0.896704504953265,-3.0031410907023045e-13,-0.8766111888348787,-0.137605740015904
58.54999999999692,0.8967045049532646,-2.9987875814547157e-13,-0.8766111888348793,-0.13760574001590403
58.55999999999692,0.896704504953264,-2.9944409688654365e-13,-0.87661118883488,-0.13760574001590406
58.56999999999692,0.8967045049532636,-2.989990042384046e-13,-0.8766111888348808,-0.1376057400159041
58.579999999996915,0.896704504953263,-2.985521938349491e-13,-0.8766111888348818,-0.13760574001590412
58.58999999999691,0.8967045049532626,-2.98090790140659e-13,-0.876611188834882,-0.1376057400159041
58.59999999999691,0.8967045049532621,-2.9764574285245124e-13,-0.8766111888348824,-0.13760574001590412
58.60999999999691,0.8967045049532616,-2.9720009339239957e-13,-0.8766111888348831,-0.13760574001590412
58.61999999999691,0.896704504953261,-2.967543902590099e-13,-0.8766111888348835,-0.13760574001590412
58.629999999996905,0.8967045049532605,-2.963209913811205e-13,-0.876611188834884,-0.13760574001590412
58.6399999999969,0.89670450495326,-2.958892545649312e-13,-0.8766111888348848,-0.13760574001590412
58.6499999999969,0.8967045049532595,-2.9545561468086237e-13,-0.8766111888348854,-0.13760574001590412
58.6599999999969,0.8967045049532589,-2.950252785599609e-13,-0.8766111888348862,-0.13760574001590414
58.6699999999969,0.8967045049532585,-2.9457768587262314e-13,-0.8766111888348864,-0.13760574001590412
58.679999999996895,0.896704504953258,-2.941436180224863e-13,-0.8766111888348866,-0.13760574001590406
58.68999999999689,0.8967045049532576,-2.937290204792429e-13,-0.8766111888348871,-0.1376057400159041
58.69999999999689,0.8967045049532572,-2.9331336014884585e-13,-0.8766111888348878,-0.1376057400159041
58.70999999999689,0.8967045049532566,-2.9290421169459276e-13,-0.8766111888348883,-0.13760574001590412
58.71999999999689,0.896704504953256,-2.924858190263404e-13,-0.8766111888348893,-0.13760574001590414
58.729999999996885,0.8967045049532556,-2.920607733241522e-13,-0.8766111888348896,-0.13760574001590412
58.73999999999688,0.8967045049532552,-2.91647523471215e-13,-0.8766111888348901,-0.1376057400159041
58.74999999999688,0.8967045049532547,-2.912388153073743e-13,-0.8766111888348904,-0.1376057400159041
58.75999999999688,0.8967045049532542,-2.9082984366133965e-13,-0.8766111888348911,-0.13760574001590412
58.76999999999688,0.8967045049532537,-2.904199818531448e-13,-0.8766111888348918,-0.13760574001590412
58.779999999996875,0.8967045049532533,-2.9000541568191034e-13,-0.876611188834892,-0.13760574001590412
58.78999999999687,0.8967045049532527,-2.895937559623049e-13,-0.8766111888348932,-0.13760574001590414
58.79999999999687,0.8967045049532523,-2.8917862821807897e-13,-0.8766111888348934,-0.13760574001590414
58.80999999999687,0.8967045049532517,-2.8876438214035484e-13,-0.876611188834894,-0.13760574001590417
58.81999999999687,0.8967045049532513,-2.8835255628976746e-13,-0.8766111888348946,-0.1376057400159042
58.829999999996865,0.8967045049532508,-2.8792740864175087e-13,-0.8766111888348949,-0.13760574001590417
58.83999999999686,0.8967045049532503,-2.87512448495801e-13,-0.876611188834896,-0.13760574001590423
58.84999999999686,0.8967045049532498,-2.8708356908337733e-13,-0.8766111888348963,-0.1376057400159042
58.85999999999686,0.8967045049532493,-2.8665549004934104e-13,-0.876611188834897,-0.13760574001590423
58.86999999999686,0.8967045049532487,-2.862310027694048e-13,-0.876611188834898,-0.13760574001590425
58.879999999996855,0.8967045049532483,-2.8580446152329064e-13,-0.8766111888348982,-0.13760574001590423
58.88999999999685,0.8967045049532477,-2.853836299595757e-13,-0.8766111888348987,-0.13760574001590425
58.89999999999685,0.8967045049532473,-2.8495916683933663e-13,-0.8766111888348991,-0.13760574001590423
58.90999999999685,0.8967045049532467,-2.8453233078103916e-13,-0.8766111888349001,-0.13760574001590425
58.91999999999685,0.8967045049532463,-2.8411152607163244e-13,-0.8766111888349004,-0.13760574001590425
58.929999999996845,0.8967045049532458,-2.8369169726247166e-13,-0.8766111888349007,-0.13760574001590425
58.93999999999684,0.8967045049532453,-2.8327831436514886e-13,-0.8766111888349017,-0.13760574001590428
58.94999999999684,0.8967045049532447,-2.8285254856731673e-13,-0.8766111888349025,-0.1376057400159043
58.95999999999684,0.8967045049532443,-2.824216271052888e-13,-0.876611188834903,-0.13760574001590428
58.96999999999684,0.8967045049532438,-2.8199891763751866e-13,-0.8766111888349032,-0.13760574001590425
58.979999999996835,0.8967045049532434,-2.815829982906041e-13,-0.8766111888349033,-0.13760574001590423
58.98999999999683,0.8967045049532429,-2.811852300490839e-13,-0.8766111888349043,-0.13760574001590423
58.99999999999683,0.8967045049532425,-2.8077499604131895e-13,-0.8766111888349045,-0.13760574001590425
59.00999999999683,0.896704504953242,-2.8036653107161824e-13,-0.8766111888349052,-0.13760574001590425
59.01999999999683,0.8967045049532416,-2.7996022017258695e-13,-0.8766111888349057,-0.13760574001590428
59.029999999996825,0.896704504953241,-2.795545030630549e-13,-0.8766111888349066,-0.1376057400159043
59.03999999999682,0.8967045049532406,-2.791339280031493e-13,-0.8766111888349071,-0.13760574001590428
59.04999999999682,0.8967045049532402,-2.7872034582392536e-13,-0.8766111888349075,-0.1376057400159043
59.05999999999682,0.8967045049532395,-2.7830578125583347e-13,-0.8766111888349085,-0.13760574001590434
59.06999999999682,0.8967045049532391,-2.77883237736805e-13,-0.8766111888349085,-0.13760574001590428
59.079999999996815,0.8967045049532386,-2.774822554806493e-13,-0.8766111888349093,-0.1376057400159043
59.08999999999681,0.8967045049532382,-2.77077797264322e-13,-0.8766111888349098,-0.13760574001590428
59.09999999999681,0.8967045049532377,-2.7668070759758374e-13,-0.8766111888349101,-0.1376057400159043
59.10999999999681,0.8967045049532373,-2.7627936930602693e-13,-0.8766111888349104,-0.13760574001590428
59.11999999999681,0.8967045049532368,-2.7588430886838913e-13,-0.8766111888349112,-0.1376057400159043
59.129999999996805,0.8967045049532364,-2.7548584145010074e-13,-0.8766111888349116,-0.1376057400159043
59.1399999999968,0.896704504953236,-2.7509567510081914e-13,-0.8766111888349122,-0.13760574001590434
59.1499999999968,0.8967045049532355,-2.746948183130928e-13,-0.8766111888349126,-0.13760574001590434
59.1599999999968,0.8967045049532351,-2.7429642161782055e-13,-0.8766111888349133,-0.13760574001590434
59.1699999999968,0.8967045049532345,-2.7389154608443515e-13,-0.8766111888349135,-0.13760574001590434
59.179999999996795,0.896704504953234,-2.734974753079453e-13,-0.8766111888349145,-0.13760574001590437
59.18999999999679,0.8967045049532335,-2.7310003591920427e-13,-0.8766111888349146,-0.13760574001590434
59.19999999999679,0.8967045049532331,-2.727077738762289e-13,-0.8766111888349155,-0.13760574001590437
59.20999999999679,0.8967045049532326,-2.7230428811751907e-13,-0.8766111888349161,-0.13760574001590437
59.21999999999679,0.8967045049532322,-2.7189649373515874e-13,-0.8766111888349167,-0.1376057400159044
59.229999999996785,0.8967045049532317,-2.714879959579871e-13,-0.8766111888349171,-0.1376057400159044
59.23999999999678,0.8967045049532311,-2.710850664344937e-13,-0.8766111888349181,-0.13760574001590442
59.24999999999678,0.8967045049532306,-2.706719165198722e-13,-0.8766111888349184,-0.1376057400159044
59.25999999999678,0.8967045049532302,-2.702676881140104e-13,-0.8766111888349191,-0.13760574001590442
59.26999999999678,0.8967045049532297,-2.6986466501628927e-13,-0.8766111888349195,-0.1376057400159044
59.279999999996775,0.8967045049532293,-2.6945861253787456e-13,-0.8766111888349198,-0.1376057400159044
59.28999999999677,0.8967045049532288,-2.6906365520562435e-13,-0.8766111888349205,-0.1376057400159044
59.29999999999677,0.8967045049532284,-2.6865749181698655e-13,-0.8766111888349211,-0.1376057400159044
59.30999999999677,0.896704504953228,-2.6826826917427064e-13,-0.8766111888349214,-0.1376057400159044
59.31999999999677,0.8967045049532275,-2.678796423828874e-13,-0.8766111888349217,-0.13760574001590437
59.329999999996765,0.8967045049532271,-2.6750377784662326e-13,-0.8766111888349221,-0.13760574001590437
59.33999999999676,0.8967045049532266,-2.6712892266140893e-13,-0.8766111888349224,-0.13760574001590437
59.34999999999676,0.8967045049532262,-2.667571463487617e-13,-0.8766111888349232,-0.1376057400159044
59.35999999999676,0.8967045049532257,-2.663800406156867e-13,-0.8766111888349237,-0.1376057400159044
59.36999999999676,0.8967045049532253,-2.660013151349894e-13,-0.8766111888349244,-0.13760574001590437
59.379999999996755,0.8967045049532248,-2.6562624378715507e-13,-0.8766111888349246,-0.1376057400159044
59.38999999999675,0.8967045049532244,-2.6525733421371523e-13,-0.876611188834925,-0.1376057400159044
59.39999999999675,0.896704504953224,-2.648834921293281e-13,-0.8766111888349258,-0.1376057400159044
59.40999999999675,0.8967045049532235,-2.6451107756748453e-13,-0.8766111888349263,-0.13760574001590442
59.41999999999675,0.8967045049532231,-2.6413193662764764e-13,-0.8766111888349267,-0.13760574001590442
59.429999999996745,0.8967045049532226,-2.637598802532134e-13,-0.8766111888349271,-0.13760574001590442
59.43999999999674,0.8967045049532221,-2.6339127500180903e-13,-0.8766111888349275,-0.13760574001590442
59.44999999999674,0.8967045049532216,-2.630198077660809e-13,-0.876611188834928,-0.1376057400159044
59.45999999999674,0.8967045049532212,-2.626561868623085e-13,-0.8766111888349284,-0.1376057400159044
59.46999999999674,0.8967045049532207,-2.622900853233507e-13,-0.8766111888349288,-0.13760574001590437
59.479999999996735,0.8967045049532203,-2.619384836806389e-13,-0.8766111888349294,-0.13760574001590437
59.48999999999673,0.8967045049532198,-2.615798694367e-13,-0.8766111888349299,-0.1376057400159044
59.49999999999673,0.8967045049532194,-2.612202174216572e-13,-0.8766111888349302,-0.1376057400159044
59.50999999999673,0.896704504953219,-2.608613411185232e-13,-0.8766111888349308,-0.1376057400159044
59.51999999999673,0.8967045049532185,-2.604955497495768e-13,-0.8766111888349314,-0.1376057400159044
59.529999999996726,0.8967045049532181,-2.6013314109887904e-13,-0.8766111888349316,-0.13760574001590437
59.53999999999672,0.8967045049532176,-2.597774012731989e-13,-0.8766111888349322,-0.13760574001590437
59.54999999999672,0.8967045049532172,-2.594241869475558e-13,-0.8766111888349327,-0.13760574001590437
59.55999999999672,0.8967045049532167,-2.590704519797908e-13,-0.8766111888349335,-0.1376057400159044
59.56999999999672,0.8967045049532163,-2.5870643462413457e-13,-0.8766111888349337,-0.1376057400159044
59.579999999996716,0.8967045049532159,-2.583529468426154e-13,-0.8766111888349339,-0.13760574001590437
59.589999999996714,0.8967045049532154,-2.58002995171693e-13,-0.8766111888349346,-0.13760574001590437
59.59999999999671,0.896704504953215,-2.576531390383394e-13,-0.8766111888349348,-0.13760574001590434
59.60999999999671,0.8967045049532145,-2.5731036918291066e-13,-0.8766111888349353,-0.1376057400159043
59.61999999999671,0.8967045049532141,-2.569737463322856e-13,-0.8766111888349354,-0.13760574001590425
59.629999999996706,0.8967045049532136,-2.566523599604074e-13,-0.8766111888349358,-0.13760574001590425
59.639999999996704,0.8967045049532131,-2.5632919348955026e-13,-0.8766111888349358,-0.1376057400159042
59.6499999999967,0.8967045049532126,-2.5601641831836516e-13,-0.8766111888349362,-0.13760574001590417
59.6599999999967,0.8967045049532122,-2.557116562615658e-13,-0.8766111888349366,-0.13760574001590414
59.6699999999967,0.8967045049532116,-2.5540832557658493e-13,-0.8766111888349373,-0.13760574001590417
59.679999999996696,0.8967045049532112,-2.5509601678312613e-13,-0.8766111888349377,-0.13760574001590414
59.689999999996694,0.8967045049532107,-2.5478315430147167e-13,-0.876611188834938,-0.13760574001590417
59.69999999999669,0.8967045049532103,-2.544655355799216e-13,-0.8766111888349384,-0.13760574001590412
59.70999999999669,0.8967045049532099,-2.5415743046307536e-13,-0.8766111888349388,-0.13760574001590412
59.71999999999669,0.8967045049532094,-2.5385177560690297e-13,-0.8766111888349393,-0.1376057400159041
59.729999999996686,0.896704504953209,-2.535411219736196e-13,-0.8766111888349395,-0.1376057400159041
59.739999999996684,0.8967045049532085,-2.532250545032474e-13,-0.87661118883494,-0.1376057400159041
59.74999999999668,0.8967045049532081,-2.529125779998091e-13,-0.8766111888349405,-0.13760574001590406
59.75999999999668,0.8967045049532076,-2.5260053111890274e-13,-0.8766111888349407,-0.13760574001590406
59.76999999999668,0.8967045049532072,-2.5229335787496016e-13,-0.8766111888349413,-0.13760574001590403
59.779999999996676,0.8967045049532067,-2.5197937044859493e-13,-0.8766111888349417,-0.13760574001590403
59.789999999996674,0.8967045049532062,-2.5166385152587253e-13,-0.8766111888349423,-0.13760574001590403
59.79999999999667,0.8967045049532057,-2.513491646087775e-13,-0.8766111888349426,-0.137605740015904
59.80999999999667,0.8967045049532054,-2.51039153128584e-13,-0.8766111888349427,-0.13760574001590398
59.81999999999667,0.896704504953205,-2.5073871612597804e-13,-0.8766111888349434,-0.13760574001590398
59.829999999996666,0.8967045049532044,-2.5042737615981776e-13,-0.8766111888349436,-0.13760574001590398
59.839999999996664,0.8967045049532041,-2.501187765365142e-13,-0.8766111888349436,-0.13760574001590392
59.84999999999666,0.8967045049532036,-2.49821576500058e-13,-0.8766111888349444,-0.13760574001590395
59.85999999999666,0.8967045049532032,-2.495152713029495e-13,-0.8766111888349447,-0.13760574001590395
59.86999999999666,0.8967045049532028,-2.49206636473273e-13,-0.8766111888349455,-0.13760574001590392
59.879999999996656,0.8967045049532023,-2.4889315450712754e-13,-0.8766111888349456,-0.13760574001590392
59.889999999996654,0.8967045049532019,-2.485790499986721e-13,-0.8766111888349463,-0.13760574001590392
59.89999999999665,0.8967045049532014,-2.4826840773370504e-13,-0.8766111888349467,-0.13760574001590392
59.90999999999665,0.8967045049532011,-2.479581555581377e-13,-0.876611188834947,-0.13760574001590392
59.91999999999665,0.8967045049532006,-2.476502969754849e-13,-0.8766111888349476,-0.13760574001590395
59.929999999996646,0.8967045049532002,-2.473270660330761e-13,-0.8766111888349482,-0.13760574001590395
59.939999999996644,0.8967045049531999,-2.4700102699451274e-13,-0.8766111888349485,-0.13760574001590395
59.94999999999664,0.8967045049531994,-2.4666863541259344e-13,-0.8766111888349493,-0.13760574001590395
59.95999999999664,0.896704504953199,-2.463346366305289e-13,-0.8766111888349493,-0.13760574001590395
59.96999999999664,0.8967045049531985,-2.4599735772781547e-13,-0.8766111888349502,-0.13760574001590398
59.979999999996636,0.8967045049531981,-2.4566345202048625e-13,-0.8766111888349506,-0.13760574001590398
59.989999999996634,0.8967045049531978,-2.4532398432104584e-13,-0.876611188834951,-0.13760574001590395
59.99999999999663,0.8967045049531973,-2.4498284932836086e-13,-0.8766111888349515,-0.13760574001590398
60.0,0.8967045049531973,-2.4498284932824645e-13,-0.8766111888349515,-0.13760574001590398
