time,v,ω,p,φ
0.0,0.8614755181712627,0.0,-0.11381894976165466,-0.2109711230044734
0.01,0.8614755181712583,9.733219126176839e-14,-0.11381894976520503,-0.21097112300446583
0.02,0.8614755181712452,3.743194858257831e-13,-0.11381894976861423,-0.21097112300444193
0.03,0.8614755181712238,8.043518392550109e-13,-0.11381894977183603,-0.21097112300440085
0.04,0.8614755181711943,1.3632430928152876e-12,-0.11381894977487096,-0.21097112300434215
0.05,0.8614755181711568,2.0290916586122026e-12,-0.11381894977771895,-0.21097112300426543
0.060000000000000005,0.8614755181711113,2.782114831435931e-12,-0.11381894978038258,-0.21097112300417067
0.07,0.8614755181710583,3.6044693579495558e-12,-0.11381894978286346,-0.21097112300405785
0.08,0.861475518170998,4.480119809741762e-12,-0.11381894978516471,-0.2109711230039272
0.09,0.8614755181709305,5.39470332978492e-12,-0.11381894978729012,-0.21097112300377902
0.09999999999999999,0.8614755181708563,6.33539050639613e-12,-0.11381894978924452,-0.21097112300361381
0.10999999999999999,0.8614755181707757,7.29080030806937e-12,-0.1138189497910309,-0.2109711230034321
0.11999999999999998,0.8614755181706887,8.250854091398363e-12,-0.11381894979265567,-0.2109711230032346
0.12999999999999998,0.8614755181705958,9.20668900242229e-12,-0.1138189497941233,-0.21097112300302187
0.13999999999999999,0.8614755181704971,1.0150546413886268e-11,-0.11381894979544024,-0.21097112300279475
0.15,0.8614755181703928,1.1075685043131826e-11,-0.11381894979661067,-0.21097112300255405
0.16,0.8614755181702832,1.1976300066319392e-11,-0.11381894979764157,-0.2109711230023006
0.17,0.8614755181701689,1.2847428980383761e-11,-0.11381894979853831,-0.2109711230020352
0.18000000000000002,0.8614755181700496,1.3684887559262609e-11,-0.11381894979930726,-0.21097112300175871
0.19000000000000003,0.8614755181699258,1.4485195026242597e-11,-0.11381894979995458,-0.2109711230014722
0.20000000000000004,0.8614755181697978,1.5245529455442272e-11,-0.1138189498004854,-0.21097112300117635
0.21000000000000005,0.8614755181696658,1.5963622272987564e-11,-0.11381894980090594,-0.2109711230008721
0.22000000000000006,0.8614755181695302,1.6637739214604045e-11,-0.11381894980122338,-0.21097112300056037
0.23000000000000007,0.8614755181693907,1.7266626107304182e-11,-0.11381894980144251,-0.21097112300024207
0.24000000000000007,0.8614755181692478,1.784943781570426e-11,-0.11381894980156884,-0.2109711229999179
0.25000000000000006,0.8614755181691018,1.838571209358002e-11,-0.11381894980160834,-0.21097112299958887
0.26000000000000006,0.8614755181689527,1.887532069897343e-11,-0.11381894980156645,-0.21097112299925563
0.2700000000000001,0.8614755181688009,1.9318433076424546e-11,-0.11381894980144872,-0.21097112299891913
0.2800000000000001,0.8614755181686463,1.9715487569345333e-11,-0.11381894980126035,-0.21097112299857995
0.2900000000000001,0.8614755181684894,2.00671423076098e-11,-0.11381894980100643,-0.21097112299823892
0.3000000000000001,0.8614755181683302,2.037424779322571e-11,-0.11381894980069161,-0.2109711229978967
0.3100000000000001,0.8614755181681688,2.0637853144895248e-11,-0.11381894980032094,-0.21097112299755397
0.3200000000000001,0.8614755181680054,2.0859123104584995e-11,-0.1138189497998985,-0.21097112299721132
0.3300000000000001,0.8614755181678403,2.103936906426823e-11,-0.1138189497994284,-0.21097112299686943
0.34000000000000014,0.8614755181676733,2.1179984315482203e-11,-0.11381894979891574,-0.2109711229965288
0.35000000000000014,0.8614755181675049,2.1282464522535244e-11,-0.11381894979836417,-0.21097112299619003
0.36000000000000015,0.8614755181673349,2.1348374456050583e-11,-0.11381894979777726,-0.21097112299585355
0.37000000000000016,0.8614755181671636,2.137930874311832e-11,-0.11381894979715898,-0.21097112299551993
0.38000000000000017,0.8614755181669912,2.13769183390527e-11,-0.1138189497965119,-0.21097112299518953
0.3900000000000002,0.8614755181668176,2.1342871815944906e-11,-0.11381894979584073,-0.21097112299486276
0.4000000000000002,0.861475518166643,2.127884092113796e-11,-0.11381894979514742,-0.21097112299454007
0.4100000000000002,0.8614755181664674,2.118651795286692e-11,-0.11381894979443555,-0.21097112299422177
0.4200000000000002,0.8614755181662912,2.1067576927768264e-11,-0.11381894979370757,-0.21097112299390808
0.4300000000000002,0.8614755181661141,2.092366882936e-11,-0.11381894979296604,-0.2109711229935994
0.4400000000000002,0.8614755181659363,2.075643402059064e-11,-0.11381894979221344,-0.210971122993296
0.45000000000000023,0.8614755181657578,2.0567493066256935e-11,-0.1138189497914523,-0.2109711229929981
0.46000000000000024,0.8614755181655791,2.0358413176446555e-11,-0.1138189497906844,-0.2109711229927059
0.47000000000000025,0.8614755181653998,2.0130739812067327e-11,-0.1138189497899117,-0.21097112299241955
0.48000000000000026,0.8614755181652201,1.9885973935979937e-11,-0.1138189497891369,-0.21097112299213933
0.49000000000000027,0.86147551816504,1.9625574184162098e-11,-0.11381894978836066,-0.2109711229918653
0.5000000000000002,0.8614755181648597,1.9350950461836e-11,-0.11381894978758535,-0.21097112299159756
0.5100000000000002,0.8614755181646792,1.9063454138709096e-11,-0.11381894978681209,-0.2109711229913363
0.5200000000000002,0.8614755181644984,1.876440476428031e-11,-0.11381894978604265,-0.2109711229910815
0.5300000000000002,0.8614755181643172,1.845505245149182e-11,-0.11381894978527793,-0.21097112299083337
0.5400000000000003,0.8614755181641361,1.8136609230216286e-11,-0.11381894978451895,-0.21097112299059181
0.5500000000000003,0.861475518163955,1.781021489015635e-11,-0.1138189497837673,-0.21097112299035697
0.5600000000000003,0.8614755181637737,1.7476977271742722e-11,-0.11381894978302347,-0.2109711229901288
0.5700000000000003,0.8614755181635924,1.7137926685762555e-11,-0.11381894978228847,-0.21097112298990725
0.5800000000000003,0.861475518163411,1.679405815909267e-11,-0.11381894978156276,-0.21097112298969245
0.5900000000000003,0.8614755181632296,1.644629649515804e-11,-0.11381894978084711,-0.21097112298948428
0.6000000000000003,0.8614755181630482,1.6095523587102282e-11,-0.11381894978014268,-0.21097112298928278
0.6100000000000003,0.8614755181628669,1.574258023520578e-11,-0.11381894977944954,-0.21097112298908782
0.6200000000000003,0.8614755181626859,1.5388246393785092e-11,-0.11381894977876818,-0.21097112298889942
0.6300000000000003,0.8614755181625048,1.503323818151123e-11,-0.1138189497780993,-0.21097112298871742
0.6400000000000003,0.8614755181623237,1.4678243875354883e-11,-0.11381894977744325,-0.2109711229885419
0.6500000000000004,0.8614755181621426,1.4323914493570404e-11,-0.11381894977679884,-0.21097112298837267
0.6600000000000004,0.8614755181619619,1.3970820210279637e-11,-0.11381894977616855,-0.21097112298820966
0.6700000000000004,0.8614755181617813,1.3619514523882568e-11,-0.11381894977555138,-0.2109711229880528
0.6800000000000004,0.8614755181616005,1.3270499505013432e-11,-0.11381894977494741,-0.210971122987902
0.6900000000000004,0.86147551816142,1.2924245248711891e-11,-0.11381894977435689,-0.21097112298775722
0.7000000000000004,0.8614755181612397,1.2581176246567938e-11,-0.11381894977377985,-0.2109711229876182
0.7100000000000004,0.8614755181610596,1.2241679298990086e-11,-0.11381894977321619,-0.21097112298748494
0.7200000000000004,0.8614755181608796,1.1906098841302896e-11,-0.11381894977266625,-0.21097112298735735
0.7300000000000004,0.8614755181606997,1.1574750289750567e-11,-0.1138189497721297,-0.2109711229872353
0.7400000000000004,0.8614755181605199,1.1247934945722452e-11,-0.1138189497716065,-0.21097112298711868
0.7500000000000004,0.8614755181603403,1.0925900763443507e-11,-0.11381894977109662,-0.21097112298700726
0.7600000000000005,0.8614755181601608,1.0608861885963926e-11,-0.11381894977059986,-0.21097112298690107
0.7700000000000005,0.8614755181599816,1.0297027513709931e-11,-0.11381894977011575,-0.21097112298679987
0.7800000000000005,0.8614755181598024,9.990559183601694e-12,-0.11381894976964474,-0.2109711229867037
0.7900000000000005,0.8614755181596233,9.6896136663424e-12,-0.11381894976918613,-0.21097112298661236
0.8000000000000005,0.8614755181594442,9.394316479438836e-12,-0.11381894976874046,-0.21097112298652573
0.8100000000000005,0.8614755181592655,9.104765369506319e-12,-0.11381894976830655,-0.21097112298644358
0.8200000000000005,0.861475518159087,8.821036417547093e-12,-0.11381894976788406,-0.21097112298636597
0.8300000000000005,0.8614755181589084,8.543187009264198e-12,-0.11381894976747438,-0.21097112298629261
0.8400000000000005,0.8614755181587301,8.271259532149666e-12,-0.1138189497670754,-0.2109711229862235
0.8500000000000005,0.8614755181585518,8.005276604328756e-12,-0.1138189497666878,-0.21097112298615855
0.8600000000000005,0.8614755181583736,7.745253835967703e-12,-0.11381894976631092,-0.21097112298609752
0.8700000000000006,0.8614755181581955,7.491190357160043e-12,-0.11381894976594494,-0.2109711229860404
0.8800000000000006,0.8614755181580174,7.2430578417698324e-12,-0.11381894976558939,-0.21097112298598705
0.8900000000000006,0.8614755181578396,7.000836695396337e-12,-0.11381894976524355,-0.2109711229859373
0.9000000000000006,0.8614755181576618,6.764476415301361e-12,-0.11381894976490779,-0.2109711229858911
0.9100000000000006,0.8614755181574841,6.533927384071113e-12,-0.11381894976458173,-0.2109711229858483
0.9200000000000006,0.8614755181573066,6.3091337186364595e-12,-0.11381894976426454,-0.2109711229858089
0.9300000000000006,0.8614755181571291,6.0900256206263014e-12,-0.11381894976395643,-0.21097112298577264
0.9400000000000006,0.8614755181569517,5.876526755369685e-12,-0.1138189497636572,-0.21097112298573958
0.9500000000000006,0.8614755181567743,5.668552913398647e-12,-0.11381894976336636,-0.21097112298570952
0.9600000000000006,0.861475518156597,5.4660187748408815e-12,-0.11381894976308385,-0.2109711229856824
0.9700000000000006,0.8614755181564198,5.268833493505911e-12,-0.11381894976280942,-0.21097112298565815
0.9800000000000006,0.8614755181562425,5.076895492077959e-12,-0.11381894976254286,-0.21097112298563664
0.9900000000000007,0.8614755181560654,4.890099213453668e-12,-0.11381894976228348,-0.21097112298561776
1.0000000000000007,0.8614755181558883,4.708337351936219e-12,-0.11381894976203052,-0.21097112298560144
1.0100000000000007,0.8614755181557113,4.531497464555422e-12,-0.11381894976178522,-0.21097112298558762
1.0200000000000007,0.8614755181555344,4.359452433394979e-12,-0.1138189497615465,-0.2109711229855762
1.0300000000000007,0.8614755181553575,4.192115938074328e-12,-0.11381894976131354,-0.21097112298556708
1.0400000000000007,0.8614755181551804,4.029352140598792e-12,-0.11381894976108745,-0.21097112298556026
1.0500000000000007,0.8614755181550035,3.8710610909135935e-12,-0.11381894976086702,-0.2109711229855556
1.0600000000000007,0.8614755181548266,3.717124649914783e-12,-0.11381894976065333,-0.21097112298555304
1.0700000000000007,0.8614755181546496,3.567425490939578e-12,-0.11381894976044397,-0.21097112298555254
1.0800000000000007,0.8614755181544728,3.421845215857578e-12,-0.11381894976024065,-0.21097112298555393
1.0900000000000007,0.8614755181542959,3.2802654371080484e-12,-0.11381894976004193,-0.21097112298555723
1.1000000000000008,0.861475518154119,3.1425689741406884e-12,-0.11381894975984845,-0.21097112298556236
1.1100000000000008,0.8614755181539422,3.008644934836935e-12,-0.11381894975966013,-0.2109711229855693
1.1200000000000008,0.8614755181537652,2.8783780754483006e-12,-0.11381894975947554,-0.21097112298557796
1.1300000000000008,0.8614755181535884,2.7516540578571716e-12,-0.11381894975929616,-0.2109711229855883
1.1400000000000008,0.8614755181534116,2.628369616668152e-12,-0.11381894975912057,-0.21097112298560014
1.1500000000000008,0.8614755181532346,2.508415806444777e-12,-0.11381894975894874,-0.21097112298561363
1.1600000000000008,0.8614755181530578,2.391684142945127e-12,-0.11381894975878139,-0.21097112298562856
1.1700000000000008,0.8614755181528809,2.2780594351406347e-12,-0.11381894975861709,-0.2109711229856449
1.1800000000000008,0.8614755181527041,2.167437968048448e-12,-0.11381894975845673,-0.21097112298566267
1.1900000000000008,0.8614755181525271,2.0597216629652323e-12,-0.11381894975830023,-0.21097112298568182
1.2000000000000008,0.8614755181523501,1.954823876430176e-12,-0.11381894975814696,-0.21097112298570225
1.2100000000000009,0.861475518152173,1.852640556851898e-12,-0.11381894975799639,-0.21097112298572399
1.2200000000000009,0.8614755181519961,1.753082392422263e-12,-0.11381894975784917,-0.21097112298574694
1.2300000000000009,0.8614755181518189,1.6560556723780776e-12,-0.11381894975770501,-0.2109711229857711
1.2400000000000009,0.8614755181516419,1.5614716119854227e-12,-0.11381894975756372,-0.21097112298579632
1.2500000000000009,0.861475518151465,1.4692453008994641e-12,-0.11381894975742496,-0.21097112298582268
1.260000000000001,0.8614755181512878,1.3792909057295111e-12,-0.11381894975728898,-0.21097112298585013
1.270000000000001,0.8614755181511107,1.2915349822086035e-12,-0.11381894975715529,-0.21097112298587864
1.280000000000001,0.8614755181509334,1.205896465942671e-12,-0.11381894975702475,-0.21097112298590814
1.290000000000001,0.8614755181507562,1.1223050883243512e-12,-0.11381894975689631,-0.21097112298593862
1.300000000000001,0.861475518150579,1.0406849201395923e-12,-0.11381894975676983,-0.21097112298597
1.310000000000001,0.8614755181504019,9.609602485864335e-13,-0.11381894975664512,-0.21097112298600226
1.320000000000001,0.8614755181502247,8.830427579158495e-13,-0.11381894975652324,-0.21097112298603543
1.330000000000001,0.8614755181500473,8.068912128433939e-13,-0.11381894975640308,-0.21097112298606946
1.340000000000001,0.8614755181498701,7.32435732502869e-13,-0.11381894975628461,-0.2109711229861043
1.350000000000001,0.8614755181496928,6.596063156991779e-13,-0.11381894975616827,-0.21097112298613996
1.360000000000001,0.8614755181495155,5.883524721995213e-13,-0.11381894975605372,-0.21097112298617637
1.370000000000001,0.8614755181493382,5.186156816097746e-13,-0.11381894975594088,-0.21097112298621354
1.380000000000001,0.8614755181491608,4.503406013449082e-13,-0.11381894975582982,-0.2109711229862515
1.390000000000001,0.8614755181489834,3.8346648214818614e-13,-0.11381894975572077,-0.21097112298629014
1.400000000000001,0.8614755181488057,3.1795534143952307e-13,-0.11381894975561285,-0.2109711229863295
1.410000000000001,0.8614755181486282,2.537589417466424e-13,-0.11381894975550638,-0.21097112298636952
1.420000000000001,0.8614755181484505,1.9082599458760833e-13,-0.11381894975540177,-0.21097112298641016
1.430000000000001,0.8614755181482728,1.291106260540692e-13,-0.11381894975529824,-0.21097112298645151
1.440000000000001,0.8614755181480953,6.85791278968253e-14,-0.11381894975519649,-0.21097112298649343
1.450000000000001,0.8614755181479175,9.18490269992659e-15,-0.11381894975509588,-0.21097112298653597
1.460000000000001,0.8614755181477398,-4.911456124839233e-14,-0.11381894975499682,-0.21097112298657908
1.470000000000001,0.8614755181475621,-1.0635610239970967e-13,-0.11381894975489854,-0.21097112298662277
1.480000000000001,0.8614755181473844,-1.6256854837710766e-13,-0.11381894975480143,-0.21097112298666698
1.490000000000001,0.8614755181472066,-2.1779902168013819e-13,-0.11381894975470595,-0.21097112298671175
1.500000000000001,0.8614755181470288,-2.72076783370912e-13,-0.11381894975461124,-0.210971122986757
1.5100000000000011,0.861475518146851,-3.2543433366263925e-13,-0.11381894975451809,-0.2109711229868028
1.5200000000000011,0.861475518146673,-3.7789347363468716e-13,-0.11381894975442648,-0.21097112298684909
1.5300000000000011,0.8614755181464953,-4.2948684587284415e-13,-0.11381894975433501,-0.21097112298689583
1.5400000000000011,0.8614755181463174,-4.802537131087406e-13,-0.11381894975424456,-0.21097112298694304
1.5500000000000012,0.8614755181461394,-5.302137757146303e-13,-0.11381894975415538,-0.2109711229869907
1.5600000000000012,0.8614755181459616,-5.793965207184879e-13,-0.11381894975406741,-0.21097112298703882
1.5700000000000012,0.8614755181457835,-6.278276789171349e-13,-0.11381894975398046,-0.21097112298708734
1.5800000000000012,0.8614755181456055,-6.755168318911085e-13,-0.11381894975389406,-0.21097112298713636
1.5900000000000012,0.8614755181454276,-7.224987150217493e-13,-0.11381894975380885,-0.2109711229871857
1.6000000000000012,0.8614755181452496,-7.687950011188252e-13,-0.11381894975372399,-0.21097112298723544
1.6100000000000012,0.8614755181450715,-8.144248729787255e-13,-0.11381894975364082,-0.21097112298728557
1.6200000000000012,0.8614755181448934,-8.593972581970624e-13,-0.11381894975355827,-0.21097112298733608
1.6300000000000012,0.8614755181447153,-9.037461659391356e-13,-0.11381894975347648,-0.21097112298738696
1.6400000000000012,0.8614755181445374,-9.474879367084032e-13,-0.11381894975339524,-0.2109711229874382
1.6500000000000012,0.8614755181443593,-9.906322177158242e-13,-0.11381894975331518,-0.2109711229874898
1.6600000000000013,0.8614755181441812,-1.0331900412907706e-12,-0.11381894975323573,-0.21097112298754175
1.6700000000000013,0.8614755181440031,-1.0751856367785128e-12,-0.11381894975315723,-0.210971122987594
1.6800000000000013,0.861475518143825,-1.1166419358958406e-12,-0.11381894975307916,-0.21097112298764656
1.6900000000000013,0.861475518143647,-1.157567817318804e-12,-0.11381894975300189,-0.21097112298769946
1.7000000000000013,0.8614755181434689,-1.197974833830953e-12,-0.11381894975292564,-0.2109711229877527
1.7100000000000013,0.8614755181432907,-1.237878831804349e-12,-0.11381894975285023,-0.21097112298780626
1.7200000000000013,0.8614755181431126,-1.2772779958102622e-12,-0.11381894975277514,-0.21097112298786005
1.7300000000000013,0.8614755181429344,-1.316200016782199e-12,-0.1138189497527008,-0.21097112298791412
1.7400000000000013,0.8614755181427562,-1.354649213910502e-12,-0.11381894975262738,-0.2109711229879685
1.7500000000000013,0.8614755181425782,-1.392642020277841e-12,-0.11381894975255422,-0.21097112298802312
1.7600000000000013,0.8614755181424001,-1.4301977766380757e-12,-0.11381894975248213,-0.21097112298807802
1.7700000000000014,0.861475518142222,-1.4673142889712164e-12,-0.11381894975241018,-0.21097112298813317
1.7800000000000014,0.8614755181420439,-1.5040057361016325e-12,-0.11381894975233915,-0.2109711229881886
1.7900000000000014,0.8614755181418656,-1.5402848532816427e-12,-0.11381894975226849,-0.2109711229882443
1.8000000000000014,0.8614755181416875,-1.5761482255921635e-12,-0.1138189497521993,-0.2109711229883002
1.8100000000000014,0.8614755181415094,-1.6116080774710984e-12,-0.11381894975212997,-0.21097112298835635
1.8200000000000014,0.8614755181413313,-1.6466830591701561e-12,-0.1138189497520613,-0.21097112298841272
1.8300000000000014,0.8614755181411533,-1.6813592777093425e-12,-0.11381894975199315,-0.21097112298846932
1.8400000000000014,0.8614755181409751,-1.7156651638387134e-12,-0.11381894975192622,-0.2109711229885261
1.8500000000000014,0.8614755181407971,-1.7495922762252497e-12,-0.11381894975185951,-0.21097112298858317
1.8600000000000014,0.8614755181406191,-1.7831494635188761e-12,-0.11381894975179359,-0.21097112298864037
1.8700000000000014,0.861475518140441,-1.8163436749578116e-12,-0.11381894975172788,-0.21097112298869783
1.8800000000000014,0.8614755181402629,-1.8491837467968595e-12,-0.1138189497516628,-0.21097112298875545
1.8900000000000015,0.8614755181400848,-1.881687779173646e-12,-0.11381894975159844,-0.2109711229888133
1.9000000000000015,0.8614755181399069,-1.913852378996645e-12,-0.11381894975153428,-0.2109711229888713
1.9100000000000015,0.8614755181397288,-1.945685370514817e-12,-0.11381894975147126,-0.2109711229889295
1.9200000000000015,0.8614755181395507,-1.977194136766517e-12,-0.11381894975140822,-0.21097112298898785
1.9300000000000015,0.8614755181393727,-2.0083825285445204e-12,-0.1138189497513459,-0.21097112298904644
1.9400000000000015,0.8614755181391948,-2.039249844353443e-12,-0.11381894975128404,-0.21097112298910514
1.9500000000000015,0.8614755181390168,-2.0698141117096116e-12,-0.11381894975122293,-0.210971122989164
1.9600000000000015,0.8614755181388388,-2.1000770195556438e-12,-0.11381894975116173,-0.21097112298922308
1.9700000000000015,0.861475518138661,-2.1300406213649936e-12,-0.11381894975110128,-0.21097112298928228
1.9800000000000015,0.861475518138483,-2.1597198536000947e-12,-0.11381894975104113,-0.21097112298934162
1.9900000000000015,0.861475518138305,-2.18911051604289e-12,-0.11381894975098177,-0.21097112298940116
2.0000000000000013,0.8614755181381272,-2.2182287773858296e-12,-0.11381894975092266,-0.21097112298946086
2.010000000000001,0.8614755181379492,-2.2470558787688348e-12,-0.11381894975086426,-0.21097112298952064
2.020000000000001,0.8614755181377713,-2.2756169273272773e-12,-0.11381894975080603,-0.2109711229895806
2.0300000000000007,0.8614755181375936,-2.3039157209165568e-12,-0.11381894975074772,-0.2109711229896406
2.0400000000000005,0.8614755181374159,-2.3319619672625534e-12,-0.11381894975069062,-0.2109711229897008
2.0500000000000003,0.8614755181372382,-2.359755760455928e-12,-0.1138189497506333,-0.2109711229897611
2.06,0.8614755181370606,-2.3872993820120975e-12,-0.11381894975057699,-0.21097112298982154
2.07,0.861475518136883,-2.41459131813399e-12,-0.11381894975052106,-0.2109711229898821
2.0799999999999996,0.8614755181367053,-2.4416353974355635e-12,-0.11381894975046518,-0.2109711229899428
2.0899999999999994,0.8614755181365277,-2.4684370409320162e-12,-0.1138189497504099,-0.2109711229900036
2.099999999999999,0.8614755181363501,-2.49500031052113e-12,-0.1138189497503553,-0.2109711229900645
2.109999999999999,0.8614755181361726,-2.5213198064192732e-12,-0.11381894975030085,-0.21097112299012552
2.1199999999999988,0.8614755181359952,-2.5474128277152595e-12,-0.1138189497502467,-0.2109711229901866
2.1299999999999986,0.8614755181358178,-2.5732738422979903e-12,-0.11381894975019324,-0.21097112299024787
2.1399999999999983,0.8614755181356405,-2.5989103968878676e-12,-0.11381894975013952,-0.21097112299030915
2.149999999999998,0.8614755181354632,-2.624327909496145e-12,-0.11381894975008683,-0.21097112299037052
2.159999999999998,0.8614755181352859,-2.6495319099068326e-12,-0.11381894975003419,-0.210971122990432
2.1699999999999977,0.8614755181351087,-2.674521670578364e-12,-0.11381894974998227,-0.21097112299049353
2.1799999999999975,0.8614755181349315,-2.699303477890012e-12,-0.11381894974993018,-0.21097112299055518
2.1899999999999973,0.8614755181347544,-2.7238678462624383e-12,-0.113818949749879,-0.21097112299061693
2.199999999999997,0.8614755181345773,-2.748229012834119e-12,-0.11381894974982759,-0.2109711229906788
2.209999999999997,0.8614755181344003,-2.772379296053526e-12,-0.11381894974977712,-0.21097112299074078
2.2199999999999966,0.8614755181342232,-2.7963175966863393e-12,-0.11381894974972712,-0.21097112299080278
2.2299999999999964,0.8614755181340462,-2.8200475880554e-12,-0.11381894974967748,-0.21097112299086493
2.239999999999996,0.8614755181338694,-2.843565586558467e-12,-0.11381894974962775,-0.21097112299092713
2.249999999999996,0.8614755181336925,-2.8668927571944875e-12,-0.11381894974957875,-0.21097112299098933
2.259999999999996,0.8614755181335157,-2.8900210514680728e-12,-0.11381894974952965,-0.21097112299105164
2.2699999999999956,0.861475518133339,-2.912957540549509e-12,-0.11381894974948123,-0.21097112299111404
2.2799999999999954,0.8614755181331624,-2.935701903029971e-12,-0.11381894974943314,-0.21097112299117646
2.289999999999995,0.8614755181329857,-2.9582526993901463e-12,-0.11381894974938513,-0.2109711229912389
2.299999999999995,0.8614755181328091,-2.9806219495423524e-12,-0.11381894974933798,-0.2109711229913015
2.3099999999999947,0.8614755181326326,-3.0027959785320206e-12,-0.11381894974929083,-0.21097112299136414
2.3199999999999945,0.861475518132456,-3.0247942358121728e-12,-0.11381894974924411,-0.21097112299142676
2.3299999999999943,0.8614755181322796,-3.0466168695013468e-12,-0.11381894974919726,-0.2109711229914895
2.339999999999994,0.8614755181321033,-3.0682562126612186e-12,-0.11381894974915097,-0.21097112299155227
2.349999999999994,0.8614755181319271,-3.0897213145530124e-12,-0.11381894974910521,-0.21097112299161505
2.3599999999999937,0.8614755181317509,-3.1110251102884074e-12,-0.11381894974905912,-0.21097112299167786
2.3699999999999934,0.8614755181315747,-3.13216185634126e-12,-0.11381894974901408,-0.21097112299174076
2.3799999999999932,0.8614755181313986,-3.1531408944845008e-12,-0.11381894974896911,-0.21097112299180376
2.389999999999993,0.8614755181312225,-3.1739457818359573e-12,-0.11381894974892431,-0.2109711229918668
2.399999999999993,0.8614755181310465,-3.194584503061046e-12,-0.11381894974888002,-0.21097112299192985
2.4099999999999926,0.8614755181308706,-3.215049431826774e-12,-0.11381894974883634,-0.21097112299199294
2.4199999999999924,0.8614755181306948,-3.235357448523386e-12,-0.11381894974879202,-0.21097112299205611
2.429999999999992,0.861475518130519,-3.2555101711766236e-12,-0.11381894974874872,-0.2109711229921193
2.439999999999992,0.8614755181303434,-3.2755021473182707e-12,-0.11381894974870536,-0.21097112299218249
2.4499999999999917,0.8614755181301677,-3.2953390410147953e-12,-0.11381894974866233,-0.21097112299224574
2.4599999999999915,0.861475518129992,-3.3150271343213495e-12,-0.11381894974861971,-0.21097112299230902
2.4699999999999913,0.8614755181298166,-3.334560492042213e-12,-0.11381894974857718,-0.21097112299237228
2.479999999999991,0.8614755181296412,-3.3539564498271047e-12,-0.11381894974853426,-0.21097112299243553
2.489999999999991,0.8614755181294658,-3.3732259709866823e-12,-0.11381894974849276,-0.21097112299249887
2.4999999999999907,0.8614755181292905,-3.3923442869919113e-12,-0.11381894974845023,-0.21097112299256224
2.5099999999999905,0.8614755181291152,-3.411332494368218e-12,-0.11381894974840934,-0.21097112299262563
2.5199999999999902,0.8614755181289401,-3.4301740879829923e-12,-0.11381894974836793,-0.21097112299268903
2.52999999999999,0.8614755181287651,-3.448883235842012e-12,-0.11381894974832672,-0.21097112299275242
2.53999999999999,0.8614755181285902,-3.46746222250726e-12,-0.11381894974828584,-0.21097112299281587
2.5499999999999896,0.8614755181284153,-3.4859112338424743e-12,-0.11381894974824494,-0.21097112299287932
2.5599999999999894,0.8614755181282403,-3.5042304534180155e-12,-0.1138189497482048,-0.2109711229929428
2.569999999999989,0.8614755181280656,-3.522417439898771e-12,-0.11381894974816473,-0.2109711229930063
2.579999999999989,0.861475518127891,-3.54047108396226e-12,-0.11381894974812506,-0.21097112299306978
2.5899999999999888,0.8614755181277164,-3.5584086968885775e-12,-0.11381894974808533,-0.21097112299313328
2.5999999999999885,0.8614755181275419,-3.576220762128163e-12,-0.11381894974804564,-0.2109711229931968
2.6099999999999883,0.8614755181273676,-3.593901546656283e-12,-0.11381894974800663,-0.21097112299326032
2.619999999999988,0.8614755181271933,-3.6114623247198073e-12,-0.11381894974796797,-0.21097112299332385
2.629999999999988,0.8614755181270191,-3.628909163540802e-12,-0.11381894974792892,-0.21097112299338744
2.6399999999999877,0.8614755181268449,-3.646229428230098e-12,-0.11381894974789039,-0.21097112299345103
2.6499999999999875,0.8614755181266708,-3.663424368580773e-12,-0.11381894974785237,-0.2109711229935146
2.6599999999999873,0.8614755181264968,-3.6805025640562274e-12,-0.11381894974781431,-0.21097112299357818
2.669999999999987,0.861475518126323,-3.697464249821684e-12,-0.11381894974777666,-0.21097112299364176
2.679999999999987,0.8614755181261491,-3.714309624438019e-12,-0.11381894974773893,-0.21097112299370535
2.6899999999999866,0.8614755181259753,-3.73103771557865e-12,-0.11381894974770178,-0.21097112299376897
2.6999999999999864,0.8614755181258018,-3.7476537171004585e-12,-0.11381894974766438,-0.21097112299383255
2.709999999999986,0.8614755181256282,-3.7641625716502124e-12,-0.1138189497476277,-0.21097112299389614
2.719999999999986,0.8614755181254548,-3.78056351459685e-12,-0.1138189497475908,-0.2109711229939598
2.7299999999999858,0.8614755181252813,-3.7968402543894436e-12,-0.1138189497475544,-0.21097112299402343
2.7399999999999856,0.8614755181251081,-3.813000224611034e-12,-0.11381894974751847,-0.21097112299408705
2.7499999999999853,0.861475518124935,-3.829042255635836e-12,-0.1138189497474825,-0.21097112299415066
2.759999999999985,0.8614755181247618,-3.8449748710801105e-12,-0.11381894974744705,-0.21097112299421433
2.769999999999985,0.8614755181245889,-3.860795285856316e-12,-0.11381894974741132,-0.21097112299427795
2.7799999999999847,0.8614755181244163,-3.876508101745883e-12,-0.1138189497473755,-0.21097112299434148
2.7899999999999845,0.8614755181242436,-3.8921245802417345e-12,-0.11381894974733983,-0.21097112299440507
2.7999999999999843,0.8614755181240711,-3.9076357184785586e-12,-0.1138189497473049,-0.21097112299446863
2.809999999999984,0.8614755181238986,-3.923053221634608e-12,-0.11381894974727017,-0.21097112299453222
2.819999999999984,0.861475518123726,-3.938371174505724e-12,-0.11381894974723533,-0.21097112299459578
2.8299999999999836,0.8614755181235537,-3.953575411846028e-12,-0.11381894974720086,-0.21097112299465934
2.8399999999999834,0.8614755181233815,-3.968685813503875e-12,-0.1138189497471665,-0.21097112299472287
2.849999999999983,0.8614755181232095,-3.983699320442464e-12,-0.11381894974713214,-0.2109711229947864
2.859999999999983,0.8614755181230376,-3.998616923201592e-12,-0.11381894974709815,-0.21097112299484994
2.869999999999983,0.8614755181228657,-4.013440361940642e-12,-0.11381894974706451,-0.2109711229949134
2.8799999999999826,0.8614755181226939,-4.028170553977068e-12,-0.113818949747031,-0.21097112299497697
2.8899999999999824,0.8614755181225222,-4.042800134729977e-12,-0.11381894974699801,-0.21097112299504045
2.899999999999982,0.8614755181223506,-4.0573363455711705e-12,-0.11381894974696428,-0.21097112299510393
2.909999999999982,0.861475518122179,-4.071780877139102e-12,-0.11381894974693137,-0.21097112299516738
2.9199999999999817,0.8614755181220077,-4.086131689424132e-12,-0.11381894974689873,-0.21097112299523083
2.9299999999999815,0.8614755181218364,-4.10038597406622e-12,-0.11381894974686606,-0.21097112299529427
2.9399999999999813,0.8614755181216652,-4.114549224623067e-12,-0.1138189497468332,-0.2109711229953577
2.949999999999981,0.8614755181214941,-4.128622775502053e-12,-0.11381894974680083,-0.2109711229954211
2.959999999999981,0.8614755181213232,-4.142614051221303e-12,-0.11381894974676897,-0.2109711229954845
2.9699999999999807,0.8614755181211523,-4.1565036922911755e-12,-0.11381894974673736,-0.2109711229955479
2.9799999999999804,0.8614755181209814,-4.17029570371772e-12,-0.1138189497467053,-0.21097112299561127
2.9899999999999802,0.8614755181208108,-4.184003344483227e-12,-0.11381894974667371,-0.21097112299567464
2.99999999999998,0.8614755181206403,-4.197621894565608e-12,-0.11381894974664261,-0.21097112299573795
3.00999999999998,0.8614755181204699,-4.211158538454644e-12,-0.11381894974661132,-0.21097112299580129
3.0199999999999796,0.8614755181202997,-4.2246015515677065e-12,-0.11381894974657958,-0.21097112299586457
3.0299999999999794,0.8614755181201295,-4.237968461141917e-12,-0.1138189497465488,-0.21097112299592782
3.039999999999979,0.8614755181199593,-4.2512497558203166e-12,-0.11381894974651828,-0.2109711229959911
3.049999999999979,0.8614755181197893,-4.264441499466692e-12,-0.11381894974648778,-0.2109711229960543
3.0599999999999787,0.8614755181196194,-4.277548194906529e-12,-0.11381894974645716,-0.2109711229961175
3.0699999999999785,0.8614755181194497,-4.2905724095279976e-12,-0.11381894974642702,-0.21097112299618068
3.0799999999999783,0.8614755181192799,-4.303518153882524e-12,-0.11381894974639739,-0.21097112299624388
3.089999999999978,0.8614755181191104,-4.316374851329837e-12,-0.11381894974636701,-0.21097112299630705
3.099999999999978,0.861475518118941,-4.329152724888465e-12,-0.11381894974633759,-0.2109711229963702
3.1099999999999777,0.8614755181187717,-4.3418392559587304e-12,-0.11381894974630802,-0.2109711229964333
3.1199999999999775,0.8614755181186026,-4.354442497591323e-12,-0.11381894974627871,-0.2109711229964964
3.1299999999999772,0.8614755181184334,-4.366969709127423e-12,-0.11381894974624941,-0.2109711229965595
3.139999999999977,0.8614755181182644,-4.37941044184173e-12,-0.11381894974622019,-0.21097112299662252
3.149999999999977,0.8614755181180956,-4.391777382487399e-12,-0.11381894974619128,-0.2109711229966855
3.1599999999999766,0.8614755181179268,-4.404069040817547e-12,-0.11381894974616222,-0.2109711229967485
3.1699999999999764,0.8614755181177582,-4.416283837827477e-12,-0.11381894974613377,-0.21097112299681145
3.179999999999976,0.8614755181175898,-4.428417680943751e-12,-0.11381894974610537,-0.21097112299687437
3.189999999999976,0.8614755181174215,-4.440485330785299e-12,-0.11381894974607687,-0.21097112299693727
3.1999999999999758,0.8614755181172533,-4.452478288040411e-12,-0.11381894974604828,-0.21097112299700016
3.2099999999999755,0.8614755181170852,-4.464390135588268e-12,-0.11381894974602023,-0.210971122997063
3.2199999999999753,0.8614755181169174,-4.476238414238004e-12,-0.11381894974599192,-0.21097112299712578
3.229999999999975,0.8614755181167494,-4.488020312257236e-12,-0.11381894974596467,-0.21097112299718856
3.239999999999975,0.8614755181165819,-4.499723228660301e-12,-0.11381894974593694,-0.21097112299725132
3.2499999999999747,0.8614755181164142,-4.511352051705025e-12,-0.11381894974590932,-0.21097112299731408
3.2599999999999745,0.8614755181162467,-4.522906304982253e-12,-0.11381894974588223,-0.21097112299737683
3.2699999999999743,0.8614755181160794,-4.534377468306086e-12,-0.11381894974585492,-0.2109711229974395
3.279999999999974,0.861475518115912,-4.545774884063545e-12,-0.11381894974582815,-0.21097112299750212
3.289999999999974,0.861475518115745,-4.557099335791741e-12,-0.11381894974580106,-0.21097112299756476
3.2999999999999736,0.8614755181155779,-4.568358253050257e-12,-0.11381894974577429,-0.21097112299762733
3.3099999999999734,0.861475518115411,-4.5795447532573605e-12,-0.11381894974574774,-0.21097112299768986
3.319999999999973,0.8614755181152444,-4.590670908403962e-12,-0.1138189497457208,-0.21097112299775236
3.329999999999973,0.8614755181150777,-4.6017336137997836e-12,-0.11381894974569458,-0.21097112299781481
3.3399999999999728,0.8614755181149112,-4.6127327943608326e-12,-0.11381894974566822,-0.21097112299787726
3.3499999999999726,0.8614755181147449,-4.623655398414435e-12,-0.11381894974564224,-0.21097112299793971
3.3599999999999723,0.8614755181145787,-4.6345154655481676e-12,-0.1138189497456166,-0.21097112299800214
3.369999999999972,0.8614755181144125,-4.645300231422673e-12,-0.11381894974559051,-0.21097112299806453
3.379999999999972,0.8614755181142465,-4.656013661785134e-12,-0.11381894974556471,-0.21097112299812687
3.3899999999999717,0.8614755181140806,-4.666664083844691e-12,-0.11381894974553947,-0.21097112299818918
3.3999999999999715,0.8614755181139149,-4.677241269191298e-12,-0.11381894974551447,-0.2109711229982515
3.4099999999999713,0.8614755181137492,-4.687745934740936e-12,-0.11381894974548892,-0.21097112299831375
3.419999999999971,0.8614755181135838,-4.698181322649878e-12,-0.11381894974546375,-0.21097112299837595
3.429999999999971,0.8614755181134184,-4.70855270989224e-12,-0.11381894974543895,-0.21097112299843815
3.4399999999999706,0.8614755181132532,-4.718857251175602e-12,-0.11381894974541422,-0.21097112299850032
3.4499999999999704,0.861475518113088,-4.729090079779604e-12,-0.1138189497453897,-0.21097112299856244
3.45999999999997,0.8614755181129231,-4.739255914741055e-12,-0.11381894974536466,-0.21097112299862447
3.46999999999997,0.8614755181127582,-4.749371636275401e-12,-0.11381894974534015,-0.21097112299868656
3.47999999999997,0.8614755181125935,-4.759416967346857e-12,-0.11381894974531649,-0.21097112299874857
3.4899999999999696,0.861475518112429,-4.7693883245575666e-12,-0.11381894974529225,-0.21097112299881055
3.4999999999999694,0.8614755181122645,-4.7792986645177274e-12,-0.11381894974526793,-0.21097112299887247
3.509999999999969,0.8614755181121001,-4.789146334024427e-12,-0.11381894974524434,-0.21097112299893436
3.519999999999969,0.861475518111936,-4.798932022815612e-12,-0.1138189497452202,-0.21097112299899623
3.5299999999999687,0.861475518111772,-4.808653398229635e-12,-0.11381894974519692,-0.21097112299905807
3.5399999999999685,0.8614755181116083,-4.818311532669912e-12,-0.11381894974517341,-0.21097112299911983
3.5499999999999683,0.8614755181114445,-4.8279112256078385e-12,-0.11381894974514936,-0.21097112299918158
3.559999999999968,0.861475518111281,-4.837457607846045e-12,-0.1138189497451261,-0.2109711229992433
3.569999999999968,0.8614755181111176,-4.846946844598055e-12,-0.11381894974510288,-0.21097112299930496
3.5799999999999677,0.8614755181109542,-4.856379374111769e-12,-0.11381894974508018,-0.21097112299936663
3.5899999999999674,0.861475518110791,-4.865746977060313e-12,-0.11381894974505677,-0.21097112299942822
3.5999999999999672,0.8614755181106281,-4.8750528776067765e-12,-0.11381894974503415,-0.21097112299948984
3.609999999999967,0.8614755181104652,-4.8842902277820355e-12,-0.11381894974501187,-0.21097112299955145
3.619999999999967,0.8614755181103024,-4.893461237698717e-12,-0.11381894974498968,-0.210971122999613
3.6299999999999666,0.8614755181101398,-4.902566716084428e-12,-0.11381894974496697,-0.21097112299967447
3.6399999999999664,0.8614755181099772,-4.911614647011059e-12,-0.11381894974494443,-0.21097112299973594
3.649999999999966,0.8614755181098149,-4.9205984676082395e-12,-0.11381894974492235,-0.2109711229997973
3.659999999999966,0.8614755181096527,-4.929528480909253e-12,-0.11381894974490037,-0.2109711229998587
3.6699999999999657,0.8614755181094906,-4.9383981327739385e-12,-0.11381894974487847,-0.21097112299992007
3.6799999999999655,0.8614755181093285,-4.94720313797644e-12,-0.11381894974485687,-0.2109711229999814
3.6899999999999653,0.8614755181091668,-4.955938952619148e-12,-0.1138189497448355,-0.2109711230000427
3.699999999999965,0.8614755181090051,-4.964621185659605e-12,-0.11381894974481382,-0.2109711230001039
3.709999999999965,0.8614755181088435,-4.973245858231061e-12,-0.11381894974479256,-0.2109711230001651
3.7199999999999647,0.8614755181086821,-4.98181011538002e-12,-0.11381894974477111,-0.21097112300022625
3.7299999999999645,0.8614755181085207,-4.9903077879427e-12,-0.11381894974474989,-0.21097112300028736
3.7399999999999642,0.8614755181083595,-4.998743575731102e-12,-0.11381894974472906,-0.21097112300034845
3.749999999999964,0.8614755181081986,-5.007120408394414e-12,-0.11381894974470821,-0.21097112300040954
3.759999999999964,0.8614755181080377,-5.0154412416200604e-12,-0.11381894974468766,-0.21097112300047055
3.7699999999999636,0.861475518107877,-5.023705021459948e-12,-0.11381894974466686,-0.2109711230005315
3.7799999999999634,0.8614755181077164,-5.031912544308506e-12,-0.11381894974464657,-0.21097112300059245
3.789999999999963,0.8614755181075558,-5.040056531278482e-12,-0.11381894974462631,-0.2109711230006534
3.799999999999963,0.8614755181073956,-5.048130060398139e-12,-0.11381894974460612,-0.21097112300071424
3.8099999999999627,0.8614755181072354,-5.056147539308321e-12,-0.11381894974458574,-0.21097112300077503
3.8199999999999625,0.8614755181070755,-5.064114418036543e-12,-0.11381894974456577,-0.21097112300083576
3.8299999999999623,0.8614755181069155,-5.072028604625183e-12,-0.11381894974454554,-0.21097112300089646
3.839999999999962,0.8614755181067558,-5.079891423946785e-12,-0.1138189497445256,-0.21097112300095713
3.849999999999962,0.8614755181065964,-5.087713120368428e-12,-0.11381894974450522,-0.21097112300101772
3.8599999999999617,0.861475518106437,-5.0954879091023465e-12,-0.11381894974448603,-0.21097112300107834
3.8699999999999615,0.8614755181062779,-5.103200281610354e-12,-0.11381894974446623,-0.21097112300113885
3.8799999999999613,0.8614755181061187,-5.110866381821539e-12,-0.11381894974444706,-0.21097112300119938
3.889999999999961,0.8614755181059597,-5.11847569729822e-12,-0.11381894974442747,-0.21097112300125986
3.899999999999961,0.8614755181058008,-5.126023261835922e-12,-0.11381894974440825,-0.2109711230013203
3.9099999999999606,0.8614755181056422,-5.133519555350652e-12,-0.11381894974438929,-0.2109711230013807
3.9199999999999604,0.8614755181054836,-5.1409595397617296e-12,-0.11381894974437023,-0.21097112300144102
3.92999999999996,0.8614755181053253,-5.148350674644416e-12,-0.1138189497443512,-0.21097112300150134
3.93999999999996,0.861475518105167,-5.155695543018905e-12,-0.11381894974433292,-0.2109711230015616
3.9499999999999598,0.8614755181050088,-5.162983072957904e-12,-0.11381894974431386,-0.21097112300162185
3.9599999999999596,0.8614755181048507,-5.170215217477158e-12,-0.11381894974429596,-0.21097112300168205
3.9699999999999593,0.861475518104693,-5.177391136218116e-12,-0.11381894974427686,-0.2109711230017422
3.979999999999959,0.8614755181045354,-5.1845126011718604e-12,-0.11381894974425891,-0.2109711230018023
3.989999999999959,0.8614755181043777,-5.191581701676879e-12,-0.1138189497442404,-0.2109711230018624
3.9999999999999587,0.8614755181042203,-5.1985955271242256e-12,-0.11381894974422252,-0.21097112300192247
4.009999999999959,0.861475518104063,-5.205559545209526e-12,-0.11381894974420445,-0.21097112300198248
4.019999999999959,0.8614755181039059,-5.212472709271966e-12,-0.1138189497441862,-0.21097112300204238
4.0299999999999585,0.8614755181037488,-5.219339379842291e-12,-0.11381894974416831,-0.2109711230021023
4.039999999999958,0.8614755181035919,-5.226159164657214e-12,-0.11381894974415077,-0.21097112300216214
4.049999999999958,0.8614755181034353,-5.232928148531523e-12,-0.11381894974413284,-0.21097112300222193
4.059999999999958,0.8614755181032787,-5.239653344165089e-12,-0.11381894974411548,-0.2109711230022817
4.069999999999958,0.8614755181031223,-5.246334070815573e-12,-0.1138189497440977,-0.21097112300234144
4.079999999999957,0.861475518102966,-5.252957299030906e-12,-0.11381894974408081,-0.2109711230024012
4.089999999999957,0.8614755181028098,-5.2595281268306424e-12,-0.11381894974406366,-0.21097112300246085
4.099999999999957,0.8614755181026538,-5.2660429720811875e-12,-0.11381894974404652,-0.21097112300252047
4.109999999999957,0.861475518102498,-5.2725091322936174e-12,-0.11381894974402973,-0.21097112300258
4.119999999999957,0.8614755181023422,-5.278924218512641e-12,-0.1138189497440129,-0.21097112300263954
4.129999999999956,0.8614755181021867,-5.285292405344514e-12,-0.11381894974399592,-0.21097112300269907
4.139999999999956,0.8614755181020314,-5.291611683954649e-12,-0.1138189497439793,-0.21097112300275847
4.149999999999956,0.8614755181018763,-5.297878752184252e-12,-0.11381894974396246,-0.21097112300281787
4.159999999999956,0.8614755181017212,-5.304095084882366e-12,-0.11381894974394645,-0.21097112300287726
4.1699999999999555,0.8614755181015662,-5.310251478202452e-12,-0.11381894974393011,-0.21097112300293655
4.179999999999955,0.8614755181014114,-5.316360761542227e-12,-0.11381894974391366,-0.2109711230029958
4.189999999999955,0.861475518101257,-5.322429479616453e-12,-0.1138189497438972,-0.21097112300305498
4.199999999999955,0.8614755181011025,-5.328460271170666e-12,-0.11381894974388095,-0.21097112300311416
4.209999999999955,0.8614755181009481,-5.3344519764528204e-12,-0.1138189497438647,-0.21097112300317325
4.2199999999999545,0.8614755181007939,-5.340398442981034e-12,-0.11381894974384921,-0.2109711230032323
4.229999999999954,0.8614755181006398,-5.3462988727593314e-12,-0.11381894974383297,-0.2109711230032914
4.239999999999954,0.8614755181004861,-5.35214969788892e-12,-0.11381894974381752,-0.21097112300335039
4.249999999999954,0.8614755181003323,-5.357952143273746e-12,-0.11381894974380197,-0.21097112300340934
4.259999999999954,0.8614755181001787,-5.363720563218032e-12,-0.11381894974378572,-0.21097112300346824
4.269999999999953,0.8614755181000253,-5.369438228581172e-12,-0.11381894974377094,-0.2109711230035271
4.279999999999953,0.861475518099872,-5.375112746551582e-12,-0.11381894974375563,-0.21097112300358595
4.289999999999953,0.8614755180997189,-5.3807321345910666e-12,-0.11381894974374036,-0.21097112300364473
4.299999999999953,0.8614755180995658,-5.3863044552802084e-12,-0.11381894974372539,-0.21097112300370352
4.3099999999999525,0.8614755180994129,-5.391822768627704e-12,-0.11381894974371065,-0.21097112300376225
4.319999999999952,0.86147551809926,-5.3972885310940616e-12,-0.11381894974369555,-0.21097112300382093
4.329999999999952,0.8614755180991076,-5.4026984842140754e-12,-0.1138189497436806,-0.21097112300387952
4.339999999999952,0.8614755180989553,-5.408064598740678e-12,-0.1138189497436657,-0.21097112300393805
4.349999999999952,0.8614755180988029,-5.413396369504559e-12,-0.11381894974365066,-0.21097112300399656
4.3599999999999515,0.8614755180986507,-5.418684093231207e-12,-0.11381894974363638,-0.21097112300405504
4.369999999999951,0.8614755180984988,-5.423932262941127e-12,-0.1138189497436217,-0.21097112300411347
4.379999999999951,0.8614755180983469,-5.429136781658911e-12,-0.11381894974360748,-0.21097112300417187
4.389999999999951,0.8614755180981952,-5.434298348391931e-12,-0.11381894974359308,-0.21097112300423018
4.399999999999951,0.8614755180980437,-5.4394145290447435e-12,-0.11381894974357867,-0.21097112300428847
4.40999999999995,0.8614755180978924,-5.444492957337376e-12,-0.113818949743565,-0.21097112300434676
4.41999999999995,0.8614755180977411,-5.449526697099555e-12,-0.11381894974355053,-0.21097112300440493
4.42999999999995,0.8614755180975902,-5.454523830927253e-12,-0.1138189497435365,-0.21097112300446308
4.43999999999995,0.8614755180974394,-5.459467349960301e-12,-0.1138189497435232,-0.2109711230045212
4.4499999999999496,0.8614755180972887,-5.4643657336982416e-12,-0.11381894974350923,-0.21097112300457924
4.459999999999949,0.8614755180971381,-5.469217707607949e-12,-0.11381894974349545,-0.21097112300463727
4.469999999999949,0.8614755180969876,-5.474032124202086e-12,-0.11381894974348188,-0.21097112300469525
4.479999999999949,0.8614755180968373,-5.478799224063526e-12,-0.11381894974346823,-0.21097112300475315
4.489999999999949,0.8614755180966871,-5.483526560435554e-12,-0.11381894974345476,-0.21097112300481102
4.4999999999999485,0.8614755180965372,-5.488218680818308e-12,-0.11381894974344148,-0.21097112300486884
4.509999999999948,0.8614755180963874,-5.4928648706957015e-12,-0.11381894974342817,-0.21097112300492665
4.519999999999948,0.8614755180962378,-5.497479098109946e-12,-0.11381894974341494,-0.21097112300498436
4.529999999999948,0.8614755180960882,-5.502052274994468e-12,-0.11381894974340183,-0.2109711230050421
4.539999999999948,0.8614755180959389,-5.5065823073940595e-12,-0.11381894974338858,-0.21097112300509974
4.549999999999947,0.8614755180957897,-5.51107226955672e-12,-0.11381894974337568,-0.2109711230051573
4.559999999999947,0.8614755180956406,-5.5155319034261045e-12,-0.11381894974336298,-0.21097112300521487
4.569999999999947,0.8614755180954916,-5.519949004367663e-12,-0.11381894974334998,-0.2109711230052724
4.579999999999947,0.8614755180953428,-5.524331187671083e-12,-0.11381894974333723,-0.21097112300532983
4.589999999999947,0.8614755180951943,-5.528681009394053e-12,-0.11381894974332468,-0.21097112300538726
4.599999999999946,0.8614755180950457,-5.532996691183833e-12,-0.11381894974331158,-0.21097112300544463
4.609999999999946,0.8614755180948975,-5.537273765238699e-12,-0.1138189497432992,-0.21097112300550194
4.619999999999946,0.8614755180947493,-5.541519508024814e-12,-0.11381894974328638,-0.2109711230055592
4.629999999999946,0.8614755180946012,-5.545738398441879e-12,-0.11381894974327394,-0.2109711230056164
4.6399999999999455,0.8614755180944533,-5.549924917971817e-12,-0.11381894974326158,-0.2109711230056736
4.649999999999945,0.8614755180943054,-5.554074714585109e-12,-0.1138189497432496,-0.21097112300573082
4.659999999999945,0.8614755180941579,-5.558181314561127e-12,-0.11381894974323722,-0.2109711230057879
4.669999999999945,0.8614755180940105,-5.5622532160127876e-12,-0.11381894974322466,-0.21097112300584492
4.679999999999945,0.8614755180938632,-5.566302826584779e-12,-0.11381894974321302,-0.21097112300590193
4.689999999999944,0.8614755180937161,-5.570313932745978e-12,-0.11381894974320055,-0.21097112300595888
4.699999999999944,0.8614755180935691,-5.5742899271681975e-12,-0.11381894974318885,-0.21097112300601578
4.709999999999944,0.8614755180934224,-5.578230586090303e-12,-0.11381894974317686,-0.21097112300607263
4.719999999999944,0.8614755180932757,-5.5821395354268184e-12,-0.11381894974316542,-0.21097112300612944
4.729999999999944,0.8614755180931293,-5.586012229687549e-12,-0.11381894974315337,-0.21097112300618626
4.739999999999943,0.861475518092983,-5.589850614470413e-12,-0.11381894974314212,-0.210971123006243
4.749999999999943,0.8614755180928368,-5.593642822191154e-12,-0.11381894974313078,-0.2109711230062997
4.759999999999943,0.8614755180926909,-5.597393428630209e-12,-0.11381894974311901,-0.21097112300635631
4.769999999999943,0.8614755180925451,-5.601107807707739e-12,-0.11381894974310774,-0.21097112300641294
4.7799999999999425,0.8614755180923994,-5.604780349877013e-12,-0.11381894974309664,-0.21097112300646947
4.789999999999942,0.8614755180922539,-5.608409563671075e-12,-0.11381894974308551,-0.21097112300652598
4.799999999999942,0.8614755180921084,-5.612007601339997e-12,-0.11381894974307438,-0.21097112300658244
4.809999999999942,0.8614755180919632,-5.615566872412874e-12,-0.11381894974306321,-0.21097112300663884
4.819999999999942,0.8614755180918181,-5.619084820511199e-12,-0.11381894974305237,-0.2109711230066952
4.8299999999999415,0.861475518091673,-5.622566616705588e-12,-0.11381894974304177,-0.21097112300675158
4.839999999999941,0.8614755180915282,-5.6260042604302084e-12,-0.11381894974303103,-0.21097112300680784
4.849999999999941,0.8614755180913836,-5.629407353797805e-12,-0.11381894974302054,-0.21097112300686405
4.859999999999941,0.8614755180912391,-5.6327708305921805e-12,-0.11381894974300977,-0.21097112300692022
4.869999999999941,0.8614755180910948,-5.636097697508726e-12,-0.1138189497429993,-0.21097112300697643
4.87999999999994,0.8614755180909506,-5.6393798787536165e-12,-0.11381894974298884,-0.21097112300703252
4.88999999999994,0.8614755180908066,-5.642626331008902e-12,-0.11381894974297903,-0.2109711230070886
4.89999999999994,0.8614755180906626,-5.645829137016873e-12,-0.1138189497429689,-0.21097112300714466
4.90999999999994,0.8614755180905188,-5.648981741168839e-12,-0.11381894974295845,-0.2109711230072006
4.9199999999999395,0.8614755180903753,-5.6520967621497975e-12,-0.11381894974294868,-0.21097112300725657
4.929999999999939,0.8614755180902317,-5.6551643138290995e-12,-0.11381894974293885,-0.2109711230073124
4.939999999999939,0.8614755180900884,-5.658194441414091e-12,-0.11381894974292903,-0.21097112300736826
4.949999999999939,0.8614755180899452,-5.6611832619512285e-12,-0.11381894974291937,-0.21097112300742404
4.959999999999939,0.8614755180898022,-5.6641282912189736e-12,-0.11381894974290932,-0.2109711230074798
4.9699999999999385,0.8614755180896593,-5.667040652078798e-12,-0.11381894974289981,-0.21097112300753548
4.979999999999938,0.8614755180895166,-5.669913565062829e-12,-0.11381894974289025,-0.21097112300759113
4.989999999999938,0.8614755180893742,-5.6727591658947404e-12,-0.11381894974288084,-0.21097112300764673
4.999999999999938,0.8614755180892318,-5.675560535564853e-12,-0.11381894974287121,-0.21097112300770224
5.009999999999938,0.8614755180890896,-5.678328432135444e-12,-0.11381894974286201,-0.21097112300775778
5.019999999999937,0.8614755180889475,-5.681053725627701e-12,-0.11381894974285278,-0.21097112300781326
5.029999999999937,0.8614755180888056,-5.683738546774508e-12,-0.11381894974284351,-0.21097112300786866
5.039999999999937,0.8614755180886638,-5.686389689666585e-12,-0.11381894974283463,-0.21097112300792403
5.049999999999937,0.8614755180885224,-5.689006128942313e-12,-0.11381894974282553,-0.21097112300797927
5.0599999999999365,0.861475518088381,-5.6915920929508355e-12,-0.11381894974281592,-0.21097112300803453
5.069999999999936,0.8614755180882399,-5.694141735450133e-12,-0.11381894974280729,-0.21097112300808973
5.079999999999936,0.8614755180880986,-5.6966610113729945e-12,-0.1138189497427984,-0.21097112300814488
5.089999999999936,0.8614755180879576,-5.699144778331885e-12,-0.11381894974278964,-0.21097112300820003
5.099999999999936,0.8614755180878167,-5.701596413466037e-12,-0.11381894974278066,-0.2109711230082551
5.1099999999999355,0.8614755180876761,-5.704005706909826e-12,-0.11381894974277243,-0.21097112300831017
5.119999999999935,0.8614755180875355,-5.706379928695763e-12,-0.11381894974276413,-0.21097112300836515
5.129999999999935,0.8614755180873952,-5.708711631960883e-12,-0.11381894974275544,-0.21097112300842005
5.139999999999935,0.861475518087255,-5.711010449083869e-12,-0.11381894974274705,-0.21097112300847493
5.149999999999935,0.8614755180871149,-5.713269169768019e-12,-0.11381894974273855,-0.21097112300852983
5.159999999999934,0.861475518086975,-5.715496756409746e-12,-0.11381894974273049,-0.21097112300858462
5.169999999999934,0.8614755180868352,-5.7176885602241366e-12,-0.11381894974272275,-0.21097112300863938
5.179999999999934,0.8614755180866955,-5.7198413817755596e-12,-0.1138189497427142,-0.21097112300869403
5.189999999999934,0.861475518086556,-5.721964672564553e-12,-0.11381894974270626,-0.21097112300874868
5.199999999999934,0.8614755180864165,-5.724059446586021e-12,-0.11381894974269813,-0.21097112300880333
5.209999999999933,0.8614755180862773,-5.7261097089196864e-12,-0.11381894974269036,-0.2109711230088579
5.219999999999933,0.8614755180861383,-5.728129622149954e-12,-0.1138189497426823,-0.21097112300891244
5.229999999999933,0.8614755180859994,-5.7301127981355726e-12,-0.11381894974267515,-0.2109711230089669
5.239999999999933,0.8614755180858608,-5.732071854052558e-12,-0.1138189497426673,-0.21097112300902132
5.2499999999999325,0.8614755180857221,-5.734000220469558e-12,-0.11381894974265946,-0.2109711230090757
5.259999999999932,0.8614755180855836,-5.735890376624529e-12,-0.11381894974265223,-0.21097112300913004
5.269999999999932,0.8614755180854453,-5.737735225051212e-12,-0.113818949742645,-0.21097112300918436
5.279999999999932,0.8614755180853072,-5.7395480833418946e-12,-0.11381894974263708,-0.21097112300923854
5.289999999999932,0.8614755180851692,-5.7413416625165125e-12,-0.11381894974262949,-0.2109711230092927
5.299999999999931,0.8614755180850315,-5.743105464721157e-12,-0.11381894974262205,-0.21097112300934678
5.309999999999931,0.861475518084894,-5.744851760945672e-12,-0.11381894974261439,-0.21097112300940082
5.319999999999931,0.8614755180847565,-5.746570660014169e-12,-0.11381894974260731,-0.2109711230094549
5.329999999999931,0.8614755180846192,-5.748263618129005e-12,-0.11381894974259979,-0.21097112300950885
5.339999999999931,0.861475518084482,-5.749924150450477e-12,-0.11381894974259324,-0.2109711230095628
5.34999999999993,0.861475518084345,-5.751553298546403e-12,-0.11381894974258586,-0.21097112300961668
5.35999999999993,0.8614755180842082,-5.753146424331206e-12,-0.11381894974257928,-0.21097112300967055
5.36999999999993,0.8614755180840715,-5.754696727934719e-12,-0.11381894974257284,-0.21097112300972432
5.37999999999993,0.8614755180839349,-5.756214372818723e-12,-0.11381894974256537,-0.21097112300977805
5.3899999999999295,0.8614755180837983,-5.757711060785197e-12,-0.11381894974255877,-0.21097112300983176
5.399999999999929,0.8614755180836621,-5.759172300164924e-12,-0.11381894974255194,-0.21097112300988538
5.409999999999929,0.8614755180835258,-5.760604363610125e-12,-0.1138189497425455,-0.21097112300993898
5.419999999999929,0.86147551808339,-5.761996531159662e-12,-0.1138189497425385,-0.21097112300999252
5.429999999999929,0.8614755180832542,-5.763370133860934e-12,-0.11381894974253245,-0.210971123010046
5.4399999999999284,0.8614755180831185,-5.764712414099243e-12,-0.11381894974252559,-0.2109711230100995
5.449999999999928,0.861475518082983,-5.76602716061896e-12,-0.11381894974251941,-0.2109711230101529
5.459999999999928,0.8614755180828474,-5.767316326275117e-12,-0.11381894974251312,-0.21097112301020632
5.469999999999928,0.8614755180827122,-5.768563144474635e-12,-0.113818949742507,-0.21097112301025958
5.479999999999928,0.861475518082577,-5.7697867095577774e-12,-0.11381894974250081,-0.21097112301031284
5.489999999999927,0.8614755180824423,-5.7709815799495485e-12,-0.11381894974249462,-0.21097112301036602
5.499999999999927,0.8614755180823074,-5.772156972100559e-12,-0.11381894974248814,-0.21097112301041918
5.509999999999927,0.8614755180821728,-5.7733104066725215e-12,-0.11381894974248236,-0.2109711230104723
5.519999999999927,0.8614755180820383,-5.77442473940057e-12,-0.11381894974247633,-0.21097112301052537
5.5299999999999265,0.8614755180819039,-5.7755098600626184e-12,-0.1138189497424704,-0.21097112301057844
5.539999999999926,0.8614755180817697,-5.776558135470344e-12,-0.11381894974246429,-0.2109711230106314
5.549999999999926,0.8614755180816356,-5.7775845660779684e-12,-0.11381894974245887,-0.21097112301068438
5.559999999999926,0.8614755180815016,-5.77857048732577e-12,-0.11381894974245345,-0.21097112301073723
5.569999999999926,0.8614755180813679,-5.779526032644935e-12,-0.11381894974244752,-0.21097112301079005
5.5799999999999255,0.8614755180812345,-5.780454962750076e-12,-0.11381894974244183,-0.21097112301084275
5.589999999999925,0.8614755180811011,-5.781365222749115e-12,-0.11381894974243603,-0.21097112301089546
5.599999999999925,0.8614755180809679,-5.782255365154549e-12,-0.11381894974243048,-0.21097112301094814
5.609999999999925,0.8614755180808348,-5.78311695434744e-12,-0.11381894974242535,-0.21097112301100077
5.619999999999925,0.8614755180807018,-5.783945551274225e-12,-0.11381894974242003,-0.2109711230110534
5.629999999999924,0.861475518080569,-5.784737480723951e-12,-0.11381894974241476,-0.2109711230111059
5.639999999999924,0.8614755180804363,-5.7855064654520966e-12,-0.1138189497424095,-0.21097112301115842
5.649999999999924,0.861475518080304,-5.7862415191931374e-12,-0.1138189497424039,-0.21097112301121085
5.659999999999924,0.8614755180801716,-5.786958653642737e-12,-0.113818949742399,-0.21097112301126317
5.6699999999999235,0.8614755180800394,-5.787655604248346e-12,-0.11381894974239375,-0.21097112301131551
5.679999999999923,0.8614755180799073,-5.788331074444874e-12,-0.11381894974238824,-0.21097112301136775
5.689999999999923,0.8614755180797754,-5.7889760769653646e-12,-0.11381894974238334,-0.21097112301142001
5.699999999999923,0.8614755180796436,-5.789594547468349e-12,-0.11381894974237836,-0.2109711230114722
5.709999999999923,0.8614755180795121,-5.790192200159875e-12,-0.11381894974237329,-0.21097112301152438
5.7199999999999225,0.8614755180793804,-5.790759446807298e-12,-0.11381894974236909,-0.21097112301157647
5.729999999999922,0.8614755180792492,-5.791292931468967e-12,-0.11381894974236437,-0.21097112301162857
5.739999999999922,0.8614755180791179,-5.79179451568005e-12,-0.11381894974235951,-0.21097112301168058
5.749999999999922,0.8614755180789869,-5.792267915049305e-12,-0.11381894974235474,-0.21097112301173254
5.759999999999922,0.861475518078856,-5.7927267239460085e-12,-0.11381894974234974,-0.21097112301178442
5.769999999999921,0.8614755180787254,-5.7931630340536676e-12,-0.11381894974234524,-0.21097112301183624
5.779999999999921,0.8614755180785947,-5.793579029238971e-12,-0.11381894974234098,-0.21097112301188808
5.789999999999921,0.8614755180784641,-5.793966733027374e-12,-0.11381894974233651,-0.21097112301193988
5.799999999999921,0.8614755180783338,-5.794321635246055e-12,-0.11381894974233214,-0.21097112301199158
5.809999999999921,0.8614755180782037,-5.7946595870722786e-12,-0.11381894974232706,-0.21097112301204324
5.81999999999992,0.8614755180780737,-5.794972415336553e-12,-0.11381894974232346,-0.21097112301209486
5.82999999999992,0.8614755180779438,-5.7952529250849815e-12,-0.11381894974231921,-0.2109711230121465
5.83999999999992,0.861475518077814,-5.795499937895961e-12,-0.1138189497423148,-0.21097112301219795
5.84999999999992,0.8614755180776845,-5.795728344879853e-12,-0.11381894974231041,-0.21097112301224938
5.8599999999999195,0.8614755180775552,-5.795951310075644e-12,-0.11381894974230602,-0.2109711230123008
5.869999999999919,0.8614755180774258,-5.796147250932409e-12,-0.11381894974230249,-0.21097112301235219
5.879999999999919,0.8614755180772967,-5.796318832918006e-12,-0.11381894974229838,-0.21097112301240353
5.889999999999919,0.8614755180771679,-5.796457542145501e-12,-0.11381894974229462,-0.21097112301245474
5.899999999999919,0.8614755180770391,-5.7965754980648265e-12,-0.11381894974229036,-0.21097112301250595
5.909999999999918,0.8614755180769106,-5.796679729912176e-12,-0.11381894974228596,-0.21097112301255705
5.919999999999918,0.8614755180767821,-5.796771045393339e-12,-0.11381894974228256,-0.2109711230126082
5.929999999999918,0.8614755180766537,-5.79683513644916e-12,-0.1138189497422785,-0.21097112301265925
5.939999999999918,0.8614755180765254,-5.79687273362153e-12,-0.1138189497422746,-0.21097112301271023
5.949999999999918,0.8614755180763974,-5.796890239971053e-12,-0.11381894974227076,-0.21097112301276116
5.959999999999917,0.8614755180762695,-5.796899801154843e-12,-0.11381894974226664,-0.21097112301281207
5.969999999999917,0.8614755180761418,-5.796887472290587e-12,-0.11381894974226325,-0.21097112301286294
5.979999999999917,0.8614755180760141,-5.79685375013023e-12,-0.11381894974225942,-0.21097112301291376
5.989999999999917,0.8614755180758866,-5.796798291610892e-12,-0.11381894974225554,-0.2109711230129645
5.9999999999999165,0.8614755180757593,-5.796727553432288e-12,-0.1138189497422521,-0.2109711230130152
6.009999999999916,0.861475518075632,-5.796639469825237e-12,-0.11381894974224901,-0.21097112301306592
6.019999999999916,0.8614755180755049,-5.796519982950056e-12,-0.11381894974224532,-0.21097112301311657
6.029999999999916,0.861475518075378,-5.796375841746054e-12,-0.11381894974224199,-0.21097112301316712
6.039999999999916,0.8614755180752512,-5.796206818166191e-12,-0.11381894974223884,-0.2109711230132176
6.0499999999999154,0.8614755180751247,-5.796025205372743e-12,-0.1138189497422355,-0.2109711230132681
6.059999999999915,0.8614755180749982,-5.795809955575305e-12,-0.11381894974223267,-0.21097112301331855
6.069999999999915,0.8614755180748719,-5.795571747343454e-12,-0.11381894974222911,-0.21097112301336896
6.079999999999915,0.8614755180747456,-5.795307508881235e-12,-0.113818949742226,-0.21097112301341928
6.089999999999915,0.8614755180746196,-5.795022979427416e-12,-0.11381894974222317,-0.21097112301346957
6.099999999999914,0.8614755180744936,-5.794723577585118e-12,-0.11381894974222005,-0.21097112301351983
6.109999999999914,0.861475518074368,-5.794393317336495e-12,-0.11381894974221689,-0.21097112301357004
6.119999999999914,0.8614755180742423,-5.794040700202083e-12,-0.11381894974221457,-0.21097112301362023
6.129999999999914,0.8614755180741168,-5.793659234065872e-12,-0.1138189497422116,-0.2109711230136703
6.1399999999999135,0.8614755180739915,-5.793266141191309e-12,-0.11381894974220856,-0.21097112301372034
6.149999999999913,0.8614755180738664,-5.792855336055436e-12,-0.1138189497422054,-0.21097112301377036
6.159999999999913,0.8614755180737413,-5.792419194833042e-12,-0.11381894974220262,-0.21097112301382032
6.169999999999913,0.8614755180736164,-5.791963043184379e-12,-0.11381894974220018,-0.21097112301387022
6.179999999999913,0.8614755180734919,-5.7914848822942695e-12,-0.11381894974219744,-0.21097112301392004
6.1899999999999125,0.8614755180733674,-5.790994422741206e-12,-0.11381894974219445,-0.2109711230139699
6.199999999999912,0.8614755180732431,-5.79047338871904e-12,-0.11381894974219198,-0.21097112301401963
6.209999999999912,0.8614755180731188,-5.78993166125156e-12,-0.11381894974218949,-0.21097112301406937
6.219999999999912,0.8614755180729946,-5.789367489977238e-12,-0.11381894974218716,-0.21097112301411902
6.229999999999912,0.8614755180728706,-5.788786735525458e-12,-0.11381894974218457,-0.21097112301416862
6.239999999999911,0.8614755180727468,-5.788177525877134e-12,-0.11381894974218237,-0.21097112301421822
6.249999999999911,0.8614755180726232,-5.7875306785883794e-12,-0.11381894974218043,-0.2109711230142677
6.259999999999911,0.8614755180724998,-5.786866553323999e-12,-0.113818949742178,-0.21097112301431722
6.269999999999911,0.8614755180723763,-5.7861802943368215e-12,-0.11381894974217555,-0.21097112301436663
6.2799999999999105,0.8614755180722531,-5.785473210702974e-12,-0.1138189497421739,-0.21097112301441603
6.28999999999991,0.86147551807213,-5.784738460157568e-12,-0.11381894974217202,-0.21097112301446544
6.29999999999991,0.861475518072007,-5.783975822535717e-12,-0.11381894974216959,-0.21097112301451473
6.30999999999991,0.8614755180718842,-5.783187146542974e-12,-0.11381894974216766,-0.21097112301456397
6.31999999999991,0.8614755180717615,-5.782380825904127e-12,-0.11381894974216561,-0.21097112301461318
6.3299999999999095,0.8614755180716389,-5.781555419574016e-12,-0.11381894974216368,-0.21097112301466228
6.339999999999909,0.8614755180715166,-5.780706275769049e-12,-0.11381894974216156,-0.2109711230147114
6.349999999999909,0.8614755180713942,-5.779840011546008e-12,-0.11381894974215993,-0.21097112301476045
6.359999999999909,0.861475518071272,-5.77895530378219e-12,-0.11381894974215827,-0.21097112301480953
6.369999999999909,0.8614755180711502,-5.778046252693436e-12,-0.11381894974215659,-0.21097112301485846
6.379999999999908,0.8614755180710284,-5.777117745375607e-12,-0.11381894974215424,-0.21097112301490736
6.389999999999908,0.8614755180709066,-5.776176691076732e-12,-0.11381894974215297,-0.21097112301495627
6.399999999999908,0.861475518070785,-5.775215708907391e-12,-0.11381894974215098,-0.2109711230150051
6.409999999999908,0.8614755180706636,-5.774230168250162e-12,-0.11381894974214946,-0.21097112301505386
6.419999999999908,0.8614755180705423,-5.7732276408521404e-12,-0.11381894974214792,-0.2109711230151026
6.429999999999907,0.8614755180704212,-5.772203686538091e-12,-0.1138189497421464,-0.21097112301515125
6.439999999999907,0.8614755180703004,-5.771162473178847e-12,-0.11381894974214476,-0.21097112301519982
6.449999999999907,0.8614755180701796,-5.77011509826605e-12,-0.1138189497421431,-0.2109711230152484
6.459999999999907,0.861475518070059,-5.769045179061525e-12,-0.11381894974214188,-0.21097112301529697
6.4699999999999065,0.8614755180699385,-5.7679471362953724e-12,-0.11381894974214082,-0.21097112301534543
6.479999999999906,0.8614755180698181,-5.76683186949546e-12,-0.11381894974213919,-0.21097112301539386
6.489999999999906,0.8614755180696979,-5.7657022434075705e-12,-0.1138189497421375,-0.2109711230154422
6.499999999999906,0.8614755180695779,-5.764549425279921e-12,-0.11381894974213663,-0.21097112301549054
6.509999999999906,0.8614755180694579,-5.763379455521123e-12,-0.11381894974213572,-0.2109711230155388
6.519999999999905,0.8614755180693382,-5.762197788785087e-12,-0.11381894974213388,-0.21097112301558701
6.529999999999905,0.8614755180692184,-5.760991110328361e-12,-0.11381894974213291,-0.21097112301563525
6.539999999999905,0.8614755180690988,-5.75975574449483e-12,-0.11381894974213216,-0.2109711230156834
6.549999999999905,0.8614755180689796,-5.7584954273347604e-12,-0.11381894974213104,-0.2109711230157315
6.559999999999905,0.8614755180688604,-5.757221585397961e-12,-0.11381894974213,-0.2109711230157795
6.569999999999904,0.8614755180687412,-5.7559380584001895e-12,-0.11381894974212878,-0.21097112301582752
6.579999999999904,0.8614755180686222,-5.754628206072755e-12,-0.11381894974212808,-0.21097112301587548
6.589999999999904,0.8614755180685034,-5.753300682060261e-12,-0.11381894974212697,-0.21097112301592336
6.599999999999904,0.8614755180683846,-5.751955251643258e-12,-0.11381894974212668,-0.2109711230159712
6.6099999999999035,0.861475518068266,-5.750594814405358e-12,-0.11381894974212545,-0.21097112301601903
6.619999999999903,0.8614755180681477,-5.749212724204548e-12,-0.11381894974212503,-0.2109711230160668
6.629999999999903,0.8614755180680295,-5.747814427860297e-12,-0.11381894974212355,-0.21097112301611448
6.639999999999903,0.8614755180679113,-5.74640190567068e-12,-0.11381894974212309,-0.21097112301616214
6.649999999999903,0.8614755180677933,-5.744975825471772e-12,-0.11381894974212249,-0.21097112301620977
6.659999999999902,0.8614755180676754,-5.743530360341544e-12,-0.1138189497421218,-0.21097112301625737
6.669999999999902,0.8614755180675576,-5.742066229347964e-12,-0.11381894974212103,-0.21097112301630486
6.679999999999902,0.86147551806744,-5.740588909473589e-12,-0.1138189497421203,-0.21097112301635232
6.689999999999902,0.8614755180673227,-5.739094505998963e-12,-0.1138189497421202,-0.21097112301639975
6.699999999999902,0.8614755180672053,-5.737585337698585e-12,-0.11381894974211978,-0.21097112301644713
6.709999999999901,0.8614755180670881,-5.736053471161128e-12,-0.11381894974211951,-0.2109711230164945
6.719999999999901,0.8614755180669711,-5.734503257105719e-12,-0.11381894974211883,-0.21097112301654178
6.729999999999901,0.8614755180668543,-5.732930520994217e-12,-0.11381894974211869,-0.21097112301658902
6.739999999999901,0.8614755180667376,-5.73133987819278e-12,-0.11381894974211808,-0.21097112301663618
6.7499999999999005,0.861475518066621,-5.7297315796771015e-12,-0.11381894974211777,-0.2109711230166833
6.7599999999999,0.8614755180665047,-5.728106858607733e-12,-0.11381894974211756,-0.21097112301673038
6.7699999999999,0.8614755180663883,-5.7264668611266125e-12,-0.11381894974211763,-0.21097112301677742
6.7799999999999,0.8614755180662722,-5.724807970322304e-12,-0.11381894974211719,-0.21097112301682444
6.7899999999999,0.8614755180661563,-5.7231334259307454e-12,-0.11381894974211657,-0.21097112301687135
6.7999999999998995,0.8614755180660404,-5.721444934899103e-12,-0.11381894974211705,-0.21097112301691828
6.809999999999899,0.8614755180659246,-5.7197391295215085e-12,-0.11381894974211705,-0.21097112301696513
6.819999999999899,0.861475518065809,-5.718010848236853e-12,-0.11381894974211659,-0.21097112301701193
6.829999999999899,0.8614755180656934,-5.716270180381729e-12,-0.1138189497421168,-0.2109711230170587
6.839999999999899,0.8614755180655782,-5.71451168791578e-12,-0.1138189497421165,-0.21097112301710538
6.849999999999898,0.8614755180654631,-5.7127454549668024e-12,-0.11381894974211669,-0.21097112301715207
6.859999999999898,0.8614755180653481,-5.71095850659894e-12,-0.11381894974211693,-0.2109711230171987
6.869999999999898,0.861475518065233,-5.709162178167539e-12,-0.11381894974211682,-0.21097112301724524
6.879999999999898,0.8614755180651182,-5.707355044675396e-12,-0.11381894974211679,-0.2109711230172918
6.8899999999998975,0.8614755180650038,-5.70553333371739e-12,-0.11381894974211684,-0.21097112301733822
6.899999999999897,0.8614755180648892,-5.70371277659211e-12,-0.11381894974211693,-0.21097112301738463
6.909999999999897,0.8614755180647748,-5.7018669424073694e-12,-0.11381894974211719,-0.21097112301743098
6.919999999999897,0.8614755180646606,-5.700011099476645e-12,-0.11381894974211719,-0.21097112301747734
6.929999999999897,0.8614755180645464,-5.698142184292853e-12,-0.11381894974211787,-0.21097112301752363
6.9399999999998965,0.8614755180644326,-5.696254721069217e-12,-0.11381894974211791,-0.21097112301756984
6.949999999999896,0.8614755180643187,-5.694362250852568e-12,-0.11381894974211779,-0.21097112301761603
6.959999999999896,0.8614755180642049,-5.692449056948279e-12,-0.11381894974211845,-0.2109711230176622
6.969999999999896,0.8614755180640914,-5.690515905956087e-12,-0.11381894974211929,-0.2109711230177083
6.979999999999896,0.8614755180639778,-5.688560955754268e-12,-0.11381894974211972,-0.21097112301775434
6.989999999999895,0.8614755180638645,-5.686590394877771e-12,-0.11381894974212015,-0.2109711230178003
6.999999999999895,0.8614755180637513,-5.684617198448283e-12,-0.11381894974212,-0.21097112301784623
7.009999999999895,0.8614755180636382,-5.682626924752304e-12,-0.11381894974212098,-0.21097112301789214
7.019999999999895,0.8614755180635253,-5.680624959897717e-12,-0.11381894974212145,-0.21097112301793802
7.0299999999998946,0.8614755180634125,-5.6786115663870625e-12,-0.1138189497421221,-0.21097112301798382
7.039999999999894,0.8614755180632998,-5.67657651400939e-12,-0.11381894974212287,-0.2109711230180296
7.049999999999894,0.8614755180631872,-5.674519089569294e-12,-0.11381894974212364,-0.21097112301807533
7.059999999999894,0.861475518063075,-5.672447127951607e-12,-0.11381894974212413,-0.21097112301812093
7.069999999999894,0.8614755180629629,-5.670361686856386e-12,-0.11381894974212445,-0.21097112301816653
7.0799999999998935,0.8614755180628507,-5.668266350598274e-12,-0.11381894974212534,-0.21097112301821205
7.089999999999893,0.8614755180627389,-5.666171173831303e-12,-0.11381894974212585,-0.21097112301825754
7.099999999999893,0.8614755180626272,-5.664067845888164e-12,-0.11381894974212635,-0.21097112301830298
7.109999999999893,0.8614755180625155,-5.66195331850665e-12,-0.11381894974212715,-0.2109711230183484
7.119999999999893,0.8614755180624041,-5.659832054287381e-12,-0.1138189497421282,-0.2109711230183937
7.129999999999892,0.8614755180622927,-5.657699724071003e-12,-0.11381894974212897,-0.2109711230184391
7.139999999999892,0.8614755180621815,-5.655544965746445e-12,-0.11381894974212964,-0.21097112301848434
7.149999999999892,0.8614755180620705,-5.653383585298917e-12,-0.11381894974213089,-0.2109711230185295
7.159999999999892,0.8614755180619595,-5.651214276111979e-12,-0.11381894974213125,-0.21097112301857468
7.169999999999892,0.8614755180618486,-5.649032679125555e-12,-0.1138189497421325,-0.21097112301861984
7.179999999999891,0.8614755180617378,-5.646832831587326e-12,-0.11381894974213375,-0.21097112301866494
7.189999999999891,0.8614755180616273,-5.644605662675362e-12,-0.11381894974213481,-0.21097112301871002
7.199999999999891,0.8614755180615169,-5.6423630344945915e-12,-0.11381894974213573,-0.21097112301875498
7.209999999999891,0.8614755180614065,-5.64011314799541e-12,-0.11381894974213702,-0.21097112301879994
7.2199999999998905,0.8614755180612963,-5.637837317758766e-12,-0.11381894974213821,-0.21097112301884485
7.22999999999989,0.8614755180611863,-5.635551603918616e-12,-0.11381894974213921,-0.2109711230188897
7.23999999999989,0.8614755180610764,-5.633254897231236e-12,-0.1138189497421406,-0.2109711230189345
7.24999999999989,0.8614755180609667,-5.630948616982596e-12,-0.11381894974214166,-0.21097112301897927
7.25999999999989,0.861475518060857,-5.628628994701572e-12,-0.11381894974214286,-0.21097112301902401
7.269999999999889,0.8614755180607473,-5.626293574873973e-12,-0.11381894974214424,-0.21097112301906873
7.279999999999889,0.861475518060638,-5.6239433492378345e-12,-0.11381894974214557,-0.2109711230191133
7.289999999999889,0.8614755180605288,-5.621585211333523e-12,-0.11381894974214657,-0.21097112301915796
7.299999999999889,0.8614755180604196,-5.619212204304988e-12,-0.11381894974214832,-0.21097112301920248
7.309999999999889,0.8614755180603106,-5.616825725893791e-12,-0.11381894974214943,-0.21097112301924698
7.319999999999888,0.8614755180602016,-5.614426098988836e-12,-0.11381894974215087,-0.2109711230192914
7.329999999999888,0.861475518060093,-5.612018895547543e-12,-0.11381894974215237,-0.21097112301933585
7.339999999999888,0.8614755180599843,-5.609603759614224e-12,-0.11381894974215412,-0.2109711230193802
7.349999999999888,0.8614755180598759,-5.60717173936894e-12,-0.11381894974215569,-0.21097112301942456
7.3599999999998875,0.8614755180597675,-5.6047265969719755e-12,-0.11381894974215727,-0.21097112301946883
7.369999999999887,0.8614755180596592,-5.602260526541787e-12,-0.11381894974215888,-0.21097112301951307
7.379999999999887,0.8614755180595511,-5.599779460175614e-12,-0.11381894974215992,-0.21097112301955723
7.389999999999887,0.8614755180594433,-5.597302140677032e-12,-0.1138189497421612,-0.21097112301960128
7.399999999999887,0.8614755180593355,-5.594832380259581e-12,-0.11381894974216297,-0.21097112301964535
7.4099999999998865,0.861475518059228,-5.5923537835095336e-12,-0.11381894974216411,-0.21097112301968937
7.419999999999886,0.8614755180591205,-5.589876541358154e-12,-0.1138189497421655,-0.21097112301973334
7.429999999999886,0.8614755180590131,-5.587387229265756e-12,-0.11381894974216741,-0.21097112301977725
7.439999999999886,0.8614755180589059,-5.5848894686582415e-12,-0.11381894974216891,-0.21097112301982116
7.449999999999886,0.8614755180587987,-5.582380438004221e-12,-0.11381894974217034,-0.21097112301986504
7.459999999999885,0.8614755180586918,-5.57984818902401e-12,-0.11381894974217228,-0.21097112301990886
7.469999999999885,0.861475518058585,-5.577300218306038e-12,-0.11381894974217387,-0.2109711230199526
7.479999999999885,0.8614755180584782,-5.574760350458619e-12,-0.11381894974217559,-0.2109711230199963
7.489999999999885,0.8614755180583716,-5.572203887884477e-12,-0.11381894974217745,-0.21097112302003995
7.4999999999998845,0.8614755180582652,-5.5696311619396124e-12,-0.11381894974217932,-0.2109711230200836
7.509999999999884,0.8614755180581588,-5.567041441473305e-12,-0.11381894974218137,-0.21097112302012716
7.519999999999884,0.8614755180580527,-5.564438063526812e-12,-0.11381894974218301,-0.2109711230201707
7.529999999999884,0.8614755180579465,-5.561822941197154e-12,-0.11381894974218482,-0.2109711230202142
7.539999999999884,0.8614755180578405,-5.559190489591962e-12,-0.11381894974218741,-0.2109711230202577
7.5499999999998835,0.8614755180577347,-5.556540860218573e-12,-0.11381894974218894,-0.21097112302030108
7.559999999999883,0.861475518057629,-5.5538878504575325e-12,-0.1138189497421909,-0.21097112302034443
7.569999999999883,0.8614755180575234,-5.5512267179120195e-12,-0.11381894974219331,-0.21097112302038776
7.579999999999883,0.861475518057418,-5.548548112816826e-12,-0.11381894974219471,-0.21097112302043103
7.589999999999883,0.8614755180573126,-5.545855980342551e-12,-0.11381894974219711,-0.21097112302047424
7.599999999999882,0.8614755180572075,-5.5431552247756015e-12,-0.11381894974219917,-0.2109711230205174
7.609999999999882,0.8614755180571024,-5.540447932259338e-12,-0.1138189497422013,-0.21097112302056056
7.619999999999882,0.8614755180569974,-5.537716836235943e-12,-0.11381894974220354,-0.21097112302060372
7.629999999999882,0.8614755180568927,-5.5349744060886236e-12,-0.11381894974220585,-0.21097112302064672
7.6399999999998816,0.861475518056788,-5.532218403139817e-12,-0.11381894974220814,-0.2109711230206897
7.649999999999881,0.8614755180566835,-5.529449549677296e-12,-0.11381894974221012,-0.21097112302073265
7.659999999999881,0.861475518056579,-5.526675193366835e-12,-0.11381894974221252,-0.2109711230207756
7.669999999999881,0.8614755180564747,-5.523885249547473e-12,-0.11381894974221465,-0.21097112302081844
7.679999999999881,0.8614755180563706,-5.521091292108032e-12,-0.11381894974221682,-0.21097112302086127
7.6899999999998805,0.8614755180562665,-5.518285548423505e-12,-0.11381894974221994,-0.21097112302090407
7.69999999999988,0.8614755180561625,-5.515452552245752e-12,-0.11381894974222218,-0.2109711230209469
7.70999999999988,0.8614755180560588,-5.512600117903534e-12,-0.11381894974222415,-0.21097112302098953
7.71999999999988,0.8614755180559552,-5.509753778441933e-12,-0.11381894974222666,-0.21097112302103216
7.72999999999988,0.8614755180558517,-5.506899842871234e-12,-0.11381894974222889,-0.21097112302107474
7.739999999999879,0.8614755180557484,-5.504029949397026e-12,-0.11381894974223165,-0.21097112302111728
7.749999999999879,0.8614755180556452,-5.501154490971958e-12,-0.1138189497422339,-0.21097112302115978
7.759999999999879,0.8614755180555422,-5.498263842330724e-12,-0.11381894974223614,-0.21097112302120222
7.769999999999879,0.8614755180554392,-5.495362718429862e-12,-0.11381894974223937,-0.21097112302124466
7.779999999999879,0.8614755180553363,-5.492444101715911e-12,-0.11381894974224178,-0.21097112302128704
7.789999999999878,0.8614755180552337,-5.489503003830773e-12,-0.11381894974224406,-0.21097112302132934
7.799999999999878,0.8614755180551311,-5.486551314277766e-12,-0.11381894974224711,-0.21097112302137158
7.809999999999878,0.8614755180550285,-5.483605417525831e-12,-0.11381894974224988,-0.21097112302141385
7.819999999999878,0.8614755180549262,-5.480630707344314e-12,-0.11381894974225248,-0.21097112302145601
7.8299999999998775,0.8614755180548239,-5.477643970415375e-12,-0.1138189497422551,-0.2109711230214982
7.839999999999877,0.8614755180547218,-5.474646594755991e-12,-0.11381894974225798,-0.2109711230215403
7.849999999999877,0.8614755180546197,-5.471633459003129e-12,-0.11381894974226087,-0.2109711230215824
7.859999999999877,0.8614755180545178,-5.4686148380743715e-12,-0.11381894974226398,-0.21097112302162443
7.869999999999877,0.8614755180544161,-5.4655768099058885e-12,-0.1138189497422666,-0.2109711230216664
7.879999999999876,0.8614755180543145,-5.4625264506355366e-12,-0.11381894974226918,-0.21097112302170828
7.889999999999876,0.8614755180542131,-5.459469981330086e-12,-0.11381894974227208,-0.21097112302175014
7.899999999999876,0.8614755180541116,-5.4563994869501795e-12,-0.11381894974227513,-0.21097112302179197
7.909999999999876,0.8614755180540105,-5.453326084977984e-12,-0.11381894974227785,-0.21097112302183377
7.919999999999876,0.8614755180539093,-5.450243579390295e-12,-0.1138189497422806,-0.2109711230218755
7.929999999999875,0.8614755180538083,-5.447146827824948e-12,-0.1138189497422837,-0.21097112302191723
7.939999999999875,0.8614755180537074,-5.444043411146771e-12,-0.11381894974228611,-0.21097112302195883
7.949999999999875,0.8614755180536066,-5.440938634427136e-12,-0.11381894974228934,-0.2109711230220004
7.959999999999875,0.8614755180535059,-5.437827750778553e-12,-0.1138189497422921,-0.2109711230220419
7.9699999999998745,0.8614755180534054,-5.434715965364765e-12,-0.1138189497422952,-0.2109711230220834
7.979999999999874,0.8614755180533049,-5.431595357262324e-12,-0.11381894974229856,-0.21097112302212487
7.989999999999874,0.8614755180532047,-5.428460287079153e-12,-0.11381894974230099,-0.21097112302216628
7.999999999999874,0.8614755180531045,-5.425324703101408e-12,-0.11381894974230425,-0.21097112302220764
8.009999999999874,0.8614755180530045,-5.42217316377675e-12,-0.11381894974230716,-0.21097112302224896
8.019999999999873,0.8614755180529046,-5.419019481214875e-12,-0.11381894974231002,-0.2109711230222902
8.029999999999873,0.8614755180528048,-5.415869775610578e-12,-0.11381894974231352,-0.21097112302233142
8.039999999999873,0.8614755180527051,-5.41271490639399e-12,-0.11381894974231607,-0.2109711230223726
8.049999999999873,0.8614755180526056,-5.409546008022036e-12,-0.11381894974231942,-0.2109711230224137
8.059999999999873,0.8614755180525062,-5.406379944796338e-12,-0.11381894974232236,-0.21097112302245477
8.069999999999872,0.861475518052407,-5.403203062054878e-12,-0.11381894974232583,-0.2109711230224958
8.079999999999872,0.8614755180523078,-5.40001812008865e-12,-0.11381894974232865,-0.2109711230225368
8.089999999999872,0.8614755180522089,-5.3968225527213296e-12,-0.11381894974233164,-0.2109711230225777
8.099999999999872,0.8614755180521101,-5.393628208994152e-12,-0.11381894974233461,-0.21097112302261858
8.109999999999872,0.8614755180520113,-5.390431089764995e-12,-0.11381894974233811,-0.21097112302265944
8.119999999999871,0.8614755180519126,-5.387217654825008e-12,-0.11381894974234125,-0.21097112302270024
8.129999999999871,0.8614755180518142,-5.383990818294752e-12,-0.11381894974234431,-0.21097112302274104
8.139999999999871,0.8614755180517157,-5.380764988501814e-12,-0.11381894974234794,-0.2109711230227818
8.14999999999987,0.8614755180516175,-5.377525955406398e-12,-0.1138189497423509,-0.21097112302282245
8.15999999999987,0.8614755180515192,-5.374278585713808e-12,-0.11381894974235439,-0.2109711230228631
8.16999999999987,0.8614755180514212,-5.371018323273571e-12,-0.11381894974235768,-0.2109711230229037
8.17999999999987,0.8614755180513233,-5.367753547970344e-12,-0.11381894974236104,-0.21097112302294427
8.18999999999987,0.8614755180512255,-5.364476505548911e-12,-0.11381894974236446,-0.21097112302298474
8.19999999999987,0.8614755180511278,-5.3611970614493665e-12,-0.11381894974236775,-0.2109711230230252
8.20999999999987,0.8614755180510303,-5.357906321632812e-12,-0.113818949742371,-0.21097112302306562
8.21999999999987,0.8614755180509329,-5.354617570840551e-12,-0.11381894974237455,-0.21097112302310603
8.229999999999869,0.8614755180508356,-5.3513141974697035e-12,-0.11381894974237781,-0.21097112302314636
8.239999999999869,0.8614755180507384,-5.34800549965334e-12,-0.11381894974238109,-0.21097112302318666
8.249999999999869,0.8614755180506414,-5.344687846012179e-12,-0.11381894974238482,-0.21097112302322688
8.259999999999868,0.8614755180505443,-5.3413667908751954e-12,-0.11381894974238801,-0.2109711230232671
8.269999999999868,0.8614755180504475,-5.338042918995858e-12,-0.11381894974239132,-0.21097112302330723
8.279999999999868,0.8614755180503508,-5.334714220450272e-12,-0.11381894974239497,-0.21097112302334736
8.289999999999868,0.861475518050254,-5.3313780279090794e-12,-0.11381894974239894,-0.2109711230233875
8.299999999999867,0.8614755180501577,-5.328021673397539e-12,-0.11381894974240234,-0.2109711230234275
8.309999999999867,0.8614755180500613,-5.3246669605268564e-12,-0.11381894974240578,-0.21097112302346752
8.319999999999867,0.861475518049965,-5.321295427089156e-12,-0.11381894974240953,-0.21097112302350748
8.329999999999867,0.8614755180498688,-5.317901312263743e-12,-0.11381894974241347,-0.21097112302354742
8.339999999999867,0.8614755180497728,-5.314498817259484e-12,-0.11381894974241666,-0.21097112302358725
8.349999999999866,0.8614755180496768,-5.3110958771750455e-12,-0.11381894974242081,-0.21097112302362706
8.359999999999866,0.8614755180495811,-5.3076811189915625e-12,-0.11381894974242454,-0.21097112302366683
8.369999999999866,0.8614755180494854,-5.304255426895471e-12,-0.11381894974242798,-0.21097112302370657
8.379999999999866,0.8614755180493899,-5.300824757986955e-12,-0.11381894974243169,-0.21097112302374627
8.389999999999866,0.8614755180492945,-5.297384062039457e-12,-0.1138189497424353,-0.21097112302378593
8.399999999999865,0.8614755180491992,-5.293939094777238e-12,-0.11381894974243933,-0.21097112302382556
8.409999999999865,0.861475518049104,-5.290476964429232e-12,-0.11381894974244341,-0.2109711230238651
8.419999999999865,0.861475518049009,-5.287013496010229e-12,-0.11381894974244694,-0.21097112302390453
8.429999999999865,0.8614755180489141,-5.283550100698725e-12,-0.11381894974245065,-0.21097112302394402
8.439999999999864,0.8614755180488193,-5.280064770643202e-12,-0.11381894974245463,-0.21097112302398344
8.449999999999864,0.8614755180487247,-5.276570839250278e-12,-0.11381894974245836,-0.2109711230240228
8.459999999999864,0.8614755180486301,-5.273079061130629e-12,-0.11381894974246214,-0.21097112302406212
8.469999999999864,0.8614755180485357,-5.269575462151469e-12,-0.11381894974246634,-0.21097112302410143
8.479999999999864,0.8614755180484415,-5.266063437912608e-12,-0.11381894974246974,-0.21097112302414064
8.489999999999863,0.8614755180483472,-5.262551983262196e-12,-0.11381894974247382,-0.21097112302417984
8.499999999999863,0.8614755180482532,-5.259036962005853e-12,-0.11381894974247775,-0.210971123024219
8.509999999999863,0.8614755180481593,-5.255516743329036e-12,-0.11381894974248119,-0.2109711230242581
8.519999999999863,0.8614755180480653,-5.25199098144572e-12,-0.11381894974248544,-0.21097112302429719
8.529999999999863,0.8614755180479715,-5.248457968872129e-12,-0.11381894974248916,-0.21097112302433624
8.539999999999862,0.8614755180478779,-5.244917700416678e-12,-0.1138189497424934,-0.21097112302437526
8.549999999999862,0.8614755180477844,-5.241365560232791e-12,-0.11381894974249711,-0.21097112302441418
8.559999999999862,0.8614755180476908,-5.237817803803588e-12,-0.11381894974250151,-0.21097112302445312
8.569999999999862,0.8614755180475977,-5.234261932583977e-12,-0.11381894974250543,-0.21097112302449195
8.579999999999862,0.8614755180475044,-5.230709155187707e-12,-0.11381894974250915,-0.21097112302453078
8.589999999999861,0.8614755180474113,-5.227151392859138e-12,-0.11381894974251333,-0.21097112302456955
8.599999999999861,0.8614755180473185,-5.223581617480287e-12,-0.11381894974251736,-0.21097112302460827
8.60999999999986,0.8614755180472256,-5.219999353968262e-12,-0.11381894974252174,-0.21097112302464702
8.61999999999986,0.8614755180471327,-5.216401745254011e-12,-0.11381894974252574,-0.21097112302468568
8.62999999999986,0.8614755180470403,-5.2127946276035e-12,-0.11381894974252985,-0.21097112302472423
8.63999999999986,0.8614755180469478,-5.209194058146964e-12,-0.11381894974253393,-0.21097112302476276
8.64999999999986,0.8614755180468553,-5.205582406246691e-12,-0.11381894974253831,-0.2109711230248013
8.65999999999986,0.8614755180467631,-5.2019633527533746e-12,-0.11381894974254222,-0.21097112302483975
8.66999999999986,0.861475518046671,-5.198344138503127e-12,-0.11381894974254647,-0.2109711230248782
8.67999999999986,0.8614755180465788,-5.19471131678271e-12,-0.11381894974255079,-0.21097112302491663
8.68999999999986,0.8614755180464869,-5.1910629331263685e-12,-0.11381894974255503,-0.21097112302495502
8.699999999999859,0.8614755180463951,-5.187405638630551e-12,-0.11381894974255903,-0.2109711230249933
8.709999999999859,0.8614755180463034,-5.183752584846853e-12,-0.11381894974256332,-0.21097112302503154
8.719999999999859,0.8614755180462118,-5.180090061916323e-12,-0.11381894974256808,-0.2109711230250698
8.729999999999858,0.8614755180461202,-5.176414425323125e-12,-0.11381894974257198,-0.21097112302510795
8.739999999999858,0.8614755180460288,-5.1727362867889105e-12,-0.11381894974257659,-0.2109711230251461
8.749999999999858,0.8614755180459376,-5.169055557062077e-12,-0.11381894974258078,-0.2109711230251842
8.759999999999858,0.8614755180458465,-5.165364480482561e-12,-0.1138189497425852,-0.21097112302522228
8.769999999999857,0.8614755180457555,-5.161671269601631e-12,-0.11381894974258924,-0.21097112302526022
8.779999999999857,0.8614755180456647,-5.157974737527436e-12,-0.11381894974259338,-0.21097112302529816
8.789999999999857,0.861475518045574,-5.154279350597005e-12,-0.11381894974259775,-0.21097112302533605
8.799999999999857,0.8614755180454833,-5.150589886936727e-12,-0.11381894974260193,-0.21097112302537388
8.809999999999857,0.8614755180453929,-5.1468986222226185e-12,-0.1138189497426062,-0.2109711230254117
8.819999999999856,0.8614755180453025,-5.143202793194355e-12,-0.11381894974261064,-0.2109711230254495
8.829999999999856,0.8614755180452122,-5.139507914738359e-12,-0.11381894974261525,-0.21097112302548726
8.839999999999856,0.8614755180451221,-5.1358069940200965e-12,-0.113818949742619,-0.21097112302552493
8.849999999999856,0.8614755180450321,-5.13210311066191e-12,-0.11381894974262319,-0.21097112302556256
8.859999999999856,0.861475518044942,-5.128400696591888e-12,-0.11381894974262766,-0.21097112302560017
8.869999999999855,0.8614755180448522,-5.1246946603905855e-12,-0.11381894974263196,-0.21097112302563775
8.879999999999855,0.8614755180447625,-5.120983283149531e-12,-0.11381894974263615,-0.21097112302567525
8.889999999999855,0.8614755180446728,-5.117274939801844e-12,-0.11381894974264077,-0.21097112302571272
8.899999999999855,0.8614755180445833,-5.113565850588252e-12,-0.11381894974264492,-0.21097112302575016
8.909999999999854,0.861475518044494,-5.109851307787487e-12,-0.11381894974264938,-0.21097112302578752
8.919999999999854,0.8614755180444047,-5.106140224765137e-12,-0.11381894974265326,-0.21097112302582485
8.929999999999854,0.8614755180443154,-5.1024369403760275e-12,-0.11381894974265769,-0.21097112302586213
8.939999999999854,0.8614755180442264,-5.0987306240257884e-12,-0.11381894974266225,-0.21097112302589938
8.949999999999854,0.8614755180441375,-5.095025584468443e-12,-0.11381894974266632,-0.2109711230259366
8.959999999999853,0.8614755180440486,-5.091321709212199e-12,-0.11381894974267084,-0.21097112302597376
8.969999999999853,0.8614755180439598,-5.087607101325444e-12,-0.11381894974267528,-0.2109711230260109
8.979999999999853,0.8614755180438712,-5.083892727650897e-12,-0.11381894974267966,-0.210971123026048
8.989999999999853,0.8614755180437826,-5.080164515433866e-12,-0.11381894974268422,-0.21097112302608506
8.999999999999853,0.8614755180436944,-5.076427075404107e-12,-0.1138189497426885,-0.21097112302612206
9.009999999999852,0.861475518043606,-5.072694261769941e-12,-0.11381894974269316,-0.210971123026159
9.019999999999852,0.8614755180435177,-5.0689561351735445e-12,-0.11381894974269809,-0.210971123026196
9.029999999999852,0.8614755180434297,-5.065204927388868e-12,-0.11381894974270265,-0.21097112302623286
9.039999999999852,0.8614755180433417,-5.061440883392789e-12,-0.11381894974270684,-0.2109711230262697
9.049999999999851,0.8614755180432537,-5.057670563873412e-12,-0.11381894974271192,-0.21097112302630655
9.059999999999851,0.861475518043166,-5.053891294160629e-12,-0.11381894974271621,-0.21097112302634333
9.069999999999851,0.8614755180430783,-5.050099296537852e-12,-0.11381894974272104,-0.21097112302638008
9.07999999999985,0.8614755180429907,-5.046301836379021e-12,-0.11381894974272576,-0.21097112302641674
9.08999999999985,0.8614755180429033,-5.042502533290511e-12,-0.11381894974273042,-0.2109711230264534
9.09999999999985,0.861475518042816,-5.038696862674037e-12,-0.11381894974273497,-0.21097112302649
9.10999999999985,0.8614755180427287,-5.034886154004214e-12,-0.11381894974273982,-0.2109711230265266
9.11999999999985,0.8614755180426417,-5.031071889319578e-12,-0.11381894974274427,-0.21097112302656307
9.12999999999985,0.8614755180425546,-5.027254831777191e-12,-0.11381894974274885,-0.2109711230265996
9.13999999999985,0.8614755180424677,-5.023436246713654e-12,-0.11381894974275364,-0.21097112302663606
9.14999999999985,0.8614755180423811,-5.0196169529027474e-12,-0.11381894974275791,-0.21097112302667242
9.15999999999985,0.8614755180422945,-5.01579636881749e-12,-0.11381894974276233,-0.21097112302670876
9.169999999999849,0.8614755180422079,-5.01198585020529e-12,-0.11381894974276727,-0.21097112302674506
9.179999999999849,0.8614755180421216,-5.008173443962175e-12,-0.1138189497427718,-0.2109711230267813
9.189999999999849,0.8614755180420354,-5.004358042347726e-12,-0.11381894974277634,-0.21097112302681753
9.199999999999848,0.8614755180419491,-5.000532882642539e-12,-0.11381894974278088,-0.2109711230268537
9.209999999999848,0.8614755180418631,-4.996709745492943e-12,-0.113818949742786,-0.21097112302688986
9.219999999999848,0.8614755180417771,-4.992878298410522e-12,-0.11381894974279043,-0.21097112302692597
9.229999999999848,0.8614755180416913,-4.989032493421971e-12,-0.11381894974279548,-0.21097112302696205
9.239999999999847,0.8614755180416055,-4.985187339974976e-12,-0.11381894974280032,-0.2109711230269981
9.249999999999847,0.86147551804152,-4.9813301184348006e-12,-0.11381894974280496,-0.21097112302703408
9.259999999999847,0.8614755180414344,-4.97747693855481e-12,-0.11381894974280958,-0.21097112302707002
9.269999999999847,0.8614755180413489,-4.973624424193426e-12,-0.11381894974281412,-0.2109711230271059
9.279999999999847,0.8614755180412637,-4.9697707574602226e-12,-0.11381894974281906,-0.21097112302714174
9.289999999999846,0.8614755180411785,-4.965912667531916e-12,-0.113818949742824,-0.2109711230271776
9.299999999999846,0.8614755180410932,-4.962046638835726e-12,-0.11381894974282895,-0.21097112302721344
9.309999999999846,0.8614755180410083,-4.9581715540528305e-12,-0.11381894974283321,-0.21097112302724916
9.319999999999846,0.8614755180409234,-4.9543000679545154e-12,-0.11381894974283831,-0.21097112302728485
9.329999999999846,0.8614755180408386,-4.9504251912931344e-12,-0.11381894974284322,-0.21097112302732052
9.339999999999845,0.8614755180407538,-4.946538203751462e-12,-0.11381894974284847,-0.21097112302735613
9.349999999999845,0.8614755180406692,-4.942641963595816e-12,-0.11381894974285285,-0.21097112302739168
9.359999999999845,0.8614755180405848,-4.9387364482554555e-12,-0.11381894974285853,-0.21097112302742724
9.369999999999845,0.8614755180405003,-4.93481923897898e-12,-0.11381894974286345,-0.21097112302746276
9.379999999999844,0.861475518040416,-4.930894154180367e-12,-0.11381894974286821,-0.21097112302749824
9.389999999999844,0.8614755180403318,-4.926968958205955e-12,-0.11381894974287303,-0.21097112302753368
9.399999999999844,0.8614755180402478,-4.9230444460153e-12,-0.11381894974287833,-0.21097112302756904
9.409999999999844,0.8614755180401638,-4.9191083331755235e-12,-0.11381894974288345,-0.2109711230276044
9.419999999999844,0.8614755180400799,-4.915160082893625e-12,-0.1138189497428884,-0.21097112302763968
9.429999999999843,0.8614755180399961,-4.911207526014557e-12,-0.1138189497428935,-0.210971123027675
9.439999999999843,0.8614755180399125,-4.907244212868766e-12,-0.11381894974289827,-0.2109711230277102
9.449999999999843,0.861475518039829,-4.903284091955636e-12,-0.11381894974290346,-0.21097112302774537
9.459999999999843,0.8614755180397454,-4.899328557479167e-12,-0.11381894974290872,-0.21097112302778057
9.469999999999843,0.861475518039662,-4.8953632254673176e-12,-0.11381894974291373,-0.21097112302781565
9.479999999999842,0.8614755180395789,-4.891402535687936e-12,-0.11381894974291831,-0.2109711230278507
9.489999999999842,0.8614755180394956,-4.887440963298128e-12,-0.11381894974292373,-0.2109711230278857
9.499999999999842,0.8614755180394126,-4.88347296357727e-12,-0.11381894974292853,-0.2109711230279207
9.509999999999842,0.8614755180393298,-4.879500044841124e-12,-0.1138189497429338,-0.21097112302795565
9.519999999999841,0.8614755180392469,-4.8755256688658215e-12,-0.11381894974293878,-0.2109711230279906
9.529999999999841,0.8614755180391641,-4.8715468461547035e-12,-0.11381894974294368,-0.21097112302802545
9.539999999999841,0.8614755180390815,-4.8675705392626455e-12,-0.11381894974294893,-0.21097112302806023
9.54999999999984,0.861475518038999,-4.863596304380747e-12,-0.11381894974295398,-0.21097112302809504
9.55999999999984,0.8614755180389166,-4.859620446025504e-12,-0.11381894974295895,-0.21097112302812976
9.56999999999984,0.8614755180388344,-4.855643810352308e-12,-0.11381894974296418,-0.21097112302816445
9.57999999999984,0.8614755180387523,-4.851660488497622e-12,-0.11381894974296901,-0.2109711230281991
9.58999999999984,0.8614755180386703,-4.84768346967723e-12,-0.11381894974297402,-0.21097112302823373
9.59999999999984,0.8614755180385884,-4.843711511541419e-12,-0.11381894974297894,-0.21097112302826831
9.60999999999984,0.8614755180385064,-4.8397452982535095e-12,-0.11381894974298394,-0.21097112302830287
9.61999999999984,0.8614755180384247,-4.835778957170952e-12,-0.11381894974298899,-0.21097112302833734
9.62999999999984,0.8614755180383431,-4.83180659209357e-12,-0.11381894974299397,-0.2109711230283718
9.639999999999839,0.8614755180382615,-4.827839963582278e-12,-0.11381894974299912,-0.21097112302840618
9.649999999999839,0.8614755180381802,-4.823872719365688e-12,-0.1138189497430041,-0.2109711230284405
9.659999999999838,0.8614755180380989,-4.819893020336055e-12,-0.11381894974300945,-0.21097112302847487
9.669999999999838,0.8614755180380176,-4.8159129419836185e-12,-0.11381894974301457,-0.2109711230285092
9.679999999999838,0.8614755180379365,-4.811927369638976e-12,-0.11381894974301977,-0.21097112302854348
9.689999999999838,0.8614755180378555,-4.807927145544905e-12,-0.11381894974302444,-0.21097112302857768
9.699999999999838,0.8614755180377746,-4.803929674821906e-12,-0.11381894974303008,-0.21097112302861187
9.709999999999837,0.8614755180376938,-4.79993194609376e-12,-0.11381894974303525,-0.210971123028646
9.719999999999837,0.861475518037613,-4.795932504942647e-12,-0.11381894974304053,-0.2109711230286801
9.729999999999837,0.8614755180375324,-4.791918824207044e-12,-0.11381894974304606,-0.21097112302871418
9.739999999999837,0.8614755180374519,-4.787902442892759e-12,-0.11381894974305105,-0.21097112302874818
9.749999999999837,0.8614755180373717,-4.783885192577019e-12,-0.11381894974305629,-0.21097112302878218
9.759999999999836,0.8614755180372913,-4.779864333014124e-12,-0.11381894974306139,-0.21097112302881613
9.769999999999836,0.861475518037211,-4.775844558055083e-12,-0.1138189497430664,-0.21097112302885007
9.779999999999836,0.861475518037131,-4.7718217726396676e-12,-0.11381894974307152,-0.2109711230288839
9.789999999999836,0.8614755180370509,-4.767808238535053e-12,-0.11381894974307709,-0.21097112302891777
9.799999999999836,0.861475518036971,-4.763786869890768e-12,-0.11381894974308215,-0.21097112302895157
9.809999999999835,0.8614755180368912,-4.7597601782815204e-12,-0.1138189497430877,-0.21097112302898535
9.819999999999835,0.8614755180368114,-4.755728689903928e-12,-0.11381894974309263,-0.21097112302901902
9.829999999999835,0.8614755180367317,-4.7516995367272685e-12,-0.113818949743098,-0.21097112302905272
9.839999999999835,0.8614755180366521,-4.747678086794558e-12,-0.11381894974310292,-0.21097112302908633
9.849999999999834,0.8614755180365727,-4.74365968606015e-12,-0.11381894974310815,-0.21097112302911988
9.859999999999834,0.8614755180364934,-4.739646018653206e-12,-0.11381894974311355,-0.21097112302915338
9.869999999999834,0.8614755180364141,-4.735632414130724e-12,-0.11381894974311879,-0.21097112302918694
9.879999999999834,0.861475518036335,-4.7316116317999505e-12,-0.11381894974312373,-0.2109711230292204
9.889999999999834,0.8614755180362559,-4.727593011375448e-12,-0.11381894974312892,-0.21097112302925383
9.899999999999833,0.8614755180361771,-4.723577127008829e-12,-0.11381894974313428,-0.21097112302928722
9.909999999999833,0.8614755180360981,-4.71955654434067e-12,-0.11381894974313947,-0.21097112302932058
9.919999999999833,0.8614755180360194,-4.71553461884789e-12,-0.1138189497431447,-0.21097112302935392
9.929999999999833,0.8614755180359407,-4.711515397032489e-12,-0.11381894974314952,-0.2109711230293872
9.939999999999833,0.8614755180358621,-4.707503357223721e-12,-0.11381894974315522,-0.21097112302942042
9.949999999999832,0.8614755180357837,-4.703488864153985e-12,-0.11381894974316027,-0.21097112302945362
9.959999999999832,0.8614755180357054,-4.699471699987589e-12,-0.1138189497431657,-0.21097112302948678
9.969999999999832,0.861475518035627,-4.6954481027209685e-12,-0.11381894974317143,-0.21097112302951992
9.979999999999832,0.8614755180355489,-4.69141800275765e-12,-0.11381894974317669,-0.210971123029553
9.989999999999831,0.861475518035471,-4.687385718439997e-12,-0.11381894974318157,-0.21097112302958604
9.999999999999831,0.8614755180353931,-4.683355468376816e-12,-0.11381894974318704,-0.210971123029619
10.009999999999831,0.8614755180353153,-4.679323286845261e-12,-0.11381894974319216,-0.21097112302965196
10.01999999999983,0.8614755180352377,-4.675296124523787e-12,-0.11381894974319733,-0.21097112302968485
10.02999999999983,0.8614755180351601,-4.671280370028651e-12,-0.11381894974320274,-0.21097112302971774
10.03999999999983,0.8614755180350826,-4.667252379337747e-12,-0.11381894974320805,-0.21097112302975057
10.04999999999983,0.8614755180350052,-4.66322312744143e-12,-0.11381894974321297,-0.21097112302978338
10.05999999999983,0.861475518034928,-4.659194232563945e-12,-0.11381894974321836,-0.21097112302981616
10.06999999999983,0.8614755180348507,-4.655163772108549e-12,-0.1138189497432239,-0.2109711230298489
10.07999999999983,0.8614755180347735,-4.651125303593467e-12,-0.11381894974322905,-0.2109711230298816
10.08999999999983,0.8614755180346966,-4.647093090003828e-12,-0.1138189497432346,-0.21097112302991425
10.09999999999983,0.8614755180346197,-4.643054837842897e-12,-0.11381894974324022,-0.21097112302994686
10.109999999999829,0.8614755180345428,-4.639021055848945e-12,-0.11381894974324534,-0.2109711230299795
10.119999999999829,0.8614755180344661,-4.63498261922745e-12,-0.113818949743251,-0.21097112303001203
10.129999999999828,0.8614755180343894,-4.6309357270362675e-12,-0.11381894974325635,-0.2109711230300446
10.139999999999828,0.861475518034313,-4.6268778562370155e-12,-0.11381894974326162,-0.21097112303007703
10.149999999999828,0.8614755180342365,-4.6228284844530034e-12,-0.11381894974326705,-0.21097112303010948
10.159999999999828,0.8614755180341602,-4.618776392976015e-12,-0.11381894974327264,-0.21097112303014187
10.169999999999828,0.861475518034084,-4.614728786597882e-12,-0.11381894974327748,-0.21097112303017418
10.179999999999827,0.8614755180340077,-4.610687663109228e-12,-0.11381894974328316,-0.21097112303020657
10.189999999999827,0.8614755180339317,-4.606635263303874e-12,-0.11381894974328885,-0.21097112303023885
10.199999999999827,0.8614755180338558,-4.602578463844515e-12,-0.11381894974329373,-0.21097112303027107
10.209999999999827,0.86147551803378,-4.598528365838878e-12,-0.11381894974329931,-0.21097112303030327
10.219999999999827,0.8614755180337041,-4.594476465723714e-12,-0.11381894974330506,-0.2109711230303355
10.229999999999826,0.8614755180336283,-4.5904095522560755e-12,-0.11381894974331068,-0.2109711230303677
10.239999999999826,0.8614755180335527,-4.586341102193087e-12,-0.11381894974331602,-0.2109711230303998
10.249999999999826,0.8614755180334772,-4.5822698215828e-12,-0.11381894974332153,-0.21097112303043183
10.259999999999826,0.8614755180334018,-4.578198546086184e-12,-0.11381894974332682,-0.2109711230304639
10.269999999999825,0.8614755180333266,-4.574129699453381e-12,-0.11381894974333213,-0.2109711230304959
10.279999999999825,0.8614755180332514,-4.570061584269574e-12,-0.11381894974333757,-0.21097112303052784
10.289999999999825,0.8614755180331762,-4.5659897010551e-12,-0.11381894974334322,-0.21097112303055976
10.299999999999825,0.8614755180331011,-4.56190870368596e-12,-0.11381894974334895,-0.21097112303059173
10.309999999999825,0.8614755180330262,-4.5578132077247515e-12,-0.11381894974335426,-0.2109711230306236
10.319999999999824,0.8614755180329514,-4.553722475144873e-12,-0.11381894974336007,-0.21097112303065538
10.329999999999824,0.8614755180328766,-4.549628438561632e-12,-0.11381894974336523,-0.21097112303068716
10.339999999999824,0.861475518032802,-4.545534053485185e-12,-0.11381894974337116,-0.21097112303071888
10.349999999999824,0.8614755180327275,-4.541438185032339e-12,-0.11381894974337675,-0.2109711230307506
10.359999999999824,0.8614755180326529,-4.5373320460831164e-12,-0.11381894974338236,-0.21097112303078228
10.369999999999823,0.8614755180325785,-4.533219136122584e-12,-0.11381894974338817,-0.21097112303081392
10.379999999999823,0.8614755180325042,-4.529100789290596e-12,-0.11381894974339354,-0.2109711230308455
10.389999999999823,0.86147551803243,-4.524983629676596e-12,-0.11381894974339915,-0.2109711230308771
10.399999999999823,0.8614755180323559,-4.520863597993049e-12,-0.11381894974340498,-0.2109711230309086
10.409999999999823,0.861475518032282,-4.516745993670619e-12,-0.11381894974341034,-0.21097112303094007
10.419999999999822,0.8614755180322081,-4.512628732517121e-12,-0.11381894974341607,-0.21097112303097149
10.429999999999822,0.8614755180321344,-4.508516165671205e-12,-0.1138189497434214,-0.21097112303100285
10.439999999999822,0.8614755180320608,-4.504405889153721e-12,-0.11381894974342693,-0.21097112303103419
10.449999999999822,0.8614755180319874,-4.500294868217066e-12,-0.11381894974343248,-0.21097112303106552
10.459999999999821,0.8614755180319139,-4.496187466856449e-12,-0.11381894974343774,-0.21097112303109683
10.469999999999821,0.8614755180318405,-4.492075954605942e-12,-0.11381894974344348,-0.21097112303112805
10.479999999999821,0.8614755180317671,-4.4879685349617004e-12,-0.11381894974344896,-0.21097112303115925
10.48999999999982,0.861475518031694,-4.483873721827243e-12,-0.11381894974345413,-0.2109711230311904
10.49999999999982,0.8614755180316209,-4.479781539564922e-12,-0.1138189497434598,-0.21097112303122154
10.50999999999982,0.861475518031548,-4.4756991806543756e-12,-0.11381894974346497,-0.2109711230312526
10.51999999999982,0.861475518031475,-4.47162105394813e-12,-0.11381894974347051,-0.21097112303128365
10.52999999999982,0.8614755180314023,-4.467541675748785e-12,-0.11381894974347607,-0.21097112303131468
10.53999999999982,0.8614755180313295,-4.46346829252339e-12,-0.11381894974348164,-0.2109711230313457
10.54999999999982,0.8614755180312568,-4.4593925440269885e-12,-0.11381894974348739,-0.21097112303137666
10.55999999999982,0.8614755180311842,-4.455312258867875e-12,-0.11381894974349258,-0.21097112303140758
10.569999999999819,0.8614755180311118,-4.4512292127098144e-12,-0.11381894974349824,-0.21097112303143847
10.579999999999819,0.8614755180310394,-4.4471487723529204e-12,-0.11381894974350382,-0.21097112303146928
10.589999999999819,0.8614755180309671,-4.443069097818566e-12,-0.11381894974350959,-0.21097112303150012
10.599999999999818,0.8614755180308951,-4.438976255684067e-12,-0.11381894974351504,-0.21097112303153087
10.609999999999818,0.8614755180308229,-4.434891564234795e-12,-0.11381894974352058,-0.21097112303156165
10.619999999999818,0.861475518030751,-4.430799111242631e-12,-0.11381894974352626,-0.21097112303159235
10.629999999999818,0.8614755180306789,-4.426703246328533e-12,-0.11381894974353192,-0.21097112303162308
10.639999999999818,0.8614755180306072,-4.422605170669106e-12,-0.11381894974353735,-0.21097112303165372
10.649999999999817,0.8614755180305355,-4.418512595221976e-12,-0.11381894974354317,-0.2109711230316843
10.659999999999817,0.8614755180304638,-4.4144254269737034e-12,-0.11381894974354868,-0.21097112303171486
10.669999999999817,0.8614755180303924,-4.410334910814294e-12,-0.11381894974355374,-0.21097112303174537
10.679999999999817,0.8614755180303209,-4.406247355312763e-12,-0.11381894974355986,-0.2109711230317759
10.689999999999817,0.8614755180302495,-4.4021552709505026e-12,-0.11381894974356524,-0.21097112303180632
10.699999999999816,0.8614755180301781,-4.398060990263088e-12,-0.1138189497435713,-0.2109711230318368
10.709999999999816,0.8614755180301069,-4.39394956086081e-12,-0.11381894974357713,-0.21097112303186719
10.719999999999816,0.8614755180300357,-4.389834548037749e-12,-0.11381894974358298,-0.21097112303189758
10.729999999999816,0.8614755180299647,-4.385714288214056e-12,-0.1138189497435886,-0.2109711230319279
10.739999999999815,0.8614755180298937,-4.381588985813676e-12,-0.11381894974359416,-0.21097112303195817
10.749999999999815,0.8614755180298229,-4.377456394403211e-12,-0.11381894974359981,-0.2109711230319884
10.759999999999815,0.8614755180297522,-4.373332652687484e-12,-0.11381894974360582,-0.21097112303201865
10.769999999999815,0.8614755180296816,-4.369201327129481e-12,-0.11381894974361151,-0.21097112303204882
10.779999999999815,0.861475518029611,-4.365062994980683e-12,-0.11381894974361728,-0.210971123032079
10.789999999999814,0.8614755180295405,-4.360923732998645e-12,-0.1138189497436228,-0.210971123032109
10.799999999999814,0.8614755180294701,-4.356800138066336e-12,-0.11381894974362823,-0.21097112303213908
10.809999999999814,0.8614755180293997,-4.352676893863502e-12,-0.1138189497436343,-0.2109711230321691
10.819999999999814,0.8614755180293294,-4.348557985280832e-12,-0.11381894974363929,-0.2109711230321991
10.829999999999814,0.8614755180292593,-4.344446619565125e-12,-0.11381894974364559,-0.210971123032229
10.839999999999813,0.8614755180291893,-4.340343928825472e-12,-0.11381894974365063,-0.2109711230322589
10.849999999999813,0.8614755180291193,-4.336248854783397e-12,-0.11381894974365622,-0.21097112303228877
10.859999999999813,0.8614755180290494,-4.3321488691642295e-12,-0.11381894974366177,-0.2109711230323186
10.869999999999813,0.8614755180289796,-4.328059335207879e-12,-0.11381894974366738,-0.2109711230323484
10.879999999999812,0.8614755180289101,-4.32397502581357e-12,-0.11381894974367279,-0.21097112303237814
10.889999999999812,0.8614755180288405,-4.319901970636602e-12,-0.11381894974367851,-0.21097112303240784
10.899999999999812,0.8614755180287711,-4.315829746454936e-12,-0.11381894974368387,-0.21097112303243748
10.909999999999812,0.8614755180287017,-4.31176890740259e-12,-0.11381894974368942,-0.21097112303246712
10.919999999999812,0.8614755180286324,-4.307711129718191e-12,-0.11381894974369476,-0.21097112303249674
10.929999999999811,0.8614755180285631,-4.303658925877019e-12,-0.11381894974370027,-0.21097112303252635
10.939999999999811,0.8614755180284942,-4.299602287395278e-12,-0.11381894974370593,-0.21097112303255586
10.949999999999811,0.8614755180284253,-4.2955496080573236e-12,-0.11381894974371143,-0.21097112303258533
10.95999999999981,0.8614755180283564,-4.291499689680223e-12,-0.11381894974371697,-0.21097112303261478
10.96999999999981,0.8614755180282876,-4.287455945010197e-12,-0.1138189497437228,-0.2109711230326442
10.97999999999981,0.8614755180282188,-4.283416149523805e-12,-0.11381894974372811,-0.2109711230326736
10.98999999999981,0.8614755180281501,-4.279378074958868e-12,-0.1138189497437338,-0.21097112303270296
10.99999999999981,0.8614755180280815,-4.275339270949935e-12,-0.11381894974373949,-0.21097112303273233
11.00999999999981,0.861475518028013,-4.271295801813226e-12,-0.11381894974374467,-0.21097112303276166
11.01999999999981,0.8614755180279445,-4.267247759744846e-12,-0.11381894974375131,-0.21097112303279092
11.02999999999981,0.8614755180278763,-4.263193959710276e-12,-0.11381894974375639,-0.21097112303282017
11.039999999999809,0.8614755180278079,-4.25913992709758e-12,-0.11381894974376168,-0.21097112303284937
11.049999999999809,0.8614755180277397,-4.255087257196676e-12,-0.11381894974376769,-0.21097112303287857
11.059999999999809,0.8614755180276715,-4.251036196688764e-12,-0.11381894974377345,-0.21097112303290771
11.069999999999808,0.8614755180276037,-4.2469748021940755e-12,-0.11381894974377917,-0.21097112303293677
11.079999999999808,0.8614755180275357,-4.242916802321747e-12,-0.11381894974378445,-0.21097112303296583
11.089999999999808,0.861475518027468,-4.238861455609994e-12,-0.11381894974379018,-0.2109711230329949
11.099999999999808,0.8614755180274003,-4.234805003523419e-12,-0.11381894974379586,-0.21097112303302393
11.109999999999808,0.8614755180273327,-4.2307380000494506e-12,-0.11381894974380169,-0.2109711230330529
11.119999999999807,0.8614755180272652,-4.226664370226505e-12,-0.11381894974380749,-0.21097112303308185
11.129999999999807,0.8614755180271977,-4.222590136878269e-12,-0.11381894974381339,-0.21097112303311072
11.139999999999807,0.8614755180271303,-4.2185131770698876e-12,-0.11381894974381904,-0.21097112303313958
11.149999999999807,0.861475518027063,-4.214430517125835e-12,-0.11381894974382441,-0.2109711230331684
11.159999999999807,0.8614755180269957,-4.210353670448495e-12,-0.11381894974383022,-0.2109711230331972
11.169999999999806,0.8614755180269287,-4.206279774644211e-12,-0.11381894974383604,-0.210971123033226
11.179999999999806,0.8614755180268615,-4.202197981581026e-12,-0.11381894974384182,-0.21097112303325474
11.189999999999806,0.8614755180267946,-4.198112808935691e-12,-0.1138189497438474,-0.21097112303328344
11.199999999999806,0.8614755180267277,-4.194027754738074e-12,-0.11381894974385312,-0.21097112303331209
11.209999999999805,0.8614755180266609,-4.189933083018579e-12,-0.11381894974385942,-0.21097112303334076
11.219999999999805,0.8614755180265941,-4.185831491522982e-12,-0.11381894974386536,-0.21097112303336937
11.229999999999805,0.8614755180265274,-4.181728242022426e-12,-0.11381894974387093,-0.2109711230333979
11.239999999999805,0.8614755180264609,-4.177629696952526e-12,-0.11381894974387681,-0.21097112303342638
11.249999999999805,0.8614755180263944,-4.1735408718862584e-12,-0.11381894974388246,-0.21097112303345492
11.259999999999804,0.861475518026328,-4.169449579470343e-12,-0.11381894974388806,-0.2109711230334834
11.269999999999804,0.8614755180262619,-4.165362570061758e-12,-0.1138189497438937,-0.2109711230335118
11.279999999999804,0.8614755180261957,-4.161286543682776e-12,-0.11381894974389942,-0.21097112303354018
11.289999999999804,0.8614755180261296,-4.157209162730756e-12,-0.11381894974390502,-0.21097112303356855
11.299999999999804,0.8614755180260636,-4.153131708918605e-12,-0.11381894974391088,-0.21097112303359689
11.309999999999803,0.8614755180259978,-4.14905955794131e-12,-0.11381894974391604,-0.21097112303362517
11.319999999999803,0.8614755180259318,-4.144994274259588e-12,-0.11381894974392191,-0.2109711230336534
11.329999999999803,0.8614755180258661,-4.140934075815607e-12,-0.11381894974392763,-0.21097112303368165
11.339999999999803,0.8614755180258004,-4.136874796795223e-12,-0.11381894974393347,-0.21097112303370985
11.349999999999802,0.8614755180257347,-4.132818753852497e-12,-0.11381894974393915,-0.210971123033738
11.359999999999802,0.8614755180256692,-4.128768658340146e-12,-0.11381894974394466,-0.2109711230337661
11.369999999999802,0.861475518025604,-4.124722758237577e-12,-0.11381894974395025,-0.21097112303379423
11.379999999999802,0.8614755180255386,-4.120681892041798e-12,-0.11381894974395601,-0.21097112303382226
11.389999999999802,0.8614755180254735,-4.116645880063365e-12,-0.11381894974396115,-0.21097112303385024
11.399999999999801,0.8614755180254083,-4.112619764439157e-12,-0.11381894974396659,-0.2109711230338782
11.409999999999801,0.8614755180253433,-4.108605456868729e-12,-0.11381894974397247,-0.21097112303390617
11.419999999999801,0.8614755180252783,-4.104586909520777e-12,-0.11381894974397772,-0.21097112303393406
11.4299999999998,0.8614755180252135,-4.100568201727733e-12,-0.11381894974398356,-0.21097112303396193
11.4399999999998,0.8614755180251488,-4.09655908521877e-12,-0.11381894974398929,-0.21097112303398982
11.4499999999998,0.861475518025084,-4.092553121884532e-12,-0.11381894974399462,-0.21097112303401763
11.4599999999998,0.8614755180250193,-4.0885456199551566e-12,-0.11381894974400064,-0.21097112303404544
11.4699999999998,0.8614755180249547,-4.084535021555413e-12,-0.11381894974400615,-0.2109711230340732
11.4799999999998,0.8614755180248902,-4.080530776738828e-12,-0.1138189497440118,-0.2109711230341009
11.4899999999998,0.8614755180248258,-4.076535166526344e-12,-0.11381894974401713,-0.21097112303412857
11.4999999999998,0.8614755180247615,-4.072541381655547e-12,-0.11381894974402273,-0.21097112303415624
11.509999999999799,0.8614755180246972,-4.068550246417728e-12,-0.11381894974402826,-0.21097112303418392
11.519999999999799,0.8614755180246331,-4.06455830283928e-12,-0.11381894974403436,-0.21097112303421153
11.529999999999799,0.861475518024569,-4.060562856264198e-12,-0.11381894974403964,-0.21097112303423907
11.539999999999798,0.861475518024505,-4.056570151760849e-12,-0.11381894974404544,-0.21097112303426663
11.549999999999798,0.861475518024441,-4.052572432744155e-12,-0.11381894974405098,-0.21097112303429416
11.559999999999798,0.8614755180243772,-4.048566567042177e-12,-0.11381894974405676,-0.21097112303432164
11.569999999999798,0.8614755180243133,-4.044559992147301e-12,-0.11381894974406248,-0.21097112303434906
11.579999999999798,0.8614755180242496,-4.040556625519537e-12,-0.11381894974406835,-0.21097112303437646
11.589999999999797,0.861475518024186,-4.036556465841025e-12,-0.11381894974407375,-0.21097112303440385
11.599999999999797,0.8614755180241225,-4.032545797829394e-12,-0.11381894974408036,-0.2109711230344312
11.609999999999797,0.861475518024059,-4.028534826463375e-12,-0.11381894974408562,-0.2109711230344585
11.619999999999797,0.8614755180239956,-4.024521559048778e-12,-0.11381894974409146,-0.2109711230344858
11.629999999999797,0.8614755180239323,-4.020502563683259e-12,-0.1138189497440972,-0.2109711230345131
11.639999999999796,0.861475518023869,-4.016475877420288e-12,-0.11381894974410323,-0.21097112303454033
11.649999999999796,0.861475518023806,-4.012438686856746e-12,-0.11381894974410862,-0.21097112303456747
11.659999999999796,0.8614755180237429,-4.0084074208354906e-12,-0.1138189497441148,-0.21097112303459464
11.669999999999796,0.8614755180236798,-4.004381967776429e-12,-0.11381894974412016,-0.21097112303462176
11.679999999999795,0.8614755180236169,-4.0003569399560685e-12,-0.11381894974412651,-0.21097112303464888
11.689999999999795,0.861475518023554,-3.9963177086738655e-12,-0.11381894974413173,-0.21097112303467594
11.699999999999795,0.8614755180234912,-3.9922887873616305e-12,-0.11381894974413767,-0.21097112303470297
11.709999999999795,0.8614755180234286,-3.988257897465193e-12,-0.11381894974414307,-0.21097112303472998
11.719999999999795,0.8614755180233659,-3.9842375458183344e-12,-0.1138189497441491,-0.210971123034757
11.729999999999794,0.8614755180233034,-3.980204675587067e-12,-0.11381894974415464,-0.2109711230347839
11.739999999999794,0.861475518023241,-3.976177163697567e-12,-0.11381894974416062,-0.21097112303481083
11.749999999999794,0.8614755180231786,-3.972156959361219e-12,-0.11381894974416627,-0.21097112303483767
11.759999999999794,0.8614755180231163,-3.968139727978656e-12,-0.11381894974417217,-0.21097112303486454
11.769999999999794,0.8614755180230541,-3.964121797693986e-12,-0.11381894974417751,-0.21097112303489132
11.779999999999793,0.861475518022992,-3.960105239816759e-12,-0.11381894974418313,-0.21097112303491808
11.789999999999793,0.86147551802293,-3.956103040989915e-12,-0.11381894974418902,-0.21097112303494484
11.799999999999793,0.861475518022868,-3.952093321583452e-12,-0.11381894974419476,-0.21097112303497156
11.809999999999793,0.8614755180228062,-3.948076598077669e-12,-0.11381894974420058,-0.21097112303499824
11.819999999999792,0.8614755180227445,-3.944059345936816e-12,-0.11381894974420641,-0.21097112303502485
11.829999999999792,0.8614755180226827,-3.940051573907037e-12,-0.11381894974421203,-0.21097112303505147
11.839999999999792,0.8614755180226211,-3.936047749580099e-12,-0.11381894974421733,-0.21097112303507803
11.849999999999792,0.8614755180225595,-3.932051753587599e-12,-0.11381894974422298,-0.21097112303510454
11.859999999999792,0.8614755180224981,-3.928064907016193e-12,-0.11381894974422861,-0.21097112303513105
11.869999999999791,0.8614755180224366,-3.9240807814960865e-12,-0.11381894974423422,-0.21097112303515747
11.879999999999791,0.8614755180223753,-3.920103984587419e-12,-0.11381894974423995,-0.21097112303518392
11.889999999999791,0.8614755180223141,-3.916128380179833e-12,-0.1138189497442454,-0.21097112303521035
11.89999999999979,0.8614755180222531,-3.912146645835805e-12,-0.11381894974425105,-0.21097112303523666
11.90999999999979,0.8614755180221921,-3.9081761994023085e-12,-0.11381894974425642,-0.21097112303526294
11.91999999999979,0.8614755180221312,-3.90422688701105e-12,-0.11381894974426209,-0.21097112303528917
11.92999999999979,0.8614755180220705,-3.900274798300482e-12,-0.1138189497442676,-0.21097112303531543
11.93999999999979,0.8614755180220096,-3.8963280876620575e-12,-0.11381894974427313,-0.21097112303534166
11.94999999999979,0.8614755180219491,-3.892382408219054e-12,-0.11381894974427888,-0.2109711230353678
11.95999999999979,0.8614755180218885,-3.888445805003199e-12,-0.11381894974428432,-0.21097112303539395
11.96999999999979,0.861475518021828,-3.884515307636201e-12,-0.11381894974429006,-0.21097112303542007
11.979999999999789,0.8614755180217676,-3.8805814893312644e-12,-0.11381894974429528,-0.21097112303544618
11.989999999999789,0.8614755180217073,-3.876647802555214e-12,-0.11381894974430079,-0.21097112303547222
11.999999999999789,0.8614755180216469,-3.872713102683817e-12,-0.11381894974430665,-0.21097112303549828
12.009999999999788,0.8614755180215866,-3.8687802460290085e-12,-0.11381894974431232,-0.21097112303552426
12.019999999999788,0.8614755180215264,-3.864848361658808e-12,-0.11381894974431814,-0.21097112303555027
12.029999999999788,0.8614755180214663,-3.860910076136458e-12,-0.1138189497443239,-0.21097112303557625
12.039999999999788,0.8614755180214062,-3.8569630906870424e-12,-0.11381894974432973,-0.21097112303560217
12.049999999999788,0.8614755180213463,-3.853011538859723e-12,-0.11381894974433543,-0.21097112303562804
12.059999999999787,0.8614755180212864,-3.8490618503927965e-12,-0.11381894974434129,-0.21097112303565393
12.069999999999787,0.8614755180212266,-3.845102981707344e-12,-0.11381894974434714,-0.21097112303567978
12.079999999999787,0.861475518021167,-3.841134213635755e-12,-0.11381894974435293,-0.21097112303570556
12.089999999999787,0.8614755180211073,-3.837161549822857e-12,-0.1138189497443588,-0.2109711230357313
12.099999999999786,0.8614755180210478,-3.8331861122820645e-12,-0.11381894974436452,-0.21097112303575702
12.109999999999786,0.8614755180209883,-3.829213078855076e-12,-0.11381894974437028,-0.21097112303578272
12.119999999999786,0.8614755180209289,-3.825239523560363e-12,-0.11381894974437587,-0.2109711230358084
12.129999999999786,0.8614755180208696,-3.821266080624988e-12,-0.11381894974438192,-0.210971123035834
12.139999999999786,0.8614755180208103,-3.8172886817323e-12,-0.11381894974438733,-0.21097112303585966
12.149999999999785,0.8614755180207512,-3.813307200090595e-12,-0.11381894974439312,-0.21097112303588522
12.159999999999785,0.8614755180206921,-3.809329820363025e-12,-0.11381894974439931,-0.21097112303591078
12.169999999999785,0.8614755180206333,-3.805348217729463e-12,-0.11381894974440479,-0.21097112303593624
12.179999999999785,0.8614755180205742,-3.801372940336437e-12,-0.1138189497444101,-0.21097112303596174
12.189999999999785,0.8614755180205154,-3.797399535184442e-12,-0.11381894974441588,-0.2109711230359872
12.199999999999784,0.8614755180204564,-3.793430948884202e-12,-0.11381894974442176,-0.21097112303601265
12.209999999999784,0.8614755180203977,-3.7894660617780544e-12,-0.11381894974442748,-0.21097112303603804
12.219999999999784,0.861475518020339,-3.785505269488579e-12,-0.1138189497444332,-0.2109711230360634
12.229999999999784,0.8614755180202804,-3.781544058405816e-12,-0.11381894974443887,-0.21097112303608875
12.239999999999783,0.8614755180202218,-3.777584387932324e-12,-0.11381894974444454,-0.2109711230361141
12.249999999999783,0.8614755180201634,-3.7736187802804184e-12,-0.11381894974445073,-0.21097112303613935
12.259999999999783,0.8614755180201051,-3.7696552925359665e-12,-0.11381894974445611,-0.21097112303616455
12.269999999999783,0.8614755180200468,-3.765704553391349e-12,-0.11381894974446179,-0.21097112303618973
12.279999999999783,0.8614755180199888,-3.761759772221439e-12,-0.11381894974446725,-0.21097112303621493
12.289999999999782,0.8614755180199306,-3.7578210765847796e-12,-0.11381894974447257,-0.21097112303624005
12.299999999999782,0.8614755180198725,-3.753887585807866e-12,-0.11381894974447829,-0.21097112303626517
12.309999999999782,0.8614755180198145,-3.749967852985527e-12,-0.11381894974448419,-0.21097112303629023
12.319999999999782,0.8614755180197565,-3.746038861062719e-12,-0.1138189497444899,-0.21097112303631532
12.329999999999782,0.8614755180196987,-3.7421078608633194e-12,-0.11381894974449552,-0.21097112303634036
12.339999999999781,0.8614755180196408,-3.738182319756372e-12,-0.11381894974450146,-0.2109711230363654
12.349999999999781,0.861475518019583,-3.734252635774365e-12,-0.11381894974450694,-0.2109711230363904
12.359999999999781,0.8614755180195254,-3.730325001607824e-12,-0.11381894974451255,-0.2109711230364153
12.36999999999978,0.8614755180194679,-3.7263985019978075e-12,-0.11381894974451823,-0.21097112303644017
12.37999999999978,0.8614755180194104,-3.722482706486199e-12,-0.11381894974452361,-0.21097112303646506
12.38999999999978,0.8614755180193528,-3.718566892552949e-12,-0.11381894974452955,-0.2109711230364899
12.39999999999978,0.8614755180192956,-3.714647321910827e-12,-0.11381894974453523,-0.21097112303651472
12.40999999999978,0.8614755180192384,-3.710737287037639e-12,-0.1138189497445411,-0.21097112303653953
12.41999999999978,0.8614755180191812,-3.706822669162143e-12,-0.1138189497445467,-0.2109711230365643
12.42999999999978,0.8614755180191243,-3.702915664721141e-12,-0.1138189497445518,-0.21097112303658896
12.43999999999978,0.8614755180190672,-3.699012409996985e-12,-0.11381894974455745,-0.21097112303661364
12.449999999999779,0.8614755180190103,-3.695113477084722e-12,-0.11381894974456302,-0.2109711230366383
12.459999999999779,0.8614755180189536,-3.691217282833777e-12,-0.11381894974456862,-0.21097112303666288
12.469999999999779,0.8614755180188968,-3.687329472040991e-12,-0.11381894974457415,-0.21097112303668747
12.479999999999778,0.8614755180188401,-3.6834464142161106e-12,-0.11381894974457987,-0.210971123036712
12.489999999999778,0.8614755180187835,-3.67956899374583e-12,-0.11381894974458574,-0.2109711230367366
12.499999999999778,0.861475518018727,-3.675685743357752e-12,-0.11381894974459111,-0.21097112303676105
12.509999999999778,0.8614755180186707,-3.671807426421036e-12,-0.11381894974459669,-0.2109711230367855
12.519999999999778,0.8614755180186142,-3.667938952855889e-12,-0.11381894974460195,-0.21097112303680995
12.529999999999777,0.8614755180185578,-3.664065521684468e-12,-0.11381894974460784,-0.21097112303683438
12.539999999999777,0.8614755180185015,-3.6601895903352546e-12,-0.1138189497446137,-0.21097112303685878
12.549999999999777,0.8614755180184454,-3.656314903111848e-12,-0.11381894974461879,-0.2109711230368831
12.559999999999777,0.8614755180183892,-3.652434375550524e-12,-0.11381894974462488,-0.2109711230369074
12.569999999999776,0.8614755180183332,-3.6485542500070874e-12,-0.11381894974463072,-0.21097112303693172
12.579999999999776,0.8614755180182773,-3.6446705185546656e-12,-0.1138189497446365,-0.21097112303695598
12.589999999999776,0.8614755180182214,-3.6407822428727564e-12,-0.1138189497446421,-0.2109711230369802
12.599999999999776,0.8614755180181657,-3.636898328365477e-12,-0.11381894974464764,-0.2109711230370044
12.609999999999776,0.86147551801811,-3.633013082004526e-12,-0.1138189497446537,-0.21097112303702859
12.619999999999775,0.8614755180180542,-3.629114841847312e-12,-0.11381894974465953,-0.21097112303705276
12.629999999999775,0.8614755180179985,-3.625213362383029e-12,-0.11381894974466526,-0.21097112303707688
12.639999999999775,0.861475518017943,-3.621315106078093e-12,-0.11381894974467069,-0.21097112303710097
12.649999999999775,0.8614755180178876,-3.6174244868461443e-12,-0.11381894974467596,-0.210971123037125
12.659999999999775,0.8614755180178322,-3.6135438947714303e-12,-0.11381894974468176,-0.21097112303714904
12.669999999999774,0.8614755180177769,-3.6096624865797515e-12,-0.11381894974468758,-0.21097112303717303
12.679999999999774,0.8614755180177216,-3.6057826263880344e-12,-0.11381894974469325,-0.21097112303719703
12.689999999999774,0.8614755180176664,-3.6019061235598015e-12,-0.1138189497446989,-0.21097112303722096
12.699999999999774,0.8614755180176111,-3.5980269331716502e-12,-0.11381894974470422,-0.21097112303724494
12.709999999999773,0.8614755180175561,-3.594146722247634e-12,-0.11381894974471006,-0.2109711230372688
12.719999999999773,0.8614755180175011,-3.5902692416266714e-12,-0.1138189497447158,-0.21097112303729268
12.729999999999773,0.8614755180174462,-3.5863940062615184e-12,-0.11381894974472159,-0.21097112303731647
12.739999999999773,0.8614755180173914,-3.5825254345625595e-12,-0.11381894974472692,-0.21097112303734028
12.749999999999773,0.8614755180173366,-3.57866032779345e-12,-0.11381894974473239,-0.21097112303736404
12.759999999999772,0.861475518017282,-3.574803957895976e-12,-0.11381894974473813,-0.2109711230373878
12.769999999999772,0.8614755180172271,-3.5709509670705348e-12,-0.1138189497447438,-0.2109711230374115
12.779999999999772,0.8614755180171725,-3.5671022333611474e-12,-0.11381894974474963,-0.21097112303743523
12.789999999999772,0.8614755180171181,-3.56323915409508e-12,-0.11381894974475522,-0.21097112303745885
12.799999999999772,0.8614755180170636,-3.5593890214825882e-12,-0.11381894974476059,-0.21097112303748247
12.809999999999771,0.8614755180170093,-3.5555459249625683e-12,-0.11381894974476617,-0.21097112303750604
12.819999999999771,0.8614755180169549,-3.5517195373470268e-12,-0.11381894974477143,-0.2109711230375296
12.829999999999771,0.8614755180169006,-3.5479002454754973e-12,-0.11381894974477713,-0.21097112303755314
12.83999999999977,0.8614755180168465,-3.544090589288212e-12,-0.11381894974478264,-0.21097112303757665
12.84999999999977,0.8614755180167923,-3.540277804398163e-12,-0.11381894974478811,-0.21097112303760016
12.85999999999977,0.8614755180167383,-3.5364654323555804e-12,-0.11381894974479398,-0.2109711230376236
12.86999999999977,0.8614755180166843,-3.532654604279121e-12,-0.1138189497447993,-0.21097112303764706
12.87999999999977,0.8614755180166304,-3.5288390632908654e-12,-0.11381894974480503,-0.21097112303767046
12.88999999999977,0.8614755180165765,-3.525019718621737e-12,-0.11381894974481085,-0.21097112303769386
12.89999999999977,0.8614755180165228,-3.521198733237945e-12,-0.11381894974481602,-0.21097112303771715
12.90999999999977,0.8614755180164693,-3.5173899147731902e-12,-0.11381894974482154,-0.21097112303774043
12.919999999999769,0.8614755180164155,-3.51359197478678e-12,-0.11381894974482709,-0.21097112303776372
12.929999999999769,0.8614755180163619,-3.5097966378129363e-12,-0.1138189497448325,-0.21097112303778698
12.939999999999769,0.8614755180163084,-3.506012526521765e-12,-0.11381894974483807,-0.21097112303781024
12.949999999999768,0.861475518016255,-3.5022281531285496e-12,-0.11381894974484347,-0.2109711230378334
12.959999999999768,0.8614755180162017,-3.4984489043286754e-12,-0.11381894974484871,-0.21097112303785656
12.969999999999768,0.8614755180161484,-3.494682431361786e-12,-0.11381894974485418,-0.21097112303787968
12.979999999999768,0.8614755180160951,-3.4909238160859087e-12,-0.11381894974485993,-0.2109711230379028
12.989999999999768,0.8614755180160418,-3.487156414691151e-12,-0.11381894974486553,-0.2109711230379258
12.999999999999767,0.8614755180159888,-3.4833913778661103e-12,-0.11381894974487075,-0.21097112303794885
13.009999999999767,0.8614755180159358,-3.479638944189577e-12,-0.11381894974487625,-0.21097112303797183
13.019999999999767,0.8614755180158828,-3.4758919471398954e-12,-0.11381894974488162,-0.2109711230379948
13.029999999999767,0.86147551801583,-3.4721402451136607e-12,-0.1138189497448875,-0.2109711230380178
13.039999999999766,0.8614755180157773,-3.4683884673964337e-12,-0.11381894974489269,-0.21097112303804066
13.049999999999766,0.8614755180157246,-3.4646430639855136e-12,-0.1138189497448978,-0.21097112303806356
13.059999999999766,0.861475518015672,-3.4609025605568653e-12,-0.11381894974490359,-0.21097112303808638
13.069999999999766,0.8614755180156194,-3.457158600277708e-12,-0.1138189497449096,-0.21097112303810922
13.079999999999766,0.861475518015567,-3.4534117411529763e-12,-0.11381894974491441,-0.210971123038132
13.089999999999765,0.8614755180155146,-3.449668805370359e-12,-0.11381894974492009,-0.21097112303815474
13.099999999999765,0.8614755180154624,-3.4459360789668e-12,-0.11381894974492518,-0.21097112303817744
13.109999999999765,0.86147551801541,-3.4422057853952124e-12,-0.11381894974493091,-0.21097112303820018
13.119999999999765,0.8614755180153578,-3.4384698079732968e-12,-0.11381894974493656,-0.2109711230382229
13.129999999999765,0.8614755180153056,-3.434734650480973e-12,-0.11381894974494214,-0.21097112303824553
13.139999999999764,0.8614755180152536,-3.4310016943888514e-12,-0.11381894974494766,-0.21097112303826815
13.149999999999764,0.8614755180152017,-3.427276460047533e-12,-0.11381894974495291,-0.21097112303829071
13.159999999999764,0.8614755180151497,-3.4235586161005855e-12,-0.11381894974495863,-0.21097112303831334
13.169999999999764,0.8614755180150977,-3.419838147439096e-12,-0.11381894974496365,-0.21097112303833593
13.179999999999763,0.861475518015046,-3.4161144309775102e-12,-0.11381894974496895,-0.21097112303835844
13.189999999999763,0.8614755180149942,-3.412391560592973e-12,-0.1138189497449747,-0.2109711230383809
13.199999999999763,0.8614755180149426,-3.4086855082939073e-12,-0.11381894974497979,-0.21097112303840332
13.209999999999763,0.8614755180148911,-3.4049895252941364e-12,-0.1138189497449852,-0.21097112303842575
13.219999999999763,0.8614755180148395,-3.4012892390545283e-12,-0.11381894974499063,-0.2109711230384482
13.229999999999762,0.8614755180147879,-3.397594187033367e-12,-0.11381894974499586,-0.2109711230384706
13.239999999999762,0.8614755180147365,-3.3938998922800266e-12,-0.11381894974500137,-0.21097112303849294
13.249999999999762,0.8614755180146852,-3.390209488858632e-12,-0.11381894974500618,-0.21097112303851526
13.259999999999762,0.8614755180146341,-3.3865251003446363e-12,-0.11381894974501237,-0.2109711230385376
13.269999999999762,0.8614755180145828,-3.3828447497179335e-12,-0.11381894974501755,-0.2109711230385599
13.279999999999761,0.8614755180145316,-3.3791652122004137e-12,-0.11381894974502264,-0.21097112303858212
13.289999999999761,0.8614755180144805,-3.375483965644182e-12,-0.11381894974502815,-0.21097112303860435
13.299999999999761,0.8614755180144296,-3.371805047984294e-12,-0.11381894974503344,-0.21097112303862653
13.30999999999976,0.8614755180143787,-3.368146086680824e-12,-0.1138189497450387,-0.21097112303864868
13.31999999999976,0.8614755180143278,-3.3644836672784838e-12,-0.11381894974504428,-0.21097112303867083
13.32999999999976,0.8614755180142769,-3.360817527989234e-12,-0.11381894974504998,-0.21097112303869298
13.33999999999976,0.861475518014226,-3.3571455321071422e-12,-0.11381894974505552,-0.2109711230387151
13.34999999999976,0.8614755180141753,-3.353465671170848e-12,-0.11381894974506038,-0.21097112303873716
13.35999999999976,0.8614755180141248,-3.3497930271247715e-12,-0.11381894974506604,-0.2109711230387592
13.36999999999976,0.8614755180140742,-3.3461146654507185e-12,-0.11381894974507192,-0.21097112303878127
13.37999999999976,0.8614755180140236,-3.3424346337569223e-12,-0.11381894974507739,-0.21097112303880328
13.389999999999759,0.861475518013973,-3.338755338177218e-12,-0.11381894974508242,-0.2109711230388252
13.399999999999759,0.8614755180139226,-3.335080958781773e-12,-0.11381894974508792,-0.21097112303884716
13.409999999999759,0.8614755180138725,-3.3314074988565177e-12,-0.1138189497450933,-0.21097112303886903
13.419999999999758,0.861475518013822,-3.3277429706895544e-12,-0.11381894974509858,-0.21097112303889096
13.429999999999758,0.8614755180137719,-3.324080826312189e-12,-0.11381894974510379,-0.21097112303891283
13.439999999999758,0.8614755180137216,-3.3204216287574177e-12,-0.11381894974510925,-0.21097112303893464
13.449999999999758,0.8614755180136716,-3.316763132038034e-12,-0.11381894974511493,-0.2109711230389565
13.459999999999757,0.8614755180136217,-3.313104166556012e-12,-0.11381894974511986,-0.21097112303897825
13.469999999999757,0.8614755180135717,-3.309453872457141e-12,-0.11381894974512571,-0.21097112303900004
13.479999999999757,0.8614755180135217,-3.3057983193263946e-12,-0.1138189497451312,-0.21097112303902177
13.489999999999757,0.8614755180134719,-3.3021566216215676e-12,-0.11381894974513651,-0.21097112303904345
13.499999999999757,0.8614755180134221,-3.2985159816588036e-12,-0.11381894974514185,-0.21097112303906515
13.509999999999756,0.8614755180133725,-3.294871983654477e-12,-0.113818949745147,-0.21097112303908674
13.519999999999756,0.8614755180133228,-3.291233861259385e-12,-0.11381894974515275,-0.2109711230391084
13.529999999999756,0.8614755180132732,-3.287594652639531e-12,-0.11381894974515794,-0.21097112303913002
13.539999999999756,0.8614755180132236,-3.283959954968766e-12,-0.11381894974516306,-0.21097112303915155
13.549999999999756,0.8614755180131742,-3.2803304315247815e-12,-0.1138189497451687,-0.21097112303917315
13.559999999999755,0.8614755180131249,-3.2766950268994283e-12,-0.11381894974517387,-0.21097112303919469
13.569999999999755,0.8614755180130756,-3.273059371403003e-12,-0.11381894974517984,-0.21097112303921617
13.579999999999755,0.8614755180130264,-3.2694168241320967e-12,-0.11381894974518487,-0.21097112303923762
13.589999999999755,0.8614755180129772,-3.265772108312581e-12,-0.11381894974519043,-0.21097112303925902
13.599999999999755,0.861475518012928,-3.26213013792827e-12,-0.11381894974519619,-0.21097112303928048
13.609999999999754,0.861475518012879,-3.2584789843300285e-12,-0.11381894974520149,-0.21097112303930185
13.619999999999754,0.8614755180128301,-3.2548323241770202e-12,-0.11381894974520673,-0.21097112303932317
13.629999999999754,0.861475518012781,-3.2511796480649532e-12,-0.1138189497452126,-0.21097112303934448
13.639999999999754,0.8614755180127321,-3.247527580129562e-12,-0.11381894974521815,-0.2109711230393658
13.649999999999753,0.8614755180126833,-3.243871394344575e-12,-0.11381894974522394,-0.21097112303938712
13.659999999999753,0.8614755180126346,-3.2402060415121036e-12,-0.11381894974522876,-0.21097112303940838
13.669999999999753,0.8614755180125859,-3.236545152871866e-12,-0.11381894974523428,-0.21097112303942955
13.679999999999753,0.8614755180125372,-3.2328941379769806e-12,-0.11381894974523986,-0.21097112303945076
13.689999999999753,0.8614755180124887,-3.2292429963767565e-12,-0.11381894974524484,-0.2109711230394719
13.699999999999752,0.8614755180124404,-3.2256100057181514e-12,-0.11381894974525007,-0.21097112303949303
13.709999999999752,0.8614755180123919,-3.221980046122867e-12,-0.11381894974525553,-0.21097112303951412
13.719999999999752,0.8614755180123437,-3.2183587578121463e-12,-0.11381894974526069,-0.21097112303953516
13.729999999999752,0.8614755180122955,-3.214748814618723e-12,-0.11381894974526593,-0.2109711230395562
13.739999999999752,0.8614755180122473,-3.2111443764465697e-12,-0.11381894974527121,-0.21097112303957727
13.749999999999751,0.8614755180121992,-3.207540720554816e-12,-0.1138189497452769,-0.21097112303959828
13.759999999999751,0.861475518012151,-3.203933819741802e-12,-0.11381894974528235,-0.21097112303961926
13.76999999999975,0.8614755180121031,-3.2003264018887222e-12,-0.11381894974528747,-0.21097112303964022
13.77999999999975,0.8614755180120552,-3.196730144560052e-12,-0.11381894974529255,-0.2109711230396611
13.78999999999975,0.8614755180120074,-3.193144343388075e-12,-0.11381894974529802,-0.21097112303968196
13.79999999999975,0.8614755180119597,-3.189567072417332e-12,-0.11381894974530297,-0.2109711230397028
13.80999999999975,0.8614755180119119,-3.185991735778759e-12,-0.11381894974530817,-0.21097112303972362
13.81999999999975,0.8614755180118642,-3.182430798449668e-12,-0.11381894974531334,-0.21097112303974444
13.82999999999975,0.8614755180118168,-3.1788732655554954e-12,-0.11381894974531842,-0.21097112303976523
13.83999999999975,0.8614755180117691,-3.1753244189243774e-12,-0.11381894974532403,-0.21097112303978602
13.84999999999975,0.8614755180117216,-3.1717758614250276e-12,-0.11381894974532883,-0.21097112303980675
13.859999999999749,0.8614755180116742,-3.168235484819186e-12,-0.1138189497453343,-0.21097112303982746
13.869999999999749,0.8614755180116268,-3.16469079818356e-12,-0.1138189497453396,-0.21097112303984816
13.879999999999749,0.8614755180115795,-3.1611390251793345e-12,-0.11381894974534473,-0.21097112303986884
13.889999999999748,0.8614755180115323,-3.1575918347675812e-12,-0.1138189497453498,-0.21097112303988946
13.899999999999748,0.8614755180114851,-3.1540462029528426e-12,-0.11381894974535492,-0.21097112303991006
13.909999999999748,0.861475518011438,-3.15051006804731e-12,-0.11381894974536055,-0.21097112303993065
13.919999999999748,0.8614755180113909,-3.146975562082578e-12,-0.1138189497453656,-0.2109711230399512
13.929999999999747,0.8614755180113438,-3.143450181096471e-12,-0.1138189497453706,-0.21097112303997176
13.939999999999747,0.8614755180112968,-3.1399206334819574e-12,-0.11381894974537606,-0.2109711230399923
13.949999999999747,0.86147551801125,-3.1363962997674994e-12,-0.1138189497453812,-0.21097112304001278
13.959999999999747,0.8614755180112031,-3.1328721342521434e-12,-0.11381894974538635,-0.21097112304003324
13.969999999999747,0.8614755180111563,-3.129355885051035e-12,-0.11381894974539172,-0.2109711230400537
13.979999999999746,0.8614755180111096,-3.125837126492321e-12,-0.1138189497453967,-0.21097112304007412
13.989999999999746,0.8614755180110628,-3.12231947998271e-12,-0.11381894974540233,-0.21097112304009455
13.999999999999746,0.8614755180110163,-3.118804964458097e-12,-0.11381894974540699,-0.21097112304011487
14.009999999999746,0.8614755180109698,-3.11530226925892e-12,-0.11381894974541215,-0.21097112304013524
14.019999999999746,0.8614755180109233,-3.1118051501899016e-12,-0.11381894974541737,-0.2109711230401555
14.029999999999745,0.8614755180108769,-3.10831921161509e-12,-0.11381894974542245,-0.2109711230401758
14.039999999999745,0.8614755180108304,-3.1048341021724826e-12,-0.1138189497454276,-0.21097112304019608
14.049999999999745,0.861475518010784,-3.101347414264807e-12,-0.11381894974543308,-0.21097112304021634
14.059999999999745,0.861475518010738,-3.0978582844899973e-12,-0.11381894974543821,-0.21097112304023652
14.069999999999744,0.8614755180106917,-3.094376684862853e-12,-0.11381894974544296,-0.21097112304025673
14.079999999999744,0.8614755180106456,-3.090899009037441e-12,-0.11381894974544857,-0.2109711230402769
14.089999999999744,0.8614755180105995,-3.08742322187785e-12,-0.11381894974545358,-0.21097112304029703
14.099999999999744,0.8614755180105534,-3.083940956049503e-12,-0.1138189497454586,-0.21097112304031715
14.109999999999744,0.8614755180105075,-3.0804592696976713e-12,-0.113818949745464,-0.21097112304033727
14.119999999999743,0.8614755180104615,-3.076979697488004e-12,-0.11381894974546904,-0.21097112304035734
14.129999999999743,0.8614755180104157,-3.0734992291979567e-12,-0.11381894974547449,-0.21097112304037738
14.139999999999743,0.8614755180103699,-3.070019207935851e-12,-0.11381894974547963,-0.2109711230403974
14.149999999999743,0.8614755180103241,-3.0665267497638973e-12,-0.11381894974548545,-0.21097112304041743
14.159999999999743,0.8614755180102784,-3.063030177146636e-12,-0.11381894974549056,-0.2109711230404374
14.169999999999742,0.8614755180102328,-3.0595281636710532e-12,-0.11381894974549579,-0.21097112304045731
14.179999999999742,0.8614755180101872,-3.056036340340231e-12,-0.11381894974550111,-0.21097112304047722
14.189999999999742,0.8614755180101417,-3.0525435544322816e-12,-0.11381894974550613,-0.2109711230404971
14.199999999999742,0.8614755180100963,-3.0490580178804536e-12,-0.1138189497455113,-0.2109711230405169
14.209999999999742,0.8614755180100508,-3.045573516421042e-12,-0.1138189497455163,-0.2109711230405367
14.219999999999741,0.8614755180100055,-3.042091555869716e-12,-0.11381894974552159,-0.21097112304055649
14.229999999999741,0.8614755180099601,-3.038616879265895e-12,-0.11381894974552667,-0.2109711230405763
14.23999999999974,0.861475518009915,-3.035148885619829e-12,-0.11381894974553183,-0.210971123040596
14.24999999999974,0.8614755180098699,-3.0316867165082597e-12,-0.11381894974553702,-0.21097112304061574
14.25999999999974,0.8614755180098247,-3.0282297695037505e-12,-0.11381894974554196,-0.21097112304063545
14.26999999999974,0.8614755180097796,-3.0247739348732784e-12,-0.11381894974554722,-0.21097112304065516
14.27999999999974,0.8614755180097347,-3.021323545901647e-12,-0.11381894974555225,-0.21097112304067478
14.28999999999974,0.8614755180096896,-3.0178817421905364e-12,-0.11381894974555734,-0.21097112304069443
14.29999999999974,0.8614755180096446,-3.0144417714745785e-12,-0.11381894974556253,-0.210971123040714
14.30999999999974,0.8614755180095999,-3.0110000569816136e-12,-0.11381894974556758,-0.21097112304073357
14.31999999999974,0.8614755180095551,-3.0075724252928188e-12,-0.11381894974557286,-0.2109711230407531
14.329999999999739,0.8614755180095104,-3.0041492152916237e-12,-0.11381894974557816,-0.21097112304077262
14.339999999999739,0.8614755180094658,-3.0007306758711253e-12,-0.11381894974558306,-0.21097112304079216
14.349999999999739,0.8614755180094211,-2.997307601178353e-12,-0.11381894974558794,-0.21097112304081164
14.359999999999738,0.8614755180093767,-2.9938935782506287e-12,-0.11381894974559334,-0.2109711230408311
14.369999999999738,0.8614755180093323,-2.9904806511562644e-12,-0.11381894974559803,-0.21097112304085053
14.379999999999738,0.8614755180092879,-2.987078501586757e-12,-0.11381894974560294,-0.21097112304086993
14.389999999999738,0.8614755180092436,-2.983675773191811e-12,-0.11381894974560806,-0.2109711230408893
14.399999999999737,0.8614755180091994,-2.980283895792969e-12,-0.11381894974561307,-0.21097112304090865
14.409999999999737,0.8614755180091552,-2.9769013090623718e-12,-0.11381894974561804,-0.21097112304092794
14.419999999999737,0.8614755180091113,-2.9735189240805595e-12,-0.11381894974562305,-0.2109711230409472
14.429999999999737,0.8614755180090672,-2.9701448270999148e-12,-0.11381894974562798,-0.21097112304096646
14.439999999999737,0.8614755180090232,-2.9667812442212677e-12,-0.1138189497456326,-0.2109711230409857
14.449999999999736,0.8614755180089793,-2.963429607175572e-12,-0.11381894974563778,-0.21097112304100493
14.459999999999736,0.8614755180089355,-2.9600751751473703e-12,-0.11381894974564251,-0.2109711230410241
14.469999999999736,0.8614755180088915,-2.9567261872229348e-12,-0.11381894974564785,-0.21097112304104335
14.479999999999736,0.8614755180088479,-2.953378249061493e-12,-0.1138189497456527,-0.21097112304106247
14.489999999999736,0.8614755180088043,-2.9500372641201914e-12,-0.11381894974565712,-0.2109711230410816
14.499999999999735,0.8614755180087605,-2.9467002954750605e-12,-0.11381894974566237,-0.21097112304110072
14.509999999999735,0.861475518008717,-2.9433692074302417e-12,-0.11381894974566728,-0.21097112304111984
14.519999999999735,0.8614755180086735,-2.9400332865501263e-12,-0.11381894974567232,-0.21097112304113885
14.529999999999735,0.8614755180086299,-2.9367097059588287e-12,-0.1138189497456775,-0.21097112304115795
14.539999999999734,0.8614755180085865,-2.9333794740027702e-12,-0.11381894974568207,-0.21097112304117693
14.549999999999734,0.8614755180085433,-2.9300578226188755e-12,-0.11381894974568645,-0.2109711230411959
14.559999999999734,0.8614755180084999,-2.926748230887969e-12,-0.1138189497456917,-0.2109711230412149
14.569999999999734,0.8614755180084566,-2.9234394037313564e-12,-0.11381894974569662,-0.21097112304123386
14.579999999999734,0.8614755180084134,-2.920125292086761e-12,-0.11381894974570175,-0.2109711230412528
14.589999999999733,0.8614755180083701,-2.916808695378905e-12,-0.11381894974570654,-0.21097112304127172
14.599999999999733,0.861475518008327,-2.9134952868144985e-12,-0.11381894974571152,-0.2109711230412906
14.609999999999733,0.861475518008284,-2.910192854815777e-12,-0.11381894974571635,-0.21097112304130944
14.619999999999733,0.861475518008241,-2.9068960064254487e-12,-0.11381894974572168,-0.2109711230413283
14.629999999999733,0.861475518008198,-2.903592425798432e-12,-0.11381894974572662,-0.21097112304134719
14.639999999999732,0.8614755180081551,-2.900279889351081e-12,-0.1138189497457314,-0.21097112304136598
14.649999999999732,0.8614755180081123,-2.8969718040800334e-12,-0.11381894974573643,-0.21097112304138474
14.659999999999732,0.8614755180080695,-2.8936714370099756e-12,-0.11381894974574105,-0.21097112304140347
14.669999999999732,0.8614755180080269,-2.8903824142362334e-12,-0.11381894974574622,-0.21097112304142218
14.679999999999731,0.8614755180079842,-2.887094557057837e-12,-0.1138189497457511,-0.21097112304144092
14.689999999999731,0.8614755180079415,-2.8837976936497916e-12,-0.11381894974575574,-0.2109711230414596
14.699999999999731,0.861475518007899,-2.880502543648235e-12,-0.1138189497457607,-0.21097112304147825
14.70999999999973,0.8614755180078564,-2.8772051120749544e-12,-0.11381894974576603,-0.21097112304149693
14.71999999999973,0.861475518007814,-2.8739062559685367e-12,-0.11381894974577124,-0.21097112304151555
14.72999999999973,0.8614755180077717,-2.8706056983478133e-12,-0.11381894974577585,-0.2109711230415341
14.73999999999973,0.8614755180077294,-2.8673136815020955e-12,-0.11381894974578118,-0.2109711230415527
14.74999999999973,0.861475518007687,-2.8640091408155204e-12,-0.11381894974578595,-0.21097112304157126
14.75999999999973,0.8614755180076448,-2.860697756848272e-12,-0.11381894974579111,-0.21097112304158974
14.76999999999973,0.8614755180076026,-2.8573816567504597e-12,-0.11381894974579623,-0.21097112304160828
14.77999999999973,0.8614755180075603,-2.8540710359178765e-12,-0.11381894974580095,-0.21097112304162674
14.78999999999973,0.8614755180075183,-2.8507648687176148e-12,-0.11381894974580624,-0.2109711230416452
14.799999999999729,0.8614755180074762,-2.8474524913293924e-12,-0.11381894974581118,-0.2109711230416636
14.809999999999729,0.8614755180074343,-2.844148970527159e-12,-0.11381894974581663,-0.21097112304168203
14.819999999999729,0.8614755180073923,-2.8408417540051742e-12,-0.11381894974582102,-0.2109711230417004
14.829999999999728,0.8614755180073504,-2.8375336244792724e-12,-0.11381894974582607,-0.21097112304171878
14.839999999999728,0.8614755180073085,-2.834230260159796e-12,-0.11381894974583122,-0.21097112304173718
14.849999999999728,0.8614755180072668,-2.83091691225685e-12,-0.11381894974583617,-0.21097112304175547
14.859999999999728,0.8614755180072251,-2.8276101854524344e-12,-0.11381894974584134,-0.21097112304177376
14.869999999999727,0.8614755180071835,-2.8243061316299365e-12,-0.11381894974584629,-0.21097112304179202
14.879999999999727,0.8614755180071418,-2.8210090471319255e-12,-0.11381894974585098,-0.21097112304181026
14.889999999999727,0.8614755180071002,-2.8177129188869577e-12,-0.11381894974585574,-0.21097112304182847
14.899999999999727,0.8614755180070586,-2.8144278861086327e-12,-0.11381894974586106,-0.21097112304184668
14.909999999999727,0.8614755180070173,-2.811134249888829e-12,-0.11381894974586593,-0.21097112304186486
14.919999999999726,0.8614755180069759,-2.807839395930446e-12,-0.11381894974587081,-0.210971123041883
14.929999999999726,0.8614755180069344,-2.804544842634555e-12,-0.11381894974587578,-0.21097112304190113
14.939999999999726,0.8614755180068931,-2.801254031982811e-12,-0.11381894974588094,-0.21097112304191926
14.949999999999726,0.8614755180068521,-2.7979705854186084e-12,-0.11381894974588579,-0.21097112304193735
14.959999999999726,0.8614755180068108,-2.794680897095399e-12,-0.1138189497458908,-0.21097112304195545
14.969999999999725,0.8614755180067696,-2.7913871289715516e-12,-0.11381894974589607,-0.2109711230419735
14.979999999999725,0.8614755180067286,-2.7881045620799373e-12,-0.11381894974590093,-0.21097112304199145
14.989999999999725,0.8614755180066875,-2.7848301714040072e-12,-0.11381894974590562,-0.21097112304200946
14.999999999999725,0.8614755180066466,-2.7815575314839848e-12,-0.11381894974591086,-0.21097112304202745
15.009999999999724,0.8614755180066057,-2.778283509255908e-12,-0.11381894974591525,-0.21097112304204535
15.019999999999724,0.8614755180065647,-2.7750162986207203e-12,-0.11381894974592079,-0.21097112304206334
15.029999999999724,0.8614755180065239,-2.7717431949634975e-12,-0.11381894974592545,-0.21097112304208124
15.039999999999724,0.8614755180064833,-2.7684710255027416e-12,-0.11381894974593049,-0.21097112304209908
15.049999999999724,0.8614755180064425,-2.765214608415527e-12,-0.1138189497459351,-0.21097112304211696
15.059999999999723,0.8614755180064018,-2.7619616287594274e-12,-0.11381894974593999,-0.2109711230421348
15.069999999999723,0.8614755180063612,-2.7587060801006414e-12,-0.1138189497459447,-0.2109711230421526
15.079999999999723,0.8614755180063206,-2.7554617948943802e-12,-0.11381894974594964,-0.2109711230421704
15.089999999999723,0.8614755180062801,-2.7522247722878433e-12,-0.11381894974595455,-0.21097112304218812
15.099999999999723,0.8614755180062397,-2.7489929690586885e-12,-0.11381894974595905,-0.2109711230422059
15.109999999999722,0.8614755180061991,-2.7457658540274705e-12,-0.11381894974596425,-0.21097112304222362
15.119999999999722,0.8614755180061588,-2.742537381258851e-12,-0.11381894974596911,-0.2109711230422413
15.129999999999722,0.8614755180061187,-2.7393168507826242e-12,-0.11381894974597367,-0.21097112304225896
15.139999999999722,0.8614755180060782,-2.7361111251944937e-12,-0.11381894974597864,-0.21097112304227664
15.149999999999721,0.861475518006038,-2.732911187139598e-12,-0.11381894974598321,-0.2109711230422943
15.159999999999721,0.8614755180059979,-2.7297112403336465e-12,-0.11381894974598786,-0.21097112304231194
15.169999999999721,0.8614755180059578,-2.726513053321005e-12,-0.11381894974599302,-0.21097112304232954
15.17999999999972,0.8614755180059179,-2.723316164201662e-12,-0.11381894974599734,-0.21097112304234703
15.18999999999972,0.861475518005878,-2.720142437340178e-12,-0.11381894974600201,-0.21097112304236454
15.19999999999972,0.8614755180058382,-2.716979475661595e-12,-0.1138189497460064,-0.210971123042382
15.20999999999972,0.8614755180057984,-2.713832583641037e-12,-0.11381894974601144,-0.2109711230423995
15.21999999999972,0.8614755180057586,-2.7106792011400284e-12,-0.11381894974601596,-0.21097112304241697
15.22999999999972,0.8614755180057189,-2.707525165495584e-12,-0.11381894974602072,-0.21097112304243443
15.23999999999972,0.8614755180056792,-2.7043758669788416e-12,-0.1138189497460256,-0.21097112304245186
15.24999999999972,0.8614755180056397,-2.701225634333405e-12,-0.1138189497460301,-0.21097112304246923
15.25999999999972,0.8614755180056002,-2.6980882609436287e-12,-0.11381894974603465,-0.2109711230424866
15.269999999999719,0.8614755180055605,-2.6949540695212737e-12,-0.11381894974603973,-0.21097112304250398
15.279999999999719,0.8614755180055211,-2.6918205031345973e-12,-0.11381894974604441,-0.21097112304252136
15.289999999999718,0.8614755180054817,-2.6886860560776175e-12,-0.11381894974604904,-0.21097112304253868
15.299999999999718,0.8614755180054423,-2.68554924495074e-12,-0.11381894974605355,-0.210971123042556
15.309999999999718,0.861475518005403,-2.682425964215273e-12,-0.113818949746058,-0.21097112304257323
15.319999999999718,0.8614755180053639,-2.6793116095353156e-12,-0.1138189497460631,-0.21097112304259047
15.329999999999718,0.8614755180053247,-2.6762058250404325e-12,-0.11381894974606721,-0.21097112304260768
15.339999999999717,0.8614755180052855,-2.67310027443149e-12,-0.11381894974607178,-0.2109711230426249
15.349999999999717,0.8614755180052464,-2.669992732364296e-12,-0.11381894974607693,-0.2109711230426421
15.359999999999717,0.8614755180052073,-2.666888038425237e-12,-0.11381894974608142,-0.21097112304265928
15.369999999999717,0.8614755180051682,-2.663783907295984e-12,-0.11381894974608632,-0.21097112304267643
15.379999999999717,0.8614755180051292,-2.6606710364629425e-12,-0.11381894974609094,-0.21097112304269355
15.389999999999716,0.8614755180050904,-2.657558776216736e-12,-0.11381894974609595,-0.21097112304271065
15.399999999999716,0.8614755180050516,-2.6544475681434374e-12,-0.11381894974610056,-0.21097112304272775
15.409999999999716,0.8614755180050128,-2.651334093604291e-12,-0.11381894974610533,-0.21097112304274485
15.419999999999716,0.861475518004974,-2.6482212840858425e-12,-0.11381894974610944,-0.2109711230427619
15.429999999999715,0.8614755180049353,-2.645104830876995e-12,-0.11381894974611474,-0.2109711230427789
15.439999999999715,0.8614755180048966,-2.64198621433398e-12,-0.11381894974611954,-0.21097112304279586
15.449999999999715,0.8614755180048581,-2.6388798392120664e-12,-0.11381894974612392,-0.21097112304281282
15.459999999999715,0.8614755180048196,-2.635765899427573e-12,-0.11381894974612886,-0.21097112304282978
15.469999999999715,0.8614755180047811,-2.632655591263923e-12,-0.11381894974613346,-0.2109711230428467
15.479999999999714,0.8614755180047424,-2.629536793932168e-12,-0.11381894974613829,-0.21097112304286364
15.489999999999714,0.861475518004704,-2.6264234321787487e-12,-0.11381894974614293,-0.21097112304288054
15.499999999999714,0.8614755180046657,-2.6233071189599712e-12,-0.11381894974614767,-0.21097112304289736
15.509999999999714,0.8614755180046274,-2.62018855801418e-12,-0.11381894974615257,-0.21097112304291427
15.519999999999714,0.8614755180045891,-2.6170730115793694e-12,-0.11381894974615717,-0.21097112304293109
15.529999999999713,0.8614755180045509,-2.613961333390763e-12,-0.11381894974616184,-0.2109711230429479
15.539999999999713,0.8614755180045127,-2.6108578092991422e-12,-0.11381894974616648,-0.2109711230429647
15.549999999999713,0.8614755180044745,-2.607756850570732e-12,-0.11381894974617088,-0.2109711230429814
15.559999999999713,0.8614755180044364,-2.604670735942946e-12,-0.11381894974617547,-0.21097112304299812
15.569999999999713,0.8614755180043984,-2.601588821128584e-12,-0.11381894974618001,-0.2109711230430148
15.579999999999712,0.8614755180043605,-2.5985163296956943e-12,-0.1138189497461844,-0.21097112304303145
15.589999999999712,0.8614755180043225,-2.5954555369674235e-12,-0.11381894974618878,-0.2109711230430481
15.599999999999712,0.8614755180042848,-2.5923992317500435e-12,-0.11381894974619332,-0.21097112304306476
15.609999999999712,0.8614755180042468,-2.5893523377067505e-12,-0.11381894974619801,-0.21097112304308138
15.619999999999711,0.8614755180042091,-2.586311104741331e-12,-0.11381894974620295,-0.21097112304309798
15.629999999999711,0.8614755180041713,-2.5832757955700737e-12,-0.11381894974620724,-0.21097112304311458
15.639999999999711,0.8614755180041335,-2.58023977901345e-12,-0.11381894974621179,-0.21097112304313115
15.64999999999971,0.8614755180040959,-2.5772082470895483e-12,-0.11381894974621584,-0.2109711230431477
15.65999999999971,0.8614755180040583,-2.57418752151899e-12,-0.11381894974622085,-0.2109711230431642
15.66999999999971,0.8614755180040208,-2.5711727420421354e-12,-0.11381894974622495,-0.21097112304318066
15.67999999999971,0.8614755180039834,-2.568165452746582e-12,-0.1138189497462298,-0.21097112304319712
15.68999999999971,0.8614755180039458,-2.5651644005135423e-12,-0.11381894974623441,-0.21097112304321358
15.69999999999971,0.8614755180039084,-2.5621616313363026e-12,-0.11381894974623913,-0.21097112304323004
15.70999999999971,0.8614755180038709,-2.5591471405609407e-12,-0.11381894974624374,-0.21097112304324647
15.71999999999971,0.8614755180038337,-2.556137185456504e-12,-0.11381894974624807,-0.21097112304326285
15.729999999999709,0.8614755180037965,-2.55313798209128e-12,-0.11381894974625258,-0.2109711230432792
15.739999999999709,0.8614755180037593,-2.550138788310175e-12,-0.11381894974625713,-0.21097112304329554
15.749999999999709,0.8614755180037221,-2.5471493660887184e-12,-0.11381894974626128,-0.2109711230433119
15.759999999999708,0.8614755180036849,-2.5441626349906703e-12,-0.11381894974626622,-0.21097112304332824
15.769999999999708,0.8614755180036479,-2.5411736586873826e-12,-0.1138189497462708,-0.21097112304334453
15.779999999999708,0.8614755180036108,-2.538186993659741e-12,-0.1138189497462751,-0.21097112304336088
15.789999999999708,0.8614755180035738,-2.53519764836299e-12,-0.1138189497462797,-0.21097112304337715
15.799999999999708,0.8614755180035369,-2.5322137462426665e-12,-0.11381894974628405,-0.21097112304339333
15.809999999999707,0.8614755180035001,-2.5292440907490533e-12,-0.11381894974628858,-0.21097112304340948
15.819999999999707,0.8614755180034632,-2.5262855130770513e-12,-0.11381894974629263,-0.2109711230434257
15.829999999999707,0.8614755180034265,-2.5233338069784592e-12,-0.1138189497462972,-0.21097112304344187
15.839999999999707,0.8614755180033897,-2.520382196620495e-12,-0.11381894974630154,-0.21097112304345803
15.849999999999707,0.861475518003353,-2.517430049700158e-12,-0.11381894974630602,-0.21097112304347418
15.859999999999706,0.8614755180033162,-2.5144782728867024e-12,-0.11381894974631065,-0.2109711230434903
15.869999999999706,0.8614755180032797,-2.5115283763503006e-12,-0.1138189497463149,-0.21097112304350638
15.879999999999706,0.8614755180032432,-2.508584891267812e-12,-0.11381894974631956,-0.21097112304352247
15.889999999999706,0.8614755180032065,-2.5056392426213302e-12,-0.11381894974632425,-0.21097112304353857
15.899999999999705,0.8614755180031701,-2.5026877457172797e-12,-0.11381894974632864,-0.21097112304355461
15.909999999999705,0.8614755180031337,-2.4997369757151234e-12,-0.11381894974633322,-0.21097112304357066
15.919999999999705,0.8614755180030973,-2.4967890320093053e-12,-0.11381894974633747,-0.21097112304358667
15.929999999999705,0.8614755180030609,-2.4938423147463616e-12,-0.11381894974634205,-0.21097112304360266
15.939999999999705,0.8614755180030247,-2.490900610010648e-12,-0.11381894974634624,-0.2109711230436186
15.949999999999704,0.8614755180029886,-2.4879662307585517e-12,-0.11381894974635048,-0.21097112304363447
15.959999999999704,0.8614755180029523,-2.485045295811375e-12,-0.11381894974635497,-0.2109711230436504
15.969999999999704,0.8614755180029162,-2.4821248315308893e-12,-0.11381894974635964,-0.21097112304366633
15.979999999999704,0.8614755180028801,-2.479208119145563e-12,-0.11381894974636382,-0.21097112304368223
15.989999999999704,0.8614755180028439,-2.4762928268538072e-12,-0.11381894974636798,-0.21097112304369808
15.999999999999703,0.861475518002808,-2.4733716985136422e-12,-0.11381894974637252,-0.21097112304371393
16.009999999999703,0.861475518002772,-2.4704597943247347e-12,-0.11381894974637732,-0.21097112304372978
16.019999999999705,0.8614755180027363,-2.467549687129786e-12,-0.11381894974638142,-0.21097112304374555
16.029999999999706,0.8614755180027004,-2.4646370224723107e-12,-0.11381894974638572,-0.21097112304376134
16.039999999999708,0.8614755180026648,-2.461719445176937e-12,-0.11381894974639059,-0.2109711230437771
16.04999999999971,0.861475518002629,-2.45880434755045e-12,-0.1138189497463948,-0.21097112304379284
16.05999999999971,0.8614755180025934,-2.4558962002753408e-12,-0.11381894974639879,-0.21097112304380858
16.069999999999713,0.8614755180025577,-2.4529915655334916e-12,-0.11381894974640352,-0.21097112304382426
16.079999999999714,0.8614755180025221,-2.4500791726276762e-12,-0.1138189497464079,-0.21097112304383994
16.089999999999716,0.8614755180024868,-2.4471767679344145e-12,-0.11381894974641249,-0.21097112304385554
16.099999999999717,0.8614755180024513,-2.4442724134876773e-12,-0.11381894974641674,-0.2109711230438712
16.10999999999972,0.8614755180024158,-2.4413732132571675e-12,-0.11381894974642115,-0.2109711230438868
16.11999999999972,0.8614755180023805,-2.4384775026898137e-12,-0.11381894974642535,-0.21097112304390236
16.129999999999722,0.8614755180023452,-2.4355842502832274e-12,-0.11381894974642963,-0.2109711230439179
16.139999999999723,0.8614755180023099,-2.4327007602085764e-12,-0.11381894974643446,-0.21097112304393348
16.149999999999725,0.8614755180022746,-2.4298182989890537e-12,-0.11381894974643864,-0.21097112304394905
16.159999999999727,0.8614755180022395,-2.4269308228808583e-12,-0.11381894974644294,-0.21097112304396454
16.169999999999728,0.8614755180022045,-2.4240461152675215e-12,-0.113818949746447,-0.21097112304398002
16.17999999999973,0.8614755180021694,-2.4211573629723753e-12,-0.11381894974645156,-0.2109711230439955
16.18999999999973,0.8614755180021343,-2.418266878119321e-12,-0.11381894974645612,-0.21097112304401097
16.199999999999733,0.8614755180020993,-2.4153729061069308e-12,-0.11381894974646065,-0.2109711230440264
16.209999999999734,0.8614755180020642,-2.4124894521359282e-12,-0.11381894974646471,-0.21097112304404184
16.219999999999736,0.8614755180020293,-2.409603452034042e-12,-0.11381894974646964,-0.21097112304405727
16.229999999999738,0.8614755180019943,-2.406704171801986e-12,-0.11381894974647379,-0.21097112304407262
16.23999999999974,0.8614755180019595,-2.403807531597957e-12,-0.1138189497464784,-0.21097112304408797
16.24999999999974,0.8614755180019248,-2.4009159122467457e-12,-0.11381894974648256,-0.2109711230441033
16.259999999999742,0.86147551800189,-2.398027502326069e-12,-0.11381894974648726,-0.2109711230441186
16.269999999999744,0.8614755180018554,-2.395136328955956e-12,-0.1138189497464914,-0.2109711230441339
16.279999999999745,0.8614755180018208,-2.392250649903454e-12,-0.11381894974649584,-0.21097112304414922
16.289999999999747,0.8614755180017861,-2.389360946752089e-12,-0.11381894974650028,-0.2109711230441645
16.29999999999975,0.8614755180017515,-2.386480690850934e-12,-0.11381894974650479,-0.21097112304417975
16.30999999999975,0.861475518001717,-2.383589372459014e-12,-0.11381894974650913,-0.210971123044195
16.31999999999975,0.8614755180016823,-2.380699047314362e-12,-0.11381894974651356,-0.21097112304421026
16.329999999999753,0.8614755180016479,-2.3778079202486705e-12,-0.11381894974651788,-0.21097112304422544
16.339999999999755,0.8614755180016136,-2.374923818814243e-12,-0.11381894974652233,-0.2109711230442406
16.349999999999756,0.8614755180015793,-2.372056762877249e-12,-0.11381894974652645,-0.21097112304425572
16.359999999999758,0.8614755180015449,-2.369197592639988e-12,-0.11381894974653074,-0.21097112304427085
16.36999999999976,0.8614755180015106,-2.366342081768479e-12,-0.11381894974653492,-0.21097112304428597
16.37999999999976,0.8614755180014764,-2.3634864976747517e-12,-0.1138189497465388,-0.21097112304430102
16.389999999999763,0.8614755180014422,-2.3606383908151244e-12,-0.11381894974654358,-0.2109711230443161
16.399999999999764,0.8614755180014081,-2.3577943223417895e-12,-0.11381894974654781,-0.21097112304433116
16.409999999999766,0.861475518001374,-2.354949895916455e-12,-0.11381894974655213,-0.2109711230443462
16.419999999999767,0.8614755180013399,-2.3521047680943965e-12,-0.11381894974655662,-0.21097112304436125
16.42999999999977,0.8614755180013061,-2.34926611869914e-12,-0.11381894974656065,-0.2109711230443762
16.43999999999977,0.861475518001272,-2.346442650390427e-12,-0.11381894974656502,-0.2109711230443912
16.449999999999772,0.8614755180012381,-2.3436208890625775e-12,-0.11381894974656938,-0.21097112304440618
16.459999999999773,0.8614755180012043,-2.3407951545584957e-12,-0.11381894974657333,-0.21097112304442114
16.469999999999775,0.8614755180011704,-2.3379747810351436e-12,-0.11381894974657784,-0.21097112304443605
16.479999999999777,0.8614755180011365,-2.335165748250051e-12,-0.11381894974658172,-0.21097112304445093
16.489999999999778,0.8614755180011029,-2.332361973442735e-12,-0.1138189497465861,-0.2109711230444658
16.49999999999978,0.8614755180010691,-2.3295686505000745e-12,-0.11381894974658993,-0.21097112304448065
16.50999999999978,0.8614755180010355,-2.3267818532899705e-12,-0.1138189497465944,-0.21097112304449553
16.519999999999783,0.8614755180010017,-2.3239984702976355e-12,-0.1138189497465991,-0.21097112304451038
16.529999999999784,0.8614755180009682,-2.321204787100732e-12,-0.11381894974660348,-0.21097112304452523
16.539999999999786,0.8614755180009346,-2.318414009439942e-12,-0.11381894974660742,-0.21097112304454002
16.549999999999788,0.861475518000901,-2.3156178110257292e-12,-0.11381894974661196,-0.21097112304455481
16.55999999999979,0.8614755180008677,-2.3128273905875712e-12,-0.11381894974661605,-0.21097112304456955
16.56999999999979,0.8614755180008343,-2.310041267869136e-12,-0.11381894974661967,-0.2109711230445843
16.579999999999792,0.861475518000801,-2.3072704329309568e-12,-0.11381894974662417,-0.21097112304459903
16.589999999999794,0.8614755180007676,-2.3045062762285786e-12,-0.11381894974662835,-0.21097112304461374
16.599999999999795,0.8614755180007344,-2.301730776400455e-12,-0.11381894974663273,-0.21097112304462842
16.609999999999797,0.8614755180007011,-2.2989635343057146e-12,-0.11381894974663681,-0.21097112304464308
16.6199999999998,0.8614755180006679,-2.2961969072362787e-12,-0.11381894974664111,-0.21097112304465773
16.6299999999998,0.8614755180006347,-2.2934274157642013e-12,-0.11381894974664558,-0.21097112304467233
16.6399999999998,0.8614755180006016,-2.290667895714329e-12,-0.11381894974664954,-0.2109711230446869
16.649999999999803,0.8614755180005685,-2.2879143383276e-12,-0.11381894974665378,-0.21097112304470153
16.659999999999805,0.8614755180005355,-2.285162028677196e-12,-0.11381894974665772,-0.2109711230447161
16.669999999999806,0.8614755180005024,-2.2824174351225707e-12,-0.11381894974666197,-0.2109711230447307
16.679999999999808,0.8614755180004694,-2.2796660247119197e-12,-0.11381894974666643,-0.21097112304474525
16.68999999999981,0.8614755180004365,-2.2769226030835595e-12,-0.11381894974667026,-0.21097112304475973
16.69999999999981,0.8614755180004036,-2.274187223367615e-12,-0.11381894974667436,-0.21097112304477425
16.709999999999813,0.8614755180003709,-2.2714466677514963e-12,-0.11381894974667847,-0.21097112304478877
16.719999999999814,0.8614755180003382,-2.2687097916965237e-12,-0.11381894974668276,-0.21097112304480325
16.729999999999816,0.8614755180003054,-2.265972887968873e-12,-0.11381894974668684,-0.21097112304481766
16.739999999999817,0.8614755180002727,-2.2632480174770114e-12,-0.11381894974669113,-0.2109711230448321
16.74999999999982,0.86147551800024,-2.2605201235638063e-12,-0.11381894974669506,-0.21097112304484653
16.75999999999982,0.8614755180002074,-2.2578008200533553e-12,-0.11381894974669912,-0.2109711230448609
16.769999999999822,0.8614755180001749,-2.25508713416192e-12,-0.11381894974670333,-0.21097112304487525
16.779999999999824,0.8614755180001422,-2.2523740231629594e-12,-0.11381894974670775,-0.21097112304488966
16.789999999999825,0.8614755180001098,-2.2496537912301677e-12,-0.11381894974671161,-0.210971123044904
16.799999999999827,0.8614755180000773,-2.246935736566207e-12,-0.11381894974671626,-0.2109711230449183
16.809999999999828,0.861475518000045,-2.244213160343048e-12,-0.11381894974671984,-0.2109711230449326
16.81999999999983,0.8614755180000125,-2.241498558176427e-12,-0.11381894974672427,-0.21097112304494692
16.82999999999983,0.8614755179999802,-2.2387761012938006e-12,-0.11381894974672876,-0.21097112304496116
16.839999999999833,0.8614755179999479,-2.2360627236434767e-12,-0.11381894974673268,-0.21097112304497542
16.849999999999834,0.8614755179999157,-2.2333533913145906e-12,-0.11381894974673695,-0.21097112304498966
16.859999999999836,0.8614755179998835,-2.2306428244954246e-12,-0.1138189497467409,-0.21097112304500387
16.869999999999838,0.8614755179998513,-2.2279307597732264e-12,-0.11381894974674509,-0.21097112304501803
16.87999999999984,0.8614755179998194,-2.225227584149645e-12,-0.11381894974674917,-0.2109711230450322
16.88999999999984,0.8614755179997873,-2.2225266061932223e-12,-0.11381894974675347,-0.2109711230450463
16.899999999999842,0.8614755179997553,-2.219831756097293e-12,-0.1138189497467572,-0.21097112304506044
16.909999999999844,0.8614755179997233,-2.217136065901076e-12,-0.11381894974676174,-0.2109711230450746
16.919999999999845,0.8614755179996914,-2.2144331692169038e-12,-0.11381894974676557,-0.21097112304508867
16.929999999999847,0.8614755179996595,-2.211727714514457e-12,-0.11381894974676982,-0.21097112304510277
16.93999999999985,0.8614755179996275,-2.2090242107703074e-12,-0.11381894974677449,-0.2109711230451169
16.94999999999985,0.8614755179995958,-2.206316117936482e-12,-0.11381894974677799,-0.21097112304513094
16.95999999999985,0.861475517999564,-2.203617193256812e-12,-0.11381894974678197,-0.21097112304514493
16.969999999999853,0.8614755179995324,-2.2009246053949734e-12,-0.11381894974678634,-0.21097112304515891
16.979999999999855,0.8614755179995006,-2.1982297636112415e-12,-0.113818949746791,-0.21097112304517293
16.989999999999856,0.861475517999469,-2.195531160280299e-12,-0.11381894974679493,-0.2109711230451869
16.999999999999858,0.8614755179994376,-2.1928361721042967e-12,-0.11381894974679885,-0.21097112304520083
17.00999999999986,0.861475517999406,-2.1901420183645035e-12,-0.11381894974680293,-0.2109711230452147
17.01999999999986,0.8614755179993745,-2.18745735323574e-12,-0.11381894974680694,-0.2109711230452286
17.029999999999863,0.8614755179993432,-2.1847815220176176e-12,-0.11381894974681107,-0.21097112304524246
17.039999999999864,0.8614755179993119,-2.182117799701246e-12,-0.11381894974681506,-0.2109711230452563
17.049999999999866,0.8614755179992806,-2.179454724029245e-12,-0.11381894974681883,-0.21097112304527016
17.059999999999867,0.8614755179992493,-2.1768007263501952e-12,-0.11381894974682245,-0.210971123045284
17.06999999999987,0.861475517999218,-2.1741451493018176e-12,-0.11381894974682671,-0.21097112304529783
17.07999999999987,0.8614755179991869,-2.1714885663661606e-12,-0.11381894974683049,-0.2109711230453116
17.089999999999872,0.8614755179991557,-2.1688439028510958e-12,-0.11381894974683444,-0.2109711230453254
17.099999999999874,0.8614755179991245,-2.166201790777505e-12,-0.11381894974683865,-0.2109711230453392
17.109999999999875,0.8614755179990933,-2.163560694956695e-12,-0.11381894974684313,-0.21097112304535295
17.119999999999877,0.8614755179990623,-2.1609125951178142e-12,-0.1138189497468472,-0.21097112304536667
17.129999999999878,0.8614755179990313,-2.1582711410052086e-12,-0.11381894974685104,-0.21097112304538035
17.13999999999988,0.8614755179990004,-2.1556373472579815e-12,-0.11381894974685468,-0.21097112304539403
17.14999999999988,0.8614755179989694,-2.1530120989070463e-12,-0.1138189497468587,-0.2109711230454077
17.159999999999883,0.8614755179989385,-2.1503940852222076e-12,-0.1138189497468624,-0.21097112304542134
17.169999999999884,0.8614755179989076,-2.1477885261060928e-12,-0.11381894974686627,-0.21097112304543494
17.179999999999886,0.8614755179988769,-2.1451921499984176e-12,-0.11381894974686967,-0.21097112304544852
17.189999999999888,0.861475517998846,-2.1426073258826643e-12,-0.11381894974687423,-0.21097112304546212
17.19999999999989,0.8614755179988153,-2.1400210693488727e-12,-0.11381894974687766,-0.21097112304547572
17.20999999999989,0.8614755179987846,-2.137440004346361e-12,-0.11381894974688175,-0.21097112304548926
17.219999999999892,0.8614755179987541,-2.1348601955620716e-12,-0.11381894974688558,-0.21097112304550275
17.229999999999894,0.8614755179987235,-2.1322925030947515e-12,-0.11381894974688936,-0.21097112304551627
17.239999999999895,0.8614755179986928,-2.1297239495454394e-12,-0.11381894974689313,-0.21097112304552978
17.249999999999897,0.8614755179986623,-2.127165398950969e-12,-0.11381894974689728,-0.21097112304554325
17.2599999999999,0.8614755179986319,-2.12461079963724e-12,-0.11381894974690089,-0.2109711230455567
17.2699999999999,0.8614755179986013,-2.1220590649985215e-12,-0.11381894974690535,-0.21097112304557022
17.2799999999999,0.8614755179985709,-2.1195059663341976e-12,-0.11381894974690883,-0.21097112304558369
17.289999999999903,0.8614755179985405,-2.1169552219599682e-12,-0.11381894974691267,-0.21097112304559712
17.299999999999905,0.8614755179985102,-2.1143996822771487e-12,-0.11381894974691667,-0.2109711230456105
17.309999999999906,0.86147551799848,-2.1118562302982753e-12,-0.11381894974692011,-0.21097112304562385
17.319999999999908,0.8614755179984496,-2.1093275329890865e-12,-0.113818949746924,-0.21097112304563723
17.32999999999991,0.8614755179984194,-2.106803620138496e-12,-0.11381894974692754,-0.21097112304565058
17.33999999999991,0.8614755179983892,-2.1042881155216292e-12,-0.11381894974693138,-0.21097112304566387
17.349999999999913,0.861475517998359,-2.101785967931967e-12,-0.11381894974693521,-0.2109711230456772
17.359999999999914,0.8614755179983288,-2.0992827117366224e-12,-0.1138189497469389,-0.21097112304569055
17.369999999999916,0.8614755179982987,-2.0967732134514928e-12,-0.11381894974694312,-0.21097112304570387
17.379999999999917,0.8614755179982686,-2.094268293268526e-12,-0.11381894974694699,-0.21097112304571713
17.38999999999992,0.8614755179982387,-2.0917649542037064e-12,-0.11381894974695038,-0.21097112304573037
17.39999999999992,0.8614755179982087,-2.0892650178778e-12,-0.11381894974695438,-0.21097112304574364
17.409999999999922,0.8614755179981788,-2.086762498203122e-12,-0.1138189497469583,-0.21097112304575685
17.419999999999924,0.8614755179981488,-2.0842525679969863e-12,-0.11381894974696236,-0.2109711230457701
17.429999999999925,0.8614755179981191,-2.0817451393994407e-12,-0.11381894974696587,-0.21097112304578333
17.439999999999927,0.8614755179980891,-2.0792407123494466e-12,-0.11381894974696985,-0.21097112304579657
17.44999999999993,0.8614755179980593,-2.076734114052634e-12,-0.11381894974697378,-0.21097112304580976
17.45999999999993,0.8614755179980295,-2.074221898108239e-12,-0.11381894974697768,-0.2109711230458229
17.46999999999993,0.8614755179979999,-2.0717115177566334e-12,-0.11381894974698137,-0.210971123045836
17.479999999999933,0.8614755179979703,-2.0692101065840268e-12,-0.11381894974698539,-0.21097112304584908
17.489999999999934,0.8614755179979406,-2.06671531181804e-12,-0.11381894974698872,-0.21097112304586216
17.499999999999936,0.8614755179979111,-2.064231377097433e-12,-0.11381894974699261,-0.21097112304587526
17.509999999999938,0.8614755179978816,-2.061754393986021e-12,-0.11381894974699641,-0.2109711230458883
17.51999999999994,0.861475517997852,-2.059277889525109e-12,-0.11381894974699995,-0.2109711230459014
17.52999999999994,0.8614755179978226,-2.056800334152413e-12,-0.11381894974700377,-0.21097112304591442
17.539999999999942,0.8614755179977931,-2.05432877763397e-12,-0.1138189497470076,-0.21097112304592744
17.549999999999944,0.8614755179977636,-2.0518596511135244e-12,-0.11381894974701114,-0.21097112304594048
17.559999999999945,0.8614755179977344,-2.049390056706686e-12,-0.113818949747015,-0.21097112304595347
17.569999999999947,0.8614755179977049,-2.046921148879907e-12,-0.11381894974701888,-0.21097112304596644
17.57999999999995,0.8614755179976756,-2.0444583662272575e-12,-0.11381894974702278,-0.21097112304597943
17.58999999999995,0.8614755179976463,-2.0419902712366602e-12,-0.11381894974702692,-0.2109711230459924
17.59999999999995,0.8614755179976171,-2.039515004444597e-12,-0.11381894974703052,-0.21097112304600532
17.609999999999953,0.861475517997588,-2.03704977626105e-12,-0.11381894974703394,-0.21097112304601823
17.619999999999955,0.8614755179975588,-2.034578991736578e-12,-0.11381894974703817,-0.21097112304603113
17.629999999999956,0.8614755179975296,-2.0321100017249744e-12,-0.11381894974704196,-0.210971123046044
17.639999999999958,0.8614755179975006,-2.0296342775460124e-12,-0.11381894974704565,-0.21097112304605686
17.64999999999996,0.8614755179974716,-2.0271581535629126e-12,-0.11381894974704952,-0.21097112304606966
17.65999999999996,0.8614755179974426,-2.024677844465669e-12,-0.11381894974705349,-0.2109711230460825
17.669999999999963,0.8614755179974136,-2.0221939963263525e-12,-0.11381894974705735,-0.21097112304609536
17.679999999999964,0.8614755179973848,-2.019714702874747e-12,-0.11381894974706104,-0.21097112304610813
17.689999999999966,0.8614755179973559,-2.017231980529586e-12,-0.11381894974706494,-0.21097112304612092
17.699999999999967,0.8614755179973271,-2.014753244547646e-12,-0.11381894974706863,-0.21097112304613366
17.70999999999997,0.8614755179972983,-2.0122783465543923e-12,-0.11381894974707256,-0.2109711230461464
17.71999999999997,0.8614755179972694,-2.009801467780313e-12,-0.11381894974707633,-0.21097112304615917
17.729999999999972,0.8614755179972406,-2.007321215416565e-12,-0.1138189497470806,-0.2109711230461719
17.739999999999974,0.861475517997212,-2.0048438897660007e-12,-0.11381894974708427,-0.21097112304618465
17.749999999999975,0.8614755179971834,-2.0023552482151224e-12,-0.11381894974708825,-0.21097112304619733
17.759999999999977,0.8614755179971547,-1.999862794765777e-12,-0.11381894974709192,-0.21097112304621002
17.76999999999998,0.8614755179971261,-1.997375311164531e-12,-0.11381894974709575,-0.21097112304622265
17.77999999999998,0.8614755179970975,-1.9949006119780154e-12,-0.11381894974709908,-0.21097112304623525
17.78999999999998,0.861475517997069,-1.9924291881447184e-12,-0.1138189497471032,-0.21097112304624785
17.799999999999983,0.8614755179970405,-1.98996417601443e-12,-0.11381894974710739,-0.21097112304626048
17.809999999999985,0.861475517997012,-1.987495359928965e-12,-0.11381894974711089,-0.21097112304627305
17.819999999999986,0.8614755179969835,-1.9850303390662514e-12,-0.11381894974711472,-0.21097112304628565
17.829999999999988,0.8614755179969553,-1.982565122472871e-12,-0.11381894974711854,-0.21097112304629814
17.83999999999999,0.861475517996927,-1.9801036077684014e-12,-0.11381894974712237,-0.21097112304631066
17.84999999999999,0.8614755179968986,-1.9776443583386944e-12,-0.11381894974712563,-0.2109711230463232
17.859999999999992,0.8614755179968704,-1.9751858905011545e-12,-0.11381894974712993,-0.21097112304633567
17.869999999999994,0.8614755179968422,-1.9727318274082746e-12,-0.1138189497471337,-0.21097112304634819
17.879999999999995,0.8614755179968139,-1.9702709443364094e-12,-0.11381894974713755,-0.2109711230463607
17.889999999999997,0.8614755179967857,-1.967812148857115e-12,-0.11381894974714152,-0.21097112304637317
17.9,0.8614755179967576,-1.965342875246711e-12,-0.11381894974714526,-0.21097112304638563
17.91,0.8614755179967294,-1.962872130891396e-12,-0.11381894974714904,-0.21097112304639803
17.92,0.8614755179967015,-1.9604054700114837e-12,-0.11381894974715263,-0.21097112304641039
17.930000000000003,0.8614755179966734,-1.9579480896847555e-12,-0.11381894974715637,-0.21097112304642274
17.940000000000005,0.8614755179966456,-1.9555000302803203e-12,-0.11381894974716025,-0.21097112304643514
17.950000000000006,0.8614755179966176,-1.9530632363158498e-12,-0.11381894974716375,-0.21097112304644747
17.960000000000008,0.8614755179965898,-1.9506297309104753e-12,-0.11381894974716733,-0.2109711230464598
17.97000000000001,0.8614755179965619,-1.9482015849889505e-12,-0.11381894974717119,-0.21097112304647211
17.98000000000001,0.861475517996534,-1.9457748578480046e-12,-0.11381894974717516,-0.21097112304648444
17.990000000000013,0.8614755179965061,-1.9433446208023843e-12,-0.11381894974717882,-0.21097112304649673
18.000000000000014,0.8614755179964783,-1.9409209315516658e-12,-0.11381894974718244,-0.21097112304650903
18.010000000000016,0.8614755179964506,-1.938496007173939e-12,-0.11381894974718618,-0.21097112304652132
18.020000000000017,0.8614755179964229,-1.936071115619429e-12,-0.11381894974718991,-0.2109711230465336
18.03000000000002,0.8614755179963953,-1.933646581756901e-12,-0.11381894974719348,-0.2109711230465458
18.04000000000002,0.8614755179963677,-1.931227271004734e-12,-0.11381894974719764,-0.21097112304655805
18.050000000000022,0.8614755179963401,-1.928813214894075e-12,-0.11381894974720103,-0.2109711230465702
18.060000000000024,0.8614755179963126,-1.926411622401536e-12,-0.11381894974720451,-0.21097112304658236
18.070000000000025,0.8614755179962852,-1.9240198330625763e-12,-0.11381894974720788,-0.2109711230465945
18.080000000000027,0.8614755179962577,-1.921628154338438e-12,-0.1138189497472118,-0.21097112304660667
18.09000000000003,0.8614755179962302,-1.919236728224985e-12,-0.11381894974721539,-0.2109711230466188
18.10000000000003,0.8614755179962029,-1.9168554945394086e-12,-0.11381894974721879,-0.21097112304663088
18.11000000000003,0.8614755179961757,-1.914482920412305e-12,-0.11381894974722226,-0.21097112304664298
18.120000000000033,0.8614755179961485,-1.912119840265986e-12,-0.11381894974722591,-0.21097112304665502
18.130000000000035,0.8614755179961213,-1.909762119145734e-12,-0.11381894974722936,-0.21097112304666704
18.140000000000036,0.8614755179960942,-1.9074177565509533e-12,-0.1138189497472328,-0.2109711230466791
18.150000000000038,0.8614755179960671,-1.905080906138398e-12,-0.11381894974723603,-0.21097112304669108
18.16000000000004,0.8614755179960399,-1.9027541488771412e-12,-0.11381894974723969,-0.2109711230467031
18.17000000000004,0.8614755179960129,-1.900429577701019e-12,-0.11381894974724314,-0.21097112304671511
18.180000000000042,0.8614755179959858,-1.898103415015304e-12,-0.11381894974724681,-0.2109711230467271
18.190000000000044,0.8614755179959588,-1.8957847341733103e-12,-0.11381894974725046,-0.21097112304673907
18.200000000000045,0.8614755179959319,-1.893469796380316e-12,-0.11381894974725384,-0.21097112304675109
18.210000000000047,0.861475517995905,-1.8911538481384646e-12,-0.11381894974725738,-0.210971123046763
18.22000000000005,0.8614755179958782,-1.8888451604527914e-12,-0.11381894974726073,-0.2109711230467749
18.23000000000005,0.8614755179958513,-1.8865462620859025e-12,-0.11381894974726389,-0.2109711230467868
18.24000000000005,0.8614755179958244,-1.8842530343984426e-12,-0.11381894974726742,-0.21097112304679866
18.250000000000053,0.8614755179957977,-1.881965123146757e-12,-0.11381894974727134,-0.21097112304681054
18.260000000000055,0.8614755179957709,-1.8796818538551308e-12,-0.11381894974727463,-0.2109711230468224
18.270000000000056,0.8614755179957442,-1.8774078251233785e-12,-0.11381894974727799,-0.21097112304683424
18.280000000000058,0.8614755179957174,-1.8751353014075546e-12,-0.11381894974728121,-0.21097112304684612
18.29000000000006,0.8614755179956908,-1.872856869757157e-12,-0.11381894974728497,-0.21097112304685794
18.30000000000006,0.8614755179956641,-1.8705784011467225e-12,-0.11381894974728869,-0.21097112304686974
18.310000000000063,0.8614755179956376,-1.8683101622646843e-12,-0.11381894974729159,-0.2109711230468815
18.320000000000064,0.8614755179956111,-1.866037600845479e-12,-0.11381894974729534,-0.2109711230468933
18.330000000000066,0.8614755179955845,-1.8637682433349757e-12,-0.11381894974729904,-0.21097112304690505
18.340000000000067,0.8614755179955581,-1.8615003483558787e-12,-0.11381894974730222,-0.2109711230469168
18.35000000000007,0.8614755179955317,-1.8592393961435577e-12,-0.11381894974730568,-0.21097112304692853
18.36000000000007,0.8614755179955053,-1.8569745299296266e-12,-0.11381894974730924,-0.2109711230469403
18.370000000000072,0.8614755179954788,-1.854711528760388e-12,-0.11381894974731295,-0.210971123046952
18.380000000000074,0.8614755179954524,-1.8524409851943147e-12,-0.11381894974731607,-0.21097112304696372
18.390000000000075,0.8614755179954261,-1.8501738208390696e-12,-0.1138189497473196,-0.2109711230469754
18.400000000000077,0.8614755179953998,-1.847909688355481e-12,-0.11381894974732305,-0.21097112304698712
18.41000000000008,0.8614755179953735,-1.845644169274518e-12,-0.11381894974732626,-0.21097112304699872
18.42000000000008,0.8614755179953473,-1.8433956612976917e-12,-0.11381894974732977,-0.21097112304701032
18.43000000000008,0.8614755179953212,-1.841149869563031e-12,-0.11381894974733321,-0.21097112304702192
18.440000000000083,0.861475517995295,-1.838910820456958e-12,-0.11381894974733658,-0.21097112304703353
18.450000000000085,0.8614755179952689,-1.8366769775013143e-12,-0.11381894974734026,-0.21097112304704516
18.460000000000086,0.8614755179952428,-1.8344404210696467e-12,-0.11381894974734383,-0.21097112304705673
18.470000000000088,0.8614755179952167,-1.832207582130354e-12,-0.1138189497473467,-0.21097112304706828
18.48000000000009,0.8614755179951907,-1.8299774267303204e-12,-0.11381894974734984,-0.21097112304707982
18.49000000000009,0.8614755179951646,-1.827755293582792e-12,-0.11381894974735321,-0.21097112304709137
18.500000000000092,0.8614755179951387,-1.82553689424033e-12,-0.11381894974735662,-0.21097112304710292
18.510000000000094,0.8614755179951127,-1.8233202005739947e-12,-0.11381894974735986,-0.2109711230471144
18.520000000000095,0.8614755179950869,-1.8211079445036996e-12,-0.11381894974736315,-0.2109711230471259
18.530000000000097,0.8614755179950611,-1.8189061296312521e-12,-0.11381894974736642,-0.2109711230471374
18.5400000000001,0.8614755179950353,-1.8167016765416606e-12,-0.11381894974737033,-0.21097112304714888
18.5500000000001,0.8614755179950094,-1.8144903597490401e-12,-0.11381894974737375,-0.21097112304716037
18.5600000000001,0.8614755179949837,-1.8122718901509067e-12,-0.11381894974737712,-0.2109711230471718
18.570000000000103,0.8614755179949579,-1.8100543533470256e-12,-0.11381894974738047,-0.21097112304718324
18.580000000000105,0.8614755179949323,-1.8078380087969036e-12,-0.11381894974738409,-0.21097112304719468
18.590000000000106,0.8614755179949065,-1.8056144282789592e-12,-0.11381894974738728,-0.21097112304720608
18.600000000000108,0.8614755179948809,-1.8033895401249438e-12,-0.11381894974739112,-0.2109711230472175
18.61000000000011,0.8614755179948551,-1.8011600804360448e-12,-0.11381894974739448,-0.2109711230472289
18.62000000000011,0.8614755179948296,-1.7989204022512983e-12,-0.1138189497473986,-0.21097112304724022
18.630000000000113,0.8614755179948042,-1.796684561112646e-12,-0.11381894974740198,-0.21097112304725157
18.640000000000114,0.8614755179947787,-1.7944486899478334e-12,-0.11381894974740503,-0.21097112304726284
18.650000000000116,0.8614755179947532,-1.7922090890207649e-12,-0.1138189497474091,-0.21097112304727414
18.660000000000117,0.8614755179947277,-1.7899615873926938e-12,-0.11381894974741219,-0.2109711230472855
18.67000000000012,0.8614755179947023,-1.7877105259146333e-12,-0.11381894974741563,-0.21097112304729673
18.68000000000012,0.8614755179946769,-1.7854646527348825e-12,-0.1138189497474196,-0.210971123047308
18.690000000000122,0.8614755179946516,-1.7832183589244866e-12,-0.11381894974742286,-0.2109711230473193
18.700000000000124,0.8614755179946262,-1.7809670786366519e-12,-0.11381894974742682,-0.21097112304733054
18.710000000000125,0.8614755179946009,-1.7787045928408052e-12,-0.1138189497474299,-0.21097112304734178
18.720000000000127,0.8614755179945757,-1.7764400163605459e-12,-0.11381894974743374,-0.210971123047353
18.73000000000013,0.8614755179945505,-1.7741797893678264e-12,-0.11381894974743684,-0.21097112304736418
18.74000000000013,0.8614755179945254,-1.7719213815049895e-12,-0.11381894974744064,-0.2109711230473753
18.75000000000013,0.8614755179945002,-1.769666151986213e-12,-0.11381894974744378,-0.2109711230473865
18.760000000000133,0.8614755179944751,-1.767417738823525e-12,-0.11381894974744744,-0.21097112304739762
18.770000000000135,0.86147551799445,-1.7651737348633438e-12,-0.11381894974745085,-0.21097112304740873
18.780000000000136,0.8614755179944249,-1.7629352584171771e-12,-0.11381894974745428,-0.21097112304741983
18.790000000000138,0.8614755179943999,-1.7606966910639627e-12,-0.11381894974745765,-0.21097112304743093
18.80000000000014,0.8614755179943749,-1.7584720494797446e-12,-0.11381894974746107,-0.21097112304744203
18.81000000000014,0.86147551799435,-1.7562441244633154e-12,-0.11381894974746423,-0.21097112304745308
18.820000000000142,0.861475517994325,-1.7540188033117662e-12,-0.11381894974746821,-0.21097112304746413
18.830000000000144,0.8614755179943001,-1.7517881800971123e-12,-0.11381894974747184,-0.21097112304747517
18.840000000000146,0.8614755179942754,-1.7495580347533092e-12,-0.11381894974747478,-0.2109711230474862
18.850000000000147,0.8614755179942505,-1.7473325781106905e-12,-0.11381894974747819,-0.2109711230474972
18.86000000000015,0.8614755179942257,-1.745104817275986e-12,-0.1138189497474819,-0.2109711230475082
18.87000000000015,0.861475517994201,-1.742882461634162e-12,-0.11381894974748547,-0.2109711230475192
18.88000000000015,0.8614755179941762,-1.7406581158969809e-12,-0.1138189497474888,-0.21097112304753018
18.890000000000153,0.8614755179941516,-1.7384386176348416e-12,-0.1138189497474921,-0.21097112304754112
18.900000000000155,0.8614755179941269,-1.7362177495990246e-12,-0.1138189497474955,-0.21097112304755206
18.910000000000156,0.8614755179941023,-1.73400574395203e-12,-0.11381894974749915,-0.21097112304756302
18.920000000000158,0.8614755179940775,-1.7317894462095094e-12,-0.11381894974750284,-0.21097112304757393
18.93000000000016,0.861475517994053,-1.7295771581154245e-12,-0.11381894974750575,-0.2109711230475848
18.94000000000016,0.8614755179940286,-1.7273723128298228e-12,-0.11381894974750939,-0.21097112304759566
18.950000000000163,0.8614755179940041,-1.725175843492312e-12,-0.11381894974751268,-0.2109711230476065
18.960000000000164,0.8614755179939796,-1.7229864126913468e-12,-0.11381894974751539,-0.21097112304761734
18.970000000000166,0.8614755179939552,-1.7208163318362158e-12,-0.11381894974751844,-0.21097112304762816
18.980000000000167,0.8614755179939307,-1.7186458542080935e-12,-0.11381894974752219,-0.21097112304763901
18.99000000000017,0.8614755179939064,-1.7164750133272466e-12,-0.11381894974752527,-0.21097112304764984
19.00000000000017,0.861475517993882,-1.714307130057266e-12,-0.1138189497475286,-0.21097112304766066
19.010000000000172,0.8614755179938577,-1.7121489129934277e-12,-0.11381894974753184,-0.21097112304767146
19.020000000000174,0.8614755179938334,-1.7099897461321698e-12,-0.11381894974753554,-0.21097112304768226
19.030000000000175,0.861475517993809,-1.707830653006995e-12,-0.11381894974753884,-0.21097112304769303
19.040000000000177,0.8614755179937849,-1.705670392160144e-12,-0.11381894974754217,-0.21097112304770374
19.05000000000018,0.8614755179937607,-1.7035145913466175e-12,-0.11381894974754558,-0.21097112304771448
19.06000000000018,0.8614755179937366,-1.7013629478390844e-12,-0.11381894974754873,-0.21097112304772517
19.07000000000018,0.8614755179937125,-1.6992185727054043e-12,-0.11381894974755195,-0.21097112304773588
19.080000000000183,0.8614755179936883,-1.697074150515407e-12,-0.11381894974755495,-0.21097112304774657
19.090000000000185,0.8614755179936643,-1.6949318722846282e-12,-0.11381894974755825,-0.21097112304775723
19.100000000000186,0.8614755179936402,-1.6927990280726337e-12,-0.11381894974756168,-0.21097112304776786
19.110000000000188,0.8614755179936162,-1.6906729979761183e-12,-0.1138189497475649,-0.21097112304777854
19.12000000000019,0.8614755179935921,-1.6885548125163855e-12,-0.11381894974756798,-0.21097112304778914
19.13000000000019,0.8614755179935681,-1.6864375369172133e-12,-0.11381894974757115,-0.21097112304779977
19.140000000000192,0.8614755179935442,-1.6843222094173086e-12,-0.11381894974757471,-0.2109711230478104
19.150000000000194,0.8614755179935204,-1.68220953734869e-12,-0.1138189497475782,-0.210971123047821
19.160000000000196,0.8614755179934965,-1.6800966778234162e-12,-0.11381894974758115,-0.21097112304783155
19.170000000000197,0.8614755179934727,-1.6779914599741267e-12,-0.11381894974758393,-0.2109711230478421
19.1800000000002,0.8614755179934489,-1.6758948080029997e-12,-0.11381894974758755,-0.21097112304785262
19.1900000000002,0.8614755179934251,-1.6738083894734284e-12,-0.1138189497475905,-0.21097112304786314
19.200000000000202,0.8614755179934014,-1.6717272051641328e-12,-0.11381894974759342,-0.2109711230478737
19.210000000000203,0.8614755179933777,-1.6696531160566242e-12,-0.1138189497475967,-0.21097112304788418
19.220000000000205,0.861475517993354,-1.6675854320433322e-12,-0.11381894974759967,-0.21097112304789464
19.230000000000206,0.8614755179933302,-1.6655259261336336e-12,-0.11381894974760312,-0.21097112304790513
19.240000000000208,0.8614755179933067,-1.6634725909934538e-12,-0.11381894974760587,-0.2109711230479156
19.25000000000021,0.8614755179932831,-1.6614212907665012e-12,-0.11381894974760921,-0.21097112304792603
19.26000000000021,0.8614755179932596,-1.6593762302454857e-12,-0.11381894974761185,-0.21097112304793644
19.270000000000213,0.8614755179932361,-1.6573430222219073e-12,-0.11381894974761513,-0.21097112304794682
19.280000000000214,0.8614755179932125,-1.6553202234167214e-12,-0.11381894974761807,-0.2109711230479572
19.290000000000216,0.8614755179931891,-1.6533014537997344e-12,-0.11381894974762147,-0.21097112304796758
19.300000000000217,0.8614755179931657,-1.6512868257958193e-12,-0.11381894974762412,-0.21097112304797797
19.31000000000022,0.8614755179931423,-1.6492787738355435e-12,-0.11381894974762716,-0.2109711230479883
19.32000000000022,0.8614755179931189,-1.6472815713594476e-12,-0.1138189497476296,-0.21097112304799862
19.330000000000222,0.8614755179930955,-1.6452954909535652e-12,-0.11381894974763306,-0.21097112304800894
19.340000000000224,0.8614755179930721,-1.6433082023795445e-12,-0.11381894974763634,-0.2109711230480193
19.350000000000225,0.8614755179930488,-1.6413186873666526e-12,-0.1138189497476388,-0.21097112304802962
19.360000000000227,0.8614755179930255,-1.639328528795304e-12,-0.11381894974764281,-0.21097112304803997
19.37000000000023,0.8614755179930025,-1.637327179372064e-12,-0.11381894974764567,-0.2109711230480502
19.38000000000023,0.8614755179929794,-1.6353277042375709e-12,-0.11381894974764838,-0.21097112304806048
19.39000000000023,0.8614755179929563,-1.6333299513656274e-12,-0.11381894974765155,-0.21097112304807072
19.400000000000233,0.8614755179929333,-1.6313379656088325e-12,-0.11381894974765483,-0.21097112304808094
19.410000000000235,0.8614755179929103,-1.6293502259541777e-12,-0.11381894974765736,-0.21097112304809118
19.420000000000236,0.8614755179928874,-1.62736424513711e-12,-0.11381894974766042,-0.21097112304810137
19.430000000000238,0.8614755179928645,-1.6253880981849423e-12,-0.11381894974766353,-0.21097112304811153
19.44000000000024,0.8614755179928415,-1.6234226168341322e-12,-0.11381894974766663,-0.21097112304812174
19.45000000000024,0.8614755179928185,-1.6214514443694183e-12,-0.11381894974766989,-0.21097112304813193
19.460000000000242,0.8614755179927956,-1.6194820994889226e-12,-0.11381894974767254,-0.21097112304814214
19.470000000000244,0.8614755179927728,-1.617509115930195e-12,-0.1138189497476758,-0.2109711230481523
19.480000000000246,0.86147551799275,-1.6155397374383793e-12,-0.11381894974767859,-0.21097112304816237
19.490000000000247,0.8614755179927274,-1.6135863661061061e-12,-0.11381894974768174,-0.21097112304817245
19.50000000000025,0.8614755179927046,-1.6116441696493121e-12,-0.11381894974768425,-0.21097112304818255
19.51000000000025,0.861475517992682,-1.609703984328811e-12,-0.11381894974768689,-0.21097112304819263
19.520000000000252,0.8614755179926593,-1.6077628268392753e-12,-0.11381894974769019,-0.21097112304820273
19.530000000000253,0.8614755179926367,-1.605821203109724e-12,-0.11381894974769274,-0.21097112304821278
19.540000000000255,0.861475517992614,-1.603888285573862e-12,-0.1138189497476957,-0.21097112304822283
19.550000000000257,0.8614755179925915,-1.6019616028364064e-12,-0.1138189497476986,-0.21097112304823282
19.560000000000258,0.8614755179925688,-1.6000403864100897e-12,-0.11381894974770179,-0.21097112304824286
19.57000000000026,0.8614755179925463,-1.5981196188977966e-12,-0.1138189497477047,-0.2109711230482529
19.58000000000026,0.8614755179925238,-1.5962004194212706e-12,-0.11381894974770763,-0.21097112304826293
19.590000000000263,0.8614755179925011,-1.5942826527095503e-12,-0.1138189497477107,-0.21097112304827295
19.600000000000264,0.8614755179924788,-1.5923614293752946e-12,-0.11381894974771321,-0.21097112304828292
19.610000000000266,0.8614755179924564,-1.5904494397905718e-12,-0.11381894974771624,-0.21097112304829294
19.620000000000267,0.861475517992434,-1.5885339435983937e-12,-0.11381894974771914,-0.21097112304830287
19.63000000000027,0.8614755179924116,-1.5866238727948427e-12,-0.11381894974772207,-0.21097112304831286
19.64000000000027,0.8614755179923893,-1.5847095698292332e-12,-0.11381894974772509,-0.21097112304832283
19.650000000000272,0.8614755179923671,-1.582785288750399e-12,-0.11381894974772766,-0.21097112304833274
19.660000000000274,0.8614755179923448,-1.5808699864084468e-12,-0.11381894974773112,-0.21097112304834267
19.670000000000275,0.8614755179923225,-1.5789588316072034e-12,-0.11381894974773393,-0.21097112304835258
19.680000000000277,0.8614755179923003,-1.577045567370938e-12,-0.11381894974773668,-0.21097112304836252
19.69000000000028,0.861475517992278,-1.575132638480971e-12,-0.11381894974773984,-0.2109711230483724
19.70000000000028,0.8614755179922557,-1.573214641156437e-12,-0.11381894974774316,-0.21097112304838236
19.71000000000028,0.8614755179922337,-1.5712872926391141e-12,-0.11381894974774637,-0.21097112304839225
19.720000000000283,0.8614755179922116,-1.5693602441180076e-12,-0.11381894974774895,-0.21097112304840204
19.730000000000285,0.8614755179921895,-1.5674393846800038e-12,-0.11381894974775167,-0.21097112304841192
19.740000000000286,0.8614755179921674,-1.5655204332132932e-12,-0.11381894974775461,-0.21097112304842175
19.750000000000288,0.8614755179921454,-1.563600190479819e-12,-0.11381894974775816,-0.21097112304843155
19.76000000000029,0.8614755179921234,-1.5616802939655838e-12,-0.11381894974776063,-0.21097112304844134
19.77000000000029,0.8614755179921014,-1.5597628054178563e-12,-0.11381894974776331,-0.2109711230484511
19.780000000000292,0.8614755179920796,-1.5578464741360137e-12,-0.1138189497477669,-0.21097112304846086
19.790000000000294,0.8614755179920576,-1.555935133422582e-12,-0.1138189497477697,-0.21097112304847063
19.800000000000296,0.8614755179920356,-1.5540185851772353e-12,-0.11381894974777275,-0.2109711230484804
19.810000000000297,0.8614755179920137,-1.552097762496838e-12,-0.11381894974777568,-0.21097112304849017
19.8200000000003,0.8614755179919918,-1.5501706532528379e-12,-0.11381894974777879,-0.2109711230484999
19.8300000000003,0.8614755179919701,-1.5482412919016643e-12,-0.11381894974778183,-0.21097112304850965
19.840000000000302,0.8614755179919483,-1.5463179790638148e-12,-0.11381894974778493,-0.21097112304851937
19.850000000000303,0.8614755179919267,-1.544396811449438e-12,-0.113818949747788,-0.21097112304852905
19.860000000000305,0.8614755179919049,-1.5424732852278904e-12,-0.113818949747791,-0.21097112304853874
19.870000000000307,0.8614755179918833,-1.5405515718768892e-12,-0.11381894974779393,-0.21097112304854843
19.880000000000308,0.8614755179918616,-1.5386264716517906e-12,-0.11381894974779674,-0.21097112304855808
19.89000000000031,0.86147551799184,-1.536702800998313e-12,-0.11381894974780005,-0.21097112304856774
19.90000000000031,0.8614755179918184,-1.5347799655531992e-12,-0.11381894974780268,-0.21097112304857735
19.910000000000313,0.8614755179917968,-1.5328569766302515e-12,-0.1138189497478059,-0.210971123048587
19.920000000000314,0.8614755179917751,-1.5309298600414037e-12,-0.11381894974780933,-0.21097112304859666
19.930000000000316,0.8614755179917536,-1.5289991954174105e-12,-0.11381894974781212,-0.21097112304860627
19.940000000000317,0.861475517991732,-1.5270613706399039e-12,-0.1138189497478153,-0.21097112304861584
19.95000000000032,0.8614755179917105,-1.5251337183779395e-12,-0.11381894974781749,-0.2109711230486254
19.96000000000032,0.8614755179916891,-1.5232112267916736e-12,-0.1138189497478207,-0.21097112304863497
19.970000000000322,0.8614755179916678,-1.5213000370060332e-12,-0.11381894974782372,-0.2109711230486445
19.980000000000324,0.8614755179916463,-1.519386623180011e-12,-0.11381894974782686,-0.210971123048654
19.990000000000325,0.861475517991625,-1.5174758988808117e-12,-0.11381894974782925,-0.2109711230486635
20.000000000000327,0.8614755179916037,-1.5155763648006498e-12,-0.11381894974783237,-0.21097112304867302
20.01000000000033,0.8614755179915824,-1.5136753490911985e-12,-0.1138189497478354,-0.2109711230486825
20.02000000000033,0.8614755179915613,-1.5117796611818189e-12,-0.11381894974783786,-0.210971123048692
20.03000000000033,0.86147551799154,-1.5098814255896443e-12,-0.11381894974784118,-0.21097112304870153
20.040000000000333,0.8614755179915187,-1.5079810018733504e-12,-0.1138189497478441,-0.210971123048711
20.050000000000335,0.8614755179914975,-1.5060699552001513e-12,-0.1138189497478473,-0.21097112304872045
20.060000000000336,0.8614755179914763,-1.504165677730508e-12,-0.11381894974785041,-0.21097112304872992
20.070000000000338,0.861475517991455,-1.5022617773889032e-12,-0.11381894974785348,-0.21097112304873936
20.08000000000034,0.861475517991434,-1.5003561983191249e-12,-0.11381894974785586,-0.21097112304874877
20.09000000000034,0.8614755179914129,-1.498460357319401e-12,-0.11381894974785868,-0.21097112304875815
20.100000000000342,0.8614755179913919,-1.4965684577197385e-12,-0.11381894974786164,-0.21097112304876756
20.110000000000344,0.8614755179913709,-1.4946753686061942e-12,-0.1138189497478648,-0.21097112304877697
20.120000000000346,0.8614755179913499,-1.4927734773635098e-12,-0.11381894974786824,-0.21097112304878635
20.130000000000347,0.8614755179913289,-1.4908661877673234e-12,-0.11381894974787096,-0.2109711230487957
20.14000000000035,0.8614755179913081,-1.4889632550383058e-12,-0.11381894974787377,-0.21097112304880503
20.15000000000035,0.8614755179912871,-1.4870674557144314e-12,-0.1138189497478765,-0.21097112304881435
20.160000000000352,0.8614755179912661,-1.4851765128193848e-12,-0.11381894974787972,-0.21097112304882368
20.170000000000353,0.8614755179912452,-1.4832774129794306e-12,-0.11381894974788251,-0.21097112304883295
20.180000000000355,0.8614755179912242,-1.4813819547821533e-12,-0.11381894974788528,-0.21097112304884225
20.190000000000357,0.8614755179912034,-1.4794934619262109e-12,-0.11381894974788855,-0.21097112304885154
20.200000000000358,0.8614755179911826,-1.4776047515161502e-12,-0.11381894974789147,-0.21097112304886081
20.21000000000036,0.8614755179911618,-1.4757082539367716e-12,-0.11381894974789449,-0.2109711230488701
20.22000000000036,0.8614755179911411,-1.473811448547319e-12,-0.11381894974789747,-0.21097112304887936
20.230000000000363,0.8614755179911204,-1.471916269735985e-12,-0.11381894974790038,-0.2109711230488886
20.240000000000364,0.8614755179910998,-1.4700208573415362e-12,-0.11381894974790337,-0.21097112304889779
20.250000000000366,0.8614755179910791,-1.4681301109186356e-12,-0.11381894974790656,-0.21097112304890703
20.260000000000367,0.8614755179910585,-1.4662434549527532e-12,-0.11381894974790904,-0.2109711230489162
20.27000000000037,0.8614755179910378,-1.4643660777339904e-12,-0.11381894974791194,-0.2109711230489254
20.28000000000037,0.8614755179910172,-1.4624849191935122e-12,-0.11381894974791491,-0.2109711230489346
20.290000000000372,0.8614755179909966,-1.460602679455288e-12,-0.11381894974791774,-0.2109711230489438
20.300000000000374,0.8614755179909761,-1.4587194105434302e-12,-0.11381894974792148,-0.210971123048953
20.310000000000375,0.8614755179909556,-1.4568356854248252e-12,-0.11381894974792375,-0.21097112304896212
20.320000000000377,0.861475517990935,-1.4549566574247828e-12,-0.11381894974792653,-0.21097112304897125
20.33000000000038,0.8614755179909145,-1.4530946629511758e-12,-0.11381894974792922,-0.21097112304898039
20.34000000000038,0.8614755179908941,-1.451240705620997e-12,-0.11381894974793214,-0.2109711230489895
20.35000000000038,0.8614755179908736,-1.4493903935286027e-12,-0.1138189497479348,-0.21097112304899854
20.360000000000383,0.8614755179908533,-1.4475564889869577e-12,-0.113818949747937,-0.2109711230490076
20.370000000000385,0.861475517990833,-1.4457333975505529e-12,-0.11381894974794021,-0.21097112304901663
20.380000000000386,0.8614755179908127,-1.4439129479712672e-12,-0.11381894974794306,-0.21097112304902568
20.390000000000388,0.8614755179907924,-1.4420935575384152e-12,-0.11381894974794574,-0.21097112304903476
20.40000000000039,0.861475517990772,-1.440270743170556e-12,-0.11381894974794897,-0.2109711230490438
20.41000000000039,0.8614755179907517,-1.4384539460741704e-12,-0.1138189497479512,-0.21097112304905283
20.420000000000393,0.8614755179907315,-1.436644014722216e-12,-0.11381894974795409,-0.21097112304906185
20.430000000000394,0.8614755179907112,-1.4348418970073755e-12,-0.11381894974795667,-0.21097112304907084
20.440000000000396,0.8614755179906911,-1.433042518144106e-12,-0.11381894974795945,-0.21097112304907983
20.450000000000397,0.861475517990671,-1.4312461369867702e-12,-0.11381894974796185,-0.21097112304908883
20.4600000000004,0.8614755179906507,-1.4294524040018442e-12,-0.11381894974796518,-0.21097112304909782
20.4700000000004,0.8614755179906307,-1.4276577913593526e-12,-0.11381894974796741,-0.21097112304910678
20.480000000000402,0.8614755179906106,-1.4258635896604405e-12,-0.11381894974797079,-0.21097112304911575
20.490000000000403,0.8614755179905906,-1.424057265530005e-12,-0.11381894974797371,-0.2109711230491247
20.500000000000405,0.8614755179905706,-1.422249309064398e-12,-0.11381894974797634,-0.21097112304913362
20.510000000000407,0.8614755179905508,-1.4204450268766967e-12,-0.11381894974797915,-0.21097112304914253
20.520000000000408,0.8614755179905307,-1.4186420713756266e-12,-0.11381894974798198,-0.21097112304915142
20.53000000000041,0.8614755179905108,-1.4168390903613061e-12,-0.11381894974798501,-0.2109711230491603
20.54000000000041,0.8614755179904908,-1.4150363862129531e-12,-0.11381894974798754,-0.21097112304916915
20.550000000000413,0.861475517990471,-1.4132412996748975e-12,-0.11381894974799059,-0.21097112304917798
20.560000000000414,0.8614755179904511,-1.4114471458220113e-12,-0.11381894974799303,-0.21097112304918683
20.570000000000416,0.8614755179904312,-1.4096503728955865e-12,-0.11381894974799608,-0.21097112304919566
20.580000000000418,0.8614755179904113,-1.4078520590581014e-12,-0.1138189497479993,-0.21097112304920454
20.59000000000042,0.8614755179903915,-1.4060474907980392e-12,-0.11381894974800194,-0.21097112304921337
20.60000000000042,0.8614755179903717,-1.4042345005765046e-12,-0.11381894974800483,-0.21097112304922214
20.610000000000422,0.861475517990352,-1.402421512548612e-12,-0.1138189497480076,-0.21097112304923094
20.620000000000424,0.8614755179903324,-1.4006062093329699e-12,-0.11381894974801063,-0.2109711230492397
20.630000000000425,0.8614755179903127,-1.398796027530088e-12,-0.11381894974801336,-0.21097112304924845
20.640000000000427,0.8614755179902932,-1.3969923941371188e-12,-0.11381894974801623,-0.21097112304925716
20.65000000000043,0.8614755179902734,-1.3951902419654049e-12,-0.11381894974801848,-0.21097112304926594
20.66000000000043,0.8614755179902538,-1.3933898928265132e-12,-0.11381894974802169,-0.21097112304927468
20.67000000000043,0.8614755179902343,-1.3915894450198303e-12,-0.11381894974802444,-0.21097112304928342
20.680000000000433,0.8614755179902146,-1.3897912870561451e-12,-0.11381894974802739,-0.21097112304929216
20.690000000000435,0.8614755179901951,-1.38799308761992e-12,-0.11381894974803031,-0.21097112304930085
20.700000000000436,0.8614755179901755,-1.3861982688770262e-12,-0.1138189497480327,-0.21097112304930957
20.710000000000438,0.861475517990156,-1.3844025907968139e-12,-0.11381894974803561,-0.21097112304931825
20.72000000000044,0.8614755179901364,-1.3826130977846264e-12,-0.11381894974803806,-0.21097112304932691
20.73000000000044,0.861475517990117,-1.3808292113664163e-12,-0.11381894974804078,-0.21097112304933552
20.740000000000443,0.8614755179900976,-1.3790616862388343e-12,-0.11381894974804338,-0.21097112304934415
20.750000000000444,0.8614755179900783,-1.377310462991048e-12,-0.11381894974804603,-0.21097112304935275
20.760000000000446,0.861475517990059,-1.3755639768049747e-12,-0.11381894974804868,-0.21097112304936136
20.770000000000447,0.8614755179900395,-1.373833490629836e-12,-0.11381894974805158,-0.21097112304936996
20.78000000000045,0.8614755179900202,-1.3721012171706007e-12,-0.11381894974805407,-0.21097112304937857
20.79000000000045,0.861475517990001,-1.3703689036756182e-12,-0.11381894974805679,-0.21097112304938714
20.800000000000452,0.8614755179899817,-1.3686439518621192e-12,-0.11381894974805895,-0.21097112304939572
20.810000000000453,0.8614755179899625,-1.366921117963805e-12,-0.11381894974806166,-0.2109711230494043
20.820000000000455,0.8614755179899433,-1.3652039120404144e-12,-0.11381894974806411,-0.21097112304941285
20.830000000000457,0.8614755179899241,-1.3634922727283475e-12,-0.11381894974806676,-0.2109711230494214
20.840000000000458,0.8614755179899048,-1.361785517911551e-12,-0.11381894974806976,-0.21097112304942992
20.85000000000046,0.8614755179898856,-1.3600764740613273e-12,-0.11381894974807177,-0.21097112304943846
20.86000000000046,0.8614755179898665,-1.3583764268558428e-12,-0.11381894974807485,-0.21097112304944696
20.870000000000463,0.8614755179898476,-1.3566787308418123e-12,-0.11381894974807777,-0.21097112304945548
20.880000000000464,0.8614755179898287,-1.354980409320376e-12,-0.11381894974807998,-0.21097112304946394
20.890000000000466,0.8614755179898097,-1.3532848138269062e-12,-0.11381894974808283,-0.21097112304947244
20.900000000000468,0.8614755179897908,-1.3515899797695958e-12,-0.11381894974808525,-0.21097112304948087
20.91000000000047,0.861475517989772,-1.3498982781407421e-12,-0.1138189497480881,-0.2109711230494893
20.92000000000047,0.8614755179897531,-1.3482049029011717e-12,-0.11381894974809031,-0.21097112304949778
20.930000000000472,0.8614755179897342,-1.3465091070819524e-12,-0.11381894974809283,-0.2109711230495062
20.940000000000474,0.8614755179897154,-1.344824584662752e-12,-0.11381894974809521,-0.21097112304951454
20.950000000000475,0.8614755179896966,-1.3431516733076878e-12,-0.11381894974809752,-0.2109711230495229
20.960000000000477,0.8614755179896778,-1.3414926571089767e-12,-0.11381894974809997,-0.21097112304953128
20.97000000000048,0.861475517989659,-1.3398402995326894e-12,-0.11381894974810239,-0.21097112304953963
20.98000000000048,0.8614755179896403,-1.3381920463021858e-12,-0.11381894974810539,-0.210971123049548
20.99000000000048,0.8614755179896215,-1.3365394503705934e-12,-0.11381894974810775,-0.21097112304955634
21.000000000000483,0.8614755179896029,-1.3348925174383458e-12,-0.11381894974811037,-0.2109711230495647
21.010000000000485,0.8614755179895842,-1.3332399265878399e-12,-0.11381894974811242,-0.21097112304957302
21.020000000000486,0.8614755179895657,-1.3315953803272062e-12,-0.11381894974811499,-0.21097112304958132
21.030000000000488,0.8614755179895471,-1.329955923805219e-12,-0.11381894974811785,-0.21097112304958962
21.04000000000049,0.8614755179895286,-1.3283123854308454e-12,-0.11381894974812044,-0.21097112304959792
21.05000000000049,0.8614755179895099,-1.326679169999438e-12,-0.11381894974812246,-0.21097112304960625
21.060000000000493,0.8614755179894914,-1.3250476244538069e-12,-0.11381894974812491,-0.21097112304961455
21.070000000000494,0.8614755179894729,-1.3234056855808705e-12,-0.11381894974812785,-0.21097112304962284
21.080000000000496,0.8614755179894544,-1.3217673559077546e-12,-0.11381894974813027,-0.2109711230496311
21.090000000000497,0.8614755179894359,-1.3201407773371161e-12,-0.1138189497481326,-0.21097112304963933
21.1000000000005,0.8614755179894175,-1.318515232463108e-12,-0.11381894974813535,-0.21097112304964757
21.1100000000005,0.8614755179893991,-1.3168833333819236e-12,-0.1138189497481376,-0.21097112304965582
21.120000000000502,0.8614755179893807,-1.3152567628725202e-12,-0.11381894974814016,-0.21097112304966403
21.130000000000503,0.8614755179893622,-1.3136241948045828e-12,-0.1138189497481431,-0.21097112304967228
21.140000000000505,0.8614755179893439,-1.3119894009453333e-12,-0.11381894974814508,-0.21097112304968052
21.150000000000507,0.8614755179893256,-1.3103563839997467e-12,-0.11381894974814846,-0.2109711230496887
21.160000000000508,0.8614755179893073,-1.3087242482677032e-12,-0.11381894974815025,-0.2109711230496969
21.17000000000051,0.8614755179892891,-1.307099269752783e-12,-0.11381894974815253,-0.21097112304970508
21.18000000000051,0.861475517989271,-1.3054701765637637e-12,-0.11381894974815543,-0.21097112304971327
21.190000000000513,0.8614755179892527,-1.303848879581367e-12,-0.11381894974815797,-0.21097112304972143
21.200000000000514,0.8614755179892345,-1.3022241120537912e-12,-0.11381894974816044,-0.2109711230497296
21.210000000000516,0.8614755179892162,-1.3006054779653202e-12,-0.11381894974816259,-0.2109711230497377
21.220000000000518,0.8614755179891981,-1.298991210443144e-12,-0.11381894974816506,-0.2109711230497458
21.23000000000052,0.86147551798918,-1.2973831535481277e-12,-0.11381894974816716,-0.21097112304975393
21.24000000000052,0.8614755179891618,-1.295780540425747e-12,-0.11381894974817014,-0.210971123049762
21.250000000000522,0.8614755179891438,-1.294179319341507e-12,-0.11381894974817265,-0.2109711230497701
21.260000000000524,0.8614755179891256,-1.292578078222219e-12,-0.11381894974817483,-0.2109711230497782
21.270000000000525,0.8614755179891075,-1.2909694298121036e-12,-0.1138189497481776,-0.2109711230497863
21.280000000000527,0.8614755179890894,-1.2893602155278342e-12,-0.1138189497481802,-0.21097112304979437
21.29000000000053,0.8614755179890714,-1.2877493584505647e-12,-0.11381894974818285,-0.21097112304980245
21.30000000000053,0.8614755179890534,-1.2861389093579712e-12,-0.11381894974818557,-0.2109711230498105
21.31000000000053,0.8614755179890355,-1.2845280636877929e-12,-0.11381894974818751,-0.21097112304981855
21.320000000000533,0.8614755179890177,-1.2829159987884331e-12,-0.11381894974818987,-0.21097112304982654
21.330000000000535,0.8614755179889998,-1.2813098436178085e-12,-0.11381894974819241,-0.21097112304983454
21.340000000000536,0.8614755179889818,-1.279708363765366e-12,-0.11381894974819484,-0.21097112304984256
21.350000000000538,0.8614755179889638,-1.2781111668167238e-12,-0.1138189497481977,-0.2109711230498506
21.36000000000054,0.8614755179889461,-1.2765065320563646e-12,-0.11381894974820014,-0.2109711230498586
21.37000000000054,0.8614755179889282,-1.274899726675977e-12,-0.11381894974820234,-0.21097112304986657
21.380000000000543,0.8614755179889104,-1.2732920028480835e-12,-0.113818949748205,-0.21097112304987456
21.390000000000544,0.8614755179888927,-1.2716830197111627e-12,-0.11381894974820779,-0.21097112304988253
21.400000000000546,0.8614755179888749,-1.2700702754112554e-12,-0.11381894974821036,-0.21097112304989052
21.410000000000547,0.861475517988857,-1.2684493249872043e-12,-0.11381894974821265,-0.2109711230498985
21.42000000000055,0.8614755179888393,-1.2668270484932025e-12,-0.11381894974821562,-0.21097112304990648
21.43000000000055,0.8614755179888216,-1.2651937927392693e-12,-0.11381894974821813,-0.2109711230499144
21.440000000000552,0.8614755179888038,-1.26356183314359e-12,-0.11381894974822077,-0.2109711230499223
21.450000000000554,0.8614755179887862,-1.2619284010832457e-12,-0.11381894974822328,-0.21097112304993015
21.460000000000555,0.8614755179887688,-1.2603010001404779e-12,-0.11381894974822593,-0.210971123049938
21.470000000000557,0.8614755179887512,-1.2586766669064987e-12,-0.11381894974822779,-0.21097112304994586
21.480000000000558,0.8614755179887336,-1.2570558420550761e-12,-0.11381894974823062,-0.21097112304995372
21.49000000000056,0.861475517988716,-1.2554331513546014e-12,-0.11381894974823324,-0.21097112304996157
21.50000000000056,0.8614755179886986,-1.2538181842848992e-12,-0.11381894974823595,-0.21097112304996943
21.510000000000563,0.861475517988681,-1.2521957099577747e-12,-0.11381894974823879,-0.21097112304997728
21.520000000000564,0.8614755179886635,-1.2505638245232914e-12,-0.11381894974824079,-0.2109711230499851
21.530000000000566,0.8614755179886461,-1.2489342487653253e-12,-0.11381894974824358,-0.21097112304999288
21.540000000000568,0.8614755179886286,-1.2473033882747216e-12,-0.1138189497482462,-0.21097112305000068
21.55000000000057,0.8614755179886112,-1.2456742184921552e-12,-0.1138189497482487,-0.21097112305000848
21.56000000000057,0.8614755179885937,-1.244036854235136e-12,-0.11381894974825148,-0.2109711230500163
21.570000000000572,0.8614755179885762,-1.2423964314385033e-12,-0.11381894974825393,-0.21097112305002405
21.580000000000574,0.8614755179885588,-1.2407574757592821e-12,-0.11381894974825657,-0.21097112305003182
21.590000000000575,0.8614755179885414,-1.2391108018264186e-12,-0.11381894974825939,-0.21097112305003962
21.600000000000577,0.8614755179885242,-1.237460798775827e-12,-0.11381894974826175,-0.21097112305004737
21.61000000000058,0.861475517988507,-1.2358133194454612e-12,-0.11381894974826444,-0.21097112305005508
21.62000000000058,0.8614755179884898,-1.2341705599564308e-12,-0.11381894974826683,-0.2109711230500628
21.63000000000058,0.8614755179884724,-1.2325322464647917e-12,-0.11381894974826919,-0.2109711230500705
21.640000000000583,0.8614755179884552,-1.2308987823344134e-12,-0.11381894974827199,-0.2109711230500782
21.650000000000585,0.861475517988438,-1.2292653984581822e-12,-0.11381894974827453,-0.21097112305008586
21.660000000000586,0.8614755179884208,-1.227634549653132e-12,-0.11381894974827703,-0.2109711230500935
21.670000000000588,0.8614755179884037,-1.2260056728617245e-12,-0.11381894974827969,-0.21097112305010113
21.68000000000059,0.8614755179883866,-1.2243813309587719e-12,-0.11381894974828212,-0.21097112305010876
21.69000000000059,0.8614755179883695,-1.2227593463274457e-12,-0.11381894974828438,-0.21097112305011642
21.700000000000593,0.8614755179883523,-1.2211342557375104e-12,-0.11381894974828735,-0.21097112305012408
21.710000000000594,0.8614755179883352,-1.219503774445779e-12,-0.11381894974828982,-0.2109711230501317
21.720000000000596,0.8614755179883181,-1.2178769079922943e-12,-0.11381894974829246,-0.21097112305013932
21.730000000000597,0.861475517988301,-1.2162496767567862e-12,-0.11381894974829482,-0.21097112305014692
21.7400000000006,0.861475517988284,-1.2146221434823434e-12,-0.11381894974829798,-0.2109711230501545
21.7500000000006,0.861475517988267,-1.2129991135657096e-12,-0.11381894974829992,-0.21097112305016202
21.760000000000602,0.8614755179882502,-1.2113862538732165e-12,-0.11381894974830253,-0.2109711230501696
21.770000000000604,0.8614755179882332,-1.2097742894751494e-12,-0.11381894974830482,-0.21097112305017718
21.780000000000605,0.8614755179882163,-1.2081664953282298e-12,-0.11381894974830767,-0.2109711230501847
21.790000000000607,0.8614755179881994,-1.2065639366200344e-12,-0.11381894974830971,-0.21097112305019225
21.80000000000061,0.8614755179881826,-1.2049596530835267e-12,-0.11381894974831219,-0.21097112305019974
21.81000000000061,0.8614755179881657,-1.2033625998057365e-12,-0.11381894974831473,-0.21097112305020727
21.82000000000061,0.8614755179881488,-1.2017642951423326e-12,-0.11381894974831717,-0.21097112305021476
21.830000000000613,0.861475517988132,-1.2001792681531987e-12,-0.11381894974831937,-0.21097112305022223
21.840000000000614,0.8614755179881153,-1.1986043106871012e-12,-0.11381894974832174,-0.21097112305022964
21.850000000000616,0.8614755179880985,-1.1970412283748398e-12,-0.1138189497483239,-0.21097112305023705
21.860000000000618,0.8614755179880816,-1.195498252122e-12,-0.11381894974832577,-0.21097112305024449
21.87000000000062,0.8614755179880649,-1.1939687708177257e-12,-0.11381894974832846,-0.21097112305025195
21.88000000000062,0.8614755179880481,-1.192442381045996e-12,-0.1138189497483307,-0.21097112305025936
21.890000000000622,0.8614755179880315,-1.1909173478834456e-12,-0.11381894974833322,-0.21097112305026677
21.900000000000624,0.8614755179880148,-1.1893964519490531e-12,-0.11381894974833529,-0.21097112305027416
21.910000000000625,0.8614755179879983,-1.1878877661954078e-12,-0.11381894974833758,-0.2109711230502815
21.920000000000627,0.8614755179879815,-1.1863916883943627e-12,-0.11381894974833948,-0.2109711230502889
21.93000000000063,0.861475517987965,-1.1849024879487402e-12,-0.11381894974834139,-0.21097112305029622
21.94000000000063,0.8614755179879484,-1.1834241513150184e-12,-0.11381894974834413,-0.21097112305030358
21.95000000000063,0.8614755179879318,-1.1819459106312977e-12,-0.1138189497483462,-0.21097112305031093
21.960000000000633,0.8614755179879153,-1.1804686105833477e-12,-0.1138189497483483,-0.21097112305031826
21.970000000000635,0.8614755179878989,-1.1789947767077816e-12,-0.11381894974835052,-0.2109711230503256
21.980000000000636,0.8614755179878824,-1.1775309125559793e-12,-0.11381894974835263,-0.21097112305033291
21.990000000000638,0.8614755179878659,-1.1760716702481043e-12,-0.11381894974835512,-0.21097112305034021
22.00000000000064,0.8614755179878494,-1.174618441496394e-12,-0.11381894974835696,-0.21097112305034751
22.01000000000064,0.861475517987833,-1.1731712015857214e-12,-0.11381894974835931,-0.21097112305035481
22.020000000000643,0.8614755179878164,-1.1717271456098634e-12,-0.11381894974836135,-0.2109711230503621
22.030000000000644,0.8614755179878,-1.1702844148420537e-12,-0.11381894974836403,-0.21097112305036944
22.040000000000646,0.8614755179877837,-1.1688309655354674e-12,-0.11381894974836654,-0.2109711230503767
22.050000000000647,0.8614755179877672,-1.1673720100308986e-12,-0.1138189497483684,-0.210971123050384
22.06000000000065,0.861475517987751,-1.1659158843361258e-12,-0.1138189497483708,-0.21097112305039123
22.07000000000065,0.8614755179877347,-1.1644580296885764e-12,-0.11381894974837298,-0.2109711230503985
22.080000000000652,0.8614755179877185,-1.163004196276026e-12,-0.11381894974837516,-0.21097112305040575
22.090000000000654,0.8614755179877022,-1.161560278973633e-12,-0.11381894974837756,-0.210971123050413
22.100000000000655,0.861475517987686,-1.160112640323468e-12,-0.11381894974837961,-0.2109711230504202
22.110000000000657,0.8614755179876697,-1.1586605166164265e-12,-0.1138189497483822,-0.21097112305042742
22.12000000000066,0.8614755179876536,-1.1572032634548173e-12,-0.11381894974838454,-0.21097112305043464
22.13000000000066,0.8614755179876374,-1.155743247778546e-12,-0.11381894974838626,-0.21097112305044183
22.14000000000066,0.8614755179876213,-1.1542860862196865e-12,-0.11381894974838858,-0.21097112305044896
22.150000000000663,0.8614755179876051,-1.1528334249011317e-12,-0.11381894974839095,-0.2109711230504561
22.160000000000664,0.8614755179875889,-1.151385795272082e-12,-0.1138189497483934,-0.21097112305046328
22.170000000000666,0.8614755179875728,-1.149930584925299e-12,-0.11381894974839589,-0.21097112305047047
22.180000000000668,0.8614755179875566,-1.148471954577918e-12,-0.11381894974839817,-0.21097112305047766
22.19000000000067,0.8614755179875406,-1.1470084802204187e-12,-0.1138189497484007,-0.21097112305048477
22.20000000000067,0.8614755179875245,-1.1455449791254113e-12,-0.11381894974840293,-0.2109711230504919
22.210000000000672,0.8614755179875084,-1.144087984964192e-12,-0.11381894974840513,-0.210971123050499
22.220000000000674,0.8614755179874924,-1.1426288342830593e-12,-0.11381894974840766,-0.21097112305050614
22.230000000000675,0.8614755179874766,-1.1411710941936656e-12,-0.11381894974840928,-0.21097112305051322
22.240000000000677,0.8614755179874606,-1.1397188925715836e-12,-0.1138189497484116,-0.2109711230505203
22.25000000000068,0.8614755179874447,-1.1382623614716414e-12,-0.11381894974841424,-0.2109711230505274
22.26000000000068,0.8614755179874287,-1.136801041346268e-12,-0.11381894974841644,-0.21097112305053448
22.27000000000068,0.8614755179874128,-1.135346849591959e-12,-0.11381894974841839,-0.2109711230505415
22.280000000000683,0.8614755179873971,-1.1338990189177206e-12,-0.11381894974842094,-0.21097112305054855
22.290000000000685,0.8614755179873812,-1.1324482402636755e-12,-0.11381894974842309,-0.2109711230505556
22.300000000000686,0.8614755179873653,-1.1309995441993173e-12,-0.11381894974842557,-0.21097112305056268
22.310000000000688,0.8614755179873496,-1.1295442230859031e-12,-0.11381894974842806,-0.21097112305056975
22.32000000000069,0.8614755179873337,-1.1280798333602951e-12,-0.11381894974843024,-0.21097112305057678
22.33000000000069,0.8614755179873178,-1.1266185308843642e-12,-0.1138189497484326,-0.2109711230505838
22.340000000000693,0.861475517987302,-1.1251571014272898e-12,-0.11381894974843466,-0.21097112305059082
22.350000000000694,0.8614755179872864,-1.123699774353833e-12,-0.11381894974843738,-0.21097112305059781
22.360000000000696,0.8614755179872706,-1.1222413200600368e-12,-0.11381894974843934,-0.21097112305060486
22.370000000000697,0.8614755179872549,-1.1207915957202227e-12,-0.11381894974844158,-0.21097112305061183
22.3800000000007,0.8614755179872392,-1.119345137305655e-12,-0.1138189497484435,-0.21097112305061877
22.3900000000007,0.8614755179872235,-1.1179146882118797e-12,-0.11381894974844599,-0.2109711230506257
22.400000000000702,0.861475517987208,-1.1164876774310177e-12,-0.11381894974844772,-0.21097112305063265
22.410000000000704,0.8614755179871924,-1.115071575272174e-12,-0.11381894974845025,-0.21097112305063956
22.420000000000705,0.8614755179871768,-1.1136630065139815e-12,-0.113818949748452,-0.2109711230506465
22.430000000000707,0.8614755179871613,-1.112254803966419e-12,-0.11381894974845422,-0.2109711230506534
22.44000000000071,0.8614755179871457,-1.1108493505586552e-12,-0.11381894974845616,-0.21097112305066035
22.45000000000071,0.8614755179871302,-1.1094476226839384e-12,-0.11381894974845848,-0.2109711230506672
22.46000000000071,0.8614755179871147,-1.108049758271165e-12,-0.1138189497484603,-0.2109711230506741
22.470000000000713,0.8614755179870992,-1.1066616045491597e-12,-0.11381894974846232,-0.210971123050681
22.480000000000715,0.8614755179870837,-1.1052692348986248e-12,-0.113818949748465,-0.21097112305068785
22.490000000000716,0.8614755179870682,-1.1038757984173072e-12,-0.11381894974846724,-0.21097112305069476
22.500000000000718,0.8614755179870528,-1.1024809631490843e-12,-0.11381894974846905,-0.21097112305070165
22.51000000000072,0.8614755179870374,-1.1010911374776148e-12,-0.11381894974847159,-0.2109711230507085
22.52000000000072,0.8614755179870219,-1.0996976163049263e-12,-0.11381894974847354,-0.21097112305071533
22.530000000000722,0.8614755179870065,-1.0983088676704664e-12,-0.11381894974847592,-0.2109711230507222
22.540000000000724,0.8614755179869912,-1.0969290820900418e-12,-0.11381894974847775,-0.21097112305072896
22.550000000000725,0.861475517986976,-1.0955542659569162e-12,-0.11381894974847968,-0.21097112305073576
22.560000000000727,0.8614755179869606,-1.094192740143767e-12,-0.11381894974848156,-0.21097112305074256
22.57000000000073,0.8614755179869453,-1.0928279072447329e-12,-0.11381894974848386,-0.2109711230507494
22.58000000000073,0.8614755179869301,-1.0914667619754263e-12,-0.11381894974848615,-0.21097112305075616
22.59000000000073,0.8614755179869149,-1.0901014730121905e-12,-0.1138189497484883,-0.210971123050763
22.600000000000733,0.8614755179868997,-1.0887372317993332e-12,-0.11381894974848991,-0.21097112305076976
22.610000000000735,0.8614755179868845,-1.0873813754461898e-12,-0.11381894974849233,-0.21097112305077656
22.620000000000736,0.8614755179868694,-1.0860227397738097e-12,-0.11381894974849464,-0.2109711230507833
22.630000000000738,0.8614755179868543,-1.0846684636153759e-12,-0.11381894974849656,-0.21097112305079005
22.64000000000074,0.8614755179868391,-1.0833139565142295e-12,-0.11381894974849846,-0.21097112305079682
22.65000000000074,0.8614755179868239,-1.0819504642631806e-12,-0.11381894974850104,-0.21097112305080362
22.660000000000743,0.8614755179868088,-1.0805840231152287e-12,-0.11381894974850335,-0.21097112305081037
22.670000000000744,0.8614755179867937,-1.0792202555477579e-12,-0.1138189497485049,-0.21097112305081714
22.680000000000746,0.8614755179867785,-1.0778604245814404e-12,-0.11381894974850743,-0.21097112305082386
22.690000000000747,0.8614755179867634,-1.0765033373790378e-12,-0.11381894974850933,-0.21097112305083057
22.70000000000075,0.8614755179867484,-1.075151406179701e-12,-0.11381894974851159,-0.21097112305083726
22.71000000000075,0.8614755179867334,-1.0738008710280425e-12,-0.11381894974851328,-0.21097112305084395
22.720000000000752,0.8614755179867184,-1.072455337149763e-12,-0.11381894974851517,-0.2109711230508506
22.730000000000754,0.8614755179867034,-1.0711181322091623e-12,-0.1138189497485176,-0.2109711230508573
22.740000000000755,0.8614755179866885,-1.0697807864404155e-12,-0.11381894974851958,-0.21097112305086396
22.750000000000757,0.8614755179866737,-1.068446188387502e-12,-0.11381894974852147,-0.21097112305087065
22.76000000000076,0.8614755179866587,-1.0671165142834067e-12,-0.11381894974852337,-0.21097112305087729
22.77000000000076,0.8614755179866438,-1.0657901057562601e-12,-0.11381894974852565,-0.21097112305088392
22.78000000000076,0.861475517986629,-1.0644659287274163e-12,-0.11381894974852758,-0.21097112305089052
22.790000000000763,0.8614755179866143,-1.0631516434496057e-12,-0.11381894974852913,-0.21097112305089716
22.800000000000765,0.8614755179865995,-1.0618420469300876e-12,-0.11381894974853134,-0.21097112305090376
22.810000000000766,0.8614755179865845,-1.060532109677707e-12,-0.11381894974853377,-0.2109711230509104
22.820000000000768,0.8614755179865697,-1.059217256358391e-12,-0.11381894974853571,-0.210971123050917
22.83000000000077,0.861475517986555,-1.0579038125590703e-12,-0.11381894974853776,-0.2109711230509236
22.84000000000077,0.8614755179865403,-1.056586396603578e-12,-0.1138189497485396,-0.21097112305093016
22.850000000000772,0.8614755179865256,-1.0552826602217094e-12,-0.11381894974854156,-0.2109711230509367
22.860000000000774,0.8614755179865109,-1.0539809890049272e-12,-0.11381894974854351,-0.21097112305094326
22.870000000000775,0.8614755179864964,-1.0526844871684818e-12,-0.11381894974854537,-0.21097112305094978
22.880000000000777,0.8614755179864817,-1.0513921899123368e-12,-0.11381894974854695,-0.2109711230509563
22.89000000000078,0.8614755179864672,-1.0501119460955948e-12,-0.11381894974854927,-0.21097112305096283
22.90000000000078,0.8614755179864526,-1.0488296448214894e-12,-0.11381894974855114,-0.21097112305096935
22.91000000000078,0.8614755179864381,-1.0475515563229785e-12,-0.11381894974855324,-0.21097112305097585
22.920000000000783,0.8614755179864236,-1.0462739382789868e-12,-0.1138189497485549,-0.21097112305098234
22.930000000000785,0.8614755179864092,-1.0449936058325049e-12,-0.11381894974855716,-0.21097112305098886
22.940000000000786,0.8614755179863948,-1.0437079408289048e-12,-0.11381894974855919,-0.21097112305099538
22.950000000000788,0.8614755179863803,-1.042418981797755e-12,-0.11381894974856097,-0.21097112305100185
22.96000000000079,0.861475517986366,-1.0411357069115826e-12,-0.11381894974856303,-0.21097112305100835
22.97000000000079,0.8614755179863517,-1.039854655131373e-12,-0.1138189497485649,-0.21097112305101481
22.980000000000793,0.8614755179863373,-1.0385673779806553e-12,-0.11381894974856692,-0.21097112305102128
22.990000000000794,0.8614755179863228,-1.0372863887191788e-12,-0.11381894974856936,-0.21097112305102778
23.000000000000796,0.8614755179863084,-1.0359926006244927e-12,-0.11381894974857096,-0.21097112305103424
23.010000000000797,0.8614755179862941,-1.0346888247241618e-12,-0.11381894974857332,-0.2109711230510407
23.0200000000008,0.8614755179862797,-1.033383298786074e-12,-0.11381894974857558,-0.21097112305104715
23.0300000000008,0.8614755179862653,-1.0320741882084166e-12,-0.11381894974857736,-0.2109711230510536
23.040000000000802,0.861475517986251,-1.0307633622158037e-12,-0.11381894974857965,-0.21097112305106003
23.050000000000804,0.8614755179862367,-1.0294470247878994e-12,-0.11381894974858181,-0.21097112305106644
23.060000000000805,0.8614755179862225,-1.0281337104005357e-12,-0.11381894974858381,-0.21097112305107285
23.070000000000807,0.8614755179862083,-1.0268175524341723e-12,-0.11381894974858571,-0.21097112305107926
23.08000000000081,0.8614755179861938,-1.0254929005306919e-12,-0.11381894974858807,-0.2109711230510857
23.09000000000081,0.8614755179861796,-1.0241633551064055e-12,-0.11381894974859028,-0.21097112305109206
23.10000000000081,0.8614755179861654,-1.0228322024820928e-12,-0.1138189497485922,-0.21097112305109844
23.110000000000813,0.8614755179861513,-1.0215042682286996e-12,-0.11381894974859444,-0.21097112305110477
23.120000000000815,0.8614755179861371,-1.0201785957193749e-12,-0.1138189497485962,-0.21097112305111115
23.130000000000816,0.8614755179861231,-1.0188491730340774e-12,-0.11381894974859841,-0.21097112305111745
23.140000000000818,0.861475517986109,-1.017522854984841e-12,-0.11381894974860063,-0.21097112305112378
23.15000000000082,0.861475517986095,-1.0161956733551596e-12,-0.11381894974860261,-0.21097112305113008
23.16000000000082,0.8614755179860809,-1.0148723760012452e-12,-0.11381894974860461,-0.21097112305113638
23.170000000000822,0.8614755179860668,-1.0135572543744189e-12,-0.11381894974860611,-0.21097112305114268
23.180000000000824,0.8614755179860528,-1.0122431972307356e-12,-0.11381894974860826,-0.21097112305114896
23.190000000000826,0.8614755179860387,-1.0109296208419016e-12,-0.11381894974861027,-0.21097112305115526
23.200000000000827,0.8614755179860247,-1.00961470860042e-12,-0.1138189497486124,-0.21097112305116156
23.21000000000083,0.8614755179860106,-1.0082936057882404e-12,-0.11381894974861467,-0.21097112305116783
23.22000000000083,0.8614755179859966,-1.006972850618274e-12,-0.113818949748617,-0.21097112305117416
23.23000000000083,0.8614755179859827,-1.0056474712403012e-12,-0.11381894974861914,-0.2109711230511804
23.240000000000833,0.8614755179859687,-1.0043179894480485e-12,-0.11381894974862099,-0.21097112305118668
23.250000000000835,0.8614755179859548,-1.0029890426335887e-12,-0.11381894974862337,-0.21097112305119295
23.260000000000836,0.8614755179859408,-1.0016508177562012e-12,-0.11381894974862536,-0.2109711230511992
23.270000000000838,0.8614755179859268,-1.0003093109116268e-12,-0.11381894974862772,-0.21097112305120544
23.28000000000084,0.8614755179859129,-9.989640787427547e-13,-0.11381894974863,-0.21097112305121168
23.29000000000084,0.861475517985899,-9.97623087957845e-13,-0.11381894974863185,-0.2109711230512179
23.300000000000843,0.8614755179858852,-9.962816884204703e-13,-0.11381894974863378,-0.2109711230512241
23.310000000000844,0.8614755179858714,-9.9494916671305e-13,-0.11381894974863617,-0.2109711230512303
23.320000000000846,0.8614755179858576,-9.936158024079593e-13,-0.113818949748638,-0.2109711230512365
23.330000000000847,0.8614755179858439,-9.922830254396588e-13,-0.11381894974864024,-0.21097112305124266
23.34000000000085,0.8614755179858302,-9.909492455266483e-13,-0.11381894974864218,-0.21097112305124877
23.35000000000085,0.8614755179858165,-9.896155148603702e-13,-0.11381894974864425,-0.21097112305125493
23.360000000000852,0.8614755179858027,-9.882827362174745e-13,-0.11381894974864637,-0.2109711230512611
23.370000000000854,0.8614755179857889,-9.869505487552784e-13,-0.11381894974864819,-0.21097112305126722
23.380000000000855,0.8614755179857752,-9.856295795988117e-13,-0.11381894974865005,-0.21097112305127333
23.390000000000857,0.8614755179857615,-9.843167024833946e-13,-0.11381894974865212,-0.21097112305127946
23.40000000000086,0.8614755179857477,-9.829974947243355e-13,-0.11381894974865452,-0.21097112305128557
23.41000000000086,0.8614755179857341,-9.816812652829626e-13,-0.11381894974865643,-0.21097112305129168
23.42000000000086,0.8614755179857204,-9.803716001368004e-13,-0.11381894974865844,-0.21097112305129775
23.430000000000863,0.8614755179857068,-9.790601329891407e-13,-0.11381894974866036,-0.21097112305130383
23.440000000000865,0.8614755179856932,-9.77750767138006e-13,-0.11381894974866254,-0.21097112305130988
23.450000000000866,0.8614755179856797,-9.764347874798793e-13,-0.11381894974866497,-0.21097112305131596
23.460000000000868,0.861475517985666,-9.751229135754871e-13,-0.11381894974866684,-0.21097112305132204
23.47000000000087,0.8614755179856524,-9.738053413770052e-13,-0.11381894974866912,-0.21097112305132815
23.48000000000087,0.8614755179856388,-9.724881189461512e-13,-0.1138189497486709,-0.21097112305133417
23.490000000000872,0.8614755179856254,-9.711793047261624e-13,-0.11381894974867308,-0.2109711230513402
23.500000000000874,0.861475517985612,-9.698757104125789e-13,-0.11381894974867496,-0.2109711230513462
23.510000000000876,0.8614755179855985,-9.685757365787616e-13,-0.11381894974867678,-0.2109711230513522
23.520000000000877,0.8614755179855851,-9.672818850012996e-13,-0.11381894974867891,-0.2109711230513582
23.53000000000088,0.8614755179855718,-9.659947579772958e-13,-0.11381894974868118,-0.21097112305136423
23.54000000000088,0.8614755179855583,-9.647033569961676e-13,-0.1138189497486828,-0.2109711230513702
23.550000000000882,0.8614755179855449,-9.634203337823825e-13,-0.11381894974868478,-0.2109711230513762
23.560000000000883,0.8614755179855315,-9.621408313912815e-13,-0.11381894974868684,-0.21097112305138216
23.570000000000885,0.861475517985518,-9.608648197647099e-13,-0.11381894974868889,-0.21097112305138815
23.580000000000886,0.8614755179855046,-9.59593241892741e-13,-0.11381894974869061,-0.21097112305139412
23.590000000000888,0.8614755179854913,-9.583234001426614e-13,-0.113818949748693,-0.21097112305140006
23.60000000000089,0.861475517985478,-9.570579881987822e-13,-0.11381894974869468,-0.210971123051406
23.61000000000089,0.8614755179854646,-9.558017045605274e-13,-0.11381894974869612,-0.2109711230514119
23.620000000000893,0.8614755179854513,-9.545547849903366e-13,-0.11381894974869824,-0.21097112305141782
23.630000000000894,0.8614755179854381,-9.533112531073333e-13,-0.11381894974869981,-0.21097112305142368
23.640000000000896,0.8614755179854248,-9.52077546862052e-13,-0.11381894974870194,-0.2109711230514296
23.650000000000897,0.8614755179854114,-9.508463027983048e-13,-0.11381894974870342,-0.2109711230514355
23.6600000000009,0.8614755179853981,-9.496183795425132e-13,-0.11381894974870548,-0.21097112305144142
23.6700000000009,0.8614755179853848,-9.48396067500369e-13,-0.11381894974870736,-0.2109711230514473
23.680000000000902,0.8614755179853717,-9.471903651753983e-13,-0.11381894974870893,-0.21097112305145316
23.690000000000904,0.8614755179853586,-9.459963037821944e-13,-0.11381894974871087,-0.21097112305145896
23.700000000000905,0.8614755179853455,-9.448109375329035e-13,-0.11381894974871246,-0.21097112305146482
23.710000000000907,0.8614755179853324,-9.436315238829277e-13,-0.1138189497487143,-0.2109711230514707
23.72000000000091,0.8614755179853193,-9.42443560464922e-13,-0.11381894974871616,-0.21097112305147656
23.73000000000091,0.8614755179853063,-9.412528418456213e-13,-0.11381894974871784,-0.21097112305148238
23.74000000000091,0.8614755179852931,-9.400676134160552e-13,-0.11381894974871988,-0.21097112305148827
23.750000000000913,0.86147551798528,-9.388785038207964e-13,-0.11381894974872139,-0.21097112305149412
23.760000000000915,0.8614755179852669,-9.376904693192304e-13,-0.11381894974872356,-0.21097112305149995
23.770000000000916,0.8614755179852538,-9.364980498719193e-13,-0.11381894974872526,-0.21097112305150578
23.780000000000918,0.8614755179852408,-9.353073899415204e-13,-0.11381894974872732,-0.21097112305151158
23.79000000000092,0.8614755179852278,-9.341182722348914e-13,-0.11381894974872929,-0.2109711230515174
23.80000000000092,0.8614755179852148,-9.329296157100671e-13,-0.113818949748731,-0.21097112305152319
23.810000000000922,0.8614755179852017,-9.317370339882679e-13,-0.11381894974873309,-0.21097112305152899
23.820000000000924,0.8614755179851888,-9.305412856574646e-13,-0.11381894974873456,-0.2109711230515348
23.830000000000926,0.861475517985176,-9.293420391996858e-13,-0.11381894974873696,-0.21097112305154053
23.840000000000927,0.861475517985163,-9.281368037651503e-13,-0.11381894974873852,-0.21097112305154636
23.85000000000093,0.86147551798515,-9.269275250263995e-13,-0.11381894974874077,-0.21097112305155213
23.86000000000093,0.8614755179851369,-9.257125321814362e-13,-0.11381894974874313,-0.21097112305155793
23.870000000000932,0.861475517985124,-9.244914715006343e-13,-0.11381894974874507,-0.2109711230515637
23.880000000000933,0.8614755179851112,-9.232675231273388e-13,-0.11381894974874661,-0.21097112305156943
23.890000000000935,0.8614755179850985,-9.22052009244238e-13,-0.11381894974874857,-0.21097112305157514
23.900000000000936,0.8614755179850856,-9.208437678455597e-13,-0.11381894974875018,-0.21097112305158086
23.910000000000938,0.8614755179850728,-9.196422647929647e-13,-0.11381894974875202,-0.21097112305158655
23.92000000000094,0.8614755179850602,-9.184511960110654e-13,-0.11381894974875381,-0.2109711230515922
23.93000000000094,0.8614755179850475,-9.172789987093415e-13,-0.11381894974875485,-0.21097112305159788
23.940000000000943,0.8614755179850346,-9.161213667125272e-13,-0.11381894974875693,-0.21097112305160354
23.950000000000944,0.8614755179850219,-9.149671009209227e-13,-0.11381894974875822,-0.21097112305160926
23.960000000000946,0.8614755179850091,-9.138131215447774e-13,-0.11381894974875999,-0.21097112305161492
23.970000000000947,0.8614755179849963,-9.126596775123673e-13,-0.11381894974876207,-0.21097112305162058
23.98000000000095,0.8614755179849837,-9.115157527988905e-13,-0.11381894974876393,-0.21097112305162627
23.99000000000095,0.861475517984971,-9.103684694730988e-13,-0.11381894974876541,-0.2109711230516319
24.000000000000952,0.8614755179849583,-9.092223436546286e-13,-0.1138189497487671,-0.21097112305163754
24.010000000000954,0.8614755179849456,-9.080805949766064e-13,-0.11381894974876916,-0.21097112305164317
24.020000000000955,0.8614755179849329,-9.069393125028763e-13,-0.11381894974877103,-0.21097112305164878
24.030000000000957,0.8614755179849204,-9.057985149380975e-13,-0.11381894974877237,-0.21097112305165439
24.04000000000096,0.8614755179849077,-9.046525123127857e-13,-0.11381894974877454,-0.21097112305166008
24.05000000000096,0.861475517984895,-9.035049961542071e-13,-0.11381894974877677,-0.21097112305166574
24.06000000000096,0.8614755179848823,-9.023464189910233e-13,-0.11381894974877904,-0.21097112305167137
24.070000000000963,0.8614755179848698,-9.011719623539631e-13,-0.11381894974878089,-0.210971123051677
24.080000000000965,0.8614755179848572,-8.999876702358652e-13,-0.11381894974878244,-0.21097112305168259
24.090000000000966,0.8614755179848448,-8.988019099197664e-13,-0.11381894974878426,-0.21097112305168814
24.100000000000968,0.8614755179848322,-8.976153709639634e-13,-0.11381894974878652,-0.21097112305169374
24.11000000000097,0.8614755179848199,-8.964292992690237e-13,-0.11381894974878803,-0.2109711230516993
24.12000000000097,0.8614755179848075,-8.952450098005243e-13,-0.11381894974879006,-0.21097112305170485
24.130000000000972,0.8614755179847952,-8.940629595668128e-13,-0.11381894974879203,-0.2109711230517104
24.140000000000974,0.8614755179847826,-8.928753590792055e-13,-0.11381894974879356,-0.21097112305171592
24.150000000000976,0.8614755179847702,-8.916949968307282e-13,-0.11381894974879558,-0.21097112305172144
24.160000000000977,0.8614755179847577,-8.905161145816009e-13,-0.11381894974879722,-0.21097112305172697
24.17000000000098,0.8614755179847454,-8.89340763587604e-13,-0.11381894974879916,-0.21097112305173252
24.18000000000098,0.8614755179847331,-8.88158982574898e-13,-0.11381894974880125,-0.21097112305173807
24.190000000000982,0.8614755179847207,-8.869782322821137e-13,-0.11381894974880333,-0.21097112305174362
24.200000000000983,0.8614755179847083,-8.857901700971852e-13,-0.11381894974880508,-0.21097112305174912
24.210000000000985,0.861475517984696,-8.846070607186771e-13,-0.11381894974880703,-0.21097112305175458
24.220000000000987,0.8614755179846837,-8.834353045314885e-13,-0.11381894974880849,-0.21097112305176002
24.230000000000988,0.8614755179846715,-8.822678330653798e-13,-0.11381894974881021,-0.2109711230517655
24.24000000000099,0.861475517984659,-8.811068789115384e-13,-0.11381894974881201,-0.210971123051771
24.25000000000099,0.8614755179846467,-8.799444082116409e-13,-0.11381894974881392,-0.21097112305177645
24.260000000000993,0.8614755179846344,-8.787851523352462e-13,-0.11381894974881576,-0.21097112305178192
24.270000000000994,0.8614755179846221,-8.776295368163761e-13,-0.11381894974881757,-0.21097112305178736
24.280000000000996,0.8614755179846099,-8.764723209830977e-13,-0.11381894974881937,-0.2109711230517928
24.290000000000997,0.8614755179845976,-8.753249763376068e-13,-0.11381894974882084,-0.2109711230517982
24.300000000001,0.8614755179845855,-8.741877609715637e-13,-0.11381894974882258,-0.2109711230518036
24.310000000001,0.8614755179845734,-8.73065266263073e-13,-0.11381894974882431,-0.21097112305180896
24.320000000001002,0.8614755179845613,-8.719497533044222e-13,-0.11381894974882562,-0.21097112305181434
24.330000000001004,0.8614755179845494,-8.708363731156437e-13,-0.11381894974882749,-0.21097112305181973
24.340000000001005,0.8614755179845371,-8.697275464013211e-13,-0.11381894974882915,-0.21097112305182517
24.350000000001007,0.8614755179845249,-8.686204469836239e-13,-0.11381894974883097,-0.21097112305183058
24.36000000000101,0.8614755179845129,-8.675134925450848e-13,-0.1138189497488326,-0.210971123051836
24.37000000000101,0.8614755179845008,-8.664071256724252e-13,-0.1138189497488342,-0.21097112305184135
24.38000000000101,0.8614755179844887,-8.653035869658652e-13,-0.11381894974883563,-0.21097112305184673
24.390000000001013,0.8614755179844767,-8.642021700836302e-13,-0.11381894974883759,-0.21097112305185212
24.400000000001015,0.8614755179844646,-8.631038642272912e-13,-0.11381894974883958,-0.2109711230518575
24.410000000001016,0.8614755179844527,-8.620108400206761e-13,-0.11381894974884087,-0.21097112305186283
24.420000000001018,0.8614755179844408,-8.609273462400208e-13,-0.11381894974884274,-0.2109711230518682
24.43000000000102,0.8614755179844288,-8.598455303936642e-13,-0.11381894974884389,-0.21097112305187352
24.44000000000102,0.8614755179844168,-8.587725027500246e-13,-0.11381894974884571,-0.21097112305187884
24.450000000001022,0.8614755179844047,-8.577050805932545e-13,-0.11381894974884749,-0.21097112305188423
24.460000000001024,0.8614755179843928,-8.566355447628149e-13,-0.11381894974884946,-0.2109711230518896
24.470000000001026,0.8614755179843808,-8.555634950188208e-13,-0.113818949748851,-0.21097112305189494
24.480000000001027,0.8614755179843688,-8.544872598171426e-13,-0.11381894974885245,-0.21097112305190024
24.49000000000103,0.861475517984357,-8.534251949135571e-13,-0.11381894974885376,-0.21097112305190555
24.50000000000103,0.8614755179843451,-8.523656554377623e-13,-0.11381894974885527,-0.21097112305191085
24.510000000001032,0.8614755179843333,-8.513174284351084e-13,-0.11381894974885733,-0.2109711230519161
24.520000000001033,0.8614755179843215,-8.50276517021999e-13,-0.11381894974885862,-0.21097112305192137
24.530000000001035,0.8614755179843098,-8.492448172623773e-13,-0.11381894974885998,-0.2109711230519266
24.540000000001037,0.8614755179842981,-8.482152890465663e-13,-0.11381894974886114,-0.21097112305193189
24.550000000001038,0.8614755179842862,-8.471952059527608e-13,-0.11381894974886297,-0.2109711230519372
24.56000000000104,0.8614755179842745,-8.461687922839895e-13,-0.11381894974886457,-0.2109711230519425
24.57000000000104,0.8614755179842627,-8.451382235848378e-13,-0.11381894974886632,-0.21097112305194776
24.580000000001043,0.861475517984251,-8.441015862330763e-13,-0.11381894974886811,-0.21097112305195306
24.590000000001044,0.8614755179842393,-8.4305927191947e-13,-0.11381894974886955,-0.21097112305195836
24.600000000001046,0.8614755179842275,-8.420130834925022e-13,-0.11381894974887197,-0.2109711230519636
24.610000000001047,0.8614755179842157,-8.409597265114257e-13,-0.11381894974887313,-0.21097112305196886
24.62000000000105,0.8614755179842041,-8.399106932308025e-13,-0.11381894974887466,-0.21097112305197405
24.63000000000105,0.8614755179841924,-8.388688711296152e-13,-0.11381894974887667,-0.21097112305197924
24.640000000001052,0.8614755179841809,-8.378243340591808e-13,-0.1138189497488779,-0.21097112305198445
24.650000000001054,0.8614755179841692,-8.367825900026177e-13,-0.11381894974887918,-0.21097112305198965
24.660000000001055,0.8614755179841574,-8.357464072477133e-13,-0.11381894974888125,-0.2109711230519949
24.670000000001057,0.8614755179841458,-8.347093495241099e-13,-0.11381894974888283,-0.21097112305200008
24.68000000000106,0.8614755179841341,-8.336713844089041e-13,-0.11381894974888444,-0.21097112305200527
24.69000000000106,0.8614755179841225,-8.326265009912677e-13,-0.11381894974888618,-0.2109711230520105
24.70000000000106,0.8614755179841108,-8.315821150605559e-13,-0.1138189497488878,-0.21097112305201565
24.710000000001063,0.8614755179840992,-8.305416697298448e-13,-0.1138189497488894,-0.21097112305202081
24.720000000001065,0.8614755179840877,-8.294999803915128e-13,-0.1138189497488909,-0.21097112305202592
24.730000000001066,0.8614755179840763,-8.284687343192582e-13,-0.11381894974889231,-0.21097112305203106
24.740000000001068,0.8614755179840649,-8.274431458852718e-13,-0.11381894974889395,-0.21097112305203616
24.75000000000107,0.8614755179840534,-8.264258068767314e-13,-0.11381894974889517,-0.21097112305204127
24.76000000000107,0.8614755179840421,-8.254210035217206e-13,-0.11381894974889642,-0.2109711230520464
24.770000000001072,0.8614755179840307,-8.244122748032917e-13,-0.11381894974889846,-0.2109711230520515
24.780000000001074,0.8614755179840192,-8.234079272391144e-13,-0.11381894974889978,-0.21097112305205665
24.790000000001076,0.8614755179840078,-8.224021613768161e-13,-0.1138189497489017,-0.21097112305206178
24.800000000001077,0.8614755179839964,-8.213848253980649e-13,-0.11381894974890326,-0.21097112305206694
24.81000000000108,0.8614755179839849,-8.203615219932326e-13,-0.11381894974890541,-0.21097112305207205
24.82000000000108,0.8614755179839736,-8.193256020830242e-13,-0.11381894974890686,-0.2109711230520772
24.830000000001082,0.8614755179839623,-8.182842041322664e-13,-0.11381894974890894,-0.21097112305208227
24.840000000001083,0.861475517983951,-8.172380405869876e-13,-0.11381894974891009,-0.21097112305208737
24.850000000001085,0.8614755179839396,-8.161925163495787e-13,-0.1138189497489121,-0.21097112305209245
24.860000000001087,0.8614755179839283,-8.151470671876967e-13,-0.11381894974891374,-0.21097112305209753
24.870000000001088,0.861475517983917,-8.140992440343523e-13,-0.11381894974891521,-0.21097112305210264
24.88000000000109,0.8614755179839056,-8.130462234707059e-13,-0.11381894974891682,-0.21097112305210772
24.89000000000109,0.8614755179838943,-8.119909685315086e-13,-0.11381894974891872,-0.21097112305211282
24.900000000001093,0.861475517983883,-8.109287324216447e-13,-0.11381894974892058,-0.21097112305211788
24.910000000001094,0.8614755179838717,-8.098656073322956e-13,-0.1138189497489222,-0.21097112305212296
24.920000000001096,0.8614755179838604,-8.088040828419216e-13,-0.1138189497489241,-0.210971123052128
24.930000000001098,0.8614755179838491,-8.07739182009818e-13,-0.11381894974892569,-0.21097112305213303
24.9400000000011,0.8614755179838379,-8.066762824036987e-13,-0.11381894974892728,-0.21097112305213808
24.9500000000011,0.8614755179838268,-8.056158692591784e-13,-0.11381894974892875,-0.21097112305214308
24.960000000001102,0.8614755179838157,-8.045574062336326e-13,-0.11381894974893074,-0.2109711230521481
24.970000000001104,0.8614755179838046,-8.034943025123428e-13,-0.11381894974893225,-0.21097112305215313
24.980000000001105,0.8614755179837934,-8.024272059226398e-13,-0.11381894974893392,-0.21097112305215815
24.990000000001107,0.8614755179837823,-8.013579576091564e-13,-0.1138189497489356,-0.21097112305216315
25.00000000000111,0.8614755179837712,-8.002945598911144e-13,-0.11381894974893719,-0.2109711230521681
25.01000000000111,0.8614755179837601,-7.992323979301755e-13,-0.11381894974893883,-0.21097112305217308
25.02000000000111,0.861475517983749,-7.98179807768785e-13,-0.11381894974894043,-0.21097112305217805
25.030000000001113,0.8614755179837379,-7.971243347061206e-13,-0.11381894974894222,-0.21097112305218305
25.040000000001115,0.8614755179837269,-7.960656471273601e-13,-0.11381894974894419,-0.210971123052188
25.050000000001116,0.8614755179837158,-7.950104701457232e-13,-0.11381894974894516,-0.2109711230521929
25.060000000001118,0.8614755179837048,-7.939675395605535e-13,-0.11381894974894678,-0.21097112305219784
25.07000000000112,0.8614755179836938,-7.929369841729144e-13,-0.11381894974894852,-0.21097112305220275
25.08000000000112,0.8614755179836828,-7.919065709486467e-13,-0.1138189497489497,-0.21097112305220767
25.090000000001123,0.8614755179836718,-7.908810049792434e-13,-0.1138189497489515,-0.21097112305221258
25.100000000001124,0.8614755179836608,-7.898605677910282e-13,-0.11381894974895325,-0.21097112305221746
25.110000000001126,0.8614755179836499,-7.888396735390989e-13,-0.11381894974895423,-0.21097112305222238
25.120000000001127,0.8614755179836389,-7.878174494079047e-13,-0.1138189497489562,-0.2109711230522273
25.13000000000113,0.8614755179836279,-7.867960994659064e-13,-0.11381894974895808,-0.21097112305223223
25.14000000000113,0.8614755179836169,-7.857640106663283e-13,-0.11381894974895997,-0.21097112305223714
25.150000000001132,0.8614755179836059,-7.847310509716484e-13,-0.11381894974896138,-0.21097112305224203
25.160000000001133,0.861475517983595,-7.837046668602742e-13,-0.11381894974896291,-0.2109711230522469
25.170000000001135,0.8614755179835841,-7.826794432641256e-13,-0.11381894974896467,-0.2109711230522518
25.180000000001137,0.8614755179835732,-7.816444802624689e-13,-0.11381894974896625,-0.21097112305225668
25.190000000001138,0.8614755179835624,-7.806116419501366e-13,-0.11381894974896806,-0.21097112305226154
25.20000000000114,0.8614755179835516,-7.795757737468338e-13,-0.11381894974896929,-0.2109711230522664
25.21000000000114,0.8614755179835409,-7.785448564626839e-13,-0.1138189497489711,-0.21097112305227123
25.220000000001143,0.8614755179835302,-7.775144489054773e-13,-0.11381894974897286,-0.21097112305227603
25.230000000001144,0.8614755179835194,-7.764806462098133e-13,-0.11381894974897477,-0.21097112305228086
25.240000000001146,0.8614755179835086,-7.754412468083535e-13,-0.11381894974897593,-0.2109711230522857
25.250000000001148,0.8614755179834979,-7.744026916940833e-13,-0.11381894974897774,-0.21097112305229052
25.26000000000115,0.861475517983487,-7.733587761153712e-13,-0.11381894974897927,-0.21097112305229535
25.27000000000115,0.8614755179834763,-7.723119207947917e-13,-0.11381894974898124,-0.21097112305230017
25.280000000001152,0.8614755179834657,-7.71266694878699e-13,-0.113818949748983,-0.210971123052305
25.290000000001154,0.8614755179834549,-7.702205271458012e-13,-0.11381894974898471,-0.2109711230523098
25.300000000001155,0.8614755179834442,-7.691754247366215e-13,-0.11381894974898651,-0.2109711230523146
25.310000000001157,0.8614755179834336,-7.681292603031455e-13,-0.11381894974898793,-0.2109711230523194
25.32000000000116,0.8614755179834228,-7.670857064439682e-13,-0.11381894974898928,-0.21097112305232416
25.33000000000116,0.8614755179834123,-7.660466140194524e-13,-0.11381894974899098,-0.21097112305232893
25.34000000000116,0.8614755179834015,-7.650113889463511e-13,-0.11381894974899255,-0.2109711230523337
25.350000000001163,0.8614755179833908,-7.639760844971837e-13,-0.11381894974899387,-0.21097112305233842
25.360000000001165,0.8614755179833802,-7.629490587700765e-13,-0.11381894974899551,-0.21097112305234317
25.370000000001166,0.8614755179833694,-7.619349181699875e-13,-0.11381894974899681,-0.2109711230523479
25.380000000001168,0.861475517983359,-7.609303083621468e-13,-0.11381894974899837,-0.2109711230523526
25.39000000000117,0.8614755179833483,-7.599353760574392e-13,-0.11381894974899993,-0.2109711230523573
25.40000000000117,0.8614755179833379,-7.589464650999857e-13,-0.11381894974900136,-0.210971123052362
25.410000000001173,0.8614755179833273,-7.579704333895953e-13,-0.1138189497490024,-0.21097112305236665
25.420000000001174,0.8614755179833169,-7.569996665604353e-13,-0.11381894974900389,-0.21097112305237137
25.430000000001176,0.8614755179833063,-7.560331903735294e-13,-0.11381894974900555,-0.21097112305237606
25.440000000001177,0.8614755179832961,-7.550604858469038e-13,-0.11381894974900648,-0.2109711230523807
25.45000000000118,0.8614755179832858,-7.541032816211178e-13,-0.11381894974900811,-0.2109711230523853
25.46000000000118,0.8614755179832756,-7.531468858407468e-13,-0.11381894974900968,-0.21097112305238996
25.470000000001182,0.8614755179832652,-7.521942713774646e-13,-0.11381894974901097,-0.2109711230523946
25.480000000001183,0.8614755179832548,-7.512452912669127e-13,-0.11381894974901267,-0.21097112305239926
25.490000000001185,0.8614755179832444,-7.502938133297882e-13,-0.11381894974901414,-0.21097112305240392
25.500000000001187,0.8614755179832341,-7.493365236740069e-13,-0.11381894974901571,-0.2109711230524086
25.510000000001188,0.8614755179832237,-7.483749937371538e-13,-0.11381894974901706,-0.2109711230524132
25.52000000000119,0.8614755179832135,-7.474090034412676e-13,-0.11381894974901867,-0.21097112305241786
25.53000000000119,0.8614755179832032,-7.464477591448778e-13,-0.11381894974902032,-0.21097112305242247
25.540000000001193,0.861475517983193,-7.454837716022981e-13,-0.11381894974902168,-0.21097112305242705
25.550000000001194,0.8614755179831827,-7.445202477074454e-13,-0.11381894974902312,-0.21097112305243168
25.560000000001196,0.8614755179831723,-7.435562386290338e-13,-0.11381894974902448,-0.21097112305243626
25.570000000001198,0.8614755179831621,-7.425946499899976e-13,-0.11381894974902622,-0.21097112305244087
25.5800000000012,0.8614755179831519,-7.416306982429852e-13,-0.11381894974902744,-0.21097112305244542
25.5900000000012,0.8614755179831418,-7.406692063082428e-13,-0.11381894974902897,-0.21097112305245003
25.600000000001202,0.8614755179831315,-7.397114661539687e-13,-0.11381894974903059,-0.2109711230524546
25.610000000001204,0.8614755179831212,-7.387461256769738e-13,-0.113818949749032,-0.2109711230524592
25.620000000001205,0.861475517983111,-7.377681389962608e-13,-0.11381894974903398,-0.21097112305246385
25.630000000001207,0.8614755179831006,-7.367779177414208e-13,-0.1138189497490354,-0.21097112305246843
25.64000000000121,0.8614755179830905,-7.357825558744371e-13,-0.11381894974903708,-0.210971123052473
25.65000000000121,0.8614755179830803,-7.347902574160019e-13,-0.11381894974903882,-0.21097112305247756
25.66000000000121,0.8614755179830701,-7.337887804251708e-13,-0.11381894974904076,-0.21097112305248214
25.670000000001213,0.86147551798306,-7.327871640270061e-13,-0.11381894974904244,-0.21097112305248672
25.680000000001215,0.8614755179830498,-7.317851606753898e-13,-0.11381894974904366,-0.21097112305249122
25.690000000001216,0.8614755179830396,-7.307883909813436e-13,-0.11381894974904512,-0.2109711230524957
25.700000000001218,0.8614755179830296,-7.29793508927032e-13,-0.11381894974904637,-0.2109711230525002
25.71000000000122,0.8614755179830196,-7.288117046727504e-13,-0.11381894974904805,-0.21097112305250465
25.72000000000122,0.8614755179830096,-7.278403501866907e-13,-0.11381894974904927,-0.2109711230525091
25.730000000001223,0.8614755179829995,-7.268779818648284e-13,-0.11381894974905074,-0.2109711230525136
25.740000000001224,0.8614755179829895,-7.259214256036712e-13,-0.11381894974905185,-0.210971123052518
25.750000000001226,0.8614755179829794,-7.249696784714978e-13,-0.11381894974905335,-0.2109711230525225
25.760000000001227,0.8614755179829694,-7.240217862075015e-13,-0.1138189497490547,-0.21097112305252694
25.77000000000123,0.8614755179829594,-7.230778835004945e-13,-0.11381894974905636,-0.2109711230525314
25.78000000000123,0.8614755179829495,-7.221489227680496e-13,-0.1138189497490576,-0.2109711230525359
25.790000000001232,0.8614755179829395,-7.212166661055665e-13,-0.11381894974905897,-0.21097112305254032
25.800000000001234,0.8614755179829295,-7.202869909725977e-13,-0.11381894974906041,-0.21097112305254476
25.810000000001235,0.8614755179829195,-7.193622262142265e-13,-0.11381894974906204,-0.2109711230525492
25.820000000001237,0.8614755179829097,-7.184396284190798e-13,-0.11381894974906323,-0.2109711230525536
25.830000000001238,0.8614755179828998,-7.175234658583875e-13,-0.11381894974906404,-0.210971123052558
25.84000000000124,0.8614755179828899,-7.166161519873269e-13,-0.11381894974906552,-0.21097112305256244
25.85000000000124,0.86147551798288,-7.1571104842323e-13,-0.1138189497490667,-0.21097112305256685
25.860000000001243,0.86147551798287,-7.148165836741417e-13,-0.11381894974906834,-0.21097112305257124
25.870000000001244,0.8614755179828602,-7.139242412189068e-13,-0.11381894974906971,-0.21097112305257568
25.880000000001246,0.8614755179828502,-7.130298428866617e-13,-0.11381894974907102,-0.21097112305258012
25.890000000001248,0.8614755179828403,-7.121349710918923e-13,-0.11381894974907278,-0.21097112305258453
25.90000000000125,0.8614755179828304,-7.112368233468174e-13,-0.11381894974907389,-0.21097112305258892
25.91000000000125,0.8614755179828205,-7.103415884428053e-13,-0.1138189497490748,-0.2109711230525933
25.920000000001252,0.8614755179828106,-7.094521175896805e-13,-0.11381894974907657,-0.2109711230525977
25.930000000001254,0.8614755179828009,-7.085558064651642e-13,-0.11381894974907805,-0.21097112305260204
25.940000000001255,0.861475517982791,-7.076620672541051e-13,-0.1138189497490795,-0.2109711230526064
25.950000000001257,0.8614755179827812,-7.067710637500041e-13,-0.11381894974908083,-0.21097112305261076
25.96000000000126,0.8614755179827714,-7.05884478983032e-13,-0.11381894974908172,-0.2109711230526151
25.97000000000126,0.8614755179827617,-7.050029261577116e-13,-0.11381894974908358,-0.21097112305261942
25.98000000000126,0.861475517982752,-7.041265311211758e-13,-0.11381894974908435,-0.21097112305262372
25.990000000001263,0.8614755179827422,-7.032583638535091e-13,-0.11381894974908605,-0.21097112305262805
26.000000000001265,0.8614755179827325,-7.023908839940319e-13,-0.11381894974908721,-0.2109711230526324
26.010000000001266,0.8614755179827227,-7.015194200941455e-13,-0.11381894974908902,-0.21097112305263674
26.020000000001268,0.861475517982713,-7.006496784572769e-13,-0.11381894974909008,-0.21097112305264104
26.03000000000127,0.8614755179827034,-6.997831942418333e-13,-0.11381894974909115,-0.21097112305264537
26.04000000000127,0.8614755179826937,-6.98915854465959e-13,-0.11381894974909262,-0.21097112305264965
26.050000000001273,0.8614755179826842,-6.980546130145252e-13,-0.11381894974909389,-0.21097112305265392
26.060000000001274,0.8614755179826745,-6.971918422796385e-13,-0.11381894974909512,-0.21097112305265822
26.070000000001276,0.8614755179826649,-6.96330642715688e-13,-0.1138189497490963,-0.21097112305266252
26.080000000001277,0.8614755179826553,-6.954626346040225e-13,-0.11381894974909812,-0.21097112305266683
26.09000000000128,0.8614755179826458,-6.945920613591012e-13,-0.11381894974909901,-0.2109711230526711
26.10000000000128,0.8614755179826362,-6.937252720055063e-13,-0.11381894974910073,-0.21097112305267537
26.110000000001282,0.8614755179826267,-6.928580721634063e-13,-0.11381894974910213,-0.21097112305267968
26.120000000001284,0.8614755179826171,-6.919847227196634e-13,-0.11381894974910364,-0.21097112305268395
26.130000000001285,0.8614755179826075,-6.911018665240579e-13,-0.11381894974910518,-0.21097112305268828
26.140000000001287,0.8614755179825978,-6.902113759751877e-13,-0.11381894974910704,-0.21097112305269258
26.150000000001288,0.8614755179825883,-6.893103313911783e-13,-0.11381894974910797,-0.21097112305269683
26.16000000000129,0.8614755179825787,-6.884127905692929e-13,-0.11381894974910958,-0.21097112305270108
26.17000000000129,0.8614755179825692,-6.875189768205716e-13,-0.11381894974911075,-0.2109711230527053
26.180000000001293,0.8614755179825596,-6.866335464068208e-13,-0.11381894974911225,-0.2109711230527095
26.190000000001294,0.8614755179825501,-6.857522261859694e-13,-0.11381894974911375,-0.21097112305271373
26.200000000001296,0.8614755179825405,-6.8487164231795e-13,-0.11381894974911501,-0.21097112305271795
26.210000000001298,0.8614755179825311,-6.839967765399294e-13,-0.11381894974911633,-0.21097112305272214
26.2200000000013,0.8614755179825216,-6.831242611179342e-13,-0.11381894974911723,-0.21097112305272633
26.2300000000013,0.8614755179825122,-6.822581926256623e-13,-0.1138189497491187,-0.21097112305273052
26.240000000001302,0.8614755179825028,-6.813976453753454e-13,-0.11381894974912005,-0.21097112305273472
26.250000000001304,0.8614755179824933,-6.80544228647524e-13,-0.11381894974912111,-0.21097112305273888
26.260000000001305,0.8614755179824839,-6.796968913872408e-13,-0.11381894974912243,-0.21097112305274307
26.270000000001307,0.8614755179824745,-6.788564235076863e-13,-0.11381894974912345,-0.21097112305274726
26.28000000000131,0.8614755179824651,-6.780143483563281e-13,-0.11381894974912475,-0.21097112305275142
26.29000000000131,0.8614755179824558,-6.771786952205425e-13,-0.1138189497491263,-0.21097112305275562
26.30000000000131,0.8614755179824465,-6.763502722610115e-13,-0.113818949749127,-0.21097112305275978
26.310000000001313,0.8614755179824372,-6.755282130027364e-13,-0.11381894974912847,-0.21097112305276394
26.320000000001315,0.8614755179824278,-6.74706007387831e-13,-0.11381894974912954,-0.21097112305276808
26.330000000001316,0.8614755179824185,-6.73889349124046e-13,-0.11381894974913107,-0.21097112305277224
26.340000000001318,0.8614755179824093,-6.730707218581833e-13,-0.11381894974913236,-0.21097112305277638
26.35000000000132,0.8614755179824,-6.722544990428353e-13,-0.11381894974913306,-0.2109711230527805
26.36000000000132,0.8614755179823907,-6.71439943245216e-13,-0.11381894974913451,-0.21097112305278468
26.370000000001323,0.8614755179823815,-6.706315944140035e-13,-0.1138189497491359,-0.2109711230527888
26.380000000001324,0.8614755179823723,-6.698209472408277e-13,-0.11381894974913688,-0.21097112305279295
26.390000000001326,0.8614755179823631,-6.690076790276813e-13,-0.11381894974913839,-0.21097112305279708
26.400000000001327,0.8614755179823539,-6.681928166988976e-13,-0.11381894974913986,-0.21097112305280122
26.41000000000133,0.8614755179823446,-6.6737041736033e-13,-0.11381894974914113,-0.21097112305280538
26.42000000000133,0.8614755179823353,-6.665394108565479e-13,-0.11381894974914268,-0.21097112305280952
26.430000000001332,0.8614755179823261,-6.657034414056853e-13,-0.11381894974914407,-0.21097112305281368
26.440000000001334,0.8614755179823168,-6.64863431174198e-13,-0.11381894974914529,-0.21097112305281782
26.450000000001335,0.8614755179823076,-6.640137052445863e-13,-0.11381894974914682,-0.21097112305282192
26.460000000001337,0.8614755179822984,-6.631580695870624e-13,-0.11381894974914822,-0.210971123052826
26.47000000000134,0.8614755179822892,-6.622913346961607e-13,-0.11381894974915016,-0.2109711230528301
26.48000000000134,0.8614755179822801,-6.614242920155522e-13,-0.11381894974915158,-0.21097112305283422
26.49000000000134,0.861475517982271,-6.605554512101991e-13,-0.11381894974915269,-0.2109711230528383
26.500000000001343,0.8614755179822617,-6.596826222839032e-13,-0.113818949749154,-0.21097112305284235
26.510000000001344,0.8614755179822526,-6.588053137272441e-13,-0.11381894974915557,-0.21097112305284643
26.520000000001346,0.8614755179822435,-6.579205651958115e-13,-0.11381894974915746,-0.21097112305285054
26.530000000001348,0.8614755179822344,-6.570352781863675e-13,-0.11381894974915881,-0.21097112305285462
26.54000000000135,0.8614755179822253,-6.561440019026413e-13,-0.11381894974915979,-0.21097112305285864
26.55000000000135,0.8614755179822162,-6.552481953131343e-13,-0.11381894974916132,-0.21097112305286272
26.560000000001352,0.8614755179822072,-6.543506785528987e-13,-0.11381894974916278,-0.21097112305286678
26.570000000001354,0.8614755179821982,-6.534540481318332e-13,-0.11381894974916477,-0.21097112305287083
26.580000000001355,0.8614755179821892,-6.525455924701052e-13,-0.11381894974916629,-0.21097112305287488
26.590000000001357,0.8614755179821801,-6.516275628566081e-13,-0.11381894974916809,-0.21097112305287893
26.60000000000136,0.8614755179821711,-6.507032106155293e-13,-0.11381894974916885,-0.21097112305288296
26.61000000000136,0.8614755179821622,-6.497817579816934e-13,-0.11381894974917066,-0.21097112305288698
26.62000000000136,0.8614755179821533,-6.488626518369844e-13,-0.113818949749172,-0.21097112305289098
26.630000000001363,0.8614755179821443,-6.479481245553517e-13,-0.11381894974917335,-0.21097112305289492
26.640000000001365,0.8614755179821354,-6.470399551122454e-13,-0.11381894974917448,-0.2109711230528989
26.650000000001366,0.8614755179821265,-6.461399128162326e-13,-0.11381894974917617,-0.21097112305290286
26.660000000001368,0.8614755179821175,-6.452443105699518e-13,-0.11381894974917717,-0.21097112305290683
26.67000000000137,0.8614755179821086,-6.443502322954107e-13,-0.11381894974917846,-0.2109711230529108
26.68000000000137,0.8614755179820996,-6.434583007546446e-13,-0.11381894974918007,-0.2109711230529148
26.690000000001373,0.8614755179820907,-6.425695747130109e-13,-0.11381894974918141,-0.2109711230529187
26.700000000001374,0.8614755179820818,-6.416883457882559e-13,-0.1138189497491828,-0.21097112305292265
26.710000000001376,0.8614755179820728,-6.40812385278369e-13,-0.11381894974918404,-0.21097112305292656
26.720000000001377,0.8614755179820639,-6.399431872357572e-13,-0.11381894974918547,-0.21097112305293056
26.73000000000138,0.861475517982055,-6.390759464232603e-13,-0.11381894974918705,-0.2109711230529345
26.74000000000138,0.861475517982046,-6.382133491669076e-13,-0.11381894974918844,-0.21097112305293844
26.750000000001382,0.8614755179820373,-6.373448736720894e-13,-0.1138189497491898,-0.2109711230529424
26.760000000001384,0.8614755179820285,-6.364794018088962e-13,-0.11381894974919095,-0.21097112305294632
26.770000000001385,0.8614755179820196,-6.356209432404844e-13,-0.11381894974919243,-0.21097112305295024
26.780000000001387,0.8614755179820108,-6.347715986485008e-13,-0.1138189497491933,-0.21097112305295412
26.79000000000139,0.861475517982002,-6.339324764143881e-13,-0.11381894974919463,-0.21097112305295807
26.80000000000139,0.8614755179819932,-6.331007843310129e-13,-0.11381894974919576,-0.21097112305296198
26.81000000000139,0.8614755179819845,-6.322787808766333e-13,-0.11381894974919697,-0.21097112305296584
26.820000000001393,0.8614755179819757,-6.314695761580874e-13,-0.11381894974919778,-0.21097112305296972
26.830000000001395,0.8614755179819671,-6.306716077327636e-13,-0.11381894974919884,-0.21097112305297358
26.840000000001396,0.8614755179819583,-6.2988373882328e-13,-0.11381894974920004,-0.21097112305297747
26.850000000001398,0.8614755179819497,-6.291029487827792e-13,-0.11381894974920126,-0.21097112305298135
26.8600000000014,0.8614755179819409,-6.283246091403518e-13,-0.11381894974920227,-0.21097112305298524
26.8700000000014,0.8614755179819322,-6.275504275071291e-13,-0.11381894974920344,-0.21097112305298912
26.880000000001402,0.8614755179819237,-6.2678368380631e-13,-0.11381894974920442,-0.21097112305299295
26.890000000001404,0.861475517981915,-6.260288334824913e-13,-0.11381894974920528,-0.2109711230529968
26.900000000001405,0.8614755179819065,-6.252836172187647e-13,-0.11381894974920614,-0.21097112305300067
26.910000000001407,0.8614755179818978,-6.245503696326094e-13,-0.11381894974920731,-0.2109711230530045
26.92000000000141,0.8614755179818893,-6.238249219485219e-13,-0.1138189497492082,-0.21097112305300836
26.93000000000141,0.8614755179818806,-6.231035869255415e-13,-0.11381894974920923,-0.21097112305301222
26.94000000000141,0.861475517981872,-6.223861208169111e-13,-0.11381894974921035,-0.21097112305301607
26.950000000001413,0.8614755179818634,-6.216705477881924e-13,-0.11381894974921133,-0.21097112305301993
26.960000000001415,0.861475517981855,-6.209632395274935e-13,-0.11381894974921239,-0.21097112305302376
26.970000000001416,0.8614755179818463,-6.202568051374834e-13,-0.11381894974921351,-0.2109711230530276
26.980000000001418,0.8614755179818377,-6.195477261579848e-13,-0.11381894974921485,-0.21097112305303145
26.99000000000142,0.8614755179818291,-6.188396945895581e-13,-0.11381894974921566,-0.21097112305303528
27.00000000000142,0.8614755179818205,-6.181288780430398e-13,-0.11381894974921715,-0.21097112305303914
27.010000000001423,0.861475517981812,-6.174181095526557e-13,-0.11381894974921836,-0.210971123053043
27.020000000001424,0.8614755179818033,-6.167036530116626e-13,-0.11381894974921959,-0.21097112305304683
27.030000000001426,0.8614755179817949,-6.159849103893678e-13,-0.11381894974922065,-0.21097112305305069
27.040000000001427,0.8614755179817863,-6.152678928533582e-13,-0.11381894974922153,-0.21097112305305452
27.05000000000143,0.8614755179817779,-6.14548835591972e-13,-0.11381894974922269,-0.21097112305305832
27.06000000000143,0.8614755179817694,-6.138237731469744e-13,-0.11381894974922416,-0.21097112305306215
27.070000000001432,0.8614755179817609,-6.130935301324571e-13,-0.11381894974922552,-0.21097112305306598
27.080000000001434,0.8614755179817524,-6.123545961770317e-13,-0.11381894974922657,-0.21097112305306978
27.090000000001435,0.8614755179817439,-6.116178083314415e-13,-0.11381894974922784,-0.21097112305307358
27.100000000001437,0.8614755179817355,-6.108867972575403e-13,-0.11381894974922847,-0.21097112305307736
27.11000000000144,0.8614755179817271,-6.101562606008746e-13,-0.11381894974922975,-0.21097112305308116
27.12000000000144,0.8614755179817185,-6.094185305872013e-13,-0.11381894974923122,-0.21097112305308494
27.13000000000144,0.8614755179817101,-6.086836297477512e-13,-0.11381894974923237,-0.2109711230530887
27.140000000001443,0.8614755179817017,-6.079517903320504e-13,-0.11381894974923357,-0.21097112305309246
27.150000000001445,0.8614755179816933,-6.072190141587927e-13,-0.1138189497492344,-0.21097112305309623
27.160000000001446,0.861475517981685,-6.064828948418219e-13,-0.11381894974923557,-0.2109711230531
27.170000000001448,0.8614755179816767,-6.057464385392687e-13,-0.11381894974923713,-0.21097112305310373
27.18000000000145,0.8614755179816684,-6.050074532837858e-13,-0.1138189497492381,-0.2109711230531075
27.19000000000145,0.8614755179816601,-6.04264626801285e-13,-0.11381894974923937,-0.21097112305311128
27.200000000001452,0.8614755179816519,-6.035146991879295e-13,-0.11381894974924062,-0.21097112305311505
27.210000000001454,0.8614755179816436,-6.027600852121784e-13,-0.1138189497492417,-0.2109711230531188
27.220000000001455,0.8614755179816354,-6.020003708186879e-13,-0.11381894974924327,-0.21097112305312257
27.230000000001457,0.861475517981627,-6.012339128110403e-13,-0.11381894974924467,-0.21097112305312637
27.24000000000146,0.8614755179816188,-6.004606330514763e-13,-0.11381894974924589,-0.21097112305313015
27.25000000000146,0.8614755179816106,-5.996855220685255e-13,-0.11381894974924696,-0.21097112305313384
27.26000000000146,0.8614755179816023,-5.989124460892072e-13,-0.11381894974924843,-0.21097112305313756
27.270000000001463,0.861475517981594,-5.981398813241111e-13,-0.11381894974924958,-0.2109711230531413
27.280000000001465,0.8614755179815857,-5.973617550948208e-13,-0.11381894974925065,-0.21097112305314505
27.290000000001466,0.8614755179815775,-5.965808550027192e-13,-0.11381894974925202,-0.2109711230531488
27.300000000001468,0.8614755179815692,-5.957933053500071e-13,-0.11381894974925377,-0.21097112305315255
27.31000000000147,0.8614755179815609,-5.949977246389118e-13,-0.11381894974925492,-0.2109711230531563
27.32000000000147,0.8614755179815528,-5.942049838141899e-13,-0.113818949749256,-0.21097112305315993
27.330000000001473,0.8614755179815445,-5.934136559189378e-13,-0.11381894974925726,-0.21097112305316362
27.340000000001474,0.8614755179815364,-5.926260143193235e-13,-0.1138189497492583,-0.21097112305316731
27.350000000001476,0.8614755179815282,-5.918425700722066e-13,-0.11381894974925927,-0.21097112305317095
27.360000000001477,0.86147551798152,-5.910639547606368e-13,-0.11381894974926077,-0.21097112305317461
27.37000000000148,0.8614755179815118,-5.902907861499997e-13,-0.11381894974926193,-0.21097112305317825
27.38000000000148,0.8614755179815037,-5.895218065809806e-13,-0.11381894974926274,-0.2109711230531819
27.390000000001482,0.8614755179814956,-5.887523351794936e-13,-0.11381894974926436,-0.21097112305318552
27.400000000001484,0.8614755179814875,-5.879830628904356e-13,-0.11381894974926529,-0.21097112305318919
27.410000000001485,0.8614755179814795,-5.872155881135047e-13,-0.11381894974926654,-0.21097112305319285
27.420000000001487,0.8614755179814713,-5.864467235730318e-13,-0.1138189497492682,-0.2109711230531965
27.43000000000149,0.861475517981463,-5.856683973920764e-13,-0.11381894974926916,-0.2109711230532002
27.44000000000149,0.861475517981455,-5.848862220994616e-13,-0.11381894974927084,-0.21097112305320387
27.45000000000149,0.861475517981447,-5.840982374515254e-13,-0.11381894974927202,-0.2109711230532075
27.460000000001493,0.8614755179814388,-5.833110047822919e-13,-0.11381894974927301,-0.21097112305321114
27.470000000001495,0.8614755179814308,-5.825235910036204e-13,-0.1138189497492744,-0.21097112305321472
27.480000000001496,0.861475517981423,-5.817420400952393e-13,-0.11381894974927545,-0.21097112305321833
27.490000000001498,0.861475517981415,-5.80965354130977e-13,-0.11381894974927671,-0.2109711230532219
27.5000000000015,0.861475517981407,-5.801980947780851e-13,-0.11381894974927798,-0.21097112305322552
27.5100000000015,0.861475517981399,-5.794306840121442e-13,-0.11381894974927864,-0.2109711230532291
27.520000000001502,0.8614755179813911,-5.786673158386691e-13,-0.1138189497492801,-0.21097112305323268
27.530000000001504,0.8614755179813831,-5.779027889312251e-13,-0.11381894974928145,-0.2109711230532363
27.540000000001505,0.8614755179813751,-5.771370072581581e-13,-0.11381894974928256,-0.21097112305323987
27.550000000001507,0.8614755179813672,-5.763721859642155e-13,-0.11381894974928353,-0.21097112305324345
27.56000000000151,0.8614755179813595,-5.756115026422693e-13,-0.11381894974928464,-0.21097112305324703
27.57000000000151,0.8614755179813516,-5.74851641238316e-13,-0.11381894974928587,-0.2109711230532506
27.58000000000151,0.8614755179813436,-5.740933543766389e-13,-0.11381894974928693,-0.21097112305325416
27.590000000001513,0.8614755179813356,-5.73337603050686e-13,-0.1138189497492883,-0.21097112305325771
27.600000000001515,0.8614755179813277,-5.725845637303999e-13,-0.11381894974928965,-0.21097112305326127
27.610000000001516,0.8614755179813197,-5.718344233703884e-13,-0.11381894974929099,-0.21097112305326485
27.620000000001518,0.8614755179813118,-5.710793021460889e-13,-0.11381894974929202,-0.21097112305326837
27.63000000000152,0.861475517981304,-5.703256995766138e-13,-0.11381894974929324,-0.21097112305327193
27.64000000000152,0.8614755179812961,-5.69565211150647e-13,-0.11381894974929446,-0.2109711230532755
27.650000000001523,0.8614755179812883,-5.687989415674999e-13,-0.11381894974929609,-0.21097112305327909
27.660000000001524,0.8614755179812804,-5.680271769476517e-13,-0.11381894974929718,-0.21097112305328267
27.670000000001526,0.8614755179812725,-5.672502983314195e-13,-0.11381894974929876,-0.21097112305328622
27.680000000001527,0.8614755179812646,-5.664640600876833e-13,-0.11381894974929982,-0.21097112305328974
27.69000000000153,0.8614755179812568,-5.656767300665581e-13,-0.1138189497493014,-0.2109711230532933
27.70000000000153,0.8614755179812491,-5.648802673724516e-13,-0.11381894974930237,-0.2109711230532968
27.710000000001532,0.8614755179812413,-5.64086626574157e-13,-0.11381894974930411,-0.21097112305330032
27.720000000001534,0.8614755179812336,-5.632972676132451e-13,-0.11381894974930469,-0.21097112305330382
27.730000000001535,0.8614755179812258,-5.625147146375149e-13,-0.1138189497493062,-0.21097112305330734
27.740000000001537,0.8614755179812179,-5.617319947044397e-13,-0.11381894974930765,-0.21097112305331087
27.75000000000154,0.86147551798121,-5.609435277389602e-13,-0.11381894974930887,-0.21097112305331436
27.76000000000154,0.8614755179812021,-5.601534614944291e-13,-0.11381894974930995,-0.21097112305331786
27.77000000000154,0.8614755179811944,-5.59374105595481e-13,-0.11381894974931071,-0.2109711230533213
27.780000000001543,0.8614755179811867,-5.586035640185024e-13,-0.11381894974931202,-0.2109711230533247
27.790000000001545,0.861475517981179,-5.578464696196741e-13,-0.1138189497493127,-0.21097112305332813
27.800000000001546,0.8614755179811714,-5.570970331783013e-13,-0.11381894974931402,-0.21097112305333154
27.810000000001548,0.8614755179811638,-5.563559185512321e-13,-0.11381894974931482,-0.21097112305333496
27.82000000000155,0.8614755179811562,-5.556229291153372e-13,-0.11381894974931601,-0.2109711230533384
27.83000000000155,0.8614755179811485,-5.548993668332451e-13,-0.11381894974931707,-0.2109711230533418
27.840000000001552,0.8614755179811409,-5.541833713720658e-13,-0.113818949749318,-0.21097112305334526
27.850000000001554,0.8614755179811332,-5.534625010763972e-13,-0.1138189497493194,-0.21097112305334872
27.860000000001556,0.8614755179811256,-5.527393828267378e-13,-0.11381894974932028,-0.21097112305335214
27.870000000001557,0.8614755179811181,-5.52021563334856e-13,-0.1138189497493213,-0.21097112305335555
27.88000000000156,0.8614755179811106,-5.513099871489966e-13,-0.11381894974932222,-0.21097112305335897
27.89000000000156,0.861475517981103,-5.506025159728679e-13,-0.11381894974932358,-0.21097112305336232
27.90000000000156,0.8614755179810955,-5.49898143458467e-13,-0.1138189497493247,-0.2109711230533657
27.910000000001563,0.8614755179810878,-5.491898794287338e-13,-0.11381894974932534,-0.21097112305336915
27.920000000001565,0.8614755179810801,-5.484845220613168e-13,-0.11381894974932676,-0.21097112305337257
27.930000000001566,0.8614755179810725,-5.477829724413436e-13,-0.11381894974932816,-0.21097112305337598
27.940000000001568,0.8614755179810648,-5.470733827421408e-13,-0.11381894974932928,-0.21097112305337942
27.95000000000157,0.8614755179810573,-5.463605196159729e-13,-0.11381894974933043,-0.21097112305338278
27.96000000000157,0.8614755179810497,-5.456480444130148e-13,-0.11381894974933132,-0.2109711230533862
27.970000000001573,0.8614755179810422,-5.449313039613174e-13,-0.11381894974933245,-0.21097112305338958
27.980000000001574,0.8614755179810346,-5.442171314860075e-13,-0.11381894974933365,-0.21097112305339297
27.990000000001576,0.8614755179810271,-5.434933263178148e-13,-0.11381894974933518,-0.21097112305339635
28.000000000001577,0.8614755179810195,-5.427739223086648e-13,-0.11381894974933618,-0.21097112305339968
28.01000000000158,0.861475517981012,-5.420557324527311e-13,-0.11381894974933722,-0.21097112305340307
28.02000000000158,0.8614755179810045,-5.413362887580328e-13,-0.11381894974933839,-0.21097112305340637
28.030000000001582,0.8614755179809971,-5.406223069280293e-13,-0.11381894974933968,-0.21097112305340973
28.040000000001584,0.8614755179809896,-5.399137618257851e-13,-0.11381894974934015,-0.21097112305341306
28.050000000001585,0.8614755179809822,-5.392065846153772e-13,-0.11381894974934145,-0.2109711230534164
28.060000000001587,0.8614755179809747,-5.384958066700803e-13,-0.11381894974934274,-0.21097112305341972
28.07000000000159,0.8614755179809672,-5.377812538092472e-13,-0.1138189497493444,-0.21097112305342314
28.08000000000159,0.8614755179809597,-5.370596242815379e-13,-0.11381894974934517,-0.21097112305342652
28.09000000000159,0.861475517980952,-5.363292341030229e-13,-0.11381894974934667,-0.21097112305342985
28.100000000001593,0.8614755179809446,-5.355930469677238e-13,-0.11381894974934782,-0.2109711230534332
28.110000000001595,0.8614755179809372,-5.348621985248471e-13,-0.11381894974934928,-0.2109711230534365
28.120000000001596,0.8614755179809299,-5.341322788122939e-13,-0.11381894974935004,-0.21097112305343982
28.130000000001598,0.8614755179809226,-5.334026146990669e-13,-0.11381894974935125,-0.21097112305344315
28.1400000000016,0.8614755179809153,-5.326734916904001e-13,-0.11381894974935246,-0.21097112305344642
28.1500000000016,0.8614755179809079,-5.31937788436888e-13,-0.11381894974935355,-0.21097112305344976
28.160000000001602,0.8614755179809006,-5.311990419204329e-13,-0.11381894974935503,-0.21097112305345306
28.170000000001604,0.8614755179808933,-5.304610278356316e-13,-0.11381894974935565,-0.21097112305345633
28.180000000001606,0.861475517980886,-5.297269201185848e-13,-0.1138189497493571,-0.21097112305345964
28.190000000001607,0.8614755179808786,-5.289888704698071e-13,-0.1138189497493581,-0.21097112305346286
28.20000000000161,0.8614755179808714,-5.282680523634038e-13,-0.113818949749359,-0.21097112305346608
28.21000000000161,0.8614755179808642,-5.27558625851831e-13,-0.11381894974935972,-0.21097112305346927
28.220000000001612,0.861475517980857,-5.268561633936091e-13,-0.11381894974936067,-0.2109711230534725
28.230000000001613,0.8614755179808498,-5.26170846028469e-13,-0.11381894974936184,-0.21097112305347573
28.240000000001615,0.8614755179808423,-5.254905101902744e-13,-0.11381894974936288,-0.21097112305347895
28.250000000001616,0.861475517980835,-5.248141545739705e-13,-0.11381894974936398,-0.2109711230534822
28.260000000001618,0.8614755179808277,-5.241368488607648e-13,-0.11381894974936471,-0.21097112305348545
28.27000000000162,0.8614755179808204,-5.234540687743876e-13,-0.11381894974936581,-0.21097112305348867
28.28000000000162,0.8614755179808131,-5.227786311298078e-13,-0.11381894974936703,-0.2109711230534919
28.290000000001623,0.8614755179808059,-5.220979199113428e-13,-0.11381894974936818,-0.21097112305349514
28.300000000001624,0.8614755179807987,-5.214125024959746e-13,-0.11381894974936942,-0.21097112305349838
28.310000000001626,0.8614755179807915,-5.207265287461632e-13,-0.11381894974937055,-0.21097112305350163
28.320000000001627,0.8614755179807843,-5.200412046426193e-13,-0.11381894974937175,-0.21097112305350485
28.33000000000163,0.861475517980777,-5.193582596902702e-13,-0.1138189497493727,-0.21097112305350804
28.34000000000163,0.8614755179807697,-5.18678713764927e-13,-0.1138189497493738,-0.2109711230535113
28.350000000001632,0.8614755179807626,-5.180031115755982e-13,-0.11381894974937495,-0.21097112305351448
28.360000000001634,0.8614755179807555,-5.173269971485374e-13,-0.11381894974937574,-0.21097112305351765
28.370000000001635,0.8614755179807484,-5.166551786661234e-13,-0.11381894974937645,-0.21097112305352084
28.380000000001637,0.8614755179807412,-5.159882946570989e-13,-0.1138189497493776,-0.21097112305352403
28.39000000000164,0.8614755179807341,-5.153158847925929e-13,-0.1138189497493788,-0.21097112305352725
28.40000000000164,0.861475517980727,-5.146470311602295e-13,-0.11381894974937956,-0.2109711230535304
28.41000000000164,0.8614755179807198,-5.139804511430901e-13,-0.11381894974938067,-0.21097112305353363
28.420000000001643,0.8614755179807124,-5.133118418151505e-13,-0.11381894974938178,-0.21097112305353685
28.430000000001645,0.8614755179807053,-5.126436473975195e-13,-0.11381894974938299,-0.21097112305354002
28.440000000001646,0.8614755179806982,-5.119812388361042e-13,-0.11381894974938414,-0.21097112305354324
28.450000000001648,0.8614755179806911,-5.113167617525929e-13,-0.11381894974938503,-0.2109711230535464
28.46000000000165,0.861475517980684,-5.106648767521407e-13,-0.11381894974938589,-0.21097112305354954
28.47000000000165,0.861475517980677,-5.10018263967185e-13,-0.11381894974938672,-0.21097112305355267
28.480000000001652,0.86147551798067,-5.093848256185645e-13,-0.1138189497493874,-0.21097112305355578
28.490000000001654,0.8614755179806629,-5.08759387377447e-13,-0.11381894974938848,-0.21097112305355892
28.500000000001656,0.8614755179806559,-5.081389149918442e-13,-0.11381894974938943,-0.21097112305356205
28.510000000001657,0.8614755179806489,-5.075240245041298e-13,-0.11381894974939036,-0.2109711230535652
28.52000000000166,0.8614755179806419,-5.069134920408947e-13,-0.11381894974939083,-0.2109711230535683
28.53000000000166,0.861475517980635,-5.063091031475263e-13,-0.11381894974939148,-0.21097112305357138
28.540000000001662,0.8614755179806282,-5.057098830024567e-13,-0.11381894974939247,-0.21097112305357446
28.550000000001663,0.8614755179806212,-5.051097257205542e-13,-0.11381894974939341,-0.21097112305357757
28.560000000001665,0.8614755179806143,-5.045090668719793e-13,-0.11381894974939415,-0.21097112305358068
28.570000000001667,0.8614755179806074,-5.039139474888179e-13,-0.11381894974939506,-0.2109711230535838
28.580000000001668,0.8614755179806004,-5.033238166238264e-13,-0.11381894974939573,-0.2109711230535869
28.59000000000167,0.8614755179805934,-5.027390172635622e-13,-0.11381894974939681,-0.21097112305359003
28.60000000000167,0.8614755179805864,-5.021518394718185e-13,-0.11381894974939774,-0.21097112305359317
28.610000000001673,0.8614755179805794,-5.015583151226293e-13,-0.11381894974939882,-0.21097112305359625
28.620000000001674,0.8614755179805725,-5.009670722531409e-13,-0.11381894974939936,-0.21097112305359936
28.630000000001676,0.8614755179805657,-5.003823124084501e-13,-0.11381894974940036,-0.21097112305360247
28.640000000001677,0.8614755179805587,-4.997883817161337e-13,-0.11381894974940168,-0.21097112305360557
28.65000000000168,0.8614755179805518,-4.99187391651742e-13,-0.1138189497494028,-0.2109711230536087
28.66000000000168,0.8614755179805449,-4.985785420662024e-13,-0.11381894974940376,-0.21097112305361188
28.670000000001682,0.861475517980538,-4.97955529946147e-13,-0.11381894974940501,-0.21097112305361498
28.680000000001684,0.861475517980531,-4.973232877025822e-13,-0.1138189497494066,-0.21097112305361812
28.690000000001685,0.8614755179805241,-4.96678282751137e-13,-0.11381894974940765,-0.21097112305362123
28.700000000001687,0.8614755179805172,-4.960266079484616e-13,-0.11381894974940857,-0.21097112305362434
28.71000000000169,0.8614755179805104,-4.953724712634168e-13,-0.1138189497494098,-0.21097112305362742
28.72000000000169,0.8614755179805036,-4.947143466691459e-13,-0.11381894974941084,-0.2109711230536305
28.73000000000169,0.8614755179804968,-4.94055991785662e-13,-0.11381894974941201,-0.21097112305363358
28.740000000001693,0.8614755179804899,-4.933928915059069e-13,-0.11381894974941287,-0.21097112305363666
28.750000000001695,0.8614755179804832,-4.927287575635575e-13,-0.113818949749414,-0.21097112305363974
28.760000000001696,0.8614755179804763,-4.920549465410204e-13,-0.1138189497494152,-0.21097112305364282
28.770000000001698,0.8614755179804695,-4.913754486217014e-13,-0.1138189497494162,-0.21097112305364585
28.7800000000017,0.8614755179804626,-4.906941975720435e-13,-0.11381894974941743,-0.2109711230536489
28.7900000000017,0.8614755179804556,-4.900089843561435e-13,-0.11381894974941899,-0.21097112305365198
28.800000000001702,0.8614755179804489,-4.893176750011192e-13,-0.11381894974941985,-0.210971123053655
28.810000000001704,0.861475517980442,-4.886281133292355e-13,-0.11381894974942083,-0.210971123053658
28.820000000001706,0.8614755179804352,-4.879430261998148e-13,-0.11381894974942174,-0.21097112305366103
28.830000000001707,0.8614755179804283,-4.872566924690604e-13,-0.1138189497494228,-0.21097112305366403
28.84000000000171,0.8614755179804215,-4.865702107072888e-13,-0.113818949749424,-0.21097112305366705
28.85000000000171,0.8614755179804148,-4.858892254547571e-13,-0.11381894974942493,-0.21097112305367008
28.860000000001712,0.8614755179804081,-4.852021904234992e-13,-0.11381894974942654,-0.21097112305367308
28.870000000001713,0.8614755179804015,-4.845170774035273e-13,-0.11381894974942726,-0.21097112305367607
28.880000000001715,0.8614755179803948,-4.838330483056016e-13,-0.11381894974942827,-0.21097112305367902
28.890000000001717,0.8614755179803881,-4.831550896090346e-13,-0.11381894974942947,-0.21097112305368199
28.900000000001718,0.8614755179803816,-4.824799054528931e-13,-0.11381894974943063,-0.21097112305368493
28.91000000000172,0.8614755179803749,-4.818008334508541e-13,-0.11381894974943138,-0.2109711230536879
28.92000000000172,0.8614755179803684,-4.811207511819572e-13,-0.11381894974943255,-0.21097112305369087
28.930000000001723,0.8614755179803617,-4.804387787112267e-13,-0.11381894974943399,-0.2109711230536938
28.940000000001724,0.8614755179803552,-4.797592341638656e-13,-0.11381894974943521,-0.21097112305369678
28.950000000001726,0.8614755179803485,-4.790804890691748e-13,-0.11381894974943596,-0.21097112305369972
28.960000000001727,0.8614755179803419,-4.784084999335535e-13,-0.11381894974943693,-0.21097112305370264
28.97000000000173,0.8614755179803352,-4.777398430481617e-13,-0.11381894974943785,-0.2109711230537056
28.98000000000173,0.8614755179803286,-4.770645100438836e-13,-0.1138189497494393,-0.21097112305370852
28.990000000001732,0.861475517980322,-4.763867903005272e-13,-0.11381894974944023,-0.21097112305371143
29.000000000001734,0.8614755179803154,-4.75712742900615e-13,-0.11381894974944118,-0.21097112305371438
29.010000000001735,0.8614755179803087,-4.750347706465789e-13,-0.11381894974944198,-0.2109711230537173
29.020000000001737,0.8614755179803021,-4.743629589985274e-13,-0.11381894974944347,-0.21097112305372026
29.03000000000174,0.8614755179802955,-4.73686405551212e-13,-0.11381894974944468,-0.21097112305372318
29.04000000000174,0.8614755179802889,-4.730081427293289e-13,-0.11381894974944574,-0.21097112305372612
29.05000000000174,0.8614755179802823,-4.72322020717854e-13,-0.11381894974944684,-0.21097112305372906
29.060000000001743,0.8614755179802758,-4.716399226778044e-13,-0.11381894974944833,-0.21097112305373195
29.070000000001745,0.8614755179802693,-4.7096458712213e-13,-0.11381894974944903,-0.21097112305373486
29.080000000001746,0.8614755179802628,-4.702909937062212e-13,-0.11381894974944994,-0.21097112305373777
29.090000000001748,0.8614755179802563,-4.696168661309505e-13,-0.11381894974945139,-0.21097112305374066
29.10000000000175,0.8614755179802498,-4.689480471838225e-13,-0.1138189497494522,-0.21097112305374358
29.11000000000175,0.8614755179802432,-4.682867692076552e-13,-0.11381894974945297,-0.21097112305374646
29.120000000001752,0.8614755179802368,-4.676270819807865e-13,-0.11381894974945399,-0.21097112305374935
29.130000000001754,0.8614755179802303,-4.669687181527848e-13,-0.11381894974945528,-0.2109711230537523
29.140000000001756,0.8614755179802238,-4.663109135263274e-13,-0.11381894974945617,-0.21097112305375518
29.150000000001757,0.8614755179802172,-4.656494328306538e-13,-0.11381894974945694,-0.21097112305375806
29.16000000000176,0.8614755179802106,-4.649952134358982e-13,-0.11381894974945801,-0.21097112305376092
29.17000000000176,0.8614755179802042,-4.643449664247888e-13,-0.11381894974945904,-0.2109711230537638
29.180000000001762,0.8614755179801976,-4.637087888340691e-13,-0.11381894974945972,-0.2109711230537667
29.190000000001763,0.8614755179801911,-4.630809529890108e-13,-0.11381894974946047,-0.21097112305376955
29.200000000001765,0.8614755179801846,-4.624608224366248e-13,-0.1138189497494619,-0.2109711230537724
29.210000000001767,0.8614755179801781,-4.618364318703784e-13,-0.11381894974946238,-0.2109711230537753
29.220000000001768,0.8614755179801716,-4.612175086425892e-13,-0.11381894974946394,-0.21097112305377816
29.23000000000177,0.8614755179801652,-4.605964031417868e-13,-0.1138189497494646,-0.21097112305378096
29.24000000000177,0.8614755179801589,-4.5998853250625e-13,-0.11381894974946495,-0.21097112305378377
29.250000000001773,0.8614755179801525,-4.593940686922638e-13,-0.11381894974946574,-0.21097112305378654
29.260000000001774,0.8614755179801463,-4.588154354337505e-13,-0.11381894974946669,-0.21097112305378932
29.270000000001776,0.86147551798014,-4.582395245313031e-13,-0.11381894974946721,-0.21097112305379212
29.280000000001777,0.8614755179801337,-4.57674825757818e-13,-0.11381894974946785,-0.2109711230537949
29.29000000000178,0.8614755179801273,-4.571160717913085e-13,-0.11381894974946884,-0.21097112305379773
29.30000000000178,0.8614755179801212,-4.565646920399789e-13,-0.11381894974946943,-0.21097112305380047
29.310000000001782,0.8614755179801149,-4.560216664712873e-13,-0.1138189497494703,-0.21097112305380328
29.320000000001784,0.8614755179801087,-4.554736557022165e-13,-0.11381894974947139,-0.21097112305380608
29.330000000001785,0.8614755179801026,-4.54928072278032e-13,-0.11381894974947192,-0.21097112305380886
29.340000000001787,0.8614755179800964,-4.5438147261923533e-13,-0.11381894974947243,-0.21097112305381163
29.35000000000179,0.8614755179800901,-4.5384490828242974e-13,-0.11381894974947317,-0.21097112305381438
29.36000000000179,0.8614755179800839,-4.5331067098585384e-13,-0.1138189497494743,-0.21097112305381716
29.37000000000179,0.8614755179800778,-4.5277057755743614e-13,-0.11381894974947492,-0.21097112305381993
29.380000000001793,0.8614755179800716,-4.522368570344284e-13,-0.1138189497494758,-0.21097112305382268
29.390000000001795,0.8614755179800654,-4.51699066802942e-13,-0.11381894974947637,-0.21097112305382545
29.400000000001796,0.8614755179800592,-4.5115607462393324e-13,-0.11381894974947718,-0.2109711230538282
29.410000000001798,0.8614755179800531,-4.5061894567836743e-13,-0.11381894974947826,-0.21097112305383098
29.4200000000018,0.8614755179800468,-4.5007887600941187e-13,-0.11381894974947905,-0.21097112305383373
29.4300000000018,0.8614755179800406,-4.495377639846589e-13,-0.11381894974947986,-0.2109711230538365
29.440000000001803,0.8614755179800344,-4.489922640615619e-13,-0.1138189497494807,-0.21097112305383925
29.450000000001804,0.8614755179800283,-4.48447813996029e-13,-0.11381894974948147,-0.210971123053842
29.460000000001806,0.8614755179800221,-4.479013136104179e-13,-0.11381894974948256,-0.21097112305384474
29.470000000001807,0.861475517980016,-4.473547513924863e-13,-0.11381894974948328,-0.21097112305384746
29.48000000000181,0.8614755179800099,-4.4680844997766133e-13,-0.11381894974948417,-0.2109711230538502
29.49000000000181,0.8614755179800039,-4.462599543181981e-13,-0.11381894974948475,-0.21097112305385293
29.500000000001812,0.8614755179799978,-4.457105216006917e-13,-0.1138189497494862,-0.21097112305385568
29.510000000001813,0.8614755179799917,-4.4515681752004405e-13,-0.11381894974948673,-0.2109711230538584
29.520000000001815,0.8614755179799856,-4.446041201631964e-13,-0.11381894974948745,-0.21097112305386115
29.530000000001817,0.8614755179799795,-4.440470096400143e-13,-0.11381894974948865,-0.21097112305386387
29.540000000001818,0.8614755179799735,-4.4349423696539064e-13,-0.11381894974948951,-0.21097112305386662
29.55000000000182,0.8614755179799674,-4.4293729925078534e-13,-0.11381894974949056,-0.21097112305386934
29.56000000000182,0.8614755179799612,-4.423752561958153e-13,-0.11381894974949108,-0.21097112305387208
29.570000000001823,0.8614755179799551,-4.4180855093701866e-13,-0.11381894974949258,-0.21097112305387478
29.580000000001824,0.8614755179799493,-4.4124019014602845e-13,-0.11381894974949314,-0.2109711230538775
29.590000000001826,0.8614755179799432,-4.406694886575052e-13,-0.11381894974949434,-0.21097112305388022
29.600000000001828,0.861475517979937,-4.400991174765227e-13,-0.113818949749495,-0.21097112305388294
29.61000000000183,0.8614755179799309,-4.3952707672576657e-13,-0.11381894974949583,-0.21097112305388563
29.62000000000183,0.8614755179799248,-4.3895882122463824e-13,-0.11381894974949668,-0.21097112305388832
29.630000000001832,0.8614755179799187,-4.3839320219675905e-13,-0.11381894974949772,-0.210971123053891
29.640000000001834,0.8614755179799127,-4.378287757280441e-13,-0.11381894974949845,-0.21097112305389373
29.650000000001835,0.8614755179799066,-4.372721118120562e-13,-0.11381894974949947,-0.21097112305389643
29.660000000001837,0.8614755179799005,-4.3671312159707494e-13,-0.11381894974950009,-0.21097112305389912
29.67000000000184,0.8614755179798944,-4.3615618159836557e-13,-0.11381894974950123,-0.21097112305390184
29.68000000000184,0.8614755179798884,-4.3560201523744875e-13,-0.11381894974950173,-0.2109711230539045
29.69000000000184,0.8614755179798825,-4.3505283833167707e-13,-0.1138189497495026,-0.21097112305390714
29.700000000001843,0.8614755179798768,-4.345123830764893e-13,-0.11381894974950328,-0.21097112305390978
29.710000000001845,0.8614755179798709,-4.339791742026793e-13,-0.11381894974950385,-0.21097112305391244
29.720000000001846,0.861475517979865,-4.3345402764576964e-13,-0.11381894974950449,-0.21097112305391508
29.730000000001848,0.8614755179798591,-4.329314841272772e-13,-0.11381894974950521,-0.21097112305391771
29.74000000000185,0.8614755179798532,-4.324109879250435e-13,-0.11381894974950596,-0.21097112305392038
29.75000000000185,0.8614755179798473,-4.3189442209030916e-13,-0.11381894974950685,-0.21097112305392302
29.760000000001853,0.8614755179798415,-4.313741366501091e-13,-0.11381894974950779,-0.21097112305392565
29.770000000001854,0.8614755179798356,-4.3085632120612617e-13,-0.11381894974950812,-0.21097112305392832
29.780000000001856,0.8614755179798298,-4.3033985799135325e-13,-0.11381894974950924,-0.21097112305393095
29.790000000001857,0.8614755179798239,-4.2982283481231263e-13,-0.11381894974950983,-0.2109711230539336
29.80000000000186,0.8614755179798181,-4.293040967863947e-13,-0.11381894974951082,-0.21097112305393623
29.81000000000186,0.8614755179798124,-4.2879025149356575e-13,-0.11381894974951157,-0.21097112305393884
29.820000000001862,0.8614755179798065,-4.282789654785328e-13,-0.11381894974951204,-0.21097112305394147
29.830000000001863,0.8614755179798006,-4.277679217958083e-13,-0.113818949749513,-0.21097112305394414
29.840000000001865,0.8614755179797947,-4.2725253039128067e-13,-0.11381894974951402,-0.21097112305394677
29.850000000001867,0.8614755179797888,-4.267350291913301e-13,-0.11381894974951474,-0.2109711230539494
29.860000000001868,0.861475517979783,-4.2621581591586196e-13,-0.11381894974951572,-0.21097112305395208
29.87000000000187,0.8614755179797772,-4.256931409274783e-13,-0.11381894974951626,-0.2109711230539547
29.88000000000187,0.8614755179797713,-4.2516796512787135e-13,-0.1138189497495175,-0.21097112305395735
29.890000000001873,0.8614755179797654,-4.2463766309210073e-13,-0.11381894974951844,-0.21097112305395996
29.900000000001874,0.8614755179797595,-4.2410461895909865e-13,-0.11381894974951978,-0.21097112305396262
29.910000000001876,0.8614755179797537,-4.235716274756977e-13,-0.11381894974951982,-0.21097112305396523
29.920000000001878,0.861475517979748,-4.2303755862419525e-13,-0.11381894974952089,-0.21097112305396784
29.93000000000188,0.8614755179797422,-4.2250177911654897e-13,-0.11381894974952139,-0.21097112305397048
29.94000000000188,0.8614755179797364,-4.219657810605669e-13,-0.1138189497495227,-0.2109711230539731
29.950000000001882,0.8614755179797307,-4.21425208743474e-13,-0.11381894974952389,-0.2109711230539757
29.960000000001884,0.861475517979725,-4.2088154064426886e-13,-0.11381894974952478,-0.21097112305397833
29.970000000001885,0.8614755179797192,-4.2033002354733377e-13,-0.1138189497495255,-0.21097112305398094
29.980000000001887,0.8614755179797134,-4.19775485861928e-13,-0.11381894974952647,-0.21097112305398355
29.99000000000189,0.8614755179797077,-4.1921834833165967e-13,-0.1138189497495276,-0.2109711230539862
30.00000000000189,0.8614755179797019,-4.1865185385130284e-13,-0.11381894974952828,-0.2109711230539888
30.01000000000189,0.8614755179796962,-4.1808391702935685e-13,-0.11381894974952927,-0.2109711230539914
30.020000000001893,0.8614755179796906,-4.1751493121629146e-13,-0.11381894974953045,-0.21097112305399396
30.030000000001895,0.8614755179796849,-4.1694308798579065e-13,-0.11381894974953108,-0.21097112305399654
30.040000000001896,0.8614755179796791,-4.1637841177266114e-13,-0.11381894974953195,-0.21097112305399912
30.050000000001898,0.8614755179796734,-4.158135098694243e-13,-0.11381894974953301,-0.2109711230540017
30.0600000000019,0.8614755179796676,-4.1525295207158454e-13,-0.11381894974953385,-0.21097112305400428
30.0700000000019,0.8614755179796618,-4.146929824901817e-13,-0.1138189497495343,-0.2109711230540069
30.080000000001903,0.861475517979656,-4.141283255638633e-13,-0.11381894974953513,-0.21097112305400947
30.090000000001904,0.8614755179796503,-4.1356298749866135e-13,-0.11381894974953652,-0.21097112305401206
30.100000000001906,0.8614755179796446,-4.129999560053227e-13,-0.11381894974953764,-0.21097112305401464
30.110000000001907,0.8614755179796388,-4.124332516351835e-13,-0.11381894974953864,-0.21097112305401725
30.12000000000191,0.8614755179796332,-4.1186138079369237e-13,-0.11381894974953916,-0.2109711230540198
30.13000000000191,0.8614755179796275,-4.112934100931466e-13,-0.11381894974954014,-0.21097112305402235
30.140000000001912,0.8614755179796219,-4.1073247134622507e-13,-0.11381894974954102,-0.21097112305402488
30.150000000001913,0.8614755179796162,-4.101768103804192e-13,-0.11381894974954154,-0.2109711230540274
30.160000000001915,0.8614755179796106,-4.0962519940039387e-13,-0.11381894974954207,-0.21097112305402987
30.170000000001917,0.861475517979605,-4.0908579105982677e-13,-0.11381894974954294,-0.21097112305403234
30.180000000001918,0.8614755179795994,-4.0855504407645275e-13,-0.11381894974954371,-0.21097112305403481
30.19000000000192,0.8614755179795939,-4.080329890783166e-13,-0.11381894974954364,-0.2109711230540373
30.20000000000192,0.8614755179795883,-4.0751706545993126e-13,-0.1138189497495447,-0.21097112305403978
30.210000000001923,0.8614755179795828,-4.070058882865794e-13,-0.11381894974954566,-0.21097112305404225
30.220000000001924,0.8614755179795772,-4.064929522731035e-13,-0.11381894974954643,-0.21097112305404472
30.230000000001926,0.8614755179795717,-4.059800441023137e-13,-0.11381894974954757,-0.21097112305404722
30.240000000001928,0.8614755179795662,-4.0546246026263753e-13,-0.11381894974954791,-0.2109711230540497
30.25000000000193,0.8614755179795608,-4.0494849589695e-13,-0.11381894974954873,-0.2109711230540522
30.26000000000193,0.8614755179795553,-4.044373365758353e-13,-0.11381894974954956,-0.21097112305405466
30.270000000001932,0.8614755179795499,-4.0391939893941735e-13,-0.11381894974955074,-0.21097112305405713
30.280000000001934,0.8614755179795444,-4.033942881778275e-13,-0.11381894974955162,-0.21097112305405963
30.290000000001935,0.8614755179795388,-4.0286187950921565e-13,-0.11381894974955255,-0.21097112305406215
30.300000000001937,0.8614755179795333,-4.0232217631460486e-13,-0.11381894974955352,-0.21097112305406465
30.31000000000194,0.8614755179795276,-4.017791743361489e-13,-0.11381894974955484,-0.21097112305406712
30.32000000000194,0.861475517979522,-4.01223074603433e-13,-0.1138189497495555,-0.2109711230540696
30.33000000000194,0.8614755179795165,-4.006677219109021e-13,-0.11381894974955684,-0.21097112305407206
30.340000000001943,0.8614755179795109,-4.001026710326513e-13,-0.11381894974955778,-0.21097112305407453
30.350000000001945,0.8614755179795054,-3.9953221298185955e-13,-0.1138189497495587,-0.21097112305407703
30.360000000001946,0.8614755179794998,-3.989626749660597e-13,-0.11381894974955906,-0.2109711230540795
30.370000000001948,0.8614755179794944,-3.983900872167159e-13,-0.11381894974956018,-0.21097112305408194
30.38000000000195,0.861475517979489,-3.97818558542192e-13,-0.11381894974956105,-0.2109711230540844
30.39000000000195,0.8614755179794835,-3.972544432994776e-13,-0.11381894974956207,-0.21097112305408683
30.400000000001953,0.8614755179794781,-3.966860880323583e-13,-0.11381894974956319,-0.21097112305408927
30.410000000001954,0.8614755179794725,-3.9611219868950986e-13,-0.11381894974956448,-0.2109711230540917
30.420000000001956,0.8614755179794671,-3.955318722770876e-13,-0.11381894974956475,-0.21097112305409416
30.430000000001957,0.8614755179794616,-3.949536158699525e-13,-0.11381894974956586,-0.2109711230540966
30.44000000000196,0.8614755179794562,-3.9436739675994235e-13,-0.1138189497495671,-0.210971123054099
30.45000000000196,0.8614755179794508,-3.93784685382336e-13,-0.113818949749568,-0.21097112305410143
30.460000000001962,0.8614755179794453,-3.9320280557151826e-13,-0.11381894974956887,-0.21097112305410384
30.470000000001964,0.8614755179794399,-3.926120328616375e-13,-0.11381894974957003,-0.21097112305410629
30.480000000001965,0.8614755179794344,-3.9202339348172733e-13,-0.11381894974957119,-0.2109711230541087
30.490000000001967,0.8614755179794291,-3.914260618597398e-13,-0.11381894974957235,-0.21097112305411111
30.500000000001968,0.8614755179794238,-3.9082558592714125e-13,-0.11381894974957331,-0.21097112305411353
30.51000000000197,0.8614755179794185,-3.9021203245517365e-13,-0.11381894974957464,-0.21097112305411594
30.52000000000197,0.861475517979413,-3.8959180722829576e-13,-0.11381894974957547,-0.21097112305411836
30.530000000001973,0.8614755179794076,-3.889767350413404e-13,-0.11381894974957663,-0.21097112305412077
30.540000000001974,0.861475517979402,-3.883633432646371e-13,-0.11381894974957751,-0.21097112305412316
30.550000000001976,0.8614755179793966,-3.877543746863451e-13,-0.11381894974957837,-0.21097112305412558
30.560000000001978,0.8614755179793911,-3.87147412731175e-13,-0.11381894974957973,-0.210971123054128
30.57000000000198,0.8614755179793857,-3.865388333310109e-13,-0.11381894974958069,-0.2109711230541304
30.58000000000198,0.8614755179793804,-3.8593291959028885e-13,-0.11381894974958101,-0.2109711230541328
30.590000000001982,0.861475517979375,-3.8533328617936376e-13,-0.11381894974958162,-0.21097112305413518
30.600000000001984,0.8614755179793696,-3.8474011656873806e-13,-0.11381894974958279,-0.21097112305413757
30.610000000001985,0.8614755179793643,-3.841588363232669e-13,-0.11381894974958373,-0.2109711230541399
30.620000000001987,0.861475517979359,-3.835853916895245e-13,-0.11381894974958434,-0.21097112305414226
30.63000000000199,0.8614755179793536,-3.830217255318135e-13,-0.1138189497495848,-0.21097112305414456
30.64000000000199,0.8614755179793483,-3.824722794881375e-13,-0.11381894974958537,-0.2109711230541469
30.65000000000199,0.8614755179793431,-3.819444071567527e-13,-0.11381894974958602,-0.2109711230541492
30.660000000001993,0.8614755179793379,-3.8142421799494573e-13,-0.11381894974958666,-0.21097112305415153
30.670000000001995,0.8614755179793325,-3.8091572448273395e-13,-0.11381894974958724,-0.21097112305415386
30.680000000001996,0.8614755179793273,-3.804194157155023e-13,-0.11381894974958762,-0.21097112305415616
30.690000000001998,0.8614755179793222,-3.7993506410432333e-13,-0.11381894974958809,-0.21097112305415847
30.700000000002,0.8614755179793171,-3.7946175747816483e-13,-0.11381894974958892,-0.2109711230541608
30.710000000002,0.8614755179793119,-3.789984665042797e-13,-0.11381894974958931,-0.21097112305416307
30.720000000002003,0.8614755179793068,-3.7854633409410437e-13,-0.11381894974958986,-0.21097112305416538
30.730000000002004,0.8614755179793017,-3.7810378945265353e-13,-0.11381894974959038,-0.21097112305416768
30.740000000002006,0.8614755179792963,-3.776721635414326e-13,-0.11381894974959075,-0.21097112305416998
30.750000000002007,0.8614755179792911,-3.7724494638566395e-13,-0.11381894974959167,-0.21097112305417234
30.76000000000201,0.8614755179792859,-3.768210101749884e-13,-0.11381894974959215,-0.21097112305417465
30.77000000000201,0.8614755179792807,-3.7639992559524894e-13,-0.11381894974959261,-0.21097112305417695
30.780000000002012,0.8614755179792754,-3.759839680678725e-13,-0.11381894974959303,-0.21097112305417923
30.790000000002014,0.8614755179792701,-3.7557574462637647e-13,-0.11381894974959389,-0.21097112305418156
30.800000000002015,0.861475517979265,-3.751733241976883e-13,-0.11381894974959406,-0.21097112305418386
30.810000000002017,0.8614755179792598,-3.747706602717163e-13,-0.11381894974959501,-0.2109711230541862
30.82000000000202,0.8614755179792547,-3.743698448172293e-13,-0.11381894974959555,-0.21097112305418853
30.83000000000202,0.8614755179792496,-3.7396502049228726e-13,-0.11381894974959664,-0.21097112305419083
30.84000000000202,0.8614755179792445,-3.735719353186628e-13,-0.11381894974959722,-0.21097112305419316
30.850000000002023,0.8614755179792393,-3.7317143302733965e-13,-0.11381894974959784,-0.2109711230541955
30.860000000002024,0.8614755179792342,-3.7276908773961784e-13,-0.11381894974959839,-0.2109711230541978
30.870000000002026,0.861475517979229,-3.723634393927042e-13,-0.11381894974959876,-0.21097112305420013
30.880000000002028,0.861475517979224,-3.719529002044225e-13,-0.11381894974959975,-0.21097112305420246
30.89000000000203,0.8614755179792187,-3.715413657375882e-13,-0.11381894974960022,-0.21097112305420473
30.90000000000203,0.8614755179792136,-3.711309320606337e-13,-0.11381894974960094,-0.21097112305420707
30.910000000002032,0.8614755179792085,-3.7071400201434325e-13,-0.1138189497496015,-0.21097112305420937
30.920000000002034,0.8614755179792034,-3.7029823005347207e-13,-0.11381894974960227,-0.21097112305421173
30.930000000002035,0.8614755179791983,-3.6988087130089e-13,-0.11381894974960313,-0.21097112305421398
30.940000000002037,0.8614755179791933,-3.6946863122815505e-13,-0.11381894974960345,-0.21097112305421625
30.95000000000204,0.8614755179791883,-3.6905417753743884e-13,-0.11381894974960388,-0.21097112305421853
30.96000000000204,0.8614755179791832,-3.6864138708027084e-13,-0.11381894974960458,-0.21097112305422078
30.97000000000204,0.8614755179791782,-3.6822764813196717e-13,-0.11381894974960491,-0.21097112305422308
30.980000000002043,0.8614755179791732,-3.6781931795462333e-13,-0.1138189497496059,-0.21097112305422533
30.990000000002045,0.8614755179791681,-3.674109846760806e-13,-0.11381894974960675,-0.21097112305422766
31.000000000002046,0.8614755179791629,-3.6698762568885053e-13,-0.1138189497496076,-0.21097112305422994
31.010000000002048,0.8614755179791578,-3.66573451094524e-13,-0.113818949749608,-0.2109711230542322
31.02000000000205,0.8614755179791527,-3.6615731061023404e-13,-0.11381894974960875,-0.21097112305423452
31.03000000000205,0.8614755179791475,-3.6573672532034426e-13,-0.11381894974960927,-0.21097112305423676
31.040000000002053,0.8614755179791423,-3.653210079391218e-13,-0.11381894974960988,-0.21097112305423907
31.050000000002054,0.8614755179791374,-3.64900267956558e-13,-0.11381894974961035,-0.21097112305424132
31.060000000002056,0.8614755179791322,-3.6448099582954695e-13,-0.11381894974961106,-0.21097112305424356
31.070000000002057,0.8614755179791272,-3.640537232032762e-13,-0.11381894974961228,-0.21097112305424578
31.08000000000206,0.8614755179791221,-3.6362678933525746e-13,-0.11381894974961294,-0.21097112305424803
31.09000000000206,0.8614755179791171,-3.632001083217616e-13,-0.11381894974961344,-0.2109711230542503
31.100000000002062,0.8614755179791121,-3.6276525194322443e-13,-0.11381894974961448,-0.21097112305425259
31.110000000002064,0.8614755179791072,-3.6232787219866073e-13,-0.11381894974961507,-0.21097112305425483
31.120000000002065,0.861475517979102,-3.618838055232856e-13,-0.11381894974961566,-0.2109711230542571
31.130000000002067,0.861475517979097,-3.6143519046091155e-13,-0.11381894974961666,-0.2109711230542594
31.14000000000207,0.861475517979092,-3.6097269272272136e-13,-0.11381894974961775,-0.21097112305426166
31.15000000000207,0.8614755179790871,-3.605018848938676e-13,-0.11381894974961854,-0.2109711230542639
31.16000000000207,0.8614755179790823,-3.6002731964762486e-13,-0.11381894974961947,-0.21097112305426613
31.170000000002073,0.8614755179790775,-3.5954832218254065e-13,-0.11381894974962005,-0.21097112305426835
31.180000000002075,0.8614755179790726,-3.59071783411833e-13,-0.11381894974962085,-0.21097112305427057
31.190000000002076,0.8614755179790679,-3.5859324642911774e-13,-0.11381894974962133,-0.2109711230542728
31.200000000002078,0.861475517979063,-3.581089766971653e-13,-0.11381894974962285,-0.210971123054275
31.21000000000208,0.8614755179790582,-3.576192052746444e-13,-0.11381894974962332,-0.2109711230542772
31.22000000000208,0.8614755179790534,-3.57128056270084e-13,-0.11381894974962424,-0.21097112305427945
31.230000000002082,0.8614755179790485,-3.566332628439844e-13,-0.11381894974962474,-0.21097112305428162
31.240000000002084,0.8614755179790438,-3.561438448989025e-13,-0.11381894974962543,-0.2109711230542838
31.250000000002085,0.8614755179790389,-3.5565512749945116e-13,-0.11381894974962678,-0.21097112305428603
31.260000000002087,0.8614755179790339,-3.5516294978224805e-13,-0.11381894974962728,-0.21097112305428822
31.27000000000209,0.861475517979029,-3.546709827577938e-13,-0.11381894974962786,-0.21097112305429044
31.28000000000209,0.861475517979024,-3.541828848481117e-13,-0.11381894974962889,-0.21097112305429266
31.29000000000209,0.8614755179790191,-3.536889094472614e-13,-0.11381894974962939,-0.21097112305429488
31.300000000002093,0.8614755179790143,-3.5319698009062526e-13,-0.11381894974963064,-0.21097112305429705
31.310000000002095,0.8614755179790095,-3.527114495918182e-13,-0.11381894974963119,-0.21097112305429924
31.320000000002096,0.8614755179790047,-3.5222381452819937e-13,-0.1138189497496318,-0.21097112305430143
31.330000000002098,0.8614755179789998,-3.517387678529961e-13,-0.11381894974963264,-0.21097112305430363
31.3400000000021,0.861475517978995,-3.512513047944284e-13,-0.1138189497496333,-0.21097112305430582
31.3500000000021,0.8614755179789902,-3.507664002335973e-13,-0.1138189497496346,-0.21097112305430799
31.360000000002103,0.8614755179789854,-3.5027834244120277e-13,-0.11381894974963501,-0.21097112305431018
31.370000000002104,0.8614755179789806,-3.497937513138155e-13,-0.11381894974963559,-0.21097112305431234
31.380000000002106,0.8614755179789757,-3.4931435887046743e-13,-0.11381894974963627,-0.2109711230543145
31.390000000002107,0.8614755179789709,-3.488412040456001e-13,-0.11381894974963705,-0.21097112305431664
31.40000000000211,0.861475517978966,-3.4837101402374574e-13,-0.11381894974963797,-0.2109711230543188
31.41000000000211,0.8614755179789613,-3.479128502944554e-13,-0.11381894974963816,-0.21097112305432095
31.420000000002112,0.8614755179789564,-3.474564619990355e-13,-0.11381894974963894,-0.2109711230543231
31.430000000002114,0.8614755179789517,-3.469970673087434e-13,-0.11381894974964007,-0.21097112305432528
31.440000000002115,0.861475517978947,-3.4653709713155417e-13,-0.11381894974964055,-0.21097112305432741
31.450000000002117,0.8614755179789423,-3.4607539606349754e-13,-0.11381894974964138,-0.2109711230543296
31.46000000000212,0.8614755179789376,-3.4560815368372635e-13,-0.11381894974964211,-0.21097112305433174
31.47000000000212,0.8614755179789328,-3.451437096312816e-13,-0.11381894974964271,-0.21097112305433394
31.48000000000212,0.8614755179789282,-3.446822290119392e-13,-0.11381894974964346,-0.21097112305433607
31.490000000002123,0.8614755179789234,-3.442207370033215e-13,-0.11381894974964409,-0.2109711230543382
31.500000000002125,0.8614755179789187,-3.437563700276689e-13,-0.1138189497496448,-0.2109711230543404
31.510000000002126,0.8614755179789139,-3.432870937377257e-13,-0.11381894974964597,-0.21097112305434257
31.520000000002128,0.8614755179789091,-3.4281211157728446e-13,-0.11381894974964703,-0.21097112305434476
31.53000000000213,0.8614755179789043,-3.423337521612475e-13,-0.11381894974964726,-0.21097112305434693
31.54000000000213,0.8614755179788994,-3.418535428247653e-13,-0.11381894974964846,-0.2109711230543491
31.550000000002132,0.8614755179788948,-3.41375145192413e-13,-0.11381894974964912,-0.2109711230543512
31.560000000002134,0.86147551797889,-3.4089929264546663e-13,-0.11381894974964976,-0.2109711230543533
31.570000000002135,0.8614755179788853,-3.40426603004405e-13,-0.11381894974965065,-0.21097112305435545
31.580000000002137,0.8614755179788806,-3.3995798754799394e-13,-0.11381894974965127,-0.21097112305435758
31.59000000000214,0.8614755179788759,-3.3948984351244827e-13,-0.1138189497496517,-0.21097112305435972
31.60000000000214,0.8614755179788711,-3.390225056949294e-13,-0.11381894974965287,-0.21097112305436183
31.61000000000214,0.8614755179788665,-3.3855341022266263e-13,-0.11381894974965343,-0.21097112305436397
31.620000000002143,0.8614755179788617,-3.3807960965892256e-13,-0.11381894974965426,-0.21097112305436608
31.630000000002145,0.861475517978857,-3.376115270624267e-13,-0.1138189497496546,-0.21097112305436824
31.640000000002146,0.8614755179788522,-3.3713994944933645e-13,-0.11381894974965576,-0.21097112305437035
31.650000000002148,0.8614755179788476,-3.366654433637227e-13,-0.11381894974965645,-0.2109711230543725
31.66000000000215,0.8614755179788428,-3.361898537666207e-13,-0.11381894974965763,-0.2109711230543746
31.67000000000215,0.8614755179788381,-3.3570769021039316e-13,-0.1138189497496582,-0.21097112305437674
31.680000000002153,0.8614755179788335,-3.352240987307356e-13,-0.11381894974965902,-0.21097112305437882
31.690000000002154,0.861475517978829,-3.347389198222974e-13,-0.1138189497496597,-0.21097112305438087
31.700000000002156,0.8614755179788245,-3.3426497614892083e-13,-0.11381894974966031,-0.21097112305438293
31.710000000002157,0.86147551797882,-3.3379900170151863e-13,-0.11381894974966114,-0.21097112305438495
31.72000000000216,0.8614755179788155,-3.333407733803328e-13,-0.11381894974966152,-0.210971123054387
31.73000000000216,0.861475517978811,-3.32890779545936e-13,-0.11381894974966214,-0.21097112305438903
31.740000000002162,0.8614755179788065,-3.3244347022581717e-13,-0.1138189497496627,-0.21097112305439109
31.750000000002164,0.861475517978802,-3.320048314383886e-13,-0.11381894974966314,-0.21097112305439314
31.760000000002165,0.8614755179787975,-3.315717571970056e-13,-0.11381894974966378,-0.21097112305439517
31.770000000002167,0.8614755179787928,-3.311420263383339e-13,-0.1138189497496641,-0.21097112305439725
31.78000000000217,0.8614755179787883,-3.307197901257004e-13,-0.1138189497496651,-0.2109711230543993
31.79000000000217,0.8614755179787836,-3.3029029085252936e-13,-0.11381894974966544,-0.21097112305440138
31.80000000000217,0.861475517978779,-3.298630026780627e-13,-0.11381894974966639,-0.21097112305440346
31.810000000002173,0.8614755179787744,-3.2943103538318315e-13,-0.11381894974966716,-0.21097112305440552
31.820000000002175,0.8614755179787699,-3.289967013172326e-13,-0.11381894974966812,-0.21097112305440757
31.830000000002176,0.8614755179787654,-3.285649583482573e-13,-0.11381894974966852,-0.2109711230544096
31.840000000002178,0.8614755179787609,-3.281321546350328e-13,-0.11381894974966912,-0.21097112305441165
31.85000000000218,0.8614755179787564,-3.2769958395947777e-13,-0.11381894974966998,-0.2109711230544137
31.86000000000218,0.8614755179787519,-3.272696049167816e-13,-0.11381894974967058,-0.2109711230544157
31.870000000002182,0.8614755179787473,-3.2684263725368956e-13,-0.11381894974967116,-0.21097112305441776
31.880000000002184,0.8614755179787429,-3.2641980709679205e-13,-0.11381894974967176,-0.21097112305441978
31.890000000002185,0.8614755179787383,-3.259999711249284e-13,-0.11381894974967216,-0.21097112305442176
31.900000000002187,0.8614755179787338,-3.2558457145081596e-13,-0.11381894974967292,-0.21097112305442378
31.91000000000219,0.8614755179787293,-3.2517194308479344e-13,-0.11381894974967362,-0.2109711230544258
31.92000000000219,0.8614755179787248,-3.247605151071747e-13,-0.1138189497496746,-0.2109711230544278
31.93000000000219,0.8614755179787204,-3.2434289508834624e-13,-0.11381894974967485,-0.2109711230544298
31.940000000002193,0.8614755179787158,-3.2392842833421123e-13,-0.11381894974967584,-0.21097112305443183
31.950000000002195,0.8614755179787114,-3.23513372649601e-13,-0.11381894974967613,-0.21097112305443383
31.960000000002196,0.861475517978707,-3.2309969298290164e-13,-0.11381894974967646,-0.2109711230544358
31.970000000002198,0.8614755179787026,-3.2268909974265716e-13,-0.1138189497496774,-0.21097112305443777
31.9800000000022,0.8614755179786981,-3.22276087090002e-13,-0.1138189497496778,-0.21097112305443977
31.9900000000022,0.8614755179786938,-3.2186522526077353e-13,-0.11381894974967868,-0.21097112305444174
32.0000000000022,0.8614755179786894,-3.2145436944869974e-13,-0.11381894974967906,-0.21097112305444374
32.0100000000022,0.8614755179786849,-3.2104500788162994e-13,-0.11381894974968018,-0.21097112305444574
32.0200000000022,0.8614755179786806,-3.2063485533562347e-13,-0.11381894974968033,-0.2109711230544477
32.0300000000022,0.8614755179786762,-3.2022652752335036e-13,-0.1138189497496809,-0.21097112305444968
32.040000000002195,0.8614755179786717,-3.198216940301709e-13,-0.11381894974968138,-0.21097112305445168
32.05000000000219,0.8614755179786674,-3.1941854155340465e-13,-0.11381894974968228,-0.21097112305445367
32.06000000000219,0.8614755179786628,-3.190088236009496e-13,-0.11381894974968336,-0.21097112305445564
32.07000000000219,0.8614755179786583,-3.185939484968689e-13,-0.11381894974968387,-0.21097112305445767
32.08000000000219,0.8614755179786538,-3.1817498098135603e-13,-0.11381894974968484,-0.2109711230544597
32.090000000002185,0.8614755179786494,-3.1775281166272797e-13,-0.11381894974968518,-0.21097112305446164
32.10000000000218,0.861475517978645,-3.173388652509045e-13,-0.11381894974968568,-0.21097112305446358
32.11000000000218,0.8614755179786406,-3.1692952532038625e-13,-0.11381894974968618,-0.21097112305446555
32.12000000000218,0.8614755179786362,-3.165208632303386e-13,-0.11381894974968713,-0.2109711230544675
32.13000000000218,0.8614755179786318,-3.1611808807569153e-13,-0.1138189497496874,-0.21097112305446947
32.140000000002175,0.8614755179786274,-3.157189223227594e-13,-0.11381894974968826,-0.21097112305447138
32.15000000000217,0.861475517978623,-3.15318217287172e-13,-0.11381894974968898,-0.21097112305447338
32.16000000000217,0.8614755179786185,-3.149131042095492e-13,-0.11381894974968967,-0.21097112305447538
32.17000000000217,0.8614755179786142,-3.1450438718111014e-13,-0.11381894974969001,-0.21097112305447738
32.18000000000217,0.8614755179786098,-3.1409010549931056e-13,-0.11381894974969148,-0.21097112305447932
32.190000000002165,0.8614755179786053,-3.13664646716127e-13,-0.11381894974969188,-0.21097112305448132
32.20000000000216,0.861475517978601,-3.1322590035126987e-13,-0.11381894974969299,-0.21097112305448332
32.21000000000216,0.8614755179785966,-3.127796135088051e-13,-0.11381894974969392,-0.2109711230544853
32.22000000000216,0.8614755179785922,-3.123284862140489e-13,-0.11381894974969455,-0.2109711230544872
32.23000000000216,0.861475517978588,-3.118719561354943e-13,-0.11381894974969556,-0.21097112305448915
32.240000000002155,0.8614755179785837,-3.1142250239418015e-13,-0.11381894974969592,-0.21097112305449106
32.25000000000215,0.8614755179785794,-3.1097553158215487e-13,-0.11381894974969668,-0.210971123054493
32.26000000000215,0.861475517978575,-3.105296177911708e-13,-0.11381894974969745,-0.21097112305449495
32.27000000000215,0.8614755179785709,-3.10088249084057e-13,-0.11381894974969818,-0.2109711230544968
32.28000000000215,0.8614755179785667,-3.09647894916895e-13,-0.11381894974969833,-0.21097112305449872
32.290000000002145,0.8614755179785625,-3.092146339947169e-13,-0.11381894974969922,-0.2109711230545006
32.30000000000214,0.8614755179785583,-3.0878440271781973e-13,-0.11381894974969946,-0.21097112305450252
32.31000000000214,0.8614755179785542,-3.0835895226809815e-13,-0.11381894974970029,-0.2109711230545044
32.32000000000214,0.8614755179785499,-3.079365524560227e-13,-0.11381894974970073,-0.21097112305450633
32.33000000000214,0.8614755179785457,-3.075138769240946e-13,-0.11381894974970176,-0.21097112305450821
32.340000000002135,0.8614755179785415,-3.070916989444483e-13,-0.11381894974970204,-0.2109711230545101
32.35000000000213,0.8614755179785373,-3.066671872369494e-13,-0.11381894974970301,-0.21097112305451202
32.36000000000213,0.861475517978533,-3.062383711158613e-13,-0.113818949749704,-0.21097112305451393
32.37000000000213,0.8614755179785287,-3.058123323588796e-13,-0.11381894974970432,-0.2109711230545158
32.38000000000213,0.8614755179785245,-3.0539438390198747e-13,-0.11381894974970486,-0.21097112305451765
32.390000000002125,0.8614755179785203,-3.0498204788384935e-13,-0.11381894974970524,-0.21097112305451954
32.40000000000212,0.8614755179785162,-3.0457290751761995e-13,-0.11381894974970615,-0.2109711230545214
32.41000000000212,0.861475517978512,-3.041697711112652e-13,-0.11381894974970652,-0.21097112305452329
32.42000000000212,0.8614755179785077,-3.0377121358429577e-13,-0.11381894974970694,-0.21097112305452514
32.43000000000212,0.8614755179785035,-3.033730775031589e-13,-0.11381894974970735,-0.210971123054527
32.440000000002115,0.8614755179784993,-3.029756006511326e-13,-0.11381894974970805,-0.21097112305452886
32.45000000000211,0.8614755179784952,-3.0258259571005873e-13,-0.11381894974970906,-0.21097112305453072
32.46000000000211,0.861475517978491,-3.021926308297013e-13,-0.11381894974970952,-0.21097112305453264
32.47000000000211,0.8614755179784868,-3.0179174545807855e-13,-0.1138189497497103,-0.21097112305453453
32.48000000000211,0.8614755179784825,-3.0138674154951674e-13,-0.1138189497497113,-0.21097112305453644
32.490000000002105,0.8614755179784784,-3.0097462721736444e-13,-0.11381894974971182,-0.2109711230545383
32.5000000000021,0.8614755179784742,-3.0056142748632327e-13,-0.11381894974971273,-0.21097112305454016
32.5100000000021,0.86147551797847,-3.001463623095862e-13,-0.11381894974971295,-0.21097112305454205
32.5200000000021,0.8614755179784659,-2.9973135908914074e-13,-0.11381894974971363,-0.21097112305454388
32.5300000000021,0.8614755179784618,-2.993169251027435e-13,-0.11381894974971452,-0.2109711230545457
32.540000000002095,0.8614755179784577,-2.989033844984082e-13,-0.11381894974971478,-0.21097112305454757
32.55000000000209,0.8614755179784537,-2.9849153796779644e-13,-0.1138189497497155,-0.2109711230545494
32.56000000000209,0.8614755179784496,-2.980851712726632e-13,-0.11381894974971644,-0.2109711230545512
32.57000000000209,0.8614755179784455,-2.9768312609640214e-13,-0.11381894974971653,-0.21097112305455304
32.58000000000209,0.8614755179784414,-2.9729138732953504e-13,-0.11381894974971703,-0.21097112305455484
32.590000000002085,0.8614755179784372,-2.9691456725070425e-13,-0.11381894974971712,-0.21097112305455668
32.60000000000208,0.8614755179784331,-2.9653873453753997e-13,-0.11381894974971801,-0.21097112305455848
32.61000000000208,0.861475517978429,-2.961737052044953e-13,-0.11381894974971829,-0.21097112305456028
32.62000000000208,0.861475517978425,-2.958156255946843e-13,-0.1138189497497185,-0.2109711230545621
32.63000000000208,0.8614755179784209,-2.954584425827708e-13,-0.11381894974971951,-0.2109711230545639
32.640000000002075,0.8614755179784168,-2.951010184577312e-13,-0.11381894974971975,-0.21097112305456572
32.65000000000207,0.8614755179784127,-2.947427141492821e-13,-0.11381894974972037,-0.21097112305456753
32.66000000000207,0.8614755179784085,-2.943881960531598e-13,-0.11381894974972104,-0.21097112305456936
32.67000000000207,0.8614755179784044,-2.9402480414160587e-13,-0.11381894974972184,-0.21097112305457116
32.68000000000207,0.8614755179784003,-2.936608188476029e-13,-0.11381894974972208,-0.21097112305457297
32.690000000002065,0.8614755179783962,-2.932964698612129e-13,-0.11381894974972287,-0.21097112305457477
32.70000000000206,0.8614755179783922,-2.929355594430359e-13,-0.11381894974972326,-0.21097112305457658
32.71000000000206,0.8614755179783881,-2.9257392138241655e-13,-0.11381894974972401,-0.2109711230545784
32.72000000000206,0.861475517978384,-2.9221129385193417e-13,-0.11381894974972465,-0.2109711230545802
32.73000000000206,0.8614755179783798,-2.918491732289369e-13,-0.11381894974972553,-0.21097112305458202
32.740000000002055,0.8614755179783757,-2.914856265363914e-13,-0.11381894974972565,-0.21097112305458382
32.75000000000205,0.8614755179783716,-2.91115519925336e-13,-0.11381894974972658,-0.21097112305458562
32.76000000000205,0.8614755179783675,-2.9074635119806894e-13,-0.11381894974972749,-0.21097112305458743
32.77000000000205,0.8614755179783634,-2.9038079911945294e-13,-0.11381894974972762,-0.21097112305458926
32.78000000000205,0.8614755179783593,-2.9001105340769326e-13,-0.11381894974972834,-0.21097112305459106
32.790000000002046,0.8614755179783553,-2.8963918574501107e-13,-0.1138189497497291,-0.21097112305459287
32.80000000000204,0.8614755179783512,-2.8926259437286943e-13,-0.11381894974972967,-0.21097112305459467
32.81000000000204,0.8614755179783472,-2.888907325766361e-13,-0.1138189497497305,-0.21097112305459645
32.82000000000204,0.8614755179783432,-2.8851575763655993e-13,-0.11381894974973068,-0.21097112305459823
32.83000000000204,0.8614755179783392,-2.881509567519322e-13,-0.11381894974973122,-0.21097112305459997
32.840000000002036,0.8614755179783352,-2.8779269987334506e-13,-0.11381894974973161,-0.21097112305460172
32.850000000002034,0.8614755179783312,-2.8744638871141084e-13,-0.11381894974973202,-0.21097112305460347
32.86000000000203,0.8614755179783272,-2.871068841638432e-13,-0.1138189497497322,-0.21097112305460522
32.87000000000203,0.8614755179783232,-2.867748291798429e-13,-0.11381894974973289,-0.21097112305460697
32.88000000000203,0.8614755179783192,-2.8644081033626117e-13,-0.11381894974973361,-0.21097112305460874
32.890000000002026,0.8614755179783153,-2.861050874792787e-13,-0.11381894974973374,-0.2109711230546105
32.900000000002024,0.8614755179783115,-2.857793829493355e-13,-0.11381894974973422,-0.21097112305461221
32.91000000000202,0.8614755179783076,-2.854573961996028e-13,-0.11381894974973489,-0.21097112305461396
32.92000000000202,0.8614755179783037,-2.8513727917792714e-13,-0.1138189497497353,-0.2109711230546157
32.93000000000202,0.8614755179782999,-2.8481631770190217e-13,-0.11381894974973573,-0.21097112305461746
32.940000000002016,0.861475517978296,-2.8450037036443957e-13,-0.1138189497497359,-0.2109711230546192
32.950000000002014,0.8614755179782921,-2.8418651183841326e-13,-0.11381894974973664,-0.21097112305462098
32.96000000000201,0.8614755179782883,-2.838669825551306e-13,-0.11381894974973714,-0.21097112305462273
32.97000000000201,0.8614755179782844,-2.835490812989346e-13,-0.11381894974973736,-0.21097112305462448
32.98000000000201,0.8614755179782805,-2.832375888089841e-13,-0.11381894974973787,-0.21097112305462626
32.990000000002006,0.8614755179782766,-2.829250177750763e-13,-0.11381894974973869,-0.210971123054628
33.000000000002004,0.8614755179782727,-2.826116705344933e-13,-0.11381894974973861,-0.21097112305462976
33.010000000002,0.8614755179782688,-2.823001613849434e-13,-0.11381894974973919,-0.2109711230546315
33.020000000002,0.8614755179782649,-2.819852251078613e-13,-0.11381894974973986,-0.21097112305463323
33.030000000002,0.861475517978261,-2.8167441033203113e-13,-0.11381894974974024,-0.21097112305463497
33.040000000001996,0.8614755179782572,-2.813605361907673e-13,-0.11381894974974102,-0.21097112305463672
33.050000000001994,0.8614755179782533,-2.8104620323945645e-13,-0.11381894974974124,-0.2109711230546385
33.06000000000199,0.8614755179782494,-2.807270205625018e-13,-0.11381894974974188,-0.21097112305464022
33.07000000000199,0.8614755179782455,-2.804068255916479e-13,-0.11381894974974233,-0.21097112305464194
33.08000000000199,0.8614755179782416,-2.800940621440645e-13,-0.1138189497497429,-0.21097112305464366
33.090000000001986,0.8614755179782377,-2.797815278937255e-13,-0.11381894974974345,-0.21097112305464538
33.100000000001984,0.861475517978234,-2.794679495262174e-13,-0.11381894974974377,-0.2109711230546471
33.11000000000198,0.8614755179782302,-2.7915001256096356e-13,-0.1138189497497441,-0.2109711230546488
33.12000000000198,0.8614755179782264,-2.788350316172619e-13,-0.11381894974974471,-0.2109711230546505
33.13000000000198,0.8614755179782226,-2.785241030666287e-13,-0.11381894974974532,-0.2109711230546522
33.140000000001976,0.8614755179782189,-2.7821578145772405e-13,-0.11381894974974595,-0.2109711230546539
33.150000000001974,0.8614755179782151,-2.7790864273981744e-13,-0.11381894974974605,-0.2109711230546556
33.16000000000197,0.8614755179782113,-2.7760570477894063e-13,-0.11381894974974616,-0.2109711230546573
33.17000000000197,0.8614755179782075,-2.773070981540739e-13,-0.11381894974974681,-0.21097112305465898
33.18000000000197,0.8614755179782038,-2.7700928176413656e-13,-0.11381894974974718,-0.2109711230546607
33.190000000001966,0.8614755179782,-2.76710713249738e-13,-0.11381894974974759,-0.21097112305466237
33.200000000001964,0.8614755179781962,-2.7640772312963107e-13,-0.11381894974974811,-0.21097112305466406
33.21000000000196,0.8614755179781924,-2.7610438567519884e-13,-0.11381894974974849,-0.21097112305466575
33.22000000000196,0.8614755179781887,-2.758024765976536e-13,-0.11381894974974914,-0.21097112305466745
33.23000000000196,0.8614755179781849,-2.755017162583536e-13,-0.11381894974974992,-0.21097112305466917
33.240000000001956,0.8614755179781811,-2.751919891863803e-13,-0.11381894974975017,-0.21097112305467086
33.250000000001954,0.8614755179781773,-2.748844799821776e-13,-0.11381894974975064,-0.21097112305467255
33.26000000000195,0.8614755179781736,-2.7457820230976246e-13,-0.11381894974975107,-0.21097112305467425
33.27000000000195,0.8614755179781698,-2.7426912324562606e-13,-0.11381894974975185,-0.21097112305467594
33.28000000000195,0.861475517978166,-2.7395189896408547e-13,-0.11381894974975185,-0.21097112305467766
33.290000000001946,0.8614755179781622,-2.7363174814037567e-13,-0.11381894974975257,-0.21097112305467935
33.300000000001944,0.8614755179781585,-2.7330747614836467e-13,-0.11381894974975343,-0.21097112305468102
33.31000000000194,0.8614755179781547,-2.7297256988576115e-13,-0.11381894974975384,-0.2109711230546827
33.32000000000194,0.8614755179781509,-2.7263363686016363e-13,-0.11381894974975472,-0.2109711230546844
33.33000000000194,0.8614755179781471,-2.7228900363487453e-13,-0.11381894974975516,-0.21097112305468613
33.340000000001936,0.8614755179781434,-2.719382946217276e-13,-0.11381894974975618,-0.21097112305468782
33.350000000001934,0.8614755179781396,-2.715838912566126e-13,-0.11381894974975663,-0.2109711230546895
33.36000000000193,0.8614755179781358,-2.712264098964837e-13,-0.11381894974975706,-0.2109711230546912
33.37000000000193,0.861475517978132,-2.7086266684082377e-13,-0.11381894974975797,-0.21097112305469293
33.38000000000193,0.8614755179781283,-2.7048986772899883e-13,-0.11381894974975887,-0.21097112305469465
33.390000000001926,0.8614755179781245,-2.70106404389119e-13,-0.11381894974975974,-0.2109711230546964
33.400000000001924,0.8614755179781207,-2.6970976120848236e-13,-0.11381894974976071,-0.21097112305469812
33.41000000000192,0.861475517978117,-2.692996109386617e-13,-0.11381894974976159,-0.21097112305469984
33.42000000000192,0.8614755179781132,-2.688788134161913e-13,-0.11381894974976231,-0.21097112305470153
33.43000000000192,0.8614755179781094,-2.6845659741283583e-13,-0.11381894974976325,-0.21097112305470322
33.440000000001916,0.8614755179781057,-2.680319485334878e-13,-0.11381894974976382,-0.21097112305470492
33.450000000001914,0.8614755179781021,-2.676097515163227e-13,-0.11381894974976461,-0.21097112305470658
33.46000000000191,0.8614755179780984,-2.6719778209770144e-13,-0.11381894974976478,-0.21097112305470825
33.47000000000191,0.8614755179780947,-2.6678816095416147e-13,-0.11381894974976588,-0.2109711230547099
33.48000000000191,0.8614755179780911,-2.663743196362919e-13,-0.11381894974976647,-0.21097112305471158
33.490000000001906,0.8614755179780874,-2.6596587594616686e-13,-0.11381894974976695,-0.21097112305471327
33.500000000001904,0.8614755179780837,-2.655527175225666e-13,-0.11381894974976785,-0.21097112305471494
33.5100000000019,0.8614755179780801,-2.6514107081668827e-13,-0.11381894974976797,-0.21097112305471658
33.5200000000019,0.8614755179780764,-2.6473145539336593e-13,-0.11381894974976879,-0.21097112305471824
33.5300000000019,0.8614755179780728,-2.6432555029134726e-13,-0.11381894974976926,-0.21097112305471988
33.540000000001896,0.861475517978069,-2.639261043088155e-13,-0.11381894974976971,-0.21097112305472152
33.550000000001894,0.8614755179780653,-2.635299835057807e-13,-0.11381894974977055,-0.21097112305472313
33.56000000000189,0.8614755179780617,-2.631439205260604e-13,-0.11381894974977082,-0.2109711230547248
33.57000000000189,0.8614755179780581,-2.6276582018607764e-13,-0.11381894974977147,-0.2109711230547264
33.58000000000189,0.8614755179780546,-2.623921690677524e-13,-0.11381894974977172,-0.21097112305472798
33.590000000001886,0.8614755179780511,-2.620303158890172e-13,-0.11381894974977227,-0.2109711230547296
33.600000000001884,0.8614755179780477,-2.616804724932663e-13,-0.11381894974977261,-0.21097112305473117
33.61000000000188,0.8614755179780441,-2.613324250351509e-13,-0.11381894974977308,-0.21097112305473276
33.62000000000188,0.8614755179780406,-2.6099386930308065e-13,-0.11381894974977322,-0.2109711230547344
33.63000000000188,0.861475517978037,-2.6065779083669115e-13,-0.11381894974977387,-0.210971123054736
33.640000000001876,0.8614755179780335,-2.603163215960901e-13,-0.11381894974977422,-0.2109711230547376
33.650000000001874,0.8614755179780298,-2.599788082941681e-13,-0.11381894974977505,-0.21097112305473925
33.66000000000187,0.8614755179780262,-2.596316910964409e-13,-0.11381894974977569,-0.2109711230547409
33.67000000000187,0.8614755179780227,-2.592782692081173e-13,-0.11381894974977638,-0.21097112305474253
33.68000000000187,0.8614755179780191,-2.5891573334484604e-13,-0.1138189497497771,-0.2109711230547442
33.69000000000187,0.8614755179780156,-2.5854831386744656e-13,-0.11381894974977763,-0.2109711230547458
33.700000000001864,0.861475517978012,-2.5818536454360633e-13,-0.1138189497497784,-0.21097112305474738
33.71000000000186,0.8614755179780085,-2.5782026538235826e-13,-0.11381894974977896,-0.21097112305474902
33.72000000000186,0.8614755179780049,-2.5745629425303933e-13,-0.11381894974977948,-0.2109711230547506
33.73000000000186,0.8614755179780014,-2.5710103194413275e-13,-0.11381894974977996,-0.21097112305475216
33.74000000000186,0.8614755179779978,-2.5675052597948215e-13,-0.11381894974978025,-0.21097112305475377
33.750000000001855,0.8614755179779943,-2.564039546495864e-13,-0.11381894974978089,-0.21097112305475532
33.76000000000185,0.8614755179779906,-2.5606569603193683e-13,-0.11381894974978134,-0.21097112305475693
33.77000000000185,0.8614755179779872,-2.557307890277051e-13,-0.11381894974978185,-0.21097112305475846
33.78000000000185,0.8614755179779837,-2.554042298782516e-13,-0.11381894974978218,-0.21097112305476
33.79000000000185,0.8614755179779803,-2.5509045138755755e-13,-0.11381894974978249,-0.21097112305476157
33.800000000001845,0.8614755179779768,-2.547781227666538e-13,-0.11381894974978284,-0.21097112305476312
33.81000000000184,0.8614755179779734,-2.544702821166971e-13,-0.11381894974978324,-0.21097112305476468
33.82000000000184,0.8614755179779698,-2.5416314597273467e-13,-0.11381894974978402,-0.21097112305476623
33.83000000000184,0.8614755179779664,-2.538623923740502e-13,-0.11381894974978407,-0.21097112305476778
33.84000000000184,0.861475517977963,-2.5356157199217e-13,-0.11381894974978447,-0.21097112305476934
33.850000000001835,0.8614755179779595,-2.532667281641545e-13,-0.11381894974978479,-0.2109711230547709
33.86000000000183,0.8614755179779561,-2.529720232002755e-13,-0.11381894974978554,-0.21097112305477245
33.87000000000183,0.8614755179779525,-2.526803495110104e-13,-0.11381894974978585,-0.21097112305477397
33.88000000000183,0.8614755179779491,-2.5238561967992725e-13,-0.11381894974978636,-0.21097112305477553
33.89000000000183,0.8614755179779456,-2.520891497357541e-13,-0.11381894974978694,-0.21097112305477708
33.900000000001825,0.8614755179779422,-2.5179429160472135e-13,-0.11381894974978743,-0.21097112305477864
33.91000000000182,0.8614755179779388,-2.514975027621139e-13,-0.11381894974978762,-0.2109711230547802
33.92000000000182,0.8614755179779353,-2.511998867428149e-13,-0.11381894974978825,-0.21097112305478175
33.93000000000182,0.8614755179779318,-2.5090355723886424e-13,-0.11381894974978865,-0.2109711230547833
33.94000000000182,0.8614755179779283,-2.5060686837428374e-13,-0.11381894974978925,-0.21097112305478483
33.950000000001815,0.8614755179779249,-2.5030565671661467e-13,-0.11381894974978994,-0.2109711230547864
33.96000000000181,0.8614755179779215,-2.4999986550679215e-13,-0.1138189497497902,-0.2109711230547879
33.97000000000181,0.8614755179779182,-2.4969590646863947e-13,-0.11381894974979058,-0.21097112305478946
33.98000000000181,0.8614755179779149,-2.4939430004149653e-13,-0.1138189497497908,-0.21097112305479096
33.99000000000181,0.8614755179779113,-2.490954475532205e-13,-0.11381894974979162,-0.21097112305479254
34.000000000001805,0.8614755179779079,-2.4879422656491117e-13,-0.11381894974979188,-0.21097112305479407
34.0100000000018,0.8614755179779044,-2.4848869683061123e-13,-0.1138189497497927,-0.21097112305479565
34.0200000000018,0.861475517977901,-2.481831581597738e-13,-0.11381894974979319,-0.21097112305479718
34.0300000000018,0.8614755179778976,-2.4787525306482664e-13,-0.1138189497497937,-0.21097112305479873
34.0400000000018,0.8614755179778941,-2.4755977885580224e-13,-0.11381894974979433,-0.21097112305480029
34.050000000001795,0.8614755179778906,-2.4724139254258713e-13,-0.11381894974979483,-0.21097112305480184
34.06000000000179,0.8614755179778871,-2.469201911536997e-13,-0.11381894974979542,-0.2109711230548034
34.07000000000179,0.8614755179778837,-2.4659772185122474e-13,-0.11381894974979574,-0.21097112305480495
34.08000000000179,0.8614755179778802,-2.4626812238728894e-13,-0.11381894974979662,-0.2109711230548065
34.09000000000179,0.8614755179778768,-2.4593290024344313e-13,-0.11381894974979721,-0.21097112305480806
34.100000000001785,0.8614755179778733,-2.4559148767118046e-13,-0.11381894974979799,-0.21097112305480956
34.11000000000178,0.8614755179778698,-2.452522208223489e-13,-0.11381894974979834,-0.21097112305481103
34.12000000000178,0.8614755179778665,-2.4491934817511255e-13,-0.11381894974979892,-0.21097112305481253
34.13000000000178,0.8614755179778631,-2.4458661716236004e-13,-0.11381894974979932,-0.210971123054814
34.14000000000178,0.8614755179778597,-2.4425956458280555e-13,-0.11381894974979985,-0.2109711230548155
34.150000000001775,0.8614755179778564,-2.4394254490062083e-13,-0.11381894974979975,-0.21097112305481697
34.16000000000177,0.861475517977853,-2.4363381784065787e-13,-0.11381894974980052,-0.21097112305481847
34.17000000000177,0.8614755179778497,-2.433204207075731e-13,-0.11381894974980099,-0.21097112305481994
34.18000000000177,0.8614755179778463,-2.4301198562345473e-13,-0.11381894974980132,-0.21097112305482146
34.19000000000177,0.8614755179778429,-2.4270023907005383e-13,-0.11381894974980167,-0.21097112305482293
34.200000000001765,0.8614755179778396,-2.423904560964102e-13,-0.11381894974980193,-0.21097112305482443
34.21000000000176,0.8614755179778363,-2.420852502771929e-13,-0.1138189497498025,-0.21097112305482596
34.22000000000176,0.8614755179778328,-2.417755313698475e-13,-0.11381894974980356,-0.21097112305482743
34.23000000000176,0.8614755179778295,-2.4146628742559167e-13,-0.11381894974980374,-0.21097112305482893
34.24000000000176,0.8614755179778262,-2.41155478545264e-13,-0.1138189497498044,-0.2109711230548304
34.250000000001755,0.8614755179778228,-2.408408046412074e-13,-0.11381894974980497,-0.21097112305483193
34.26000000000175,0.8614755179778194,-2.405267009055241e-13,-0.11381894974980523,-0.2109711230548334
34.27000000000175,0.8614755179778161,-2.4021550191128233e-13,-0.11381894974980589,-0.2109711230548349
34.28000000000175,0.8614755179778127,-2.399040748984415e-13,-0.11381894974980625,-0.2109711230548364
34.29000000000175,0.8614755179778094,-2.39588282465488e-13,-0.1138189497498068,-0.2109711230548379
34.300000000001745,0.8614755179778061,-2.3927525107416405e-13,-0.11381894974980741,-0.2109711230548393
34.31000000000174,0.8614755179778029,-2.3896532680978027e-13,-0.11381894974980793,-0.2109711230548408
34.32000000000174,0.8614755179777998,-2.38648703593829e-13,-0.1138189497498084,-0.21097112305484228
34.33000000000174,0.8614755179777966,-2.383353750446363e-13,-0.11381894974980891,-0.21097112305484372
34.34000000000174,0.8614755179777933,-2.380198788414885e-13,-0.11381894974980909,-0.2109711230548452
34.350000000001735,0.8614755179777901,-2.3770670280271376e-13,-0.11381894974980979,-0.21097112305484667
34.36000000000173,0.8614755179777869,-2.373904736880798e-13,-0.11381894974981023,-0.21097112305484814
34.37000000000173,0.8614755179777837,-2.3707361991716183e-13,-0.11381894974981063,-0.2109711230548496
34.38000000000173,0.8614755179777803,-2.367513280628195e-13,-0.1138189497498117,-0.21097112305485105
34.39000000000173,0.8614755179777771,-2.3643268607245244e-13,-0.11381894974981194,-0.21097112305485258
34.400000000001725,0.8614755179777739,-2.361131236974036e-13,-0.11381894974981242,-0.210971123054854
34.41000000000172,0.8614755179777707,-2.358039968051491e-13,-0.11381894974981299,-0.21097112305485544
34.42000000000172,0.8614755179777673,-2.3549456818229243e-13,-0.11381894974981294,-0.21097112305485685
34.43000000000172,0.8614755179777641,-2.351917325214613e-13,-0.11381894974981355,-0.2109711230548583
34.44000000000172,0.8614755179777609,-2.348922155144416e-13,-0.11381894974981378,-0.21097112305485974
34.450000000001715,0.8614755179777576,-2.34595732146005e-13,-0.11381894974981455,-0.21097112305486115
34.46000000000171,0.8614755179777543,-2.3430163848617605e-13,-0.11381894974981516,-0.2109711230548626
34.47000000000171,0.8614755179777511,-2.3400693684755895e-13,-0.11381894974981531,-0.21097112305486404
34.48000000000171,0.8614755179777478,-2.3371454754407625e-13,-0.1138189497498156,-0.21097112305486548
34.49000000000171,0.8614755179777446,-2.3342093571915967e-13,-0.11381894974981636,-0.21097112305486695
34.500000000001705,0.8614755179777415,-2.3312873733954717e-13,-0.11381894974981639,-0.21097112305486834
34.5100000000017,0.8614755179777382,-2.328405387529511e-13,-0.11381894974981654,-0.21097112305486976
34.5200000000017,0.8614755179777351,-2.325600601544988e-13,-0.11381894974981754,-0.2109711230548712
34.5300000000017,0.861475517977732,-2.3227812620482686e-13,-0.11381894974981774,-0.2109711230548726
34.5400000000017,0.8614755179777288,-2.3199702260950434e-13,-0.11381894974981813,-0.210971123054874
34.550000000001695,0.8614755179777257,-2.3171723312137367e-13,-0.11381894974981854,-0.21097112305487542
34.56000000000169,0.8614755179777226,-2.314387291843572e-13,-0.11381894974981852,-0.2109711230548768
34.57000000000169,0.8614755179777194,-2.3116360057168924e-13,-0.11381894974981914,-0.21097112305487825
34.58000000000169,0.8614755179777163,-2.3088923784923915e-13,-0.11381894974981947,-0.21097112305487967
34.59000000000169,0.8614755179777132,-2.3061535724961074e-13,-0.11381894974981988,-0.21097112305488108
34.600000000001685,0.8614755179777099,-2.303362636395126e-13,-0.11381894974982024,-0.2109711230548825
34.61000000000168,0.8614755179777068,-2.3005392878331107e-13,-0.11381894974982136,-0.2109711230548839
34.62000000000168,0.8614755179777037,-2.297680576114387e-13,-0.11381894974982142,-0.21097112305488533
34.63000000000168,0.8614755179777005,-2.2947947177268486e-13,-0.11381894974982197,-0.21097112305488674
34.64000000000168,0.8614755179776974,-2.2918385665202224e-13,-0.11381894974982264,-0.21097112305488822
34.650000000001675,0.8614755179776943,-2.288771237720528e-13,-0.11381894974982332,-0.21097112305488963
34.66000000000167,0.8614755179776912,-2.2856006933164436e-13,-0.11381894974982376,-0.21097112305489107
34.67000000000167,0.861475517977688,-2.2823439099295087e-13,-0.1138189497498248,-0.2109711230548925
34.68000000000167,0.8614755179776848,-2.2790220325194373e-13,-0.11381894974982545,-0.21097112305489388
34.69000000000167,0.8614755179776817,-2.2756591352490265e-13,-0.1138189497498259,-0.21097112305489532
34.700000000001666,0.8614755179776785,-2.2722185065252827e-13,-0.11381894974982679,-0.21097112305489676
34.71000000000166,0.8614755179776754,-2.268671026634807e-13,-0.11381894974982679,-0.21097112305489815
34.72000000000166,0.8614755179776723,-2.2651575792159767e-13,-0.1138189497498279,-0.2109711230548995
34.73000000000166,0.8614755179776692,-2.2616920756161316e-13,-0.11381894974982835,-0.21097112305490087
34.74000000000166,0.8614755179776662,-2.258253604777908e-13,-0.1138189497498286,-0.21097112305490223
34.750000000001656,0.8614755179776631,-2.2548810580605922e-13,-0.11381894974982909,-0.21097112305490356
34.760000000001654,0.8614755179776601,-2.2515581366337592e-13,-0.11381894974982958,-0.21097112305490492
34.77000000000165,0.861475517977657,-2.2481961263387956e-13,-0.11381894974982977,-0.21097112305490628
34.78000000000165,0.861475517977654,-2.2448641007558039e-13,-0.11381894974983081,-0.21097112305490764
34.79000000000165,0.8614755179776509,-2.2415440498311728e-13,-0.11381894974983145,-0.21097112305490898
34.800000000001646,0.8614755179776477,-2.238123137208922e-13,-0.11381894974983203,-0.21097112305491036
34.810000000001644,0.8614755179776445,-2.2346280837899181e-13,-0.11381894974983245,-0.21097112305491178
34.82000000000164,0.8614755179776414,-2.2310312301534707e-13,-0.11381894974983367,-0.21097112305491317
34.83000000000164,0.8614755179776382,-2.2273149392771666e-13,-0.11381894974983434,-0.21097112305491456
34.84000000000164,0.8614755179776351,-2.223509121296315e-13,-0.11381894974983495,-0.21097112305491594
34.850000000001636,0.8614755179776319,-2.219722256275013e-13,-0.11381894974983582,-0.2109711230549173
34.860000000001634,0.8614755179776288,-2.2159605827802371e-13,-0.11381894974983625,-0.21097112305491864
34.87000000000163,0.8614755179776256,-2.212236256189283e-13,-0.11381894974983661,-0.21097112305491997
34.88000000000163,0.8614755179776225,-2.2085125773868613e-13,-0.11381894974983725,-0.21097112305492133
34.89000000000163,0.8614755179776193,-2.2048113970932902e-13,-0.11381894974983817,-0.2109711230549227
34.900000000001626,0.8614755179776161,-2.201182085905843e-13,-0.11381894974983864,-0.210971123054924
34.910000000001624,0.8614755179776131,-2.197572565156724e-13,-0.11381894974983878,-0.21097112305492532
34.92000000000162,0.86147551797761,-2.1940262394732112e-13,-0.11381894974983948,-0.21097112305492666
34.93000000000162,0.861475517977607,-2.190588644171435e-13,-0.11381894974983978,-0.21097112305492796
34.94000000000162,0.8614755179776039,-2.1871857055396331e-13,-0.1138189497498403,-0.2109711230549293
34.950000000001616,0.8614755179776009,-2.1838931256910507e-13,-0.11381894974984041,-0.21097112305493063
34.960000000001614,0.8614755179775978,-2.1806355449054245e-13,-0.1138189497498411,-0.2109711230549319
34.97000000000161,0.8614755179775948,-2.177445464803851e-13,-0.11381894974984166,-0.21097112305493324
34.98000000000161,0.8614755179775917,-2.1743311568223924e-13,-0.11381894974984191,-0.2109711230549345
34.99000000000161,0.8614755179775887,-2.1712882418091167e-13,-0.11381894974984212,-0.21097112305493584
35.000000000001606,0.8614755179775856,-2.1682982133629327e-13,-0.11381894974984255,-0.21097112305493715
35.010000000001604,0.8614755179775826,-2.165375818926797e-13,-0.11381894974984295,-0.21097112305493843
35.0200000000016,0.8614755179775795,-2.1625090987367862e-13,-0.1138189497498431,-0.21097112305493973
35.0300000000016,0.8614755179775765,-2.1596371402907054e-13,-0.11381894974984412,-0.210971123054941
35.0400000000016,0.8614755179775734,-2.1568262166582786e-13,-0.11381894974984426,-0.2109711230549423
35.050000000001596,0.8614755179775704,-2.1540215264793936e-13,-0.11381894974984454,-0.2109711230549436
35.060000000001594,0.8614755179775673,-2.1512618925285255e-13,-0.1138189497498451,-0.2109711230549449
35.07000000000159,0.8614755179775643,-2.1485432542170907e-13,-0.11381894974984542,-0.21097112305494617
35.08000000000159,0.8614755179775612,-2.1458536713350306e-13,-0.11381894974984616,-0.21097112305494747
35.09000000000159,0.8614755179775583,-2.143145401128063e-13,-0.11381894974984612,-0.21097112305494872
35.100000000001586,0.8614755179775553,-2.1405753561288459e-13,-0.11381894974984609,-0.21097112305495003
35.110000000001584,0.8614755179775524,-2.138032970267204e-13,-0.11381894974984649,-0.21097112305495128
35.12000000000158,0.8614755179775494,-2.1355370312803046e-13,-0.11381894974984721,-0.21097112305495258
35.13000000000158,0.8614755179775465,-2.1330810680394585e-13,-0.11381894974984694,-0.21097112305495386
35.14000000000158,0.8614755179775435,-2.1307121591425888e-13,-0.11381894974984723,-0.21097112305495513
35.150000000001576,0.8614755179775406,-2.128342569010816e-13,-0.1138189497498481,-0.21097112305495644
35.160000000001574,0.8614755179775376,-2.1259637907022172e-13,-0.11381894974984832,-0.21097112305495774
35.17000000000157,0.8614755179775346,-2.1235872625025019e-13,-0.11381894974984887,-0.21097112305495905
35.18000000000157,0.8614755179775316,-2.1211198060496e-13,-0.11381894974984874,-0.21097112305496032
35.19000000000157,0.8614755179775287,-2.1186451253390718e-13,-0.11381894974984942,-0.21097112305496163
35.200000000001566,0.8614755179775258,-2.1161322866385224e-13,-0.11381894974984977,-0.2109711230549629
35.210000000001564,0.8614755179775229,-2.1136110716376695e-13,-0.11381894974985066,-0.2109711230549642
35.22000000000156,0.8614755179775199,-2.1110501133962496e-13,-0.11381894974985107,-0.21097112305496551
35.23000000000156,0.861475517977517,-2.1084762166788708e-13,-0.11381894974985116,-0.2109711230549668
35.24000000000156,0.861475517977514,-2.1058899723188806e-13,-0.11381894974985199,-0.2109711230549681
35.250000000001556,0.8614755179775111,-2.1032461203367478e-13,-0.11381894974985216,-0.21097112305496937
35.260000000001554,0.8614755179775081,-2.1005992155814032e-13,-0.11381894974985257,-0.21097112305497065
35.27000000000155,0.8614755179775052,-2.0979352757352453e-13,-0.11381894974985314,-0.21097112305497193
35.28000000000155,0.8614755179775022,-2.0953176725238021e-13,-0.11381894974985336,-0.2109711230549732
35.29000000000155,0.8614755179774993,-2.0926987041544728e-13,-0.1138189497498535,-0.2109711230549745
35.300000000001546,0.8614755179774963,-2.0900711607842663e-13,-0.11381894974985436,-0.21097112305497576
35.310000000001544,0.8614755179774936,-2.087460781226404e-13,-0.11381894974985456,-0.210971123054977
35.32000000000154,0.8614755179774907,-2.0849754456523293e-13,-0.11381894974985457,-0.21097112305497825
35.33000000000154,0.8614755179774879,-2.0824644106716912e-13,-0.11381894974985524,-0.2109711230549795
35.34000000000154,0.861475517977485,-2.0800212179285836e-13,-0.11381894974985546,-0.21097112305498072
35.350000000001536,0.8614755179774822,-2.077638141842289e-13,-0.11381894974985551,-0.21097112305498197
35.360000000001534,0.8614755179774793,-2.075302759323713e-13,-0.11381894974985544,-0.21097112305498322
35.37000000000153,0.8614755179774765,-2.072998392085961e-13,-0.11381894974985625,-0.21097112305498447
35.38000000000153,0.8614755179774737,-2.0707310587481151e-13,-0.11381894974985626,-0.2109711230549857
35.39000000000153,0.8614755179774708,-2.0684587157178364e-13,-0.11381894974985668,-0.21097112305498694
35.400000000001526,0.861475517977468,-2.0661069584762983e-13,-0.11381894974985762,-0.21097112305498822
35.410000000001524,0.8614755179774651,-2.063689842550647e-13,-0.1138189497498579,-0.21097112305498947
35.42000000000152,0.8614755179774624,-2.061231462946005e-13,-0.11381894974985854,-0.21097112305499072
35.43000000000152,0.8614755179774595,-2.0587811893982384e-13,-0.11381894974985886,-0.21097112305499194
35.44000000000152,0.8614755179774567,-2.0563231733940536e-13,-0.11381894974985914,-0.2109711230549932
35.450000000001516,0.8614755179774538,-2.05382906388354e-13,-0.11381894974985984,-0.2109711230549944
35.460000000001514,0.861475517977451,-2.0513463039133554e-13,-0.11381894974985984,-0.21097112305499566
35.47000000000151,0.8614755179774481,-2.0488791476030094e-13,-0.11381894974985997,-0.21097112305499688
35.48000000000151,0.8614755179774453,-2.0463830737071897e-13,-0.11381894974986077,-0.2109711230549981
35.49000000000151,0.8614755179774425,-2.0439056112927953e-13,-0.11381894974986109,-0.21097112305499935
35.500000000001506,0.8614755179774396,-2.0413998481958e-13,-0.1138189497498617,-0.21097112305500057
35.510000000001504,0.8614755179774368,-2.0389233307560804e-13,-0.11381894974986193,-0.21097112305500182
35.5200000000015,0.8614755179774339,-2.036438860239743e-13,-0.11381894974986229,-0.21097112305500304
35.5300000000015,0.8614755179774313,-2.0339740159083688e-13,-0.11381894974986272,-0.21097112305500426
35.5400000000015,0.8614755179774285,-2.0315049320601632e-13,-0.11381894974986262,-0.21097112305500546
35.550000000001496,0.8614755179774257,-2.029107573736338e-13,-0.11381894974986302,-0.21097112305500668
35.560000000001494,0.861475517977423,-2.0267521139731555e-13,-0.11381894974986383,-0.21097112305500787
35.57000000000149,0.8614755179774203,-2.0244180860878753e-13,-0.11381894974986356,-0.21097112305500906
35.58000000000149,0.8614755179774176,-2.022157779252946e-13,-0.11381894974986384,-0.21097112305501028
35.59000000000149,0.8614755179774148,-2.0199309417384537e-13,-0.11381894974986437,-0.21097112305501148
35.60000000000149,0.8614755179774121,-2.0176987507337776e-13,-0.11381894974986448,-0.2109711230550127
35.610000000001484,0.8614755179774094,-2.015498043055359e-13,-0.11381894974986514,-0.2109711230550139
35.62000000000148,0.8614755179774066,-2.0132876304563815e-13,-0.11381894974986519,-0.21097112305501511
35.63000000000148,0.861475517977404,-2.0111527036535138e-13,-0.11381894974986591,-0.2109711230550163
35.64000000000148,0.8614755179774011,-2.0089840009301265e-13,-0.11381894974986612,-0.21097112305501753
35.65000000000148,0.8614755179773983,-2.0067612974041785e-13,-0.11381894974986617,-0.2109711230550188
35.660000000001475,0.8614755179773954,-2.0045256181680865e-13,-0.11381894974986687,-0.21097112305502005
35.67000000000147,0.8614755179773926,-2.0022481759047374e-13,-0.11381894974986706,-0.2109711230550213
35.68000000000147,0.8614755179773897,-1.999933523450813e-13,-0.11381894974986768,-0.21097112305502255
35.69000000000147,0.8614755179773869,-1.9976089719380382e-13,-0.11381894974986781,-0.21097112305502377
35.70000000000147,0.8614755179773841,-1.995290693705436e-13,-0.11381894974986853,-0.21097112305502502
35.710000000001465,0.8614755179773812,-1.9929790914528143e-13,-0.11381894974986889,-0.21097112305502624
35.72000000000146,0.8614755179773784,-1.990679786494974e-13,-0.11381894974986953,-0.21097112305502747
35.73000000000146,0.8614755179773755,-1.9884181679519715e-13,-0.11381894974986921,-0.2109711230550287
35.74000000000146,0.8614755179773729,-1.9861587066273746e-13,-0.11381894974986988,-0.2109711230550299
35.75000000000146,0.8614755179773701,-1.9839609652509878e-13,-0.11381894974986995,-0.21097112305503113
35.760000000001455,0.8614755179773673,-1.9818194789140268e-13,-0.11381894974987047,-0.21097112305503232
35.77000000000145,0.8614755179773647,-1.9797276432199032e-13,-0.11381894974987085,-0.21097112305503352
35.78000000000145,0.8614755179773619,-1.9775957371211706e-13,-0.11381894974987061,-0.21097112305503474
35.79000000000145,0.8614755179773592,-1.9755158714231886e-13,-0.11381894974987156,-0.21097112305503596
35.80000000000145,0.8614755179773564,-1.9733728582794675e-13,-0.11381894974987183,-0.21097112305503718
35.810000000001445,0.8614755179773538,-1.97118181383802e-13,-0.11381894974987213,-0.2109711230550384
35.82000000000144,0.861475517977351,-1.9689968945246817e-13,-0.11381894974987232,-0.2109711230550396
35.83000000000144,0.8614755179773482,-1.9667596710496356e-13,-0.11381894974987283,-0.21097112305504082
35.84000000000144,0.8614755179773456,-1.9645464310668773e-13,-0.11381894974987304,-0.210971123055042
35.85000000000144,0.8614755179773428,-1.9623264769833743e-13,-0.11381894974987358,-0.21097112305504323
35.860000000001435,0.8614755179773401,-1.9600521233324738e-13,-0.11381894974987398,-0.21097112305504442
35.87000000000143,0.8614755179773373,-1.957777100819504e-13,-0.11381894974987453,-0.21097112305504565
35.88000000000143,0.8614755179773346,-1.955518917952332e-13,-0.1138189497498748,-0.21097112305504684
35.89000000000143,0.8614755179773319,-1.953252159217768e-13,-0.11381894974987528,-0.21097112305504806
35.90000000000143,0.8614755179773291,-1.9509848214663117e-13,-0.11381894974987532,-0.21097112305504928
35.910000000001425,0.8614755179773265,-1.9486506318332112e-13,-0.11381894974987597,-0.2109711230550505
35.92000000000142,0.8614755179773237,-1.9462739798049812e-13,-0.11381894974987608,-0.2109711230550517
35.93000000000142,0.861475517977321,-1.943918514773333e-13,-0.11381894974987693,-0.21097112305505292
35.94000000000142,0.8614755179773183,-1.941549906851073e-13,-0.11381894974987705,-0.2109711230550541
35.95000000000142,0.8614755179773156,-1.9391984715279476e-13,-0.11381894974987763,-0.2109711230550553
35.960000000001415,0.861475517977313,-1.9368389552090758e-13,-0.11381894974987791,-0.21097112305505647
35.97000000000141,0.8614755179773104,-1.9344299760367955e-13,-0.11381894974987838,-0.21097112305505766
35.98000000000141,0.8614755179773078,-1.9320627306250045e-13,-0.11381894974987852,-0.21097112305505883
35.99000000000141,0.8614755179773051,-1.9297675476093722e-13,-0.1138189497498792,-0.21097112305506002
36.00000000000141,0.8614755179773025,-1.9274569515720557e-13,-0.11381894974987893,-0.2109711230550612
36.010000000001405,0.8614755179772999,-1.9251236442984345e-13,-0.11381894974987941,-0.21097112305506238
36.0200000000014,0.8614755179772973,-1.922811360891672e-13,-0.11381894974987992,-0.21097112305506355
36.0300000000014,0.8614755179772947,-1.9204325878515842e-13,-0.11381894974988058,-0.2109711230550647
36.0400000000014,0.861475517977292,-1.9180855591396956e-13,-0.11381894974988074,-0.2109711230550659
36.0500000000014,0.8614755179772894,-1.915694077859703e-13,-0.1138189497498814,-0.21097112305506707
36.060000000001395,0.8614755179772867,-1.9132913395153682e-13,-0.11381894974988153,-0.2109711230550683
36.07000000000139,0.8614755179772839,-1.9107804388453235e-13,-0.11381894974988259,-0.2109711230550695
36.08000000000139,0.8614755179772814,-1.9082336722786927e-13,-0.1138189497498826,-0.21097112305507065
36.09000000000139,0.8614755179772787,-1.9056606962745707e-13,-0.1138189497498833,-0.21097112305507185
36.10000000000139,0.8614755179772761,-1.9030316204405962e-13,-0.11381894974988388,-0.210971123055073
36.110000000001385,0.8614755179772735,-1.9003240399663304e-13,-0.11381894974988424,-0.2109711230550742
36.12000000000138,0.8614755179772708,-1.8976346529490212e-13,-0.11381894974988484,-0.21097112305507537
36.13000000000138,0.8614755179772682,-1.8949569692396717e-13,-0.11381894974988513,-0.21097112305507656
36.14000000000138,0.8614755179772656,-1.8922044637936291e-13,-0.11381894974988593,-0.21097112305507773
36.15000000000138,0.861475517977263,-1.8894596598869362e-13,-0.11381894974988614,-0.21097112305507892
36.160000000001375,0.8614755179772605,-1.8866745326736585e-13,-0.11381894974988661,-0.2109711230550801
36.17000000000137,0.861475517977258,-1.883937448113032e-13,-0.11381894974988668,-0.21097112305508123
36.18000000000137,0.8614755179772554,-1.8812735196060716e-13,-0.11381894974988738,-0.2109711230550824
36.19000000000137,0.861475517977253,-1.8786709186396247e-13,-0.11381894974988757,-0.21097112305508353
36.20000000000137,0.8614755179772504,-1.876067328245214e-13,-0.11381894974988818,-0.21097112305508472
36.210000000001365,0.861475517977248,-1.8734347175498015e-13,-0.11381894974988851,-0.2109711230550859
36.22000000000136,0.8614755179772454,-1.870766657911613e-13,-0.11381894974988876,-0.21097112305508708
36.23000000000136,0.8614755179772429,-1.8681556964869854e-13,-0.11381894974988918,-0.21097112305508822
36.24000000000136,0.8614755179772404,-1.8655454851057462e-13,-0.11381894974988983,-0.2109711230550894
36.25000000000136,0.8614755179772379,-1.8629347451220203e-13,-0.11381894974988993,-0.21097112305509053
36.260000000001355,0.8614755179772354,-1.8603179178050868e-13,-0.11381894974989068,-0.21097112305509166
36.27000000000135,0.8614755179772329,-1.8577300165788264e-13,-0.11381894974989087,-0.21097112305509286
36.28000000000135,0.8614755179772303,-1.8551144786885194e-13,-0.1138189497498915,-0.210971123055094
36.29000000000135,0.8614755179772279,-1.852525295149491e-13,-0.11381894974989164,-0.21097112305509516
36.30000000000135,0.8614755179772253,-1.8499010464682738e-13,-0.11381894974989232,-0.2109711230550963
36.310000000001345,0.8614755179772228,-1.8472892859062811e-13,-0.11381894974989251,-0.21097112305509744
36.32000000000134,0.8614755179772203,-1.844697214309727e-13,-0.113818949749893,-0.2109711230550986
36.33000000000134,0.8614755179772178,-1.8421738199499027e-13,-0.11381894974989322,-0.21097112305509974
36.34000000000134,0.8614755179772152,-1.8396172078904667e-13,-0.1138189497498937,-0.2109711230551009
36.35000000000134,0.8614755179772128,-1.8370598643677758e-13,-0.11381894974989401,-0.21097112305510204
36.360000000001335,0.8614755179772102,-1.834483037516834e-13,-0.11381894974989465,-0.21097112305510318
36.37000000000133,0.8614755179772078,-1.8318439480931357e-13,-0.1138189497498952,-0.21097112305510435
36.38000000000133,0.8614755179772052,-1.8292143449276167e-13,-0.11381894974989566,-0.21097112305510551
36.39000000000133,0.8614755179772027,-1.826525680982341e-13,-0.1138189497498962,-0.21097112305510668
36.40000000000133,0.8614755179772002,-1.8238618719617474e-13,-0.11381894974989651,-0.21097112305510782
36.410000000001325,0.8614755179771977,-1.821186256188415e-13,-0.11381894974989709,-0.21097112305510896
36.42000000000132,0.8614755179771952,-1.8185625682359574e-13,-0.11381894974989717,-0.2109711230551101
36.43000000000132,0.8614755179771929,-1.8159598602107612e-13,-0.11381894974989772,-0.2109711230551112
36.44000000000132,0.8614755179771905,-1.8133678243047473e-13,-0.11381894974989791,-0.21097112305511231
36.45000000000132,0.861475517977188,-1.810822121372069e-13,-0.11381894974989834,-0.21097112305511345
36.460000000001315,0.8614755179771857,-1.80825103793574e-13,-0.11381894974989851,-0.21097112305511456
36.47000000000131,0.8614755179771832,-1.805753483111333e-13,-0.11381894974989912,-0.21097112305511564
36.48000000000131,0.8614755179771808,-1.8032987177661746e-13,-0.11381894974989899,-0.21097112305511673
36.49000000000131,0.8614755179771785,-1.8008799546891789e-13,-0.1138189497498996,-0.21097112305511784
36.50000000000131,0.861475517977176,-1.7985253484938935e-13,-0.1138189497498999,-0.21097112305511892
36.510000000001305,0.8614755179771736,-1.7962145047344422e-13,-0.11381894974989992,-0.21097112305512003
36.5200000000013,0.8614755179771713,-1.7939831967849306e-13,-0.11381894974990042,-0.2109711230551211
36.5300000000013,0.8614755179771688,-1.7917494003499115e-13,-0.11381894974990048,-0.2109711230551222
36.5400000000013,0.8614755179771664,-1.7895087439635054e-13,-0.1138189497499009,-0.21097112305512333
36.5500000000013,0.8614755179771639,-1.7873539385344245e-13,-0.11381894974990112,-0.21097112305512444
36.560000000001295,0.8614755179771616,-1.7851700759750177e-13,-0.11381894974990145,-0.21097112305512553
36.57000000000129,0.8614755179771592,-1.7829685416579744e-13,-0.11381894974990162,-0.21097112305512666
36.58000000000129,0.8614755179771567,-1.7808025095010271e-13,-0.1138189497499021,-0.21097112305512775
36.59000000000129,0.8614755179771543,-1.7787118936580352e-13,-0.11381894974990255,-0.21097112305512888
36.60000000000129,0.8614755179771517,-1.7764871191853532e-13,-0.11381894974990298,-0.21097112305513
36.610000000001286,0.8614755179771492,-1.7742870622153312e-13,-0.1138189497499033,-0.21097112305513113
36.62000000000128,0.8614755179771467,-1.7720796331691678e-13,-0.11381894974990353,-0.21097112305513227
36.63000000000128,0.8614755179771442,-1.7697523884501185e-13,-0.11381894974990404,-0.21097112305513338
36.64000000000128,0.8614755179771416,-1.767461062876098e-13,-0.11381894974990484,-0.21097112305513452
36.65000000000128,0.8614755179771392,-1.7651324726884269e-13,-0.11381894974990495,-0.21097112305513566
36.660000000001276,0.8614755179771366,-1.762773886442443e-13,-0.11381894974990554,-0.21097112305513677
36.670000000001274,0.8614755179771341,-1.760348829654353e-13,-0.11381894974990639,-0.21097112305513788
36.68000000000127,0.8614755179771317,-1.7578531512031925e-13,-0.11381894974990686,-0.21097112305513896
36.69000000000127,0.8614755179771293,-1.755391162019121e-13,-0.11381894974990671,-0.21097112305514004
36.70000000000127,0.8614755179771268,-1.7529710402811292e-13,-0.11381894974990725,-0.21097112305514118
36.710000000001266,0.8614755179771245,-1.7505110167881788e-13,-0.11381894974990764,-0.21097112305514226
36.720000000001264,0.8614755179771221,-1.7480274520349146e-13,-0.11381894974990811,-0.21097112305514334
36.73000000000126,0.8614755179771196,-1.745501026563802e-13,-0.11381894974990864,-0.21097112305514443
36.74000000000126,0.8614755179771172,-1.7429658456934804e-13,-0.113818949749909,-0.2109711230551455
36.75000000000126,0.8614755179771149,-1.740431843868514e-13,-0.11381894974990943,-0.21097112305514665
36.760000000001256,0.8614755179771124,-1.7379140317102917e-13,-0.11381894974990996,-0.21097112305514773
36.770000000001254,0.86147551797711,-1.735351136697798e-13,-0.11381894974991025,-0.2109711230551488
36.78000000000125,0.8614755179771076,-1.7327965889019052e-13,-0.11381894974991096,-0.2109711230551499
36.79000000000125,0.8614755179771052,-1.7301901446247607e-13,-0.11381894974991139,-0.21097112305515098
36.80000000000125,0.8614755179771028,-1.727623843897288e-13,-0.1138189497499114,-0.21097112305515212
36.810000000001246,0.8614755179771003,-1.7250418253139212e-13,-0.11381894974991216,-0.2109711230551532
36.820000000001244,0.861475517977098,-1.7224557110506269e-13,-0.11381894974991265,-0.21097112305515428
36.83000000000124,0.8614755179770955,-1.7198307433453304e-13,-0.11381894974991312,-0.21097112305515536
36.84000000000124,0.8614755179770931,-1.717185933189882e-13,-0.11381894974991374,-0.21097112305515645
36.85000000000124,0.8614755179770908,-1.7145134513628565e-13,-0.11381894974991394,-0.21097112305515758
36.860000000001236,0.8614755179770883,-1.71179171094619e-13,-0.11381894974991455,-0.21097112305515867
36.870000000001234,0.8614755179770859,-1.709068924111557e-13,-0.11381894974991495,-0.21097112305515975
36.88000000000123,0.8614755179770835,-1.7063305356905995e-13,-0.11381894974991562,-0.21097112305516083
36.89000000000123,0.8614755179770811,-1.703582092442286e-13,-0.11381894974991574,-0.21097112305516189
36.90000000000123,0.8614755179770788,-1.7009249925966034e-13,-0.11381894974991617,-0.21097112305516294
36.910000000001226,0.8614755179770764,-1.6983141265503255e-13,-0.11381894974991627,-0.21097112305516397
36.920000000001224,0.8614755179770741,-1.6957363313392364e-13,-0.11381894974991649,-0.210971123055165
36.93000000000122,0.8614755179770719,-1.693186474158795e-13,-0.11381894974991733,-0.21097112305516605
36.94000000000122,0.8614755179770696,-1.6906868033973146e-13,-0.11381894974991753,-0.21097112305516708
36.95000000000122,0.8614755179770672,-1.6881589754891717e-13,-0.11381894974991826,-0.2109711230551681
36.960000000001216,0.8614755179770649,-1.6856092849608012e-13,-0.11381894974991813,-0.21097112305516913
36.970000000001214,0.8614755179770627,-1.6831443547381698e-13,-0.11381894974991863,-0.21097112305517018
36.98000000000121,0.8614755179770603,-1.6807325842812917e-13,-0.11381894974991916,-0.2109711230551712
36.99000000000121,0.861475517977058,-1.6783541692341953e-13,-0.1138189497499193,-0.21097112305517224
37.00000000000121,0.8614755179770557,-1.6759637633208627e-13,-0.11381894974991945,-0.2109711230551733
37.010000000001206,0.8614755179770534,-1.673599696652466e-13,-0.11381894974991999,-0.21097112305517432
37.020000000001204,0.8614755179770511,-1.6712789009627438e-13,-0.11381894974992005,-0.21097112305517535
37.0300000000012,0.8614755179770488,-1.6689394355177542e-13,-0.11381894974992085,-0.21097112305517637
37.0400000000012,0.8614755179770465,-1.6665699101033192e-13,-0.11381894974992131,-0.21097112305517743
37.0500000000012,0.861475517977044,-1.6642346526556535e-13,-0.11381894974992186,-0.21097112305517848
37.060000000001196,0.8614755179770417,-1.6618897277931032e-13,-0.11381894974992195,-0.2109711230551795
37.070000000001194,0.8614755179770393,-1.6595861128131192e-13,-0.11381894974992213,-0.21097112305518056
37.08000000000119,0.8614755179770368,-1.6572423953624879e-13,-0.11381894974992285,-0.2109711230551816
37.09000000000119,0.8614755179770344,-1.6549134529177477e-13,-0.11381894974992304,-0.2109711230551826
37.10000000000119,0.861475517977032,-1.6526809353307355e-13,-0.1138189497499233,-0.21097112305518362
37.110000000001186,0.8614755179770297,-1.6505077702211395e-13,-0.11381894974992357,-0.21097112305518462
37.120000000001184,0.8614755179770275,-1.6483660509492797e-13,-0.11381894974992388,-0.21097112305518562
37.13000000000118,0.8614755179770253,-1.6463129217966523e-13,-0.1138189497499236,-0.21097112305518662
37.14000000000118,0.8614755179770229,-1.6443286600974188e-13,-0.11381894974992399,-0.2109711230551876
37.15000000000118,0.8614755179770207,-1.6424240966262426e-13,-0.11381894974992426,-0.21097112305518856
37.160000000001176,0.8614755179770185,-1.6406055120610983e-13,-0.11381894974992403,-0.21097112305518956
37.170000000001174,0.8614755179770163,-1.6389013046921708e-13,-0.11381894974992457,-0.21097112305519053
37.18000000000117,0.8614755179770142,-1.6372337046131313e-13,-0.11381894974992435,-0.2109711230551915
37.19000000000117,0.8614755179770119,-1.6355871960571312e-13,-0.11381894974992471,-0.21097112305519247
37.20000000000117,0.8614755179770097,-1.633964560655096e-13,-0.11381894974992499,-0.21097112305519347
37.210000000001166,0.8614755179770075,-1.6323398957398144e-13,-0.11381894974992529,-0.2109711230551945
37.220000000001164,0.8614755179770053,-1.6307073055481937e-13,-0.11381894974992562,-0.2109711230551955
37.23000000000116,0.8614755179770031,-1.628976272231302e-13,-0.11381894974992601,-0.2109711230551965
37.24000000000116,0.861475517977001,-1.6272340759529353e-13,-0.1138189497499265,-0.21097112305519752
37.25000000000116,0.8614755179769987,-1.6254866589510763e-13,-0.11381894974992643,-0.21097112305519852
37.260000000001156,0.8614755179769965,-1.6236871653226815e-13,-0.11381894974992687,-0.21097112305519952
37.270000000001154,0.8614755179769943,-1.6218627143736454e-13,-0.1138189497499273,-0.21097112305520055
37.28000000000115,0.8614755179769921,-1.6200193246287283e-13,-0.11381894974992746,-0.21097112305520155
37.29000000000115,0.86147551797699,-1.6181295276307724e-13,-0.11381894974992805,-0.21097112305520255
37.30000000000115,0.8614755179769877,-1.6161577100808347e-13,-0.11381894974992839,-0.21097112305520357
37.310000000001146,0.8614755179769855,-1.614197847049995e-13,-0.11381894974992851,-0.21097112305520457
37.320000000001144,0.8614755179769833,-1.612204942548099e-13,-0.11381894974992907,-0.21097112305520557
37.33000000000114,0.8614755179769811,-1.610195342781551e-13,-0.11381894974992918,-0.21097112305520657
37.34000000000114,0.861475517976979,-1.6082587308965452e-13,-0.1138189497499292,-0.21097112305520754
37.35000000000114,0.8614755179769767,-1.6063386417695587e-13,-0.11381894974992952,-0.21097112305520854
37.360000000001136,0.8614755179769745,-1.6043719650301025e-13,-0.11381894974993016,-0.21097112305520957
37.370000000001134,0.8614755179769723,-1.6023636421752036e-13,-0.11381894974993054,-0.2109711230552105
37.38000000000113,0.8614755179769701,-1.6003458477791425e-13,-0.11381894974993041,-0.21097112305521148
37.39000000000113,0.8614755179769679,-1.5983296038917332e-13,-0.11381894974993094,-0.21097112305521248
37.40000000000113,0.8614755179769658,-1.5963714874307395e-13,-0.1138189497499313,-0.21097112305521346
37.410000000001126,0.8614755179769635,-1.5943941894312385e-13,-0.11381894974993184,-0.21097112305521443
37.420000000001124,0.8614755179769613,-1.592413253035063e-13,-0.11381894974993205,-0.2109711230552154
37.43000000000112,0.8614755179769591,-1.59045755597518e-13,-0.11381894974993215,-0.21097112305521637
37.44000000000112,0.8614755179769569,-1.588494000274897e-13,-0.11381894974993279,-0.21097112305521737
37.45000000000112,0.8614755179769548,-1.5865454842411293e-13,-0.11381894974993288,-0.2109711230552183
37.460000000001116,0.8614755179769527,-1.584646666367085e-13,-0.11381894974993273,-0.21097112305521926
37.470000000001114,0.8614755179769505,-1.5827721919698582e-13,-0.11381894974993283,-0.2109711230552202
37.48000000000111,0.8614755179769487,-1.5809838718078695e-13,-0.11381894974993324,-0.21097112305522114
37.49000000000111,0.8614755179769465,-1.5792001436460213e-13,-0.11381894974993327,-0.21097112305522212
37.50000000000111,0.8614755179769444,-1.577376051099025e-13,-0.11381894974993381,-0.2109711230552231
37.51000000000111,0.8614755179769423,-1.5755337604821414e-13,-0.11381894974993428,-0.21097112305522406
37.520000000001104,0.8614755179769402,-1.5737102020171543e-13,-0.11381894974993462,-0.21097112305522497
37.5300000000011,0.8614755179769381,-1.5718854491833892e-13,-0.1138189497499344,-0.21097112305522597
37.5400000000011,0.8614755179769361,-1.5700695154432132e-13,-0.11381894974993494,-0.21097112305522694
37.5500000000011,0.861475517976934,-1.568227970948114e-13,-0.11381894974993545,-0.2109711230552279
37.5600000000011,0.861475517976932,-1.566445379234837e-13,-0.11381894974993496,-0.21097112305522883
37.570000000001095,0.8614755179769299,-1.5647522540989748e-13,-0.11381894974993538,-0.2109711230552298
37.58000000000109,0.8614755179769278,-1.563007438652746e-13,-0.11381894974993594,-0.21097112305523077
37.59000000000109,0.8614755179769257,-1.561253557386725e-13,-0.11381894974993607,-0.21097112305523172
37.60000000000109,0.8614755179769236,-1.55944892611312e-13,-0.11381894974993653,-0.2109711230552327
37.61000000000109,0.8614755179769216,-1.5575152539235222e-13,-0.11381894974993692,-0.21097112305523366
37.620000000001085,0.8614755179769196,-1.5555872443265666e-13,-0.1138189497499373,-0.21097112305523458
37.63000000000108,0.8614755179769175,-1.553654856164971e-13,-0.11381894974993728,-0.21097112305523555
37.64000000000108,0.8614755179769154,-1.5517242982629865e-13,-0.11381894974993771,-0.2109711230552365
37.65000000000108,0.8614755179769134,-1.5497358144984746e-13,-0.11381894974993832,-0.2109711230552374
37.66000000000108,0.8614755179769112,-1.5477825999084788e-13,-0.11381894974993872,-0.21097112305523835
37.670000000001075,0.8614755179769092,-1.5457384585888585e-13,-0.11381894974993853,-0.2109711230552393
37.68000000000107,0.8614755179769072,-1.5437036311289874e-13,-0.113818949749939,-0.2109711230552402
37.69000000000107,0.8614755179769051,-1.5416356804743567e-13,-0.11381894974993961,-0.21097112305524113
37.70000000000107,0.8614755179769031,-1.5395332201394594e-13,-0.11381894974993992,-0.2109711230552421
37.71000000000107,0.8614755179769011,-1.5374255950765558e-13,-0.11381894974994047,-0.21097112305524302
37.720000000001065,0.8614755179768991,-1.5353032439030386e-13,-0.11381894974994035,-0.21097112305524396
37.73000000000106,0.861475517976897,-1.5331939326973123e-13,-0.11381894974994106,-0.21097112305524487
37.74000000000106,0.8614755179768949,-1.5310464533764606e-13,-0.1138189497499415,-0.21097112305524585
37.75000000000106,0.8614755179768929,-1.5289266240864578e-13,-0.11381894974994171,-0.21097112305524676
37.76000000000106,0.8614755179768907,-1.5268288355203722e-13,-0.1138189497499423,-0.21097112305524776
37.770000000001055,0.8614755179768886,-1.5245890678917453e-13,-0.11381894974994285,-0.21097112305524868
37.78000000000105,0.8614755179768865,-1.5223822177678313e-13,-0.1138189497499427,-0.21097112305524962
37.79000000000105,0.8614755179768845,-1.5201737674070082e-13,-0.11381894974994296,-0.2109711230552506
37.80000000000105,0.8614755179768824,-1.5179184790625755e-13,-0.11381894974994385,-0.21097112305525154
37.81000000000105,0.8614755179768803,-1.515654179531453e-13,-0.11381894974994433,-0.2109711230552525
37.820000000001045,0.8614755179768782,-1.5133414300982602e-13,-0.11381894974994479,-0.21097112305525342
37.83000000000104,0.861475517976876,-1.510997062004087e-13,-0.1138189497499449,-0.2109711230552544
37.84000000000104,0.861475517976874,-1.508628945788332e-13,-0.11381894974994533,-0.2109711230552553
37.85000000000104,0.861475517976872,-1.5062732442171316e-13,-0.11381894974994551,-0.21097112305525623
37.86000000000104,0.86147551797687,-1.503992031595733e-13,-0.11381894974994616,-0.21097112305525714
37.870000000001035,0.8614755179768682,-1.5017117069113776e-13,-0.11381894974994596,-0.21097112305525806
37.88000000000103,0.8614755179768662,-1.499513497279689e-13,-0.11381894974994648,-0.21097112305525903
37.89000000000103,0.8614755179768642,-1.4972650008267066e-13,-0.11381894974994675,-0.21097112305525995
37.90000000000103,0.8614755179768622,-1.495073178493514e-13,-0.11381894974994718,-0.2109711230552609
37.91000000000103,0.8614755179768602,-1.4928709919750673e-13,-0.11381894974994775,-0.21097112305526178
37.920000000001025,0.8614755179768582,-1.4906862955773082e-13,-0.1138189497499476,-0.21097112305526272
37.93000000000102,0.8614755179768562,-1.48845656110235e-13,-0.11381894974994818,-0.21097112305526364
37.94000000000102,0.8614755179768542,-1.4862132145089344e-13,-0.1138189497499485,-0.21097112305526458
37.95000000000102,0.8614755179768522,-1.48399601552246e-13,-0.11381894974994901,-0.21097112305526547
37.96000000000102,0.8614755179768502,-1.4817012855221623e-13,-0.11381894974994952,-0.2109711230552664
37.970000000001015,0.8614755179768483,-1.4794131190509164e-13,-0.11381894974994988,-0.21097112305526733
37.98000000000101,0.8614755179768463,-1.4770722128274118e-13,-0.11381894974995002,-0.21097112305526827
37.99000000000101,0.8614755179768443,-1.474731453345472e-13,-0.11381894974995051,-0.21097112305526916
38.00000000000101,0.8614755179768423,-1.4723064142543786e-13,-0.11381894974995084,-0.2109711230552701
38.01000000000101,0.8614755179768403,-1.4698900100504642e-13,-0.11381894974995144,-0.21097112305527102
38.020000000001005,0.8614755179768383,-1.4673915768352766e-13,-0.11381894974995213,-0.21097112305527196
38.030000000001,0.8614755179768363,-1.4648353411212695e-13,-0.11381894974995287,-0.21097112305527285
38.040000000001,0.8614755179768343,-1.4622059288965764e-13,-0.11381894974995328,-0.21097112305527377
38.050000000001,0.8614755179768323,-1.4595626743536465e-13,-0.11381894974995323,-0.21097112305527463
38.060000000001,0.8614755179768303,-1.4568995622348936e-13,-0.1138189497499539,-0.21097112305527554
38.070000000000995,0.8614755179768283,-1.4542632753104072e-13,-0.11381894974995449,-0.21097112305527643
38.08000000000099,0.8614755179768263,-1.451582811004701e-13,-0.113818949749955,-0.21097112305527732
38.09000000000099,0.8614755179768244,-1.448893759905983e-13,-0.11381894974995539,-0.2109711230552782
38.10000000000099,0.8614755179768224,-1.446167441855144e-13,-0.11381894974995607,-0.2109711230552791
38.11000000000099,0.8614755179768204,-1.4433637487403337e-13,-0.11381894974995674,-0.21097112305527999
38.120000000000985,0.8614755179768184,-1.4405521469477876e-13,-0.11381894974995699,-0.21097112305528087
38.13000000000098,0.8614755179768164,-1.4376728548100548e-13,-0.11381894974995764,-0.21097112305528176
38.14000000000098,0.8614755179768144,-1.43477992360876e-13,-0.11381894974995807,-0.21097112305528268
38.15000000000098,0.8614755179768124,-1.4317938143331837e-13,-0.11381894974995876,-0.21097112305528354
38.16000000000098,0.8614755179768104,-1.428748245111358e-13,-0.11381894974995932,-0.21097112305528445
38.170000000000975,0.8614755179768084,-1.4256289276267477e-13,-0.11381894974995994,-0.21097112305528531
38.18000000000097,0.8614755179768064,-1.4225020582181172e-13,-0.11381894974996075,-0.21097112305528623
38.19000000000097,0.8614755179768044,-1.4193140802226676e-13,-0.11381894974996135,-0.2109711230552871
38.20000000000097,0.8614755179768024,-1.4161443646747958e-13,-0.11381894974996168,-0.210971123055288
38.21000000000097,0.8614755179768004,-1.4129811335803803e-13,-0.11381894974996226,-0.21097112305528892
38.220000000000965,0.8614755179767986,-1.4097914155172598e-13,-0.1138189497499624,-0.21097112305528976
38.23000000000096,0.8614755179767967,-1.406684172550997e-13,-0.11381894974996282,-0.2109711230552906
38.24000000000096,0.8614755179767948,-1.4036606005623777e-13,-0.1138189497499633,-0.21097112305529142
38.25000000000096,0.8614755179767929,-1.4007409997930852e-13,-0.11381894974996354,-0.21097112305529225
38.26000000000096,0.861475517976791,-1.3979316119896585e-13,-0.11381894974996394,-0.2109711230552931
38.270000000000955,0.8614755179767891,-1.395198256681329e-13,-0.1138189497499642,-0.2109711230552939
38.28000000000095,0.8614755179767872,-1.392589555660027e-13,-0.1138189497499642,-0.2109711230552947
38.29000000000095,0.8614755179767853,-1.390119335357378e-13,-0.11381894974996404,-0.2109711230552955
38.30000000000095,0.8614755179767835,-1.3877869350851664e-13,-0.11381894974996473,-0.21097112305529628
38.31000000000095,0.8614755179767816,-1.3855193716177977e-13,-0.1138189497499648,-0.21097112305529708
38.320000000000945,0.8614755179767797,-1.3833458301206782e-13,-0.11381894974996472,-0.21097112305529792
38.33000000000094,0.8614755179767777,-1.381307266038288e-13,-0.11381894974996516,-0.2109711230552987
38.34000000000094,0.8614755179767758,-1.3792906289219288e-13,-0.11381894974996565,-0.2109711230552995
38.35000000000094,0.8614755179767739,-1.3773539013243918e-13,-0.11381894974996562,-0.2109711230553003
38.36000000000094,0.861475517976772,-1.375457276097358e-13,-0.11381894974996604,-0.21097112305530108
38.370000000000935,0.8614755179767701,-1.3736283142539412e-13,-0.11381894974996593,-0.21097112305530188
38.38000000000093,0.8614755179767682,-1.3718910261163543e-13,-0.1138189497499662,-0.21097112305530272
38.39000000000093,0.8614755179767664,-1.3701678416508726e-13,-0.1138189497499662,-0.2109711230553035
38.40000000000093,0.8614755179767645,-1.3684578051008102e-13,-0.11381894974996645,-0.21097112305530433
38.41000000000093,0.8614755179767626,-1.3667559492660536e-13,-0.11381894974996651,-0.21097112305530513
38.420000000000925,0.8614755179767607,-1.365141375791821e-13,-0.11381894974996695,-0.21097112305530596
38.43000000000092,0.8614755179767588,-1.3635023044865712e-13,-0.1138189497499672,-0.2109711230553068
38.44000000000092,0.8614755179767569,-1.361876795336774e-13,-0.1138189497499674,-0.21097112305530763
38.45000000000092,0.861475517976755,-1.360212956708582e-13,-0.11381894974996794,-0.21097112305530846
38.46000000000092,0.8614755179767531,-1.3584960514245479e-13,-0.11381894974996812,-0.2109711230553093
38.470000000000915,0.8614755179767513,-1.3568255095794698e-13,-0.11381894974996848,-0.21097112305531013
38.48000000000091,0.8614755179767493,-1.3551361862865326e-13,-0.11381894974996892,-0.210971123055311
38.49000000000091,0.8614755179767473,-1.3534273931981443e-13,-0.11381894974996912,-0.21097112305531182
38.50000000000091,0.8614755179767453,-1.351727003251327e-13,-0.11381894974996956,-0.21097112305531268
38.51000000000091,0.8614755179767433,-1.3499776288023977e-13,-0.1138189497499699,-0.21097112305531354
38.520000000000906,0.8614755179767413,-1.3482434709377333e-13,-0.11381894974997027,-0.21097112305531435
38.5300000000009,0.8614755179767394,-1.3465199382453014e-13,-0.11381894974997037,-0.21097112305531518
38.5400000000009,0.8614755179767375,-1.3448362265368262e-13,-0.11381894974997053,-0.21097112305531604
38.5500000000009,0.8614755179767356,-1.3432547082306742e-13,-0.11381894974997034,-0.21097112305531682
38.5600000000009,0.8614755179767336,-1.341769323482695e-13,-0.1138189497499705,-0.21097112305531765
38.570000000000896,0.8614755179767318,-1.3403078843107764e-13,-0.11381894974997037,-0.21097112305531848
38.580000000000894,0.86147551797673,-1.3389876152783302e-13,-0.11381894974997064,-0.21097112305531926
38.59000000000089,0.8614755179767283,-1.337624657763969e-13,-0.11381894974997073,-0.21097112305532006
38.60000000000089,0.8614755179767265,-1.3363597478316453e-13,-0.11381894974997075,-0.2109711230553209
38.61000000000089,0.8614755179767247,-1.3351664046604102e-13,-0.1138189497499708,-0.21097112305532167
38.620000000000886,0.861475517976723,-1.3340602373248055e-13,-0.11381894974997084,-0.21097112305532248
38.630000000000884,0.8614755179767212,-1.3329647150558364e-13,-0.11381894974997114,-0.2109711230553233
38.64000000000088,0.8614755179767194,-1.3319017437044158e-13,-0.11381894974997128,-0.2109711230553241
38.65000000000088,0.8614755179767176,-1.3307668018655964e-13,-0.11381894974997137,-0.21097112305532495
38.66000000000088,0.8614755179767158,-1.3295545481239902e-13,-0.11381894974997198,-0.21097112305532578
38.670000000000876,0.8614755179767141,-1.32834024442062e-13,-0.11381894974997209,-0.2109711230553266
38.680000000000874,0.8614755179767123,-1.3270819448980127e-13,-0.11381894974997184,-0.21097112305532742
38.69000000000087,0.8614755179767105,-1.3258183381522115e-13,-0.11381894974997186,-0.21097112305532828
38.70000000000087,0.8614755179767087,-1.3245672437869929e-13,-0.11381894974997239,-0.21097112305532909
38.71000000000087,0.861475517976707,-1.3232493843021777e-13,-0.11381894974997289,-0.21097112305532995
38.720000000000866,0.8614755179767052,-1.3218987439248036e-13,-0.1138189497499727,-0.21097112305533072
38.730000000000864,0.8614755179767034,-1.3205270057469892e-13,-0.11381894974997304,-0.21097112305533158
38.74000000000086,0.8614755179767016,-1.319148863108841e-13,-0.11381894974997303,-0.21097112305533242
38.75000000000086,0.8614755179766999,-1.317729977259232e-13,-0.11381894974997377,-0.21097112305533325
38.76000000000086,0.8614755179766981,-1.316304567535499e-13,-0.11381894974997389,-0.21097112305533405
38.770000000000856,0.8614755179766963,-1.3148971038642577e-13,-0.11381894974997396,-0.21097112305533486
38.780000000000854,0.8614755179766945,-1.3134686838085944e-13,-0.1138189497499747,-0.2109711230553357
38.79000000000085,0.8614755179766928,-1.312050266692409e-13,-0.11381894974997459,-0.2109711230553365
38.80000000000085,0.861475517976691,-1.3105138070928838e-13,-0.11381894974997514,-0.21097112305533733
38.81000000000085,0.8614755179766892,-1.30895205403864e-13,-0.1138189497499754,-0.21097112305533813
38.820000000000846,0.8614755179766874,-1.307393466414651e-13,-0.11381894974997538,-0.21097112305533894
38.830000000000844,0.8614755179766856,-1.305860057814103e-13,-0.11381894974997582,-0.21097112305533977
38.84000000000084,0.8614755179766839,-1.3043206228417027e-13,-0.11381894974997607,-0.21097112305534055
38.85000000000084,0.8614755179766821,-1.302788171949647e-13,-0.11381894974997597,-0.21097112305534135
38.86000000000084,0.8614755179766803,-1.3012645305166024e-13,-0.1138189497499765,-0.21097112305534219
38.870000000000836,0.8614755179766785,-1.2997194557113449e-13,-0.11381894974997678,-0.21097112305534296
38.880000000000834,0.8614755179766768,-1.2981438444682195e-13,-0.113818949749977,-0.21097112305534377
38.89000000000083,0.861475517976675,-1.2965519524839992e-13,-0.11381894974997732,-0.2109711230553446
38.90000000000083,0.8614755179766731,-1.294947566168082e-13,-0.11381894974997775,-0.21097112305534538
38.91000000000083,0.8614755179766713,-1.2933549293766146e-13,-0.11381894974997789,-0.2109711230553462
38.920000000000826,0.8614755179766695,-1.2917481903591318e-13,-0.11381894974997789,-0.21097112305534702
38.930000000000824,0.8614755179766679,-1.2901959544156629e-13,-0.11381894974997797,-0.21097112305534776
38.94000000000082,0.8614755179766662,-1.2886935447423497e-13,-0.11381894974997805,-0.21097112305534857
38.95000000000082,0.8614755179766646,-1.2871938933064718e-13,-0.11381894974997846,-0.21097112305534935
38.96000000000082,0.8614755179766629,-1.2857573760195552e-13,-0.1138189497499785,-0.2109711230553501
38.970000000000816,0.8614755179766612,-1.2843073944181783e-13,-0.11381894974997861,-0.2109711230553509
38.980000000000814,0.8614755179766596,-1.2828966564473264e-13,-0.11381894974997883,-0.21097112305535168
38.99000000000081,0.8614755179766579,-1.2814718387877537e-13,-0.1138189497499792,-0.21097112305535246
39.00000000000081,0.8614755179766562,-1.2800393229222675e-13,-0.11381894974997943,-0.21097112305535323
39.01000000000081,0.8614755179766546,-1.2786274271853437e-13,-0.11381894974997955,-0.210971123055354
39.020000000000806,0.8614755179766529,-1.2771901636047913e-13,-0.11381894974997969,-0.2109711230553548
39.030000000000804,0.8614755179766512,-1.2757244313051203e-13,-0.11381894974998015,-0.21097112305535554
39.0400000000008,0.8614755179766496,-1.274266713587306e-13,-0.11381894974998019,-0.21097112305535634
39.0500000000008,0.8614755179766478,-1.2727822071311711e-13,-0.11381894974998068,-0.21097112305535712
39.0600000000008,0.8614755179766461,-1.2712915543914237e-13,-0.11381894974998112,-0.2109711230553579
39.070000000000796,0.8614755179766445,-1.2697648548202804e-13,-0.1138189497499813,-0.21097112305535867
39.080000000000794,0.8614755179766428,-1.268207242448391e-13,-0.11381894974998136,-0.21097112305535945
39.09000000000079,0.8614755179766411,-1.2666242374397562e-13,-0.11381894974998163,-0.21097112305536023
39.10000000000079,0.8614755179766395,-1.2649986930229176e-13,-0.11381894974998205,-0.210971123055361
39.11000000000079,0.8614755179766378,-1.2633777327964815e-13,-0.11381894974998236,-0.21097112305536178
39.120000000000786,0.8614755179766361,-1.2617192916755795e-13,-0.11381894974998252,-0.21097112305536256
39.130000000000784,0.8614755179766345,-1.2600132962384148e-13,-0.11381894974998279,-0.21097112305536336
39.14000000000078,0.8614755179766328,-1.258352928916892e-13,-0.11381894974998308,-0.2109711230553641
39.15000000000078,0.8614755179766311,-1.256688333853094e-13,-0.11381894974998343,-0.2109711230553649
39.16000000000078,0.8614755179766295,-1.255000279778056e-13,-0.11381894974998336,-0.21097112305536567
39.170000000000776,0.8614755179766278,-1.2533568590999077e-13,-0.11381894974998383,-0.21097112305536642
39.180000000000774,0.8614755179766261,-1.251712838561643e-13,-0.1138189497499842,-0.2109711230553672
39.19000000000077,0.8614755179766244,-1.2500673368343036e-13,-0.11381894974998417,-0.210971123055368
39.20000000000077,0.8614755179766227,-1.248469196463022e-13,-0.11381894974998441,-0.21097112305536878
39.21000000000077,0.861475517976621,-1.2468885134279054e-13,-0.11381894974998473,-0.2109711230553695
39.220000000000766,0.8614755179766194,-1.2453446534265722e-13,-0.11381894974998484,-0.21097112305537027
39.230000000000764,0.8614755179766177,-1.2437631466974128e-13,-0.11381894974998506,-0.21097112305537108
39.24000000000076,0.861475517976616,-1.2421824100420932e-13,-0.1138189497499856,-0.21097112305537183
39.25000000000076,0.8614755179766144,-1.2406020497983026e-13,-0.11381894974998562,-0.21097112305537255
39.26000000000076,0.8614755179766127,-1.239073105315056e-13,-0.11381894974998556,-0.21097112305537333
39.270000000000756,0.861475517976611,-1.2374743652266825e-13,-0.11381894974998588,-0.21097112305537413
39.280000000000754,0.8614755179766094,-1.235909332436998e-13,-0.1138189497499863,-0.21097112305537485
39.29000000000075,0.8614755179766076,-1.2343778493062756e-13,-0.11381894974998626,-0.2109711230553756
39.30000000000075,0.8614755179766059,-1.2328417360975036e-13,-0.1138189497499866,-0.21097112305537638
39.31000000000075,0.8614755179766043,-1.2312880369823171e-13,-0.11381894974998688,-0.21097112305537713
39.320000000000746,0.8614755179766026,-1.229773014218136e-13,-0.11381894974998721,-0.2109711230553779
39.330000000000744,0.8614755179766009,-1.2282375795498423e-13,-0.11381894974998695,-0.21097112305537866
39.34000000000074,0.8614755179765992,-1.2267293518639963e-13,-0.11381894974998771,-0.21097112305537943
39.35000000000074,0.8614755179765974,-1.2252038664199842e-13,-0.1138189497499885,-0.2109711230553802
39.36000000000074,0.8614755179765956,-1.2235784486964143e-13,-0.11381894974998856,-0.21097112305538096
39.370000000000736,0.8614755179765938,-1.2219340038927219e-13,-0.11381894974998896,-0.21097112305538177
39.380000000000734,0.8614755179765922,-1.220307331647626e-13,-0.11381894974998895,-0.21097112305538251
39.39000000000073,0.8614755179765904,-1.2187423521600947e-13,-0.11381894974998928,-0.21097112305538326
39.40000000000073,0.8614755179765887,-1.2171866098030023e-13,-0.11381894974998952,-0.21097112305538399
39.41000000000073,0.8614755179765871,-1.2156468515995017e-13,-0.11381894974998931,-0.21097112305538473
39.42000000000073,0.8614755179765854,-1.2141869039203002e-13,-0.11381894974998935,-0.21097112305538548
39.430000000000724,0.8614755179765837,-1.212715479649454e-13,-0.11381894974998992,-0.21097112305538623
39.44000000000072,0.8614755179765821,-1.211250481588249e-13,-0.11381894974999,-0.21097112305538696
39.45000000000072,0.8614755179765804,-1.2097282164078467e-13,-0.1138189497499906,-0.21097112305538773
39.46000000000072,0.8614755179765787,-1.2082424830305143e-13,-0.11381894974999093,-0.21097112305538848
39.47000000000072,0.861475517976577,-1.2067257284957858e-13,-0.11381894974999095,-0.21097112305538923
39.480000000000715,0.8614755179765753,-1.20525592158985e-13,-0.11381894974999122,-0.21097112305538998
39.49000000000071,0.8614755179765736,-1.2037689445868695e-13,-0.11381894974999167,-0.2109711230553907
39.50000000000071,0.861475517976572,-1.2022955772530278e-13,-0.1138189497499917,-0.21097112305539145
39.51000000000071,0.8614755179765703,-1.2008114071594237e-13,-0.11381894974999189,-0.2109711230553922
39.52000000000071,0.8614755179765686,-1.1993499299769022e-13,-0.11381894974999215,-0.21097112305539298
39.530000000000705,0.861475517976567,-1.197853054159481e-13,-0.1138189497499922,-0.2109711230553937
39.5400000000007,0.8614755179765653,-1.196344541932491e-13,-0.11381894974999288,-0.21097112305539445
39.5500000000007,0.8614755179765636,-1.1948278624952867e-13,-0.11381894974999321,-0.2109711230553952
39.5600000000007,0.8614755179765619,-1.1932729233992192e-13,-0.11381894974999343,-0.21097112305539595
39.5700000000007,0.8614755179765602,-1.191721322695155e-13,-0.11381894974999363,-0.21097112305539667
39.580000000000695,0.8614755179765585,-1.1901795106561713e-13,-0.11381894974999386,-0.21097112305539742
39.59000000000069,0.8614755179765569,-1.1886278087832572e-13,-0.11381894974999429,-0.2109711230553982
39.60000000000069,0.8614755179765552,-1.1870268884942653e-13,-0.11381894974999437,-0.21097112305539895
39.61000000000069,0.8614755179765535,-1.1854074303573135e-13,-0.1138189497499947,-0.21097112305539967
39.62000000000069,0.8614755179765519,-1.1837990804248506e-13,-0.11381894974999501,-0.21097112305540042
39.630000000000685,0.8614755179765502,-1.182166286101818e-13,-0.1138189497499956,-0.21097112305540117
39.64000000000068,0.8614755179765484,-1.1805200282870693e-13,-0.11381894974999594,-0.21097112305540192
39.65000000000068,0.8614755179765468,-1.178836250997934e-13,-0.11381894974999625,-0.21097112305540267
39.66000000000068,0.8614755179765451,-1.1771511094811323e-13,-0.11381894974999639,-0.21097112305540341
39.67000000000068,0.8614755179765434,-1.1754960449684117e-13,-0.11381894974999676,-0.21097112305540416
39.680000000000675,0.8614755179765418,-1.173814485121686e-13,-0.11381894974999708,-0.2109711230554049
39.69000000000067,0.8614755179765402,-1.1721162203526598e-13,-0.11381894974999696,-0.21097112305540563
39.70000000000067,0.8614755179765387,-1.1704184637471136e-13,-0.11381894974999732,-0.21097112305540633
39.71000000000067,0.8614755179765371,-1.168741405727273e-13,-0.11381894974999754,-0.21097112305540705
39.72000000000067,0.8614755179765354,-1.1670952206047396e-13,-0.11381894974999739,-0.21097112305540777
39.730000000000665,0.8614755179765339,-1.165466939278194e-13,-0.1138189497499978,-0.21097112305540852
39.74000000000066,0.8614755179765323,-1.1638482523749347e-13,-0.1138189497499985,-0.21097112305540924
39.75000000000066,0.8614755179765308,-1.1622049533795957e-13,-0.11381894974999877,-0.21097112305540996
39.76000000000066,0.8614755179765292,-1.1605427584720798e-13,-0.11381894974999907,-0.21097112305541066
39.77000000000066,0.8614755179765277,-1.158903921198209e-13,-0.11381894974999905,-0.21097112305541138
39.780000000000655,0.861475517976526,-1.157276213204369e-13,-0.11381894974999925,-0.2109711230554121
39.79000000000065,0.8614755179765244,-1.155701692429205e-13,-0.11381894974999981,-0.21097112305541282
39.80000000000065,0.8614755179765229,-1.154139910126533e-13,-0.1138189497499996,-0.21097112305541355
39.81000000000065,0.8614755179765213,-1.152576526766595e-13,-0.11381894974999977,-0.21097112305541427
39.82000000000065,0.8614755179765198,-1.1510002292000974e-13,-0.11381894975000012,-0.210971123055415
39.830000000000645,0.8614755179765182,-1.1494730442486345e-13,-0.1138189497500004,-0.2109711230554157
39.84000000000064,0.8614755179765167,-1.1478986404754545e-13,-0.11381894975000055,-0.21097112305541643
39.85000000000064,0.861475517976515,-1.146292014173698e-13,-0.1138189497500009,-0.21097112305541715
39.86000000000064,0.8614755179765134,-1.1447154458855288e-13,-0.11381894975000119,-0.21097112305541785
39.87000000000064,0.8614755179765119,-1.1431107747736848e-13,-0.11381894975000134,-0.21097112305541857
39.880000000000635,0.8614755179765103,-1.1415251106273676e-13,-0.1138189497500023,-0.2109711230554193
39.89000000000063,0.8614755179765088,-1.139917789619189e-13,-0.11381894975000212,-0.21097112305542004
39.90000000000063,0.8614755179765072,-1.1382788916750804e-13,-0.11381894975000231,-0.21097112305542076
39.91000000000063,0.8614755179765057,-1.1366517086678034e-13,-0.11381894975000259,-0.21097112305542146
39.92000000000063,0.861475517976504,-1.1350685811655134e-13,-0.11381894975000278,-0.21097112305542218
39.930000000000625,0.8614755179765025,-1.133509755061104e-13,-0.11381894975000292,-0.2109711230554229
39.94000000000062,0.8614755179765009,-1.1319407881811372e-13,-0.11381894975000342,-0.21097112305542362
39.95000000000062,0.8614755179764993,-1.1303465230548228e-13,-0.11381894975000334,-0.21097112305542434
39.96000000000062,0.8614755179764978,-1.1286855014210093e-13,-0.1138189497500036,-0.21097112305542506
39.97000000000062,0.8614755179764962,-1.1270604744458048e-13,-0.11381894975000387,-0.21097112305542579
39.980000000000615,0.8614755179764947,-1.1254458943143022e-13,-0.11381894975000464,-0.2109711230554265
39.99000000000061,0.861475517976493,-1.1237895748209789e-13,-0.11381894975000473,-0.2109711230554272
40.00000000000061,0.8614755179764915,-1.122179721176191e-13,-0.11381894975000484,-0.21097112305542792
40.01000000000061,0.8614755179764899,-1.1205760006536709e-13,-0.11381894975000491,-0.21097112305542862
40.02000000000061,0.8614755179764884,-1.1189988663248606e-13,-0.11381894975000499,-0.2109711230554293
40.030000000000605,0.8614755179764868,-1.1174866812770097e-13,-0.11381894975000537,-0.21097112305543
40.0400000000006,0.8614755179764851,-1.1159377673798252e-13,-0.11381894975000573,-0.21097112305543075
40.0500000000006,0.8614755179764835,-1.1143447095397817e-13,-0.11381894975000584,-0.2109711230554315
40.0600000000006,0.8614755179764817,-1.1127564587344755e-13,-0.11381894975000673,-0.21097112305543225
40.0700000000006,0.8614755179764801,-1.1110656349924521e-13,-0.113818949750007,-0.21097112305543297
40.080000000000595,0.8614755179764786,-1.1094114030436181e-13,-0.11381894975000743,-0.21097112305543367
40.09000000000059,0.861475517976477,-1.1077468192582339e-13,-0.1138189497500075,-0.21097112305543442
40.10000000000059,0.8614755179764755,-1.1060405015809106e-13,-0.1138189497500077,-0.21097112305543514
40.11000000000059,0.8614755179764739,-1.1043678543715396e-13,-0.1138189497500081,-0.21097112305543586
40.12000000000059,0.8614755179764724,-1.1026826182095219e-13,-0.11381894975000816,-0.21097112305543658
40.130000000000585,0.8614755179764707,-1.1010127110034212e-13,-0.11381894975000854,-0.21097112305543728
40.14000000000058,0.8614755179764692,-1.0992889288289712e-13,-0.11381894975000875,-0.210971123055438
40.15000000000058,0.8614755179764676,-1.0975490168236776e-13,-0.11381894975000935,-0.21097112305543872
40.16000000000058,0.861475517976466,-1.095746925818282e-13,-0.11381894975000953,-0.21097112305543944
40.17000000000058,0.8614755179764645,-1.0939726971612278e-13,-0.11381894975001006,-0.2109711230554402
40.180000000000575,0.8614755179764629,-1.0920732026414371e-13,-0.11381894975001018,-0.21097112305544088
40.19000000000057,0.8614755179764614,-1.0902302184525286e-13,-0.11381894975001045,-0.21097112305544158
40.20000000000057,0.8614755179764599,-1.0883964752842064e-13,-0.11381894975001085,-0.21097112305544227
40.21000000000057,0.8614755179764585,-1.0865618814541828e-13,-0.11381894975001111,-0.21097112305544294
40.22000000000057,0.861475517976457,-1.0847489225545832e-13,-0.11381894975001154,-0.2109711230554436
40.230000000000565,0.8614755179764556,-1.0830182114146982e-13,-0.11381894975001156,-0.21097112305544427
40.24000000000056,0.861475517976454,-1.0813868743514875e-13,-0.11381894975001133,-0.21097112305544494
40.25000000000056,0.8614755179764526,-1.0798006055150366e-13,-0.11381894975001182,-0.21097112305544558
40.26000000000056,0.8614755179764512,-1.0782491054734253e-13,-0.11381894975001172,-0.21097112305544624
40.27000000000056,0.8614755179764497,-1.0767356083135528e-13,-0.11381894975001186,-0.21097112305544688
40.280000000000555,0.8614755179764483,-1.0752636352743158e-13,-0.1138189497500122,-0.21097112305544755
40.29000000000055,0.8614755179764467,-1.0738081015213926e-13,-0.11381894975001279,-0.2109711230554482
40.30000000000055,0.8614755179764453,-1.0723790215009562e-13,-0.11381894975001261,-0.21097112305544888
40.31000000000055,0.8614755179764438,-1.0709600300675131e-13,-0.11381894975001265,-0.21097112305544954
40.32000000000055,0.8614755179764424,-1.069640326818947e-13,-0.11381894975001282,-0.2109711230554502
40.330000000000545,0.8614755179764408,-1.0683707744635066e-13,-0.11381894975001296,-0.21097112305545088
40.34000000000054,0.8614755179764394,-1.0670776753685977e-13,-0.1138189497500131,-0.21097112305545154
40.35000000000054,0.861475517976438,-1.0658180807927662e-13,-0.11381894975001333,-0.2109711230554522
40.36000000000054,0.8614755179764365,-1.0645814724818336e-13,-0.11381894975001317,-0.21097112305545287
40.37000000000054,0.8614755179764351,-1.0633753100946815e-13,-0.11381894975001368,-0.2109711230554535
40.380000000000535,0.8614755179764335,-1.0621787795827064e-13,-0.1138189497500138,-0.21097112305545415
40.39000000000053,0.8614755179764321,-1.0610122784017464e-13,-0.11381894975001396,-0.21097112305545482
40.40000000000053,0.8614755179764306,-1.0598125960709084e-13,-0.11381894975001389,-0.21097112305545548
40.41000000000053,0.8614755179764292,-1.0586437312447546e-13,-0.11381894975001436,-0.21097112305545615
40.42000000000053,0.8614755179764277,-1.057494322375056e-13,-0.11381894975001444,-0.21097112305545682
40.430000000000526,0.8614755179764262,-1.056272727516688e-13,-0.11381894975001511,-0.21097112305545748
40.44000000000052,0.8614755179764247,-1.0550575710204338e-13,-0.11381894975001514,-0.21097112305545815
40.45000000000052,0.8614755179764233,-1.0538195071687691e-13,-0.11381894975001498,-0.21097112305545881
40.46000000000052,0.861475517976422,-1.052587006339697e-13,-0.11381894975001526,-0.21097112305545945
40.47000000000052,0.8614755179764204,-1.0513834620856969e-13,-0.11381894975001536,-0.21097112305546012
40.480000000000516,0.8614755179764191,-1.0501781945208776e-13,-0.11381894975001541,-0.21097112305546076
40.490000000000514,0.8614755179764177,-1.0490075702560806e-13,-0.11381894975001552,-0.2109711230554614
40.50000000000051,0.8614755179764164,-1.047855584846965e-13,-0.11381894975001543,-0.210971123055462
40.51000000000051,0.861475517976415,-1.0467636604092342e-13,-0.11381894975001555,-0.21097112305546262
40.52000000000051,0.8614755179764136,-1.0456566476498369e-13,-0.11381894975001604,-0.21097112305546326
40.530000000000506,0.8614755179764123,-1.0445655641466083e-13,-0.11381894975001633,-0.2109711230554639
40.540000000000504,0.861475517976411,-1.0434849995228416e-13,-0.11381894975001616,-0.21097112305546453
40.5500000000005,0.8614755179764095,-1.0424746356113496e-13,-0.1138189497500164,-0.21097112305546517
40.5600000000005,0.8614755179764082,-1.0414383487946411e-13,-0.11381894975001638,-0.2109711230554658
40.5700000000005,0.8614755179764069,-1.0404294123760365e-13,-0.11381894975001632,-0.21097112305546645
40.580000000000496,0.8614755179764055,-1.039460769643381e-13,-0.11381894975001644,-0.21097112305546709
40.590000000000494,0.8614755179764042,-1.0385081005025907e-13,-0.11381894975001616,-0.21097112305546772
40.60000000000049,0.8614755179764028,-1.0375197740525556e-13,-0.11381894975001652,-0.21097112305546833
40.61000000000049,0.8614755179764014,-1.0365275672796445e-13,-0.11381894975001645,-0.21097112305546897
40.62000000000049,0.8614755179764001,-1.0356034817722653e-13,-0.1138189497500173,-0.2109711230554696
40.630000000000486,0.8614755179763988,-1.0346612498870241e-13,-0.11381894975001713,-0.21097112305547025
40.640000000000484,0.8614755179763973,-1.0337202447475717e-13,-0.11381894975001713,-0.2109711230554709
40.65000000000048,0.861475517976396,-1.0327912461679582e-13,-0.11381894975001743,-0.21097112305547153
40.66000000000048,0.8614755179763947,-1.0318040287306932e-13,-0.11381894975001719,-0.21097112305547217
40.67000000000048,0.8614755179763933,-1.0308303551543825e-13,-0.11381894975001755,-0.2109711230554728
40.680000000000476,0.8614755179763919,-1.0298154981720701e-13,-0.11381894975001752,-0.21097112305547344
40.690000000000474,0.8614755179763905,-1.0288220521443625e-13,-0.11381894975001809,-0.21097112305547408
40.70000000000047,0.8614755179763892,-1.0277473574971394e-13,-0.1138189497500183,-0.21097112305547472
40.71000000000047,0.8614755179763879,-1.026627492160034e-13,-0.11381894975001859,-0.21097112305547533
40.72000000000047,0.8614755179763864,-1.0254995857930748e-13,-0.11381894975001884,-0.21097112305547594
40.730000000000466,0.8614755179763851,-1.0243370825295329e-13,-0.11381894975001874,-0.21097112305547658
40.740000000000464,0.8614755179763838,-1.023142551417196e-13,-0.11381894975001924,-0.21097112305547722
40.75000000000046,0.8614755179763824,-1.0219403155439003e-13,-0.11381894975001962,-0.21097112305547785
40.76000000000046,0.861475517976381,-1.0206302884857463e-13,-0.11381894975001983,-0.2109711230554785
40.77000000000046,0.8614755179763797,-1.0193257609432345e-13,-0.11381894975001984,-0.21097112305547913
40.780000000000456,0.8614755179763783,-1.0179787469796078e-13,-0.11381894975002009,-0.21097112305547977
40.790000000000454,0.861475517976377,-1.0166149334900485e-13,-0.11381894975002065,-0.2109711230554804
40.80000000000045,0.8614755179763756,-1.0152598202154849e-13,-0.1138189497500207,-0.21097112305548105
40.81000000000045,0.8614755179763742,-1.0138977133983827e-13,-0.11381894975002074,-0.21097112305548166
40.82000000000045,0.8614755179763729,-1.012497188821824e-13,-0.11381894975002113,-0.2109711230554823
40.830000000000446,0.8614755179763716,-1.0110938948666581e-13,-0.11381894975002113,-0.21097112305548293
40.840000000000444,0.8614755179763701,-1.009685902598462e-13,-0.11381894975002185,-0.21097112305548357
40.85000000000044,0.8614755179763688,-1.0082859712729956e-13,-0.11381894975002209,-0.2109711230554842
40.86000000000044,0.8614755179763675,-1.0068560209351577e-13,-0.11381894975002231,-0.21097112305548485
40.87000000000044,0.8614755179763661,-1.0054052555609189e-13,-0.11381894975002228,-0.2109711230554855
40.880000000000436,0.8614755179763648,-1.0039996070491095e-13,-0.11381894975002245,-0.21097112305548613
40.890000000000434,0.8614755179763633,-1.0025946977516354e-13,-0.11381894975002296,-0.21097112305548676
40.90000000000043,0.861475517976362,-1.0012110951009447e-13,-0.11381894975002302,-0.2109711230554874
40.91000000000043,0.8614755179763607,-9.998328916807443e-14,-0.11381894975002346,-0.210971123055488
40.92000000000043,0.8614755179763594,-9.984706828124173e-14,-0.11381894975002332,-0.21097112305548865
40.930000000000426,0.8614755179763579,-9.970795607230055e-14,-0.11381894975002405,-0.21097112305548926
40.940000000000424,0.8614755179763566,-9.956567078819e-14,-0.11381894975002418,-0.2109711230554899
40.95000000000042,0.8614755179763552,-9.942606803458415e-14,-0.11381894975002403,-0.21097112305549054
40.96000000000042,0.8614755179763539,-9.928588027921993e-14,-0.11381894975002418,-0.21097112305549118
40.97000000000042,0.8614755179763525,-9.914404218090283e-14,-0.11381894975002473,-0.21097112305549182
40.980000000000416,0.8614755179763511,-9.899897512771718e-14,-0.1138189497500251,-0.21097112305549243
40.990000000000414,0.8614755179763498,-9.885479434786134e-14,-0.113818949750025,-0.210971123055493
41.00000000000041,0.8614755179763484,-9.871365712399409e-14,-0.11381894975002524,-0.21097112305549362
41.01000000000041,0.861475517976347,-9.857431403205144e-14,-0.11381894975002563,-0.21097112305549426
41.02000000000041,0.8614755179763456,-9.842725118633364e-14,-0.11381894975002611,-0.21097112305549492
41.030000000000406,0.8614755179763441,-9.828023520526321e-14,-0.11381894975002635,-0.2109711230554956
41.040000000000404,0.8614755179763428,-9.812466739139571e-14,-0.11381894975002634,-0.21097112305549623
41.0500000000004,0.8614755179763414,-9.796627274389081e-14,-0.11381894975002708,-0.21097112305549687
41.0600000000004,0.86147551797634,-9.780394747371656e-14,-0.11381894975002728,-0.2109711230554975
41.0700000000004,0.8614755179763387,-9.763551250851771e-14,-0.11381894975002771,-0.21097112305549812
41.080000000000396,0.8614755179763374,-9.746856844252189e-14,-0.1138189497500277,-0.21097112305549875
41.090000000000394,0.8614755179763359,-9.729951000494813e-14,-0.11381894975002849,-0.2109711230554994
41.10000000000039,0.8614755179763346,-9.712984600910058e-14,-0.11381894975002854,-0.21097112305550003
41.11000000000039,0.8614755179763333,-9.695866133683696e-14,-0.1138189497500289,-0.21097112305550067
41.12000000000039,0.8614755179763319,-9.678601989673425e-14,-0.11381894975002954,-0.2109711230555013
41.130000000000386,0.8614755179763305,-9.66053332188998e-14,-0.11381894975002971,-0.21097112305550192
41.140000000000384,0.8614755179763292,-9.642543686191705e-14,-0.11381894975002972,-0.2109711230555025
41.15000000000038,0.8614755179763278,-9.624985094451012e-14,-0.11381894975002968,-0.2109711230555031
41.16000000000038,0.8614755179763264,-9.607850876022648e-14,-0.11381894975003053,-0.2109711230555037
41.17000000000038,0.861475517976325,-9.591339739634156e-14,-0.11381894975003032,-0.21097112305550425
41.180000000000376,0.8614755179763237,-9.575973553696573e-14,-0.11381894975003037,-0.21097112305550483
41.190000000000374,0.8614755179763223,-9.56126817392759e-14,-0.11381894975003026,-0.2109711230555054
41.20000000000037,0.8614755179763209,-9.546889529764396e-14,-0.11381894975003082,-0.21097112305550597
41.21000000000037,0.8614755179763196,-9.532862963191825e-14,-0.11381894975003087,-0.21097112305550653
41.22000000000037,0.8614755179763182,-9.519354820936411e-14,-0.11381894975003075,-0.2109711230555071
41.230000000000366,0.8614755179763168,-9.506211390364401e-14,-0.11381894975003146,-0.21097112305550766
41.240000000000364,0.8614755179763155,-9.4934301748671e-14,-0.11381894975003158,-0.21097112305550825
41.25000000000036,0.861475517976314,-9.480799367155343e-14,-0.11381894975003151,-0.2109711230555088
41.26000000000036,0.8614755179763127,-9.468306553177578e-14,-0.11381894975003154,-0.21097112305550939
41.27000000000036,0.8614755179763114,-9.456653865778644e-14,-0.11381894975003187,-0.21097112305550994
41.280000000000356,0.86147551797631,-9.445283381401834e-14,-0.11381894975003193,-0.21097112305551052
41.290000000000354,0.8614755179763086,-9.433468485562988e-14,-0.11381894975003212,-0.2109711230555111
41.30000000000035,0.8614755179763073,-9.422135311203992e-14,-0.11381894975003262,-0.21097112305551166
41.31000000000035,0.8614755179763058,-9.410763136260627e-14,-0.11381894975003244,-0.21097112305551224
41.32000000000035,0.8614755179763045,-9.399761856490245e-14,-0.11381894975003248,-0.21097112305551283
41.33000000000035,0.8614755179763032,-9.3887736259921e-14,-0.11381894975003304,-0.2109711230555134
41.340000000000344,0.8614755179763017,-9.378083052112116e-14,-0.1138189497500332,-0.21097112305551396
41.35000000000034,0.8614755179763004,-9.367144656463954e-14,-0.11381894975003332,-0.21097112305551455
41.36000000000034,0.8614755179762991,-9.3567096983273e-14,-0.1138189497500336,-0.21097112305551508
41.37000000000034,0.8614755179762978,-9.346613793652577e-14,-0.11381894975003357,-0.21097112305551563
41.38000000000034,0.8614755179762966,-9.336974863063867e-14,-0.11381894975003336,-0.21097112305551616
41.390000000000335,0.8614755179762953,-9.328303677499946e-14,-0.11381894975003312,-0.2109711230555167
41.40000000000033,0.8614755179762941,-9.320209033279111e-14,-0.11381894975003326,-0.21097112305551724
41.41000000000033,0.8614755179762928,-9.312660790541007e-14,-0.11381894975003361,-0.2109711230555178
41.42000000000033,0.8614755179762915,-9.305326407204952e-14,-0.11381894975003336,-0.21097112305551832
41.43000000000033,0.8614755179762903,-9.298119981004316e-14,-0.11381894975003357,-0.2109711230555189
41.440000000000325,0.8614755179762891,-9.291675782929879e-14,-0.11381894975003332,-0.21097112305551943
41.45000000000032,0.8614755179762877,-9.285274517853327e-14,-0.11381894975003365,-0.21097112305552
41.46000000000032,0.8614755179762865,-9.279338052366181e-14,-0.1138189497500336,-0.21097112305552052
41.47000000000032,0.8614755179762852,-9.273376339495882e-14,-0.11381894975003345,-0.21097112305552107
41.48000000000032,0.861475517976284,-9.267512563039346e-14,-0.11381894975003348,-0.2109711230555216
41.490000000000315,0.8614755179762827,-9.26194587886568e-14,-0.1138189497500337,-0.21097112305552218
41.50000000000031,0.8614755179762814,-9.255982105837234e-14,-0.11381894975003401,-0.21097112305552276
41.51000000000031,0.8614755179762802,-9.249650972211347e-14,-0.11381894975003398,-0.21097112305552332
41.52000000000031,0.861475517976279,-9.242720810754235e-14,-0.11381894975003404,-0.2109711230555239
41.53000000000031,0.8614755179762777,-9.235489450103914e-14,-0.11381894975003429,-0.21097112305552448
41.540000000000305,0.8614755179762764,-9.228002057171402e-14,-0.11381894975003473,-0.2109711230555251
41.5500000000003,0.8614755179762752,-9.21923525097471e-14,-0.1138189497500349,-0.2109711230555257
41.5600000000003,0.861475517976274,-9.209447231325244e-14,-0.11381894975003495,-0.21097112305552626
41.5700000000003,0.8614755179762726,-9.19956669685109e-14,-0.11381894975003547,-0.21097112305552684
41.5800000000003,0.8614755179762714,-9.189335494446286e-14,-0.11381894975003526,-0.21097112305552743
41.590000000000295,0.8614755179762702,-9.179590551778994e-14,-0.1138189497500354,-0.21097112305552798
41.60000000000029,0.8614755179762689,-9.169669133814405e-14,-0.11381894975003573,-0.21097112305552856
41.61000000000029,0.8614755179762676,-9.159719466911332e-14,-0.11381894975003583,-0.21097112305552917
41.62000000000029,0.8614755179762664,-9.149867722633262e-14,-0.11381894975003604,-0.21097112305552976
41.63000000000029,0.8614755179762651,-9.139584016112912e-14,-0.11381894975003615,-0.2109711230555303
41.640000000000285,0.8614755179762639,-9.129693119900848e-14,-0.11381894975003592,-0.21097112305553087
41.65000000000028,0.8614755179762627,-9.120046275022836e-14,-0.11381894975003659,-0.21097112305553142
41.66000000000028,0.8614755179762613,-9.110380685083978e-14,-0.11381894975003637,-0.21097112305553198
41.67000000000028,0.8614755179762601,-9.101359644091263e-14,-0.11381894975003663,-0.21097112305553256
41.68000000000028,0.8614755179762589,-9.091853952349517e-14,-0.11381894975003656,-0.2109711230555331
41.690000000000275,0.8614755179762575,-9.082765617980746e-14,-0.11381894975003694,-0.21097112305553364
41.70000000000027,0.8614755179762563,-9.073865554625493e-14,-0.11381894975003681,-0.2109711230555342
41.71000000000027,0.8614755179762551,-9.064602262691742e-14,-0.11381894975003724,-0.21097112305553478
41.72000000000027,0.8614755179762538,-9.05478547614797e-14,-0.11381894975003795,-0.21097112305553536
41.73000000000027,0.8614755179762525,-9.044738930480854e-14,-0.11381894975003778,-0.2109711230555359
41.740000000000265,0.8614755179762513,-9.034144453402611e-14,-0.11381894975003809,-0.21097112305553647
41.75000000000026,0.86147551797625,-9.023377646986538e-14,-0.11381894975003787,-0.21097112305553706
41.76000000000026,0.8614755179762488,-9.012976368624007e-14,-0.11381894975003835,-0.21097112305553758
41.77000000000026,0.8614755179762476,-9.003000280706028e-14,-0.11381894975003828,-0.21097112305553814
41.78000000000026,0.8614755179762462,-8.993117228857442e-14,-0.11381894975003837,-0.21097112305553867
41.790000000000255,0.861475517976245,-8.98290295573556e-14,-0.11381894975003866,-0.21097112305553922
41.80000000000025,0.8614755179762438,-8.972809769457983e-14,-0.11381894975003891,-0.21097112305553975
41.81000000000025,0.8614755179762424,-8.96233581164247e-14,-0.11381894975003894,-0.2109711230555403
41.82000000000025,0.8614755179762412,-8.952231442005086e-14,-0.11381894975003894,-0.21097112305554083
41.83000000000025,0.8614755179762399,-8.941837310088675e-14,-0.11381894975003959,-0.2109711230555414
41.840000000000245,0.8614755179762387,-8.930921498807592e-14,-0.1138189497500396,-0.21097112305554191
41.85000000000024,0.8614755179762374,-8.920727871467811e-14,-0.11381894975003953,-0.2109711230555425
41.86000000000024,0.8614755179762361,-8.910427811994545e-14,-0.11381894975004014,-0.21097112305554303
41.87000000000024,0.861475517976235,-8.900500863133921e-14,-0.11381894975004002,-0.21097112305554355
41.88000000000024,0.8614755179762338,-8.890286616898236e-14,-0.1138189497500402,-0.21097112305554408
41.890000000000235,0.8614755179762325,-8.880210191335207e-14,-0.11381894975004023,-0.21097112305554463
41.90000000000023,0.8614755179762312,-8.870057923672132e-14,-0.11381894975004055,-0.21097112305554516
41.91000000000023,0.8614755179762299,-8.859905064935693e-14,-0.11381894975004042,-0.21097112305554572
41.92000000000023,0.8614755179762287,-8.849624682920851e-14,-0.11381894975004057,-0.21097112305554627
41.93000000000023,0.8614755179762275,-8.838839884988866e-14,-0.11381894975004128,-0.21097112305554683
41.940000000000225,0.8614755179762261,-8.827607245435178e-14,-0.11381894975004136,-0.21097112305554735
41.95000000000022,0.8614755179762249,-8.816640818817624e-14,-0.11381894975004152,-0.21097112305554794
41.96000000000022,0.8614755179762237,-8.804961108919195e-14,-0.11381894975004196,-0.21097112305554847
41.97000000000022,0.8614755179762223,-8.793178822123798e-14,-0.11381894975004206,-0.21097112305554902
41.98000000000022,0.8614755179762211,-8.781139760746099e-14,-0.11381894975004254,-0.21097112305554955
41.990000000000215,0.8614755179762199,-8.76926190594011e-14,-0.11381894975004243,-0.2109711230555501
42.00000000000021,0.8614755179762186,-8.757097971046641e-14,-0.11381894975004268,-0.21097112305555066
42.01000000000021,0.8614755179762174,-8.744982443754466e-14,-0.11381894975004292,-0.21097112305555119
42.02000000000021,0.861475517976216,-8.7333090823733e-14,-0.113818949750043,-0.21097112305555174
42.03000000000021,0.8614755179762148,-8.72189776261727e-14,-0.11381894975004299,-0.21097112305555227
42.040000000000205,0.8614755179762136,-8.709886783277675e-14,-0.11381894975004375,-0.21097112305555282
42.0500000000002,0.8614755179762122,-8.697794775287237e-14,-0.1138189497500437,-0.21097112305555338
42.0600000000002,0.861475517976211,-8.685565491263025e-14,-0.11381894975004384,-0.21097112305555393
42.0700000000002,0.8614755179762098,-8.673511843956142e-14,-0.11381894975004428,-0.21097112305555446
42.0800000000002,0.8614755179762085,-8.661670563709081e-14,-0.11381894975004438,-0.21097112305555502
42.090000000000195,0.8614755179762073,-8.64966809439342e-14,-0.11381894975004496,-0.21097112305555554
42.10000000000019,0.8614755179762061,-8.638231634032686e-14,-0.1138189497500447,-0.21097112305555607
42.11000000000019,0.8614755179762049,-8.62719433716456e-14,-0.11381894975004475,-0.21097112305555657
42.12000000000019,0.8614755179762038,-8.616534676958395e-14,-0.11381894975004457,-0.2109711230555571
42.13000000000019,0.8614755179762026,-8.606064419867551e-14,-0.1138189497500454,-0.21097112305555762
42.140000000000185,0.8614755179762015,-8.595961965358388e-14,-0.1138189497500453,-0.21097112305555815
42.15000000000018,0.8614755179762004,-8.586232998264685e-14,-0.11381894975004475,-0.21097112305555865
42.16000000000018,0.8614755179761991,-8.576563516801534e-14,-0.11381894975004564,-0.21097112305555918
42.17000000000018,0.861475517976198,-8.566962695062282e-14,-0.1138189497500457,-0.21097112305555968
42.18000000000018,0.8614755179761968,-8.557212083066327e-14,-0.11381894975004554,-0.2109711230555602
42.190000000000175,0.8614755179761957,-8.547436798651565e-14,-0.11381894975004586,-0.2109711230555607
42.20000000000017,0.8614755179761946,-8.537708476279245e-14,-0.11381894975004603,-0.21097112305556126
42.21000000000017,0.8614755179761934,-8.528102408368104e-14,-0.11381894975004604,-0.21097112305556176
42.22000000000017,0.8614755179761923,-8.518536468836077e-14,-0.11381894975004621,-0.2109711230555623
42.23000000000017,0.861475517976191,-8.508870707778072e-14,-0.11381894975004644,-0.2109711230555628
42.240000000000165,0.8614755179761899,-8.499145487239131e-14,-0.11381894975004632,-0.21097112305556331
42.25000000000016,0.8614755179761888,-8.489429622463156e-14,-0.11381894975004692,-0.21097112305556381
42.26000000000016,0.8614755179761876,-8.479356370581991e-14,-0.1138189497500468,-0.21097112305556434
42.27000000000016,0.8614755179761865,-8.469538514196637e-14,-0.11381894975004708,-0.21097112305556487
42.28000000000016,0.8614755179761854,-8.460113706629576e-14,-0.11381894975004675,-0.2109711230555654
42.290000000000155,0.8614755179761842,-8.450137802262852e-14,-0.1138189497500475,-0.2109711230555659
42.30000000000015,0.861475517976183,-8.440381351491209e-14,-0.11381894975004735,-0.21097112305556642
42.31000000000015,0.8614755179761818,-8.430809394412084e-14,-0.11381894975004749,-0.21097112305556692
42.32000000000015,0.8614755179761808,-8.421246805017567e-14,-0.11381894975004775,-0.21097112305556742
42.33000000000015,0.8614755179761798,-8.411683767348446e-14,-0.11381894975004792,-0.21097112305556792
42.340000000000146,0.8614755179761787,-8.402666048194311e-14,-0.11381894975004744,-0.2109711230555684
42.35000000000014,0.8614755179761777,-8.393515559280955e-14,-0.11381894975004812,-0.2109711230555689
42.36000000000014,0.8614755179761766,-8.384472603978509e-14,-0.11381894975004793,-0.21097112305556937
42.37000000000014,0.8614755179761756,-8.375844101882107e-14,-0.11381894975004796,-0.21097112305556986
42.38000000000014,0.8614755179761744,-8.366727358658227e-14,-0.11381894975004841,-0.21097112305557036
42.390000000000136,0.8614755179761734,-8.357127530548622e-14,-0.11381894975004839,-0.2109711230555709
42.400000000000134,0.8614755179761724,-8.34781768021638e-14,-0.11381894975004837,-0.21097112305557136
42.41000000000013,0.8614755179761713,-8.338918511552012e-14,-0.11381894975004844,-0.21097112305557186
42.42000000000013,0.8614755179761703,-8.330394770061846e-14,-0.11381894975004865,-0.21097112305557233
42.43000000000013,0.8614755179761692,-8.321885373886052e-14,-0.11381894975004883,-0.21097112305557283
42.440000000000126,0.8614755179761682,-8.313256108676325e-14,-0.11381894975004866,-0.21097112305557333
42.450000000000124,0.8614755179761672,-8.304617288142996e-14,-0.11381894975004929,-0.21097112305557383
42.46000000000012,0.8614755179761661,-8.296170668841715e-14,-0.11381894975004916,-0.2109711230555743
42.47000000000012,0.8614755179761651,-8.288269030203064e-14,-0.11381894975004912,-0.2109711230555748
42.48000000000012,0.861475517976164,-8.279757024313755e-14,-0.11381894975004883,-0.21097112305557528
42.490000000000116,0.861475517976163,-8.271233794160587e-14,-0.11381894975004933,-0.21097112305557578
42.500000000000114,0.861475517976162,-8.263102883009463e-14,-0.11381894975004922,-0.21097112305557628
42.51000000000011,0.8614755179761608,-8.254993682141392e-14,-0.11381894975004934,-0.21097112305557678
42.52000000000011,0.8614755179761598,-8.246454168350334e-14,-0.11381894975004958,-0.21097112305557725
42.53000000000011,0.8614755179761587,-8.238297879786826e-14,-0.11381894975004964,-0.21097112305557775
42.540000000000106,0.8614755179761577,-8.230567128715628e-14,-0.11381894975004958,-0.21097112305557822
42.550000000000104,0.8614755179761566,-8.222615763899345e-14,-0.11381894975004987,-0.21097112305557875
42.5600000000001,0.8614755179761556,-8.21495092489291e-14,-0.11381894975004998,-0.21097112305557922
42.5700000000001,0.8614755179761546,-8.206900727065581e-14,-0.11381894975005007,-0.21097112305557972
42.5800000000001,0.8614755179761535,-8.19861027750323e-14,-0.11381894975004998,-0.2109711230555802
42.590000000000096,0.8614755179761525,-8.190557825768556e-14,-0.11381894975005057,-0.21097112305558066
42.600000000000094,0.8614755179761514,-8.182094233630176e-14,-0.11381894975005026,-0.2109711230555812
42.61000000000009,0.8614755179761504,-8.173416909314013e-14,-0.11381894975005052,-0.21097112305558166
42.62000000000009,0.8614755179761494,-8.165095320505618e-14,-0.11381894975005077,-0.21097112305558216
42.63000000000009,0.8614755179761483,-8.156568599606757e-14,-0.11381894975005069,-0.21097112305558263
42.640000000000086,0.8614755179761473,-8.147702282528302e-14,-0.1138189497500507,-0.21097112305558313
42.650000000000084,0.8614755179761462,-8.138674960042486e-14,-0.11381894975005107,-0.21097112305558363
42.66000000000008,0.8614755179761452,-8.130060644619266e-14,-0.11381894975005094,-0.21097112305558413
42.67000000000008,0.8614755179761442,-8.121272398625047e-14,-0.11381894975005107,-0.2109711230555846
42.68000000000008,0.8614755179761431,-8.112191939330597e-14,-0.11381894975005157,-0.2109711230555851
42.690000000000076,0.8614755179761421,-8.102497100992225e-14,-0.11381894975005175,-0.21097112305558557
42.700000000000074,0.861475517976141,-8.092470849971782e-14,-0.11381894975005218,-0.21097112305558607
42.71000000000007,0.86147551797614,-8.082502476593519e-14,-0.11381894975005213,-0.21097112305558657
42.72000000000007,0.8614755179761389,-8.072740025799678e-14,-0.1138189497500523,-0.21097112305558707
42.73000000000007,0.8614755179761379,-8.06267809407998e-14,-0.11381894975005256,-0.21097112305558754
42.740000000000066,0.8614755179761369,-8.052630050667619e-14,-0.11381894975005258,-0.21097112305558804
42.750000000000064,0.8614755179761358,-8.042295925473994e-14,-0.11381894975005258,-0.21097112305558852
42.76000000000006,0.8614755179761348,-8.031837547876188e-14,-0.11381894975005302,-0.21097112305558904
42.77000000000006,0.8614755179761336,-8.021297849978132e-14,-0.11381894975005281,-0.21097112305558952
42.78000000000006,0.8614755179761326,-8.010674560532661e-14,-0.11381894975005326,-0.21097112305559002
42.790000000000056,0.8614755179761316,-8.000091791153875e-14,-0.11381894975005367,-0.2109711230555905
42.800000000000054,0.8614755179761305,-7.989562019388799e-14,-0.11381894975005366,-0.210971123055591
42.81000000000005,0.8614755179761295,-7.978904728350314e-14,-0.11381894975005422,-0.2109711230555915
42.82000000000005,0.8614755179761284,-7.96743875943478e-14,-0.11381894975005402,-0.21097112305559196
42.83000000000005,0.8614755179761274,-7.955462425508613e-14,-0.11381894975005445,-0.21097112305559246
42.840000000000046,0.8614755179761264,-7.943314903138805e-14,-0.11381894975005473,-0.21097112305559293
42.850000000000044,0.8614755179761253,-7.930849571870038e-14,-0.11381894975005478,-0.21097112305559343
42.86000000000004,0.8614755179761243,-7.918008284013094e-14,-0.11381894975005569,-0.21097112305559393
42.87000000000004,0.8614755179761232,-7.905317911663878e-14,-0.11381894975005546,-0.21097112305559443
42.88000000000004,0.8614755179761222,-7.892169055481242e-14,-0.11381894975005581,-0.2109711230555949
42.890000000000036,0.8614755179761211,-7.878739668697628e-14,-0.11381894975005585,-0.2109711230555954
42.900000000000034,0.8614755179761201,-7.865419084937598e-14,-0.11381894975005619,-0.21097112305559587
42.91000000000003,0.8614755179761191,-7.851949164505824e-14,-0.11381894975005638,-0.21097112305559634
42.92000000000003,0.861475517976118,-7.838718711628728e-14,-0.11381894975005631,-0.21097112305559682
42.93000000000003,0.861475517976117,-7.825740866335034e-14,-0.11381894975005691,-0.21097112305559726
42.940000000000026,0.8614755179761159,-7.813426080057423e-14,-0.11381894975005677,-0.2109711230555977
42.950000000000024,0.8614755179761149,-7.801158120845508e-14,-0.1138189497500573,-0.21097112305559818
42.96000000000002,0.8614755179761138,-7.789222576377709e-14,-0.11381894975005705,-0.21097112305559865
42.97000000000002,0.8614755179761128,-7.777730094839233e-14,-0.11381894975005716,-0.2109711230555991
42.98000000000002,0.8614755179761117,-7.766150716619606e-14,-0.11381894975005748,-0.21097112305559956
42.990000000000016,0.8614755179761107,-7.754522332161276e-14,-0.11381894975005756,-0.2109711230556
43.000000000000014,0.8614755179761096,-7.743085986841295e-14,-0.11381894975005807,-0.21097112305560048
43.01000000000001,0.8614755179761086,-7.73149730065221e-14,-0.11381894975005802,-0.21097112305560095
43.02000000000001,0.8614755179761074,-7.720111270116734e-14,-0.11381894975005828,-0.2109711230556014
43.03000000000001,0.8614755179761064,-7.708643194093326e-14,-0.11381894975005857,-0.21097112305560187
43.040000000000006,0.8614755179761054,-7.696683273447397e-14,-0.11381894975005882,-0.2109711230556024
43.050000000000004,0.8614755179761043,-7.683773285697522e-14,-0.11381894975005902,-0.21097112305560287
43.06,0.8614755179761033,-7.670598637296642e-14,-0.11381894975005957,-0.21097112305560337
43.07,0.8614755179761022,-7.656766361209865e-14,-0.11381894975006009,-0.21097112305560384
43.08,0.8614755179761012,-7.642974607120893e-14,-0.1138189497500598,-0.21097112305560434
43.089999999999996,0.8614755179761002,-7.628637373286777e-14,-0.11381894975006035,-0.21097112305560484
43.099999999999994,0.8614755179760991,-7.613961913595204e-14,-0.1138189497500606,-0.21097112305560534
43.10999999999999,0.8614755179760981,-7.598654621510172e-14,-0.11381894975006104,-0.2109711230556058
43.11999999999999,0.861475517976097,-7.583385713569733e-14,-0.11381894975006147,-0.2109711230556063
43.12999999999999,0.861475517976096,-7.56827684160691e-14,-0.11381894975006149,-0.21097112305560678
43.139999999999986,0.8614755179760949,-7.553115759269945e-14,-0.11381894975006178,-0.21097112305560722
43.149999999999984,0.8614755179760939,-7.53865152685185e-14,-0.11381894975006156,-0.21097112305560772
43.15999999999998,0.861475517976093,-7.524448024721695e-14,-0.11381894975006233,-0.21097112305560814
43.16999999999998,0.8614755179760919,-7.510822958148502e-14,-0.1138189497500619,-0.21097112305560858
43.17999999999998,0.861475517976091,-7.49758702014812e-14,-0.11381894975006202,-0.21097112305560906
43.189999999999976,0.8614755179760899,-7.485201576950733e-14,-0.11381894975006247,-0.2109711230556095
43.199999999999974,0.8614755179760889,-7.472663800429351e-14,-0.11381894975006245,-0.21097112305560994
43.20999999999997,0.8614755179760878,-7.460288883477138e-14,-0.11381894975006276,-0.2109711230556104
43.21999999999997,0.8614755179760868,-7.448525451974488e-14,-0.11381894975006236,-0.2109711230556109
43.22999999999997,0.8614755179760857,-7.436777758743973e-14,-0.11381894975006325,-0.21097112305561133
43.23999999999997,0.8614755179760847,-7.424899787175278e-14,-0.11381894975006328,-0.21097112305561178
43.249999999999964,0.8614755179760836,-7.413548190780331e-14,-0.11381894975006338,-0.21097112305561225
43.25999999999996,0.8614755179760826,-7.401744546811863e-14,-0.11381894975006362,-0.2109711230556127
43.26999999999996,0.8614755179760815,-7.390318548643673e-14,-0.11381894975006386,-0.21097112305561316
43.27999999999996,0.8614755179760805,-7.378566229052263e-14,-0.11381894975006418,-0.2109711230556136
43.28999999999996,0.8614755179760794,-7.36732722315621e-14,-0.11381894975006412,-0.21097112305561408
43.299999999999955,0.8614755179760784,-7.355966359774074e-14,-0.11381894975006437,-0.21097112305561452
43.30999999999995,0.8614755179760774,-7.344670041922773e-14,-0.11381894975006451,-0.210971123055615
43.31999999999995,0.8614755179760762,-7.333772271758792e-14,-0.11381894975006458,-0.21097112305561547
43.32999999999995,0.8614755179760752,-7.323130992692525e-14,-0.11381894975006471,-0.2109711230556159
43.33999999999995,0.8614755179760741,-7.312008355574716e-14,-0.11381894975006518,-0.21097112305561636
43.349999999999945,0.8614755179760731,-7.300955664919019e-14,-0.11381894975006526,-0.21097112305561683
43.35999999999994,0.861475517976072,-7.289794028679693e-14,-0.11381894975006558,-0.2109711230556173
43.36999999999994,0.861475517976071,-7.278565995346932e-14,-0.11381894975006561,-0.21097112305561774
43.37999999999994,0.8614755179760699,-7.26709272461443e-14,-0.1138189497500661,-0.2109711230556182
43.38999999999994,0.8614755179760689,-7.255787895951419e-14,-0.11381894975006604,-0.2109711230556187
43.399999999999935,0.8614755179760678,-7.243905886016122e-14,-0.11381894975006603,-0.21097112305561913
43.40999999999993,0.8614755179760668,-7.232045079427672e-14,-0.11381894975006664,-0.21097112305561957
43.41999999999993,0.8614755179760657,-7.220138551751508e-14,-0.11381894975006666,-0.21097112305562005
43.42999999999993,0.8614755179760647,-7.208024147391063e-14,-0.1138189497500671,-0.21097112305562052
43.43999999999993,0.8614755179760637,-7.196042122800713e-14,-0.1138189497500671,-0.21097112305562096
43.449999999999925,0.8614755179760626,-7.183963401150013e-14,-0.11381894975006768,-0.2109711230556214
43.45999999999992,0.8614755179760616,-7.171754650174553e-14,-0.11381894975006773,-0.21097112305562188
43.46999999999992,0.8614755179760605,-7.159412241301275e-14,-0.11381894975006798,-0.21097112305562235
43.47999999999992,0.8614755179760595,-7.147248295686593e-14,-0.11381894975006798,-0.2109711230556228
43.48999999999992,0.8614755179760584,-7.135057172406365e-14,-0.11381894975006854,-0.21097112305562327
43.499999999999915,0.8614755179760574,-7.122597447445722e-14,-0.11381894975006847,-0.2109711230556237
43.50999999999991,0.8614755179760563,-7.110452089973777e-14,-0.11381894975006919,-0.21097112305562415
43.51999999999991,0.8614755179760553,-7.099383048097925e-14,-0.11381894975006888,-0.21097112305562457
43.52999999999991,0.8614755179760542,-7.088220612829484e-14,-0.1138189497500688,-0.21097112305562501
43.53999999999991,0.8614755179760532,-7.07678115784961e-14,-0.1138189497500692,-0.21097112305562543
43.549999999999905,0.861475517976052,-7.065553138657654e-14,-0.11381894975006923,-0.21097112305562593
43.5599999999999,0.861475517976051,-7.054610454201427e-14,-0.11381894975006952,-0.21097112305562635
43.5699999999999,0.86147551797605,-7.044469338507711e-14,-0.11381894975006945,-0.21097112305562674
43.5799999999999,0.8614755179760492,-7.034478130028625e-14,-0.11381894975006968,-0.21097112305562715
43.5899999999999,0.8614755179760482,-7.025489469054307e-14,-0.11381894975006944,-0.21097112305562754
43.599999999999895,0.8614755179760473,-7.017105792382354e-14,-0.11381894975006979,-0.21097112305562793
43.60999999999989,0.8614755179760463,-7.009399481465295e-14,-0.11381894975006966,-0.2109711230556284
43.61999999999989,0.8614755179760454,-7.001743601221314e-14,-0.11381894975006941,-0.2109711230556288
43.62999999999989,0.8614755179760444,-6.994441392719165e-14,-0.11381894975006984,-0.21097112305562918
43.63999999999989,0.8614755179760435,-6.986652468607322e-14,-0.11381894975006962,-0.21097112305562962
43.649999999999885,0.8614755179760425,-6.979144508791534e-14,-0.11381894975006979,-0.21097112305563
43.65999999999988,0.8614755179760415,-6.971971501380814e-14,-0.11381894975007004,-0.2109711230556304
43.66999999999988,0.8614755179760406,-6.965014707126614e-14,-0.1138189497500702,-0.21097112305563082
43.67999999999988,0.8614755179760396,-6.958026860086136e-14,-0.11381894975007024,-0.2109711230556312
43.68999999999988,0.8614755179760387,-6.951203488299512e-14,-0.11381894975007031,-0.2109711230556316
43.699999999999875,0.8614755179760377,-6.9442342457715e-14,-0.11381894975007033,-0.21097112305563206
43.70999999999987,0.8614755179760368,-6.936895023147966e-14,-0.11381894975007069,-0.21097112305563248
43.71999999999987,0.8614755179760358,-6.92904757747094e-14,-0.11381894975007066,-0.21097112305563287
43.72999999999987,0.8614755179760349,-6.92192663859013e-14,-0.11381894975007069,-0.21097112305563326
43.73999999999987,0.8614755179760339,-6.914919826764525e-14,-0.11381894975007088,-0.2109711230556337
43.749999999999865,0.8614755179760331,-6.9075394327578e-14,-0.11381894975007095,-0.2109711230556341
43.75999999999986,0.8614755179760321,-6.900255263799039e-14,-0.11381894975007112,-0.2109711230556345
43.76999999999986,0.8614755179760312,-6.893149022425441e-14,-0.1138189497500712,-0.21097112305563495
43.77999999999986,0.8614755179760302,-6.885747682006657e-14,-0.11381894975007154,-0.21097112305563534
43.78999999999986,0.8614755179760293,-6.878232466803908e-14,-0.11381894975007129,-0.21097112305563573
43.799999999999855,0.8614755179760283,-6.870193450211523e-14,-0.11381894975007131,-0.21097112305563614
43.80999999999985,0.8614755179760274,-6.862612326165984e-14,-0.11381894975007187,-0.21097112305563653
43.81999999999985,0.8614755179760264,-6.855316621215882e-14,-0.11381894975007174,-0.21097112305563695
43.82999999999985,0.8614755179760255,-6.847883535077162e-14,-0.11381894975007201,-0.2109711230556374
43.83999999999985,0.8614755179760245,-6.840597244769578e-14,-0.1138189497500717,-0.21097112305563778
43.849999999999845,0.8614755179760235,-6.833809819697909e-14,-0.11381894975007212,-0.21097112305563817
43.85999999999984,0.8614755179760226,-6.826999889806986e-14,-0.11381894975007231,-0.21097112305563862
43.86999999999984,0.8614755179760216,-6.819825806271476e-14,-0.11381894975007241,-0.210971123055639
43.87999999999984,0.8614755179760207,-6.812653072860433e-14,-0.11381894975007258,-0.21097112305563942
43.88999999999984,0.8614755179760197,-6.804986317820672e-14,-0.11381894975007224,-0.21097112305563984
43.899999999999835,0.8614755179760188,-6.797598590524996e-14,-0.11381894975007255,-0.21097112305564025
43.90999999999983,0.8614755179760178,-6.790063933133151e-14,-0.1138189497500727,-0.21097112305564064
43.91999999999983,0.861475517976017,-6.78254799770046e-14,-0.11381894975007291,-0.21097112305564106
43.92999999999983,0.861475517976016,-6.775024067604165e-14,-0.11381894975007276,-0.21097112305564145
43.93999999999983,0.8614755179760151,-6.767667383239504e-14,-0.11381894975007323,-0.21097112305564183
43.949999999999825,0.8614755179760141,-6.760648390663409e-14,-0.11381894975007306,-0.21097112305564225
43.95999999999982,0.8614755179760132,-6.753398492420676e-14,-0.11381894975007353,-0.21097112305564264
43.96999999999982,0.8614755179760122,-6.746016194379817e-14,-0.11381894975007323,-0.21097112305564303
43.97999999999982,0.8614755179760113,-6.738870490253206e-14,-0.11381894975007341,-0.21097112305564347
43.98999999999982,0.8614755179760103,-6.730878988246452e-14,-0.11381894975007369,-0.2109711230556439
43.999999999999815,0.8614755179760094,-6.723430116335186e-14,-0.11381894975007355,-0.21097112305564428
44.00999999999981,0.8614755179760084,-6.716197942012006e-14,-0.113818949750074,-0.21097112305564472
44.01999999999981,0.8614755179760075,-6.708191748502192e-14,-0.11381894975007392,-0.2109711230556451
44.02999999999981,0.8614755179760065,-6.700451033905122e-14,-0.11381894975007428,-0.2109711230556455
44.03999999999981,0.8614755179760055,-6.693188454539875e-14,-0.11381894975007406,-0.21097112305564591
44.049999999999805,0.8614755179760046,-6.685681435614704e-14,-0.1138189497500746,-0.21097112305564633
44.0599999999998,0.8614755179760036,-6.677900703364544e-14,-0.11381894975007453,-0.21097112305564675
44.0699999999998,0.8614755179760027,-6.670859462405048e-14,-0.11381894975007431,-0.21097112305564716
44.0799999999998,0.8614755179760017,-6.663413812892897e-14,-0.11381894975007453,-0.21097112305564755
44.0899999999998,0.8614755179760009,-6.655973883317387e-14,-0.11381894975007475,-0.21097112305564794
44.099999999999795,0.8614755179759999,-6.648678563009537e-14,-0.11381894975007509,-0.21097112305564839
44.10999999999979,0.861475517975999,-6.640551629066454e-14,-0.11381894975007505,-0.21097112305564877
44.11999999999979,0.861475517975998,-6.633053484886312e-14,-0.1138189497500752,-0.21097112305564916
44.12999999999979,0.8614755179759971,-6.625251479586659e-14,-0.11381894975007538,-0.21097112305564958
44.13999999999979,0.8614755179759961,-6.617252856032858e-14,-0.11381894975007566,-0.21097112305564997
44.149999999999785,0.8614755179759952,-6.609438115544575e-14,-0.1138189497500757,-0.21097112305565036
44.15999999999978,0.8614755179759942,-6.601262935814167e-14,-0.11381894975007589,-0.2109711230556508
44.16999999999978,0.8614755179759933,-6.59332161468653e-14,-0.11381894975007573,-0.2109711230556512
44.17999999999978,0.8614755179759923,-6.584944342563259e-14,-0.11381894975007628,-0.21097112305565158
44.18999999999978,0.8614755179759913,-6.576935164683654e-14,-0.11381894975007632,-0.210971123055652
44.199999999999775,0.8614755179759904,-6.569059765302318e-14,-0.11381894975007645,-0.21097112305565238
44.20999999999977,0.8614755179759894,-6.561213344193313e-14,-0.11381894975007639,-0.21097112305565277
44.21999999999977,0.8614755179759885,-6.553192650781992e-14,-0.11381894975007664,-0.2109711230556532
44.22999999999977,0.8614755179759876,-6.544918358974104e-14,-0.11381894975007667,-0.21097112305565355
44.23999999999977,0.8614755179759869,-6.537139664434993e-14,-0.11381894975007692,-0.2109711230556539
44.249999999999766,0.861475517975986,-6.530063407296273e-14,-0.11381894975007648,-0.2109711230556543
44.25999999999976,0.8614755179759852,-6.522874510525795e-14,-0.11381894975007706,-0.2109711230556547
44.26999999999976,0.8614755179759843,-6.515490789647434e-14,-0.11381894975007721,-0.21097112305565507
44.27999999999976,0.8614755179759835,-6.508216338764744e-14,-0.11381894975007731,-0.2109711230556555
44.28999999999976,0.8614755179759827,-6.501160900958655e-14,-0.11381894975007718,-0.21097112305565588
44.299999999999756,0.8614755179759819,-6.493986769190472e-14,-0.11381894975007775,-0.21097112305565627
44.309999999999754,0.861475517975981,-6.486811562806077e-14,-0.1138189497500773,-0.21097112305565666
44.31999999999975,0.8614755179759802,-6.479715327250049e-14,-0.11381894975007772,-0.21097112305565707
44.32999999999975,0.8614755179759793,-6.472380543308662e-14,-0.11381894975007736,-0.2109711230556575
44.33999999999975,0.8614755179759785,-6.465419164983985e-14,-0.11381894975007747,-0.21097112305565788
44.349999999999746,0.8614755179759777,-6.458192207852663e-14,-0.11381894975007809,-0.2109711230556583
44.359999999999744,0.8614755179759768,-6.450894715513143e-14,-0.11381894975007778,-0.21097112305565868
44.36999999999974,0.8614755179759759,-6.443705993334045e-14,-0.11381894975007802,-0.21097112305565907
44.37999999999974,0.8614755179759749,-6.436310691859952e-14,-0.11381894975007825,-0.2109711230556595
44.38999999999974,0.861475517975974,-6.428290397147113e-14,-0.11381894975007856,-0.2109711230556599
44.399999999999736,0.861475517975973,-6.420092043051471e-14,-0.11381894975007911,-0.21097112305566032
44.409999999999734,0.8614755179759721,-6.411630056385663e-14,-0.11381894975007903,-0.2109711230556607
44.41999999999973,0.8614755179759711,-6.403060809453928e-14,-0.11381894975007922,-0.21097112305566113
44.42999999999973,0.8614755179759702,-6.394126034378797e-14,-0.11381894975007911,-0.21097112305566154
44.43999999999973,0.8614755179759692,-6.385434095463773e-14,-0.11381894975007946,-0.21097112305566193
44.449999999999726,0.8614755179759683,-6.376807966756938e-14,-0.1138189497500795,-0.21097112305566232
44.459999999999724,0.8614755179759673,-6.367898072126213e-14,-0.11381894975007996,-0.21097112305566273
44.46999999999972,0.8614755179759664,-6.358740434717966e-14,-0.11381894975007976,-0.21097112305566312
44.47999999999972,0.8614755179759654,-6.350140418079203e-14,-0.11381894975008021,-0.2109711230556635
44.48999999999972,0.8614755179759646,-6.341733377501215e-14,-0.11381894975008006,-0.21097112305566393
44.499999999999716,0.8614755179759636,-6.333371607018303e-14,-0.11381894975008043,-0.21097112305566432
44.509999999999714,0.8614755179759626,-6.324873260135797e-14,-0.11381894975008039,-0.21097112305566473
44.51999999999971,0.8614755179759617,-6.315975430656346e-14,-0.11381894975008083,-0.21097112305566512
44.52999999999971,0.8614755179759607,-6.307402911172579e-14,-0.1138189497500805,-0.2109711230556655
44.53999999999971,0.8614755179759598,-6.298624949647113e-14,-0.11381894975008103,-0.21097112305566595
44.549999999999706,0.8614755179759588,-6.28976438799116e-14,-0.11381894975008083,-0.21097112305566634
44.559999999999704,0.8614755179759579,-6.280774553750874e-14,-0.1138189497500815,-0.21097112305566676
44.5699999999997,0.8614755179759569,-6.27140413687815e-14,-0.11381894975008197,-0.21097112305566718
44.5799999999997,0.861475517975956,-6.260985853066443e-14,-0.11381894975008196,-0.21097112305566762
44.5899999999997,0.861475517975955,-6.250375627802807e-14,-0.11381894975008228,-0.21097112305566806
44.599999999999696,0.8614755179759541,-6.239242325864833e-14,-0.11381894975008243,-0.21097112305566848
44.609999999999694,0.8614755179759531,-6.227987049138478e-14,-0.11381894975008275,-0.21097112305566892
44.61999999999969,0.8614755179759522,-6.216453268286991e-14,-0.11381894975008293,-0.21097112305566937
44.62999999999969,0.8614755179759512,-6.204619939287914e-14,-0.11381894975008366,-0.21097112305566978
44.63999999999969,0.8614755179759503,-6.191840243581811e-14,-0.11381894975008358,-0.2109711230556702
44.649999999999686,0.8614755179759493,-6.178919367828301e-14,-0.11381894975008414,-0.21097112305567065
44.659999999999684,0.8614755179759485,-6.165633136137171e-14,-0.11381894975008422,-0.2109711230556711
44.66999999999968,0.8614755179759476,-6.151920977517548e-14,-0.11381894975008433,-0.21097112305567148
44.67999999999968,0.8614755179759468,-6.138613683015653e-14,-0.11381894975008447,-0.2109711230556719
44.68999999999968,0.8614755179759459,-6.125282116088664e-14,-0.11381894975008475,-0.21097112305567225
44.699999999999676,0.8614755179759451,-6.112696011541029e-14,-0.11381894975008468,-0.21097112305567262
44.709999999999674,0.8614755179759442,-6.100509185392183e-14,-0.11381894975008507,-0.210971123055673
44.71999999999967,0.8614755179759435,-6.088992114810436e-14,-0.11381894975008466,-0.21097112305567334
44.72999999999967,0.8614755179759426,-6.07902574421571e-14,-0.11381894975008489,-0.2109711230556737
44.73999999999967,0.8614755179759418,-6.069692372426422e-14,-0.11381894975008472,-0.210971123055674
44.749999999999666,0.861475517975941,-6.061198080945256e-14,-0.11381894975008511,-0.2109711230556744
44.759999999999664,0.8614755179759402,-6.052760134396593e-14,-0.11381894975008475,-0.2109711230556747
44.76999999999966,0.8614755179759396,-6.045301521069227e-14,-0.11381894975008497,-0.21097112305567503
44.77999999999966,0.8614755179759388,-6.038666580946344e-14,-0.11381894975008458,-0.2109711230556754
44.78999999999966,0.8614755179759379,-6.031959206080096e-14,-0.11381894975008505,-0.21097112305567572
44.799999999999656,0.8614755179759372,-6.025522252468125e-14,-0.11381894975008501,-0.21097112305567609
44.809999999999654,0.8614755179759365,-6.019667720250553e-14,-0.11381894975008476,-0.2109711230556764
44.81999999999965,0.8614755179759358,-6.014550750026708e-14,-0.11381894975008466,-0.21097112305567675
44.82999999999965,0.861475517975935,-6.009410018615114e-14,-0.11381894975008462,-0.21097112305567708
44.83999999999965,0.8614755179759342,-6.004899190462544e-14,-0.11381894975008484,-0.21097112305567745
44.849999999999646,0.8614755179759336,-6.000185265659973e-14,-0.1138189497500851,-0.21097112305567778
44.859999999999644,0.8614755179759328,-5.995109409679762e-14,-0.11381894975008497,-0.2109711230556781
44.86999999999964,0.8614755179759321,-5.989958130342083e-14,-0.11381894975008516,-0.21097112305567847
44.87999999999964,0.8614755179759314,-5.985146835140667e-14,-0.11381894975008497,-0.2109711230556788
44.88999999999964,0.8614755179759307,-5.98076983330329e-14,-0.11381894975008522,-0.21097112305567917
44.899999999999636,0.8614755179759299,-5.976520842072527e-14,-0.11381894975008516,-0.2109711230556795
44.909999999999634,0.8614755179759291,-5.972162370528031e-14,-0.11381894975008544,-0.21097112305567986
44.91999999999963,0.8614755179759285,-5.967744403398695e-14,-0.11381894975008519,-0.21097112305568025
44.92999999999963,0.8614755179759277,-5.963656905906277e-14,-0.11381894975008539,-0.21097112305568058
44.93999999999963,0.861475517975927,-5.959145259912489e-14,-0.11381894975008544,-0.21097112305568094
44.949999999999626,0.8614755179759263,-5.954986076339587e-14,-0.11381894975008502,-0.2109711230556813
44.959999999999624,0.8614755179759256,-5.950029681380111e-14,-0.11381894975008547,-0.21097112305568166
44.96999999999962,0.8614755179759248,-5.945764543673038e-14,-0.11381894975008536,-0.21097112305568202
44.97999999999962,0.861475517975924,-5.940790827692932e-14,-0.11381894975008564,-0.21097112305568236
44.98999999999962,0.8614755179759234,-5.936215332553515e-14,-0.11381894975008561,-0.21097112305568277
44.999999999999616,0.8614755179759226,-5.930933804195962e-14,-0.11381894975008577,-0.2109711230556831
45.009999999999614,0.8614755179759219,-5.92586110159909e-14,-0.11381894975008561,-0.2109711230556835
45.01999999999961,0.8614755179759211,-5.920410514477433e-14,-0.11381894975008605,-0.21097112305568386
45.02999999999961,0.8614755179759205,-5.915320396447344e-14,-0.11381894975008561,-0.2109711230556842
45.03999999999961,0.8614755179759197,-5.909929992212419e-14,-0.11381894975008618,-0.21097112305568455
45.049999999999606,0.861475517975919,-5.904810673261203e-14,-0.11381894975008587,-0.21097112305568488
45.059999999999604,0.8614755179759183,-5.900069721330708e-14,-0.11381894975008604,-0.21097112305568524
45.0699999999996,0.8614755179759175,-5.895985577109054e-14,-0.11381894975008591,-0.21097112305568563
45.0799999999996,0.8614755179759168,-5.89130637250321e-14,-0.1138189497500861,-0.21097112305568597
45.0899999999996,0.861475517975916,-5.886854966152305e-14,-0.113818949750086,-0.21097112305568635
45.099999999999596,0.8614755179759154,-5.881991468558977e-14,-0.11381894975008588,-0.21097112305568672
45.109999999999594,0.8614755179759146,-5.876848953977309e-14,-0.11381894975008634,-0.21097112305568708
45.11999999999959,0.8614755179759139,-5.871601088621619e-14,-0.11381894975008627,-0.21097112305568744
45.12999999999959,0.8614755179759132,-5.865808550510493e-14,-0.11381894975008654,-0.21097112305568777
45.13999999999959,0.8614755179759124,-5.860545905741368e-14,-0.1138189497500864,-0.21097112305568816
45.14999999999959,0.8614755179759117,-5.85514130629818e-14,-0.11381894975008651,-0.2109711230556885
45.159999999999584,0.8614755179759109,-5.849952368981654e-14,-0.11381894975008668,-0.21097112305568885
45.16999999999958,0.8614755179759103,-5.845202217432496e-14,-0.11381894975008669,-0.21097112305568919
45.17999999999958,0.8614755179759095,-5.84015672910265e-14,-0.11381894975008655,-0.21097112305568955
45.18999999999958,0.8614755179759088,-5.835186253119113e-14,-0.113818949750087,-0.21097112305568988
45.19999999999958,0.861475517975908,-5.82996011569174e-14,-0.11381894975008663,-0.2109711230556902
45.209999999999575,0.8614755179759073,-5.824806380781123e-14,-0.11381894975008686,-0.21097112305569057
45.21999999999957,0.8614755179759066,-5.819373023902973e-14,-0.11381894975008748,-0.2109711230556909
45.22999999999957,0.8614755179759058,-5.813759031614564e-14,-0.11381894975008702,-0.21097112305569127
45.23999999999957,0.8614755179759052,-5.807396589140775e-14,-0.11381894975008768,-0.21097112305569163
45.24999999999957,0.8614755179759044,-5.800742551309781e-14,-0.11381894975008736,-0.210971123055692
45.259999999999565,0.8614755179759037,-5.794369544703434e-14,-0.11381894975008745,-0.21097112305569232
45.26999999999956,0.8614755179759029,-5.787405109150637e-14,-0.11381894975008795,-0.21097112305569266
45.27999999999956,0.8614755179759022,-5.780200424487556e-14,-0.11381894975008813,-0.21097112305569302
45.28999999999956,0.8614755179759015,-5.772793248522457e-14,-0.11381894975008809,-0.21097112305569332
45.29999999999956,0.8614755179759007,-5.766195799753207e-14,-0.11381894975008808,-0.21097112305569368
45.309999999999555,0.8614755179759,-5.759154622708846e-14,-0.11381894975008824,-0.21097112305569402
45.31999999999955,0.8614755179758993,-5.752177988949206e-14,-0.11381894975008777,-0.21097112305569435
45.32999999999955,0.8614755179758985,-5.745929580356083e-14,-0.11381894975008836,-0.21097112305569468
45.33999999999955,0.8614755179758978,-5.739356791617403e-14,-0.11381894975008838,-0.210971123055695
45.34999999999955,0.861475517975897,-5.733107777709709e-14,-0.11381894975008847,-0.21097112305569532
45.359999999999545,0.8614755179758964,-5.727020182510966e-14,-0.11381894975008842,-0.21097112305569565
45.36999999999954,0.8614755179758956,-5.720963844878032e-14,-0.11381894975008844,-0.21097112305569599
45.37999999999954,0.8614755179758948,-5.715170296853296e-14,-0.11381894975008874,-0.21097112305569632
45.38999999999954,0.8614755179758942,-5.708943766092599e-14,-0.1138189497500884,-0.21097112305569668
45.39999999999954,0.8614755179758934,-5.702858857847516e-14,-0.1138189497500888,-0.21097112305569699
45.409999999999535,0.8614755179758926,-5.696776185621461e-14,-0.11381894975008908,-0.21097112305569735
45.41999999999953,0.861475517975892,-5.69026982360586e-14,-0.11381894975008894,-0.21097112305569765
45.42999999999953,0.8614755179758912,-5.6842405597102246e-14,-0.11381894975008904,-0.210971123055698
45.43999999999953,0.8614755179758905,-5.678218142174463e-14,-0.11381894975008927,-0.21097112305569835
45.44999999999953,0.8614755179758897,-5.671810820778758e-14,-0.1138189497500891,-0.21097112305569865
45.459999999999525,0.861475517975889,-5.6655386598915694e-14,-0.1138189497500896,-0.210971123055699
45.46999999999952,0.8614755179758883,-5.659270382009975e-14,-0.11381894975008972,-0.21097112305569934
45.47999999999952,0.8614755179758875,-5.652333155150313e-14,-0.1138189497500901,-0.21097112305569968
45.48999999999952,0.8614755179758868,-5.6457323309423025e-14,-0.11381894975008966,-0.21097112305569998
45.49999999999952,0.8614755179758861,-5.639579431435976e-14,-0.11381894975008999,-0.21097112305570034
45.509999999999515,0.8614755179758853,-5.6328175459188687e-14,-0.11381894975009031,-0.21097112305570065
45.51999999999951,0.8614755179758846,-5.626133294952747e-14,-0.11381894975008987,-0.21097112305570098
45.52999999999951,0.8614755179758838,-5.619652928433212e-14,-0.11381894975009037,-0.21097112305570132
45.53999999999951,0.8614755179758832,-5.612893685460183e-14,-0.11381894975009021,-0.21097112305570162
45.54999999999951,0.8614755179758824,-5.6059529154704685e-14,-0.11381894975009045,-0.21097112305570193
45.559999999999505,0.8614755179758816,-5.59915509468524e-14,-0.1138189497500903,-0.21097112305570226
45.5699999999995,0.861475517975881,-5.5918682355063435e-14,-0.11381894975009066,-0.2109711230557026
45.5799999999995,0.8614755179758802,-5.585050162515877e-14,-0.11381894975009099,-0.2109711230557029
45.5899999999995,0.8614755179758794,-5.5785691283734696e-14,-0.11381894975009078,-0.21097112305570323
45.5999999999995,0.8614755179758787,-5.571908344235254e-14,-0.11381894975009116,-0.21097112305570356
45.609999999999495,0.861475517975878,-5.5648654782731024e-14,-0.1138189497500912,-0.2109711230557039
45.61999999999949,0.8614755179758773,-5.5578471311665456e-14,-0.11381894975009146,-0.2109711230557042
45.62999999999949,0.8614755179758765,-5.550992339511777e-14,-0.11381894975009141,-0.21097112305570453
45.63999999999949,0.8614755179758757,-5.544731897333594e-14,-0.11381894975009128,-0.21097112305570487
45.64999999999949,0.8614755179758751,-5.537957478063191e-14,-0.11381894975009167,-0.2109711230557052
45.659999999999485,0.8614755179758743,-5.5319306791778665e-14,-0.11381894975009134,-0.21097112305570553
45.66999999999948,0.8614755179758735,-5.5252807297711566e-14,-0.11381894975009178,-0.21097112305570584
45.67999999999948,0.8614755179758729,-5.518999706855473e-14,-0.11381894975009173,-0.2109711230557062
45.68999999999948,0.8614755179758721,-5.512156636391947e-14,-0.11381894975009216,-0.21097112305570653
45.69999999999948,0.8614755179758714,-5.5046210109104945e-14,-0.11381894975009225,-0.21097112305570684
45.709999999999475,0.8614755179758706,-5.4968428019005165e-14,-0.11381894975009241,-0.21097112305570714
45.71999999999947,0.8614755179758699,-5.489447022337299e-14,-0.11381894975009232,-0.21097112305570748
45.72999999999947,0.8614755179758692,-5.481976856475018e-14,-0.11381894975009263,-0.21097112305570778
45.73999999999947,0.8614755179758684,-5.474743029358269e-14,-0.1138189497500923,-0.21097112305570812
45.74999999999947,0.8614755179758677,-5.4681343158160564e-14,-0.11381894975009296,-0.21097112305570842
45.759999999999465,0.861475517975867,-5.461571394045654e-14,-0.11381894975009244,-0.21097112305570875
45.76999999999946,0.8614755179758662,-5.455475463148786e-14,-0.11381894975009292,-0.2109711230557091
45.77999999999946,0.8614755179758655,-5.448518352987294e-14,-0.11381894975009342,-0.21097112305570942
45.78999999999946,0.8614755179758647,-5.441691477873612e-14,-0.11381894975009302,-0.21097112305570975
45.79999999999946,0.861475517975864,-5.434559674929176e-14,-0.11381894975009343,-0.21097112305571006
45.809999999999455,0.8614755179758633,-5.428034111606817e-14,-0.11381894975009302,-0.21097112305571036
45.81999999999945,0.8614755179758625,-5.4215769678345916e-14,-0.1138189497500938,-0.21097112305571072
45.82999999999945,0.8614755179758619,-5.4139248816174715e-14,-0.11381894975009368,-0.21097112305571103
45.83999999999945,0.8614755179758611,-5.407343734906335e-14,-0.1138189497500936,-0.21097112305571133
45.84999999999945,0.8614755179758603,-5.4003091232229766e-14,-0.11381894975009398,-0.2109711230557117
45.859999999999445,0.8614755179758596,-5.3933756323349506e-14,-0.11381894975009411,-0.210971123055712
45.86999999999944,0.8614755179758589,-5.3867994247049466e-14,-0.11381894975009395,-0.21097112305571236
45.87999999999944,0.8614755179758582,-5.3794911142669404e-14,-0.11381894975009435,-0.21097112305571267
45.88999999999944,0.8614755179758574,-5.3724349593417994e-14,-0.1138189497500942,-0.21097112305571303
45.89999999999944,0.8614755179758566,-5.364994327734664e-14,-0.11381894975009459,-0.21097112305571333
45.909999999999435,0.861475517975856,-5.357616170907404e-14,-0.11381894975009496,-0.21097112305571367
45.91999999999943,0.8614755179758552,-5.35092470317939e-14,-0.11381894975009478,-0.210971123055714
45.92999999999943,0.8614755179758544,-5.343254376100418e-14,-0.11381894975009499,-0.21097112305571433
45.93999999999943,0.8614755179758538,-5.336117720965005e-14,-0.11381894975009466,-0.21097112305571464
45.94999999999943,0.861475517975853,-5.329469137631707e-14,-0.11381894975009513,-0.21097112305571494
45.959999999999425,0.8614755179758523,-5.323094979922471e-14,-0.11381894975009506,-0.21097112305571525
45.96999999999942,0.8614755179758515,-5.316673211671834e-14,-0.11381894975009511,-0.21097112305571558
45.97999999999942,0.8614755179758509,-5.310010830885471e-14,-0.11381894975009535,-0.21097112305571586
45.98999999999942,0.8614755179758502,-5.30422384052562e-14,-0.11381894975009499,-0.2109711230557162
45.99999999999942,0.8614755179758494,-5.298464249337442e-14,-0.11381894975009524,-0.2109711230557165
46.009999999999415,0.8614755179758488,-5.2925903011552654e-14,-0.11381894975009532,-0.2109711230557168
46.01999999999941,0.8614755179758482,-5.2871346406089094e-14,-0.11381894975009536,-0.21097112305571705
46.02999999999941,0.8614755179758475,-5.2817558362405414e-14,-0.11381894975009547,-0.21097112305571739
46.03999999999941,0.8614755179758468,-5.276143746174984e-14,-0.11381894975009563,-0.2109711230557177
46.04999999999941,0.8614755179758462,-5.270171674374471e-14,-0.11381894975009565,-0.210971123055718
46.059999999999405,0.8614755179758455,-5.2650883132768945e-14,-0.11381894975009585,-0.21097112305571827
46.0699999999994,0.8614755179758449,-5.2602632046701674e-14,-0.11381894975009588,-0.21097112305571858
46.0799999999994,0.8614755179758443,-5.255034796825431e-14,-0.11381894975009604,-0.2109711230557189
46.0899999999994,0.8614755179758437,-5.2491618384280966e-14,-0.11381894975009586,-0.2109711230557192
46.0999999999994,0.8614755179758431,-5.243417024721942e-14,-0.113818949750096,-0.2109711230557195
46.109999999999395,0.8614755179758424,-5.2381713140497573e-14,-0.11381894975009574,-0.2109711230557198
46.11999999999939,0.8614755179758418,-5.233321602840537e-14,-0.11381894975009597,-0.2109711230557201
46.12999999999939,0.8614755179758412,-5.2282977887010474e-14,-0.11381894975009618,-0.2109711230557204
46.13999999999939,0.8614755179758405,-5.222859302084513e-14,-0.11381894975009602,-0.21097112305572074
46.14999999999939,0.8614755179758399,-5.217148565944072e-14,-0.11381894975009665,-0.21097112305572102
46.159999999999386,0.8614755179758393,-5.211506170056402e-14,-0.11381894975009638,-0.2109711230557213
46.16999999999938,0.8614755179758387,-5.2059302792157827e-14,-0.11381894975009618,-0.2109711230557216
46.17999999999938,0.8614755179758381,-5.200560074041104e-14,-0.11381894975009638,-0.2109711230557219
46.18999999999938,0.8614755179758374,-5.194519961924364e-14,-0.11381894975009668,-0.21097112305572222
46.19999999999938,0.8614755179758368,-5.1889663555175993e-14,-0.11381894975009649,-0.2109711230557225
46.209999999999376,0.8614755179758362,-5.1838055402281e-14,-0.1138189497500967,-0.21097112305572283
46.219999999999374,0.8614755179758355,-5.1779965816528726e-14,-0.11381894975009675,-0.2109711230557231
46.22999999999937,0.8614755179758349,-5.1727616009028984e-14,-0.11381894975009697,-0.21097112305572344
46.23999999999937,0.8614755179758343,-5.167129662869509e-14,-0.11381894975009688,-0.2109711230557237
46.24999999999937,0.8614755179758337,-5.161936546854939e-14,-0.11381894975009707,-0.21097112305572405
46.259999999999366,0.861475517975833,-5.156643736871417e-14,-0.11381894975009707,-0.21097112305572432
46.269999999999364,0.8614755179758324,-5.152000667828937e-14,-0.11381894975009721,-0.21097112305572466
46.27999999999936,0.8614755179758318,-5.146388570180961e-14,-0.11381894975009738,-0.21097112305572496
46.28999999999936,0.8614755179758312,-5.139875528264377e-14,-0.11381894975009756,-0.21097112305572527
46.29999999999936,0.8614755179758306,-5.1338834502456453e-14,-0.11381894975009701,-0.21097112305572555
46.309999999999356,0.8614755179758299,-5.128491814649695e-14,-0.11381894975009729,-0.21097112305572582
46.319999999999354,0.8614755179758293,-5.1235296320819884e-14,-0.11381894975009771,-0.21097112305572613
46.32999999999935,0.8614755179758287,-5.118310409011944e-14,-0.11381894975009754,-0.21097112305572643
46.33999999999935,0.861475517975828,-5.113015674932589e-14,-0.1138189497500976,-0.2109711230557267
46.34999999999935,0.8614755179758274,-5.107531566915628e-14,-0.11381894975009765,-0.21097112305572704
46.359999999999346,0.8614755179758268,-5.101379949718814e-14,-0.11381894975009799,-0.21097112305572732
46.369999999999344,0.8614755179758261,-5.095777782634926e-14,-0.11381894975009797,-0.21097112305572763
46.37999999999934,0.8614755179758256,-5.0899042812474464e-14,-0.11381894975009807,-0.21097112305572793
46.38999999999934,0.8614755179758249,-5.083548927425511e-14,-0.11381894975009846,-0.21097112305572824
46.39999999999934,0.8614755179758242,-5.0766789352644173e-14,-0.11381894975009879,-0.21097112305572852
46.409999999999336,0.8614755179758237,-5.0700331329317607e-14,-0.11381894975009826,-0.2109711230557288
46.419999999999334,0.861475517975823,-5.063745298160396e-14,-0.11381894975009879,-0.21097112305572907
46.42999999999933,0.8614755179758224,-5.057325672744541e-14,-0.11381894975009832,-0.21097112305572938
46.43999999999933,0.8614755179758218,-5.050983857357876e-14,-0.11381894975009874,-0.21097112305572965
46.44999999999933,0.8614755179758211,-5.045170417021772e-14,-0.11381894975009889,-0.21097112305572996
46.459999999999326,0.8614755179758206,-5.0392567732324026e-14,-0.11381894975009879,-0.21097112305573024
46.469999999999324,0.8614755179758199,-5.033313934364914e-14,-0.1138189497500988,-0.21097112305573054
46.47999999999932,0.8614755179758192,-5.0273986412304026e-14,-0.11381894975009926,-0.2109711230557308
46.48999999999932,0.8614755179758187,-5.021491849860351e-14,-0.11381894975009874,-0.2109711230557311
46.49999999999932,0.861475517975818,-5.015826518773419e-14,-0.11381894975009918,-0.21097112305573137
46.509999999999316,0.8614755179758173,-5.0102323782871035e-14,-0.11381894975009885,-0.21097112305573168
46.519999999999314,0.8614755179758168,-5.0046215597977896e-14,-0.11381894975009925,-0.21097112305573196
46.52999999999931,0.8614755179758161,-4.999057538167762e-14,-0.11381894975009947,-0.2109711230557323
46.53999999999931,0.8614755179758155,-4.992443594544188e-14,-0.1138189497500994,-0.21097112305573257
46.54999999999931,0.8614755179758149,-4.985855762045002e-14,-0.11381894975009965,-0.21097112305573287
46.559999999999306,0.8614755179758141,-4.9792753332034456e-14,-0.1138189497500999,-0.21097112305573315
46.569999999999304,0.8614755179758133,-4.971934482758716e-14,-0.11381894975010018,-0.21097112305573348
46.5799999999993,0.8614755179758127,-4.964112114134933e-14,-0.11381894975010048,-0.2109711230557338
46.5899999999993,0.8614755179758119,-4.956191009575328e-14,-0.11381894975010096,-0.21097112305573412
46.5999999999993,0.8614755179758111,-4.94809099640202e-14,-0.11381894975010085,-0.21097112305573443
46.609999999999296,0.8614755179758105,-4.939810721531739e-14,-0.11381894975010091,-0.21097112305573476
46.619999999999294,0.8614755179758097,-4.9309670836930867e-14,-0.11381894975010132,-0.21097112305573507
46.62999999999929,0.861475517975809,-4.9220866414866045e-14,-0.11381894975010176,-0.21097112305573537
46.63999999999929,0.8614755179758082,-4.9128364049155935e-14,-0.1138189497501017,-0.21097112305573568
46.64999999999929,0.8614755179758075,-4.903416152151212e-14,-0.11381894975010187,-0.210971123055736
46.659999999999286,0.8614755179758068,-4.893957955142794e-14,-0.11381894975010233,-0.21097112305573631
46.669999999999284,0.861475517975806,-4.883921893471346e-14,-0.1138189497501024,-0.21097112305573665
46.67999999999928,0.8614755179758052,-4.8739595140986035e-14,-0.11381894975010243,-0.21097112305573695
46.68999999999928,0.8614755179758046,-4.863606705105759e-14,-0.11381894975010273,-0.2109711230557373
46.69999999999928,0.8614755179758038,-4.8532196533616015e-14,-0.11381894975010313,-0.2109711230557376
46.709999999999276,0.861475517975803,-4.8428161591531854e-14,-0.11381894975010323,-0.2109711230557379
46.719999999999274,0.8614755179758024,-4.832232709295872e-14,-0.11381894975010377,-0.2109711230557382
46.72999999999927,0.8614755179758016,-4.8214766811402616e-14,-0.11381894975010397,-0.21097112305573854
46.73999999999927,0.8614755179758009,-4.8102233327338754e-14,-0.11381894975010383,-0.21097112305573884
46.74999999999927,0.8614755179758001,-4.7989632814161273e-14,-0.11381894975010419,-0.21097112305573917
46.759999999999266,0.8614755179757994,-4.787912934135803e-14,-0.11381894975010466,-0.21097112305573948
46.769999999999264,0.8614755179757987,-4.7765299923625663e-14,-0.11381894975010459,-0.21097112305573978
46.77999999999926,0.8614755179757979,-4.7656265813963595e-14,-0.11381894975010479,-0.2109711230557401
46.78999999999926,0.8614755179757971,-4.754688715416564e-14,-0.11381894975010516,-0.2109711230557404
46.79999999999926,0.8614755179757965,-4.7441250063561237e-14,-0.11381894975010524,-0.2109711230557407
46.809999999999256,0.8614755179757957,-4.73402692677795e-14,-0.11381894975010504,-0.21097112305574098
46.819999999999254,0.8614755179757949,-4.724538966379541e-14,-0.11381894975010551,-0.21097112305574126
46.82999999999925,0.8614755179757942,-4.7159561131721824e-14,-0.11381894975010565,-0.21097112305574156
46.83999999999925,0.8614755179757936,-4.7077533245349615e-14,-0.11381894975010536,-0.2109711230557418
46.84999999999925,0.8614755179757929,-4.70001480170318e-14,-0.1138189497501054,-0.21097112305574206
46.859999999999246,0.8614755179757924,-4.692114437945324e-14,-0.11381894975010552,-0.2109711230557423
46.869999999999244,0.8614755179757917,-4.685656236734724e-14,-0.11381894975010527,-0.2109711230557426
46.87999999999924,0.861475517975791,-4.67973411315855e-14,-0.11381894975010545,-0.21097112305574287
46.88999999999924,0.8614755179757905,-4.6732761787331766e-14,-0.11381894975010569,-0.21097112305574314
46.89999999999924,0.8614755179757898,-4.6668472044127985e-14,-0.11381894975010584,-0.21097112305574342
46.909999999999236,0.8614755179757891,-4.660623583315459e-14,-0.11381894975010586,-0.21097112305574373
46.919999999999234,0.8614755179757886,-4.6542370731170313e-14,-0.11381894975010638,-0.21097112305574403
46.92999999999923,0.8614755179757879,-4.647740310005174e-14,-0.11381894975010579,-0.2109711230557443
46.93999999999923,0.8614755179757873,-4.641373638448808e-14,-0.1138189497501062,-0.21097112305574456
46.94999999999923,0.8614755179757867,-4.6354581382999834e-14,-0.11381894975010652,-0.21097112305574484
46.959999999999226,0.861475517975786,-4.629401000113252e-14,-0.11381894975010629,-0.21097112305574514
46.969999999999224,0.8614755179757854,-4.623032051621707e-14,-0.11381894975010637,-0.21097112305574542
46.97999999999922,0.8614755179757848,-4.6169476255128484e-14,-0.11381894975010695,-0.21097112305574572
46.98999999999922,0.8614755179757841,-4.611017468071952e-14,-0.11381894975010667,-0.210971123055746
46.99999999999922,0.8614755179757835,-4.605009032781449e-14,-0.11381894975010715,-0.2109711230557463
47.009999999999216,0.8614755179757829,-4.5992577000422506e-14,-0.11381894975010688,-0.21097112305574656
47.019999999999214,0.8614755179757823,-4.593835031545484e-14,-0.11381894975010663,-0.21097112305574686
47.02999999999921,0.8614755179757816,-4.588730810661733e-14,-0.11381894975010688,-0.21097112305574714
47.03999999999921,0.861475517975781,-4.5837588993528534e-14,-0.11381894975010665,-0.21097112305574744
47.04999999999921,0.8614755179757804,-4.5784819376863295e-14,-0.11381894975010719,-0.21097112305574772
47.05999999999921,0.8614755179757797,-4.5735079975198925e-14,-0.11381894975010733,-0.21097112305574803
47.069999999999204,0.8614755179757791,-4.5680221419284574e-14,-0.11381894975010726,-0.2109711230557483
47.0799999999992,0.8614755179757785,-4.5628695764866563e-14,-0.11381894975010726,-0.21097112305574858
47.0899999999992,0.8614755179757778,-4.5577186479441665e-14,-0.11381894975010724,-0.21097112305574886
47.0999999999992,0.8614755179757773,-4.552499774691297e-14,-0.11381894975010738,-0.21097112305574917
47.1099999999992,0.8614755179757766,-4.5478031342324e-14,-0.11381894975010777,-0.21097112305574947
47.119999999999195,0.8614755179757759,-4.5430813131020495e-14,-0.11381894975010734,-0.21097112305574975
47.12999999999919,0.8614755179757754,-4.538153859119681e-14,-0.11381894975010766,-0.21097112305575005
47.13999999999919,0.8614755179757747,-4.5327806555719683e-14,-0.11381894975010758,-0.2109711230557503
47.14999999999919,0.861475517975774,-4.527337958059719e-14,-0.11381894975010803,-0.2109711230557506
47.15999999999919,0.8614755179757735,-4.521973050358601e-14,-0.11381894975010803,-0.2109711230557509
47.169999999999185,0.8614755179757728,-4.5162373760960986e-14,-0.113818949750108,-0.2109711230557512
47.17999999999918,0.8614755179757722,-4.5105797685318667e-14,-0.11381894975010808,-0.21097112305575147
47.18999999999918,0.8614755179757716,-4.505269050471647e-14,-0.11381894975010842,-0.21097112305575177
47.19999999999918,0.8614755179757709,-4.4997251573793997e-14,-0.11381894975010817,-0.21097112305575205
47.20999999999918,0.8614755179757703,-4.494137966993188e-14,-0.11381894975010871,-0.21097112305575233
47.219999999999175,0.8614755179757697,-4.488356115789056e-14,-0.11381894975010895,-0.2109711230557526
47.22999999999917,0.861475517975769,-4.4824452692043904e-14,-0.11381894975010848,-0.2109711230557529
47.23999999999917,0.8614755179757684,-4.4767643702906573e-14,-0.11381894975010878,-0.2109711230557532
47.24999999999917,0.8614755179757678,-4.470840017788484e-14,-0.11381894975010877,-0.2109711230557535
47.25999999999917,0.8614755179757672,-4.465365194707343e-14,-0.11381894975010881,-0.21097112305575377
47.269999999999165,0.8614755179757665,-4.459649465459549e-14,-0.113818949750109,-0.21097112305575408
47.27999999999916,0.8614755179757659,-4.454169688788342e-14,-0.11381894975010881,-0.21097112305575433
47.28999999999916,0.8614755179757653,-4.4491370351395826e-14,-0.11381894975010892,-0.21097112305575458
47.29999999999916,0.8614755179757646,-4.4445487320335986e-14,-0.11381894975010914,-0.21097112305575483
47.30999999999916,0.861475517975764,-4.44003652498375e-14,-0.11381894975010884,-0.2109711230557551
47.319999999999155,0.8614755179757634,-4.435693259709054e-14,-0.11381894975010931,-0.21097112305575538
47.32999999999915,0.8614755179757627,-4.431044953640821e-14,-0.11381894975010884,-0.21097112305575563
47.33999999999915,0.8614755179757622,-4.427531990591495e-14,-0.11381894975010909,-0.21097112305575588
47.34999999999915,0.8614755179757615,-4.423943323659955e-14,-0.11381894975010905,-0.21097112305575613
47.35999999999915,0.8614755179757608,-4.4203324068937953e-14,-0.1138189497501091,-0.21097112305575644
47.369999999999145,0.8614755179757602,-4.4167613134515997e-14,-0.11381894975010931,-0.21097112305575672
47.37999999999914,0.8614755179757596,-4.413086462167862e-14,-0.1138189497501096,-0.21097112305575694
47.38999999999914,0.8614755179757589,-4.4097866189716474e-14,-0.11381894975010916,-0.21097112305575724
47.39999999999914,0.8614755179757583,-4.406080473407191e-14,-0.11381894975010971,-0.2109711230557575
47.40999999999914,0.8614755179757577,-4.4018661373896466e-14,-0.11381894975011,-0.21097112305575774
47.419999999999135,0.861475517975757,-4.397651132193039e-14,-0.11381894975010949,-0.210971123055758
47.42999999999913,0.8614755179757564,-4.393162176856406e-14,-0.11381894975010992,-0.21097112305575827
47.43999999999913,0.8614755179757558,-4.3885345954737043e-14,-0.11381894975011006,-0.21097112305575852
47.44999999999913,0.8614755179757552,-4.384341590763492e-14,-0.1138189497501097,-0.21097112305575877
47.45999999999913,0.8614755179757545,-4.3803400556564574e-14,-0.11381894975010987,-0.21097112305575905
47.469999999999125,0.8614755179757538,-4.376171180816008e-14,-0.1138189497501102,-0.21097112305575927
47.47999999999912,0.8614755179757533,-4.372389750265917e-14,-0.11381894975010984,-0.21097112305575955
47.48999999999912,0.8614755179757526,-4.3686231851868764e-14,-0.11381894975011017,-0.2109711230557598
47.49999999999912,0.861475517975752,-4.365001066009122e-14,-0.11381894975011028,-0.21097112305576005
47.50999999999912,0.8614755179757514,-4.361137105940474e-14,-0.11381894975010984,-0.21097112305576032
47.519999999999115,0.8614755179757507,-4.357459416318757e-14,-0.11381894975011025,-0.2109711230557606
47.52999999999911,0.8614755179757501,-4.3532801066139284e-14,-0.11381894975011037,-0.21097112305576085
47.53999999999911,0.8614755179757495,-4.3492186292885106e-14,-0.113818949750111,-0.2109711230557611
47.54999999999911,0.8614755179757488,-4.344736279899609e-14,-0.11381894975011064,-0.21097112305576138
47.55999999999911,0.8614755179757482,-4.340503812879487e-14,-0.11381894975011103,-0.2109711230557616
47.569999999999105,0.8614755179757475,-4.336036168360296e-14,-0.11381894975011107,-0.21097112305576188
47.5799999999991,0.861475517975747,-4.331491780319129e-14,-0.11381894975011099,-0.21097112305576216
47.5899999999991,0.8614755179757463,-4.326949265308096e-14,-0.11381894975011086,-0.21097112305576238
47.5999999999991,0.8614755179757456,-4.3222841067808644e-14,-0.11381894975011123,-0.21097112305576265
47.6099999999991,0.8614755179757451,-4.317682744862394e-14,-0.11381894975011109,-0.2109711230557629
47.619999999999095,0.8614755179757444,-4.312665220821969e-14,-0.1138189497501115,-0.21097112305576315
47.62999999999909,0.8614755179757437,-4.3078286956324057e-14,-0.11381894975011145,-0.2109711230557634
47.63999999999909,0.8614755179757431,-4.3031074151831733e-14,-0.11381894975011128,-0.21097112305576368
47.64999999999909,0.8614755179757426,-4.298544948493287e-14,-0.1138189497501113,-0.2109711230557639
47.65999999999909,0.8614755179757421,-4.294687593088008e-14,-0.11381894975011161,-0.21097112305576413
47.669999999999085,0.8614755179757415,-4.2915786545548014e-14,-0.11381894975011114,-0.21097112305576438
47.67999999999908,0.861475517975741,-4.288322451134964e-14,-0.11381894975011136,-0.2109711230557646
47.68999999999908,0.8614755179757405,-4.2861657029932366e-14,-0.11381894975011146,-0.21097112305576482
47.69999999999908,0.86147551797574,-4.2838740177693074e-14,-0.11381894975011102,-0.21097112305576507
47.70999999999908,0.8614755179757394,-4.2818059164659495e-14,-0.11381894975011113,-0.21097112305576526
47.719999999999075,0.861475517975739,-4.2794139664680327e-14,-0.1138189497501109,-0.2109711230557655
47.72999999999907,0.8614755179757384,-4.276980464422517e-14,-0.11381894975011135,-0.2109711230557658
47.73999999999907,0.8614755179757378,-4.2739994499190964e-14,-0.11381894975011156,-0.21097112305576604
47.74999999999907,0.8614755179757373,-4.270832798525571e-14,-0.11381894975011143,-0.21097112305576626
47.75999999999907,0.8614755179757368,-4.267740958753649e-14,-0.11381894975011134,-0.21097112305576649
47.769999999999065,0.8614755179757363,-4.2648203408938786e-14,-0.1138189497501115,-0.21097112305576676
47.77999999999906,0.8614755179757357,-4.261911609290058e-14,-0.11381894975011142,-0.210971123055767
47.78999999999906,0.8614755179757353,-4.258450840186695e-14,-0.11381894975011136,-0.21097112305576723
47.79999999999906,0.8614755179757347,-4.255496545527128e-14,-0.11381894975011174,-0.2109711230557675
47.80999999999906,0.8614755179757342,-4.252167243658297e-14,-0.11381894975011175,-0.21097112305576776
47.819999999999055,0.8614755179757337,-4.248433358760243e-14,-0.11381894975011184,-0.210971123055768
47.82999999999905,0.8614755179757332,-4.244924908318967e-14,-0.11381894975011192,-0.21097112305576823
47.83999999999905,0.8614755179757326,-4.241149362643783e-14,-0.11381894975011182,-0.21097112305576848
47.84999999999905,0.8614755179757321,-4.237553831822501e-14,-0.11381894975011184,-0.21097112305576876
47.85999999999905,0.8614755179757316,-4.234033631070909e-14,-0.11381894975011236,-0.210971123055769
47.869999999999045,0.8614755179757311,-4.2297606418572173e-14,-0.11381894975011171,-0.21097112305576923
47.87999999999904,0.8614755179757305,-4.2261010107364546e-14,-0.11381894975011213,-0.21097112305576946
47.88999999999904,0.8614755179757301,-4.2223840897805195e-14,-0.11381894975011184,-0.21097112305576973
47.89999999999904,0.8614755179757295,-4.218498241635958e-14,-0.11381894975011236,-0.21097112305577
47.90999999999904,0.861475517975729,-4.214541793627512e-14,-0.11381894975011211,-0.2109711230557702
47.919999999999035,0.8614755179757285,-4.211097784518011e-14,-0.11381894975011203,-0.21097112305577048
47.92999999999903,0.861475517975728,-4.207401594787868e-14,-0.11381894975011239,-0.21097112305577073
47.93999999999903,0.8614755179757274,-4.2038146121830904e-14,-0.11381894975011277,-0.210971123055771
47.94999999999903,0.8614755179757269,-4.199749391198853e-14,-0.11381894975011235,-0.21097112305577123
47.95999999999903,0.8614755179757264,-4.196151663273077e-14,-0.11381894975011236,-0.21097112305577148
47.969999999999025,0.8614755179757259,-4.192050432561104e-14,-0.11381894975011263,-0.21097112305577173
47.97999999999902,0.8614755179757253,-4.188905827847742e-14,-0.11381894975011213,-0.21097112305577195
47.98999999999902,0.8614755179757249,-4.185798133479274e-14,-0.11381894975011253,-0.2109711230557722
47.99999999999902,0.8614755179757243,-4.1821272317611654e-14,-0.1138189497501127,-0.21097112305577248
48.00999999999902,0.8614755179757237,-4.178437240709938e-14,-0.11381894975011267,-0.21097112305577273
48.019999999999015,0.8614755179757233,-4.1744488800784734e-14,-0.11381894975011282,-0.210971123055773
48.02999999999901,0.8614755179757227,-4.1705037789198674e-14,-0.11381894975011321,-0.21097112305577323
48.03999999999901,0.8614755179757222,-4.166741083311368e-14,-0.11381894975011263,-0.21097112305577345
48.04999999999901,0.8614755179757216,-4.1627361898370516e-14,-0.11381894975011304,-0.2109711230557737
48.05999999999901,0.8614755179757212,-4.158954249592357e-14,-0.11381894975011275,-0.21097112305577395
48.069999999999006,0.8614755179757206,-4.155095500402443e-14,-0.11381894975011303,-0.21097112305577417
48.079999999999,0.8614755179757201,-4.15086432910292e-14,-0.11381894975011302,-0.2109711230557744
48.089999999999,0.8614755179757196,-4.1471928317119956e-14,-0.1138189497501135,-0.21097112305577467
48.099999999999,0.8614755179757191,-4.1429780077381905e-14,-0.11381894975011303,-0.21097112305577487
48.109999999999,0.8614755179757185,-4.1387151538826174e-14,-0.1138189497501135,-0.21097112305577512
48.119999999998996,0.861475517975718,-4.133929223508006e-14,-0.11381894975011296,-0.2109711230557754
48.129999999998994,0.8614755179757175,-4.129909130353886e-14,-0.11381894975011336,-0.21097112305577562
48.13999999999899,0.861475517975717,-4.125502939367784e-14,-0.1138189497501138,-0.21097112305577587
48.14999999999899,0.8614755179757164,-4.120966174379447e-14,-0.11381894975011357,-0.2109711230557761
48.15999999999899,0.861475517975716,-4.1168603285137676e-14,-0.11381894975011349,-0.21097112305577634
48.169999999998986,0.8614755179757154,-4.112708332853633e-14,-0.11381894975011383,-0.21097112305577656
48.179999999998984,0.8614755179757149,-4.108307694041278e-14,-0.11381894975011346,-0.21097112305577678
48.18999999999898,0.8614755179757143,-4.104220347940548e-14,-0.1138189497501139,-0.21097112305577706
48.19999999999898,0.8614755179757139,-4.0994921199117424e-14,-0.11381894975011403,-0.21097112305577728
48.20999999999898,0.8614755179757133,-4.095246730195331e-14,-0.11381894975011395,-0.21097112305577753
48.219999999998976,0.8614755179757128,-4.0908704805728126e-14,-0.11381894975011397,-0.21097112305577778
48.229999999998974,0.8614755179757123,-4.0859661494735606e-14,-0.11381894975011422,-0.210971123055778
48.23999999999897,0.8614755179757118,-4.081529359715105e-14,-0.11381894975011445,-0.21097112305577823
48.24999999999897,0.8614755179757112,-4.076633265995539e-14,-0.1138189497501145,-0.21097112305577848
48.25999999999897,0.8614755179757106,-4.0717477688853956e-14,-0.11381894975011433,-0.2109711230557787
48.269999999998966,0.8614755179757101,-4.067037445077098e-14,-0.11381894975011456,-0.21097112305577898
48.279999999998964,0.8614755179757094,-4.0615700073751224e-14,-0.11381894975011482,-0.21097112305577922
48.28999999999896,0.8614755179757088,-4.0555666868090476e-14,-0.1138189497501154,-0.2109711230557795
48.29999999999896,0.8614755179757082,-4.0493483333867497e-14,-0.11381894975011492,-0.21097112305577972
48.30999999999896,0.8614755179757075,-4.043039904802654e-14,-0.11381894975011522,-0.21097112305578
48.319999999998956,0.8614755179757069,-4.0365517902939414e-14,-0.11381894975011571,-0.21097112305578028
48.329999999998954,0.8614755179757062,-4.029475156785436e-14,-0.11381894975011606,-0.2109711230557805
48.33999999999895,0.8614755179757057,-4.0225191234426197e-14,-0.11381894975011589,-0.21097112305578078
48.34999999999895,0.861475517975705,-4.015091538570541e-14,-0.11381894975011647,-0.21097112305578106
48.35999999999895,0.8614755179757043,-4.0070594556319434e-14,-0.11381894975011661,-0.21097112305578136
48.369999999998946,0.8614755179757038,-3.99854074301499e-14,-0.11381894975011705,-0.21097112305578164
48.379999999998944,0.8614755179757031,-3.989133500448675e-14,-0.1138189497501168,-0.21097112305578192
48.38999999999894,0.8614755179757024,-3.9793940942881306e-14,-0.11381894975011728,-0.2109711230557822
48.39999999999894,0.8614755179757019,-3.969378963960177e-14,-0.11381894975011772,-0.2109711230557825
48.40999999999894,0.8614755179757012,-3.9586317519908125e-14,-0.11381894975011814,-0.21097112305578278
48.419999999998936,0.8614755179757005,-3.947535593135008e-14,-0.11381894975011843,-0.21097112305578308
48.429999999998934,0.8614755179757,-3.936166316861976e-14,-0.11381894975011866,-0.21097112305578336
48.43999999999893,0.8614755179756993,-3.9243027619415554e-14,-0.11381894975011907,-0.21097112305578367
48.44999999999893,0.8614755179756987,-3.912265610219228e-14,-0.11381894975011933,-0.21097112305578392
48.45999999999893,0.8614755179756981,-3.900393008505301e-14,-0.11381894975011915,-0.21097112305578417
48.469999999998926,0.8614755179756974,-3.889005702155712e-14,-0.1138189497501193,-0.21097112305578442
48.479999999998924,0.8614755179756968,-3.877914627458903e-14,-0.11381894975011936,-0.21097112305578467
48.48999999999892,0.8614755179756962,-3.867141524333252e-14,-0.11381894975011979,-0.21097112305578494
48.49999999999892,0.8614755179756955,-3.8562362005081204e-14,-0.11381894975012002,-0.21097112305578516
48.50999999999892,0.8614755179756949,-3.845971800095712e-14,-0.11381894975012018,-0.21097112305578544
48.519999999998916,0.8614755179756942,-3.835817140555268e-14,-0.11381894975012029,-0.21097112305578572
48.529999999998914,0.8614755179756937,-3.8253259596274596e-14,-0.11381894975012044,-0.21097112305578594
48.53999999999891,0.8614755179756931,-3.815675994302827e-14,-0.11381894975012043,-0.2109711230557862
48.54999999999891,0.8614755179756926,-3.806500091546136e-14,-0.11381894975012075,-0.2109711230557864
48.55999999999891,0.8614755179756921,-3.797611262685787e-14,-0.11381894975012051,-0.21097112305578664
48.569999999998906,0.8614755179756916,-3.788755393080806e-14,-0.11381894975012077,-0.21097112305578689
48.579999999998904,0.861475517975691,-3.7804213814007026e-14,-0.11381894975012076,-0.2109711230557871
48.5899999999989,0.8614755179756904,-3.772367794631052e-14,-0.11381894975012077,-0.21097112305578733
48.5999999999989,0.86147551797569,-3.7646313319966644e-14,-0.11381894975012095,-0.21097112305578758
48.6099999999989,0.8614755179756896,-3.7575353708071173e-14,-0.113818949750121,-0.21097112305578777
48.619999999998896,0.861475517975689,-3.750585124370803e-14,-0.11381894975012137,-0.210971123055788
48.629999999998894,0.8614755179756886,-3.743615503516053e-14,-0.11381894975012088,-0.2109711230557882
48.63999999999889,0.8614755179756882,-3.7375240521150335e-14,-0.11381894975012118,-0.2109711230557884
48.64999999999889,0.8614755179756877,-3.7321744628714727e-14,-0.11381894975012118,-0.21097112305578863
48.65999999999889,0.8614755179756872,-3.726860529341007e-14,-0.11381894975012083,-0.21097112305578883
48.669999999998886,0.8614755179756868,-3.722317719335639e-14,-0.1138189497501207,-0.21097112305578902
48.679999999998884,0.8614755179756864,-3.7178722335445614e-14,-0.11381894975012125,-0.21097112305578924
48.68999999999888,0.861475517975686,-3.7135507131776445e-14,-0.11381894975012088,-0.21097112305578944
48.69999999999888,0.8614755179756856,-3.7096464580997136e-14,-0.11381894975012094,-0.21097112305578963
48.70999999999888,0.861475517975685,-3.706219859129637e-14,-0.11381894975012093,-0.21097112305578988
48.719999999998876,0.8614755179756847,-3.702730832943023e-14,-0.11381894975012086,-0.21097112305579008
48.729999999998874,0.8614755179756841,-3.6998688799100916e-14,-0.11381894975012091,-0.2109711230557903
48.73999999999887,0.8614755179756837,-3.6969545157677195e-14,-0.11381894975012131,-0.21097112305579052
48.74999999999887,0.8614755179756832,-3.6940903686339627e-14,-0.1138189497501208,-0.2109711230557907
48.75999999999887,0.8614755179756828,-3.6917836861734336e-14,-0.11381894975012112,-0.21097112305579094
48.769999999998866,0.8614755179756823,-3.689674464908495e-14,-0.11381894975012095,-0.21097112305579116
48.779999999998864,0.8614755179756818,-3.687861199601932e-14,-0.11381894975012082,-0.21097112305579135
48.78999999999886,0.8614755179756813,-3.685658182939872e-14,-0.1138189497501208,-0.21097112305579158
48.79999999999886,0.8614755179756809,-3.68402292287269e-14,-0.11381894975012083,-0.21097112305579183
48.80999999999886,0.8614755179756803,-3.6819746346134365e-14,-0.11381894975012097,-0.21097112305579202
48.819999999998856,0.8614755179756799,-3.679541579159648e-14,-0.11381894975012088,-0.21097112305579224
48.829999999998854,0.8614755179756793,-3.67799004352798e-14,-0.11381894975012108,-0.21097112305579246
48.83999999999885,0.861475517975679,-3.676020028589569e-14,-0.1138189497501207,-0.21097112305579266
48.84999999999885,0.8614755179756785,-3.6741602602714765e-14,-0.11381894975012102,-0.2109711230557929
48.85999999999885,0.861475517975678,-3.6722297751066425e-14,-0.11381894975012105,-0.2109711230557931
48.869999999998846,0.8614755179756776,-3.670924048867994e-14,-0.11381894975012065,-0.2109711230557933
48.879999999998844,0.8614755179756771,-3.669537619425674e-14,-0.11381894975012107,-0.21097112305579357
48.88999999999884,0.8614755179756767,-3.667493069635155e-14,-0.11381894975012108,-0.21097112305579377
48.89999999999884,0.8614755179756762,-3.6659380447585664e-14,-0.11381894975012094,-0.210971123055794
48.90999999999884,0.8614755179756758,-3.664429988377681e-14,-0.1138189497501211,-0.21097112305579424
48.919999999998836,0.8614755179756752,-3.662189644680275e-14,-0.11381894975012143,-0.21097112305579452
48.929999999998834,0.8614755179756748,-3.6592815163864525e-14,-0.11381894975012116,-0.21097112305579477
48.93999999999883,0.8614755179756743,-3.6561744917434674e-14,-0.1138189497501216,-0.21097112305579502
48.94999999999883,0.8614755179756739,-3.652555732926364e-14,-0.1138189497501213,-0.21097112305579527
48.95999999999883,0.8614755179756735,-3.649036162780068e-14,-0.11381894975012133,-0.21097112305579546
48.96999999999883,0.861475517975673,-3.64502916674114e-14,-0.11381894975012168,-0.21097112305579574
48.979999999998824,0.8614755179756725,-3.640642881818792e-14,-0.11381894975012219,-0.21097112305579602
48.98999999999882,0.861475517975672,-3.6354127123295854e-14,-0.11381894975012194,-0.21097112305579624
48.99999999999882,0.8614755179756716,-3.6300332966931005e-14,-0.11381894975012175,-0.21097112305579643
49.00999999999882,0.8614755179756711,-3.6255384565687175e-14,-0.11381894975012233,-0.21097112305579668
49.01999999999882,0.8614755179756707,-3.621179068584058e-14,-0.11381894975012183,-0.21097112305579688
49.029999999998815,0.8614755179756702,-3.6174792474466394e-14,-0.1138189497501221,-0.21097112305579707
49.03999999999881,0.8614755179756698,-3.613721378011285e-14,-0.11381894975012177,-0.21097112305579727
49.04999999999881,0.8614755179756695,-3.610467468278644e-14,-0.11381894975012179,-0.21097112305579752
49.05999999999881,0.861475517975669,-3.606582295736694e-14,-0.11381894975012218,-0.21097112305579777
49.06999999999881,0.8614755179756685,-3.602550232727248e-14,-0.11381894975012259,-0.21097112305579796
49.079999999998805,0.861475517975668,-3.597747599190553e-14,-0.11381894975012216,-0.21097112305579818
49.0899999999988,0.8614755179756677,-3.593448196974473e-14,-0.11381894975012247,-0.2109711230557984
49.0999999999988,0.8614755179756672,-3.5891281709841335e-14,-0.11381894975012243,-0.21097112305579857
49.1099999999988,0.8614755179756667,-3.585052234034323e-14,-0.1138189497501225,-0.21097112305579882
49.1199999999988,0.8614755179756662,-3.5808792297825774e-14,-0.11381894975012237,-0.21097112305579901
49.129999999998795,0.8614755179756659,-3.576513863684528e-14,-0.11381894975012258,-0.2109711230557992
49.13999999999879,0.8614755179756655,-3.572318784211636e-14,-0.11381894975012233,-0.21097112305579943
49.14999999999879,0.861475517975665,-3.567991070493029e-14,-0.11381894975012266,-0.21097112305579963
49.15999999999879,0.8614755179756646,-3.5633168942475404e-14,-0.1138189497501228,-0.21097112305579982
49.16999999999879,0.8614755179756642,-3.559103355000784e-14,-0.11381894975012283,-0.21097112305580004
49.179999999998785,0.8614755179756638,-3.554573194221403e-14,-0.11381894975012277,-0.21097112305580024
49.18999999999878,0.8614755179756634,-3.549674070067775e-14,-0.11381894975012306,-0.21097112305580043
49.19999999999878,0.8614755179756629,-3.544606769222677e-14,-0.11381894975012297,-0.21097112305580062
49.20999999999878,0.8614755179756626,-3.5395756209749305e-14,-0.11381894975012341,-0.21097112305580085
49.21999999999878,0.8614755179756621,-3.5344015456946424e-14,-0.11381894975012319,-0.21097112305580104
49.229999999998775,0.8614755179756617,-3.52941545939943e-14,-0.1138189497501232,-0.21097112305580124
49.23999999999877,0.8614755179756612,-3.52464143054486e-14,-0.11381894975012358,-0.21097112305580146
49.24999999999877,0.8614755179756609,-3.519547756276508e-14,-0.11381894975012345,-0.21097112305580165
49.25999999999877,0.8614755179756605,-3.514704983496062e-14,-0.11381894975012338,-0.21097112305580185
49.26999999999877,0.86147551797566,-3.5094979556488217e-14,-0.11381894975012369,-0.21097112305580207
49.279999999998765,0.8614755179756596,-3.5040507469392514e-14,-0.11381894975012397,-0.21097112305580226
49.28999999999876,0.8614755179756592,-3.4985060853384045e-14,-0.11381894975012405,-0.21097112305580246
49.29999999999876,0.8614755179756588,-3.4930941873313467e-14,-0.1138189497501236,-0.21097112305580268
49.30999999999876,0.8614755179756584,-3.487755570694926e-14,-0.11381894975012397,-0.21097112305580284
49.31999999999876,0.8614755179756579,-3.482678661078867e-14,-0.1138189497501241,-0.21097112305580307
49.329999999998755,0.8614755179756576,-3.477364839044687e-14,-0.11381894975012448,-0.2109711230558033
49.33999999999875,0.8614755179756571,-3.472085334759645e-14,-0.11381894975012401,-0.21097112305580346
49.34999999999875,0.8614755179756567,-3.466833158949259e-14,-0.11381894975012438,-0.21097112305580368
49.35999999999875,0.8614755179756562,-3.4615244160137526e-14,-0.11381894975012459,-0.2109711230558039
49.36999999999875,0.8614755179756559,-3.4559682575620336e-14,-0.11381894975012477,-0.21097112305580407
49.379999999998745,0.8614755179756555,-3.450595919615028e-14,-0.11381894975012438,-0.2109711230558043
49.38999999999874,0.861475517975655,-3.4453704259749874e-14,-0.11381894975012467,-0.21097112305580448
49.39999999999874,0.8614755179756546,-3.439606488319966e-14,-0.11381894975012524,-0.21097112305580468
49.40999999999874,0.8614755179756542,-3.4340982033141677e-14,-0.11381894975012487,-0.2109711230558049
49.41999999999874,0.8614755179756538,-3.4287289063935845e-14,-0.11381894975012476,-0.2109711230558051
49.429999999998735,0.8614755179756534,-3.423306879448741e-14,-0.1138189497501252,-0.2109711230558053
49.43999999999873,0.8614755179756529,-3.417638273303201e-14,-0.11381894975012519,-0.2109711230558055
49.44999999999873,0.8614755179756526,-3.412257923653123e-14,-0.1138189497501255,-0.2109711230558057
49.45999999999873,0.8614755179756521,-3.406475315434327e-14,-0.11381894975012587,-0.2109711230558059
49.46999999999873,0.8614755179756517,-3.40063561853752e-14,-0.1138189497501253,-0.2109711230558061
49.479999999998725,0.8614755179756513,-3.394895961297751e-14,-0.1138189497501255,-0.21097112305580631
49.48999999999872,0.8614755179756509,-3.3890784370728526e-14,-0.11381894975012588,-0.2109711230558065
49.49999999999872,0.8614755179756505,-3.382858624685262e-14,-0.11381894975012596,-0.2109711230558067
49.50999999999872,0.86147551797565,-3.376887619175365e-14,-0.11381894975012585,-0.21097112305580693
49.51999999999872,0.8614755179756496,-3.371283692650102e-14,-0.11381894975012635,-0.21097112305580712
49.529999999998715,0.8614755179756493,-3.3651624438592084e-14,-0.11381894975012621,-0.2109711230558073
49.53999999999871,0.8614755179756488,-3.3590504610309077e-14,-0.11381894975012655,-0.21097112305580754
49.54999999999871,0.8614755179756484,-3.3525113214982576e-14,-0.11381894975012632,-0.21097112305580773
49.55999999999871,0.8614755179756479,-3.3467027110868525e-14,-0.11381894975012642,-0.21097112305580792
49.56999999999871,0.8614755179756476,-3.340215000537379e-14,-0.1138189497501268,-0.21097112305580815
49.579999999998705,0.8614755179756471,-3.3336903255880315e-14,-0.11381894975012716,-0.2109711230558083
49.5899999999987,0.8614755179756467,-3.3268669008172125e-14,-0.11381894975012691,-0.21097112305580853
49.5999999999987,0.8614755179756463,-3.3201415844297585e-14,-0.11381894975012695,-0.21097112305580876
49.6099999999987,0.8614755179756459,-3.313655836658766e-14,-0.1138189497501273,-0.21097112305580892
49.6199999999987,0.8614755179756455,-3.306588161152309e-14,-0.11381894975012757,-0.21097112305580915
49.629999999998695,0.861475517975645,-3.299459288071376e-14,-0.1138189497501272,-0.21097112305580937
49.63999999999869,0.8614755179756446,-3.292877181056803e-14,-0.11381894975012734,-0.21097112305580953
49.64999999999869,0.8614755179756443,-3.2862224851360545e-14,-0.1138189497501278,-0.21097112305580976
49.65999999999869,0.8614755179756438,-3.279536682414217e-14,-0.11381894975012773,-0.21097112305580995
49.66999999999869,0.8614755179756434,-3.272925585307066e-14,-0.1138189497501281,-0.21097112305581014
49.679999999998685,0.8614755179756429,-3.265805372308264e-14,-0.1138189497501279,-0.21097112305581037
49.68999999999868,0.8614755179756426,-3.2590166497329114e-14,-0.11381894975012835,-0.21097112305581056
49.69999999999868,0.8614755179756421,-3.252434342444565e-14,-0.11381894975012802,-0.21097112305581076
49.70999999999868,0.8614755179756417,-3.2460822197381334e-14,-0.11381894975012821,-0.21097112305581092
49.71999999999868,0.8614755179756413,-3.2405855223861224e-14,-0.1138189497501281,-0.21097112305581112
49.729999999998675,0.8614755179756408,-3.2354617240283634e-14,-0.11381894975012795,-0.21097112305581125
49.73999999999867,0.8614755179756405,-3.231070008662331e-14,-0.1138189497501283,-0.21097112305581148
49.74999999999867,0.86147551797564,-3.226546126119648e-14,-0.11381894975012853,-0.2109711230558117
49.75999999999867,0.8614755179756396,-3.2216199581068326e-14,-0.11381894975012806,-0.21097112305581184
49.76999999999867,0.8614755179756391,-3.2172733508013237e-14,-0.11381894975012832,-0.21097112305581206
49.779999999998665,0.8614755179756388,-3.21242344421106e-14,-0.1138189497501285,-0.21097112305581225
49.78999999999866,0.8614755179756384,-3.207629982413548e-14,-0.1138189497501288,-0.21097112305581245
49.79999999999866,0.8614755179756379,-3.2028555102044426e-14,-0.11381894975012845,-0.21097112305581264
49.80999999999866,0.8614755179756375,-3.198179045377902e-14,-0.11381894975012849,-0.21097112305581284
49.81999999999866,0.861475517975637,-3.1943239414633683e-14,-0.11381894975012849,-0.210971123055813
49.829999999998655,0.8614755179756367,-3.190895049255131e-14,-0.11381894975012877,-0.21097112305581317
49.83999999999865,0.8614755179756363,-3.187537918313192e-14,-0.1138189497501287,-0.21097112305581334
49.84999999999865,0.8614755179756358,-3.184676970870754e-14,-0.11381894975012856,-0.21097112305581356
49.85999999999865,0.8614755179756354,-3.1820083186793144e-14,-0.11381894975012877,-0.21097112305581375
49.86999999999865,0.861475517975635,-3.178963326356378e-14,-0.11381894975012877,-0.21097112305581395
49.879999999998645,0.8614755179756346,-3.175901081963396e-14,-0.11381894975012889,-0.21097112305581414
49.88999999999864,0.8614755179756342,-3.17276088870004e-14,-0.11381894975012852,-0.21097112305581428
49.89999999999864,0.8614755179756337,-3.1700041051685825e-14,-0.11381894975012843,-0.21097112305581445
49.90999999999864,0.8614755179756333,-3.1682496079575393e-14,-0.11381894975012874,-0.21097112305581467
49.91999999999864,0.8614755179756329,-3.16534264413947e-14,-0.11381894975012895,-0.21097112305581484
49.929999999998635,0.8614755179756325,-3.162869678660306e-14,-0.11381894975012896,-0.21097112305581503
49.93999999999863,0.861475517975632,-3.1604820821655326e-14,-0.1138189497501286,-0.21097112305581522
49.94999999999863,0.8614755179756316,-3.1583062410026233e-14,-0.11381894975012884,-0.2109711230558154
49.95999999999863,0.8614755179756312,-3.155941191528875e-14,-0.11381894975012916,-0.21097112305581558
49.96999999999863,0.8614755179756308,-3.153371929936895e-14,-0.11381894975012931,-0.21097112305581578
49.979999999998626,0.8614755179756304,-3.1503175438340086e-14,-0.11381894975012902,-0.210971123055816
49.98999999999862,0.8614755179756299,-3.147445302589031e-14,-0.11381894975012925,-0.21097112305581614
49.99999999999862,0.8614755179756295,-3.1444353210770616e-14,-0.11381894975012921,-0.21097112305581633
50.00999999999862,0.8614755179756292,-3.1415718848973104e-14,-0.11381894975012931,-0.21097112305581653
50.01999999999862,0.8614755179756287,-3.138606470316559e-14,-0.11381894975012899,-0.2109711230558167
50.029999999998616,0.8614755179756283,-3.135895209567212e-14,-0.11381894975012935,-0.21097112305581686
50.039999999998614,0.8614755179756278,-3.132854735793534e-14,-0.11381894975012946,-0.21097112305581706
50.04999999999861,0.8614755179756274,-3.1303004607135397e-14,-0.11381894975012948,-0.21097112305581725
50.05999999999861,0.861475517975627,-3.1272012838253455e-14,-0.1138189497501295,-0.21097112305581742
50.06999999999861,0.8614755179756266,-3.124413994476088e-14,-0.11381894975012949,-0.2109711230558176
50.079999999998606,0.8614755179756262,-3.1214849843371993e-14,-0.11381894975012961,-0.2109711230558178
50.089999999998604,0.8614755179756257,-3.118686395502571e-14,-0.11381894975012971,-0.21097112305581794
50.0999999999986,0.8614755179756253,-3.115910752938196e-14,-0.11381894975012977,-0.21097112305581814
50.1099999999986,0.8614755179756249,-3.1134972794274204e-14,-0.11381894975012967,-0.2109711230558183
50.1199999999986,0.8614755179756245,-3.111147591903373e-14,-0.11381894975012968,-0.21097112305581847
50.129999999998596,0.861475517975624,-3.108730627033077e-14,-0.11381894975012971,-0.21097112305581867
50.139999999998594,0.8614755179756236,-3.1060721897396237e-14,-0.11381894975012981,-0.21097112305581886
50.14999999999859,0.8614755179756232,-3.103875067034809e-14,-0.11381894975013013,-0.21097112305581903
50.15999999999859,0.8614755179756228,-3.101486439326839e-14,-0.11381894975012989,-0.2109711230558192
50.16999999999859,0.8614755179756224,-3.098923188052817e-14,-0.11381894975012982,-0.2109711230558194
50.179999999998586,0.8614755179756219,-3.09643529323671e-14,-0.11381894975012982,-0.21097112305581958
50.189999999998584,0.8614755179756215,-3.093678009297405e-14,-0.1138189497501302,-0.21097112305581975
50.19999999999858,0.8614755179756212,-3.0903742389897766e-14,-0.11381894975013049,-0.21097112305581997
50.20999999999858,0.8614755179756207,-3.0869679793040315e-14,-0.11381894975013007,-0.21097112305582014
50.21999999999858,0.8614755179756203,-3.0837597871122186e-14,-0.11381894975013035,-0.21097112305582033
50.229999999998576,0.8614755179756198,-3.079945701679802e-14,-0.11381894975013072,-0.21097112305582055
50.239999999998574,0.8614755179756194,-3.0758132619064144e-14,-0.11381894975013064,-0.21097112305582072
50.24999999999857,0.861475517975619,-3.07214334005969e-14,-0.11381894975013021,-0.21097112305582089
50.25999999999857,0.8614755179756186,-3.068962809474191e-14,-0.11381894975013064,-0.21097112305582108
50.26999999999857,0.8614755179756182,-3.0652420600855176e-14,-0.1138189497501309,-0.2109711230558213
50.279999999998566,0.8614755179756177,-3.0612145248371575e-14,-0.11381894975013111,-0.21097112305582147
50.289999999998564,0.8614755179756174,-3.0569717696725564e-14,-0.11381894975013113,-0.21097112305582166
50.29999999999856,0.861475517975617,-3.052679806448732e-14,-0.11381894975013074,-0.21097112305582183
50.30999999999856,0.8614755179756165,-3.048390676581603e-14,-0.1138189497501311,-0.21097112305582205
50.31999999999856,0.8614755179756161,-3.04389963693147e-14,-0.11381894975013132,-0.21097112305582225
50.329999999998556,0.8614755179756156,-3.0392325238343305e-14,-0.11381894975013132,-0.2109711230558224
50.339999999998554,0.8614755179756153,-3.0348588103238006e-14,-0.11381894975013111,-0.21097112305582258
50.34999999999855,0.8614755179756148,-3.0303696850265237e-14,-0.11381894975013129,-0.21097112305582275
50.35999999999855,0.8614755179756144,-3.026710119196633e-14,-0.11381894975013146,-0.21097112305582297
50.36999999999855,0.8614755179756141,-3.022629912778423e-14,-0.11381894975013149,-0.21097112305582313
50.379999999998546,0.8614755179756137,-3.018574088186913e-14,-0.11381894975013188,-0.21097112305582333
50.389999999998544,0.8614755179756134,-3.014124276007747e-14,-0.1138189497501313,-0.21097112305582347
50.39999999999854,0.861475517975613,-3.0104697868360596e-14,-0.11381894975013167,-0.2109711230558237
50.40999999999854,0.8614755179756125,-3.006300055842575e-14,-0.1138189497501319,-0.21097112305582388
50.41999999999854,0.8614755179756121,-3.0017022410918246e-14,-0.11381894975013201,-0.21097112305582408
50.429999999998536,0.8614755179756118,-2.9969004221981616e-14,-0.11381894975013152,-0.21097112305582424
50.439999999998534,0.8614755179756115,-2.993115308142175e-14,-0.11381894975013175,-0.2109711230558244
50.44999999999853,0.8614755179756111,-2.9896434440724624e-14,-0.11381894975013211,-0.2109711230558246
50.45999999999853,0.8614755179756107,-2.985663644571207e-14,-0.11381894975013207,-0.21097112305582477
50.46999999999853,0.8614755179756104,-2.9819013508771316e-14,-0.11381894975013203,-0.21097112305582497
50.479999999998526,0.8614755179756101,-2.978215391614143e-14,-0.11381894975013174,-0.21097112305582516
50.489999999998524,0.8614755179756096,-2.974183686062458e-14,-0.11381894975013221,-0.21097112305582535
50.49999999999852,0.8614755179756093,-2.969850167630184e-14,-0.11381894975013249,-0.21097112305582555
50.50999999999852,0.8614755179756088,-2.9652729308706724e-14,-0.11381894975013251,-0.21097112305582572
50.51999999999852,0.8614755179756086,-2.9605236058216425e-14,-0.11381894975013244,-0.2109711230558259
50.529999999998516,0.8614755179756083,-2.9560326200949865e-14,-0.11381894975013272,-0.2109711230558261
50.539999999998514,0.861475517975608,-2.95163207429605e-14,-0.11381894975013249,-0.21097112305582627
50.54999999999851,0.8614755179756075,-2.9470293050795123e-14,-0.11381894975013265,-0.21097112305582646
50.55999999999851,0.8614755179756073,-2.941937969939194e-14,-0.11381894975013285,-0.21097112305582666
50.56999999999851,0.8614755179756068,-2.9369659067065834e-14,-0.11381894975013288,-0.21097112305582683
50.579999999998506,0.8614755179756065,-2.932470679569743e-14,-0.11381894975013307,-0.210971123055827
50.589999999998504,0.8614755179756061,-2.927613208075019e-14,-0.11381894975013344,-0.2109711230558272
50.5999999999985,0.8614755179756057,-2.9226199072792224e-14,-0.11381894975013282,-0.21097112305582738
50.6099999999985,0.8614755179756054,-2.9173435776104864e-14,-0.1138189497501332,-0.21097112305582755
50.6199999999985,0.8614755179756051,-2.9121558589530626e-14,-0.11381894975013318,-0.21097112305582771
50.629999999998496,0.8614755179756046,-2.9075802739278864e-14,-0.11381894975013354,-0.21097112305582794
50.639999999998494,0.8614755179756043,-2.90220142471465e-14,-0.11381894975013343,-0.2109711230558281
50.64999999999849,0.8614755179756041,-2.896829831664742e-14,-0.11381894975013339,-0.21097112305582827
50.65999999999849,0.8614755179756037,-2.8922846194539704e-14,-0.11381894975013336,-0.2109711230558284
50.66999999999849,0.8614755179756033,-2.8881198919009775e-14,-0.11381894975013382,-0.21097112305582863
50.679999999998486,0.861475517975603,-2.883123831852753e-14,-0.11381894975013347,-0.21097112305582877
50.689999999998484,0.8614755179756026,-2.8781259717520584e-14,-0.11381894975013368,-0.21097112305582894
50.69999999999848,0.8614755179756023,-2.873840623271657e-14,-0.11381894975013379,-0.21097112305582913
50.70999999999848,0.8614755179756018,-2.868930456349691e-14,-0.11381894975013405,-0.21097112305582935
50.71999999999848,0.8614755179756015,-2.8638017257694714e-14,-0.11381894975013379,-0.21097112305582952
50.729999999998476,0.8614755179756012,-2.8587664653321026e-14,-0.11381894975013387,-0.21097112305582968
50.739999999998474,0.861475517975601,-2.853656378122421e-14,-0.11381894975013418,-0.21097112305582988
50.74999999999847,0.8614755179756005,-2.848734334376827e-14,-0.11381894975013435,-0.21097112305583002
50.75999999999847,0.8614755179756001,-2.8439480444921926e-14,-0.11381894975013403,-0.2109711230558302
50.76999999999847,0.8614755179755997,-2.8389539295345945e-14,-0.11381894975013425,-0.21097112305583038
50.779999999998466,0.8614755179755993,-2.834562351977377e-14,-0.11381894975013439,-0.21097112305583057
50.789999999998464,0.8614755179755991,-2.8298792108016742e-14,-0.11381894975013436,-0.2109711230558307
50.79999999999846,0.8614755179755987,-2.8256643789933077e-14,-0.11381894975013422,-0.21097112305583088
50.80999999999846,0.8614755179755984,-2.8215685831459128e-14,-0.11381894975013426,-0.21097112305583107
50.81999999999846,0.8614755179755981,-2.8174895105200588e-14,-0.11381894975013457,-0.2109711230558312
50.829999999998456,0.8614755179755977,-2.813304198423788e-14,-0.11381894975013457,-0.2109711230558314
50.839999999998454,0.8614755179755974,-2.8085349681310542e-14,-0.11381894975013493,-0.2109711230558316
50.84999999999845,0.8614755179755971,-2.8033582972554034e-14,-0.11381894975013473,-0.21097112305583177
50.85999999999845,0.8614755179755966,-2.798712321854808e-14,-0.11381894975013497,-0.21097112305583193
50.86999999999845,0.8614755179755963,-2.7940170717380628e-14,-0.1138189497501349,-0.2109711230558321
50.87999999999845,0.861475517975596,-2.789395415741833e-14,-0.11381894975013522,-0.21097112305583227
50.889999999998444,0.8614755179755957,-2.7844443203729324e-14,-0.11381894975013508,-0.21097112305583243
50.89999999999844,0.8614755179755953,-2.7792652589003742e-14,-0.11381894975013523,-0.21097112305583265
50.90999999999844,0.861475517975595,-2.7735282320179183e-14,-0.11381894975013543,-0.2109711230558328
50.91999999999844,0.8614755179755945,-2.7683219261217076e-14,-0.11381894975013557,-0.210971123055833
50.92999999999844,0.8614755179755943,-2.762911458072052e-14,-0.11381894975013519,-0.21097112305583313
50.939999999998435,0.861475517975594,-2.7577279792485006e-14,-0.11381894975013541,-0.2109711230558333
50.94999999999843,0.8614755179755936,-2.752414078533369e-14,-0.11381894975013554,-0.21097112305583343
50.95999999999843,0.8614755179755933,-2.747480779574526e-14,-0.1138189497501358,-0.21097112305583357
50.96999999999843,0.861475517975593,-2.7430710241098357e-14,-0.11381894975013546,-0.2109711230558337
50.97999999999843,0.8614755179755926,-2.7383742585881946e-14,-0.11381894975013566,-0.21097112305583385
50.989999999998425,0.8614755179755924,-2.7345090440196002e-14,-0.1138189497501356,-0.21097112305583401
50.99999999999842,0.8614755179755921,-2.730967940418562e-14,-0.11381894975013553,-0.21097112305583415
51.00999999999842,0.8614755179755917,-2.7275316354950065e-14,-0.1138189497501357,-0.2109711230558343
51.01999999999842,0.8614755179755914,-2.724080009624533e-14,-0.113818949750136,-0.21097112305583446
51.02999999999842,0.8614755179755911,-2.7201333434116006e-14,-0.11381894975013562,-0.21097112305583463
51.039999999998415,0.8614755179755907,-2.7168363661857326e-14,-0.11381894975013543,-0.21097112305583476
51.04999999999841,0.8614755179755905,-2.7138869905394587e-14,-0.11381894975013564,-0.21097112305583487
51.05999999999841,0.8614755179755902,-2.7110504361082685e-14,-0.11381894975013587,-0.21097112305583504
51.06999999999841,0.8614755179755899,-2.7080349452091972e-14,-0.11381894975013576,-0.21097112305583518
51.07999999999841,0.8614755179755895,-2.7050489755604905e-14,-0.1138189497501361,-0.21097112305583535
51.089999999998405,0.8614755179755892,-2.702172457502742e-14,-0.11381894975013593,-0.21097112305583546
51.0999999999984,0.861475517975589,-2.6996725023181383e-14,-0.11381894975013593,-0.21097112305583562
51.1099999999984,0.8614755179755886,-2.6974037616051666e-14,-0.11381894975013586,-0.2109711230558358
51.1199999999984,0.8614755179755883,-2.694490919518726e-14,-0.11381894975013607,-0.21097112305583596
51.1299999999984,0.861475517975588,-2.692233920032901e-14,-0.11381894975013583,-0.21097112305583607
51.139999999998395,0.8614755179755876,-2.689553744829118e-14,-0.11381894975013576,-0.2109711230558362
51.14999999999839,0.8614755179755873,-2.6872217096491262e-14,-0.11381894975013603,-0.21097112305583637
51.15999999999839,0.8614755179755871,-2.6845502009398766e-14,-0.11381894975013623,-0.2109711230558365
51.16999999999839,0.8614755179755867,-2.6816545256253883e-14,-0.1138189497501364,-0.21097112305583665
51.17999999999839,0.8614755179755864,-2.6790434648405924e-14,-0.11381894975013622,-0.2109711230558368
51.189999999998385,0.8614755179755861,-2.6766181803617232e-14,-0.11381894975013611,-0.21097112305583696
51.19999999999838,0.8614755179755857,-2.6739450761928414e-14,-0.11381894975013623,-0.2109711230558371
51.20999999999838,0.8614755179755854,-2.6710936091477345e-14,-0.11381894975013618,-0.2109711230558372
51.21999999999838,0.8614755179755852,-2.6687526101904403e-14,-0.1138189497501363,-0.21097112305583737
51.22999999999838,0.8614755179755849,-2.6659450998212635e-14,-0.11381894975013657,-0.2109711230558375
51.239999999998375,0.8614755179755845,-2.6633375390531663e-14,-0.11381894975013629,-0.21097112305583768
51.24999999999837,0.8614755179755842,-2.6606374877890027e-14,-0.11381894975013637,-0.21097112305583782
51.25999999999837,0.8614755179755839,-2.658057305223777e-14,-0.11381894975013632,-0.21097112305583796
51.26999999999837,0.8614755179755835,-2.6555572727032756e-14,-0.11381894975013652,-0.2109711230558381
51.27999999999837,0.8614755179755833,-2.653211453240068e-14,-0.11381894975013677,-0.21097112305583823
51.289999999998365,0.861475517975583,-2.6509410767968698e-14,-0.11381894975013626,-0.2109711230558384
51.29999999999836,0.8614755179755826,-2.648056938182336e-14,-0.11381894975013657,-0.2109711230558385
51.30999999999836,0.8614755179755823,-2.6453352583878693e-14,-0.1138189497501367,-0.21097112305583868
51.31999999999836,0.861475517975582,-2.6427501811128287e-14,-0.11381894975013662,-0.21097112305583882
51.32999999999836,0.8614755179755818,-2.6406543115758382e-14,-0.11381894975013662,-0.21097112305583898
51.339999999998355,0.8614755179755814,-2.6383418931717216e-14,-0.11381894975013677,-0.2109711230558391
51.34999999999835,0.8614755179755811,-2.6358737189220974e-14,-0.11381894975013655,-0.21097112305583923
51.35999999999835,0.8614755179755808,-2.6333123292342656e-14,-0.11381894975013679,-0.2109711230558394
51.36999999999835,0.8614755179755804,-2.6312076315431077e-14,-0.11381894975013664,-0.21097112305583954
51.37999999999835,0.8614755179755801,-2.6294701751979033e-14,-0.11381894975013672,-0.21097112305583968
51.389999999998345,0.8614755179755799,-2.6275681062570482e-14,-0.11381894975013705,-0.21097112305583982
51.39999999999834,0.8614755179755795,-2.6257908135042013e-14,-0.11381894975013628,-0.21097112305583998
51.40999999999834,0.8614755179755792,-2.624243888700791e-14,-0.11381894975013669,-0.21097112305584012
51.41999999999834,0.8614755179755789,-2.6226244685575233e-14,-0.11381894975013679,-0.21097112305584023
51.42999999999834,0.8614755179755785,-2.6208156658649603e-14,-0.11381894975013684,-0.2109711230558404
51.439999999998335,0.8614755179755782,-2.6189589378365642e-14,-0.11381894975013686,-0.21097112305584054
51.44999999999833,0.861475517975578,-2.6170537787226223e-14,-0.11381894975013675,-0.2109711230558407
51.45999999999833,0.8614755179755776,-2.6152452230514946e-14,-0.11381894975013698,-0.21097112305584084
51.46999999999833,0.8614755179755773,-2.6127045974175076e-14,-0.11381894975013666,-0.21097112305584098
51.47999999999833,0.861475517975577,-2.6108224584017744e-14,-0.11381894975013676,-0.21097112305584112
51.489999999998325,0.8614755179755766,-2.6091560054163997e-14,-0.11381894975013693,-0.21097112305584126
51.49999999999832,0.8614755179755763,-2.607271993822999e-14,-0.11381894975013682,-0.21097112305584143
51.50999999999832,0.8614755179755761,-2.6054508415595902e-14,-0.11381894975013697,-0.21097112305584154
51.51999999999832,0.8614755179755758,-2.6033725234126497e-14,-0.11381894975013687,-0.2109711230558417
51.52999999999832,0.8614755179755754,-2.6016537005293813e-14,-0.11381894975013705,-0.21097112305584184
51.539999999998315,0.8614755179755751,-2.5998252012665388e-14,-0.11381894975013714,-0.21097112305584198
51.54999999999831,0.8614755179755748,-2.597923614045607e-14,-0.11381894975013741,-0.21097112305584212
51.55999999999831,0.8614755179755744,-2.5958013753207177e-14,-0.11381894975013715,-0.21097112305584226
51.56999999999831,0.8614755179755742,-2.5937239609757635e-14,-0.11381894975013701,-0.21097112305584242
51.57999999999831,0.8614755179755739,-2.5919632537011e-14,-0.11381894975013716,-0.21097112305584256
51.589999999998305,0.8614755179755735,-2.590094795627674e-14,-0.11381894975013751,-0.2109711230558427
51.5999999999983,0.8614755179755732,-2.5880300551018e-14,-0.11381894975013736,-0.21097112305584284
51.6099999999983,0.8614755179755729,-2.586183644831069e-14,-0.11381894975013716,-0.21097112305584298
51.6199999999983,0.8614755179755725,-2.5842956651313507e-14,-0.11381894975013714,-0.21097112305584315
51.6299999999983,0.8614755179755723,-2.5819211113212323e-14,-0.11381894975013707,-0.21097112305584326
51.639999999998295,0.861475517975572,-2.5793973056717235e-14,-0.11381894975013726,-0.21097112305584342
51.64999999999829,0.8614755179755716,-2.577306870789371e-14,-0.1138189497501374,-0.21097112305584356
51.65999999999829,0.8614755179755713,-2.575197030545738e-14,-0.1138189497501375,-0.21097112305584373
51.66999999999829,0.861475517975571,-2.5733409834476392e-14,-0.1138189497501372,-0.21097112305584387
51.67999999999829,0.8614755179755706,-2.571430085364078e-14,-0.11381894975013736,-0.21097112305584398
51.689999999998285,0.8614755179755704,-2.5694032758265947e-14,-0.11381894975013757,-0.21097112305584415
51.69999999999828,0.8614755179755701,-2.5671142776799634e-14,-0.11381894975013772,-0.21097112305584428
51.70999999999828,0.8614755179755698,-2.5640011158942428e-14,-0.11381894975013793,-0.21097112305584445
51.71999999999828,0.8614755179755694,-2.561687106189082e-14,-0.11381894975013737,-0.21097112305584456
51.72999999999828,0.8614755179755691,-2.559339429187539e-14,-0.11381894975013766,-0.21097112305584473
51.739999999998275,0.8614755179755689,-2.5568432684123654e-14,-0.11381894975013779,-0.21097112305584487
51.74999999999827,0.8614755179755685,-2.5541895158631882e-14,-0.11381894975013801,-0.210971123055845
51.75999999999827,0.8614755179755682,-2.551420068299287e-14,-0.11381894975013777,-0.21097112305584514
51.76999999999827,0.8614755179755679,-2.5488180269635724e-14,-0.11381894975013782,-0.21097112305584528
51.77999999999827,0.8614755179755675,-2.5458896680753718e-14,-0.11381894975013762,-0.21097112305584545
51.789999999998265,0.8614755179755672,-2.5432397912191548e-14,-0.11381894975013791,-0.2109711230558456
51.79999999999826,0.861475517975567,-2.5407030551207994e-14,-0.11381894975013804,-0.21097112305584573
51.80999999999826,0.8614755179755667,-2.5382406902600903e-14,-0.11381894975013801,-0.21097112305584587
51.81999999999826,0.8614755179755663,-2.5358587080814676e-14,-0.11381894975013811,-0.210971123055846
51.82999999999826,0.861475517975566,-2.5334132556004166e-14,-0.113818949750138,-0.21097112305584617
51.839999999998255,0.8614755179755657,-2.531196536963285e-14,-0.11381894975013757,-0.2109711230558463
51.84999999999825,0.8614755179755653,-2.529512311510926e-14,-0.11381894975013795,-0.21097112305584645
51.85999999999825,0.8614755179755651,-2.5278802770031157e-14,-0.11381894975013784,-0.2109711230558466
51.86999999999825,0.8614755179755648,-2.5259490823549588e-14,-0.11381894975013826,-0.21097112305584675
51.87999999999825,0.8614755179755644,-2.5235176141444577e-14,-0.11381894975013854,-0.2109711230558469
51.889999999998246,0.8614755179755641,-2.5211101222100425e-14,-0.11381894975013795,-0.210971123055847
51.89999999999824,0.8614755179755638,-2.5188080114068614e-14,-0.11381894975013816,-0.21097112305584717
51.90999999999824,0.8614755179755634,-2.5166384975811113e-14,-0.11381894975013826,-0.2109711230558473
51.91999999999824,0.8614755179755632,-2.515148166711893e-14,-0.11381894975013825,-0.21097112305584748
51.92999999999824,0.8614755179755629,-2.5133014749107976e-14,-0.11381894975013845,-0.2109711230558476
51.939999999998236,0.8614755179755625,-2.5109112379694056e-14,-0.11381894975013801,-0.21097112305584773
51.949999999998234,0.8614755179755622,-2.5084297497908173e-14,-0.11381894975013812,-0.2109711230558479
51.95999999999823,0.8614755179755619,-2.506298032415555e-14,-0.11381894975013826,-0.21097112305584803
51.96999999999823,0.8614755179755615,-2.504586784032835e-14,-0.11381894975013845,-0.21097112305584817
51.97999999999823,0.8614755179755613,-2.5026367127319975e-14,-0.11381894975013848,-0.2109711230558483
51.989999999998226,0.861475517975561,-2.5006035396371167e-14,-0.1138189497501386,-0.21097112305584848
51.999999999998224,0.8614755179755607,-2.498785635852309e-14,-0.1138189497501383,-0.21097112305584861
52.00999999999822,0.8614755179755603,-2.496908269317064e-14,-0.11381894975013838,-0.21097112305584872
52.01999999999822,0.86147551797556,-2.4950573402769518e-14,-0.11381894975013872,-0.2109711230558489
52.02999999999822,0.8614755179755597,-2.4929439095091446e-14,-0.11381894975013862,-0.21097112305584903
52.039999999998216,0.8614755179755593,-2.4907323850384404e-14,-0.11381894975013881,-0.21097112305584922
52.049999999998214,0.8614755179755589,-2.4881200143988338e-14,-0.11381894975013901,-0.21097112305584936
52.05999999999821,0.8614755179755584,-2.48486968450126e-14,-0.11381894975013936,-0.21097112305584956
52.06999999999821,0.861475517975558,-2.4818385629686226e-14,-0.1138189497501389,-0.21097112305584972
52.07999999999821,0.8614755179755575,-2.4777725438894076e-14,-0.11381894975013944,-0.21097112305584992
52.089999999998206,0.8614755179755572,-2.473208650178241e-14,-0.1138189497501395,-0.21097112305585006
52.099999999998204,0.8614755179755568,-2.4685412092558857e-14,-0.11381894975013952,-0.21097112305585022
52.1099999999982,0.8614755179755563,-2.4637669997513762e-14,-0.11381894975014,-0.21097112305585042
52.1199999999982,0.8614755179755559,-2.4584181013915373e-14,-0.1138189497501402,-0.21097112305585056
52.1299999999982,0.8614755179755554,-2.4527780034764446e-14,-0.11381894975014047,-0.21097112305585075
52.139999999998196,0.8614755179755551,-2.4473056363599308e-14,-0.11381894975014065,-0.21097112305585092
52.149999999998194,0.8614755179755547,-2.4418379893190748e-14,-0.11381894975014044,-0.2109711230558511
52.15999999999819,0.8614755179755542,-2.436309701655984e-14,-0.11381894975014065,-0.21097112305585128
52.16999999999819,0.8614755179755538,-2.429934789934791e-14,-0.11381894975014117,-0.2109711230558515
52.17999999999819,0.8614755179755534,-2.422906419133035e-14,-0.11381894975014117,-0.21097112305585172
52.189999999998186,0.861475517975553,-2.4150100440999566e-14,-0.11381894975014148,-0.2109711230558519
52.199999999998184,0.8614755179755526,-2.4065807088159008e-14,-0.11381894975014184,-0.2109711230558521
52.20999999999818,0.8614755179755521,-2.3977180998153228e-14,-0.1138189497501422,-0.2109711230558523
52.21999999999818,0.8614755179755518,-2.3884818079796072e-14,-0.11381894975014255,-0.2109711230558525
52.22999999999818,0.8614755179755513,-2.378591716156938e-14,-0.11381894975014265,-0.21097112305585272
52.239999999998176,0.8614755179755509,-2.3687080932071547e-14,-0.1138189497501428,-0.21097112305585292
52.249999999998174,0.8614755179755504,-2.3582601346660278e-14,-0.11381894975014277,-0.21097112305585308
52.25999999999817,0.86147551797555,-2.3489385878265247e-14,-0.11381894975014283,-0.21097112305585325
52.26999999999817,0.8614755179755497,-2.3396178274338484e-14,-0.11381894975014306,-0.21097112305585344
52.27999999999817,0.8614755179755492,-2.3307184352991668e-14,-0.11381894975014331,-0.21097112305585358
52.289999999998166,0.8614755179755488,-2.3217958893190066e-14,-0.11381894975014353,-0.21097112305585375
52.299999999998164,0.8614755179755483,-2.3132495895901562e-14,-0.11381894975014367,-0.21097112305585394
52.30999999999816,0.861475517975548,-2.3047313339942695e-14,-0.11381894975014381,-0.21097112305585405
52.31999999999816,0.8614755179755477,-2.2974166965502854e-14,-0.11381894975014342,-0.21097112305585417
52.32999999999816,0.8614755179755474,-2.291440555748103e-14,-0.11381894975014353,-0.21097112305585428
52.339999999998156,0.8614755179755471,-2.2865405881540997e-14,-0.11381894975014331,-0.2109711230558544
52.349999999998154,0.8614755179755468,-2.282710476176561e-14,-0.11381894975014331,-0.21097112305585453
52.35999999999815,0.8614755179755464,-2.2786904890722856e-14,-0.11381894975014337,-0.21097112305585466
52.36999999999815,0.8614755179755461,-2.2752515932993258e-14,-0.11381894975014312,-0.21097112305585478
52.37999999999815,0.8614755179755458,-2.273000094027044e-14,-0.11381894975014326,-0.2109711230558549
52.389999999998146,0.8614755179755454,-2.2705424530684495e-14,-0.11381894975014303,-0.210971123055855
52.399999999998144,0.8614755179755451,-2.268848958732013e-14,-0.1138189497501431,-0.21097112305585514
52.40999999999814,0.8614755179755449,-2.2679991245200306e-14,-0.11381894975014326,-0.21097112305585528
52.41999999999814,0.8614755179755446,-2.2668351255044827e-14,-0.1138189497501436,-0.21097112305585541
52.42999999999814,0.8614755179755442,-2.2649422631114217e-14,-0.11381894975014276,-0.21097112305585553
52.439999999998136,0.8614755179755439,-2.263505941620385e-14,-0.11381894975014291,-0.21097112305585564
52.449999999998134,0.8614755179755436,-2.2624164473273462e-14,-0.11381894975014284,-0.21097112305585575
52.45999999999813,0.8614755179755432,-2.2617134887099234e-14,-0.11381894975014312,-0.2109711230558559
52.46999999999813,0.861475517975543,-2.2605799957671336e-14,-0.11381894975014342,-0.21097112305585602
52.47999999999813,0.8614755179755427,-2.2592320701067155e-14,-0.11381894975014331,-0.21097112305585614
52.489999999998126,0.8614755179755423,-2.258008583649856e-14,-0.11381894975014283,-0.21097112305585627
52.499999999998124,0.861475517975542,-2.2572155889835876e-14,-0.11381894975014312,-0.21097112305585639
52.50999999999812,0.8614755179755417,-2.2565768814131105e-14,-0.11381894975014337,-0.21097112305585652
52.51999999999812,0.8614755179755413,-2.2552749392715822e-14,-0.1138189497501433,-0.2109711230558566
52.52999999999812,0.861475517975541,-2.2536744723234655e-14,-0.1138189497501435,-0.21097112305585675
52.539999999998116,0.8614755179755407,-2.2528461848507435e-14,-0.1138189497501431,-0.21097112305585686
52.549999999998114,0.8614755179755405,-2.2519727439114336e-14,-0.11381894975014346,-0.210971123055857
52.55999999999811,0.8614755179755401,-2.2508457329696824e-14,-0.11381894975014309,-0.21097112305585713
52.56999999999811,0.8614755179755398,-2.250009101360869e-14,-0.1138189497501432,-0.21097112305585722
52.57999999999811,0.8614755179755395,-2.249291820934763e-14,-0.11381894975014359,-0.21097112305585736
52.589999999998106,0.8614755179755391,-2.248351228426783e-14,-0.1138189497501431,-0.2109711230558575
52.599999999998104,0.8614755179755388,-2.247777926167177e-14,-0.11381894975014331,-0.21097112305585763
52.6099999999981,0.8614755179755385,-2.2467079947264752e-14,-0.11381894975014302,-0.21097112305585775
52.6199999999981,0.8614755179755382,-2.2459633690467622e-14,-0.11381894975014314,-0.21097112305585783
52.6299999999981,0.8614755179755379,-2.2448070964722022e-14,-0.11381894975014352,-0.210971123055858
52.639999999998096,0.8614755179755376,-2.2434133932524043e-14,-0.11381894975014366,-0.2109711230558581
52.649999999998094,0.8614755179755372,-2.2421636094151492e-14,-0.1138189497501435,-0.21097112305585822
52.65999999999809,0.8614755179755369,-2.2411472634653715e-14,-0.11381894975014363,-0.21097112305585838
52.66999999999809,0.8614755179755366,-2.2399459187735915e-14,-0.11381894975014374,-0.21097112305585847
52.67999999999809,0.8614755179755362,-2.238645646110416e-14,-0.11381894975014326,-0.21097112305585858
52.689999999998086,0.8614755179755359,-2.2375445584808386e-14,-0.1138189497501434,-0.2109711230558587
52.699999999998084,0.8614755179755357,-2.236560782173973e-14,-0.11381894975014331,-0.21097112305585883
52.70999999999808,0.8614755179755353,-2.2365764571200486e-14,-0.11381894975014341,-0.21097112305585897
52.71999999999808,0.861475517975535,-2.2354954680212505e-14,-0.11381894975014363,-0.2109711230558591
52.72999999999808,0.8614755179755347,-2.2339946416013387e-14,-0.1138189497501439,-0.21097112305585922
52.739999999998076,0.8614755179755343,-2.2326268841540034e-14,-0.11381894975014409,-0.21097112305585936
52.749999999998074,0.861475517975534,-2.2307055696147274e-14,-0.1138189497501439,-0.21097112305585947
52.75999999999807,0.8614755179755337,-2.228548829912898e-14,-0.11381894975014345,-0.2109711230558596
52.76999999999807,0.8614755179755335,-2.2270079409526355e-14,-0.11381894975014367,-0.2109711230558597
52.77999999999807,0.8614755179755331,-2.2254584662772043e-14,-0.11381894975014376,-0.2109711230558598
52.78999999999807,0.8614755179755328,-2.2240712865560895e-14,-0.11381894975014396,-0.2109711230558599
52.799999999998064,0.8614755179755325,-2.2226742020867072e-14,-0.11381894975014403,-0.21097112305586005
52.80999999999806,0.8614755179755321,-2.2216686903691912e-14,-0.1138189497501434,-0.21097112305586016
52.81999999999806,0.8614755179755318,-2.2210179138125932e-14,-0.11381894975014359,-0.21097112305586024
52.82999999999806,0.8614755179755315,-2.2209378552028654e-14,-0.11381894975014391,-0.2109711230558604
52.83999999999806,0.8614755179755311,-2.2203997322129567e-14,-0.11381894975014384,-0.21097112305586055
52.849999999998055,0.8614755179755309,-2.2196768318180947e-14,-0.11381894975014324,-0.21097112305586066
52.85999999999805,0.8614755179755306,-2.2194280298437655e-14,-0.11381894975014345,-0.2109711230558608
52.86999999999805,0.8614755179755302,-2.2188484831341065e-14,-0.11381894975014349,-0.21097112305586094
52.87999999999805,0.8614755179755299,-2.2177079975265303e-14,-0.11381894975014359,-0.21097112305586105
52.88999999999805,0.8614755179755296,-2.216941248336013e-14,-0.11381894975014385,-0.2109711230558612
52.899999999998045,0.8614755179755292,-2.216860019756742e-14,-0.11381894975014337,-0.21097112305586133
52.90999999999804,0.861475517975529,-2.2161968327885444e-14,-0.11381894975014345,-0.21097112305586144
52.91999999999804,0.8614755179755287,-2.215345746514572e-14,-0.11381894975014357,-0.21097112305586158
52.92999999999804,0.8614755179755283,-2.2147438344314434e-14,-0.11381894975014378,-0.21097112305586171
52.93999999999804,0.861475517975528,-2.2141842568495897e-14,-0.11381894975014398,-0.21097112305586185
52.949999999998035,0.8614755179755277,-2.2126590952608548e-14,-0.11381894975014371,-0.210971123055862
52.95999999999803,0.8614755179755273,-2.2114151523988964e-14,-0.1138189497501438,-0.21097112305586208
52.96999999999803,0.861475517975527,-2.210905281600469e-14,-0.11381894975014364,-0.2109711230558622
52.97999999999803,0.8614755179755268,-2.2110282599310756e-14,-0.1138189497501437,-0.21097112305586235
52.98999999999803,0.8614755179755265,-2.2102762221688008e-14,-0.11381894975014392,-0.2109711230558625
52.999999999998025,0.8614755179755261,-2.2090271075229842e-14,-0.11381894975014342,-0.2109711230558626
53.00999999999802,0.8614755179755258,-2.208103680827405e-14,-0.11381894975014366,-0.21097112305586274
53.01999999999802,0.8614755179755255,-2.207180132108776e-14,-0.11381894975014387,-0.21097112305586288
53.02999999999802,0.8614755179755251,-2.2061465904427874e-14,-0.11381894975014407,-0.21097112305586305
53.03999999999802,0.8614755179755248,-2.2049595942735194e-14,-0.11381894975014432,-0.21097112305586319
53.049999999998015,0.8614755179755246,-2.2032254436182364e-14,-0.11381894975014362,-0.21097112305586327
53.05999999999801,0.8614755179755242,-2.2020985861902047e-14,-0.11381894975014407,-0.21097112305586344
53.06999999999801,0.8614755179755239,-2.2002473959587287e-14,-0.11381894975014394,-0.21097112305586357
53.07999999999801,0.8614755179755236,-2.1986298995964696e-14,-0.1138189497501442,-0.2109711230558637
53.08999999999801,0.8614755179755232,-2.1965665219358862e-14,-0.11381894975014435,-0.21097112305586385
53.099999999998005,0.8614755179755229,-2.1940474266043557e-14,-0.11381894975014434,-0.210971123055864
53.109999999998,0.8614755179755227,-2.1914179138194717e-14,-0.11381894975014417,-0.21097112305586413
53.119999999998,0.8614755179755224,-2.189290841941487e-14,-0.11381894975014428,-0.21097112305586427
53.129999999998,0.861475517975522,-2.1871128594516257e-14,-0.11381894975014445,-0.2109711230558644
53.139999999998,0.8614755179755217,-2.184990823217544e-14,-0.11381894975014457,-0.21097112305586455
53.149999999997995,0.8614755179755214,-2.182608798330659e-14,-0.11381894975014437,-0.21097112305586468
53.15999999999799,0.861475517975521,-2.1800231078261346e-14,-0.11381894975014452,-0.21097112305586482
53.16999999999799,0.8614755179755208,-2.1780274635656378e-14,-0.11381894975014453,-0.21097112305586496
53.17999999999799,0.8614755179755205,-2.1756052023591994e-14,-0.11381894975014471,-0.21097112305586507
53.18999999999799,0.8614755179755201,-2.1731411220494626e-14,-0.11381894975014474,-0.21097112305586524
53.199999999997985,0.8614755179755198,-2.171017512538788e-14,-0.11381894975014453,-0.21097112305586538
53.20999999999798,0.8614755179755195,-2.168111912017689e-14,-0.11381894975014456,-0.2109711230558655
53.21999999999798,0.8614755179755191,-2.1656691001082205e-14,-0.11381894975014473,-0.21097112305586566
53.22999999999798,0.8614755179755188,-2.162357878838745e-14,-0.11381894975014487,-0.21097112305586574
53.23999999999798,0.8614755179755186,-2.159582511012903e-14,-0.11381894975014488,-0.21097112305586585
53.249999999997975,0.8614755179755182,-2.1568108296223375e-14,-0.1138189497501454,-0.21097112305586602
53.25999999999797,0.8614755179755179,-2.1537403057696728e-14,-0.1138189497501453,-0.21097112305586613
53.26999999999797,0.8614755179755176,-2.1514128947805122e-14,-0.11381894975014517,-0.21097112305586627
53.27999999999797,0.8614755179755172,-2.148600288941498e-14,-0.1138189497501449,-0.21097112305586638
53.28999999999797,0.8614755179755169,-2.1461298043199564e-14,-0.11381894975014505,-0.21097112305586652
53.299999999997965,0.8614755179755167,-2.143437159438456e-14,-0.11381894975014523,-0.21097112305586668
53.30999999999796,0.8614755179755164,-2.140344253770474e-14,-0.11381894975014552,-0.21097112305586682
53.31999999999796,0.861475517975516,-2.1373278957851617e-14,-0.11381894975014573,-0.2109711230558669
53.32999999999796,0.8614755179755157,-2.1342103841413232e-14,-0.11381894975014542,-0.21097112305586702
53.33999999999796,0.8614755179755154,-2.131783251852092e-14,-0.11381894975014563,-0.21097112305586718
53.349999999997955,0.861475517975515,-2.1285395145037614e-14,-0.11381894975014577,-0.2109711230558673
53.35999999999795,0.8614755179755147,-2.125879261221707e-14,-0.1138189497501457,-0.21097112305586746
53.36999999999795,0.8614755179755145,-2.1225333684352334e-14,-0.1138189497501455,-0.21097112305586754
53.37999999999795,0.8614755179755141,-2.1198623242834777e-14,-0.11381894975014586,-0.21097112305586768
53.38999999999795,0.8614755179755138,-2.1167870792324268e-14,-0.11381894975014607,-0.21097112305586785
53.399999999997945,0.8614755179755135,-2.113008063926985e-14,-0.11381894975014616,-0.21097112305586796
53.40999999999794,0.8614755179755131,-2.109820269487369e-14,-0.11381894975014584,-0.21097112305586807
53.41999999999794,0.8614755179755128,-2.1074213235307957e-14,-0.11381894975014599,-0.2109711230558682
53.42999999999794,0.8614755179755125,-2.104698891743468e-14,-0.11381894975014628,-0.21097112305586835
53.43999999999794,0.8614755179755123,-2.1009433725178188e-14,-0.11381894975014627,-0.21097112305586846
53.449999999997935,0.8614755179755119,-2.097941498181839e-14,-0.11381894975014648,-0.21097112305586863
53.45999999999793,0.8614755179755116,-2.0949348348619592e-14,-0.1138189497501463,-0.2109711230558687
53.46999999999793,0.8614755179755113,-2.0922969972213595e-14,-0.11381894975014592,-0.21097112305586882
53.47999999999793,0.8614755179755109,-2.0898305182552757e-14,-0.11381894975014624,-0.21097112305586896
53.48999999999793,0.8614755179755106,-2.0867787633998814e-14,-0.11381894975014661,-0.21097112305586913
53.499999999997925,0.8614755179755103,-2.0832839214955883e-14,-0.11381894975014646,-0.21097112305586924
53.50999999999792,0.86147551797551,-2.0801366470236193e-14,-0.11381894975014649,-0.21097112305586932
53.51999999999792,0.8614755179755097,-2.0772217362604914e-14,-0.11381894975014677,-0.21097112305586949
53.52999999999792,0.8614755179755094,-2.073439309574353e-14,-0.11381894975014682,-0.2109711230558696
53.53999999999792,0.861475517975509,-2.07024533493769e-14,-0.11381894975014678,-0.21097112305586974
53.549999999997915,0.8614755179755088,-2.0664735867485488e-14,-0.11381894975014681,-0.21097112305586985
53.55999999999791,0.8614755179755085,-2.0630766236858908e-14,-0.11381894975014678,-0.21097112305586993
53.56999999999791,0.8614755179755083,-2.0603340983278796e-14,-0.11381894975014684,-0.21097112305587004
53.57999999999791,0.8614755179755079,-2.0569926944215204e-14,-0.11381894975014684,-0.21097112305587018
53.58999999999791,0.8614755179755077,-2.054765617963382e-14,-0.11381894975014706,-0.21097112305587032
53.599999999997905,0.8614755179755075,-2.0517078781885778e-14,-0.11381894975014756,-0.21097112305587043
53.6099999999979,0.8614755179755073,-2.048470446766207e-14,-0.11381894975014692,-0.2109711230558705
53.6199999999979,0.8614755179755069,-2.0457395295919905e-14,-0.11381894975014706,-0.21097112305587065
53.6299999999979,0.8614755179755066,-2.0426168168391135e-14,-0.11381894975014721,-0.2109711230558708
53.6399999999979,0.8614755179755064,-2.0391156232553098e-14,-0.1138189497501473,-0.2109711230558709
53.649999999997895,0.8614755179755063,-2.0361593066732563e-14,-0.11381894975014725,-0.210971123055871
53.65999999999789,0.861475517975506,-2.033253592983013e-14,-0.1138189497501469,-0.21097112305587112
53.66999999999789,0.8614755179755057,-2.030762805767098e-14,-0.11381894975014739,-0.21097112305587126
53.67999999999789,0.8614755179755055,-2.0276972025080516e-14,-0.11381894975014731,-0.21097112305587137
53.68999999999789,0.8614755179755053,-2.024729683569089e-14,-0.1138189497501475,-0.2109711230558715
53.699999999997885,0.861475517975505,-2.021789631352058e-14,-0.11381894975014768,-0.21097112305587162
53.70999999999788,0.8614755179755048,-2.0183750381070426e-14,-0.11381894975014731,-0.2109711230558717
53.71999999999788,0.8614755179755046,-2.0160026860673723e-14,-0.11381894975014713,-0.21097112305587185
53.72999999999788,0.8614755179755043,-2.0130762194999035e-14,-0.1138189497501474,-0.21097112305587198
53.73999999999788,0.861475517975504,-2.0097165397398583e-14,-0.11381894975014765,-0.21097112305587207
53.749999999997875,0.8614755179755038,-2.0069543126085993e-14,-0.11381894975014765,-0.2109711230558722
53.75999999999787,0.8614755179755035,-2.0039990289631532e-14,-0.11381894975014786,-0.21097112305587232
53.76999999999787,0.8614755179755033,-2.0006571547905686e-14,-0.1138189497501481,-0.21097112305587246
53.77999999999787,0.8614755179755029,-1.9970193081571028e-14,-0.11381894975014786,-0.21097112305587257
53.78999999999787,0.8614755179755027,-1.9939316059517395e-14,-0.11381894975014777,-0.21097112305587265
53.799999999997866,0.8614755179755026,-1.9911023262566142e-14,-0.1138189497501478,-0.2109711230558728
53.80999999999786,0.8614755179755023,-1.9874652091856507e-14,-0.11381894975014806,-0.21097112305587293
53.81999999999786,0.861475517975502,-1.9840482835936554e-14,-0.11381894975014811,-0.21097112305587298
53.82999999999786,0.8614755179755018,-1.98134809807761e-14,-0.1138189497501478,-0.21097112305587312
53.83999999999786,0.8614755179755015,-1.978412485541712e-14,-0.11381894975014809,-0.21097112305587326
53.849999999997856,0.8614755179755013,-1.974689095646422e-14,-0.11381894975014818,-0.21097112305587334
53.859999999997854,0.861475517975501,-1.971808340227278e-14,-0.11381894975014814,-0.21097112305587348
53.86999999999785,0.8614755179755009,-1.9686102582641952e-14,-0.1138189497501484,-0.21097112305587357
53.87999999999785,0.8614755179755007,-1.9651526525869857e-14,-0.11381894975014822,-0.21097112305587365
53.88999999999785,0.8614755179755004,-1.96266844230708e-14,-0.11381894975014833,-0.21097112305587382
53.899999999997846,0.8614755179755,-1.9599749659458943e-14,-0.11381894975014811,-0.21097112305587395
53.909999999997844,0.8614755179754998,-1.9571645580798607e-14,-0.11381894975014822,-0.2109711230558741
53.91999999999784,0.8614755179754996,-1.9538959641272795e-14,-0.1138189497501485,-0.21097112305587418
53.92999999999784,0.8614755179754995,-1.950834839563198e-14,-0.11381894975014847,-0.2109711230558743
53.93999999999784,0.8614755179754993,-1.9479878152296088e-14,-0.11381894975014871,-0.21097112305587443
53.949999999997836,0.8614755179754989,-1.9446392301331927e-14,-0.11381894975014895,-0.21097112305587457
53.959999999997834,0.8614755179754987,-1.9407522693811216e-14,-0.11381894975014846,-0.21097112305587465
53.96999999999783,0.8614755179754985,-1.9378256018120965e-14,-0.11381894975014839,-0.21097112305587476
53.97999999999783,0.8614755179754983,-1.9347454140305707e-14,-0.11381894975014874,-0.21097112305587487
53.98999999999783,0.8614755179754979,-1.9314024275340606e-14,-0.11381894975014897,-0.21097112305587504
53.999999999997826,0.8614755179754977,-1.92772562433325e-14,-0.11381894975014903,-0.21097112305587512
54.009999999997824,0.8614755179754976,-1.9246253697516473e-14,-0.11381894975014861,-0.21097112305587523
54.01999999999782,0.8614755179754973,-1.9214263091817203e-14,-0.11381894975014888,-0.21097112305587537
54.02999999999782,0.861475517975497,-1.9179952978569072e-14,-0.11381894975014888,-0.21097112305587545
54.03999999999782,0.8614755179754967,-1.9143757576435828e-14,-0.11381894975014914,-0.21097112305587556
54.049999999997816,0.8614755179754965,-1.9110276426027375e-14,-0.11381894975014906,-0.21097112305587565
54.059999999997814,0.8614755179754963,-1.9087094883722265e-14,-0.11381894975014883,-0.21097112305587576
54.06999999999781,0.861475517975496,-1.9070080184105888e-14,-0.11381894975014858,-0.21097112305587587
54.07999999999781,0.8614755179754957,-1.9049637518241633e-14,-0.11381894975014883,-0.21097112305587595
54.08999999999781,0.8614755179754956,-1.9031958933956615e-14,-0.11381894975014878,-0.21097112305587606
54.099999999997806,0.8614755179754954,-1.9018786582097866e-14,-0.11381894975014901,-0.21097112305587618
54.109999999997804,0.8614755179754952,-1.9001151878049543e-14,-0.11381894975014925,-0.2109711230558763
54.1199999999978,0.8614755179754949,-1.8975576326560385e-14,-0.113818949750149,-0.2109711230558764
54.1299999999978,0.8614755179754947,-1.8960473645013835e-14,-0.11381894975014868,-0.21097112305587648
54.1399999999978,0.8614755179754945,-1.8950167396802096e-14,-0.11381894975014864,-0.21097112305587656
54.149999999997796,0.8614755179754942,-1.893979151478868e-14,-0.11381894975014897,-0.21097112305587673
54.159999999997794,0.8614755179754939,-1.892567134695544e-14,-0.1138189497501488,-0.2109711230558768
54.16999999999779,0.8614755179754938,-1.89156539971521e-14,-0.11381894975014917,-0.21097112305587692
54.17999999999779,0.8614755179754936,-1.889323088563539e-14,-0.11381894975014938,-0.210971123055877
54.18999999999779,0.8614755179754934,-1.887993246272144e-14,-0.11381894975014893,-0.21097112305587715
54.199999999997786,0.8614755179754932,-1.8863179380878154e-14,-0.11381894975014899,-0.2109711230558772
54.209999999997784,0.8614755179754929,-1.8844832451492093e-14,-0.1138189497501491,-0.21097112305587729
54.21999999999778,0.8614755179754926,-1.8835006269094097e-14,-0.11381894975014896,-0.21097112305587745
54.22999999999778,0.8614755179754923,-1.8817968713330886e-14,-0.1138189497501489,-0.2109711230558776
54.23999999999778,0.8614755179754922,-1.880150431667437e-14,-0.11381894975014917,-0.21097112305587767
54.249999999997776,0.8614755179754919,-1.878333223726328e-14,-0.11381894975014875,-0.21097112305587776
54.259999999997774,0.8614755179754917,-1.877367874248004e-14,-0.11381894975014895,-0.21097112305587787
54.26999999999777,0.8614755179754915,-1.8762234120471343e-14,-0.11381894975014893,-0.21097112305587798
54.27999999999777,0.8614755179754913,-1.8751496490473575e-14,-0.11381894975014929,-0.21097112305587812
54.28999999999777,0.861475517975491,-1.8738922707316334e-14,-0.11381894975014933,-0.2109711230558782
54.299999999997766,0.8614755179754908,-1.8728248868239307e-14,-0.11381894975014882,-0.2109711230558783
54.309999999997764,0.8614755179754906,-1.871743956681845e-14,-0.11381894975014888,-0.21097112305587842
54.31999999999776,0.8614755179754905,-1.8705006029161098e-14,-0.11381894975014904,-0.21097112305587853
54.32999999999776,0.8614755179754902,-1.8687525165683775e-14,-0.11381894975014938,-0.2109711230558787
54.33999999999776,0.8614755179754899,-1.8667723638953804e-14,-0.1138189497501491,-0.21097112305587878
54.349999999997756,0.8614755179754897,-1.8653536891309793e-14,-0.1138189497501492,-0.2109711230558789
54.359999999997754,0.8614755179754895,-1.8639614035343332e-14,-0.11381894975014933,-0.21097112305587898
54.36999999999775,0.8614755179754893,-1.8623438297770146e-14,-0.11381894975014958,-0.2109711230558791
54.37999999999775,0.861475517975489,-1.860633853242326e-14,-0.11381894975014936,-0.21097112305587917
54.38999999999775,0.8614755179754889,-1.859181679598519e-14,-0.11381894975014922,-0.2109711230558793
54.399999999997746,0.8614755179754887,-1.8572460170136322e-14,-0.11381894975014964,-0.21097112305587942
54.409999999997744,0.8614755179754885,-1.8547985566421842e-14,-0.1138189497501493,-0.2109711230558795
54.41999999999774,0.8614755179754883,-1.8530121993429108e-14,-0.11381894975014929,-0.21097112305587956
54.42999999999774,0.861475517975488,-1.8522850881445967e-14,-0.11381894975014946,-0.2109711230558797
54.43999999999774,0.8614755179754878,-1.851261210518777e-14,-0.11381894975014968,-0.2109711230558798
54.449999999997736,0.8614755179754876,-1.849541799482281e-14,-0.11381894975014982,-0.2109711230558799
54.459999999997734,0.8614755179754874,-1.8477047138760307e-14,-0.1138189497501492,-0.21097112305588
54.46999999999773,0.8614755179754872,-1.8466584033401323e-14,-0.11381894975014925,-0.21097112305588012
54.47999999999773,0.861475517975487,-1.8452321001502273e-14,-0.11381894975014961,-0.2109711230558802
54.48999999999773,0.8614755179754868,-1.8430462519800758e-14,-0.11381894975014972,-0.21097112305588034
54.499999999997726,0.8614755179754866,-1.840881855786528e-14,-0.11381894975014978,-0.21097112305588042
54.509999999997724,0.8614755179754864,-1.8390093463866255e-14,-0.11381894975015007,-0.21097112305588056
54.51999999999772,0.8614755179754862,-1.8370672092812187e-14,-0.11381894975014983,-0.21097112305588067
54.52999999999772,0.8614755179754859,-1.834624771243252e-14,-0.11381894975014989,-0.21097112305588075
54.53999999999772,0.8614755179754857,-1.8324816697465328e-14,-0.11381894975014961,-0.2109711230558808
54.549999999997716,0.8614755179754855,-1.830094111986311e-14,-0.11381894975014967,-0.21097112305588092
54.559999999997714,0.8614755179754854,-1.8287009666657455e-14,-0.11381894975014983,-0.21097112305588103
54.56999999999771,0.8614755179754852,-1.8271928373423504e-14,-0.11381894975015,-0.21097112305588114
54.57999999999771,0.8614755179754849,-1.8252415886082185e-14,-0.11381894975014996,-0.21097112305588128
54.58999999999771,0.8614755179754847,-1.822377974340253e-14,-0.11381894975015008,-0.21097112305588137
54.599999999997706,0.8614755179754845,-1.8199901488598366e-14,-0.11381894975015022,-0.21097112305588142
54.609999999997704,0.8614755179754843,-1.8175635862930395e-14,-0.11381894975015028,-0.2109711230558815
54.6199999999977,0.861475517975484,-1.8158418065710696e-14,-0.11381894975015046,-0.21097112305588162
54.6299999999977,0.8614755179754838,-1.8141871314434457e-14,-0.1138189497501495,-0.2109711230558817
54.6399999999977,0.8614755179754837,-1.8133337597535412e-14,-0.11381894975014963,-0.2109711230558818
54.649999999997696,0.8614755179754835,-1.811723016506024e-14,-0.11381894975014989,-0.21097112305588195
54.659999999997694,0.8614755179754833,-1.8100970571997254e-14,-0.11381894975015,-0.21097112305588203
54.66999999999769,0.861475517975483,-1.808467539394808e-14,-0.1138189497501503,-0.21097112305588217
54.67999999999769,0.8614755179754828,-1.8059970771394338e-14,-0.11381894975015036,-0.21097112305588225
54.68999999999769,0.8614755179754826,-1.8038225826228513e-14,-0.11381894975015033,-0.21097112305588234
54.69999999999769,0.8614755179754824,-1.8022935856411292e-14,-0.11381894975015003,-0.21097112305588245
54.709999999997684,0.8614755179754822,-1.8002888781416964e-14,-0.11381894975015014,-0.21097112305588256
54.71999999999768,0.861475517975482,-1.798534093079996e-14,-0.11381894975015033,-0.21097112305588264
54.72999999999768,0.8614755179754818,-1.796160347130972e-14,-0.11381894975015036,-0.21097112305588273
54.73999999999768,0.8614755179754816,-1.7941006329383623e-14,-0.11381894975015057,-0.21097112305588286
54.74999999999768,0.8614755179754814,-1.7918827426810354e-14,-0.11381894975015064,-0.21097112305588298
54.759999999997675,0.8614755179754812,-1.7886966216522812e-14,-0.11381894975015072,-0.21097112305588306
54.76999999999767,0.8614755179754809,-1.7861449279940094e-14,-0.11381894975015049,-0.21097112305588317
54.77999999999767,0.8614755179754807,-1.784129949688588e-14,-0.11381894975015061,-0.21097112305588323
54.78999999999767,0.8614755179754805,-1.7820714646734847e-14,-0.11381894975015024,-0.2109711230558833
54.79999999999767,0.8614755179754803,-1.7808995655872058e-14,-0.11381894975015028,-0.2109711230558834
54.809999999997665,0.8614755179754802,-1.7792660619440536e-14,-0.1138189497501506,-0.21097112305588353
54.81999999999766,0.8614755179754799,-1.7769097050793e-14,-0.11381894975015074,-0.2109711230558836
54.82999999999766,0.8614755179754797,-1.774991364892988e-14,-0.11381894975015061,-0.21097112305588372
54.83999999999766,0.8614755179754795,-1.772848643672822e-14,-0.11381894975015067,-0.2109711230558838
54.84999999999766,0.8614755179754793,-1.771029687810612e-14,-0.11381894975015082,-0.21097112305588392
54.859999999997655,0.861475517975479,-1.7691649838737085e-14,-0.1138189497501511,-0.21097112305588403
54.86999999999765,0.8614755179754788,-1.7665387289685514e-14,-0.11381894975015057,-0.2109711230558841
54.87999999999765,0.8614755179754786,-1.7649374032865272e-14,-0.11381894975015062,-0.21097112305588422
54.88999999999765,0.8614755179754785,-1.7632418162646524e-14,-0.11381894975015067,-0.21097112305588434
54.89999999999765,0.8614755179754783,-1.7609447324496452e-14,-0.11381894975015072,-0.21097112305588442
54.909999999997645,0.8614755179754781,-1.7593438136028294e-14,-0.11381894975015085,-0.2109711230558845
54.91999999999764,0.8614755179754778,-1.7582131798841877e-14,-0.11381894975015089,-0.2109711230558846
54.92999999999764,0.8614755179754776,-1.7565198435740168e-14,-0.11381894975015114,-0.21097112305588472
54.93999999999764,0.8614755179754774,-1.7541596530219093e-14,-0.11381894975015126,-0.21097112305588483
54.94999999999764,0.8614755179754772,-1.7522642205846915e-14,-0.11381894975015142,-0.21097112305588495
54.959999999997635,0.861475517975477,-1.7500853192055876e-14,-0.11381894975015107,-0.210971123055885
54.96999999999763,0.8614755179754768,-1.7477864114999813e-14,-0.11381894975015093,-0.21097112305588508
54.97999999999763,0.8614755179754766,-1.7457708011401272e-14,-0.11381894975015108,-0.2109711230558852
54.98999999999763,0.8614755179754764,-1.7445270233883277e-14,-0.11381894975015103,-0.2109711230558853
54.99999999999763,0.8614755179754762,-1.742459384977324e-14,-0.1138189497501512,-0.21097112305588542
55.009999999997625,0.861475517975476,-1.740113956072275e-14,-0.1138189497501513,-0.21097112305588553
55.01999999999762,0.8614755179754757,-1.738078854331485e-14,-0.11381894975015147,-0.2109711230558856
55.02999999999762,0.8614755179754755,-1.7361136375167538e-14,-0.11381894975015133,-0.2109711230558857
55.03999999999762,0.8614755179754753,-1.7337624847598558e-14,-0.11381894975015146,-0.2109711230558858
55.04999999999762,0.8614755179754751,-1.7312824993971415e-14,-0.11381894975015111,-0.2109711230558859
55.059999999997615,0.861475517975475,-1.7292574819126575e-14,-0.11381894975015143,-0.210971123055886
55.06999999999761,0.8614755179754747,-1.7268260209680787e-14,-0.11381894975015135,-0.21097112305588608
55.07999999999761,0.8614755179754745,-1.7248406931014277e-14,-0.11381894975015137,-0.2109711230558862
55.08999999999761,0.8614755179754743,-1.7232834483986916e-14,-0.1138189497501518,-0.21097112305588628
55.09999999999761,0.8614755179754741,-1.7214116978115598e-14,-0.1138189497501517,-0.21097112305588636
55.109999999997605,0.8614755179754738,-1.719814652466439e-14,-0.11381894975015164,-0.2109711230558865
55.1199999999976,0.8614755179754736,-1.7177910221648113e-14,-0.11381894975015165,-0.21097112305588658
55.1299999999976,0.8614755179754734,-1.715559658204778e-14,-0.11381894975015136,-0.21097112305588667
55.1399999999976,0.8614755179754733,-1.7138039048516845e-14,-0.11381894975015158,-0.2109711230558868
55.1499999999976,0.8614755179754731,-1.7113993005467585e-14,-0.11381894975015164,-0.21097112305588686
55.159999999997595,0.8614755179754728,-1.709460913745872e-14,-0.1138189497501517,-0.21097112305588694
55.16999999999759,0.8614755179754726,-1.7076494237771047e-14,-0.11381894975015201,-0.21097112305588706
55.17999999999759,0.8614755179754724,-1.7052737521189602e-14,-0.11381894975015178,-0.21097112305588717
55.18999999999759,0.8614755179754722,-1.703375508259835e-14,-0.11381894975015203,-0.21097112305588728
55.19999999999759,0.861475517975472,-1.701075540495635e-14,-0.11381894975015197,-0.21097112305588736
55.209999999997585,0.8614755179754717,-1.6984571389962664e-14,-0.11381894975015228,-0.21097112305588747
55.21999999999758,0.8614755179754715,-1.6955744810703937e-14,-0.11381894975015183,-0.21097112305588755
55.22999999999758,0.8614755179754714,-1.6928885312341273e-14,-0.11381894975015192,-0.21097112305588764
55.23999999999758,0.8614755179754712,-1.6904666759996966e-14,-0.11381894975015197,-0.21097112305588772
55.24999999999758,0.861475517975471,-1.688723535185007e-14,-0.11381894975015211,-0.2109711230558878
55.259999999997575,0.8614755179754707,-1.6866648639373697e-14,-0.11381894975015205,-0.21097112305588794
55.26999999999757,0.8614755179754705,-1.684107052660532e-14,-0.11381894975015219,-0.21097112305588803
55.27999999999757,0.8614755179754703,-1.6815086359573986e-14,-0.11381894975015233,-0.21097112305588808
55.28999999999757,0.8614755179754701,-1.6795058876711733e-14,-0.11381894975015237,-0.2109711230558882
55.29999999999757,0.8614755179754698,-1.677962767675362e-14,-0.11381894975015239,-0.2109711230558883
55.309999999997565,0.8614755179754696,-1.6756485897513108e-14,-0.11381894975015228,-0.2109711230558884
55.31999999999756,0.8614755179754695,-1.673577968357123e-14,-0.11381894975015214,-0.21097112305588847
55.32999999999756,0.8614755179754693,-1.672084532306681e-14,-0.11381894975015237,-0.2109711230558886
55.33999999999756,0.8614755179754691,-1.6697535655659393e-14,-0.11381894975015219,-0.21097112305588867
55.34999999999756,0.8614755179754688,-1.66737580121431e-14,-0.11381894975015233,-0.21097112305588875
55.359999999997555,0.8614755179754686,-1.665506776601449e-14,-0.11381894975015255,-0.2109711230558889
55.36999999999755,0.8614755179754684,-1.6628791769534726e-14,-0.11381894975015269,-0.21097112305588897
55.37999999999755,0.8614755179754682,-1.6608765432930534e-14,-0.11381894975015273,-0.21097112305588905
55.38999999999755,0.861475517975468,-1.659159300030388e-14,-0.11381894975015257,-0.2109711230558892
55.39999999999755,0.8614755179754677,-1.656574483272e-14,-0.11381894975015236,-0.21097112305588925
55.409999999997545,0.8614755179754676,-1.6547201399583114e-14,-0.11381894975015247,-0.21097112305588933
55.41999999999754,0.8614755179754674,-1.652852443458492e-14,-0.11381894975015272,-0.21097112305588944
55.42999999999754,0.8614755179754672,-1.6502581642644298e-14,-0.11381894975015278,-0.21097112305588955
55.43999999999754,0.861475517975467,-1.647761648017662e-14,-0.11381894975015308,-0.21097112305588964
55.44999999999754,0.8614755179754667,-1.6458251167506882e-14,-0.11381894975015296,-0.21097112305588975
55.459999999997535,0.8614755179754665,-1.64339110745902e-14,-0.11381894975015272,-0.21097112305588983
55.46999999999753,0.8614755179754663,-1.640667861417394e-14,-0.11381894975015312,-0.21097112305588991
55.47999999999753,0.8614755179754661,-1.638333563841515e-14,-0.1138189497501525,-0.21097112305589
55.48999999999753,0.861475517975466,-1.6364529954429775e-14,-0.11381894975015273,-0.2109711230558901
55.49999999999753,0.8614755179754657,-1.6333921304354303e-14,-0.113818949750153,-0.21097112305589022
55.509999999997525,0.8614755179754655,-1.630045679060979e-14,-0.113818949750153,-0.2109711230558903
55.51999999999752,0.8614755179754653,-1.6277504853755856e-14,-0.11381894975015311,-0.21097112305589039
55.52999999999752,0.8614755179754651,-1.625107535494392e-14,-0.11381894975015316,-0.21097112305589047
55.53999999999752,0.8614755179754648,-1.6225978050254834e-14,-0.11381894975015326,-0.21097112305589052
55.54999999999752,0.8614755179754646,-1.620533844792054e-14,-0.1138189497501531,-0.21097112305589064
55.559999999997515,0.8614755179754644,-1.6189469929946532e-14,-0.11381894975015328,-0.21097112305589072
55.56999999999751,0.8614755179754642,-1.6173461640614148e-14,-0.1138189497501532,-0.21097112305589083
55.57999999999751,0.861475517975464,-1.6153055905176743e-14,-0.11381894975015323,-0.21097112305589097
55.58999999999751,0.8614755179754638,-1.6117843522497043e-14,-0.11381894975015332,-0.21097112305589105
55.59999999999751,0.8614755179754635,-1.6089406290700362e-14,-0.1138189497501535,-0.21097112305589114
55.609999999997505,0.8614755179754633,-1.6057480371669593e-14,-0.11381894975015365,-0.21097112305589122
55.6199999999975,0.861475517975463,-1.602979619486469e-14,-0.11381894975015358,-0.21097112305589136
55.6299999999975,0.8614755179754626,-1.5996685085059702e-14,-0.11381894975015378,-0.21097112305589147
55.6399999999975,0.8614755179754623,-1.5958711879996968e-14,-0.11381894975015391,-0.21097112305589158
55.6499999999975,0.861475517975462,-1.5924460025902095e-14,-0.1138189497501541,-0.21097112305589166
55.659999999997495,0.8614755179754616,-1.5882251248507902e-14,-0.11381894975015427,-0.2109711230558918
55.66999999999749,0.8614755179754614,-1.584138298945226e-14,-0.11381894975015461,-0.2109711230558919
55.67999999999749,0.8614755179754611,-1.579848664986386e-14,-0.11381894975015477,-0.21097112305589202
55.68999999999749,0.8614755179754607,-1.5755750854266504e-14,-0.11381894975015487,-0.21097112305589213
55.69999999999749,0.8614755179754604,-1.571134747758567e-14,-0.11381894975015505,-0.21097112305589225
55.709999999997486,0.8614755179754601,-1.566693635881541e-14,-0.11381894975015511,-0.21097112305589236
55.71999999999748,0.8614755179754597,-1.562624207228717e-14,-0.11381894975015477,-0.21097112305589247
55.72999999999748,0.8614755179754594,-1.5583079282132663e-14,-0.11381894975015472,-0.21097112305589258
55.73999999999748,0.8614755179754591,-1.5537647461662673e-14,-0.11381894975015516,-0.2109711230558927
55.74999999999748,0.8614755179754587,-1.5488273045177882e-14,-0.11381894975015522,-0.21097112305589283
55.759999999997476,0.8614755179754585,-1.5441286989908406e-14,-0.1138189497501554,-0.2109711230558929
55.769999999997474,0.8614755179754582,-1.5393980441045308e-14,-0.1138189497501555,-0.21097112305589302
55.77999999999747,0.8614755179754578,-1.5347950768704208e-14,-0.11381894975015558,-0.21097112305589313
55.78999999999747,0.8614755179754575,-1.5301489990624775e-14,-0.11381894975015577,-0.21097112305589327
55.79999999999747,0.8614755179754572,-1.5251927664468646e-14,-0.1138189497501559,-0.21097112305589338
55.809999999997466,0.8614755179754569,-1.5202686766656418e-14,-0.11381894975015608,-0.2109711230558935
55.819999999997464,0.8614755179754565,-1.515164878004933e-14,-0.1138189497501563,-0.21097112305589358
55.82999999999746,0.8614755179754562,-1.5099219541667906e-14,-0.1138189497501563,-0.21097112305589372
55.83999999999746,0.861475517975456,-1.5050791566903065e-14,-0.11381894975015658,-0.21097112305589383
55.84999999999746,0.8614755179754556,-1.5004194010243868e-14,-0.11381894975015672,-0.21097112305589394
55.859999999997456,0.8614755179754553,-1.4954309865735485e-14,-0.11381894975015681,-0.21097112305589405
55.869999999997454,0.861475517975455,-1.4906825979677066e-14,-0.11381894975015688,-0.21097112305589416
55.87999999999745,0.8614755179754546,-1.4857090434013145e-14,-0.11381894975015698,-0.21097112305589427
55.88999999999745,0.8614755179754544,-1.4809835802712624e-14,-0.11381894975015656,-0.21097112305589436
55.89999999999745,0.8614755179754542,-1.4766986035334253e-14,-0.1138189497501566,-0.21097112305589444
55.909999999997446,0.861475517975454,-1.4728545978338906e-14,-0.11381894975015666,-0.21097112305589452
55.919999999997444,0.8614755179754537,-1.4693876462049522e-14,-0.11381894975015654,-0.21097112305589463
55.92999999999744,0.8614755179754535,-1.4666605179249485e-14,-0.11381894975015654,-0.21097112305589472
55.93999999999744,0.8614755179754534,-1.463732757779417e-14,-0.11381894975015666,-0.21097112305589477
55.94999999999744,0.8614755179754532,-1.4610639421622178e-14,-0.11381894975015691,-0.21097112305589485
55.959999999997436,0.861475517975453,-1.4583322000391317e-14,-0.11381894975015705,-0.21097112305589497
55.969999999997434,0.8614755179754527,-1.455598707366262e-14,-0.11381894975015709,-0.21097112305589505
55.97999999999743,0.8614755179754525,-1.4532538565976842e-14,-0.11381894975015724,-0.21097112305589513
55.98999999999743,0.8614755179754523,-1.4510772974314442e-14,-0.1138189497501569,-0.21097112305589522
55.99999999999743,0.8614755179754521,-1.44923753368412e-14,-0.11381894975015704,-0.2109711230558953
56.009999999997426,0.8614755179754519,-1.4474723543768425e-14,-0.11381894975015688,-0.21097112305589538
56.019999999997424,0.8614755179754516,-1.4455535527861562e-14,-0.11381894975015669,-0.21097112305589544
56.02999999999742,0.8614755179754514,-1.4441653070053362e-14,-0.11381894975015684,-0.21097112305589552
56.03999999999742,0.8614755179754512,-1.442699652875432e-14,-0.11381894975015679,-0.21097112305589558
56.04999999999742,0.8614755179754511,-1.4420371653855896e-14,-0.11381894975015691,-0.21097112305589566
56.059999999997416,0.8614755179754509,-1.4415020663823003e-14,-0.11381894975015677,-0.21097112305589572
56.069999999997414,0.8614755179754506,-1.4416147899362704e-14,-0.1138189497501569,-0.2109711230558958
56.07999999999741,0.8614755179754504,-1.4416465991039757e-14,-0.11381894975015695,-0.2109711230558959
56.08999999999741,0.8614755179754502,-1.4417851598395396e-14,-0.11381894975015636,-0.21097112305589596
56.09999999999741,0.86147551797545,-1.442184920617225e-14,-0.1138189497501565,-0.21097112305589605
56.109999999997406,0.8614755179754497,-1.4419593982931698e-14,-0.11381894975015662,-0.21097112305589613
56.119999999997404,0.8614755179754495,-1.4415830646203207e-14,-0.11381894975015674,-0.21097112305589624
56.1299999999974,0.8614755179754493,-1.441006614888457e-14,-0.11381894975015673,-0.21097112305589633
56.1399999999974,0.8614755179754491,-1.440775516481537e-14,-0.11381894975015679,-0.2109711230558964
56.1499999999974,0.8614755179754489,-1.4403385566237842e-14,-0.11381894975015683,-0.2109711230558965
56.159999999997396,0.8614755179754487,-1.4397221698544346e-14,-0.113818949750157,-0.21097112305589655
56.169999999997394,0.8614755179754485,-1.4393940146371197e-14,-0.11381894975015705,-0.21097112305589666
56.17999999999739,0.8614755179754483,-1.438874688813966e-14,-0.11381894975015638,-0.21097112305589674
56.18999999999739,0.8614755179754481,-1.438515109851978e-14,-0.1138189497501566,-0.21097112305589683
56.19999999999739,0.8614755179754479,-1.4377712333619257e-14,-0.11381894975015677,-0.2109711230558969
56.209999999997386,0.8614755179754476,-1.4369385135918885e-14,-0.1138189497501569,-0.210971123055897
56.219999999997384,0.8614755179754474,-1.4359117110089644e-14,-0.11381894975015693,-0.2109711230558971
56.22999999999738,0.8614755179754472,-1.435098058343073e-14,-0.11381894975015705,-0.21097112305589716
56.23999999999738,0.861475517975447,-1.4342239693517166e-14,-0.11381894975015719,-0.21097112305589724
56.24999999999738,0.8614755179754467,-1.4333592707070507e-14,-0.11381894975015729,-0.21097112305589732
56.259999999997376,0.8614755179754466,-1.4321100888829316e-14,-0.11381894975015716,-0.21097112305589744
56.269999999997374,0.8614755179754464,-1.4306272815678623e-14,-0.11381894975015702,-0.2109711230558975
56.27999999999737,0.8614755179754462,-1.4293618564515806e-14,-0.11381894975015676,-0.21097112305589757
56.28999999999737,0.861475517975446,-1.428277433136657e-14,-0.11381894975015688,-0.21097112305589766
56.29999999999737,0.8614755179754457,-1.427060098627152e-14,-0.11381894975015686,-0.2109711230558977
56.309999999997366,0.8614755179754455,-1.4261575469547032e-14,-0.11381894975015709,-0.21097112305589777
56.319999999997364,0.8614755179754453,-1.425466024126869e-14,-0.11381894975015715,-0.21097112305589788
56.32999999999736,0.8614755179754451,-1.4245622575244625e-14,-0.11381894975015727,-0.21097112305589796
56.33999999999736,0.8614755179754449,-1.4237560783825908e-14,-0.11381894975015733,-0.21097112305589805
56.34999999999736,0.8614755179754446,-1.4221837961335076e-14,-0.11381894975015719,-0.21097112305589813
56.359999999997356,0.8614755179754444,-1.4208765124274553e-14,-0.11381894975015759,-0.2109711230558982
56.369999999997354,0.8614755179754442,-1.4193475195977576e-14,-0.11381894975015763,-0.21097112305589832
56.37999999999735,0.8614755179754441,-1.4179673733470784e-14,-0.11381894975015741,-0.21097112305589838
56.38999999999735,0.8614755179754439,-1.41656953307575e-14,-0.11381894975015731,-0.21097112305589846
56.39999999999735,0.8614755179754436,-1.4151450192908515e-14,-0.11381894975015716,-0.21097112305589852
56.409999999997346,0.8614755179754434,-1.4141851045996573e-14,-0.11381894975015722,-0.21097112305589857
56.419999999997344,0.8614755179754433,-1.4137644031439676e-14,-0.11381894975015727,-0.21097112305589863
56.42999999999734,0.8614755179754431,-1.4136468596977364e-14,-0.1138189497501571,-0.21097112305589874
56.43999999999734,0.861475517975443,-1.4133938827744533e-14,-0.11381894975015724,-0.2109711230558988
56.44999999999734,0.8614755179754428,-1.4131856978910232e-14,-0.1138189497501575,-0.21097112305589888
56.459999999997336,0.8614755179754425,-1.4122932300159987e-14,-0.11381894975015727,-0.21097112305589893
56.469999999997334,0.8614755179754424,-1.4111713537509692e-14,-0.1138189497501573,-0.210971123055899
56.47999999999733,0.8614755179754422,-1.4105922634859422e-14,-0.11381894975015741,-0.2109711230558991
56.48999999999733,0.8614755179754421,-1.4095483540010733e-14,-0.11381894975015726,-0.21097112305589916
56.49999999999733,0.861475517975442,-1.4092651635503806e-14,-0.11381894975015738,-0.21097112305589924
56.509999999997326,0.8614755179754418,-1.4087582811665903e-14,-0.11381894975015744,-0.21097112305589932
56.519999999997324,0.8614755179754415,-1.4081599378314637e-14,-0.11381894975015731,-0.21097112305589943
56.52999999999732,0.8614755179754414,-1.4075952103579428e-14,-0.11381894975015748,-0.2109711230558995
56.53999999999732,0.8614755179754413,-1.4077473803100866e-14,-0.11381894975015684,-0.21097112305589955
56.54999999999732,0.8614755179754411,-1.4083681786414957e-14,-0.11381894975015693,-0.2109711230558996
56.559999999997316,0.8614755179754409,-1.4087252307427543e-14,-0.1138189497501571,-0.21097112305589968
56.569999999997314,0.8614755179754406,-1.4092929968508016e-14,-0.11381894975015694,-0.2109711230558998
56.57999999999731,0.8614755179754404,-1.4099131373946445e-14,-0.11381894975015706,-0.21097112305589988
56.58999999999731,0.8614755179754402,-1.4098922955998122e-14,-0.11381894975015718,-0.21097112305589996
56.59999999999731,0.86147551797544,-1.4103052297427418e-14,-0.11381894975015722,-0.21097112305590004
56.60999999999731,0.8614755179754399,-1.4105459537998462e-14,-0.11381894975015663,-0.21097112305590013
56.619999999997304,0.8614755179754398,-1.4109910882948446e-14,-0.1138189497501568,-0.21097112305590018
56.6299999999973,0.8614755179754396,-1.4119226599506613e-14,-0.113818949750157,-0.21097112305590024
56.6399999999973,0.8614755179754394,-1.412956852322065e-14,-0.11381894975015684,-0.21097112305590032
56.6499999999973,0.8614755179754392,-1.4141263963694226e-14,-0.113818949750157,-0.2109711230559004
56.6599999999973,0.861475517975439,-1.4152580085180812e-14,-0.11381894975015705,-0.21097112305590052
56.669999999997295,0.8614755179754388,-1.4158770283839953e-14,-0.11381894975015676,-0.2109711230559006
56.67999999999729,0.8614755179754385,-1.41639554534407e-14,-0.11381894975015663,-0.21097112305590068
56.68999999999729,0.8614755179754383,-1.4170233535977867e-14,-0.11381894975015684,-0.21097112305590077
56.69999999999729,0.8614755179754381,-1.4172032618559107e-14,-0.11381894975015698,-0.21097112305590082
56.70999999999729,0.861475517975438,-1.4170238120944335e-14,-0.11381894975015683,-0.2109711230559009
56.719999999997285,0.8614755179754379,-1.4173694058891513e-14,-0.11381894975015679,-0.210971123055901
56.72999999999728,0.8614755179754376,-1.4179434437063486e-14,-0.11381894975015654,-0.21097112305590107
56.73999999999728,0.8614755179754374,-1.4182634773630803e-14,-0.11381894975015672,-0.21097112305590116
56.74999999999728,0.8614755179754372,-1.4189447589547824e-14,-0.11381894975015658,-0.21097112305590127
56.75999999999728,0.861475517975437,-1.4195985644774777e-14,-0.11381894975015658,-0.21097112305590135
56.769999999997275,0.8614755179754369,-1.419385641591653e-14,-0.11381894975015688,-0.21097112305590138
56.77999999999727,0.8614755179754366,-1.4200064391012528e-14,-0.11381894975015694,-0.21097112305590146
56.78999999999727,0.8614755179754364,-1.4203985567945335e-14,-0.1138189497501568,-0.21097112305590154
56.79999999999727,0.8614755179754363,-1.4204003010517482e-14,-0.11381894975015652,-0.21097112305590163
56.80999999999727,0.8614755179754361,-1.4206805009899303e-14,-0.11381894975015643,-0.2109711230559017
56.819999999997265,0.8614755179754359,-1.4209019091409955e-14,-0.11381894975015654,-0.2109711230559018
56.82999999999726,0.8614755179754358,-1.4214021125615846e-14,-0.11381894975015659,-0.21097112305590188
56.83999999999726,0.8614755179754355,-1.421271418505592e-14,-0.11381894975015677,-0.21097112305590196
56.84999999999726,0.8614755179754353,-1.4209238301630079e-14,-0.11381894975015677,-0.21097112305590204
56.85999999999726,0.8614755179754351,-1.4207240644648161e-14,-0.11381894975015638,-0.21097112305590213
56.869999999997255,0.861475517975435,-1.4202892388029842e-14,-0.11381894975015644,-0.21097112305590218
56.87999999999725,0.8614755179754348,-1.4205403266828521e-14,-0.11381894975015665,-0.21097112305590227
56.88999999999725,0.8614755179754345,-1.4204620599750557e-14,-0.11381894975015677,-0.21097112305590238
56.89999999999725,0.8614755179754343,-1.4203272568238587e-14,-0.1138189497501566,-0.21097112305590246
56.90999999999725,0.8614755179754341,-1.41993403908333e-14,-0.11381894975015647,-0.21097112305590254
56.919999999997245,0.861475517975434,-1.4195924954732652e-14,-0.11381894975015669,-0.21097112305590257
56.92999999999724,0.8614755179754339,-1.418893944016588e-14,-0.11381894975015669,-0.21097112305590263
56.93999999999724,0.8614755179754338,-1.4180990972007155e-14,-0.1138189497501565,-0.21097112305590274
56.94999999999724,0.8614755179754336,-1.4168511590145563e-14,-0.11381894975015655,-0.2109711230559028
56.95999999999724,0.8614755179754334,-1.4161507524160925e-14,-0.1138189497501566,-0.21097112305590288
56.969999999997235,0.8614755179754333,-1.41503192223247e-14,-0.11381894975015683,-0.21097112305590293
56.97999999999723,0.8614755179754331,-1.414230772703644e-14,-0.11381894975015695,-0.21097112305590301
56.98999999999723,0.8614755179754329,-1.412824031345202e-14,-0.11381894975015701,-0.21097112305590313
56.99999999999723,0.8614755179754328,-1.4111848491430804e-14,-0.11381894975015694,-0.21097112305590318
57.00999999999723,0.8614755179754325,-1.4099334736717193e-14,-0.11381894975015705,-0.21097112305590324
57.019999999997225,0.8614755179754323,-1.4086417685789353e-14,-0.11381894975015674,-0.21097112305590332
57.02999999999722,0.8614755179754322,-1.4067909748540249e-14,-0.11381894975015683,-0.2109711230559034
57.03999999999722,0.8614755179754321,-1.405125656996582e-14,-0.11381894975015683,-0.21097112305590346
57.04999999999722,0.8614755179754321,-1.403787755657805e-14,-0.11381894975015679,-0.21097112305590351
57.05999999999722,0.8614755179754319,-1.4028715756637038e-14,-0.11381894975015691,-0.2109711230559036
57.069999999997215,0.8614755179754316,-1.401872399288386e-14,-0.11381894975015705,-0.21097112305590368
57.07999999999721,0.8614755179754314,-1.4005718449092268e-14,-0.11381894975015716,-0.21097112305590376
57.08999999999721,0.8614755179754313,-1.3986518599039489e-14,-0.11381894975015729,-0.21097112305590382
57.09999999999721,0.8614755179754311,-1.3973227560609938e-14,-0.11381894975015741,-0.2109711230559039
57.10999999999721,0.8614755179754309,-1.3958692875560658e-14,-0.11381894975015709,-0.210971123055904
57.119999999997205,0.8614755179754308,-1.3941324128305899e-14,-0.11381894975015698,-0.21097112305590404
57.1299999999972,0.8614755179754306,-1.3920525588869618e-14,-0.11381894975015719,-0.21097112305590413
57.1399999999972,0.8614755179754304,-1.3900971611831345e-14,-0.11381894975015724,-0.2109711230559042
57.1499999999972,0.8614755179754303,-1.3879554812172467e-14,-0.11381894975015719,-0.21097112305590426
57.1599999999972,0.8614755179754301,-1.3861607171060844e-14,-0.11381894975015731,-0.21097112305590435
57.169999999997195,0.8614755179754301,-1.384150616475253e-14,-0.11381894975015722,-0.2109711230559044
57.17999999999719,0.8614755179754299,-1.3821350751617221e-14,-0.11381894975015748,-0.21097112305590449
57.18999999999719,0.8614755179754296,-1.380225832739835e-14,-0.11381894975015759,-0.21097112305590457
57.19999999999719,0.8614755179754295,-1.3776383145915487e-14,-0.11381894975015724,-0.21097112305590462
57.20999999999719,0.8614755179754294,-1.37537687895324e-14,-0.11381894975015751,-0.21097112305590468
57.219999999997185,0.8614755179754292,-1.3732205270335275e-14,-0.11381894975015736,-0.2109711230559048
57.22999999999718,0.8614755179754291,-1.371073518187358e-14,-0.11381894975015752,-0.21097112305590485
57.23999999999718,0.861475517975429,-1.3689371895397786e-14,-0.1138189497501576,-0.2109711230559049
57.24999999999718,0.8614755179754288,-1.3671153747368903e-14,-0.11381894975015765,-0.21097112305590499
57.25999999999718,0.8614755179754287,-1.3653528306155424e-14,-0.11381894975015798,-0.210971123055905
57.269999999997175,0.8614755179754284,-1.3640298593502164e-14,-0.11381894975015779,-0.21097112305590512
57.27999999999717,0.8614755179754283,-1.362381512077133e-14,-0.1138189497501572,-0.21097112305590518
57.28999999999717,0.8614755179754282,-1.3607394200951487e-14,-0.11381894975015734,-0.21097112305590526
57.29999999999717,0.861475517975428,-1.3592451759636823e-14,-0.11381894975015744,-0.21097112305590535
57.30999999999717,0.8614755179754279,-1.3576697002414364e-14,-0.11381894975015758,-0.21097112305590543
57.319999999997165,0.8614755179754277,-1.3564443215751818e-14,-0.11381894975015773,-0.2109711230559055
57.32999999999716,0.8614755179754275,-1.3548815323296617e-14,-0.11381894975015751,-0.21097112305590557
57.33999999999716,0.8614755179754274,-1.3538500681850982e-14,-0.11381894975015766,-0.2109711230559056
57.34999999999716,0.8614755179754272,-1.352890130763591e-14,-0.11381894975015784,-0.21097112305590568
57.35999999999716,0.8614755179754271,-1.351463926900211e-14,-0.11381894975015781,-0.21097112305590576
57.369999999997155,0.8614755179754269,-1.3501935008165119e-14,-0.11381894975015758,-0.21097112305590585
57.37999999999715,0.8614755179754268,-1.3487391974871761e-14,-0.11381894975015737,-0.2109711230559059
57.38999999999715,0.8614755179754265,-1.3476371216502929e-14,-0.11381894975015756,-0.21097112305590598
57.39999999999715,0.8614755179754265,-1.346558319349849e-14,-0.11381894975015776,-0.21097112305590604
57.40999999999715,0.8614755179754263,-1.3457743132555402e-14,-0.11381894975015776,-0.21097112305590615
57.419999999997145,0.8614755179754262,-1.3444525694218183e-14,-0.11381894975015784,-0.2109711230559062
57.42999999999714,0.8614755179754261,-1.34336668268405e-14,-0.11381894975015756,-0.21097112305590623
57.43999999999714,0.8614755179754259,-1.3427272865841866e-14,-0.11381894975015783,-0.21097112305590632
57.44999999999714,0.8614755179754257,-1.341300424731826e-14,-0.11381894975015797,-0.2109711230559064
57.45999999999714,0.8614755179754255,-1.33973567672592e-14,-0.11381894975015763,-0.21097112305590648
57.469999999997135,0.8614755179754254,-1.3387649893363435e-14,-0.1138189497501576,-0.21097112305590654
57.47999999999713,0.8614755179754252,-1.3380769750888944e-14,-0.11381894975015774,-0.21097112305590662
57.48999999999713,0.8614755179754251,-1.3371082961724637e-14,-0.11381894975015779,-0.21097112305590668
57.49999999999713,0.8614755179754249,-1.3357558656924355e-14,-0.11381894975015798,-0.2109711230559068
57.50999999999713,0.8614755179754248,-1.334688829317206e-14,-0.11381894975015781,-0.21097112305590682
57.519999999997125,0.8614755179754247,-1.3338181601023006e-14,-0.11381894975015788,-0.21097112305590685
57.52999999999712,0.8614755179754247,-1.3323385417312444e-14,-0.11381894975015791,-0.2109711230559069
57.53999999999712,0.8614755179754245,-1.3310934592223675e-14,-0.11381894975015806,-0.21097112305590696
57.54999999999712,0.8614755179754244,-1.3302027883145728e-14,-0.11381894975015815,-0.210971123055907
57.55999999999712,0.8614755179754243,-1.3295014793680089e-14,-0.11381894975015724,-0.2109711230559071
57.569999999997115,0.8614755179754241,-1.3291075365856522e-14,-0.11381894975015797,-0.21097112305590718
57.57999999999711,0.861475517975424,-1.3284184835942603e-14,-0.11381894975015766,-0.21097112305590723
57.58999999999711,0.8614755179754238,-1.3273725659333133e-14,-0.1138189497501578,-0.21097112305590732
57.59999999999711,0.8614755179754237,-1.3259505161005786e-14,-0.11381894975015798,-0.21097112305590737
57.60999999999711,0.8614755179754235,-1.3247877461163866e-14,-0.11381894975015783,-0.21097112305590743
57.619999999997106,0.8614755179754234,-1.3236022297209624e-14,-0.11381894975015783,-0.21097112305590748
57.6299999999971,0.8614755179754233,-1.322569290197522e-14,-0.113818949750158,-0.21097112305590754
57.6399999999971,0.8614755179754231,-1.3214069074830961e-14,-0.11381894975015812,-0.21097112305590762
57.6499999999971,0.8614755179754231,-1.320202845405644e-14,-0.11381894975015816,-0.21097112305590768
57.6599999999971,0.861475517975423,-1.318944244353018e-14,-0.11381894975015827,-0.21097112305590776
57.669999999997096,0.8614755179754228,-1.3177321889001957e-14,-0.1138189497501583,-0.21097112305590784
57.679999999997094,0.8614755179754227,-1.3161850594212056e-14,-0.11381894975015816,-0.2109711230559079
57.68999999999709,0.8614755179754225,-1.3150061999693648e-14,-0.11381894975015824,-0.21097112305590796
57.69999999999709,0.8614755179754224,-1.3138938964380018e-14,-0.11381894975015781,-0.210971123055908
57.70999999999709,0.8614755179754222,-1.3127730251778122e-14,-0.11381894975015786,-0.2109711230559081
57.719999999997086,0.8614755179754221,-1.3115911930474932e-14,-0.11381894975015801,-0.21097112305590815
57.729999999997084,0.8614755179754219,-1.3107284869668229e-14,-0.11381894975015805,-0.21097112305590823
57.73999999999708,0.8614755179754218,-1.3092332569886988e-14,-0.1138189497501581,-0.2109711230559083
57.74999999999708,0.8614755179754217,-1.307503236688316e-14,-0.11381894975015805,-0.21097112305590837
57.75999999999708,0.8614755179754215,-1.3061255434127954e-14,-0.11381894975015786,-0.21097112305590843
57.769999999997076,0.8614755179754214,-1.3049146041194937e-14,-0.11381894975015787,-0.21097112305590848
57.779999999997074,0.8614755179754213,-1.3040688005745398e-14,-0.11381894975015829,-0.21097112305590857
57.78999999999707,0.8614755179754212,-1.3030438501405727e-14,-0.11381894975015816,-0.21097112305590862
57.79999999999707,0.8614755179754211,-1.302225841061391e-14,-0.11381894975015824,-0.21097112305590868
57.80999999999707,0.861475517975421,-1.3008881134436521e-14,-0.11381894975015827,-0.21097112305590873
57.819999999997066,0.8614755179754208,-1.3001972840230593e-14,-0.11381894975015831,-0.21097112305590882
57.829999999997064,0.8614755179754207,-1.2990733313269231e-14,-0.11381894975015797,-0.21097112305590887
57.83999999999706,0.8614755179754204,-1.2979746717895493e-14,-0.11381894975015816,-0.21097112305590895
57.84999999999706,0.8614755179754203,-1.2965598783313146e-14,-0.11381894975015826,-0.21097112305590904
57.85999999999706,0.8614755179754202,-1.2952994344742587e-14,-0.11381894975015856,-0.2109711230559091
57.869999999997056,0.8614755179754201,-1.2941303538031074e-14,-0.11381894975015824,-0.21097112305590915
57.879999999997054,0.8614755179754199,-1.2932833029693287e-14,-0.11381894975015835,-0.2109711230559092
57.88999999999705,0.8614755179754198,-1.292041785730937e-14,-0.11381894975015844,-0.21097112305590926
57.89999999999705,0.8614755179754198,-1.2905595136145206e-14,-0.11381894975015852,-0.21097112305590934
57.90999999999705,0.8614755179754195,-1.2891945677612676e-14,-0.11381894975015851,-0.21097112305590943
57.919999999997046,0.8614755179754194,-1.2875832049852247e-14,-0.11381894975015852,-0.21097112305590948
57.929999999997044,0.8614755179754192,-1.286523322661865e-14,-0.11381894975015863,-0.21097112305590957
57.93999999999704,0.8614755179754191,-1.2853237101195256e-14,-0.11381894975015874,-0.21097112305590965
57.94999999999704,0.8614755179754189,-1.2843727246402202e-14,-0.11381894975015887,-0.21097112305590973
57.95999999999704,0.8614755179754188,-1.2822143738065856e-14,-0.11381894975015895,-0.2109711230559098
57.969999999997036,0.8614755179754187,-1.2799418938824888e-14,-0.1138189497501586,-0.21097112305590984
57.979999999997034,0.8614755179754185,-1.2778420125458457e-14,-0.11381894975015842,-0.21097112305590987
57.98999999999703,0.8614755179754184,-1.2762223363779967e-14,-0.11381894975015855,-0.21097112305590995
57.99999999999703,0.8614755179754183,-1.2748442706643937e-14,-0.11381894975015863,-0.21097112305591
58.00999999999703,0.8614755179754182,-1.2734626917840095e-14,-0.11381894975015878,-0.21097112305591006
58.019999999997026,0.8614755179754182,-1.272010903232824e-14,-0.1138189497501589,-0.21097112305591015
58.029999999997024,0.8614755179754181,-1.2703215074952346e-14,-0.11381894975015909,-0.21097112305591023
58.03999999999702,0.8614755179754179,-1.268333968890086e-14,-0.11381894975015933,-0.21097112305591034
58.04999999999702,0.8614755179754178,-1.2656431666535717e-14,-0.11381894975015935,-0.2109711230559104
58.05999999999702,0.8614755179754175,-1.2634766713148373e-14,-0.11381894975015955,-0.2109711230559105
58.069999999997016,0.8614755179754174,-1.26034252954043e-14,-0.11381894975015934,-0.21097112305591056
58.079999999997014,0.8614755179754172,-1.2572935072854159e-14,-0.1138189497501598,-0.21097112305591065
58.08999999999701,0.8614755179754171,-1.2543960552457033e-14,-0.11381894975015892,-0.2109711230559107
58.09999999999701,0.861475517975417,-1.251709262062572e-14,-0.11381894975015919,-0.21097112305591081
58.10999999999701,0.8614755179754169,-1.249091066504466e-14,-0.11381894975015922,-0.21097112305591087
58.119999999997006,0.8614755179754169,-1.246223271808473e-14,-0.11381894975015933,-0.21097112305591093
58.129999999997004,0.8614755179754167,-1.244184231978927e-14,-0.11381894975015937,-0.21097112305591104
58.139999999997,0.8614755179754165,-1.2415653800305549e-14,-0.11381894975015963,-0.2109711230559111
58.149999999997,0.8614755179754164,-1.2384187203396405e-14,-0.11381894975015969,-0.21097112305591115
58.159999999997,0.8614755179754163,-1.2357209344296893e-14,-0.11381894975015941,-0.2109711230559112
58.169999999996996,0.8614755179754162,-1.2333664449883314e-14,-0.11381894975015969,-0.21097112305591129
58.179999999996994,0.861475517975416,-1.230492500266051e-14,-0.11381894975016,-0.21097112305591142
58.18999999999699,0.8614755179754159,-1.2271829957518341e-14,-0.11381894975016016,-0.21097112305591148
58.19999999999699,0.8614755179754158,-1.2231481134033694e-14,-0.11381894975016024,-0.21097112305591154
58.20999999999699,0.8614755179754157,-1.220038100886655e-14,-0.11381894975015973,-0.2109711230559116
58.219999999996986,0.8614755179754156,-1.2173460033186022e-14,-0.11381894975015994,-0.21097112305591165
58.229999999996984,0.8614755179754156,-1.2139735358361572e-14,-0.1138189497501601,-0.2109711230559117
58.23999999999698,0.8614755179754154,-1.2110649530416023e-14,-0.11381894975015994,-0.21097112305591179
58.24999999999698,0.8614755179754153,-1.2083439582946935e-14,-0.1138189497501601,-0.2109711230559119
58.25999999999698,0.8614755179754151,-1.2047890680977497e-14,-0.11381894975015991,-0.21097112305591198
58.269999999996976,0.861475517975415,-1.2013945258325447e-14,-0.11381894975016006,-0.21097112305591204
58.279999999996974,0.8614755179754149,-1.1982217923089657e-14,-0.11381894975016014,-0.2109711230559121
58.28999999999697,0.8614755179754147,-1.1960012925706594e-14,-0.1138189497501603,-0.21097112305591223
58.29999999999697,0.8614755179754146,-1.1923069180055584e-14,-0.11381894975016033,-0.21097112305591226
58.30999999999697,0.8614755179754144,-1.1887089192122363e-14,-0.11381894975016059,-0.2109711230559123
58.319999999996966,0.8614755179754143,-1.1853367676907147e-14,-0.11381894975016074,-0.21097112305591237
58.329999999996964,0.8614755179754142,-1.182663805013537e-14,-0.11381894975016076,-0.21097112305591242
58.33999999999696,0.8614755179754141,-1.1803963398479039e-14,-0.11381894975016099,-0.21097112305591256
58.34999999999696,0.861475517975414,-1.176935193270561e-14,-0.11381894975016063,-0.21097112305591262
58.35999999999696,0.8614755179754139,-1.1735586199394576e-14,-0.1138189497501603,-0.21097112305591267
58.369999999996956,0.8614755179754137,-1.1709438149141617e-14,-0.11381894975016088,-0.2109711230559128
58.379999999996954,0.8614755179754136,-1.1670847020175974e-14,-0.11381894975016069,-0.21097112305591287
58.38999999999695,0.8614755179754134,-1.1640213009457427e-14,-0.11381894975016071,-0.2109711230559129
58.39999999999695,0.8614755179754133,-1.1609986533404671e-14,-0.1138189497501609,-0.21097112305591295
58.40999999999695,0.8614755179754132,-1.1580882647415687e-14,-0.1138189497501609,-0.21097112305591303
58.419999999996946,0.8614755179754131,-1.1556663827234829e-14,-0.1138189497501612,-0.21097112305591312
58.429999999996944,0.861475517975413,-1.1523846175489788e-14,-0.11381894975016121,-0.21097112305591317
58.43999999999694,0.861475517975413,-1.1495441769072786e-14,-0.11381894975016131,-0.21097112305591328
58.44999999999694,0.8614755179754129,-1.146565786584108e-14,-0.11381894975016112,-0.21097112305591334
58.45999999999694,0.8614755179754127,-1.1439286644912423e-14,-0.11381894975016135,-0.21097112305591345
58.469999999996936,0.8614755179754126,-1.1404384726781752e-14,-0.1138189497501615,-0.21097112305591348
58.479999999996934,0.8614755179754124,-1.1367731859853738e-14,-0.11381894975016109,-0.21097112305591356
58.48999999999693,0.8614755179754122,-1.1341725245838193e-14,-0.11381894975016113,-0.21097112305591365
58.49999999999693,0.8614755179754121,-1.1309517898220268e-14,-0.11381894975016119,-0.2109711230559137
58.50999999999693,0.861475517975412,-1.1279833842961927e-14,-0.11381894975016134,-0.21097112305591376
58.51999999999693,0.8614755179754119,-1.1251980061628098e-14,-0.11381894975016152,-0.21097112305591387
58.529999999996924,0.8614755179754118,-1.122197072570211e-14,-0.11381894975016157,-0.21097112305591392
58.53999999999692,0.8614755179754117,-1.11972081151927e-14,-0.11381894975016148,-0.210971123055914
58.54999999999692,0.8614755179754116,-1.1167877678325147e-14,-0.11381894975016205,-0.21097112305591412
58.55999999999692,0.8614755179754114,-1.112769346028039e-14,-0.11381894975016177,-0.21097112305591417
58.56999999999692,0.8614755179754113,-1.1092827112058614e-14,-0.11381894975016182,-0.21097112305591423
58.579999999996915,0.8614755179754112,-1.105708042682428e-14,-0.11381894975016191,-0.21097112305591428
58.58999999999691,0.8614755179754111,-1.1031122704919193e-14,-0.11381894975016213,-0.21097112305591434
58.59999999999691,0.861475517975411,-1.1001753419319324e-14,-0.11381894975016185,-0.21097112305591445
58.60999999999691,0.8614755179754109,-1.097378513381674e-14,-0.11381894975016178,-0.21097112305591453
58.61999999999691,0.8614755179754107,-1.0940808937873486e-14,-0.11381894975016249,-0.21097112305591462
58.629999999996905,0.8614755179754106,-1.0899223217835882e-14,-0.11381894975016196,-0.21097112305591467
58.6399999999969,0.8614755179754104,-1.0862487203960539e-14,-0.11381894975016216,-0.21097112305591473
58.6499999999969,0.8614755179754104,-1.0829965045792156e-14,-0.1138189497501622,-0.21097112305591478
58.6599999999969,0.8614755179754103,-1.0798194999151637e-14,-0.113818949750162,-0.21097112305591484
58.6699999999969,0.8614755179754102,-1.0769991327501068e-14,-0.11381894975016235,-0.21097112305591495
58.679999999996895,0.8614755179754101,-1.0735979212434074e-14,-0.11381894975016243,-0.210971123055915
58.68999999999689,0.86147551797541,-1.0702809484260687e-14,-0.11381894975016248,-0.21097112305591506
58.69999999999689,0.8614755179754099,-1.0668491804247915e-14,-0.11381894975016256,-0.21097112305591512
58.70999999999689,0.8614755179754098,-1.0640653081687831e-14,-0.11381894975016253,-0.21097112305591517
58.71999999999689,0.8614755179754097,-1.0616344989033522e-14,-0.11381894975016262,-0.21097112305591526
58.729999999996885,0.8614755179754096,-1.059070634540937e-14,-0.11381894975016277,-0.21097112305591528
58.73999999999688,0.8614755179754093,-1.0563039427994359e-14,-0.11381894975016289,-0.21097112305591537
58.74999999999688,0.8614755179754092,-1.0531160907079375e-14,-0.1138189497501631,-0.21097112305591542
58.75999999999688,0.8614755179754091,-1.0502248555489921e-14,-0.11381894975016267,-0.21097112305591548
58.76999999999688,0.861475517975409,-1.0473763298468011e-14,-0.11381894975016256,-0.21097112305591556
58.779999999996875,0.861475517975409,-1.0446071129354145e-14,-0.11381894975016252,-0.21097112305591562
58.78999999999687,0.8614755179754089,-1.0419480596388327e-14,-0.1138189497501626,-0.21097112305591567
58.79999999999687,0.8614755179754088,-1.0396962985037031e-14,-0.11381894975016277,-0.21097112305591573
58.80999999999687,0.8614755179754087,-1.0375385523718192e-14,-0.1138189497501629,-0.21097112305591578
58.81999999999687,0.8614755179754086,-1.0357796920749893e-14,-0.11381894975016274,-0.21097112305591587
58.829999999996865,0.8614755179754084,-1.0342279867068151e-14,-0.11381894975016282,-0.2109711230559159
58.83999999999686,0.8614755179754083,-1.0319785796686129e-14,-0.11381894975016288,-0.21097112305591595
58.84999999999686,0.8614755179754082,-1.030609868264343e-14,-0.11381894975016267,-0.210971123055916
58.85999999999686,0.8614755179754081,-1.029193198869059e-14,-0.11381894975016267,-0.21097112305591606
58.86999999999686,0.861475517975408,-1.027583763383217e-14,-0.11381894975016282,-0.21097112305591614
58.879999999996855,0.8614755179754078,-1.0262814858579637e-14,-0.11381894975016288,-0.21097112305591623
58.88999999999685,0.8614755179754077,-1.024752996924393e-14,-0.11381894975016255,-0.21097112305591628
58.89999999999685,0.8614755179754076,-1.0234635427432087e-14,-0.11381894975016271,-0.21097112305591634
58.90999999999685,0.8614755179754076,-1.0221278979039309e-14,-0.11381894975016277,-0.21097112305591642
58.91999999999685,0.8614755179754074,-1.0204002795228006e-14,-0.11381894975016285,-0.21097112305591648
58.929999999996845,0.8614755179754073,-1.0190081114459112e-14,-0.113818949750163,-0.2109711230559165
58.93999999999684,0.8614755179754072,-1.017415217193491e-14,-0.11381894975016274,-0.21097112305591656
58.94999999999684,0.8614755179754071,-1.0165198324165147e-14,-0.11381894975016277,-0.21097112305591662
58.95999999999684,0.861475517975407,-1.0158396646915675e-14,-0.11381894975016285,-0.2109711230559167
58.96999999999684,0.8614755179754069,-1.0146957583064172e-14,-0.11381894975016305,-0.21097112305591675
58.979999999996835,0.8614755179754068,-1.0133300153475563e-14,-0.11381894975016321,-0.2109711230559168
58.98999999999683,0.8614755179754067,-1.0115883092570126e-14,-0.1138189497501631,-0.21097112305591686
58.99999999999683,0.8614755179754066,-1.0104968638095837e-14,-0.11381894975016327,-0.21097112305591692
59.00999999999683,0.8614755179754064,-1.0088529533110913e-14,-0.11381894975016318,-0.210971123055917
59.01999999999683,0.8614755179754063,-1.007409213706888e-14,-0.11381894975016324,-0.21097112305591706
59.029999999996825,0.8614755179754062,-1.006187255285999e-14,-0.11381894975016284,-0.2109711230559171
59.03999999999682,0.8614755179754061,-1.0049226798216713e-14,-0.11381894975016305,-0.21097112305591717
59.04999999999682,0.861475517975406,-1.0031836923709595e-14,-0.11381894975016285,-0.21097112305591723
59.05999999999682,0.8614755179754059,-1.0023374937888567e-14,-0.1138189497501629,-0.2109711230559173
59.06999999999682,0.8614755179754058,-1.0013258754585191e-14,-0.11381894975016299,-0.21097112305591736
59.079999999996815,0.8614755179754057,-9.999295592130689e-15,-0.11381894975016323,-0.21097112305591742
59.08999999999681,0.8614755179754056,-9.984428282011412e-15,-0.11381894975016323,-0.21097112305591748
59.09999999999681,0.8614755179754054,-9.971569942608849e-15,-0.11381894975016325,-0.21097112305591753
59.10999999999681,0.8614755179754053,-9.958439834218141e-15,-0.11381894975016338,-0.21097112305591761
59.11999999999681,0.8614755179754052,-9.943733059681272e-15,-0.11381894975016353,-0.21097112305591767
59.129999999996805,0.8614755179754051,-9.925735895225176e-15,-0.11381894975016359,-0.2109711230559177
59.1399999999968,0.861475517975405,-9.908194481872263e-15,-0.11381894975016367,-0.21097112305591775
59.1499999999968,0.8614755179754049,-9.891739466774883e-15,-0.11381894975016325,-0.2109711230559178
59.1599999999968,0.8614755179754048,-9.88092027976592e-15,-0.11381894975016335,-0.2109711230559179
59.1699999999968,0.8614755179754048,-9.870572898867471e-15,-0.11381894975016324,-0.21097112305591795
59.179999999996795,0.8614755179754047,-9.857797363307185e-15,-0.11381894975016306,-0.210971123055918
59.18999999999679,0.8614755179754046,-9.846260725832858e-15,-0.11381894975016346,-0.21097112305591806
59.19999999999679,0.8614755179754044,-9.831709808571334e-15,-0.11381894975016352,-0.2109711230559181
59.20999999999679,0.8614755179754043,-9.818671408090044e-15,-0.11381894975016356,-0.2109711230559182
59.21999999999679,0.8614755179754042,-9.805484398762927e-15,-0.11381894975016346,-0.21097112305591825
59.229999999996785,0.8614755179754041,-9.792622648942584e-15,-0.11381894975016353,-0.2109711230559183
59.23999999999678,0.861475517975404,-9.775816472913095e-15,-0.11381894975016331,-0.21097112305591834
59.24999999999678,0.8614755179754038,-9.756286088830192e-15,-0.11381894975016371,-0.21097112305591842
59.25999999999678,0.8614755179754037,-9.735120938942525e-15,-0.11381894975016352,-0.2109711230559185
59.26999999999678,0.8614755179754036,-9.71380333488263e-15,-0.11381894975016368,-0.21097112305591856
59.279999999996775,0.8614755179754034,-9.69427396708133e-15,-0.11381894975016375,-0.2109711230559186
59.28999999999677,0.8614755179754033,-9.667239071997124e-15,-0.11381894975016389,-0.21097112305591867
59.29999999999677,0.8614755179754032,-9.644334481447824e-15,-0.11381894975016389,-0.21097112305591875
59.30999999999677,0.8614755179754032,-9.620066629498395e-15,-0.11381894975016404,-0.2109711230559188
59.31999999999677,0.8614755179754031,-9.599600583766147e-15,-0.11381894975016368,-0.21097112305591886
59.329999999996765,0.861475517975403,-9.576572112780358e-15,-0.11381894975016385,-0.21097112305591892
59.33999999999676,0.8614755179754029,-9.550892318461789e-15,-0.1138189497501639,-0.21097112305591895
59.34999999999676,0.8614755179754028,-9.524033314920964e-15,-0.11381894975016399,-0.21097112305591903
59.35999999999676,0.8614755179754027,-9.498745175194868e-15,-0.1138189497501642,-0.21097112305591909
59.36999999999676,0.8614755179754026,-9.474162228206726e-15,-0.11381894975016414,-0.21097112305591914
59.379999999996755,0.8614755179754024,-9.451967900003152e-15,-0.11381894975016422,-0.2109711230559192
59.38999999999675,0.8614755179754023,-9.426259271756636e-15,-0.11381894975016422,-0.21097112305591925
59.39999999999675,0.8614755179754022,-9.402282003871774e-15,-0.11381894975016438,-0.21097112305591934
59.40999999999675,0.8614755179754021,-9.380053809203e-15,-0.11381894975016453,-0.2109711230559194
59.41999999999675,0.861475517975402,-9.35789581293383e-15,-0.11381894975016435,-0.21097112305591945
59.429999999996745,0.8614755179754019,-9.338111096865146e-15,-0.11381894975016443,-0.2109711230559195
59.43999999999674,0.8614755179754019,-9.316215252236943e-15,-0.1138189497501644,-0.21097112305591953
59.44999999999674,0.8614755179754018,-9.294739517170794e-15,-0.11381894975016449,-0.2109711230559196
59.45999999999674,0.8614755179754017,-9.273991687825081e-15,-0.11381894975016432,-0.21097112305591967
59.46999999999674,0.8614755179754016,-9.250133844980126e-15,-0.1138189497501648,-0.21097112305591972
59.479999999996735,0.8614755179754015,-9.225309881421006e-15,-0.11381894975016425,-0.21097112305591978
59.48999999999673,0.8614755179754013,-9.20708807939607e-15,-0.11381894975016422,-0.21097112305591983
59.49999999999673,0.8614755179754012,-9.186934708451272e-15,-0.11381894975016431,-0.21097112305591992
59.50999999999673,0.8614755179754011,-9.168526539697513e-15,-0.11381894975016438,-0.21097112305591997
59.51999999999673,0.861475517975401,-9.147200049125955e-15,-0.11381894975016454,-0.21097112305592003
59.529999999996726,0.8614755179754009,-9.124912203697401e-15,-0.11381894975016463,-0.21097112305592008
59.53999999999672,0.8614755179754008,-9.100908826096798e-15,-0.11381894975016482,-0.21097112305592014
59.54999999999672,0.8614755179754007,-9.079071223422889e-15,-0.1138189497501649,-0.2109711230559202
59.55999999999672,0.8614755179754006,-9.05951454044625e-15,-0.11381894975016499,-0.21097112305592025
59.56999999999672,0.8614755179754006,-9.0395753062104e-15,-0.11381894975016513,-0.2109711230559203
59.579999999996716,0.8614755179754005,-9.015362031536043e-15,-0.11381894975016502,-0.21097112305592036
59.589999999996714,0.8614755179754003,-8.994124040777967e-15,-0.11381894975016502,-0.21097112305592042
59.59999999999671,0.8614755179754002,-8.97354323594067e-15,-0.11381894975016515,-0.2109711230559205
59.60999999999671,0.8614755179754001,-8.949907862288998e-15,-0.11381894975016542,-0.21097112305592056
59.61999999999671,0.8614755179754,-8.919625927340711e-15,-0.11381894975016481,-0.2109711230559206
59.629999999996706,0.8614755179753999,-8.885755067878232e-15,-0.11381894975016554,-0.21097112305592067
59.639999999996704,0.8614755179753998,-8.854757579955866e-15,-0.11381894975016507,-0.21097112305592072
59.6499999999967,0.8614755179753997,-8.821954009272333e-15,-0.11381894975016515,-0.21097112305592078
59.6599999999967,0.8614755179753996,-8.79029652034606e-15,-0.1138189497501653,-0.21097112305592083
59.6699999999967,0.8614755179753995,-8.764125585771798e-15,-0.11381894975016538,-0.2109711230559209
59.679999999996696,0.8614755179753993,-8.738144067701523e-15,-0.11381894975016513,-0.21097112305592094
59.689999999996694,0.8614755179753992,-8.714507654160938e-15,-0.11381894975016524,-0.210971123055921
59.69999999999669,0.8614755179753991,-8.685915810295587e-15,-0.1138189497501654,-0.21097112305592108
59.70999999999669,0.8614755179753991,-8.658807055915268e-15,-0.11381894975016546,-0.21097112305592114
59.71999999999669,0.861475517975399,-8.632592847510404e-15,-0.11381894975016554,-0.2109711230559212
59.729999999996686,0.8614755179753989,-8.608520995674526e-15,-0.11381894975016563,-0.21097112305592125
59.739999999996684,0.8614755179753988,-8.582304755257467e-15,-0.11381894975016572,-0.2109711230559213
59.74999999999668,0.8614755179753987,-8.554198463739556e-15,-0.11381894975016582,-0.21097112305592136
59.75999999999668,0.8614755179753986,-8.52761868442519e-15,-0.11381894975016593,-0.21097112305592142
59.76999999999668,0.8614755179753985,-8.501613832269818e-15,-0.11381894975016593,-0.21097112305592144
59.779999999996676,0.8614755179753983,-8.484208608483336e-15,-0.11381894975016547,-0.21097112305592147
59.789999999996674,0.8614755179753982,-8.470741027119656e-15,-0.11381894975016531,-0.21097112305592153
59.79999999999667,0.8614755179753981,-8.460716659381452e-15,-0.11381894975016531,-0.21097112305592156
59.80999999999667,0.861475517975398,-8.452844684161439e-15,-0.11381894975016546,-0.2109711230559216
59.81999999999667,0.8614755179753979,-8.441776374493276e-15,-0.11381894975016543,-0.21097112305592164
59.829999999996666,0.8614755179753978,-8.435290969257296e-15,-0.11381894975016552,-0.21097112305592172
59.839999999996664,0.8614755179753977,-8.428713277971903e-15,-0.11381894975016557,-0.21097112305592178
59.84999999999666,0.8614755179753976,-8.418056252968408e-15,-0.11381894975016538,-0.2109711230559218
59.85999999999666,0.8614755179753975,-8.410744511333185e-15,-0.11381894975016553,-0.21097112305592186
59.86999999999666,0.8614755179753973,-8.401675038078558e-15,-0.1138189497501656,-0.21097112305592192
59.879999999996656,0.8614755179753973,-8.392540040350541e-15,-0.1138189497501656,-0.21097112305592194
59.889999999996654,0.8614755179753972,-8.383735901734707e-15,-0.11381894975016568,-0.21097112305592197
59.89999999999665,0.8614755179753971,-8.379105035815506e-15,-0.11381894975016565,-0.210971123055922
59.90999999999665,0.861475517975397,-8.378169336283226e-15,-0.11381894975016538,-0.21097112305592203
59.91999999999665,0.8614755179753969,-8.378789513837703e-15,-0.11381894975016546,-0.2109711230559221
59.929999999996646,0.8614755179753968,-8.379334062547271e-15,-0.11381894975016543,-0.21097112305592214
59.939999999996644,0.8614755179753967,-8.3838324153027e-15,-0.1138189497501652,-0.2109711230559222
59.94999999999664,0.8614755179753966,-8.38390688278014e-15,-0.11381894975016515,-0.21097112305592225
59.95999999999664,0.8614755179753965,-8.384113749715359e-15,-0.11381894975016524,-0.2109711230559223
59.96999999999664,0.8614755179753963,-8.38419210774936e-15,-0.11381894975016532,-0.2109711230559224
59.979999999996636,0.8614755179753962,-8.382035014147027e-15,-0.1138189497501653,-0.21097112305592242
59.989999999996634,0.8614755179753961,-8.38311654957828e-15,-0.11381894975016538,-0.21097112305592247
59.99999999999663,0.861475517975396,-8.380746488354699e-15,-0.11381894975016561,-0.21097112305592253
60.0,0.861475517975396,-8.380746488351787e-15,-0.11381894975016559,-0.21097112305592253
