time,v,ω,p,φ
0.0,0.8929144897094049,0.0,-1.8963997039378455e-14,-0.17711299904228078
0.01,0.8929144897094026,7.708518466735142e-14,-3.031686013343915e-12,-0.1771129990422746
0.02,0.8929144897093956,2.947688712000125e-13,-5.949209874733796e-12,-0.17711299904225525
0.03,0.8929144897093839,6.341000258203896e-13,-8.750767471754628e-12,-0.17711299904222197
0.04,0.8929144897093676,1.077833483417995e-12,-1.1434925922815253e-11,-0.1771129990421741
0.05,0.8929144897093467,1.6102947244718253e-12,-1.4001542980590642e-11,-0.17711299904211128
0.060000000000000005,0.8929144897093214,2.2172578405944396e-12,-1.644952576929093e-11,-0.17711299904203315
0.07,0.8929144897092915,2.8858281803293496e-12,-1.877943286987538e-11,-0.1771129990419396
0.08,0.8929144897092575,3.6043572612669385e-12,-2.099201021343866e-11,-0.17711299904183062
0.09,0.892914489709219,4.36232455087863e-12,-2.308806271167363e-11,-0.17711299904170621
0.09999999999999999,0.8929144897091763,5.1502569649005345e-12,-2.5069231412988557e-11,-0.17711299904156663
0.10999999999999999,0.8929144897091296,5.959656013647814e-12,-2.693660919317331e-11,-0.177112999041412
0.11999999999999998,0.8929144897090788,6.782900760066064e-12,-2.8692447723299708e-11,-0.17711299904124275
0.12999999999999998,0.8929144897090242,7.613184648258756e-12,-3.033883214098587e-11,-0.17711299904105923
0.13999999999999999,0.8929144897089657,8.444460037508899e-12,-3.187794472836458e-11,-0.17711299904086186
0.15,0.8929144897089035,9.27136044211284e-12,-3.33122002205144e-11,-0.177112999040651
0.16,0.8929144897088377,1.0089147315703743e-11,-3.4644519891768866e-11,-0.17711299904042735
0.17,0.8929144897087685,1.0893674271232268e-11,-3.58771554131998e-11,-0.17711299904019132
0.18000000000000002,0.8929144897086957,1.1681311309091356e-11,-3.7013548476183544e-11,-0.17711299903994354
0.19000000000000003,0.8929144897086198,1.2448932964402283e-11,-3.8056273410358443e-11,-0.17711299903968458
0.20000000000000004,0.8929144897085406,1.3193834074383819e-11,-3.900832087899708e-11,-0.17711299903941502
0.21000000000000005,0.8929144897084583,1.3913724966979425e-11,-3.98727717509928e-11,-0.1771129990391355
0.22000000000000006,0.8929144897083731,1.460668563497343e-11,-4.0652765875837105e-11,-0.17711299903884656
0.23000000000000007,0.892914489708285,1.5271122945410934e-11,-4.135152636974837e-11,-0.17711299903854896
0.24000000000000007,0.8929144897081942,1.5905753338215283e-11,-4.197193634314367e-11,-0.1771129990382432
0.25000000000000006,0.8929144897081005,1.6509570945459363e-11,-4.251721544279441e-11,-0.17711299903792999
0.26000000000000006,0.8929144897080045,1.708181669013843e-11,-4.2990454945934786e-11,-0.17711299903760985
0.2700000000000001,0.8929144897079059,1.7621951821717138e-11,-4.339459000468615e-11,-0.17711299903728345
0.2800000000000001,0.8929144897078047,1.8129650034403974e-11,-4.373298945203885e-11,-0.17711299903695135
0.2900000000000001,0.8929144897077013,1.8604760030193224e-11,-4.400828659822942e-11,-0.17711299903661415
0.3000000000000001,0.8929144897075958,1.904729329479741e-11,-4.422364210943108e-11,-0.17711299903627237
0.3100000000000001,0.8929144897074881,1.9457399259484553e-11,-4.4381845420993216e-11,-0.17711299903592664
0.3200000000000001,0.8929144897073784,1.9835368782202448e-11,-4.448602944351343e-11,-0.17711299903557742
0.3300000000000001,0.8929144897072668,2.018159853731784e-11,-4.453848748142697e-11,-0.1771129990352253
0.34000000000000014,0.8929144897071533,2.0496586367777035e-11,-4.454258836772418e-11,-0.17711299903487077
0.35000000000000014,0.8929144897070378,2.0780918565326384e-11,-4.4500403362235375e-11,-0.17711299903451433
0.36000000000000015,0.8929144897069209,2.1035264122111855e-11,-4.441497170049047e-11,-0.17711299903415645
0.37000000000000016,0.892914489706802,2.1260343440050053e-11,-4.428840974513015e-11,-0.1771129990337975
0.38000000000000017,0.8929144897066816,2.1456939759198176e-11,-4.4123413256436095e-11,-0.17711299903343805
0.3900000000000002,0.8929144897065597,2.1625882247314435e-11,-4.392240737782771e-11,-0.17711299903307842
0.4000000000000002,0.8929144897064363,2.176803129895806e-11,-4.3687675005399385e-11,-0.1771129990327191
0.4100000000000002,0.8929144897063115,2.188429852520243e-11,-4.342159964920711e-11,-0.17711299903236044
0.4200000000000002,0.8929144897061853,2.1975599850263977e-11,-4.3125902154939055e-11,-0.17711299903200275
0.4300000000000002,0.8929144897060578,2.2042877087946294e-11,-4.2802861949242654e-11,-0.1771129990316464
0.4400000000000002,0.8929144897059291,2.2087081306355358e-11,-4.2454640497568974e-11,-0.17711299903129174
0.45000000000000023,0.8929144897057993,2.2109175913228706e-11,-4.208274007044821e-11,-0.17711299903093905
0.46000000000000024,0.8929144897056682,2.2110120704004023e-11,-4.1689617036322346e-11,-0.17711299903058864
0.47000000000000025,0.892914489705536,2.2090884079961367e-11,-4.127644059881419e-11,-0.17711299903024072
0.48000000000000026,0.8929144897054029,2.2052418511318598e-11,-4.0845063442596086e-11,-0.17711299902989558
0.49000000000000027,0.8929144897052687,2.199567440035068e-11,-4.039732784399952e-11,-0.17711299902955346
0.5000000000000002,0.8929144897051334,2.1921587244611206e-11,-3.993470137908517e-11,-0.17711299902921465
0.5100000000000002,0.8929144897049974,2.183109632345241e-11,-3.9458464273778304e-11,-0.17711299902887925
0.5200000000000002,0.8929144897048604,2.1725101679464597e-11,-3.897020900422987e-11,-0.17711299902854757
0.5300000000000002,0.8929144897047225,2.160449922801774e-11,-3.8471292124198087e-11,-0.1771129990282197
0.5400000000000003,0.8929144897045838,2.147016356598118e-11,-3.796291059288137e-11,-0.1771129990278958
0.5500000000000003,0.8929144897044442,2.13229489123821e-11,-3.744613299994093e-11,-0.17711299902757602
0.5600000000000003,0.8929144897043039,2.1163683451230395e-11,-3.6922517127058185e-11,-0.17711299902726055
0.5700000000000003,0.892914489704163,2.0993186222320342e-11,-3.63928748248199e-11,-0.17711299902694952
0.5800000000000003,0.8929144897040212,2.081223954388976e-11,-3.585822264118299e-11,-0.177112999026643
0.5900000000000003,0.8929144897038788,2.0621607215725533e-11,-3.5319542429634865e-11,-0.1771129990263411
0.6000000000000003,0.8929144897037355,2.0422022352280658e-11,-3.4777746654723884e-11,-0.17711299902604388
0.6100000000000003,0.8929144897035919,2.0214203864947544e-11,-3.4233945539474675e-11,-0.17711299902575148
0.6200000000000003,0.8929144897034473,1.999883320729729e-11,-3.368881562604287e-11,-0.17711299902546393
0.6300000000000003,0.8929144897033023,1.9776579759430366e-11,-3.314289120925906e-11,-0.1771129990251813
0.6400000000000003,0.8929144897031568,1.9548075809111705e-11,-3.259701189528563e-11,-0.17711299902490357
0.6500000000000004,0.8929144897030106,1.9313921482644178e-11,-3.205194096245201e-11,-0.17711299902463087
0.6600000000000004,0.8929144897028639,1.9074710568956387e-11,-3.150818148056622e-11,-0.17711299902436323
0.6700000000000004,0.8929144897027167,1.8831002084794606e-11,-3.096656264744979e-11,-0.17711299902410063
0.6800000000000004,0.8929144897025688,1.8583336803123288e-11,-3.042735854941192e-11,-0.17711299902384312
0.6900000000000004,0.8929144897024206,1.83322221410654e-11,-2.9891256136949096e-11,-0.17711299902359068
0.7000000000000004,0.8929144897022718,1.807814419629102e-11,-2.9358480924113195e-11,-0.17711299902334332
0.7100000000000004,0.8929144897021227,1.782156452418489e-11,-2.8829726800294608e-11,-0.17711299902310104
0.7200000000000004,0.892914489701973,1.7562927053365766e-11,-2.830521581009826e-11,-0.17711299902286382
0.7300000000000004,0.8929144897018227,1.730264766511627e-11,-2.7785322653794964e-11,-0.17711299902263167
0.7400000000000004,0.8929144897016721,1.704112072935117e-11,-2.7270418562208576e-11,-0.17711299902240454
0.7500000000000004,0.892914489701521,1.6778717314421162e-11,-2.6760961502336755e-11,-0.17711299902218244
0.7600000000000005,0.8929144897013693,1.6515789558767823e-11,-2.6256819635195328e-11,-0.17711299902196526
0.7700000000000005,0.8929144897012175,1.6252669013386937e-11,-2.5758489091698422e-11,-0.17711299902175306
0.7800000000000005,0.8929144897010651,1.5989671437973033e-11,-2.5266302938753427e-11,-0.17711299902154579
0.7900000000000005,0.8929144897009124,1.5727088594365824e-11,-2.478020913465606e-11,-0.17711299902134334
0.8000000000000005,0.8929144897007593,1.5465190232061028e-11,-2.430035339617831e-11,-0.17711299902114572
0.8100000000000005,0.8929144897006057,1.5204235399891276e-11,-2.3827211037552587e-11,-0.1771129990209529
0.8200000000000005,0.8929144897004517,1.4944469906628538e-11,-2.3360868794952694e-11,-0.1771129990207648
0.8300000000000005,0.8929144897002973,1.4686115118646864e-11,-2.290129197390911e-11,-0.17711299902058134
0.8400000000000005,0.8929144897001426,1.4429381375288067e-11,-2.244846669663403e-11,-0.17711299902040248
0.8500000000000005,0.8929144896999875,1.4174455360248687e-11,-2.2002594191050662e-11,-0.1771129990202282
0.8600000000000005,0.8929144896998321,1.3921510979222773e-11,-2.1563723029416337e-11,-0.1771129990200584
0.8700000000000006,0.8929144896996762,1.3670720156785812e-11,-2.113195035624571e-11,-0.177112999019893
0.8800000000000006,0.8929144896995201,1.3422224348423037e-11,-2.0706988207441768e-11,-0.177112999019732
0.8900000000000006,0.8929144896993637,1.3176161913735954e-11,-2.0289429858433294e-11,-0.17711299901957522
0.9000000000000006,0.8929144896992068,1.2932656771311229e-11,-1.987888673116167e-11,-0.17711299901942276
0.9100000000000006,0.8929144896990497,1.2691825280968507e-11,-1.9475410867331178e-11,-0.17711299901927446
0.9200000000000006,0.8929144896988922,1.2453770829861603e-11,-1.9079106350350372e-11,-0.17711299901913027
0.9300000000000006,0.8929144896987343,1.2218580593672678e-11,-1.8689889913492408e-11,-0.1771129990189901
0.9400000000000006,0.8929144896985762,1.19863402330654e-11,-1.8307619309432255e-11,-0.1771129990188539
0.9500000000000006,0.8929144896984178,1.1757117254299759e-11,-1.7932301477063817e-11,-0.1771129990187216
0.9600000000000006,0.8929144896982589,1.1530973288256369e-11,-1.7564040499795652e-11,-0.17711299901859318
0.9700000000000006,0.8929144896980997,1.1307968008718929e-11,-1.7202652496939308e-11,-0.1771129990184685
0.9800000000000006,0.8929144896979402,1.1088145751151825e-11,-1.684809583513136e-11,-0.17711299901834748
0.9900000000000007,0.8929144896977804,1.0871548475415458e-11,-1.650024561428154e-11,-0.17711299901823013
1.0000000000000007,0.8929144896976202,1.0658199877929065e-11,-1.6159244081714874e-11,-0.17711299901811633
1.0100000000000007,0.8929144896974597,1.0448134025321403e-11,-1.5824716537160555e-11,-0.17711299901800603
1.0200000000000007,0.892914489697299,1.0241367945703435e-11,-1.5496687266747244e-11,-0.17711299901789915
1.0300000000000007,0.892914489697138,1.0037904312597535e-11,-1.517509728987676e-11,-0.1771129990177956
1.0400000000000007,0.8929144896969766,9.837758359297043e-12,-1.485987027871616e-11,-0.1771129990176954
1.0500000000000007,0.8929144896968151,9.64092775706912e-12,-1.4550732146956236e-11,-0.17711299901759833
1.0600000000000007,0.8929144896966532,9.447407596029564e-12,-1.4247932694777532e-11,-0.17711299901750444
1.0700000000000007,0.8929144896964909,9.257187301071468e-12,-1.3951124977484852e-11,-0.17711299901741367
1.0800000000000007,0.8929144896963285,9.07026150580408e-12,-1.3660253483926965e-11,-0.17711299901732588
1.0900000000000007,0.8929144896961656,8.886614748492544e-12,-1.3375588830966123e-11,-0.17711299901724112
1.1000000000000008,0.8929144896960025,8.706232724720223e-12,-1.3096253248523482e-11,-0.17711299901715924
1.1100000000000008,0.8929144896958391,8.529084998826102e-12,-1.2822767153641834e-11,-0.17711299901708016
1.1200000000000008,0.8929144896956754,8.355149025928078e-12,-1.255472115158085e-11,-0.17711299901700386
1.1300000000000008,0.8929144896955113,8.184388479412965e-12,-1.2292250550771655e-11,-0.17711299901693034
1.1400000000000008,0.8929144896953473,8.016777542042104e-12,-1.2035095142692853e-11,-0.17711299901685942
1.1500000000000008,0.8929144896951828,7.85229264336663e-12,-1.1783116149466366e-11,-0.17711299901679112
1.1600000000000008,0.8929144896950181,7.690882945798156e-12,-1.1536226834918395e-11,-0.1771129990167253
1.1700000000000008,0.892914489694853,7.532519512426087e-12,-1.1294482710200171e-11,-0.177112999016662
1.1800000000000008,0.8929144896946877,7.377163491414538e-12,-1.1057689486282385e-11,-0.17711299901660116
1.1900000000000008,0.892914489694522,7.224773712205222e-12,-1.0825687568605247e-11,-0.17711299901654268
1.2000000000000008,0.8929144896943562,7.0753092516996765e-12,-1.0598327770949822e-11,-0.1771129990164865
1.2100000000000009,0.89291448969419,6.9287288407090664e-12,-1.0375665604467343e-11,-0.17711299901643265
1.2200000000000009,0.8929144896940234,6.784987572982759e-12,-1.015752412736326e-11,-0.17711299901638097
1.2300000000000009,0.8929144896938569,6.644041972348004e-12,-9.94380966456987e-12,-0.17711299901633143
1.2400000000000009,0.8929144896936899,6.505850319465672e-12,-9.73444935770118e-12,-0.17711299901628405
1.2500000000000009,0.8929144896935226,6.37035974897342e-12,-9.52924197883398e-12,-0.17711299901623873
1.260000000000001,0.8929144896933552,6.237533051774276e-12,-9.328478961512232e-12,-0.17711299901619543
1.270000000000001,0.8929144896931874,6.10731767829917e-12,-9.13152539694373e-12,-0.17711299901615413
1.280000000000001,0.8929144896930195,5.979676549399991e-12,-8.938617207521204e-12,-0.17711299901611469
1.290000000000001,0.8929144896928513,5.854550358434597e-12,-8.749560104215348e-12,-0.17711299901607716
1.300000000000001,0.8929144896926827,5.731897318822846e-12,-8.564305514768833e-12,-0.17711299901604144
1.310000000000001,0.892914489692514,5.6116723063670674e-12,-8.382881194757275e-12,-0.17711299901600755
1.320000000000001,0.8929144896923451,5.493835177938678e-12,-8.20481876884216e-12,-0.17711299901597538
1.330000000000001,0.892914489692176,5.378330214604722e-12,-8.030399262226595e-12,-0.1771129990159449
1.340000000000001,0.8929144896920065,5.2651076350165286e-12,-7.859435324775177e-12,-0.17711299901591612
1.350000000000001,0.892914489691837,5.154128267941764e-12,-7.69170491188298e-12,-0.17711299901588895
1.360000000000001,0.8929144896916671,5.0453408198490325e-12,-7.527214962443907e-12,-0.17711299901586336
1.370000000000001,0.892914489691497,4.938706894115087e-12,-7.365923843094535e-12,-0.17711299901583927
1.380000000000001,0.8929144896913266,4.8341712008398105e-12,-7.207963392819039e-12,-0.17711299901581679
1.390000000000001,0.892914489691156,4.731703331804681e-12,-7.0528756446197605e-12,-0.17711299901579577
1.400000000000001,0.8929144896909852,4.631247603668326e-12,-6.901094279365694e-12,-0.1771129990157762
1.410000000000001,0.8929144896908142,4.532772074363012e-12,-6.751908060431688e-12,-0.17711299901575805
1.420000000000001,0.8929144896906429,4.436229416963707e-12,-6.6056674019598915e-12,-0.1771129990157413
1.430000000000001,0.8929144896904716,4.341574479109736e-12,-6.462167606580138e-12,-0.17711299901572577
1.440000000000001,0.8929144896903001,4.248759633734955e-12,-6.321200507475311e-12,-0.1771129990157116
1.450000000000001,0.8929144896901282,4.157749716286726e-12,-6.182936107546055e-12,-0.17711299901569874
1.460000000000001,0.8929144896899561,4.068503314238785e-12,-6.047346651216756e-12,-0.1771129990156871
1.470000000000001,0.8929144896897838,3.980981745843987e-12,-5.914296830056287e-12,-0.1771129990156767
1.480000000000001,0.8929144896896113,3.895147785918296e-12,-5.7838213385341675e-12,-0.17711299901566754
1.490000000000001,0.8929144896894385,3.810972188468536e-12,-5.655653029235097e-12,-0.1771129990156595
1.500000000000001,0.8929144896892656,3.728407597008528e-12,-5.529795371606028e-12,-0.17711299901565258
1.5100000000000011,0.8929144896890925,3.647418389477534e-12,-5.406109587768881e-12,-0.17711299901564675
1.5200000000000011,0.8929144896889193,3.5679644633912013e-12,-5.28459914717061e-12,-0.177112999015642
1.5300000000000011,0.8929144896887458,3.4900120213604614e-12,-5.1656352806350725e-12,-0.17711299901563834
1.5400000000000011,0.8929144896885721,3.4135312694763038e-12,-5.048475526514551e-12,-0.1771129990156357
1.5500000000000012,0.8929144896883983,3.338484840869626e-12,-4.933459890610337e-12,-0.17711299901563407
1.5600000000000012,0.8929144896882243,3.264840923878081e-12,-4.820491228407775e-12,-0.1771129990156334
1.5700000000000012,0.8929144896880502,3.192567289272539e-12,-4.709333617514133e-12,-0.17711299901563368
1.5800000000000012,0.8929144896878758,3.1216215452908986e-12,-4.600049507974546e-12,-0.17711299901563485
1.5900000000000012,0.8929144896877012,3.0519822409188677e-12,-4.492947680567738e-12,-0.17711299901563704
1.6000000000000012,0.8929144896875264,2.983623088754575e-12,-4.387719354514985e-12,-0.1771129990156401
1.6100000000000012,0.8929144896873515,2.916516915496279e-12,-4.284034932355851e-12,-0.177112999015644
1.6200000000000012,0.8929144896871763,2.8506257286750365e-12,-4.1823697283227546e-12,-0.17711299901564875
1.6300000000000012,0.892914489687001,2.7859281971258925e-12,-4.082349042144884e-12,-0.1771129990156544
1.6400000000000012,0.8929144896868256,2.7223993338046815e-12,-3.9840145071856625e-12,-0.17711299901566074
1.6500000000000012,0.8929144896866501,2.6600048522225317e-12,-3.8873869401268024e-12,-0.17711299901566793
1.6600000000000013,0.8929144896864744,2.598716374412334e-12,-3.792206132446907e-12,-0.1771129990156759
1.6700000000000013,0.8929144896862985,2.5385126235170564e-12,-3.698402695206937e-12,-0.1771129990156846
1.6800000000000013,0.8929144896861225,2.4793641595759053e-12,-3.606254184163049e-12,-0.17711299901569402
1.6900000000000013,0.8929144896859462,2.421247647166089e-12,-3.5157189659518195e-12,-0.17711299901570418
1.7000000000000013,0.8929144896857699,2.3641388789560905e-12,-3.4265645876274675e-12,-0.1771129990157151
1.7100000000000013,0.8929144896855933,2.3080184597631853e-12,-3.3388257436595126e-12,-0.1771129990157266
1.7200000000000013,0.8929144896854168,2.252859143439334e-12,-3.2525718229869938e-12,-0.17711299901573882
1.7300000000000013,0.89291448968524,2.1986374955353126e-12,-3.1674628198086197e-12,-0.17711299901575167
1.7400000000000013,0.892914489685063,2.1453347994868714e-12,-3.083741595411027e-12,-0.17711299901576516
1.7500000000000013,0.892914489684886,2.09292397248175e-12,-3.001304066385657e-12,-0.1771129990157793
1.7600000000000013,0.8929144896847087,2.041390873220024e-12,-2.920306357845348e-12,-0.17711299901579408
1.7700000000000014,0.8929144896845312,1.990723160265343e-12,-2.8404709140339435e-12,-0.1771129990158094
1.7800000000000014,0.8929144896843537,1.940887517440683e-12,-2.7620197795563683e-12,-0.17711299901582533
1.7900000000000014,0.8929144896841761,1.891870805135687e-12,-2.6843041678326074e-12,-0.17711299901584182
1.8000000000000014,0.8929144896839983,1.8436506689134363e-12,-2.6080873571920904e-12,-0.17711299901585884
1.8100000000000014,0.8929144896838204,1.7962148757965215e-12,-2.5331611808177e-12,-0.17711299901587646
1.8200000000000014,0.8929144896836423,1.7495501122818588e-12,-2.4589393021745565e-12,-0.17711299901589456
1.8300000000000014,0.8929144896834643,1.7036308026170146e-12,-2.386209285720753e-12,-0.17711299901591318
1.8400000000000014,0.892914489683286,1.6584419527684445e-12,-2.3142668337250427e-12,-0.1771129990159323
1.8500000000000014,0.8929144896831076,1.6139675057626816e-12,-2.243549096503372e-12,-0.17711299901595193
1.8600000000000014,0.8929144896829292,1.5701906250271507e-12,-2.173570351482468e-12,-0.17711299901597202
1.8700000000000014,0.8929144896827507,1.5270952097905656e-12,-2.1047226461679003e-12,-0.17711299901599256
1.8800000000000014,0.8929144896825719,1.4846633937208514e-12,-2.0369955722188138e-12,-0.1771129990160136
1.8900000000000015,0.8929144896823932,1.4428883724684444e-12,-1.9700144293643973e-12,-0.17711299901603506
1.9000000000000015,0.8929144896822143,1.401745297856916e-12,-1.9040255483382396e-12,-0.177112999016057
1.9100000000000015,0.8929144896820355,1.3612250409171805e-12,-1.838928315178734e-12,-0.17711299901607933
1.9200000000000015,0.8929144896818564,1.3213136255596655e-12,-1.774816404953583e-12,-0.1771129990161021
1.9300000000000015,0.8929144896816772,1.2820019569042222e-12,-1.7115545092316609e-12,-0.1771129990161253
1.9400000000000015,0.892914489681498,1.2432726096872688e-12,-1.6490558918391685e-12,-0.17711299901614883
1.9500000000000015,0.8929144896813187,1.205112814029637e-12,-1.5876432113426375e-12,-0.1771129990161728
1.9600000000000015,0.8929144896811393,1.1675115796495536e-12,-1.5268862563200258e-12,-0.17711299901619718
1.9700000000000015,0.8929144896809597,1.130458870185817e-12,-1.4669099268616037e-12,-0.1771129990162219
1.9800000000000015,0.8929144896807799,1.0939379031078073e-12,-1.4075893228771008e-12,-0.17711299901624697
1.9900000000000015,0.8929144896806,1.057936578077525e-12,-1.3492609807208567e-12,-0.17711299901627242
2.0000000000000013,0.8929144896804202,1.022457294926321e-12,-1.2916577529775708e-12,-0.17711299901629823
2.010000000000001,0.8929144896802403,9.874753841781135e-13,-1.234717189602108e-12,-0.17711299901632435
2.020000000000001,0.8929144896800602,9.52978616664227e-13,-1.1784531683822763e-12,-0.1771129990163508
2.0300000000000007,0.8929144896798801,9.189587493837693e-13,-1.123049570006529e-12,-0.1771129990163776
2.0400000000000005,0.8929144896796999,8.854105840213822e-13,-1.0682704720821334e-12,-0.17711299901640468
2.0500000000000003,0.8929144896795195,8.523238979292148e-13,-1.0143517970018223e-12,-0.17711299901643207
2.06,0.8929144896793392,8.196916052783317e-13,-9.609327222825925e-13,-0.17711299901645977
2.07,0.8929144896791588,7.87499168432922e-13,-9.081173313330027e-13,-0.1771129990164878
2.0799999999999996,0.8929144896789782,7.557448286767605e-13,-8.561380770988336e-13,-0.1771129990165161
2.0899999999999994,0.8929144896787977,7.244128306543658e-13,-8.046445454379381e-13,-0.17711299901654468
2.099999999999999,0.8929144896786171,6.934933760329365e-13,-7.538206170387696e-13,-0.1771129990165735
2.109999999999999,0.8929144896784363,6.629803501257213e-13,-7.03676700242184e-13,-0.17711299901660268
2.1199999999999988,0.8929144896782556,6.328689670065921e-13,-6.540254449127758e-13,-0.17711299901663208
2.1299999999999986,0.8929144896780749,6.031479626858274e-13,-6.051027734432779e-13,-0.17711299901666175
2.1399999999999983,0.8929144896778941,5.738163294139814e-13,-5.568150107659875e-13,-0.17711299901669167
2.149999999999998,0.8929144896777131,5.448591187219172e-13,-5.088741927838925e-13,-0.17711299901672178
2.159999999999998,0.8929144896775323,5.162679920745701e-13,-4.615335891244854e-13,-0.17711299901675215
2.1699999999999977,0.8929144896773513,4.880362961204654e-13,-4.1467870803835183e-13,-0.17711299901678274
2.1799999999999975,0.8929144896771704,4.601565402587504e-13,-3.6855241081212853e-13,-0.17711299901681363
2.1899999999999973,0.8929144896769893,4.326281420241165e-13,-3.227869360689084e-13,-0.17711299901684466
2.199999999999997,0.8929144896768082,4.054381443166049e-13,-2.7751065334591374e-13,-0.17711299901687594
2.209999999999997,0.892914489676627,3.785799639579624e-13,-2.3283458494560705e-13,-0.17711299901690744
2.2199999999999966,0.8929144896764458,3.5204123295831526e-13,-1.8851240013439963e-13,-0.1771129990169391
2.2299999999999964,0.8929144896762646,3.2581690200753407e-13,-1.4468634623732157e-13,-0.177112999016971
2.239999999999996,0.8929144896760833,2.999040231154099e-13,-1.0145356776902759e-13,-0.17711299901700311
2.249999999999996,0.8929144896759019,2.7430183181669793e-13,-5.867528685143952e-14,-0.17711299901703545
2.259999999999996,0.8929144896757206,2.490023907070321e-13,-1.639660629493278e-14,-0.17711299901706792
2.2699999999999956,0.8929144896755392,2.2400166200692675e-13,2.562186574017744e-14,-0.1771129990171006
2.2799999999999954,0.8929144896753578,1.992874767349196e-13,6.694297893794499e-14,-0.17711299901713345
2.289999999999995,0.8929144896751763,1.7486058826713606e-13,1.0780959458500661e-13,-0.17711299901716648
2.299999999999995,0.8929144896749948,1.507193935657737e-13,1.4841253226371975e-13,-0.17711299901719968
2.3099999999999947,0.8929144896748132,1.268493888872535e-13,1.8842219451364883e-13,-0.17711299901723312
2.3199999999999945,0.8929144896746317,1.0325544210776838e-13,2.280675648336228e-13,-0.17711299901726665
2.3299999999999943,0.8929144896744502,7.99273476020085e-14,2.6744925718524826e-13,-0.17711299901730035
2.339999999999994,0.8929144896742686,5.685649285840872e-14,3.0627583802456115e-13,-0.1771129990173342
2.349999999999994,0.892914489674087,3.403829702089951e-14,3.448352714485736e-13,-0.1771129990173682
2.3599999999999937,0.8929144896739054,1.1473662826879215e-14,3.8293326842797626e-13,-0.17711299901740232
2.3699999999999934,0.8929144896737238,-1.084453844769254e-14,4.208126902494058e-13,-0.17711299901743663
2.3799999999999932,0.892914489673542,-3.291989220046391e-14,4.580884283011954e-13,-0.1771129990174711
2.389999999999993,0.8929144896733604,-5.4760541789597034e-14,4.951004883846366e-13,-0.1771129990175057
2.399999999999993,0.8929144896731787,-7.63664802151032e-14,5.317829510076422e-13,-0.17711299901754043
2.4099999999999926,0.8929144896729969,-9.774497925900396e-14,5.678790770957676e-13,-0.17711299901757535
2.4199999999999924,0.8929144896728153,-1.188970267506759e-13,6.038398947527668e-13,-0.17711299901761032
2.429999999999992,0.8929144896726336,-1.3982706968230171e-13,6.39575198357889e-13,-0.17711299901764546
2.439999999999992,0.8929144896724519,-1.6054411038423905e-13,6.748421266244975e-13,-0.17711299901768068
2.4499999999999917,0.8929144896722703,-1.8105105422166473e-13,7.098523158166614e-13,-0.17711299901771604
2.4599999999999915,0.8929144896720886,-2.0135049134259011e-13,7.445259686544858e-13,-0.17711299901775152
2.4699999999999913,0.8929144896719068,-2.2144581210618636e-13,7.787451239416043e-13,-0.17711299901778713
2.479999999999991,0.892914489671725,-2.4133414994774223e-13,8.126936623664704e-13,-0.17711299901782285
2.489999999999991,0.8929144896715434,-2.610197204859981e-13,8.460801503851201e-13,-0.1771129990178587
2.4999999999999907,0.8929144896713617,-2.805079274670171e-13,8.795776607062322e-13,-0.17711299901789465
2.5099999999999905,0.8929144896711799,-2.9980297955633083e-13,9.124680178107525e-13,-0.17711299901793068
2.5199999999999902,0.8929144896709983,-3.1891275653578633e-13,9.453653138091767e-13,-0.17711299901796684
2.52999999999999,0.8929144896708165,-3.378344515092766e-13,9.776034148867296e-13,-0.17711299901800306
2.53999999999999,0.8929144896706348,-3.565715026084056e-13,1.009810290941715e-12,-0.17711299901803945
2.5499999999999896,0.8929144896704531,-3.751254858043883e-13,1.0416910389832168e-12,-0.17711299901807587
2.5599999999999894,0.8929144896702713,-3.9350455112567896e-13,1.0732005562008595e-12,-0.1771129990181124
2.569999999999989,0.8929144896700896,-4.1171041348015506e-13,1.1046198677977515e-12,-0.177112999018149
2.579999999999989,0.8929144896699079,-4.29746192258208e-13,1.1355361095866101e-12,-0.17711299901818575
2.5899999999999888,0.8929144896697262,-4.4760519461253683e-13,1.1661262233619851e-12,-0.17711299901822256
2.5999999999999885,0.8929144896695446,-4.652930284458606e-13,1.1967163371373601e-12,-0.17711299901825944
2.6099999999999883,0.8929144896693629,-4.828196738213122e-13,1.2268450144681253e-12,-0.17711299901829639
2.619999999999988,0.8929144896691813,-5.001830736881327e-13,1.2567377694061577e-12,-0.17711299901833347
2.629999999999988,0.8929144896689997,-5.173837972908737e-13,1.286411949186217e-12,-0.17711299901837063
2.6399999999999877,0.8929144896688181,-5.344256240204931e-13,1.3158432676796394e-12,-0.17711299901840782
2.6499999999999875,0.8929144896686366,-5.513136929937968e-13,1.3450109082047135e-12,-0.1771129990184451
2.6599999999999873,0.8929144896684551,-5.680535274693661e-13,1.3739842597004781e-12,-0.17711299901848246
2.669999999999987,0.8929144896682737,-5.846452418711247e-13,1.4027286276974138e-12,-0.1771129990185199
2.679999999999987,0.8929144896680923,-6.010886204544654e-13,1.4312023788320971e-12,-0.1771129990185574
2.6899999999999866,0.8929144896679109,-6.173903707776519e-13,1.459485310384423e-12,-0.17711299901859498
2.6999999999999864,0.8929144896677296,-6.335516322408297e-13,1.4876294640586707e-12,-0.17711299901863256
2.709999999999986,0.8929144896675483,-6.495727863154636e-13,1.51535034520478e-12,-0.17711299901867028
2.719999999999986,0.892914489667367,-6.654540588429538e-13,1.543029592987466e-12,-0.177112999018708
2.7299999999999858,0.8929144896671857,-6.812057588082242e-13,1.5705214906347464e-12,-0.1771129990187458
2.7399999999999856,0.8929144896670045,-6.968292453689106e-13,1.597780935336246e-12,-0.17711299901878366
2.7499999999999853,0.8929144896668233,-7.123214077565057e-13,1.6247697631754932e-12,-0.17711299901882158
2.759999999999985,0.8929144896666421,-7.276876599261642e-13,1.6516996104165571e-12,-0.17711299901885955
2.769999999999985,0.892914489666461,-7.429283960256343e-13,1.6781263878495878e-12,-0.1771129990188976
2.7799999999999847,0.8929144896662798,-7.58037946774902e-13,1.7043970401697806e-12,-0.17711299901893565
2.7899999999999845,0.8929144896660988,-7.730202575766715e-13,1.7304976895893276e-12,-0.17711299901897384
2.7999999999999843,0.8929144896659177,-7.878729357026171e-13,1.7563589471691898e-12,-0.177112999019012
2.809999999999984,0.8929144896657367,-8.026079569436501e-13,1.7820293851666946e-12,-0.17711299901905028
2.819999999999984,0.8929144896655559,-8.172160689267646e-13,1.8075679841800252e-12,-0.17711299901908859
2.8299999999999836,0.892914489665375,-8.317138501703958e-13,1.832870660800623e-12,-0.17711299901912692
2.8399999999999834,0.8929144896651942,-8.460919678455048e-13,1.8579478233693436e-12,-0.17711299901916533
2.849999999999983,0.8929144896650134,-8.603487956444449e-13,1.882688449583725e-12,-0.1771129990192038
2.859999999999983,0.8929144896648327,-8.744878680760208e-13,1.9075296897597127e-12,-0.17711299901924227
2.869999999999983,0.8929144896646519,-8.885121668093284e-13,1.932041332475265e-12,-0.17711299901928082
2.8799999999999826,0.8929144896644712,-9.024194137723924e-13,1.956355216714556e-12,-0.1771129990193194
2.8899999999999824,0.8929144896642905,-9.162171915992568e-13,1.9803950146446425e-12,-0.17711299901935804
2.899999999999982,0.89291448966411,-9.29906595023263e-13,2.0044799153851045e-12,-0.17711299901939664
2.909999999999982,0.8929144896639295,-9.43493681371248e-13,2.0284295076944403e-12,-0.17711299901943534
2.9199999999999817,0.8929144896637491,-9.569782003367229e-13,2.0521778720805628e-12,-0.177112999019474
2.9299999999999815,0.8929144896635688,-9.703638187225002e-13,2.075558475089778e-12,-0.17711299901951275
2.9399999999999813,0.8929144896633884,-9.836443830420843e-13,2.0990847948709757e-12,-0.17711299901955155
2.949999999999981,0.8929144896632081,-9.968266956360397e-13,2.1221323309728035e-12,-0.17711299901959038
2.959999999999981,0.8929144896630279,-1.0099064587578321e-12,2.1453221143996615e-12,-0.17711299901962918
2.9699999999999807,0.8929144896628477,-1.0228928200595866e-12,2.1681406670026604e-12,-0.177112999019668
2.9799999999999804,0.8929144896626676,-1.0357890437842016e-12,2.1908620750910046e-12,-0.17711299901970692
2.9899999999999802,0.8929144896624877,-1.0485881985827022e-12,2.213489808111646e-12,-0.17711299901974586
2.99999999999998,0.8929144896623078,-1.061294381053324e-12,2.235874679845651e-12,-0.17711299901978478
3.00999999999998,0.8929144896621278,-1.073910608391729e-12,2.2581693459589047e-12,-0.17711299901982377
3.0199999999999796,0.8929144896619479,-1.0864358367489353e-12,2.280228089679426e-12,-0.1771129990198628
3.0299999999999794,0.8929144896617681,-1.0988685578047606e-12,2.3021515249688207e-12,-0.17711299901990182
3.039999999999979,0.8929144896615885,-1.1112099352440158e-12,2.3240159796600324e-12,-0.17711299901994088
3.049999999999979,0.8929144896614089,-1.1234638659084655e-12,2.3456028785950878e-12,-0.17711299901997996
3.0599999999999787,0.8929144896612293,-1.135635177178985e-12,2.3672348803405185e-12,-0.17711299902001904
3.0699999999999785,0.8929144896610498,-1.1477232442505585e-12,2.3886274902462645e-12,-0.17711299902005814
3.0799999999999783,0.8929144896608704,-1.15972236553198e-12,2.4097911166531816e-12,-0.17711299902009733
3.089999999999978,0.8929144896606909,-1.171636426510236e-12,2.4307188206673658e-12,-0.17711299902013652
3.099999999999978,0.8929144896605117,-1.1834640262922167e-12,2.451785302559628e-12,-0.17711299902017572
3.1099999999999777,0.8929144896603325,-1.1952106565829997e-12,2.4724770841810795e-12,-0.17711299902021496
3.1199999999999775,0.8929144896601533,-1.2068766368390557e-12,2.4932070297190023e-12,-0.17711299902025418
3.1299999999999772,0.8929144896599743,-1.2184577942083465e-12,2.5138398307422705e-12,-0.1771129990202934
3.139999999999977,0.8929144896597951,-1.2299627809134475e-12,2.5341048703886315e-12,-0.17711299902033273
3.149999999999977,0.8929144896596163,-1.2413844245280273e-12,2.554269296073386e-12,-0.177112999020372
3.1599999999999766,0.8929144896594374,-1.2527279622478235e-12,2.5743331077965337e-12,-0.1771129990204113
3.1699999999999764,0.8929144896592587,-1.2639892525665095e-12,2.594265080535507e-12,-0.17711299902045066
3.179999999999976,0.8929144896590799,-1.2751745914389502e-12,2.614096439312874e-12,-0.17711299902048996
3.189999999999976,0.8929144896589013,-1.2862811599475784e-12,2.6335912617359014e-12,-0.17711299902052938
3.1999999999999758,0.8929144896587228,-1.2973073173038958e-12,2.6534226205132683e-12,-0.1771129990205687
3.2099999999999755,0.8929144896585444,-1.3082673823828103e-12,2.6726884594374667e-12,-0.17711299902060812
3.2199999999999753,0.8929144896583661,-1.319147777066158e-12,2.6920826678988874e-12,-0.1771129990206475
3.229999999999975,0.8929144896581876,-1.3299538587547106e-12,2.7112895262249026e-12,-0.17711299902068686
3.239999999999975,0.8929144896580096,-1.3406901099440275e-12,2.7304478122935905e-12,-0.17711299902072627
3.2499999999999747,0.8929144896578315,-1.3513558177052344e-12,2.7492730314548908e-12,-0.1771129990207657
3.2599999999999745,0.8929144896576535,-1.3619523502394987e-12,2.768105189510095e-12,-0.17711299902080516
3.2699999999999743,0.8929144896574756,-1.3724746452278213e-12,2.786739589089038e-12,-0.17711299902084457
3.279999999999974,0.8929144896572977,-1.3829264326779195e-12,2.8052352107899026e-12,-0.17711299902088404
3.289999999999974,0.89291448965712,-1.3933087832720327e-12,2.8238661409218935e-12,-0.17711299902092348
3.2999999999999736,0.8929144896569423,-1.4036227645298095e-12,2.8421258402300253e-12,-0.17711299902096292
3.3099999999999734,0.8929144896567647,-1.4138690641170446e-12,2.86031962004607e-12,-0.17711299902100242
3.319999999999973,0.8929144896565873,-1.4240513030713023e-12,2.8786174832706735e-12,-0.17711299902104188
3.329999999999973,0.8929144896564098,-1.4341654782241307e-12,2.8965788101409373e-12,-0.17711299902108138
3.3399999999999728,0.8929144896562325,-1.4442185040507966e-12,2.9144429924965465e-12,-0.17711299902112085
3.3499999999999726,0.8929144896560552,-1.454202271721256e-12,2.932210030337501e-12,-0.17711299902116034
3.3599999999999723,0.8929144896558783,-1.4641202598205394e-12,2.94993196536808e-12,-0.17711299902119984
3.369999999999972,0.8929144896557013,-1.4739840895646895e-12,2.9676990032090345e-12,-0.1771129990212393
3.379999999999972,0.8929144896555244,-1.4837885927098188e-12,2.985226649210304e-12,-0.1771129990212788
3.3899999999999717,0.8929144896553476,-1.4935332278451328e-12,3.0025530672883605e-12,-0.1771129990213183
3.3999999999999715,0.8929144896551711,-1.5032171870252538e-12,3.020077243842678e-12,-0.17711299902135777
3.4099999999999713,0.8929144896549945,-1.5128485947200938e-12,3.0372683534896083e-12,-0.17711299902139724
3.419999999999971,0.8929144896548181,-1.5224224034480926e-12,3.0544594631365385e-12,-0.17711299902143676
3.429999999999971,0.8929144896546417,-1.5319390163575128e-12,3.071314036429129e-12,-0.1771129990214763
3.4399999999999706,0.8929144896544655,-1.541399910141695e-12,3.0884045321144526e-12,-0.17711299902151575
3.4499999999999704,0.8929144896542894,-1.550800587419579e-12,3.1051619608923886e-12,-0.1771129990215553
3.45999999999997,0.8929144896541132,-1.560140178463092e-12,3.1216834672775917e-12,-0.1771129990215948
3.46999999999997,0.8929144896539373,-1.569419777386661e-12,3.138336812646969e-12,-0.1771129990216343
3.47999999999997,0.8929144896537614,-1.578644064544645e-12,3.1548930135016917e-12,-0.1771129990216738
3.4899999999999696,0.8929144896535857,-1.5878159858673277e-12,3.1712132919636815e-12,-0.17711299902171326
3.4999999999999694,0.89291448965341,-1.5969298251653564e-12,3.1875370398726233e-12,-0.17711299902175284
3.509999999999969,0.8929144896532345,-1.6059818317278459e-12,3.2037567043730064e-12,-0.17711299902179234
3.519999999999969,0.8929144896530591,-1.6149832811142104e-12,3.2199728994264376e-12,-0.17711299902183184
3.5299999999999687,0.8929144896528837,-1.623933416449214e-12,3.2358560275724813e-12,-0.1771129990218713
3.5399999999999685,0.8929144896527085,-1.632827531065693e-12,3.2516385417569182e-12,-0.1771129990219108
3.5499999999999683,0.8929144896525333,-1.6416656479934714e-12,3.2673863614718357e-12,-0.17711299902195035
3.559999999999968,0.8929144896523583,-1.650443626270499e-12,3.2832035701257922e-12,-0.17711299902198982
3.569999999999968,0.8929144896521835,-1.6591669338138733e-12,3.298618322933322e-12,-0.17711299902202937
3.5799999999999677,0.8929144896520086,-1.6678305166385981e-12,3.3140677702103716e-12,-0.17711299902206887
3.5899999999999674,0.8929144896518338,-1.6764415957724326e-12,3.329513748040469e-12,-0.17711299902210836
3.5999999999999672,0.8929144896516593,-1.6849991086616072e-12,3.344623189516227e-12,-0.1771129990221479
3.609999999999967,0.8929144896514848,-1.6935011328065621e-12,3.35997202283167e-12,-0.17711299902218738
3.619999999999967,0.8929144896513105,-1.7019525322524473e-12,3.375081464307428e-12,-0.17711299902222688
3.6299999999999666,0.8929144896511362,-1.7103507429833616e-12,3.390093761268531e-12,-0.17711299902226638
3.6399999999999664,0.892914489650962,-1.7186958330630724e-12,3.4048666663899496e-12,-0.17711299902230587
3.649999999999966,0.892914489650788,-1.7269921348419257e-12,3.4197783493894462e-12,-0.17711299902234534
3.659999999999966,0.892914489650614,-1.7352367090718953e-12,3.4345859489803843e-12,-0.1771129990223848
3.6699999999999657,0.8929144896504403,-1.7434330494262328e-12,3.449258240140196e-12,-0.1771129990224243
3.6799999999999655,0.8929144896502665,-1.7515751059991723e-12,3.4637327728237466e-12,-0.17711299902246375
3.6899999999999653,0.892914489650093,-1.759669219843527e-12,3.4781656721438736e-12,-0.17711299902250324
3.699999999999965,0.8929144896499195,-1.7677180251340337e-12,3.492640204827424e-12,-0.17711299902254268
3.709999999999965,0.8929144896497462,-1.775716632251494e-12,3.507010654102416e-12,-0.17711299902258212
3.7199999999999647,0.8929144896495729,-1.7836662512671557e-12,3.521138242090771e-12,-0.17711299902262156
3.7299999999999645,0.8929144896493998,-1.7915660376855602e-12,3.5351756244583754e-12,-0.177112999022661
3.7399999999999642,0.8929144896492268,-1.7994155356839987e-12,3.5493101513406344e-12,-0.17711299902270045
3.749999999999964,0.892914489649054,-1.8072189006999941e-12,3.5632052863832087e-12,-0.17711299902273986
3.759999999999964,0.8929144896488811,-1.8149729394292951e-12,3.577176749258726e-12,-0.17711299902277927
3.7699999999999636,0.8929144896487086,-1.822680499899387e-12,3.59092963697627e-12,-0.17711299902281866
3.7799999999999634,0.892914489648536,-1.830341265159776e-12,3.604901099851787e-12,-0.17711299902285804
3.789999999999963,0.8929144896483638,-1.8379658829668383e-12,3.6185880680772442e-12,-0.17711299902289743
3.799999999999963,0.8929144896481916,-1.8455470408988604e-12,3.6321778917880465e-12,-0.17711299902293673
3.8099999999999627,0.8929144896480196,-1.8530903536977788e-12,3.645771184945801e-12,-0.17711299902297611
3.8199999999999625,0.8929144896478476,-1.8605875949949136e-12,3.659118147369966e-12,-0.17711299902301542
3.8299999999999623,0.8929144896476758,-1.868041655663926e-12,3.672607357119162e-12,-0.17711299902305475
3.839999999999962,0.8929144896475041,-1.8754559394900825e-12,3.685992483459799e-12,-0.17711299902309408
3.849999999999962,0.8929144896473324,-1.8828246814475697e-12,3.699006378976577e-12,-0.17711299902313338
3.8599999999999617,0.892914489647161,-1.8901417134371933e-12,3.712159052371433e-12,-0.17711299902317268
3.8699999999999615,0.8929144896469897,-1.8974167839615887e-12,3.725107028396124e-12,-0.17711299902321195
3.8799999999999613,0.8929144896468184,-1.904641692583531e-12,3.737916226542737e-12,-0.17711299902325126
3.889999999999961,0.8929144896466474,-1.9118219116675697e-12,3.750961347082082e-12,-0.1771129990232905
3.899999999999961,0.8929144896464765,-1.9189670120955634e-12,3.763808709145167e-12,-0.17711299902332978
3.9099999999999606,0.8929144896463056,-1.9260716625282952e-12,3.776520762777125e-12,-0.177112999023369
3.9199999999999604,0.8929144896461348,-1.9331333077192945e-12,3.789125263553572e-12,-0.1771129990234082
3.92999999999996,0.8929144896459643,-1.940154649164267e-12,3.801868542208098e-12,-0.17711299902344743
3.93999999999996,0.8929144896457939,-1.9471332045770604e-12,3.814337734553419e-12,-0.17711299902348662
3.9499999999999598,0.8929144896456236,-1.9540688857156888e-12,3.826744476853605e-12,-0.17711299902352584
3.9599999999999596,0.8929144896454534,-1.960963324861554e-12,3.839248363668446e-12,-0.177112999023565
3.9699999999999593,0.8929144896452834,-1.9678224772499157e-12,3.85150938919665e-12,-0.1771129990236042
3.979999999999959,0.8929144896451136,-1.9746403952208545e-12,3.863714903573623e-12,-0.17711299902364333
3.989999999999959,0.8929144896449436,-1.981421221806569e-12,3.875882254034124e-12,-0.1771129990236825
3.9999999999999587,0.892914489644774,-1.988158984310584e-12,3.888042665600722e-12,-0.1771129990237216
4.009999999999959,0.8929144896446044,-1.994860080730956e-12,3.900005318691058e-12,-0.17711299902376076
4.019999999999959,0.892914489644435,-2.0015198205776893e-12,3.9118326633502676e-12,-0.1771129990237999
4.0299999999999585,0.8929144896442656,-2.0081324159738912e-12,3.9236565385625255e-12,-0.177112999023839
4.039999999999958,0.8929144896440965,-2.0147080618550387e-12,3.935518577691255e-12,-0.1771129990238781
4.049999999999958,0.8929144896439273,-2.02124861027937e-12,3.947273063964474e-12,-0.17711299902391717
4.059999999999958,0.8929144896437584,-2.0277446528296155e-12,3.958760402822392e-12,-0.17711299902395622
4.069999999999958,0.8929144896435897,-2.0342012546582768e-12,3.970421214027908e-12,-0.17711299902399524
4.079999999999957,0.892914489643421,-2.0406227213163218e-12,3.982036922423049e-12,-0.17711299902403427
4.089999999999957,0.8929144896432526,-2.047008511165436e-12,3.993454872341928e-12,-0.1771129990240733
4.099999999999957,0.8929144896430841,-2.0533584866315443e-12,4.0047340443827295e-12,-0.17711299902411234
4.109999999999957,0.8929144896429159,-2.0596639166237805e-12,4.016051380340002e-12,-0.17711299902415134
4.119999999999957,0.8929144896427477,-2.0659312587554626e-12,4.027229938419197e-12,-0.1771129990241903
4.129999999999956,0.8929144896425798,-2.07216115097758e-12,4.038408496498391e-12,-0.17711299902422928
4.139999999999956,0.892914489642412,-2.07835304011941e-12,4.049476032275123e-12,-0.1771129990242682
4.149999999999956,0.8929144896422444,-2.084509737269413e-12,4.0606858153768854e-12,-0.1771129990243071
4.159999999999956,0.8929144896420769,-2.0906286770233395e-12,4.071659676085915e-12,-0.17711299902434602
4.1699999999999555,0.8929144896419096,-2.096711781213219e-12,4.082397614402211e-12,-0.17711299902438496
4.179999999999955,0.8929144896417424,-2.1027561285384614e-12,4.09322922778621e-12,-0.17711299902442385
4.189999999999955,0.8929144896415753,-2.1087597832217927e-12,4.103956757761651e-12,-0.1771129990244627
4.199999999999955,0.8929144896414083,-2.1147296695231556e-12,4.114725921100515e-12,-0.17711299902450153
4.209999999999955,0.8929144896412413,-2.120663288681777e-12,4.125120384168568e-12,-0.1771129990245404
4.2199999999999545,0.8929144896410748,-2.1265576342052734e-12,4.135882608613528e-12,-0.1771129990245792
4.229999999999954,0.8929144896409081,-2.132422391124405e-12,4.1465442190968815e-12,-0.177112999024618
4.239999999999954,0.8929144896407418,-2.1382508896759485e-12,4.156931743271031e-12,-0.17711299902465677
4.249999999999954,0.8929144896405754,-2.14404684363993e-12,4.167256817400045e-12,-0.17711299902469557
4.259999999999954,0.8929144896404093,-2.1498049428426776e-12,4.177543727612587e-12,-0.17711299902473435
4.269999999999953,0.8929144896402433,-2.1555261996576664e-12,4.187726554416571e-12,-0.1771129990247731
4.279999999999953,0.8929144896400775,-2.1612113990940004e-12,4.197947545137026e-12,-0.17711299902481178
4.289999999999953,0.8929144896399117,-2.166866412576393e-12,4.2080332274263554e-12,-0.1771129990248505
4.299999999999953,0.8929144896397462,-2.1724841179832874e-12,4.218108501374829e-12,-0.1771129990248892
4.3099999999999525,0.8929144896395806,-2.1780716072673107e-12,4.228086630808647e-12,-0.17711299902492786
4.319999999999952,0.8929144896394154,-2.183627766850069e-12,4.238297213188247e-12,-0.17711299902496647
4.329999999999952,0.8929144896392502,-2.1891543748652555e-12,4.2480394202293326e-12,-0.17711299902500516
4.339999999999952,0.8929144896390853,-2.194642794506539e-12,4.257816321739938e-12,-0.17711299902504377
4.349999999999952,0.8929144896389203,-2.2000894605313068e-12,4.267450975925513e-12,-0.1771129990250824
4.3599999999999515,0.8929144896387555,-2.205502041382769e-12,4.277227877436118e-12,-0.17711299902512098
4.369999999999951,0.8929144896385909,-2.2108819065350074e-12,4.2868625316216935e-12,-0.17711299902515956
4.379999999999951,0.8929144896384265,-2.2162327790020126e-12,4.29639310239871e-12,-0.17711299902519814
4.389999999999951,0.8929144896382621,-2.2215475419363023e-12,4.3057848952976485e-12,-0.17711299902523667
4.399999999999951,0.8929144896380979,-2.2268287234127294e-12,4.3153536299911366e-12,-0.1771129990252752
4.40999999999995,0.8929144896379339,-2.2320808910364678e-12,4.3247835868065465e-12,-0.17711299902531372
4.41999999999995,0.89291448963777,-2.237293699439473e-12,4.33397068233532e-12,-0.17711299902535219
4.42999999999995,0.8929144896376064,-2.242472441529556e-12,4.3432549223787476e-12,-0.17711299902539065
4.43999999999995,0.8929144896374429,-2.2476179883119296e-12,4.35247671237704e-12,-0.17711299902542907
4.4499999999999496,0.8929144896372796,-2.252738065150466e-12,4.361698502375333e-12,-0.17711299902546748
4.459999999999949,0.8929144896371163,-2.257824414974988e-12,4.3707815144955475e-12,-0.1771129990255059
4.469999999999949,0.8929144896369531,-2.262877349653351e-12,4.3797604432072035e-12,-0.17711299902554428
4.479999999999949,0.8929144896367902,-2.2678980620644855e-12,4.388839985880466e-12,-0.17711299902558264
4.489999999999949,0.8929144896366275,-2.2728888044780692e-12,4.397811975698218e-12,-0.17711299902562094
4.4999999999999485,0.8929144896364649,-2.2778533048247005e-12,4.406551512570189e-12,-0.1771129990256593
4.509999999999948,0.8929144896363023,-2.282780711115064e-12,4.415332682805584e-12,-0.17711299902569766
4.519999999999948,0.8929144896361398,-2.287672851764388e-12,4.42383282783787e-12,-0.177112999025736
4.529999999999948,0.8929144896359776,-2.292529672925498e-12,4.432468281301283e-12,-0.1771129990257743
4.539999999999948,0.8929144896358157,-2.297351992561023e-12,4.4412425126427735e-12,-0.17711299902581254
4.549999999999947,0.8929144896356538,-2.3021474523588525e-12,4.449635104819549e-12,-0.17711299902585081
4.559999999999947,0.8929144896354919,-2.306903907313631e-12,4.458166474874403e-12,-0.17711299902588903
4.569999999999947,0.8929144896353303,-2.311632478054418e-12,4.466461922536524e-12,-0.17711299902592728
4.579999999999947,0.8929144896351688,-2.316329973194674e-12,4.475024517613946e-12,-0.17711299902596547
4.589999999999947,0.8929144896350074,-2.3209995694863013e-12,4.483212412420556e-12,-0.17711299902600364
4.599999999999946,0.8929144896348463,-2.325639190571799e-12,4.491632760172948e-12,-0.17711299902604177
4.609999999999946,0.8929144896346852,-2.330252915750444e-12,4.499862288342982e-12,-0.17711299902607994
4.619999999999946,0.8929144896345244,-2.334830544663826e-12,4.507907935824562e-12,-0.1771129990261181
4.629999999999946,0.8929144896343636,-2.339377863559081e-12,4.515991747222614e-12,-0.1771129990261562
4.6399999999999455,0.892914489634203,-2.343895359685278e-12,4.524072089173714e-12,-0.1771129990261943
4.649999999999945,0.8929144896340424,-2.348383445608283e-12,4.5321905950412855e-12,-0.17711299902623237
4.659999999999945,0.8929144896338821,-2.3528421630057664e-12,4.540173792477731e-12,-0.17711299902627042
4.669999999999945,0.8929144896337219,-2.3572712181131406e-12,4.547910659180587e-12,-0.17711299902630848
4.679999999999945,0.8929144896335618,-2.3616734090132014e-12,4.5558244676779935e-12,-0.17711299902634647
4.689999999999944,0.892914489633402,-2.3660495305905407e-12,4.563696642811976e-12,-0.17711299902638447
4.699999999999944,0.8929144896332423,-2.370394765391622e-12,4.571332895553226e-12,-0.1771129990264224
4.709999999999944,0.8929144896330826,-2.374713499394707e-12,4.579097517831698e-12,-0.17711299902646033
4.719999999999944,0.8929144896329231,-2.3790012831388483e-12,4.5866366260582936e-12,-0.1771129990264983
4.729999999999944,0.8929144896327638,-2.3832549123761414e-12,4.594165325944033e-12,-0.1771129990265362
4.739999999999943,0.8929144896326048,-2.3874826413938745e-12,4.601926478775553e-12,-0.1771129990265741
4.749999999999943,0.8929144896324459,-2.3916848559941927e-12,4.609351095252734e-12,-0.17711299902661193
4.759999999999943,0.8929144896322871,-2.3958646053198284e-12,4.6170081646756955e-12,-0.17711299902664973
4.769999999999943,0.8929144896321286,-2.400016514300237e-12,4.62433216719127e-12,-0.1771129990266876
4.7799999999999425,0.8929144896319702,-2.4041431049357775e-12,4.6317498447745464e-12,-0.17711299902672534
4.789999999999942,0.8929144896318119,-2.408247868090611e-12,4.639066908396217e-12,-0.1771129990267631
4.799999999999942,0.8929144896316535,-2.4123269418155074e-12,4.646383972017887e-12,-0.17711299902680086
4.809999999999942,0.8929144896314956,-2.416378281218089e-12,4.653593482784046e-12,-0.17711299902683855
4.819999999999942,0.8929144896313378,-2.4204016982461592e-12,4.660671154566032e-12,-0.1771129990268763
4.8299999999999415,0.8929144896311801,-2.424402357469568e-12,4.667977809846846e-12,-0.17711299902691394
4.839999999999941,0.8929144896310226,-2.428378762951715e-12,4.6750485427349275e-12,-0.17711299902695163
4.849999999999941,0.8929144896308651,-2.432325463469083e-12,4.681921517146748e-12,-0.1771129990269893
4.859999999999941,0.8929144896307077,-2.4362377613003705e-12,4.688791022111616e-12,-0.17711299902702693
4.869999999999941,0.8929144896305506,-2.440124423537491e-12,4.695757671591139e-12,-0.17711299902706457
4.87999999999994,0.8929144896303937,-2.4439820952709017e-12,4.702623707109055e-12,-0.17711299902710215
4.88999999999994,0.8929144896302369,-2.447812839953004e-12,4.7093856592184125e-12,-0.1771129990271397
4.89999999999994,0.8929144896300804,-2.4516227342623258e-12,4.716383533720503e-12,-0.1771129990271772
4.90999999999994,0.8929144896299238,-2.4554130676114423e-12,4.7231385469359566e-12,-0.1771129990272147
4.9199999999999395,0.8929144896297674,-2.4591762229844895e-12,4.729754782273332e-12,-0.17711299902725222
4.929999999999939,0.8929144896296112,-2.462908180871112e-12,4.736277342543005e-12,-0.17711299902728972
4.939999999999939,0.8929144896294551,-2.4666128596718006e-12,4.742935211243804e-12,-0.1771129990273272
4.949999999999939,0.8929144896292992,-2.4702903374300477e-12,4.749447363172621e-12,-0.1771129990273646
4.959999999999939,0.8929144896291433,-2.473939800740279e-12,4.755862370586783e-12,-0.17711299902740205
4.9699999999999385,0.8929144896289879,-2.4775636121640264e-12,4.762173294592387e-12,-0.17711299902743946
4.979999999999938,0.8929144896288325,-2.481157585488896e-12,4.768581363112645e-12,-0.17711299902747685
4.989999999999938,0.8929144896286771,-2.484724003105373e-12,4.774885348224345e-12,-0.1771129990275142
4.999999999999938,0.892914489628522,-2.4882643873776825e-12,4.7811893333360445e-12,-0.1771129990275515
5.009999999999938,0.892914489628367,-2.4917822744102047e-12,4.7873961739330895e-12,-0.1771129990275888
5.019999999999937,0.8929144896282122,-2.4952774628941693e-12,4.793693220150885e-12,-0.17711299902762606
5.029999999999937,0.8929144896280575,-2.498750177178017e-12,4.799750874528996e-12,-0.1771129990276633
5.039999999999937,0.8929144896279031,-2.5021986935196094e-12,4.8059473067851854e-12,-0.17711299902770053
5.049999999999937,0.8929144896277488,-2.5056190421002497e-12,4.812039655632816e-12,-0.17711299902773772
5.0599999999999365,0.8929144896275947,-2.509013679642294e-12,4.818093840563975e-12,-0.1771129990277749
5.069999999999936,0.8929144896274407,-2.512385394906685e-12,4.823946797571921e-12,-0.17711299902781202
5.079999999999936,0.8929144896272867,-2.515733081094331e-12,4.829900368541473e-12,-0.1771129990278492
5.089999999999936,0.892914489627133,-2.5190551217468743e-12,4.835749856102467e-12,-0.1771129990278863
5.099999999999936,0.8929144896269795,-2.522348395164094e-12,4.841599343663461e-12,-0.1771129990279234
5.1099999999999355,0.8929144896268262,-2.525617579518764e-12,4.8473031144524725e-12,-0.17711299902796046
5.119999999999935,0.892914489626673,-2.5288650663631595e-12,4.853183827036034e-12,-0.1771129990279975
5.129999999999935,0.8929144896265198,-2.5320931660249597e-12,4.858922292294565e-12,-0.1771129990280345
5.139999999999935,0.8929144896263669,-2.535294693185762e-12,4.864424835160364e-12,-0.1771129990280715
5.149999999999935,0.8929144896262141,-2.538472722215829e-12,4.870163300418895e-12,-0.17711299902810848
5.159999999999934,0.8929144896260616,-2.541630158152193e-12,4.875794212821916e-12,-0.17711299902814542
5.169999999999934,0.892914489625909,-2.544764639034011e-12,4.88128981679381e-12,-0.17711299902818234
5.179999999999934,0.8929144896257568,-2.547873827607032e-12,4.886781951318753e-12,-0.17711299902821925
5.189999999999934,0.8929144896256046,-2.550959480723482e-12,4.892173471882089e-12,-0.17711299902825614
5.199999999999934,0.8929144896254525,-2.5540197500649546e-12,4.89746784793077e-12,-0.17711299902829306
5.209999999999933,0.8929144896253006,-2.5570529157177022e-12,4.902859368494106e-12,-0.1771129990283299
5.219999999999933,0.8929144896251489,-2.560061952255232e-12,4.9080461916872764e-12,-0.17711299902836675
5.229999999999933,0.8929144896249972,-2.5630459434762133e-12,4.913330159395102e-12,-0.17711299902840352
5.239999999999933,0.8929144896248459,-2.5660029926718085e-12,4.918614127102927e-12,-0.1771129990284403
5.2499999999999325,0.8929144896246948,-2.5689431089728687e-12,4.923884217022945e-12,-0.177112999028477
5.259999999999932,0.8929144896245437,-2.5718671264048003e-12,4.929067570769163e-12,-0.1771129990285137
5.269999999999932,0.8929144896243927,-2.5747654331043296e-12,4.934240516174526e-12,-0.17711299902855043
5.279999999999932,0.8929144896242419,-2.577645532548035e-12,4.939174069740204e-12,-0.17711299902858707
5.289999999999932,0.8929144896240913,-2.580498583875238e-12,4.944152726116258e-12,-0.17711299902862376
5.299999999999931,0.8929144896239408,-2.5833269219910957e-12,4.949086279681936e-12,-0.1771129990286604
5.309999999999931,0.8929144896237905,-2.5861282989868114e-12,4.95401289435371e-12,-0.17711299902869698
5.319999999999931,0.8929144896236404,-2.588907134614217e-12,4.958838895063877e-12,-0.1771129990287336
5.329999999999931,0.8929144896234905,-2.5916616199987012e-12,4.963626731857573e-12,-0.17711299902877015
5.339999999999931,0.8929144896233407,-2.594391523224232e-12,4.968591510445819e-12,-0.17711299902880667
5.34999999999993,0.8929144896231912,-2.5971047668088483e-12,4.973271794384004e-12,-0.1771129990288432
5.35999999999993,0.8929144896230418,-2.599792256795249e-12,4.977993711685613e-12,-0.17711299902887967
5.36999999999993,0.8929144896228924,-2.6024620599679502e-12,4.982701751199414e-12,-0.17711299902891608
5.37999999999993,0.8929144896227432,-2.6051076775305392e-12,4.987281421175993e-12,-0.17711299902895253
5.3899999999999295,0.8929144896225941,-2.607731996615911e-12,4.99185762170562e-12,-0.17711299902898894
5.399999999999929,0.8929144896224452,-2.6103311170729817e-12,4.9963679027431596e-12,-0.17711299902902533
5.409999999999929,0.8929144896222965,-2.612905505282949e-12,5.000840019864228e-12,-0.17711299902906166
5.419999999999929,0.8929144896221479,-2.6154638565984267e-12,5.005208053576737e-12,-0.17711299902909802
5.429999999999929,0.8929144896219996,-2.6179923217359933e-12,5.009676701250854e-12,-0.17711299902913435
5.4399999999999284,0.8929144896218514,-2.620500466087964e-12,5.014277187909144e-12,-0.17711299902917063
5.449999999999928,0.8929144896217034,-2.6229875006370212e-12,5.01849603540272e-12,-0.17711299902920688
5.459999999999928,0.8929144896215554,-2.625453996993997e-12,5.0229993775463555e-12,-0.17711299902924313
5.469999999999928,0.8929144896214076,-2.6279007832311056e-12,5.027121080525276e-12,-0.17711299902927938
5.479999999999928,0.89291448962126,-2.630327911362636e-12,5.0313746224883715e-12,-0.17711299902931554
5.489999999999927,0.8929144896211125,-2.6327325830649743e-12,5.035399180952638e-12,-0.17711299902935176
5.499999999999927,0.8929144896209652,-2.635106517740487e-12,5.039507006143751e-12,-0.17711299902938787
5.509999999999927,0.8929144896208181,-2.637464075179307e-12,5.0437917731294135e-12,-0.17711299902942398
5.519999999999927,0.8929144896206711,-2.6397988901685552e-12,5.0479030677674785e-12,-0.17711299902946007
5.5299999999999265,0.8929144896205242,-2.6421168677429246e-12,5.051809665035378e-12,-0.17711299902949615
5.539999999999926,0.8929144896203776,-2.644416143524135e-12,5.055952184696011e-12,-0.17711299902953218
5.549999999999926,0.892914489620231,-2.6466936513605356e-12,5.059855312516959e-12,-0.17711299902956817
5.559999999999926,0.8929144896200847,-2.6489536406411162e-12,5.063754970890955e-12,-0.17711299902960417
5.569999999999926,0.8929144896199385,-2.651187785980987e-12,5.0676546292649505e-12,-0.17711299902964012
5.5799999999999255,0.8929144896197925,-2.653404430860396e-12,5.071446734783436e-12,-0.17711299902967603
5.589999999999925,0.8929144896196466,-2.655598459376038e-12,5.075107001317747e-12,-0.177112999029712
5.599999999999925,0.8929144896195008,-2.657765507942658e-12,5.0788019623215774e-12,-0.1771129990297479
5.609999999999925,0.8929144896193552,-2.6599078529215394e-12,5.0824552899619846e-12,-0.17711299902978378
5.619999999999925,0.8929144896192099,-2.662027406918977e-12,5.086236987139614e-12,-0.1771129990298196
5.629999999999924,0.8929144896190647,-2.6641302882273434e-12,5.0897862313714626e-12,-0.17711299902985542
5.639999999999924,0.8929144896189197,-2.666213137762208e-12,5.093567928549092e-12,-0.17711299902989122
5.649999999999924,0.8929144896187748,-2.668280931170033e-12,5.097245542318163e-12,-0.17711299902992697
5.659999999999924,0.8929144896186302,-2.670332161145265e-12,5.1007809087622036e-12,-0.17711299902996266
5.6699999999999235,0.8929144896184855,-2.6723627255180296e-12,5.10436137801662e-12,-0.17711299902999839
5.679999999999923,0.892914489618341,-2.674372763767315e-12,5.107702455431351e-12,-0.17711299903003408
5.689999999999923,0.8929144896181966,-2.6763628531098826e-12,5.111133738466833e-12,-0.17711299903006975
5.699999999999923,0.8929144896180524,-2.6783356905321974e-12,5.114603185418787e-12,-0.17711299903010536
5.709999999999923,0.8929144896179085,-2.6802887155332654e-12,5.117892221129239e-12,-0.177112999030141
5.7199999999999225,0.8929144896177648,-2.682221752940632e-12,5.1213616680811924e-12,-0.17711299903017658
5.729999999999922,0.8929144896176211,-2.684136652347634e-12,5.124681928814212e-12,-0.17711299903021208
5.739999999999922,0.8929144896174775,-2.6860379552091378e-12,5.128040353463703e-12,-0.17711299903024758
5.749999999999922,0.8929144896173341,-2.687927013903049e-12,5.131364083643675e-12,-0.17711299903028313
5.759999999999922,0.8929144896171909,-2.6897957284259786e-12,5.1344449525370095e-12,-0.17711299903031863
5.769999999999921,0.8929144896170478,-2.6916416248120787e-12,5.137563985346816e-12,-0.1771129990303541
5.779999999999921,0.8929144896169049,-2.6934662011655816e-12,5.140637915346247e-12,-0.17711299903038952
5.789999999999921,0.8929144896167621,-2.695269406706476e-12,5.143854092670708e-12,-0.17711299903042496
5.799999999999921,0.8929144896166196,-2.6970533725418826e-12,5.146827408708532e-12,-0.17711299903046038
5.809999999999921,0.892914489616477,-2.69881483821748e-12,5.1496966413377976e-12,-0.17711299903049577
5.81999999999992,0.8929144896163348,-2.7005510132776306e-12,5.152663018481718e-12,-0.17711299903053104
5.82999999999992,0.8929144896161927,-2.7022754164119858e-12,5.155802867973236e-12,-0.17711299903056635
5.83999999999992,0.8929144896160507,-2.703984913914584e-12,5.158665161708598e-12,-0.17711299903060163
5.84999999999992,0.8929144896159088,-2.705674010573887e-12,5.161624599958614e-12,-0.17711299903063685
5.8599999999999195,0.8929144896157671,-2.707345500452882e-12,5.164386279732369e-12,-0.1771129990306721
5.869999999999919,0.8929144896156257,-2.7089980415882153e-12,5.167373473558001e-12,-0.17711299903070726
5.879999999999919,0.8929144896154844,-2.7106381589883945e-12,5.1701282144378524e-12,-0.17711299903074243
5.889999999999919,0.8929144896153433,-2.712259658627113e-12,5.1727407079926735e-12,-0.1771129990307776
5.899999999999919,0.8929144896152023,-2.7138605233834227e-12,5.175491979425573e-12,-0.1771129990308127
5.909999999999918,0.8929144896150614,-2.7154411356725664e-12,5.1781322285560094e-12,-0.17711299903084776
5.919999999999918,0.8929144896149208,-2.717006158344439e-12,5.181008400079179e-12,-0.17711299903088276
5.929999999999918,0.8929144896147804,-2.718558204559156e-12,5.183610485293144e-12,-0.17711299903091782
5.939999999999918,0.8929144896146399,-2.720090845512228e-12,5.186111956545503e-12,-0.17711299903095284
5.949999999999918,0.8929144896144997,-2.7216021445651036e-12,5.188648122267381e-12,-0.17711299903098782
5.959999999999917,0.8929144896143597,-2.7231009117947983e-12,5.191246738034394e-12,-0.1771129990310228
5.969999999999917,0.8929144896142198,-2.724579564255887e-12,5.193640656431242e-12,-0.17711299903105776
5.979999999999917,0.89291448961408,-2.7260342674030273e-12,5.196173352706168e-12,-0.17711299903109268
5.989999999999917,0.8929144896139404,-2.727472235601109e-12,5.198563801656064e-12,-0.17711299903112757
5.9999999999999165,0.8929144896138009,-2.7288878217978264e-12,5.20095425060596e-12,-0.17711299903116245
6.009999999999916,0.8929144896136617,-2.7302861031542427e-12,5.203237146700346e-12,-0.17711299903119723
6.019999999999916,0.8929144896135226,-2.7316749560954833e-12,5.205759434634416e-12,-0.17711299903123204
6.029999999999916,0.8929144896133836,-2.7330465873077096e-12,5.208035391834898e-12,-0.17711299903126682
6.039999999999916,0.8929144896132448,-2.7344038586307334e-12,5.2102142045207245e-12,-0.17711299903130154
6.0499999999999154,0.8929144896131063,-2.7357410429825285e-12,5.212625470152332e-12,-0.17711299903133626
6.059999999999915,0.8929144896129677,-2.7370665935079475e-12,5.214897957905862e-12,-0.17711299903137093
6.069999999999915,0.8929144896128293,-2.738376795661575e-12,5.217073301144737e-12,-0.17711299903140565
6.079999999999915,0.892914489612691,-2.7396698419301048e-12,5.21910292761163e-12,-0.1771129990314403
6.089999999999915,0.8929144896125528,-2.7409396058685532e-12,5.221174187441946e-12,-0.17711299903147493
6.099999999999914,0.8929144896124149,-2.742191684056381e-12,5.223235038931406e-12,-0.17711299903150954
6.109999999999914,0.8929144896122772,-2.743427294088618e-12,5.225257726504395e-12,-0.17711299903154412
6.119999999999914,0.8929144896121397,-2.7446417641068352e-12,5.227322047440808e-12,-0.17711299903157865
6.129999999999914,0.8929144896120023,-2.745846003927627e-12,5.22924412105219e-12,-0.17711299903161318
6.1399999999999135,0.8929144896118648,-2.747028918246309e-12,5.2311592557696684e-12,-0.17711299903164773
6.149999999999913,0.8929144896117278,-2.7481933538216364e-12,5.233074390487147e-12,-0.1771129990316822
6.159999999999913,0.8929144896115908,-2.7493381666423252e-12,5.235031158568049e-12,-0.17711299903171665
6.169999999999913,0.8929144896114541,-2.7504674867846603e-12,5.23670343199889e-12,-0.17711299903175107
6.179999999999913,0.8929144896113175,-2.751579370964853e-12,5.238611627822465e-12,-0.17711299903178548
6.1899999999999125,0.8929144896111813,-2.7526674193539204e-12,5.2402804318063545e-12,-0.17711299903181987
6.199999999999912,0.8929144896110449,-2.7537426823004883e-12,5.241990869153668e-12,-0.1771129990318542
6.209999999999912,0.8929144896109088,-2.7547980660254244e-12,5.2436527342436534e-12,-0.17711299903188857
6.219999999999912,0.8929144896107728,-2.7558353517176808e-12,5.245449907764765e-12,-0.17711299903192285
6.229999999999912,0.892914489610637,-2.7568571680609115e-12,5.2470076894461926e-12,-0.17711299903195712
6.239999999999911,0.8929144896105013,-2.75786159621522e-12,5.24856547112762e-12,-0.17711299903199135
6.249999999999911,0.8929144896103658,-2.758852590902388e-12,5.250293255709693e-12,-0.17711299903202551
6.259999999999911,0.8929144896102305,-2.7598281979483608e-12,5.251743484535609e-12,-0.1771129990320597
6.269999999999911,0.8929144896100951,-2.760787258966816e-12,5.253335960686556e-12,-0.1771129990320939
6.2799999999999105,0.89291448960996,-2.7617307829826373e-12,5.2550221119052054e-12,-0.177112999032128
6.28999999999991,0.8929144896098252,-2.7626573552816693e-12,5.256500096306738e-12,-0.17711299903216207
6.29999999999991,0.8929144896096904,-2.7635742588084514e-12,5.2580752252229246e-12,-0.17711299903219616
6.30999999999991,0.8929144896095558,-2.7644824856365396e-12,5.2596503541391115e-12,-0.17711299903223016
6.31999999999991,0.8929144896094212,-2.76537558978461e-12,5.261027724579037e-12,-0.17711299903226416
6.3299999999999095,0.892914489609287,-2.7662548226383846e-12,5.262363461655539e-12,-0.17711299903229819
6.339999999999909,0.8929144896091528,-2.7671160332418416e-12,5.2636957292850894e-12,-0.17711299903233216
6.349999999999909,0.8929144896090186,-2.7679664586829205e-12,5.265166774792718e-12,-0.17711299903236608
6.359999999999909,0.8929144896088848,-2.7687968079221953e-12,5.266394959013709e-12,-0.1771129990324
6.369999999999909,0.892914489608751,-2.769617086892949e-12,5.267758451665827e-12,-0.17711299903243388
6.379999999999908,0.8929144896086174,-2.7704208455026706e-12,5.268979696992915e-12,-0.17711299903246774
6.389999999999908,0.8929144896084841,-2.7712107595613188e-12,5.270336250751129e-12,-0.17711299903250155
6.399999999999908,0.8929144896083508,-2.7719881221110425e-12,5.2715505571843124e-12,-0.17711299903253533
6.409999999999908,0.8929144896082177,-2.7727557930288615e-12,5.272907110942526e-12,-0.17711299903256908
6.419999999999908,0.8929144896080847,-2.773513059829645e-12,5.2741561118452296e-12,-0.17711299903260283
6.429999999999907,0.8929144896079518,-2.774255265203033e-12,5.275165720908248e-12,-0.17711299903263653
6.439999999999907,0.8929144896078192,-2.7749822834918956e-12,5.276272474485921e-12,-0.17711299903267022
6.449999999999907,0.8929144896076868,-2.7756868424459072e-12,5.2773757586166425e-12,-0.17711299903270386
6.459999999999907,0.8929144896075546,-2.77638319334051e-12,5.278479042747364e-12,-0.17711299903273747
6.4699999999999065,0.8929144896074226,-2.7770671916369685e-12,5.279575387984181e-12,-0.17711299903277108
6.479999999999906,0.8929144896072906,-2.7777397655287494e-12,5.2806752026679504e-12,-0.17711299903280467
6.489999999999906,0.8929144896071587,-2.7783961967754256e-12,5.281435011550428e-12,-0.17711299903283823
6.499999999999906,0.892914489607027,-2.779030084591379e-12,5.282291964947561e-12,-0.17711299903287178
6.509999999999906,0.8929144896068955,-2.7796491315653067e-12,5.2832876962227715e-12,-0.17711299903290528
6.519999999999905,0.8929144896067641,-2.7802514001475495e-12,5.284273019157126e-12,-0.17711299903293873
6.529999999999905,0.892914489606633,-2.7808407776383913e-12,5.285119564213403e-12,-0.17711299903297217
6.539999999999905,0.892914489606502,-2.7814187123190213e-12,5.285997334292247e-12,-0.17711299903300556
6.549999999999905,0.892914489606371,-2.7819844345930244e-12,5.2868820432649954e-12,-0.17711299903303895
6.559999999999905,0.8929144896062402,-2.7825387337014756e-12,5.28775981334384e-12,-0.17711299903307232
6.569999999999904,0.8929144896061096,-2.7830757780554916e-12,5.288491866650702e-12,-0.17711299903310562
6.579999999999904,0.8929144896059791,-2.7836029219801664e-12,5.2892724922148915e-12,-0.17711299903313893
6.589999999999904,0.8929144896058487,-2.784115071598107e-12,5.289903931560147e-12,-0.1771129990331722
6.599999999999904,0.8929144896057184,-2.7846108687054987e-12,5.290670679336529e-12,-0.17711299903320546
6.6099999999999035,0.8929144896055885,-2.7850961299342403e-12,5.291534571627565e-12,-0.17711299903323863
6.619999999999903,0.8929144896054587,-2.7855738830608052e-12,5.2921937665484364e-12,-0.1771129990332718
6.629999999999903,0.8929144896053288,-2.7860408641898454e-12,5.292957044877866e-12,-0.17711299903330496
6.639999999999903,0.8929144896051993,-2.7864937320245126e-12,5.293473992473707e-12,-0.17711299903333805
6.649999999999903,0.8929144896050698,-2.786939556380678e-12,5.2941297179476265e-12,-0.17711299903337116
6.659999999999902,0.8929144896049405,-2.7873671500880427e-12,5.294785443421546e-12,-0.17711299903340424
6.669999999999902,0.8929144896048113,-2.78778143053893e-12,5.295298921570435e-12,-0.1771129990334373
6.679999999999902,0.8929144896046823,-2.7881838163130713e-12,5.295808930272372e-12,-0.17711299903347033
6.689999999999902,0.8929144896045534,-2.788569602075107e-12,5.2962217944596546e-12,-0.17711299903350333
6.699999999999902,0.8929144896044248,-2.7889467441012913e-12,5.296763028184159e-12,-0.1771129990335363
6.709999999999901,0.8929144896042962,-2.7893069259666694e-12,5.297401406423319e-12,-0.17711299903356922
6.719999999999901,0.892914489604168,-2.789663605254051e-12,5.2979010067844e-12,-0.17711299903360211
6.729999999999901,0.8929144896040397,-2.790008813792492e-12,5.298195909775316e-12,-0.17711299903363498
6.739999999999901,0.8929144896039117,-2.790341492888061e-12,5.298730204605917e-12,-0.1771129990336678
6.7499999999999005,0.8929144896037837,-2.7906630489796064e-12,5.299021638149881e-12,-0.17711299903370062
6.7599999999999,0.8929144896036562,-2.7909692454169244e-12,5.299548994086578e-12,-0.17711299903373337
6.7699999999999,0.8929144896035286,-2.791267437449421e-12,5.299930633251293e-12,-0.1771129990337661
6.7799999999999,0.8929144896034013,-2.791558157590581e-12,5.300353905779431e-12,-0.17711299903379882
6.7899999999999,0.8929144896032739,-2.7918394467107927e-12,5.300766769966714e-12,-0.17711299903383151
6.7999999999998995,0.8929144896031468,-2.792109111466488e-12,5.30104432572287e-12,-0.17711299903386415
6.809999999999899,0.8929144896030199,-2.7923655448014905e-12,5.3014606593571045e-12,-0.17711299903389677
6.819999999999899,0.8929144896028929,-2.792613343628003e-12,5.301634131704702e-12,-0.17711299903392938
6.829999999999899,0.8929144896027662,-2.7928505467070668e-12,5.302043526445033e-12,-0.17711299903396197
6.839999999999899,0.8929144896026397,-2.79307709414396e-12,5.301974137505994e-12,-0.17711299903399458
6.849999999999898,0.8929144896025134,-2.7932863737266173e-12,5.302244754368246e-12,-0.1771129990340271
6.859999999999898,0.8929144896023872,-2.7934832469519883e-12,5.302272509943862e-12,-0.17711299903405966
6.869999999999898,0.892914489602261,-2.7936638012626086e-12,5.3024390433975555e-12,-0.17711299903409217
6.879999999999898,0.892914489602135,-2.7938282893560473e-12,5.3023661850115644e-12,-0.17711299903412467
6.8899999999998975,0.8929144896020091,-2.7939770487366453e-12,5.302421696162796e-12,-0.17711299903415711
6.899999999999897,0.8929144896018836,-2.7941085934714892e-12,5.3024390433975555e-12,-0.17711299903418953
6.909999999999897,0.8929144896017581,-2.7942315921560187e-12,5.302494554548787e-12,-0.1771129990342219
6.919999999999897,0.8929144896016328,-2.7943396019488785e-12,5.302404348928036e-12,-0.17711299903425426
6.929999999999897,0.8929144896015075,-2.7944376049528067e-12,5.302459860079267e-12,-0.17711299903428662
6.9399999999998965,0.8929144896013824,-2.7945245478807494e-12,5.302303734966429e-12,-0.1771129990343189
6.949999999999896,0.8929144896012574,-2.7945945752409417e-12,5.3022100598987265e-12,-0.17711299903435118
6.959999999999896,0.8929144896011325,-2.7946513845426136e-12,5.302154548747495e-12,-0.17711299903438346
6.969999999999896,0.892914489601008,-2.794695134230626e-12,5.30194985137733e-12,-0.17711299903441566
6.979999999999896,0.8929144896008836,-2.7947285097888284e-12,5.301883931885243e-12,-0.17711299903444783
6.989999999999895,0.8929144896007591,-2.794755754007133e-12,5.3016827039620296e-12,-0.17711299903448005
6.999999999999895,0.8929144896006349,-2.7947607751288824e-12,5.3012455536460834e-12,-0.17711299903451222
7.009999999999895,0.8929144896005108,-2.794751679330138e-12,5.30107902019239e-12,-0.17711299903454436
7.019999999999895,0.892914489600387,-2.7947274265325794e-12,5.3008673839283205e-12,-0.17711299903457642
7.0299999999998946,0.8929144896002633,-2.7946932420220845e-12,5.3007841172014736e-12,-0.17711299903460845
7.039999999999894,0.8929144896001399,-2.79465304149455e-12,5.300461458634942e-12,-0.17711299903464042
7.049999999999894,0.8929144896000165,-2.7946045138804037e-12,5.300381661355047e-12,-0.1771129990346724
7.059999999999894,0.8929144895998933,-2.7945509688188874e-12,5.300052063894611e-12,-0.17711299903470432
7.069999999999894,0.89291448959977,-2.7944889100087912e-12,5.299864713759206e-12,-0.17711299903473626
7.0799999999998935,0.892914489599647,-2.7944200032241228e-12,5.2994379717841156e-12,-0.17711299903476815
7.089999999999893,0.8929144895995242,-2.794336119334829e-12,5.2991430687931995e-12,-0.1771129990348
7.099999999999893,0.8929144895994017,-2.7942424601924325e-12,5.298941840869986e-12,-0.1771129990348318
7.109999999999893,0.8929144895992791,-2.7941414130555266e-12,5.29850469055404e-12,-0.1771129990348636
7.119999999999893,0.8929144895991566,-2.794031470054135e-12,5.298105704154565e-12,-0.17711299903489536
7.129999999999892,0.8929144895990344,-2.7939082061390703e-12,5.2978003928227935e-12,-0.17711299903492708
7.139999999999892,0.8929144895989124,-2.793781192707587e-12,5.297252220204385e-12,-0.1771129990349588
7.149999999999892,0.8929144895987904,-2.7936426597952742e-12,5.296846294911006e-12,-0.17711299903499048
7.159999999999892,0.8929144895986684,-2.793491726287043e-12,5.2962981222925976e-12,-0.17711299903502217
7.169999999999892,0.8929144895985468,-2.7933328956351814e-12,5.295978933173018e-12,-0.1771129990350538
7.179999999999891,0.8929144895984253,-2.7931668610540525e-12,5.2957013774168615e-12,-0.17711299903508537
7.189999999999891,0.8929144895983039,-2.7929936617823387e-12,5.295049121389894e-12,-0.17711299903511696
7.199999999999891,0.8929144895981826,-2.792807346407848e-12,5.294389926469023e-12,-0.17711299903514854
7.209999999999891,0.8929144895980615,-2.7926046756367577e-12,5.293730731548152e-12,-0.17711299903518007
7.2199999999998905,0.8929144895979405,-2.7923942952148087e-12,5.293206845058407e-12,-0.17711299903521158
7.22999999999989,0.8929144895978197,-2.7921697814609354e-12,5.2926413252052384e-12,-0.17711299903524308
7.23999999999989,0.892914489597699,-2.7919362562208996e-12,5.291971721943511e-12,-0.1771129990352745
7.24999999999989,0.8929144895975786,-2.791690121631144e-12,5.2914408965598625e-12,-0.17711299903530595
7.25999999999989,0.8929144895974581,-2.7914368870959064e-12,5.2907643544042315e-12,-0.17711299903533734
7.269999999999889,0.8929144895973379,-2.791173821089836e-12,5.289994137180898e-12,-0.17711299903536873
7.279999999999889,0.8929144895972176,-2.7909028952764665e-12,5.289355758941738e-12,-0.17711299903540006
7.289999999999889,0.8929144895970978,-2.7906184058913346e-12,5.288811055770282e-12,-0.17711299903543135
7.299999999999889,0.892914489596978,-2.7903294006418045e-12,5.2879263467975335e-12,-0.17711299903546263
7.309999999999889,0.8929144895968585,-2.7900306939967742e-12,5.2873330713687494e-12,-0.17711299903549385
7.319999999999888,0.892914489596739,-2.7897280742970655e-12,5.286684284788734e-12,-0.17711299903552505
7.329999999999888,0.8929144895966196,-2.789417033499557e-12,5.285796106369034e-12,-0.17711299903555627
7.339999999999888,0.8929144895965004,-2.7890949047856286e-12,5.285275689326241e-12,-0.17711299903558742
7.349999999999888,0.8929144895963814,-2.7887661377761517e-12,5.2844777165272916e-12,-0.17711299903561853
7.3599999999998875,0.8929144895962626,-2.788432357348818e-12,5.2838150521594685e-12,-0.1771129990356496
7.369999999999887,0.892914489596144,-2.7880979991652215e-12,5.283148918344693e-12,-0.17711299903568067
7.379999999999887,0.8929144895960253,-2.787757290097661e-12,5.2822433926902335e-12,-0.17711299903571173
7.389999999999887,0.8929144895959068,-2.787406912099835e-12,5.2814731754669e-12,-0.17711299903574274
7.399999999999887,0.8929144895957886,-2.7870458061656996e-12,5.280702958243566e-12,-0.17711299903577374
7.4099999999998865,0.8929144895956704,-2.7866748403324193e-12,5.279689879733596e-12,-0.17711299903580469
7.419999999999886,0.8929144895955524,-2.786295238286892e-12,5.2788780291468385e-12,-0.17711299903583566
7.429999999999886,0.8929144895954344,-2.785903542347762e-12,5.277764336675261e-12,-0.17711299903586658
7.439999999999886,0.8929144895953166,-2.7855042581844544e-12,5.27698024166412e-12,-0.17711299903589742
7.449999999999886,0.8929144895951989,-2.7850948161564188e-12,5.276095532691372e-12,-0.1771129990359283
7.459999999999885,0.8929144895950817,-2.784681291709078e-12,5.275307968233278e-12,-0.17711299903595906
7.469999999999885,0.8929144895949643,-2.784265194433376e-12,5.274412850919674e-12,-0.17711299903598987
7.479999999999885,0.8929144895948471,-2.7838397913748305e-12,5.273427527985319e-12,-0.17711299903602062
7.489999999999885,0.8929144895947301,-2.7834048165940097e-12,5.272528941224763e-12,-0.17711299903605135
7.4999999999998845,0.8929144895946131,-2.782963104617283e-12,5.2713944320714745e-12,-0.17711299903608205
7.509999999999884,0.8929144895944964,-2.782511432099645e-12,5.270395231349312e-12,-0.17711299903611272
7.519999999999884,0.8929144895943798,-2.782055160024304e-12,5.269493175141804e-12,-0.17711299903614333
7.529999999999884,0.8929144895942632,-2.7815896126246246e-12,5.268487035525737e-12,-0.17711299903617397
7.539999999999884,0.8929144895941469,-2.7811138117731355e-12,5.267380281948064e-12,-0.17711299903620456
7.5499999999998835,0.8929144895940306,-2.7806337895245575e-12,5.266374142331998e-12,-0.17711299903623515
7.559999999999883,0.8929144895939145,-2.780145056051352e-12,5.265357594375075e-12,-0.17711299903626565
7.569999999999883,0.8929144895937985,-2.7796461678508868e-12,5.264243901903498e-12,-0.17711299903629615
7.579999999999883,0.8929144895936827,-2.7791389973590882e-12,5.263223884499624e-12,-0.17711299903632666
7.589999999999883,0.892914489593567,-2.778627029106768e-12,5.262106722581095e-12,-0.1771129990363571
7.599999999999882,0.8929144895934514,-2.7781043759780697e-12,5.2608438438905836e-12,-0.17711299903638755
7.609999999999882,0.892914489593336,-2.777570184126914e-12,5.2597266819720545e-12,-0.17711299903641795
7.619999999999882,0.8929144895932208,-2.7770309553685085e-12,5.258595642265718e-12,-0.1771129990364483
7.629999999999882,0.8929144895931057,-2.7764847434213904e-12,5.257096841182474e-12,-0.1771129990364787
7.6399999999998816,0.8929144895929909,-2.7759182737371884e-12,5.2560594765438395e-12,-0.177112999036509
7.649999999999881,0.8929144895928761,-2.7753447717650643e-12,5.254557206013644e-12,-0.17711299903653935
7.659999999999881,0.8929144895927614,-2.7747569363206263e-12,5.253287388429229e-12,-0.17711299903656968
7.669999999999881,0.8929144895926471,-2.7741587503224603e-12,5.252007162503958e-12,-0.17711299903659994
7.679999999999881,0.8929144895925326,-2.7735531798975896e-12,5.250772039389062e-12,-0.1771129990366302
7.6899999999998805,0.8929144895924185,-2.7729358880338305e-12,5.2492524216241065e-12,-0.17711299903666042
7.69999999999988,0.8929144895923045,-2.772306971841336e-12,5.247972195698836e-12,-0.1771129990366906
7.70999999999988,0.8929144895921904,-2.771671372281236e-12,5.2464907418503515e-12,-0.1771129990367208
7.71999999999988,0.8929144895920766,-2.771019357267811e-12,5.245200107584225e-12,-0.1771129990367509
7.72999999999988,0.8929144895919631,-2.770357420328335e-12,5.2437151842887886e-12,-0.177112999036781
7.739999999999879,0.8929144895918495,-2.7696880601971685e-12,5.242320466614103e-12,-0.17711299903681105
7.749999999999879,0.8929144895917361,-2.769009684602957e-12,5.240821665530859e-12,-0.17711299903684108
7.759999999999879,0.8929144895916229,-2.7683207274929124e-12,5.239326333894567e-12,-0.17711299903687105
7.769999999999879,0.8929144895915098,-2.7676211645732144e-12,5.237820593917419e-12,-0.17711299903690103
7.779999999999879,0.8929144895913969,-2.7669149229991256e-12,5.2363148539402715e-12,-0.17711299903693098
7.789999999999878,0.892914489591284,-2.7662006261291743e-12,5.234947891841202e-12,-0.17711299903696087
7.799999999999878,0.8929144895911713,-2.7654822794168894e-12,5.233341537902447e-12,-0.17711299903699076
7.809999999999878,0.8929144895910587,-2.764751959437979e-12,5.231964167462522e-12,-0.17711299903702066
7.819999999999878,0.8929144895909463,-2.764016013003586e-12,5.23045148859147e-12,-0.17711299903705044
7.8299999999998775,0.8929144895908341,-2.763274514144551e-12,5.2288347263118595e-12,-0.17711299903708025
7.839999999999877,0.8929144895907218,-2.762523990930795e-12,5.227353272463375e-12,-0.17711299903711006
7.849999999999877,0.8929144895906098,-2.7617677746085406e-12,5.22583365469842e-12,-0.1771129990371398
7.859999999999877,0.8929144895904978,-2.761000545269451e-12,5.224109339563299e-12,-0.1771129990371695
7.869999999999877,0.8929144895903861,-2.7602265021565954e-12,5.222620946820911e-12,-0.1771129990371992
7.879999999999876,0.8929144895902745,-2.7594451773688457e-12,5.220893162238838e-12,-0.17711299903722885
7.889999999999876,0.892914489590163,-2.7586534952726e-12,5.2192590527244676e-12,-0.1771129990372585
7.899999999999876,0.8929144895900516,-2.757856593749034e-12,5.217663107126569e-12,-0.17711299903728805
7.909999999999876,0.8929144895899402,-2.7570553740520103e-12,5.215928383650592e-12,-0.17711299903731767
7.919999999999876,0.8929144895898292,-2.7562421021660003e-12,5.214422643673444e-12,-0.1771129990373472
7.929999999999875,0.8929144895897184,-2.755428318374609e-12,5.212819759181642e-12,-0.1771129990373767
7.939999999999875,0.8929144895896076,-2.7546088029235146e-12,5.211171771879464e-12,-0.17711299903740615
7.949999999999875,0.892914489589497,-2.753782347727599e-12,5.209423170615679e-12,-0.17711299903743563
7.959999999999875,0.8929144895893866,-2.752948784025936e-12,5.2076676304579905e-12,-0.17711299903746502
7.9699999999998745,0.8929144895892762,-2.752109985970138e-12,5.20605086817838e-12,-0.1771129990374944
7.979999999999874,0.8929144895891661,-2.7512643842186676e-12,5.204430636451818e-12,-0.17711299903752373
7.989999999999874,0.892914489589056,-2.7504189277688838e-12,5.202671626847177e-12,-0.17711299903755306
7.999999999999874,0.892914489588946,-2.7495631231803077e-12,5.201047925673663e-12,-0.17711299903758237
8.009999999999874,0.8929144895888362,-2.7487053581793485e-12,5.199184832660464e-12,-0.17711299903761166
8.019999999999873,0.8929144895887265,-2.7478394945358903e-12,5.197554192593046e-12,-0.1771129990376409
8.029999999999873,0.8929144895886171,-2.7469672011590553e-12,5.1957813052005974e-12,-0.1771129990376701
8.039999999999873,0.8929144895885076,-2.746091465321995e-12,5.1940500511715726e-12,-0.1771129990376993
8.049999999999873,0.8929144895883984,-2.745201914919135e-12,5.192079405302863e-12,-0.17711299903772848
8.059999999999873,0.8929144895882892,-2.7443043914180844e-12,5.190202434501856e-12,-0.17711299903775762
8.069999999999872,0.8929144895881802,-2.7433982790184127e-12,5.188321994253897e-12,-0.17711299903778674
8.079999999999872,0.8929144895880714,-2.7424829521832785e-12,5.186476248475458e-12,-0.1771129990378158
8.089999999999872,0.8929144895879626,-2.7415600482732155e-12,5.184498663712844e-12,-0.1771129990378449
8.099999999999872,0.892914489587854,-2.740625892764846e-12,5.182649448487453e-12,-0.17711299903787392
8.109999999999872,0.8929144895877454,-2.7396815786559905e-12,5.18061982202056e-12,-0.17711299903790292
8.119999999999871,0.8929144895876371,-2.7387265846994654e-12,5.17866652338661e-12,-0.17711299903793193
8.129999999999871,0.8929144895875288,-2.737767416349772e-12,5.176678530283141e-12,-0.1771129990379609
8.139999999999871,0.8929144895874208,-2.7367984395180926e-12,5.174818906716894e-12,-0.1771129990379898
8.14999999999987,0.8929144895873128,-2.735822064124632e-12,5.1728205052725684e-12,-0.17711299903801872
8.15999999999987,0.892914489587205,-2.7348376676736435e-12,5.1707214898666365e-12,-0.17711299903804759
8.16999999999987,0.8929144895870973,-2.7338473755465602e-12,5.168619005013753e-12,-0.17711299903807642
8.17999999999987,0.8929144895869898,-2.7328431023356023e-12,5.1666136646755234e-12,-0.17711299903810526
8.18999999999987,0.8929144895868824,-2.7318382002909527e-12,5.164643018806814e-12,-0.17711299903813404
8.19999999999987,0.8929144895867751,-2.730824116842122e-12,5.162634209021633e-12,-0.1771129990381628
8.20999999999987,0.8929144895866679,-2.729801191042826e-12,5.1603235573516315e-12,-0.17711299903819158
8.21999999999987,0.8929144895865607,-2.728767358606341e-12,5.158345972589018e-12,-0.1771129990382203
8.229999999999869,0.8929144895864538,-2.727722437600278e-12,5.156233079395278e-12,-0.177112999038249
8.239999999999869,0.892914489586347,-2.726672169661185e-12,5.1541132473076345e-12,-0.17711299903827768
8.249999999999869,0.8929144895862404,-2.7256136226733928e-12,5.151889331811432e-12,-0.17711299903830632
8.259999999999868,0.8929144895861337,-2.7245442507744317e-12,5.149672355209134e-12,-0.177112999038335
8.269999999999868,0.8929144895860276,-2.7234609766630845e-12,5.1475386453336824e-12,-0.17711299903836353
8.279999999999868,0.8929144895859213,-2.7223769755849034e-12,5.145411874352135e-12,-0.1771129990383921
8.289999999999868,0.8929144895858153,-2.7212883890819226e-12,5.143319797840107e-12,-0.17711299903842062
8.299999999999867,0.8929144895857093,-2.7201988778973643e-12,5.141085474003049e-12,-0.1771129990384491
8.309999999999867,0.8929144895856036,-2.7191010744584772e-12,5.138982989150165e-12,-0.17711299903847758
8.319999999999867,0.892914489585498,-2.717996186570779e-12,5.1368423403808094e-12,-0.17711299903850597
8.329999999999867,0.8929144895853925,-2.7168921271431173e-12,5.134698222164502e-12,-0.17711299903853442
8.339999999999867,0.8929144895852871,-2.7157814404585322e-12,5.1323528760249815e-12,-0.1771129990385628
8.349999999999866,0.8929144895851818,-2.7146620292779936e-12,5.1301046744001155e-12,-0.17711299903859115
8.359999999999866,0.8929144895850768,-2.7135369042343056e-12,5.127853003328298e-12,-0.1771129990386195
8.369999999999866,0.8929144895849717,-2.712406975071272e-12,5.125504187741825e-12,-0.17711299903864783
8.379999999999866,0.8929144895848667,-2.711266956843962e-12,5.123387825101133e-12,-0.1771129990386761
8.389999999999866,0.892914489584762,-2.7101225591658753e-12,5.121035540067709e-12,-0.17711299903870437
8.399999999999865,0.8929144895846574,-2.708969137370988e-12,5.11867631614038e-12,-0.1771129990387326
8.409999999999865,0.8929144895845529,-2.7078075610323196e-12,5.116448931197226e-12,-0.17711299903876074
8.419999999999865,0.8929144895844484,-2.7066433736878494e-12,5.114082768375994e-12,-0.17711299903878894
8.429999999999865,0.8929144895843443,-2.7054688513226985e-12,5.111848444538936e-12,-0.17711299903881703
8.439999999999864,0.8929144895842402,-2.704289830516213e-12,5.109478812270751e-12,-0.17711299903884514
8.449999999999864,0.8929144895841362,-2.7031065770495785e-12,5.10700856604096e-12,-0.1771129990388732
8.459999999999864,0.8929144895840323,-2.7019135010055347e-12,5.1046701587953436e-12,-0.17711299903890126
8.469999999999864,0.8929144895839286,-2.7007148675050244e-12,5.102328282102775e-12,-0.1771129990389293
8.479999999999864,0.8929144895838249,-2.6995095686050863e-12,5.099854566426032e-12,-0.1771129990389573
8.489999999999863,0.8929144895837214,-2.698293816683348e-12,5.097370442408433e-12,-0.17711299903898528
8.499999999999863,0.892914489583618,-2.6970693274649558e-12,5.09475447940666e-12,-0.17711299903901329
8.509999999999863,0.8929144895835147,-2.6958350758264778e-12,5.0924056638201876e-12,-0.1771129990390412
8.519999999999863,0.8929144895834117,-2.6945910366748578e-12,5.08981745639403e-12,-0.17711299903906907
8.529999999999863,0.8929144895833087,-2.693342634621288e-12,5.0873263934825275e-12,-0.17711299903909697
8.539999999999862,0.8929144895832059,-2.6920878660357707e-12,5.084870025040544e-12,-0.1771129990391248
8.549999999999862,0.8929144895831032,-2.6908295228667382e-12,5.0824691677497924e-12,-0.17711299903915262
8.559999999999862,0.8929144895830006,-2.6895663567952598e-12,5.080009329860857e-12,-0.17711299903918043
8.569999999999862,0.8929144895828981,-2.6882976390462506e-12,5.077410714093844e-12,-0.1771129990392082
8.579999999999862,0.8929144895827957,-2.6870229577307493e-12,5.074947406757957e-12,-0.17711299903923597
8.589999999999861,0.8929144895826935,-2.6857416450549442e-12,5.072480629975118e-12,-0.17711299903926367
8.599999999999861,0.8929144895825915,-2.6844557286054977e-12,5.07010405881303e-12,-0.17711299903929129
8.60999999999986,0.8929144895824895,-2.6831713387898974e-12,5.06752972917468e-12,-0.1771129990393189
8.61999999999986,0.8929144895823878,-2.6818881089722347e-12,5.065281527549814e-12,-0.17711299903934644
8.62999999999986,0.8929144895822863,-2.680605144343207e-12,5.062800872979167e-12,-0.17711299903937397
8.63999999999986,0.8929144895821847,-2.6793234417897222e-12,5.060313279514617e-12,-0.1771129990394015
8.64999999999986,0.8929144895820832,-2.6780391490513285e-12,5.057863849966537e-12,-0.17711299903942904
8.65999999999986,0.892914489581982,-2.676753605683579e-12,5.055376256501987e-12,-0.17711299903945646
8.66999999999986,0.8929144895818808,-2.675467030897702e-12,5.052881724143532e-12,-0.17711299903948394
8.67999999999986,0.8929144895817798,-2.6741771469482312e-12,5.050428825148501e-12,-0.17711299903951136
8.68999999999986,0.8929144895816788,-2.6728853096870124e-12,5.0478336788284395e-12,-0.17711299903953875
8.699999999999859,0.892914489581578,-2.671589785073524e-12,5.045332207576081e-12,-0.17711299903956612
8.709999999999859,0.8929144895814775,-2.6702872716560315e-12,5.042868900240194e-12,-0.17711299903959346
8.719999999999859,0.8929144895813769,-2.6689797684912587e-12,5.040301509495748e-12,-0.17711299903962077
8.729999999999858,0.8929144895812765,-2.6676716313680477e-12,5.037793099349486e-12,-0.17711299903964806
8.739999999999858,0.8929144895811763,-2.6663570012316447e-12,5.0351875446885686e-12,-0.1771129990396753
8.749999999999858,0.8929144895810761,-2.6650381944998858e-12,5.032477906619093e-12,-0.17711299903970254
8.759999999999858,0.892914489580976,-2.6637138661180104e-12,5.02986194361732e-12,-0.1771129990397298
8.769999999999857,0.8929144895808762,-2.6623770141705124e-12,5.027152305547844e-12,-0.17711299903975697
8.779999999999857,0.8929144895807763,-2.661037724871159e-12,5.024529403652167e-12,-0.17711299903978414
8.789999999999857,0.8929144895806767,-2.659687936629763e-12,5.021715682174133e-12,-0.17711299903981131
8.799999999999857,0.8929144895805771,-2.6583260677985028e-12,5.018999105210753e-12,-0.1771129990398384
8.809999999999857,0.8929144895804776,-2.656956434977159e-12,5.0162721199065174e-12,-0.17711299903986552
8.819999999999856,0.8929144895803783,-2.6555787293890033e-12,5.01354166515533e-12,-0.17711299903989258
8.829999999999856,0.8929144895802791,-2.654195695440233e-12,5.010849374320614e-12,-0.17711299903991962
8.839999999999856,0.89291448958018,-2.6528088850069152e-12,5.008257697447505e-12,-0.1771129990399466
8.849999999999856,0.8929144895800811,-2.6514193809459666e-12,5.0054231592877585e-12,-0.17711299903997355
8.859999999999856,0.8929144895799823,-2.650023425359871e-12,5.002682296195715e-12,-0.1771129990400005
8.869999999999855,0.8929144895798835,-2.648624200289153e-12,4.999983066467095e-12,-0.17711299904002745
8.879999999999855,0.892914489579785,-2.6472219849799923e-12,4.9972387339281e-12,-0.17711299904005431
8.889999999999855,0.8929144895796866,-2.645812261651186e-12,4.99439725687445e-12,-0.17711299904008118
8.899999999999855,0.8929144895795883,-2.6443949674921734e-12,4.991691088251926e-12,-0.17711299904010802
8.909999999999854,0.8929144895794902,-2.6429724464963345e-12,4.988842672304372e-12,-0.17711299904013483
8.919999999999854,0.8929144895793921,-2.6415424809018007e-12,4.985987317462914e-12,-0.17711299904016162
8.929999999999854,0.8929144895792941,-2.64010487721764e-12,4.9831354320684085e-12,-0.1771129990401884
8.939999999999854,0.8929144895791962,-2.6386582943222967e-12,4.980182932712296e-12,-0.17711299904021519
8.949999999999854,0.8929144895790985,-2.637205965655485e-12,4.977324108423886e-12,-0.17711299904024191
8.959999999999853,0.8929144895790009,-2.635748570001519e-12,4.9745069174989e-12,-0.1771129990402686
8.969999999999853,0.8929144895789035,-2.634285313414084e-12,4.971637684869634e-12,-0.17711299904029523
8.979999999999853,0.8929144895788063,-2.6328166993356445e-12,4.968910699565399e-12,-0.17711299904032182
8.989999999999853,0.8929144895787091,-2.6313478579639217e-12,4.9660796308526045e-12,-0.17711299904034844
8.999999999999853,0.8929144895786121,-2.629877125817236e-12,4.963203459329435e-12,-0.17711299904037497
9.009999999999852,0.8929144895785152,-2.628401871831435e-12,4.960504229600815e-12,-0.17711299904040148
9.019999999999852,0.8929144895784183,-2.6269268852502184e-12,4.957662752547165e-12,-0.17711299904042796
9.029999999999852,0.8929144895783218,-2.625451523082952e-12,4.954914950561218e-12,-0.17711299904045438
9.039999999999852,0.8929144895782252,-2.62397843964676e-12,4.951972859545961e-12,-0.17711299904048083
9.049999999999851,0.8929144895781287,-2.6225041232188396e-12,4.949221588113062e-12,-0.17711299904050726
9.059999999999851,0.8929144895780323,-2.6210272218499155e-12,4.9464113360819795e-12,-0.17711299904053363
9.069999999999851,0.8929144895779361,-2.6195490860348127e-12,4.943555981240522e-12,-0.17711299904056
9.07999999999985,0.89291448957784,-2.618072648695558e-12,4.940603481884409e-12,-0.1771129990405863
9.08999999999985,0.8929144895777441,-2.6165894455559313e-12,4.9378834354740775e-12,-0.17711299904061262
9.09999999999985,0.8929144895776483,-2.6151040402164776e-12,4.934927466671013e-12,-0.17711299904063887
9.10999999999985,0.8929144895775525,-2.6136137466836317e-12,4.932061703488699e-12,-0.17711299904066516
9.11999999999985,0.892914489577457,-2.612116265003088e-12,4.9290606318752594e-12,-0.1771129990406914
9.12999999999985,0.8929144895773615,-2.6106167207234372e-12,4.926233032609417e-12,-0.17711299904071762
9.13999999999985,0.8929144895772659,-2.609111108432298e-12,4.923266655465497e-12,-0.17711299904074382
9.14999999999985,0.8929144895771708,-2.6075983605300304e-12,4.920293339427673e-12,-0.17711299904076994
9.15999999999985,0.8929144895770756,-2.6060838144977017e-12,4.9173200233898484e-12,-0.17711299904079605
9.169999999999849,0.8929144895769805,-2.604566992255549e-12,4.914381401821544e-12,-0.17711299904082217
9.179999999999849,0.8929144895768857,-2.6030405144118718e-12,4.911304002375161e-12,-0.17711299904084823
9.189999999999849,0.8929144895767909,-2.6015081055301047e-12,4.908323747443433e-12,-0.17711299904087427
9.199999999999848,0.8929144895766962,-2.599975931646879e-12,4.905378186981224e-12,-0.1771129990409003
9.209999999999848,0.8929144895766016,-2.598434075469091e-12,4.902290379193985e-12,-0.17711299904092628
9.219999999999848,0.8929144895765072,-2.5968900519478733e-12,4.8994419632464314e-12,-0.17711299904095223
9.229999999999848,0.8929144895764127,-2.5953430046809596e-12,4.896388849928712e-12,-0.17711299904097816
9.239999999999847,0.8929144895763187,-2.593787534825783e-12,4.89329410324757e-12,-0.17711299904100408
9.249999999999847,0.8929144895762245,-2.592230055934396e-12,4.890341603891457e-12,-0.17711299904102998
9.259999999999847,0.8929144895761306,-2.590667168229736e-12,4.8872399183164106e-12,-0.17711299904105585
9.269999999999847,0.8929144895760367,-2.5890951417665455e-12,4.884145171635268e-12,-0.17711299904108171
9.279999999999847,0.8929144895759429,-2.5875173835649273e-12,4.880849197030912e-12,-0.17711299904110755
9.289999999999846,0.8929144895758493,-2.5859324033005385e-12,4.877882819886992e-12,-0.17711299904113334
9.299999999999846,0.8929144895757557,-2.584347133961688e-12,4.874815828781465e-12,-0.1771129990411591
9.309999999999846,0.8929144895756623,-2.582758604046027e-12,4.871703734865562e-12,-0.17711299904118483
9.319999999999846,0.8929144895755692,-2.5811654144630096e-12,4.868629804866131e-12,-0.17711299904121053
9.329999999999846,0.892914489575476,-2.579567751247122e-12,4.8655524054197485e-12,-0.17711299904123617
9.339999999999845,0.8929144895753831,-2.5779683187191465e-12,4.862665825555723e-12,-0.17711299904126176
9.349999999999845,0.8929144895752902,-2.5763702758849443e-12,4.85962312057886e-12,-0.17711299904128738
9.359999999999845,0.8929144895751975,-2.574768804614449e-12,4.8565006183221016e-12,-0.17711299904131292
9.369999999999845,0.8929144895751049,-2.573171151148835e-12,4.853679957950163e-12,-0.1771129990413384
9.379999999999844,0.8929144895750123,-2.5715803456730627e-12,4.850723989147099e-12,-0.17711299904136393
9.389999999999844,0.89291448957492,-2.5699929250303186e-12,4.847629242465956e-12,-0.17711299904138936
9.399999999999844,0.8929144895748278,-2.568402752601438e-12,4.844673273662892e-12,-0.1771129990414148
9.409999999999844,0.8929144895747356,-2.5668123711994878e-12,4.841609752004317e-12,-0.17711299904144023
9.419999999999844,0.8929144895746436,-2.5652185357996036e-12,4.83850806642927e-12,-0.17711299904146563
9.429999999999843,0.8929144895745517,-2.5636240141077195e-12,4.83554168928535e-12,-0.177112999041491
9.439999999999843,0.8929144895744598,-2.562028069685735e-12,4.832335920301745e-12,-0.17711299904151637
9.449999999999843,0.8929144895743681,-2.560428457038569e-12,4.8295013821419985e-12,-0.17711299904154165
9.459999999999843,0.8929144895742765,-2.5588320158117596e-12,4.826524596657222e-12,-0.1771129990415669
9.469999999999843,0.8929144895741851,-2.5572416873268077e-12,4.8234506666577914e-12,-0.17711299904159217
9.479999999999842,0.8929144895740937,-2.5556483842086065e-12,4.8203732672114086e-12,-0.1771129990416174
9.489999999999842,0.8929144895740025,-2.5540552802980084e-12,4.817528320710807e-12,-0.1771129990416426
9.499999999999842,0.8929144895739114,-2.552461610767481e-12,4.81444398237052e-12,-0.17711299904166777
9.509999999999842,0.8929144895738204,-2.550863335983214e-12,4.811262499515578e-12,-0.17711299904169295
9.519999999999841,0.8929144895737295,-2.5492609333720813e-12,4.808178161175292e-12,-0.17711299904171807
9.529999999999841,0.8929144895736386,-2.547657306888727e-12,4.805086883941101e-12,-0.1771129990417432
9.539999999999841,0.8929144895735479,-2.546051513245923e-12,4.801894992745304e-12,-0.17711299904176828
9.54999999999984,0.8929144895734574,-2.5444405749238323e-12,4.798935554495287e-12,-0.17711299904179328
9.55999999999984,0.8929144895733669,-2.542831802169948e-12,4.795878971730616e-12,-0.17711299904181832
9.56999999999984,0.8929144895732766,-2.5412171871567216e-12,4.792641977724443e-12,-0.17711299904184333
9.57999999999984,0.8929144895731864,-2.53960016418419e-12,4.78943967818779e-12,-0.17711299904186834
9.58999999999984,0.8929144895730963,-2.5379754559216804e-12,4.786240848098089e-12,-0.17711299904189334
9.59999999999984,0.8929144895730062,-2.536339681878327e-12,4.783038548561436e-12,-0.1771129990419183
9.60999999999984,0.8929144895729164,-2.5347007752553267e-12,4.779829310130879e-12,-0.1771129990419432
9.61999999999984,0.8929144895728266,-2.5330551321910907e-12,4.7766235411472735e-12,-0.1771129990419681
9.62999999999984,0.8929144895727368,-2.5314040083983286e-12,4.773310219308158e-12,-0.17711299904199299
9.639999999999839,0.8929144895726473,-2.529748077511895e-12,4.770000366915994e-12,-0.1771129990420178
9.649999999999839,0.8929144895725578,-2.5280835267466923e-12,4.766780720144581e-12,-0.1771129990420426
9.659999999999838,0.8929144895724684,-2.5264139955027073e-12,4.763467398305465e-12,-0.17711299904206743
9.669999999999838,0.8929144895723792,-2.524736767643822e-12,4.760140198678542e-12,-0.17711299904209218
9.679999999999838,0.8929144895722901,-2.5230589159862296e-12,4.757055860338255e-12,-0.1771129990421169
9.689999999999838,0.892914489572201,-2.5213826037970028e-12,4.753909071952833e-12,-0.1771129990421416
9.699999999999838,0.8929144895721123,-2.519704220818604e-12,4.750810855824739e-12,-0.1771129990421662
9.709999999999837,0.8929144895720236,-2.5180263362301504e-12,4.747612025735037e-12,-0.1771129990421908
9.719999999999837,0.8929144895719349,-2.5163504381701364e-12,4.744413195645336e-12,-0.1771129990422154
9.729999999999837,0.8929144895718465,-2.514676688832641e-12,4.741214365555635e-12,-0.17711299904223995
9.739999999999837,0.8929144895717581,-2.5129966409987078e-12,4.73811614942754e-12,-0.17711299904226452
9.749999999999837,0.8929144895716697,-2.5113142371790537e-12,4.734674458051202e-12,-0.1771129990422891
9.759999999999836,0.8929144895715817,-2.509628726232871e-12,4.731468689067597e-12,-0.1771129990423136
9.769999999999836,0.8929144895714937,-2.50794122071078e-12,4.728356595151695e-12,-0.17711299904233807
9.779999999999836,0.8929144895714057,-2.5062575573281926e-12,4.725143887274186e-12,-0.17711299904236252
9.789999999999836,0.892914489571318,-2.504569943619576e-12,4.721931179396677e-12,-0.17711299904238695
9.799999999999836,0.8929144895712303,-2.502882539072786e-12,4.718614388110609e-12,-0.17711299904241135
9.809999999999835,0.8929144895711427,-2.5011926587369245e-12,4.715398210786148e-12,-0.17711299904243571
9.819999999999835,0.8929144895710552,-2.499499776568295e-12,4.712175094567783e-12,-0.17711299904246006
9.829999999999835,0.8929144895709679,-2.4978077654061143e-12,4.708951978349418e-12,-0.17711299904248437
9.839999999999835,0.8929144895708806,-2.496111709726265e-12,4.705631717616399e-12,-0.17711299904250868
9.849999999999834,0.8929144895707934,-2.4944131055089694e-12,4.702443295867553e-12,-0.17711299904253297
9.859999999999834,0.8929144895707064,-2.4927089155300708e-12,4.699112626793678e-12,-0.1771129990425572
9.869999999999834,0.8929144895706195,-2.4909995258894824e-12,4.695879102234457e-12,-0.1771129990425814
9.879999999999834,0.8929144895705325,-2.4892869256537987e-12,4.692309041320897e-12,-0.17711299904260566
9.889999999999834,0.8929144895704458,-2.4875683067937777e-12,4.688978372247021e-12,-0.17711299904262987
9.899999999999833,0.8929144895703592,-2.4858423894818024e-12,4.685501986401164e-12,-0.17711299904265404
9.909999999999833,0.8929144895702726,-2.4841088170359238e-12,4.682337850780982e-12,-0.17711299904267822
9.919999999999833,0.8929144895701863,-2.4823763349284555e-12,4.678996773366251e-12,-0.1771129990427023
9.929999999999833,0.8929144895701,-2.4806414824857776e-12,4.675749371019222e-12,-0.17711299904272637
9.939999999999833,0.8929144895700137,-2.4789051365116153e-12,4.6722070656812775e-12,-0.17711299904275046
9.949999999999832,0.8929144895699277,-2.477160959834149e-12,4.668859049372642e-12,-0.1771129990427745
9.959999999999832,0.8929144895698418,-2.4754112457087632e-12,4.6654069496554484e-12,-0.17711299904279854
9.969999999999832,0.8929144895697558,-2.473660379730108e-12,4.662055463899861e-12,-0.17711299904282254
9.979999999999832,0.89291448956967,-2.4719040284743366e-12,4.658499280774109e-12,-0.17711299904284647
9.989999999999831,0.8929144895695843,-2.4701427713148686e-12,4.655317797919167e-12,-0.17711299904287037
9.999999999999831,0.8929144895694988,-2.4683806910968863e-12,4.651987128845292e-12,-0.1771129990428942
10.009999999999831,0.8929144895694133,-2.466617576633574e-12,4.6484240068256355e-12,-0.17711299904291813
10.01999999999983,0.8929144895693281,-2.4648494260632757e-12,4.644961498767586e-12,-0.17711299904294198
10.02999999999983,0.8929144895692428,-2.4630719303180595e-12,4.641495521262584e-12,-0.17711299904296582
10.03999999999983,0.8929144895691576,-2.4612939213049945e-12,4.638064238227102e-12,-0.1771129990429896
10.04999999999983,0.8929144895690726,-2.4595137620143222e-12,4.634626016297716e-12,-0.1771129990430134
10.05999999999983,0.8929144895689878,-2.457726644419997e-12,4.6311530998988104e-12,-0.17711299904303712
10.06999999999983,0.8929144895689028,-2.4559347979680647e-12,4.627718347416376e-12,-0.17711299904306085
10.07999999999983,0.8929144895688181,-2.4541408332977944e-12,4.624276656040038e-12,-0.17711299904308458
10.08999999999983,0.8929144895687338,-2.452343174916488e-12,4.620928639731403e-12,-0.17711299904310823
10.09999999999983,0.8929144895686493,-2.450547358479063e-12,4.617483478908113e-12,-0.17711299904313185
10.109999999999829,0.892914489568565,-2.448750392159805e-12,4.614131993152526e-12,-0.17711299904315544
10.119999999999829,0.8929144895684809,-2.4469568167458e-12,4.610815201866458e-12,-0.177112999043179
10.129999999999828,0.8929144895683968,-2.4451648980488704e-12,4.607460246663919e-12,-0.17711299904320257
10.139999999999828,0.8929144895683128,-2.4433759333612266e-12,4.603869369068647e-12,-0.17711299904322614
10.149999999999828,0.8929144895682289,-2.441580417769409e-12,4.6004103304575494e-12,-0.17711299904324967
10.159999999999828,0.8929144895681452,-2.439781517692382e-12,4.596951291846452e-12,-0.17711299904327313
10.169999999999828,0.8929144895680616,-2.437982482010525e-12,4.59362756166648e-12,-0.1771129990432966
10.179999999999827,0.892914489567978,-2.4361803392646663e-12,4.5901581147145265e-12,-0.17711299904332006
10.189999999999827,0.8929144895678947,-2.434378633806792e-12,4.586695606656477e-12,-0.17711299904334346
10.199999999999827,0.8929144895678113,-2.432572484068201e-12,4.5831220762959646e-12,-0.1771129990433669
10.209999999999827,0.8929144895677279,-2.4307607221211926e-12,4.579656098790963e-12,-0.17711299904339028
10.219999999999827,0.8929144895676449,-2.428946638535847e-12,4.576217876861577e-12,-0.1771129990434136
10.229999999999826,0.8929144895675617,-2.427133549411573e-12,4.572644346501065e-12,-0.17711299904343691
10.239999999999826,0.8929144895674788,-2.4253204193937517e-12,4.5694385775174595e-12,-0.17711299904346017
10.249999999999826,0.892914489567396,-2.423512478138328e-12,4.565955252777698e-12,-0.1771129990434834
10.259999999999826,0.8929144895673132,-2.421705293910035e-12,4.56251356140136e-12,-0.17711299904350666
10.269999999999825,0.8929144895672306,-2.419891275848455e-12,4.559061461684166e-12,-0.17711299904352987
10.279999999999825,0.8929144895671481,-2.4180807536152112e-12,4.5556093619669724e-12,-0.17711299904355304
10.289999999999825,0.8929144895670659,-2.416271718989568e-12,4.5523931846425114e-12,-0.17711299904357616
10.299999999999825,0.8929144895669835,-2.4144688688021336e-12,4.5489410849253176e-12,-0.17711299904359928
10.309999999999825,0.8929144895669012,-2.412665465519246e-12,4.545343268436142e-12,-0.17711299904362243
10.319999999999824,0.8929144895668192,-2.4108500961223837e-12,4.541884229825044e-12,-0.1771129990436455
10.329999999999824,0.8929144895667371,-2.4090329092538342e-12,4.5383245772523395e-12,-0.17711299904366856
10.339999999999824,0.8929144895666552,-2.4072124923933695e-12,4.534997377625416e-12,-0.1771129990436916
10.349999999999824,0.8929144895665735,-2.405388450552978e-12,4.531430786158808e-12,-0.17711299904371455
10.359999999999824,0.8929144895664918,-2.403568008918349e-12,4.527961339206854e-12,-0.17711299904373756
10.369999999999823,0.8929144895664102,-2.4017439446573407e-12,4.524530056171372e-12,-0.1771129990437605
10.379999999999823,0.8929144895663287,-2.3999204837002683e-12,4.5208212173797335e-12,-0.1771129990437835
10.389999999999823,0.8929144895662474,-2.3980901417062635e-12,4.517344831533876e-12,-0.1771129990438064
10.399999999999823,0.8929144895661661,-2.3962544832238597e-12,4.513771301173364e-12,-0.17711299904382932
10.409999999999823,0.8929144895660849,-2.39441703780518e-12,4.5101943013659e-12,-0.1771129990438522
10.419999999999822,0.8929144895660037,-2.3925737860705042e-12,4.5066173015584354e-12,-0.17711299904387504
10.429999999999822,0.8929144895659228,-2.3907214946298108e-12,4.503029893410115e-12,-0.17711299904389788
10.439999999999822,0.892914489565842,-2.38886426742823e-12,4.499345340747141e-12,-0.17711299904392067
10.449999999999822,0.8929144895657611,-2.3870042512978123e-12,4.495660788084166e-12,-0.17711299904394345
10.459999999999821,0.8929144895656804,-2.38513994715906e-12,4.492208688366972e-12,-0.1771129990439662
10.469999999999821,0.8929144895655998,-2.3832716167890663e-12,4.4885171968100934e-12,-0.17711299904398894
10.479999999999821,0.8929144895655193,-2.3814013413685427e-12,4.484957544237389e-12,-0.1771129990440116
10.48999999999982,0.892914489565439,-2.379536215304701e-12,4.481501975073243e-12,-0.17711299904403427
10.49999999999982,0.8929144895653587,-2.3776694721495215e-12,4.477938853053587e-12,-0.1771129990440569
10.50999999999982,0.8929144895652785,-2.3757993866760418e-12,4.4743757310339305e-12,-0.1771129990440795
10.51999999999982,0.8929144895651987,-2.373928335528114e-12,4.4710034285966316e-12,-0.17711299904410205
10.52999999999982,0.8929144895651188,-2.372063580731856e-12,4.467429898236119e-12,-0.17711299904412459
10.53999999999982,0.892914489565039,-2.370202248465701e-12,4.463859837322559e-12,-0.17711299904414712
10.54999999999982,0.8929144895649593,-2.368340460617143e-12,4.4603869209236535e-12,-0.17711299904416963
10.55999999999982,0.8929144895648796,-2.366478195710551e-12,4.4569521684412194e-12,-0.17711299904419212
10.569999999999819,0.8929144895648002,-2.364618316660726e-12,4.45347231314841e-12,-0.17711299904421454
10.579999999999819,0.8929144895647209,-2.362758738964267e-12,4.449787760485435e-12,-0.17711299904423697
10.589999999999819,0.8929144895646416,-2.3608964116774865e-12,4.446443213623752e-12,-0.17711299904425937
10.599999999999818,0.8929144895645624,-2.359035878455284e-12,4.442859274922384e-12,-0.17711299904428174
10.609999999999818,0.8929144895644833,-2.357173304100674e-12,4.439310030690535e-12,-0.1771129990443041
10.619999999999818,0.8929144895644043,-2.3553091930780633e-12,4.435722622542215e-12,-0.17711299904432642
10.629999999999818,0.8929144895643254,-2.353447586858361e-12,4.432128275499991e-12,-0.17711299904434874
10.639999999999818,0.8929144895642467,-2.3515891516128317e-12,4.4286761757827975e-12,-0.17711299904437106
10.649999999999817,0.8929144895641679,-2.3497250255762996e-12,4.424981214778967e-12,-0.17711299904439334
10.659999999999817,0.8929144895640895,-2.347856057597081e-12,4.421379928842839e-12,-0.17711299904441558
10.669999999999817,0.892914489564011,-2.345986758825035e-12,4.417920890231741e-12,-0.17711299904443778
10.679999999999817,0.8929144895639325,-2.3441184347380227e-12,4.414357768212085e-12,-0.17711299904445996
10.689999999999817,0.8929144895638542,-2.342245888771635e-12,4.4106558683143504e-12,-0.17711299904448213
10.699999999999816,0.892914489563776,-2.3403703676846512e-12,4.407082337953838e-12,-0.1771129990445043
10.709999999999816,0.892914489563698,-2.3384933410607375e-12,4.4034741131238064e-12,-0.1771129990445264
10.719999999999816,0.89291448956362,-2.3366144734614395e-12,4.399900582763294e-12,-0.1771129990445485
10.729999999999816,0.8929144895635419,-2.3347355642669063e-12,4.3963652163192535e-12,-0.17711299904457056
10.739999999999815,0.8929144895634641,-2.332853554473966e-12,4.392746583148366e-12,-0.1771129990445926
10.749999999999815,0.8929144895633864,-2.3309729843489207e-12,4.389072438826247e-12,-0.17711299904461464
10.759999999999815,0.8929144895633088,-2.3290852974946164e-12,4.385391355610224e-12,-0.17711299904463665
10.769999999999815,0.8929144895632313,-2.327193938927122e-12,4.381803947461904e-12,-0.17711299904465863
10.779999999999815,0.8929144895631539,-2.3253014320127934e-12,4.378355317191662e-12,-0.17711299904468053
10.789999999999814,0.8929144895630765,-2.323415421692493e-12,4.3746672950817356e-12,-0.17711299904470246
10.799999999999814,0.8929144895629992,-2.3215210990868417e-12,4.370979272971809e-12,-0.17711299904472438
10.809999999999814,0.8929144895629221,-2.319622716611606e-12,4.367384925929585e-12,-0.17711299904474626
10.819999999999814,0.892914489562845,-2.3177284251994914e-12,4.363925887318487e-12,-0.17711299904476807
10.829999999999814,0.8929144895627681,-2.3158321029425745e-12,4.3600921484365784e-12,-0.17711299904478991
10.839999999999813,0.8929144895626913,-2.313930182631016e-12,4.356435351349219e-12,-0.17711299904481173
10.849999999999813,0.8929144895626145,-2.312027738345876e-12,4.3528305959661395e-12,-0.17711299904483352
10.859999999999813,0.8929144895625378,-2.3101227879973446e-12,4.349132165515357e-12,-0.1771129990448553
10.869999999999813,0.8929144895624612,-2.3082142581890787e-12,4.345329651656016e-12,-0.1771129990448771
10.879999999999812,0.8929144895623848,-2.3062993815041216e-12,4.34171448793208e-12,-0.17711299904489874
10.889999999999812,0.8929144895623085,-2.3043857524882708e-12,4.338043813056913e-12,-0.17711299904492045
10.899999999999812,0.8929144895622322,-2.3024653549637615e-12,4.334338443712227e-12,-0.1771129990449421
10.909999999999812,0.892914489562156,-2.300542583009983e-12,4.330522052065078e-12,-0.17711299904496375
10.919999999999812,0.89291448956208,-2.298616720539879e-12,4.3269485217045656e-12,-0.1771129990449854
10.929999999999811,0.892914489562004,-2.296688848010418e-12,4.323225805125119e-12,-0.17711299904500702
10.939999999999811,0.8929144895619281,-2.2947581192221922e-12,4.319683499787175e-12,-0.17711299904502859
10.949999999999811,0.8929144895618525,-2.292826011639607e-12,4.31585669979917e-12,-0.17711299904505007
10.95999999999981,0.8929144895617768,-2.290896325629378e-12,4.312265822203898e-12,-0.17711299904507158
10.96999999999981,0.8929144895617013,-2.288966969029561e-12,4.308577800093971e-12,-0.17711299904509306
10.97999999999981,0.8929144895616258,-2.2870352435389795e-12,4.3048863085370925e-12,-0.17711299904511452
10.98999999999981,0.8929144895615506,-2.285106656026053e-12,4.301423800479043e-12,-0.17711299904513592
10.99999999999981,0.8929144895614753,-2.2831861719719615e-12,4.2978641479063384e-12,-0.1771129990451573
11.00999999999981,0.8929144895614003,-2.28126855331276e-12,4.294401639848289e-12,-0.17711299904517866
11.01999999999981,0.8929144895613254,-2.2793516916070686e-12,4.290796884465209e-12,-0.1771129990452
11.02999999999981,0.8929144895612503,-2.2774406156452408e-12,4.2872302929986006e-12,-0.17711299904522132
11.039999999999809,0.8929144895611755,-2.2755319033145385e-12,4.283524923653914e-12,-0.17711299904524266
11.049999999999809,0.8929144895611008,-2.273620971102308e-12,4.279954862740354e-12,-0.17711299904526395
11.059999999999809,0.8929144895610261,-2.2717106107149892e-12,4.276346637910322e-12,-0.17711299904528519
11.069999999999808,0.8929144895609517,-2.269805193362539e-12,4.272530246263173e-12,-0.17711299904530647
11.079999999999808,0.8929144895608773,-2.2678936354727173e-12,4.2690573298642676e-12,-0.17711299904532768
11.089999999999808,0.8929144895608028,-2.2659779609773746e-12,4.2652444076640705e-12,-0.1771129990453489
11.099999999999808,0.8929144895607286,-2.264061626213944e-12,4.2618027162877326e-12,-0.17711299904537006
11.109999999999808,0.8929144895606543,-2.262146614295666e-12,4.257982855193632e-12,-0.1771129990453912
11.119999999999807,0.8929144895605803,-2.260227968054465e-12,4.254294833083705e-12,-0.17711299904541236
11.129999999999807,0.8929144895605062,-2.2583064302063235e-12,4.250707424935385e-12,-0.17711299904543343
11.139999999999807,0.8929144895604324,-2.2563864261662905e-12,4.247113077893161e-12,-0.17711299904545452
11.149999999999807,0.8929144895603586,-2.254468295309406e-12,4.243289747352108e-12,-0.1771129990454756
11.159999999999807,0.8929144895602847,-2.2525456244072686e-12,4.2395982557952294e-12,-0.17711299904549663
11.169999999999806,0.8929144895602112,-2.2506211703804025e-12,4.236139217184132e-12,-0.17711299904551764
11.179999999999806,0.8929144895601376,-2.2486977720867497e-12,4.232444256180301e-12,-0.17711299904553862
11.189999999999806,0.8929144895600643,-2.246776181175519e-12,4.2287423562825666e-12,-0.17711299904555958
11.199999999999806,0.8929144895599909,-2.2448520532263033e-12,4.225175764815958e-12,-0.1771129990455805
11.209999999999805,0.8929144895599177,-2.242931026686293e-12,4.221470395471272e-12,-0.17711299904560138
11.219999999999805,0.8929144895598445,-2.241014456501801e-12,4.2179003345577115e-12,-0.17711299904562225
11.229999999999805,0.8929144895597715,-2.239095216430436e-12,4.214191495766073e-12,-0.17711299904564312
11.239999999999805,0.8929144895596984,-2.237169437120773e-12,4.210517351443954e-12,-0.17711299904566397
11.249999999999805,0.8929144895596255,-2.235243431592454e-12,4.206811982099268e-12,-0.1771129990456848
11.259999999999804,0.8929144895595527,-2.23331752316201e-12,4.203134368330197e-12,-0.17711299904570563
11.269999999999804,0.8929144895594799,-2.2313888306804407e-12,4.199324915576952e-12,-0.17711299904572644
11.279999999999804,0.8929144895594073,-2.2294502477900377e-12,4.195505054482851e-12,-0.1771129990457472
11.289999999999804,0.8929144895593348,-2.2275150170170287e-12,4.191962749144906e-12,-0.1771129990457679
11.299999999999804,0.8929144895592624,-2.2255829286337975e-12,4.188375340996586e-12,-0.17711299904578862
11.309999999999803,0.8929144895591901,-2.223652222498029e-12,4.1845485410085814e-12,-0.17711299904580932
11.319999999999803,0.8929144895591179,-2.221718992264185e-12,4.180964602307213e-12,-0.17711299904582997
11.329999999999803,0.8929144895590457,-2.2197863026420743e-12,4.177311274666806e-12,-0.17711299904585062
11.339999999999803,0.8929144895589737,-2.2178493840897176e-12,4.173716927624582e-12,-0.17711299904587124
11.349999999999802,0.8929144895589016,-2.215913049773455e-12,4.169924822106097e-12,-0.17711299904589187
11.359999999999802,0.8929144895588298,-2.213974401362565e-12,4.166229861102266e-12,-0.17711299904591246
11.369999999999802,0.8929144895587581,-2.2120360603077538e-12,4.162527961204532e-12,-0.177112999045933
11.379999999999802,0.8929144895586864,-2.2101006710894055e-12,4.1589683086318274e-12,-0.17711299904595354
11.389999999999802,0.8929144895586147,-2.208166536595967e-12,4.1553045726505644e-12,-0.177112999045974
11.399999999999801,0.8929144895585432,-2.2062304056924193e-12,4.1516373672223494e-12,-0.17711299904599448
11.409999999999801,0.8929144895584719,-2.204296766712776e-12,4.148060367414885e-12,-0.17711299904601488
11.419999999999801,0.8929144895584006,-2.2023679957673234e-12,4.144351528623247e-12,-0.1771129990460353
11.4299999999998,0.8929144895583294,-2.2004427257396495e-12,4.140774528815783e-12,-0.1771129990460557
11.4399999999998,0.8929144895582584,-2.1985146684704636e-12,4.137336306886397e-12,-0.17711299904607605
11.4499999999998,0.8929144895581874,-2.1965950598140906e-12,4.133651754223422e-12,-0.17711299904609637
11.4599999999998,0.8929144895581166,-2.1946817704166043e-12,4.130210062847084e-12,-0.17711299904611666
11.4699999999998,0.8929144895580458,-2.1927684810343283e-12,4.126622654698764e-12,-0.17711299904613695
11.4799999999998,0.8929144895579751,-2.190857140971499e-12,4.123042185444348e-12,-0.17711299904615727
11.4899999999998,0.8929144895579045,-2.1889490776122757e-12,4.119215385456343e-12,-0.17711299904617753
11.4999999999998,0.892914489557834,-2.18703439116774e-12,4.1156626717775424e-12,-0.17711299904619776
11.509999999999799,0.8929144895577634,-2.1851238072275892e-12,4.112075263629222e-12,-0.17711299904621802
11.519999999999799,0.8929144895576931,-2.1832175995523675e-12,4.108616225018125e-12,-0.17711299904623817
11.529999999999799,0.8929144895576229,-2.1813073638751044e-12,4.104827588946591e-12,-0.17711299904625838
11.539999999999798,0.8929144895575526,-2.17939631450387e-12,4.101129158495809e-12,-0.17711299904627856
11.549999999999798,0.8929144895574824,-2.1774852989222256e-12,4.09747236140845e-12,-0.17711299904629874
11.559999999999798,0.8929144895574125,-2.1755692572993836e-12,4.093770461510715e-12,-0.1771129990463188
11.569999999999798,0.8929144895573424,-2.1736541395409778e-12,4.090207339491059e-12,-0.1771129990463389
11.579999999999798,0.8929144895572727,-2.17173671935009e-12,4.086501970146372e-12,-0.17711299904635897
11.589999999999797,0.892914489557203,-2.1698149876448754e-12,4.082796600801686e-12,-0.17711299904637906
11.599999999999797,0.8929144895571334,-2.1678897737972816e-12,4.0792265398881256e-12,-0.17711299904639907
11.609999999999797,0.8929144895570639,-2.165968019278812e-12,4.075653009527613e-12,-0.17711299904641906
11.619999999999797,0.8929144895569944,-2.1640475466916504e-12,4.072072540273197e-12,-0.17711299904643898
11.629999999999797,0.892914489556925,-2.162133831578192e-12,4.068297781989472e-12,-0.17711299904645894
11.639999999999796,0.8929144895568557,-2.1602189351973166e-12,4.0647173127350555e-12,-0.17711299904647887
11.649999999999796,0.8929144895567865,-2.1583086526578464e-12,4.061036229519033e-12,-0.17711299904649877
11.659999999999796,0.8929144895567174,-2.1563969921235053e-12,4.057587599248791e-12,-0.17711299904651862
11.669999999999796,0.8929144895566482,-2.154484290597067e-12,4.053903046585816e-12,-0.17711299904653846
11.679999999999795,0.8929144895565794,-2.152572762802482e-12,4.0503538023539676e-12,-0.17711299904655828
11.689999999999795,0.8929144895565104,-2.1506652194823186e-12,4.0467629247586956e-12,-0.17711299904657812
11.699999999999795,0.8929144895564417,-2.148751420411555e-12,4.043074902648769e-12,-0.17711299904659794
11.709999999999795,0.8929144895563729,-2.1468357655841895e-12,4.0392897360241875e-12,-0.17711299904661776
11.719999999999795,0.8929144895563044,-2.1449196403558793e-12,4.035827227966138e-12,-0.1771129990466375
11.729999999999794,0.8929144895562359,-2.1430048397221638e-12,4.032132266962307e-12,-0.17711299904665725
11.739999999999794,0.8929144895561674,-2.141087635598198e-12,4.028430367064573e-12,-0.17711299904667696
11.749999999999794,0.892914489556099,-2.1391671264489616e-12,4.02473193661379e-12,-0.17711299904669667
11.759999999999794,0.8929144895560307,-2.13724485745583e-12,4.021071670079479e-12,-0.17711299904671635
11.769999999999794,0.8929144895559626,-2.135322994986646e-12,4.017466914696399e-12,-0.17711299904673597
11.779999999999793,0.8929144895558945,-2.133402728125126e-12,4.013796239821232e-12,-0.1771129990467556
11.789999999999793,0.8929144895558264,-2.1314796457127337e-12,4.009986787067987e-12,-0.17711299904677522
11.799999999999793,0.8929144895557585,-2.1295562823278023e-12,4.006420195601379e-12,-0.1771129990467948
11.809999999999793,0.8929144895556906,-2.1276304718246743e-12,4.002610742848134e-12,-0.1771129990468144
11.819999999999792,0.8929144895556229,-2.1256995857117513e-12,3.998794351200985e-12,-0.17711299904683397
11.829999999999792,0.8929144895555552,-2.123762825369943e-12,3.995116737431914e-12,-0.1771129990468535
11.839999999999792,0.8929144895554876,-2.121824278763947e-12,3.991439123662843e-12,-0.17711299904687297
11.849999999999792,0.8929144895554201,-2.1198857224518844e-12,3.987851715514523e-12,-0.17711299904689243
11.859999999999792,0.8929144895553526,-2.1179494811101166e-12,3.984070018336894e-12,-0.1771129990469119
11.869999999999791,0.8929144895552852,-2.116010046783017e-12,3.980381996226967e-12,-0.1771129990469313
11.879999999999791,0.8929144895552179,-2.1140694836985192e-12,3.9766905046700884e-12,-0.17711299904695071
11.889999999999791,0.8929144895551507,-2.112129522537371e-12,3.972898399151603e-12,-0.1771129990469701
11.89999999999979,0.8929144895550837,-2.110189825178968e-12,3.969310991003283e-12,-0.17711299904698946
11.90999999999979,0.8929144895550167,-2.1082437538018837e-12,3.96538010760672e-12,-0.1771129990470088
11.91999999999979,0.8929144895549499,-2.1062903838018477e-12,3.961681677155937e-12,-0.17711299904702812
11.92999999999979,0.8929144895548833,-2.1043335256952738e-12,3.957979777258203e-12,-0.17711299904704736
11.93999999999979,0.8929144895548167,-2.1023804249997985e-12,3.954277877360468e-12,-0.17711299904706662
11.94999999999979,0.8929144895547502,-2.1004307317879315e-12,3.9505759774627336e-12,-0.17711299904708588
11.95999999999979,0.8929144895546837,-2.0984775075702862e-12,3.946863669224143e-12,-0.17711299904710506
11.96999999999979,0.8929144895546174,-2.096525994329085e-12,3.943293608310583e-12,-0.17711299904712424
11.979999999999789,0.8929144895545511,-2.094578433049844e-12,3.939720077950071e-12,-0.1771129990471434
11.989999999999789,0.8929144895544849,-2.0926331902113445e-12,3.935907155749874e-12,-0.17711299904716254
11.999999999999789,0.8929144895544189,-2.0906880513258202e-12,3.932194847511283e-12,-0.17711299904718167
12.009999999999788,0.8929144895543528,-2.0887404941469267e-12,3.928475600378789e-12,-0.17711299904720076
12.019999999999788,0.8929144895542869,-2.0867977144111845e-12,3.924898600571325e-12,-0.17711299904721986
12.029999999999788,0.892914489554221,-2.0848543662555293e-12,3.921175883991879e-12,-0.17711299904723893
12.039999999999788,0.8929144895541553,-2.0829126743380976e-12,3.917588475843559e-12,-0.17711299904725794
12.049999999999788,0.8929144895540896,-2.0809728936071555e-12,3.913900453733632e-12,-0.17711299904727693
12.059999999999787,0.892914489554024,-2.0790310798822774e-12,3.910212431623705e-12,-0.17711299904729594
12.069999999999787,0.8929144895539585,-2.0770906357927787e-12,3.906520940066827e-12,-0.17711299904731487
12.079999999999787,0.892914489553893,-2.075155207600243e-12,3.902961287494122e-12,-0.1771129990473338
12.089999999999787,0.8929144895538277,-2.0732161061902357e-12,3.899231632020772e-12,-0.1771129990473527
12.099999999999786,0.8929144895537623,-2.071276971237847e-12,3.895436057055335e-12,-0.17711299904737163
12.109999999999786,0.8929144895536971,-2.0693301322575196e-12,3.891741096051504e-12,-0.1771129990473905
12.119999999999786,0.8929144895536318,-2.0673824666202826e-12,3.888042665600722e-12,-0.17711299904740943
12.129999999999786,0.8929144895535669,-2.0654318201603507e-12,3.884340765702987e-12,-0.17711299904742825
12.139999999999786,0.892914489553502,-2.063479291702344e-12,3.8804966184802225e-12,-0.17711299904744707
12.149999999999785,0.8929144895534371,-2.0615276928399633e-12,3.876787779688584e-12,-0.17711299904746589
12.159999999999785,0.8929144895533724,-2.0595750957986483e-12,3.873120574260369e-12,-0.17711299904748465
12.169999999999785,0.8929144895533077,-2.0576224727990724e-12,3.869311121507124e-12,-0.17711299904750338
12.179999999999785,0.892914489553243,-2.05567021826167e-12,3.8658347356612666e-12,-0.1771129990475221
12.189999999999785,0.8929144895531785,-2.0537205035437877e-12,3.8620252829080215e-12,-0.17711299904754085
12.199999999999784,0.892914489553114,-2.0517702073985913e-12,3.858444813653605e-12,-0.17711299904755953
12.209999999999784,0.8929144895530498,-2.049819644298828e-12,3.854593727536937e-12,-0.1771129990475782
12.219999999999784,0.8929144895529855,-2.047866286909364e-12,3.851148566713647e-12,-0.17711299904759686
12.229999999999784,0.8929144895529212,-2.0459207975899534e-12,3.847231561104891e-12,-0.17711299904761552
12.239999999999783,0.8929144895528571,-2.0439760509142592e-12,3.8437759919407455e-12,-0.17711299904763406
12.249999999999783,0.8929144895527931,-2.0420360396151943e-12,3.840087969830819e-12,-0.17711299904765263
12.259999999999783,0.8929144895527291,-2.0400997596790698e-12,3.836493622788595e-12,-0.17711299904767114
12.269999999999783,0.8929144895526652,-2.038164839488251e-12,3.832802131231716e-12,-0.17711299904768968
12.279999999999783,0.8929144895526014,-2.0362276690504444e-12,3.8291106396748376e-12,-0.1771129990477082
12.289999999999782,0.8929144895525376,-2.034291758303059e-12,3.825318534156352e-12,-0.1771129990477267
12.299999999999782,0.892914489552474,-2.032348048222667e-12,3.821755412136696e-12,-0.17711299904774516
12.309999999999782,0.8929144895524104,-2.0304098737519847e-12,3.8181922901170395e-12,-0.1771129990477636
12.319999999999782,0.8929144895523469,-2.0284755918376343e-12,3.814490390219305e-12,-0.17711299904778202
12.329999999999782,0.8929144895522835,-2.0265441125553976e-12,3.81082318479109e-12,-0.1771129990478004
12.339999999999781,0.8929144895522202,-2.024613827132172e-12,3.8073537378391364e-12,-0.17711299904781877
12.349999999999781,0.8929144895521569,-2.022690118142397e-12,3.8036830629639695e-12,-0.17711299904783712
12.359999999999781,0.8929144895520937,-2.0207717004999473e-12,3.80034545499619e-12,-0.17711299904785544
12.36999999999978,0.8929144895520306,-2.0188582130785037e-12,3.796674780121023e-12,-0.17711299904787375
12.37999999999978,0.8929144895519676,-2.016939580810987e-12,3.792997166351952e-12,-0.17711299904789202
12.38999999999978,0.8929144895519048,-2.015022215801751e-12,3.789277919219458e-12,-0.17711299904791025
12.39999999999978,0.8929144895518419,-2.0131091290788858e-12,3.785839697290072e-12,-0.1771129990479285
12.40999999999978,0.8929144895517793,-2.0111984942714593e-12,3.782255758588704e-12,-0.1771129990479467
12.41999999999978,0.8929144895517167,-2.0092944817083766e-12,3.778671819887336e-12,-0.1771129990479649
12.42999999999978,0.8929144895516542,-2.0073896048022344e-12,3.774983797777409e-12,-0.17711299904798308
12.43999999999978,0.8929144895515917,-2.0054789860971593e-12,3.7713027145613864e-12,-0.17711299904800126
12.449999999999779,0.8929144895515293,-2.0035665085346514e-12,3.767604284110604e-12,-0.1771129990480194
12.459999999999779,0.8929144895514668,-2.0016586485082676e-12,3.764055039878755e-12,-0.17711299904803748
12.469999999999779,0.8929144895514046,-1.9997509134241538e-12,3.760592531820706e-12,-0.17711299904805555
12.479999999999778,0.8929144895513424,-1.997846378513918e-12,3.7567934874083164e-12,-0.1771129990480736
12.489999999999778,0.8929144895512804,-1.9959419984409475e-12,3.753473226675297e-12,-0.17711299904809163
12.499999999999778,0.8929144895512183,-1.9940419763348633e-12,3.749674182262908e-12,-0.17711299904810965
12.509999999999778,0.8929144895511563,-1.9921394296460292e-12,3.745972282365173e-12,-0.1771129990481277
12.519999999999778,0.8929144895510944,-1.9902289351819716e-12,3.742409160345517e-12,-0.17711299904814568
12.529999999999777,0.8929144895510327,-1.9883198349926056e-12,3.73870379100083e-12,-0.17711299904816363
12.539999999999777,0.8929144895509711,-1.9864089411653665e-12,3.73513373008727e-12,-0.17711299904818156
12.549999999999777,0.8929144895509094,-1.9844954159216113e-12,3.731324277334025e-12,-0.17711299904819955
12.559999999999777,0.892914489550848,-1.982580193686067e-12,3.727750746973513e-12,-0.1771129990482174
12.569999999999776,0.8929144895507866,-1.98066665333098e-12,3.7241772166130005e-12,-0.17711299904823527
12.579999999999776,0.8929144895507252,-1.9787523838564524e-12,3.720596747358584e-12,-0.17711299904825312
12.589999999999776,0.8929144895506639,-1.976837051348528e-12,3.7169226030364655e-12,-0.17711299904827096
12.599999999999776,0.8929144895506028,-1.974919442831044e-12,3.713199886457019e-12,-0.17711299904828878
12.609999999999776,0.8929144895505416,-1.9730053492881873e-12,3.709654111672123e-12,-0.17711299904830655
12.619999999999775,0.8929144895504807,-1.9710901008676877e-12,3.706066703523803e-12,-0.17711299904832434
12.629999999999775,0.8929144895504197,-1.9691783062636112e-12,3.70238562030778e-12,-0.17711299904834213
12.639999999999775,0.8929144895503588,-1.9672625926612646e-12,3.698659434281382e-12,-0.1771129990483599
12.649999999999775,0.8929144895502981,-1.9653460554208624e-12,3.694974881618407e-12,-0.17711299904837763
12.659999999999775,0.8929144895502372,-1.9634236416135476e-12,3.691283390061528e-12,-0.17711299904839534
12.669999999999774,0.8929144895501766,-1.9614994834511967e-12,3.687689043019304e-12,-0.177112999048413
12.679999999999774,0.8929144895501159,-1.95957699519875e-12,3.684032245931945e-12,-0.17711299904843067
12.689999999999774,0.8929144895500555,-1.957659889873263e-12,3.680469123912289e-12,-0.17711299904844824
12.699999999999774,0.892914489549995,-1.9557426500719375e-12,3.676770693461506e-12,-0.17711299904846586
12.709999999999773,0.8929144895499346,-1.953830342341227e-12,3.673204101994898e-12,-0.17711299904848343
12.719999999999773,0.8929144895498743,-1.951921549376203e-12,3.66963751052829e-12,-0.17711299904850103
12.729999999999773,0.892914489549814,-1.9500083517722627e-12,3.665935610630555e-12,-0.1771129990485186
12.739999999999773,0.8929144895497539,-1.9480947342590118e-12,3.662271874649292e-12,-0.17711299904853614
12.749999999999773,0.8929144895496939,-1.9461771728397125e-12,3.658563035857654e-12,-0.17711299904855368
12.759999999999772,0.8929144895496338,-1.9442595104239683e-12,3.6549895054971415e-12,-0.17711299904857117
12.769999999999772,0.892914489549574,-1.942342389526212e-12,3.651558222461659e-12,-0.17711299904858863
12.779999999999772,0.8929144895495141,-1.940429548669022e-12,3.6478806086925886e-12,-0.17711299904860608
12.789999999999772,0.8929144895494544,-1.9385200699555353e-12,3.644303608885124e-12,-0.17711299904862352
12.799999999999772,0.8929144895493949,-1.93661068147409e-12,3.640723139630708e-12,-0.17711299904864092
12.809999999999771,0.8929144895493352,-1.934705321807749e-12,3.6370420564146855e-12,-0.17711299904865832
12.819999999999771,0.8929144895492755,-1.9327979169947666e-12,3.6333644426456146e-12,-0.17711299904867575
12.829999999999771,0.892914489549216,-1.930889336345106e-12,3.629683359429592e-12,-0.17711299904869313
12.83999999999977,0.8929144895491568,-1.9289692599578975e-12,3.625998806766617e-12,-0.1771129990487105
12.84999999999977,0.8929144895490974,-1.9270493042786955e-12,3.6221754762255642e-12,-0.17711299904872785
12.85999999999977,0.8929144895490381,-1.9251265309876918e-12,3.6184874541156375e-12,-0.17711299904874517
12.86999999999977,0.8929144895489789,-1.9232019346668947e-12,3.614934740436837e-12,-0.17711299904876243
12.87999999999977,0.8929144895489198,-1.921285123845163e-12,3.6114757018257393e-12,-0.17711299904877967
12.88999999999977,0.8929144895488609,-1.9193726263724385e-12,3.607916049253035e-12,-0.17711299904879688
12.89999999999977,0.8929144895488019,-1.917464830681571e-12,3.6043563966803305e-12,-0.17711299904881406
12.90999999999977,0.8929144895487431,-1.9155600958028072e-12,3.600793274660674e-12,-0.1771129990488312
12.919999999999769,0.8929144895486844,-1.913659460914689e-12,3.597226683194066e-12,-0.17711299904884842
12.929999999999769,0.8929144895486257,-1.911761315490912e-12,3.593760705689064e-12,-0.17711299904886554
12.939999999999769,0.8929144895485671,-1.9098633752363665e-12,3.590096969707801e-12,-0.17711299904888272
12.949999999999768,0.8929144895485085,-1.907966040531104e-12,3.586530378241193e-12,-0.17711299904889982
12.959999999999768,0.89291448954845,-1.906064663696857e-12,3.5828215394495544e-12,-0.17711299904891695
12.969999999999768,0.8929144895483916,-1.9041641149454215e-12,3.5793867869671203e-12,-0.177112999048934
12.979999999999768,0.8929144895483334,-1.9022655007617654e-12,3.575809787159656e-12,-0.177112999048951
12.989999999999768,0.8929144895482752,-1.900368072393791e-12,3.572236256799144e-12,-0.17711299904896807
12.999999999999767,0.8929144895482172,-1.8984723832809563e-12,3.568652318097776e-12,-0.17711299904898503
13.009999999999767,0.8929144895481591,-1.896580601234213e-12,3.5650718488433597e-12,-0.177112999049002
13.019999999999767,0.8929144895481013,-1.8946882248327654e-12,3.5614913795889436e-12,-0.17711299904901898
13.029999999999767,0.8929144895480435,-1.8927991015005954e-12,3.557865807524152e-12,-0.1771129990490359
13.039999999999766,0.8929144895479857,-1.890913069627255e-12,3.5540806408995707e-12,-0.1771129990490529
13.049999999999766,0.892914489547928,-1.8890178578185272e-12,3.550399557683548e-12,-0.1771129990490698
13.059999999999766,0.8929144895478702,-1.887119505827304e-12,3.546808680088276e-12,-0.1771129990490867
13.069999999999766,0.8929144895478127,-1.8852225293867066e-12,3.543214333046052e-12,-0.17711299904910355
13.079999999999766,0.8929144895477552,-1.8833191331913555e-12,3.5396616193672514e-12,-0.1771129990491204
13.089999999999765,0.8929144895476978,-1.881414128205854e-12,3.535963188916469e-12,-0.17711299904913722
13.099999999999765,0.8929144895476403,-1.8795107559844134e-12,3.5323063918291098e-12,-0.177112999049154
13.109999999999765,0.8929144895475831,-1.877606677672469e-12,3.528840414324108e-12,-0.17711299904917074
13.119999999999765,0.8929144895475261,-1.8757106272455965e-12,3.5252425978349322e-12,-0.17711299904918748
13.129999999999765,0.8929144895474689,-1.873813525583059e-12,3.521676006368324e-12,-0.17711299904920424
13.139999999999764,0.8929144895474118,-1.8719154354274228e-12,3.5181094149017156e-12,-0.17711299904922098
13.149999999999764,0.8929144895473548,-1.8700171564144105e-12,3.5144422094735006e-12,-0.17711299904923766
13.159999999999764,0.8929144895472978,-1.868115506469501e-12,3.510837454090421e-12,-0.17711299904925437
13.169999999999764,0.892914489547241,-1.866216179994728e-12,3.5072673931768605e-12,-0.17711299904927105
13.179999999999763,0.8929144895471842,-1.864320478721093e-12,3.5035932488547417e-12,-0.1771129990492877
13.189999999999763,0.8929144895471275,-1.8624244331582087e-12,3.500116863008884e-12,-0.17711299904930428
13.199999999999763,0.8929144895470709,-1.860531377698517e-12,3.4965780271178915e-12,-0.1771129990493209
13.209999999999763,0.8929144895470144,-1.858640563947203e-12,3.4931363357415535e-12,-0.17711299904933744
13.219999999999763,0.8929144895469578,-1.856749294356919e-12,3.489417088609059e-12,-0.17711299904935407
13.229999999999762,0.8929144895469013,-1.8548548288332934e-12,3.4856006969619102e-12,-0.17711299904937067
13.239999999999762,0.892914489546845,-1.852955249447346e-12,3.4820583916239656e-12,-0.1771129990493872
13.249999999999762,0.8929144895467886,-1.851059356421868e-12,3.4784744529225975e-12,-0.17711299904940372
13.259999999999762,0.8929144895467326,-1.8491611414601922e-12,3.474786430812671e-12,-0.17711299904942024
13.269999999999762,0.8929144895466764,-1.8472604653487872e-12,3.471341269989381e-12,-0.17711299904943673
13.279999999999761,0.8929144895466204,-1.845364719687266e-12,3.467750392394109e-12,-0.17711299904945316
13.289999999999761,0.8929144895465644,-1.8434718008112172e-12,3.4643329871464346e-12,-0.17711299904946956
13.299999999999761,0.8929144895465083,-1.8415832054251914e-12,3.460638026142604e-12,-0.177112999049486
13.30999999999976,0.8929144895464526,-1.839693623436696e-12,3.4572171514479777e-12,-0.17711299904950234
13.31999999999976,0.8929144895463967,-1.837806868635968e-12,3.453518720997195e-12,-0.17711299904951874
13.32999999999976,0.892914489546341,-1.8359215759358662e-12,3.4500527434921935e-12,-0.17711299904953506
13.33999999999976,0.8929144895462854,-1.834042023917535e-12,3.4465312548359606e-12,-0.1771129990495514
13.34999999999976,0.8929144895462299,-1.8321632127297413e-12,3.443068746777911e-12,-0.1771129990495677
13.35999999999976,0.8929144895461744,-1.830284526612086e-12,3.439398071902744e-12,-0.17711299904958402
13.36999999999976,0.892914489546119,-1.8284068169251974e-12,3.4359320943977423e-12,-0.17711299904960032
13.37999999999976,0.8929144895460637,-1.8265293532727202e-12,3.43235856403723e-12,-0.17711299904961655
13.389999999999759,0.8929144895460083,-1.8246547973618075e-12,3.428923811554796e-12,-0.1771129990496328
13.399999999999759,0.8929144895459531,-1.822782883194119e-12,3.425253136679629e-12,-0.177112999049649
13.409999999999759,0.8929144895458979,-1.8209139932885385e-12,3.421814914750243e-12,-0.1771129990496652
13.419999999999758,0.8929144895458428,-1.8190399186435878e-12,3.4182413843897308e-12,-0.17711299904968142
13.429999999999758,0.892914489545788,-1.8171676715011978e-12,3.4148031624603448e-12,-0.17711299904969757
13.439999999999758,0.892914489545733,-1.8152988010465005e-12,3.4112226932059286e-12,-0.17711299904971373
13.449999999999758,0.8929144895456782,-1.81343346876058e-12,3.4077775323826387e-12,-0.17711299904972988
13.459999999999757,0.8929144895456234,-1.8115666140109607e-12,3.404235227044694e-12,-0.17711299904974603
13.469999999999757,0.8929144895455686,-1.8096950054075666e-12,3.400651288343326e-12,-0.17711299904976213
13.479999999999757,0.8929144895455139,-1.8078274204766605e-12,3.3971055135584294e-12,-0.1771129990497782
13.489999999999757,0.8929144895454593,-1.8059601069883835e-12,3.393549330432677e-12,-0.17711299904979425
13.499999999999757,0.8929144895454049,-1.8040986692413503e-12,3.390333153108216e-12,-0.17711299904981023
13.509999999999756,0.8929144895453505,-1.8022467096304174e-12,3.3867769699824635e-12,-0.17711299904982622
13.519999999999756,0.8929144895452961,-1.8003928072008346e-12,3.3830889478725368e-12,-0.17711299904984223
13.529999999999756,0.8929144895452417,-1.7985389490763595e-12,3.3797652176925652e-12,-0.17711299904985822
13.539999999999756,0.8929144895451874,-1.7966845430980183e-12,3.3762090345668128e-12,-0.1771129990498742
13.549999999999756,0.8929144895451333,-1.79483188528097e-12,3.372746526508763e-12,-0.1771129990498901
13.559999999999755,0.8929144895450793,-1.7929859693889666e-12,3.3692840184507133e-12,-0.17711299904990602
13.569999999999755,0.8929144895450255,-1.7911382622688099e-12,3.3658527354152312e-12,-0.17711299904992192
13.579999999999755,0.8929144895449715,-1.7892900775977682e-12,3.362286143948623e-12,-0.17711299904993777
13.589999999999755,0.8929144895449177,-1.7874432761879065e-12,3.3587160830350626e-12,-0.17711299904995362
13.599999999999755,0.8929144895448641,-1.7855938867225048e-12,3.3553819445142352e-12,-0.17711299904996944
13.609999999999754,0.8929144895448103,-1.7837505244773303e-12,3.351808414153723e-12,-0.17711299904998523
13.619999999999754,0.8929144895447568,-1.7819064627615646e-12,3.3482348837932108e-12,-0.17711299905000105
13.629999999999754,0.8929144895447033,-1.7800619694884404e-12,3.3447584979473532e-12,-0.17711299905001684
13.639999999999754,0.8929144895446498,-1.7782156282751873e-12,3.3413202760179672e-12,-0.1771129990500326
13.649999999999753,0.8929144895445965,-1.776369299721969e-12,3.337743276210503e-12,-0.17711299905004838
13.659999999999753,0.8929144895445432,-1.7745230716245311e-12,3.334159337509135e-12,-0.17711299905006408
13.669999999999753,0.8929144895444899,-1.7726785898792647e-12,3.330717646132797e-12,-0.17711299905007977
13.679999999999753,0.8929144895444368,-1.7708344250855114e-12,3.327269015862555e-12,-0.17711299905009545
13.689999999999753,0.8929144895443837,-1.7689942881919893e-12,3.32392099955392e-12,-0.17711299905011113
13.699999999999752,0.8929144895443305,-1.767152465320701e-12,3.3203717553220713e-12,-0.17711299905012676
13.709999999999752,0.8929144895442775,-1.765313682768441e-12,3.3169196556048774e-12,-0.17711299905014238
13.719999999999752,0.8929144895442247,-1.7634764855453547e-12,3.313363472479125e-12,-0.177112999050158
13.729999999999752,0.8929144895441717,-1.7616334011304693e-12,3.309911372761931e-12,-0.17711299905017358
13.739999999999752,0.892914489544119,-1.7597909162865158e-12,3.3063551896361787e-12,-0.17711299905018915
13.749999999999751,0.8929144895440664,-1.7579517049756543e-12,3.302892681578129e-12,-0.1771129990502047
13.759999999999751,0.8929144895440136,-1.756114304893923e-12,3.2994752763304547e-12,-0.17711299905022024
13.76999999999975,0.8929144895439611,-1.7542785168003709e-12,3.295873990394327e-12,-0.17711299905023578
13.77999999999975,0.8929144895439085,-1.7524388173080179e-12,3.2924531156997006e-12,-0.17711299905025127
13.78999999999975,0.8929144895438561,-1.7505993056212153e-12,3.2888830547861403e-12,-0.17711299905026676
13.79999999999975,0.8929144895438037,-1.748759405013696e-12,3.2855558551592168e-12,-0.17711299905028222
13.80999999999975,0.8929144895437514,-1.7469211375821955e-12,3.2819892636926085e-12,-0.17711299905029765
13.81999999999975,0.8929144895436992,-1.7450842013294231e-12,3.278422672226e-12,-0.1771129990503131
13.82999999999975,0.8929144895436469,-1.7432427341598638e-12,3.274856080759392e-12,-0.17711299905032854
13.83999999999975,0.8929144895435949,-1.7413965561569321e-12,3.271417858830006e-12,-0.17711299905034394
13.84999999999975,0.8929144895435428,-1.7395508080763613e-12,3.2678443284694936e-12,-0.17711299905035935
13.859999999999749,0.8929144895434907,-1.7377069878372174e-12,3.2642707981089814e-12,-0.17711299905037473
13.869999999999749,0.8929144895434389,-1.735860688853297e-12,3.2608325761795953e-12,-0.17711299905039005
13.879999999999749,0.8929144895433869,-1.7340175401533655e-12,3.2573908848032573e-12,-0.17711299905040537
13.889999999999748,0.8929144895433352,-1.7321711936727824e-12,3.2538520489122646e-12,-0.1771129990504207
13.899999999999748,0.8929144895432835,-1.7303240325075657e-12,3.2504034186420228e-12,-0.17711299905043593
13.909999999999748,0.8929144895432318,-1.7284818136872469e-12,3.247093566249859e-12,-0.1771129990504512
13.919999999999748,0.8929144895431803,-1.726649007885275e-12,3.243644935979617e-12,-0.17711299905046643
13.929999999999747,0.8929144895431287,-1.7248181607394326e-12,3.2400956917477686e-12,-0.17711299905048164
13.939999999999747,0.8929144895430772,-1.7229889744979887e-12,3.236782369908653e-12,-0.17711299905049688
13.949999999999747,0.8929144895430259,-1.7211583376750662e-12,3.233330270191459e-12,-0.17711299905051206
13.959999999999747,0.8929144895429745,-1.719331359624389e-12,3.2299128649437847e-12,-0.17711299905052721
13.969999999999747,0.8929144895429232,-1.7175069438403146e-12,3.226592604210765e-12,-0.17711299905054234
13.979999999999746,0.892914489542872,-1.7156881817088208e-12,3.2231335655996673e-12,-0.17711299905055747
13.989999999999746,0.8929144895428208,-1.7138728621109192e-12,3.219709221458089e-12,-0.1771129990505726
13.999999999999746,0.8929144895427699,-1.7120567907965499e-12,3.2163889607250695e-12,-0.1771129990505877
14.009999999999746,0.8929144895427187,-1.7102404222735023e-12,3.2127286941907585e-12,-0.17711299905060282
14.019999999999746,0.8929144895426677,-1.7084209949914954e-12,3.2093043500491802e-12,-0.1771129990506179
14.029999999999745,0.8929144895426169,-1.7066019373758734e-12,3.2058383725441786e-12,-0.17711299905063294
14.039999999999745,0.892914489542566,-1.7047839389547124e-12,3.202511172917255e-12,-0.17711299905064798
14.049999999999745,0.8929144895425154,-1.7029669042566516e-12,3.199083359328725e-12,-0.17711299905066302
14.059999999999745,0.8929144895424647,-1.7011480088002277e-12,3.1955132984151646e-12,-0.177112999050678
14.069999999999744,0.892914489542414,-1.6993301062370707e-12,3.1920750764857786e-12,-0.177112999050693
14.079999999999744,0.8929144895423635,-1.6975152129168537e-12,3.1886437934502965e-12,-0.17711299905070793
14.089999999999744,0.892914489542313,-1.6957022111325345e-12,3.185302716035565e-12,-0.17711299905072292
14.099999999999744,0.8929144895422626,-1.69388988564407e-12,3.181861024659227e-12,-0.17711299905073782
14.109999999999744,0.8929144895422122,-1.6920816961715811e-12,3.1785615806079193e-12,-0.17711299905075273
14.119999999999743,0.8929144895421618,-1.6902735266019007e-12,3.1750227447169266e-12,-0.1771129990507676
14.129999999999743,0.8929144895421116,-1.688464834977539e-12,3.1715741144466847e-12,-0.17711299905078248
14.139999999999743,0.8929144895420614,-1.6866545686752917e-12,3.1681289536233948e-12,-0.17711299905079733
14.149999999999743,0.8929144895420114,-1.6848450103040265e-12,3.164819101231231e-12,-0.17711299905081215
14.159999999999743,0.8929144895419613,-1.6830393885428457e-12,3.1614086348774606e-12,-0.17711299905082695
14.169999999999742,0.8929144895419112,-1.6812351614609503e-12,3.1579600046072187e-12,-0.17711299905084177
14.179999999999742,0.8929144895418614,-1.6794263052315538e-12,3.154507904890025e-12,-0.17711299905085653
14.189999999999742,0.8929144895418115,-1.6776208568762058e-12,3.151048866278927e-12,-0.17711299905087127
14.199999999999742,0.8929144895417618,-1.675814900911587e-12,3.147627991584301e-12,-0.17711299905088598
14.209999999999742,0.8929144895417122,-1.6740068467587114e-12,3.1443077308512812e-12,-0.1771129990509007
14.219999999999741,0.8929144895416625,-1.6721963035584823e-12,3.1406127698474506e-12,-0.1771129990509154
14.229999999999741,0.892914489541613,-1.6703890127352157e-12,3.1373896536290857e-12,-0.17711299905093011
14.23999999999974,0.8929144895415637,-1.668584160797533e-12,3.134065923449114e-12,-0.17711299905094477
14.24999999999974,0.8929144895415142,-1.6667838429253053e-12,3.130638109860584e-12,-0.1771129990509594
14.25999999999974,0.8929144895414649,-1.6649822067269327e-12,3.1273074407867085e-12,-0.17711299905097402
14.26999999999974,0.8929144895414157,-1.6631863372132462e-12,3.123841463281707e-12,-0.17711299905098862
14.27999999999974,0.8929144895413665,-1.6613924594354728e-12,3.1205107942078314e-12,-0.17711299905100322
14.28999999999974,0.8929144895413175,-1.65959872385736e-12,3.117176655687004e-12,-0.17711299905101782
14.29999999999974,0.8929144895412683,-1.6578124163581699e-12,3.1139778255973027e-12,-0.17711299905103234
14.30999999999974,0.8929144895412193,-1.6560291508622167e-12,3.1105396036679167e-12,-0.17711299905104685
14.31999999999974,0.8929144895411704,-1.6542451446929756e-12,3.1072019957001373e-12,-0.17711299905106134
14.329999999999739,0.8929144895411214,-1.6524637989824186e-12,3.1037637737707513e-12,-0.1771129990510759
14.339999999999739,0.8929144895410726,-1.6506820620083623e-12,3.1004608602724915e-12,-0.17711299905109038
14.349999999999739,0.8929144895410238,-1.6489005078823105e-12,3.0972516218419344e-12,-0.17711299905110478
14.359999999999738,0.8929144895409752,-1.647128002124099e-12,3.0939417694497706e-12,-0.17711299905111924
14.369999999999738,0.8929144895409267,-1.6453562822150431e-12,3.0905937531411354e-12,-0.17711299905113365
14.379999999999738,0.8929144895408779,-1.6435904506599002e-12,3.087190225681269e-12,-0.17711299905114805
14.389999999999738,0.8929144895408294,-1.6418248921496333e-12,3.0838734343952012e-12,-0.17711299905116246
14.399999999999737,0.892914489540781,-1.6400587110091399e-12,3.0806572570707402e-12,-0.17711299905117678
14.409999999999737,0.8929144895407327,-1.6382987286592322e-12,3.0773439352316245e-12,-0.17711299905119113
14.419999999999737,0.8929144895406843,-1.6365369251718282e-12,3.073787752105872e-12,-0.17711299905120548
14.429999999999737,0.8929144895406361,-1.6347718971744752e-12,3.0704709608198044e-12,-0.1771129990512198
14.439999999999737,0.8929144895405878,-1.6329991715769434e-12,3.0671576389806887e-12,-0.17711299905123415
14.449999999999736,0.8929144895405398,-1.6312272117530294e-12,3.0636014558549363e-12,-0.17711299905124844
14.459999999999736,0.8929144895404917,-1.6294584010354335e-12,3.0602777256749647e-12,-0.1771129990512627
14.469999999999736,0.8929144895404437,-1.627688695642576e-12,3.0570893039261193e-12,-0.17711299905127698
14.479999999999736,0.8929144895403958,-1.62592322834344e-12,3.053529651353415e-12,-0.17711299905129124
14.489999999999736,0.8929144895403479,-1.6241527678517114e-12,3.0501087766587887e-12,-0.17711299905130548
14.499999999999735,0.8929144895403,-1.6223797094042837e-12,3.0469134160160394e-12,-0.1771129990513197
14.509999999999735,0.8929144895402521,-1.6206078667837546e-12,3.043489071874461e-12,-0.1771129990513339
14.519999999999735,0.8929144895402045,-1.6188413401263968e-12,3.040293711231712e-12,-0.17711299905134806
14.529999999999735,0.8929144895401568,-1.6170744859130674e-12,3.0369561032639325e-12,-0.1771129990513622
14.539999999999734,0.8929144895401092,-1.6153164222487985e-12,3.0336670675534805e-12,-0.17711299905137637
14.549999999999734,0.8929144895400617,-1.6135547324766958e-12,3.0302323150710464e-12,-0.17711299905139047
14.559999999999734,0.8929144895400142,-1.611792016438485e-12,3.0270300155343932e-12,-0.17711299905140457
14.569999999999734,0.8929144895399668,-1.610032532275909e-12,3.0237271020361334e-12,-0.17711299905141864
14.579999999999734,0.8929144895399194,-1.6082766341503626e-12,3.0204276579848255e-12,-0.17711299905143274
14.589999999999733,0.8929144895398722,-1.6065227481935503e-12,3.0172218890012203e-12,-0.17711299905144676
14.599999999999733,0.8929144895398249,-1.6047731629345271e-12,3.0139155060560086e-12,-0.1771129990514608
14.609999999999733,0.8929144895397776,-1.6030269640623087e-12,3.010747900988875e-12,-0.17711299905147482
14.619999999999733,0.8929144895397304,-1.601282355176838e-12,3.007299270718633e-12,-0.17711299905148886
14.629999999999733,0.8929144895396834,-1.5995316603670161e-12,3.0038957432587665e-12,-0.17711299905150288
14.639999999999732,0.8929144895396365,-1.5977848211289725e-12,3.0006830353812575e-12,-0.17711299905151684
14.649999999999732,0.8929144895395895,-1.5960430848156825e-12,2.997511960867172e-12,-0.17711299905153077
14.659999999999732,0.8929144895395426,-1.5942990536583059e-12,2.9940945556194976e-12,-0.17711299905154473
14.669999999999732,0.8929144895394957,-1.5925534257911333e-12,2.990784703227334e-12,-0.17711299905155867
14.679999999999731,0.892914489539449,-1.5908058361590077e-12,2.987464442494314e-12,-0.17711299905157257
14.689999999999731,0.8929144895394022,-1.58906326881468e-12,2.9842864290863247e-12,-0.17711299905158648
14.699999999999731,0.8929144895393557,-1.5873237249182966e-12,2.980962698906353e-12,-0.17711299905160033
14.70999999999973,0.8929144895393092,-1.585586519593773e-12,2.9777742771575078e-12,-0.17711299905161418
14.71999999999973,0.8929144895392627,-1.583849505502019e-12,2.974454016424488e-12,-0.177112999051628
14.72999999999973,0.8929144895392161,-1.5821115345974433e-12,2.971168450160988e-12,-0.17711299905164185
14.73999999999973,0.8929144895391697,-1.5803725778211564e-12,2.96774410601941e-12,-0.17711299905165562
14.74999999999973,0.8929144895391234,-1.5786381418054448e-12,2.9646458898913153e-12,-0.17711299905166938
14.75999999999973,0.8929144895390773,-1.5769064013173452e-12,2.9613568541808633e-12,-0.17711299905168315
14.76999999999973,0.892914489539031,-1.5751797856779467e-12,2.958161493538114e-12,-0.17711299905169692
14.77999999999973,0.8929144895389848,-1.5734508306025737e-12,2.954872457827662e-12,-0.17711299905171066
14.78999999999973,0.8929144895389387,-1.571721410003732e-12,2.9515348498598826e-12,-0.17711299905172437
14.799999999999729,0.8929144895388924,-1.569990595384664e-12,2.948141730740872e-12,-0.17711299905173808
14.809999999999729,0.8929144895388464,-1.5682578033256592e-12,2.9449359617572668e-12,-0.17711299905175173
14.819999999999729,0.8929144895388006,-1.566529000585847e-12,2.941636517705959e-12,-0.17711299905176545
14.829999999999728,0.8929144895387547,-1.5648017123130137e-12,2.9384376876162577e-12,-0.1771129990517791
14.839999999999728,0.8929144895387089,-1.5630724487796446e-12,2.935134774117998e-12,-0.17711299905179276
14.849999999999728,0.8929144895386631,-1.5613473608409191e-12,2.9319636996039122e-12,-0.17711299905180633
14.859999999999728,0.8929144895386174,-1.5596208639648414e-12,2.9285636415909977e-12,-0.17711299905181999
14.869999999999727,0.8929144895385718,-1.5578941573894257e-12,2.9254897115915668e-12,-0.17711299905183356
14.879999999999727,0.8929144895385261,-1.5561721292677661e-12,2.922179859199403e-12,-0.17711299905184708
14.889999999999727,0.8929144895384806,-1.5544542896175175e-12,2.9190018457914135e-12,-0.17711299905186062
14.899999999999727,0.8929144895384353,-1.552740451570078e-12,2.9159209768980787e-12,-0.17711299905187408
14.909999999999727,0.8929144895383899,-1.5510387687539563e-12,2.912843577451696e-12,-0.17711299905188757
14.919999999999726,0.8929144895383447,-1.5493415313629251e-12,2.9097974030278806e-12,-0.17711299905190103
14.929999999999726,0.8929144895382997,-1.5476523957363296e-12,2.9065777562564676e-12,-0.1771129990519145
14.939999999999726,0.8929144895382546,-1.5459634511401596e-12,2.9033546400381027e-12,-0.17711299905192796
14.949999999999726,0.8929144895382094,-1.5442771008378339e-12,2.9003084656142875e-12,-0.17711299905194136
14.959999999999726,0.8929144895381644,-1.5425951157174156e-12,2.8972588217435202e-12,-0.1771129990519547
14.969999999999725,0.8929144895381194,-1.5409192765069854e-12,2.894209177872753e-12,-0.17711299905196812
14.979999999999725,0.8929144895380744,-1.5392447945536837e-12,2.8910172866769557e-12,-0.17711299905198147
14.989999999999725,0.8929144895380297,-1.5375697481114279e-12,2.8878219260342064e-12,-0.17711299905199482
14.999999999999725,0.8929144895379849,-1.5359011031765294e-12,2.884865957231142e-12,-0.17711299905200814
15.009999999999724,0.8929144895379402,-1.5342371106716965e-12,2.8816705965883926e-12,-0.17711299905202146
15.019999999999724,0.8929144895378954,-1.532572286634298e-12,2.878516869309067e-12,-0.17711299905203476
15.029999999999724,0.8929144895378509,-1.530916689971049e-12,2.8755539616120984e-12,-0.177112999052048
15.039999999999724,0.8929144895378062,-1.529266901704232e-12,2.8723932954388687e-12,-0.1771129990520613
15.049999999999724,0.8929144895377618,-1.5276145805197403e-12,2.8694269182949483e-12,-0.17711299905207453
15.059999999999723,0.8929144895377173,-1.5259650570954357e-12,2.8662627826747666e-12,-0.17711299905208777
15.069999999999723,0.8929144895376729,-1.5243193406126186e-12,2.8630639525850654e-12,-0.177112999052101
15.079999999999723,0.8929144895376285,-1.5226699053111122e-12,2.8599969614795384e-12,-0.17711299905211425
15.089999999999723,0.8929144895375843,-1.521021180900781e-12,2.8569334398209634e-12,-0.17711299905212743
15.099999999999723,0.8929144895375399,-1.5193705342858449e-12,2.8537623653068778e-12,-0.17711299905214067
15.109999999999722,0.8929144895374959,-1.5177220562655178e-12,2.8506953742013508e-12,-0.17711299905215383
15.119999999999722,0.8929144895374518,-1.51607270668107e-12,2.8474861357707937e-12,-0.177112999052167
15.129999999999722,0.8929144895374078,-1.514430041891073e-12,2.8444156752183147e-12,-0.17711299905218014
15.139999999999722,0.8929144895373637,-1.512782625633296e-12,2.8412376618103252e-12,-0.17711299905219327
15.149999999999721,0.8929144895373198,-1.5111355067829874e-12,2.8381602623639424e-12,-0.17711299905220637
15.159999999999721,0.8929144895372759,-1.5094927458687016e-12,2.8352216407956377e-12,-0.17711299905221947
15.169999999999721,0.8929144895372321,-1.5078512393071762e-12,2.8320470968346e-12,-0.17711299905223252
15.17999999999972,0.8929144895371883,-1.506209781497661e-12,2.8289627584943133e-12,-0.1771129990522456
15.18999999999972,0.8929144895371447,-1.5045663330626987e-12,2.8256494366551976e-12,-0.17711299905225866
15.19999999999972,0.892914489537101,-1.5029184250588202e-12,2.822467953800256e-12,-0.17711299905227174
15.20999999999972,0.8929144895370574,-1.5012636857395867e-12,2.819421779376441e-12,-0.17711299905228473
15.21999999999972,0.8929144895370138,-1.499615192574212e-12,2.8162402965214994e-12,-0.17711299905229774
15.22999999999972,0.8929144895369703,-1.4979679233169736e-12,2.813051874772654e-12,-0.1771129990523107
15.23999999999972,0.8929144895369269,-1.4963200584084659e-12,2.8100993754165415e-12,-0.17711299905232367
15.24999999999972,0.8929144895368836,-1.494671952631111e-12,2.8069074842207442e-12,-0.17711299905233663
15.25999999999972,0.8929144895368402,-1.4930238331838657e-12,2.8037572263883703e-12,-0.17711299905234956
15.269999999999719,0.8929144895367969,-1.4913764504762909e-12,2.800700643623699e-12,-0.1771129990523625
15.279999999999719,0.8929144895367536,-1.4897314729698453e-12,2.797644060859028e-12,-0.17711299905237537
15.289999999999718,0.8929144895367103,-1.4880911916991178e-12,2.7944903335797022e-12,-0.17711299905238828
15.299999999999718,0.8929144895366672,-1.4864483657167292e-12,2.791291503490001e-12,-0.17711299905240116
15.309999999999718,0.8929144895366242,-1.4848098602625747e-12,2.7880961428472517e-12,-0.17711299905241404
15.319999999999718,0.8929144895365811,-1.4831676302910724e-12,2.7850326211886767e-12,-0.1771129990524269
15.329999999999718,0.8929144895365382,-1.4815233690873902e-12,2.7818337910989754e-12,-0.17711299905243974
15.339999999999717,0.8929144895364952,-1.4798728045772532e-12,2.7786765943726977e-12,-0.1771129990524526
15.349999999999717,0.8929144895364522,-1.4782195714544964e-12,2.775512458752516e-12,-0.17711299905246544
15.359999999999717,0.8929144895364095,-1.4765648689013891e-12,2.7724107731774694e-12,-0.17711299905247824
15.369999999999717,0.8929144895363668,-1.474911993880844e-12,2.769239698663384e-12,-0.17711299905249098
15.379999999999717,0.8929144895363241,-1.4732574295596175e-12,2.766075563043202e-12,-0.17711299905250374
15.389999999999716,0.8929144895362815,-1.4716062135138293e-12,2.7630016330437712e-12,-0.1771129990525165
15.399999999999716,0.8929144895362389,-1.4699507814174569e-12,2.7596917806516075e-12,-0.17711299905252925
15.409999999999716,0.8929144895361962,-1.4682926471919346e-12,2.7565276450314258e-12,-0.17711299905254202
15.419999999999716,0.8929144895361538,-1.46663208313391e-12,2.753453715031995e-12,-0.17711299905255473
15.429999999999715,0.8929144895361114,-1.4649724316660142e-12,2.7502757016240054e-12,-0.1771129990525674
15.439999999999715,0.8929144895360691,-1.4633136271081128e-12,2.7471948327306706e-12,-0.17711299905258002
15.449999999999715,0.8929144895360268,-1.4616554256508539e-12,2.7439162053610744e-12,-0.1771129990525927
15.459999999999715,0.8929144895359845,-1.4599984795679023e-12,2.740734722506133e-12,-0.17711299905260533
15.469999999999715,0.8929144895359423,-1.4583415193373488e-12,2.7377891620439243e-12,-0.17711299905261793
15.479999999999714,0.8929144895359,-1.4566887432848822e-12,2.734746457067061e-12,-0.17711299905263053
15.489999999999714,0.892914489535858,-1.4550392848364035e-12,2.7316968131962938e-12,-0.1771129990526431
15.499999999999714,0.892914489535816,-1.453392574441989e-12,2.7285083914474484e-12,-0.17711299905265565
15.509999999999714,0.892914489535774,-1.451744526866015e-12,2.725458747576681e-12,-0.17711299905266822
15.519999999999714,0.892914489535732,-1.4501016301829923e-12,2.7222737952747877e-12,-0.17711299905268074
15.529999999999713,0.8929144895356902,-1.448458103183687e-12,2.7192206819570686e-12,-0.1771129990526933
15.539999999999713,0.8929144895356483,-1.4468161624868848e-12,2.7161710380863013e-12,-0.1771129990527058
15.549999999999713,0.8929144895356066,-1.4451767465173203e-12,2.712975677443552e-12,-0.17711299905271832
15.559999999999713,0.8929144895355648,-1.4435328633064781e-12,2.7097803168008028e-12,-0.1771129990527308
15.569999999999713,0.8929144895355232,-1.4418889150522559e-12,2.7067237340361316e-12,-0.17711299905274328
15.579999999999712,0.8929144895354817,-1.4402489245904705e-12,2.7036602123775566e-12,-0.1771129990527557
15.589999999999712,0.8929144895354401,-1.4386077305261279e-12,2.700503015651279e-12,-0.17711299905276814
15.599999999999712,0.8929144895353984,-1.436961653945075e-12,2.697342349478049e-12,-0.1771129990527806
15.609999999999712,0.8929144895353571,-1.4353173634364475e-12,2.6943794417810807e-12,-0.17711299905279299
15.619999999999711,0.8929144895353157,-1.43367950568907e-12,2.691215306160899e-12,-0.17711299905280536
15.629999999999711,0.8929144895352744,-1.4320453065837791e-12,2.688148315055372e-12,-0.17711299905281774
15.639999999999711,0.8929144895352331,-1.430410274195128e-12,2.685081323949845e-12,-0.17711299905283012
15.64999999999971,0.8929144895351918,-1.4287796353982953e-12,2.682010863397366e-12,-0.17711299905284247
15.65999999999971,0.8929144895351506,-1.4271484324232197e-12,2.6789855056552625e-12,-0.1771129990528548
15.66999999999971,0.8929144895351094,-1.4255191952196054e-12,2.675946270125351e-12,-0.1771129990528671
15.67999999999971,0.8929144895350685,-1.4238925137361495e-12,2.6730076485570464e-12,-0.17711299905287936
15.68999999999971,0.8929144895350275,-1.422271492213758e-12,2.6700690269887417e-12,-0.1771129990528916
15.69999999999971,0.8929144895349868,-1.4206583815280815e-12,2.667126935973485e-12,-0.17711299905290384
15.70999999999971,0.892914489534946,-1.4190517986807046e-12,2.6641848449582284e-12,-0.17711299905291605
15.71999999999971,0.8929144895349052,-1.4174548157309729e-12,2.6612427539429717e-12,-0.17711299905292824
15.729999999999709,0.8929144895348644,-1.41585972050609e-12,2.6582000489661084e-12,-0.17711299905294045
15.739999999999709,0.8929144895348237,-1.4142665234208365e-12,2.6552544885038998e-12,-0.17711299905295264
15.749999999999709,0.8929144895347831,-1.412674372877174e-12,2.6524477059197693e-12,-0.17711299905296482
15.759999999999708,0.8929144895347425,-1.4110886049195095e-12,2.649398062049002e-12,-0.177112999052977
15.769999999999708,0.8929144895347021,-1.4095045925515421e-12,2.6464525015867935e-12,-0.17711299905298916
15.779999999999708,0.8929144895346616,-1.4079214665232564e-12,2.643500002230681e-12,-0.1771129990530013
15.789999999999708,0.8929144895346212,-1.40634148908605e-12,2.6404503583599137e-12,-0.17711299905301342
15.799999999999708,0.8929144895345807,-1.404758209930992e-12,2.6373972450421945e-12,-0.17711299905302552
15.809999999999707,0.8929144895345406,-1.4031785758687336e-12,2.63458352356416e-12,-0.1771129990530376
15.819999999999707,0.8929144895345003,-1.401603339841154e-12,2.6316240853141437e-12,-0.17711299905304967
15.829999999999707,0.8929144895344602,-1.4000327254844693e-12,2.6288068943891574e-12,-0.17711299905306174
15.839999999999707,0.89291448953442,-1.3984613049711875e-12,2.6257503116244862e-12,-0.1771129990530738
15.849999999999707,0.8929144895343798,-1.3968929182326076e-12,2.622926181805596e-12,-0.17711299905308583
15.859999999999706,0.8929144895343398,-1.3953290870866694e-12,2.619869599040925e-12,-0.17711299905309788
15.869999999999706,0.8929144895342997,-1.3937642184198953e-12,2.6168095468293018e-12,-0.1771129990531099
15.879999999999706,0.8929144895342599,-1.392193205754724e-12,2.6137494946176787e-12,-0.17711299905312192
15.889999999999706,0.8929144895342199,-1.3906225270679944e-12,2.6107865869207103e-12,-0.17711299905313393
15.899999999999705,0.8929144895341801,-1.3890539390617367e-12,2.6078618431402134e-12,-0.17711299905314587
15.909999999999705,0.8929144895341403,-1.38748683857885e-12,2.6049301604658126e-12,-0.1771129990531578
15.919999999999705,0.8929144895341005,-1.3859261532142344e-12,2.60213725566949e-12,-0.17711299905316977
15.929999999999705,0.8929144895340607,-1.384367302174742e-12,2.599205572995089e-12,-0.17711299905318165
15.939999999999705,0.8929144895340211,-1.3828094001886928e-12,2.59613511244261e-12,-0.17711299905319353
15.949999999999704,0.8929144895339816,-1.3812541841894885e-12,2.5931964908743055e-12,-0.17711299905320543
15.959999999999704,0.892914489533942,-1.379696916115486e-12,2.5903619527145594e-12,-0.17711299905321728
15.969999999999704,0.8929144895339025,-1.3781455795159366e-12,2.587558639577381e-12,-0.17711299905322914
15.979999999999704,0.892914489533863,-1.376600027880032e-12,2.5845228734944214e-12,-0.177112999053241
15.989999999999704,0.8929144895338237,-1.375053582563766e-12,2.5816883353346753e-12,-0.17711299905325284
15.999999999999703,0.8929144895337843,-1.373509312802492e-12,2.5787497137663706e-12,-0.17711299905326466
16.009999999999703,0.8929144895337449,-1.3719586518436503e-12,2.5757104782364593e-12,-0.17711299905327652
16.019999999999705,0.8929144895337056,-1.3704076011270845e-12,2.5727649177742506e-12,-0.1771129990532883
16.029999999999706,0.8929144895336664,-1.3688539249675881e-12,2.5698575212285135e-12,-0.17711299905330008
16.039999999999708,0.8929144895336274,-1.3672992040881095e-12,2.566911960766305e-12,-0.17711299905331182
16.04999999999971,0.8929144895335882,-1.3657466277642936e-12,2.5638692557894416e-12,-0.1771129990533236
16.05999999999971,0.8929144895335491,-1.3641893470192152e-12,2.560920225880281e-12,-0.17711299905333536
16.069999999999713,0.8929144895335102,-1.3626349227559558e-12,2.5578705820095138e-12,-0.17711299905334707
16.079999999999714,0.8929144895334711,-1.3610805382581094e-12,2.5550603299784314e-12,-0.17711299905335878
16.089999999999716,0.8929144895334322,-1.3595247877970647e-12,2.552007216660712e-12,-0.17711299905337044
16.099999999999717,0.8929144895333934,-1.3579658408059494e-12,2.548957572789945e-12,-0.17711299905338215
16.10999999999972,0.8929144895333545,-1.3564052143680112e-12,2.5459079289191777e-12,-0.17711299905339387
16.11999999999972,0.8929144895333159,-1.3548395988127802e-12,2.5429519601161132e-12,-0.17711299905340555
16.129999999999722,0.8929144895332771,-1.3532695893310155e-12,2.53989190790449e-12,-0.17711299905341718
16.139999999999723,0.8929144895332385,-1.351699847504178e-12,2.5369706335709452e-12,-0.17711299905342878
16.149999999999725,0.8929144895331997,-1.3501327351522445e-12,2.534056298131304e-12,-0.17711299905344038
16.159999999999727,0.8929144895331612,-1.348567201814416e-12,2.530989307025777e-12,-0.17711299905345199
16.169999999999728,0.8929144895331227,-1.3470043191729572e-12,2.528303955084965e-12,-0.17711299905346353
16.17999999999973,0.8929144895330842,-1.3454460369078217e-12,2.5252751278959096e-12,-0.17711299905347508
16.18999999999973,0.8929144895330458,-1.3438870299277842e-12,2.5223469146684607e-12,-0.1771129990534866
16.199999999999733,0.8929144895330073,-1.3423327079393344e-12,2.5192799235629337e-12,-0.17711299905349817
16.209999999999734,0.892914489532969,-1.3407731278313986e-12,2.5164523242970915e-12,-0.1771129990535097
16.219999999999736,0.8929144895329307,-1.3392137219412958e-12,2.513426966554988e-12,-0.1771129990535212
16.229999999999738,0.8929144895328925,-1.337652411085976e-12,2.5104918144336352e-12,-0.1771129990535327
16.23999999999974,0.8929144895328545,-1.3360968428989428e-12,2.5075601317592344e-12,-0.17711299905354416
16.24999999999974,0.8929144895328164,-1.3345410394731037e-12,2.5046215101909297e-12,-0.1771129990535556
16.259999999999742,0.8929144895327783,-1.3329892588060163e-12,2.501686358069577e-12,-0.17711299905356706
16.269999999999744,0.8929144895327403,-1.3314350334240425e-12,2.498751205948224e-12,-0.1771129990535785
16.279999999999745,0.8929144895327021,-1.3298850199582963e-12,2.4957154398652648e-12,-0.17711299905358993
16.289999999999747,0.8929144895326642,-1.328330857171068e-12,2.4928080433195277e-12,-0.17711299905360134
16.29999999999975,0.8929144895326264,-1.3267777952378407e-12,2.490004730182349e-12,-0.1771129990536127
16.30999999999975,0.8929144895325887,-1.3252332504710907e-12,2.487163253128699e-12,-0.17711299905362407
16.31999999999975,0.8929144895325509,-1.3236881501962413e-12,2.484120548151836e-12,-0.17711299905363548
16.329999999999753,0.8929144895325131,-1.3221453073377507e-12,2.481178457136579e-12,-0.17711299905364689
16.339999999999755,0.8929144895324754,-1.3205975807963733e-12,2.478274530037794e-12,-0.1771129990536582
16.349999999999756,0.8929144895324378,-1.3190506289310956e-12,2.4753289695755853e-12,-0.17711299905366956
16.359999999999758,0.8929144895324002,-1.3175034653405313e-12,2.4724181035828963e-12,-0.17711299905368086
16.36999999999976,0.8929144895323626,-1.3159602606893957e-12,2.46960091265791e-12,-0.17711299905369213
16.37999999999976,0.8929144895323252,-1.3144227005090244e-12,2.4667871911798755e-12,-0.1771129990537034
16.389999999999763,0.8929144895322878,-1.3128906243235254e-12,2.4640081641713607e-12,-0.17711299905371464
16.399999999999764,0.8929144895322503,-1.3113636913283771e-12,2.4610903592847677e-12,-0.17711299905372585
16.409999999999766,0.892914489532213,-1.309842444089351e-12,2.4584084767909076e-12,-0.17711299905373706
16.419999999999767,0.8929144895321757,-1.3083240218979836e-12,2.455390057942708e-12,-0.17711299905374828
16.42999999999977,0.8929144895321383,-1.3068047368138383e-12,2.4525763364646735e-12,-0.17711299905375952
16.43999999999977,0.8929144895321012,-1.3052812076245744e-12,2.4496550621311286e-12,-0.17711299905377073
16.449999999999772,0.892914489532064,-1.3037591888087452e-12,2.44686909622871e-12,-0.1771129990537819
16.459999999999773,0.8929144895320269,-1.3022410169786199e-12,2.4440449664098196e-12,-0.17711299905379305
16.469999999999775,0.8929144895319899,-1.3007260327203202e-12,2.441262469954353e-12,-0.1771129990538042
16.479999999999777,0.8929144895319528,-1.299214391735377e-12,2.438473034604982e-12,-0.17711299905381536
16.489999999999778,0.8929144895319159,-1.297708237897615e-12,2.4355448213775333e-12,-0.17711299905382652
16.49999999999978,0.8929144895318788,-1.2962000809483462e-12,2.4325264025293336e-12,-0.17711299905383765
16.50999999999978,0.892914489531842,-1.2946871417430165e-12,2.4298271728007137e-12,-0.17711299905384872
16.519999999999783,0.8929144895318053,-1.2931815986255615e-12,2.4271348819659977e-12,-0.17711299905385977
16.529999999999784,0.8929144895317687,-1.2916857660859038e-12,2.4244772856008012e-12,-0.17711299905387082
16.539999999999786,0.892914489531732,-1.290194783959078e-12,2.4217780558721813e-12,-0.17711299905388186
16.549999999999788,0.8929144895316955,-1.2887110151750351e-12,2.4188429037508286e-12,-0.1771129990538929
16.55999999999979,0.892914489531659,-1.2872264775354083e-12,2.4162442879838153e-12,-0.17711299905390393
16.56999999999979,0.8929144895316224,-1.2857448287733323e-12,2.413343830331982e-12,-0.17711299905391498
16.579999999999792,0.8929144895315859,-1.2842618325321017e-12,2.4105474560887075e-12,-0.17711299905392597
16.589999999999794,0.8929144895315497,-1.282781321637548e-12,2.4078412874661836e-12,-0.17711299905393693
16.599999999999795,0.8929144895315133,-1.2813065344001014e-12,2.405041443775957e-12,-0.17711299905394792
16.609999999999797,0.892914489531477,-1.2798306358813955e-12,2.4023318057064813e-12,-0.17711299905395886
16.6199999999998,0.8929144895314408,-1.2783602656745093e-12,2.399667270447381e-12,-0.17711299905396977
16.6299999999998,0.8929144895314046,-1.2768941727807215e-12,2.396957632377905e-12,-0.1771129990539807
16.6399999999998,0.8929144895313684,-1.2754316005958482e-12,2.3941855442632942e-12,-0.17711299905399158
16.649999999999803,0.8929144895313322,-1.2739699051280055e-12,2.39151407011029e-12,-0.1771129990540025
16.659999999999805,0.8929144895312962,-1.2725123710095001e-12,2.3888391265103337e-12,-0.17711299905401334
16.669999999999806,0.8929144895312602,-1.2710609947720178e-12,2.386358471939687e-12,-0.17711299905402417
16.679999999999808,0.8929144895312243,-1.269615581868579e-12,2.3836835283397306e-12,-0.17711299905403505
16.68999999999981,0.8929144895311883,-1.2681739245435426e-12,2.3808698068616962e-12,-0.1771129990540459
16.69999999999981,0.8929144895311525,-1.2667303477662442e-12,2.3781497604513646e-12,-0.17711299905405672
16.709999999999813,0.8929144895311166,-1.2652966113340618e-12,2.3753776723367537e-12,-0.17711299905406755
16.719999999999814,0.8929144895310808,-1.2638624611916982e-12,2.3726957898428935e-12,-0.17711299905407837
16.729999999999816,0.8929144895310449,-1.262424674574301e-12,2.3697779849563005e-12,-0.17711299905408917
16.739999999999817,0.8929144895310094,-1.2609820997303136e-12,2.367193246977095e-12,-0.17711299905409994
16.74999999999982,0.8929144895309736,-1.2595426506858897e-12,2.3644142199685803e-12,-0.17711299905411076
16.75999999999982,0.892914489530938,-1.2580978161511076e-12,2.3616907041112967e-12,-0.1771129990541215
16.769999999999822,0.8929144895309025,-1.2566556390004579e-12,2.3590018827235326e-12,-0.17711299905413225
16.779999999999824,0.8929144895308669,-1.2552176585510907e-12,2.3563130613357686e-12,-0.17711299905414293
16.789999999999825,0.8929144895308315,-1.2537811484964457e-12,2.3536242399480045e-12,-0.17711299905415367
16.799999999999827,0.892914489530796,-1.2523454488476104e-12,2.3508382740455858e-12,-0.1771129990541644
16.809999999999828,0.8929144895307606,-1.2509037209051484e-12,2.347913530265089e-12,-0.1771129990541751
16.81999999999983,0.8929144895307252,-1.2494577685234207e-12,2.345221239430373e-12,-0.17711299905418582
16.82999999999983,0.8929144895306899,-1.2480108521656299e-12,2.3424283346340502e-12,-0.17711299905419647
16.839999999999833,0.8929144895306546,-1.2465629069957942e-12,2.339597265921256e-12,-0.17711299905420713
16.849999999999834,0.8929144895306195,-1.2451124544946138e-12,2.336901505639588e-12,-0.1771129990542178
16.859999999999836,0.8929144895305842,-1.2436616635649843e-12,2.3341120702902174e-12,-0.17711299905422848
16.869999999999838,0.892914489530549,-1.242208023009829e-12,2.3311803876158166e-12,-0.1771129990542391
16.87999999999984,0.8929144895305139,-1.2407498684482922e-12,2.3285158523567162e-12,-0.17711299905424968
16.88999999999984,0.8929144895304788,-1.2392926002585539e-12,2.3257160086664896e-12,-0.17711299905426026
16.899999999999842,0.8929144895304438,-1.237837995437248e-12,2.323009840043966e-12,-0.1771129990542708
16.909999999999844,0.8929144895304089,-1.2363894763118047e-12,2.320445918746472e-12,-0.17711299905428138
16.919999999999845,0.892914489530374,-1.2349447764302976e-12,2.3177813834873717e-12,-0.1771129990542919
16.929999999999847,0.8929144895303391,-1.2335021705645039e-12,2.3149746009032413e-12,-0.17711299905430242
16.93999999999985,0.8929144895303043,-1.2320592092054053e-12,2.3122684322807174e-12,-0.17711299905431296
16.94999999999985,0.8929144895302694,-1.2306183950969287e-12,2.309600427574665e-12,-0.17711299905432348
16.95999999999985,0.8929144895302347,-1.229175282966361e-12,2.306693031028928e-12,-0.177112999054334
16.969999999999853,0.8929144895302,-1.2277316175245612e-12,2.3041221708375303e-12,-0.17711299905434447
16.979999999999855,0.8929144895301654,-1.2262895659083908e-12,2.301308449359496e-12,-0.17711299905435496
16.989999999999856,0.8929144895301309,-1.2248444589408826e-12,2.2984981973284135e-12,-0.17711299905436542
16.999999999999858,0.8929144895300963,-1.223400807675388e-12,2.2955873313357245e-12,-0.17711299905437586
17.00999999999986,0.8929144895300618,-1.221954327875158e-12,2.2929123877357682e-12,-0.1771129990543863
17.01999999999986,0.8929144895300273,-1.2205074786526846e-12,2.29023397468886e-12,-0.1771129990543967
17.029999999999863,0.8929144895299929,-1.2190575765687744e-12,2.2874167837638737e-12,-0.17711299905440708
17.039999999999864,0.8929144895299583,-1.2176082775348925e-12,2.2845059177711846e-12,-0.17711299905441752
17.049999999999866,0.892914489529924,-1.2161512491143294e-12,2.2816852573992463e-12,-0.1771129990544279
17.059999999999867,0.8929144895298897,-1.2146943910703206e-12,2.2789027609437795e-12,-0.1771129990544383
17.06999999999987,0.8929144895298555,-1.2132385509933308e-12,2.2762243478968713e-12,-0.1771129990544487
17.07999999999987,0.8929144895298214,-1.2117861563438715e-12,2.2735389959560592e-12,-0.177112999054459
17.089999999999872,0.8929144895297872,-1.2103332833111033e-12,2.270718335584121e-12,-0.1771129990544694
17.099999999999874,0.8929144895297532,-1.208877913899597e-12,2.267932369681702e-12,-0.1771129990544797
17.109999999999875,0.892914489529719,-1.207429127287982e-12,2.2652782427634577e-12,-0.17711299905448996
17.119999999999877,0.892914489529685,-1.2059856920129568e-12,2.2627281992537718e-12,-0.17711299905450023
17.129999999999878,0.892914489529651,-1.2045433755871716e-12,2.2600740723355273e-12,-0.17711299905451047
17.13999999999988,0.8929144895296172,-1.2031052873031852e-12,2.257239534175781e-12,-0.17711299905452071
17.14999999999988,0.8929144895295832,-1.2016701647196079e-12,2.2545819378105847e-12,-0.17711299905453096
17.159999999999883,0.8929144895295494,-1.2002380046761623e-12,2.2521255693686015e-12,-0.17711299905454117
17.169999999999884,0.8929144895295156,-1.198814815084677e-12,2.249332664572279e-12,-0.1771129990545514
17.179999999999886,0.8929144895294817,-1.1973872625464205e-12,2.2465397597759562e-12,-0.1771129990545616
17.189999999999888,0.892914489529448,-1.195956565467946e-12,2.2438821634107597e-12,-0.1771129990545718
17.19999999999989,0.8929144895294142,-1.1945258950347234e-12,2.241082319720533e-12,-0.17711299905458205
17.20999999999989,0.8929144895293807,-1.193092903113401e-12,2.2382790065833547e-12,-0.17711299905459219
17.219999999999892,0.892914489529347,-1.191662252420529e-12,2.235715085285861e-12,-0.17711299905460232
17.229999999999894,0.8929144895293136,-1.1902354455374078e-12,2.2330505500267606e-12,-0.17711299905461242
17.239999999999895,0.89291448952928,-1.188814021899712e-12,2.23038601476766e-12,-0.17711299905462258
17.249999999999897,0.8929144895292466,-1.1873896082051575e-12,2.2276798461451364e-12,-0.1771129990546327
17.2599999999999,0.8929144895292132,-1.1859658599825064e-12,2.2249146969244293e-12,-0.1771129990546428
17.2699999999999,0.8929144895291797,-1.184539456995299e-12,2.222250161665329e-12,-0.17711299905465291
17.2799999999999,0.8929144895291463,-1.1831147740124283e-12,2.2195786875123247e-12,-0.17711299905466302
17.289999999999903,0.892914489529113,-1.1816890507217943e-12,2.2169106828062723e-12,-0.1771129990546731
17.299999999999905,0.8929144895290798,-1.1802646645644519e-12,2.21410043077519e-12,-0.17711299905468317
17.309999999999906,0.8929144895290467,-1.1788405821049222e-12,2.2115261011368403e-12,-0.17711299905469322
17.319999999999908,0.8929144895290134,-1.1774162906051592e-12,2.20871931855271e-12,-0.17711299905470332
17.32999999999991,0.8929144895289803,-1.1759906736574878e-12,2.206086008316177e-12,-0.1771129990547133
17.33999999999991,0.8929144895289471,-1.1745679825735485e-12,2.203407595269269e-12,-0.17711299905472333
17.349999999999913,0.8929144895289142,-1.1731500103184526e-12,2.200867960100439e-12,-0.17711299905473332
17.359999999999914,0.892914489528881,-1.1717365787698793e-12,2.198231180416954e-12,-0.1771129990547433
17.369999999999916,0.8929144895288481,-1.1703269780189536e-12,2.195681136907268e-12,-0.17711299905475325
17.379999999999917,0.8929144895288152,-1.168924966679787e-12,2.193238646253093e-12,-0.17711299905476316
17.38999999999992,0.8929144895287825,-1.1675330704222053e-12,2.190692072190359e-12,-0.17711299905477307
17.39999999999992,0.8929144895287496,-1.1661427681160516e-12,2.188145498127625e-12,-0.177112999054783
17.409999999999922,0.8929144895287168,-1.1647552189394345e-12,2.1854983101032843e-12,-0.1771129990547929
17.419999999999924,0.8929144895286841,-1.1633694633267026e-12,2.1829517360405504e-12,-0.17711299905480282
17.429999999999925,0.8929144895286514,-1.1619899651032193e-12,2.1802629146527863e-12,-0.17711299905481273
17.439999999999927,0.8929144895286187,-1.1606103246387156e-12,2.1776191960753977e-12,-0.17711299905482264
17.44999999999993,0.8929144895285861,-1.1592322517462356e-12,2.175204460996838e-12,-0.17711299905483247
17.45999999999993,0.8929144895285536,-1.1578594425739907e-12,2.1726509480402e-12,-0.1771129990548423
17.46999999999993,0.8929144895285211,-1.1564909936769757e-12,2.1702327435146884e-12,-0.17711299905485214
17.479999999999933,0.8929144895284886,-1.1551231983527278e-12,2.1675404526799724e-12,-0.17711299905486194
17.489999999999934,0.8929144895284562,-1.1537570455643969e-12,2.1649834702763826e-12,-0.17711299905487177
17.499999999999936,0.892914489528424,-1.1523938104978155e-12,2.162558326856967e-12,-0.17711299905488156
17.509999999999938,0.8929144895283917,-1.151036052155767e-12,2.1600395083698487e-12,-0.17711299905489133
17.51999999999994,0.8929144895283594,-1.1496835582048574e-12,2.157482525966259e-12,-0.17711299905490108
17.52999999999994,0.8929144895283273,-1.1483335123641322e-12,2.1550573825468433e-12,-0.17711299905491085
17.539999999999942,0.8929144895282952,-1.1469868797195359e-12,2.1525940752109562e-12,-0.17711299905492062
17.549999999999944,0.8929144895282631,-1.145647504811759e-12,2.1502695457531473e-12,-0.17711299905493036
17.559999999999945,0.8929144895282312,-1.1443085160484679e-12,2.147466232615969e-12,-0.17711299905494007
17.569999999999947,0.8929144895281991,-1.1429704883319133e-12,2.145138233711208e-12,-0.1771129990549498
17.57999999999995,0.8929144895281671,-1.1416348383056636e-12,2.1425743124137142e-12,-0.17711299905495947
17.58999999999995,0.8929144895281351,-1.1403039112406253e-12,2.1401422301003947e-12,-0.1771129990549692
17.59999999999995,0.8929144895281032,-1.1389733051182501e-12,2.1376130032724205e-12,-0.17711299905497888
17.609999999999953,0.8929144895280713,-1.1376421730797974e-12,2.135049081974927e-12,-0.17711299905498853
17.619999999999955,0.8929144895280395,-1.1363087962501342e-12,2.1325094468060968e-12,-0.17711299905499817
17.629999999999956,0.8929144895280078,-1.1349827907362301e-12,2.13031328688551e-12,-0.17711299905500777
17.639999999999958,0.8929144895279761,-1.133659744721468e-12,2.1278742656782867e-12,-0.17711299905501737
17.64999999999996,0.8929144895279444,-1.1323427468524404e-12,2.1254317750241114e-12,-0.17711299905502695
17.65999999999996,0.8929144895279127,-1.131031381095555e-12,2.1228990787491853e-12,-0.17711299905503655
17.669999999999963,0.8929144895278812,-1.1297193708536508e-12,2.1203178102169318e-12,-0.17711299905504613
17.679999999999964,0.8929144895278497,-1.1284054563352386e-12,2.1177781750481017e-12,-0.1771129990550557
17.689999999999966,0.892914489527818,-1.1270920992809476e-12,2.1153426232878303e-12,-0.1771129990550653
17.699999999999967,0.8929144895277865,-1.1257759344588757e-12,2.1127995186720483e-12,-0.17711299905507488
17.70999999999997,0.8929144895277551,-1.1244534597618998e-12,2.110360497464825e-12,-0.17711299905508443
17.71999999999997,0.8929144895277238,-1.123133682139012e-12,2.1079110679167457e-12,-0.17711299905509392
17.729999999999972,0.8929144895276924,-1.1218191121136538e-12,2.1053679633009637e-12,-0.17711299905510344
17.739999999999974,0.8929144895276611,-1.120505792147283e-12,2.1029220031998364e-12,-0.17711299905511294
17.749999999999975,0.8929144895276298,-1.1191954951447698e-12,2.1003719596901504e-12,-0.17711299905512243
17.759999999999977,0.8929144895275984,-1.1178874665349254e-12,2.0979641635054946e-12,-0.17711299905513192
17.76999999999998,0.8929144895275671,-1.116580471190481e-12,2.0955182034043673e-12,-0.1771129990551414
17.77999999999998,0.8929144895275359,-1.1152673098899196e-12,2.0929681598946814e-12,-0.17711299905515088
17.78999999999998,0.8929144895275049,-1.1139527899584332e-12,2.0904146469380436e-12,-0.17711299905516031
17.799999999999983,0.8929144895274738,-1.112640984693717e-12,2.0880970563741386e-12,-0.17711299905516972
17.809999999999985,0.8929144895274428,-1.111330910148836e-12,2.0854047655394226e-12,-0.17711299905517916
17.819999999999986,0.8929144895274117,-1.1100203301937444e-12,2.0828581914766886e-12,-0.1771129990551886
17.829999999999988,0.8929144895273807,-1.1087045133148322e-12,2.0803046785200507e-12,-0.17711299905519806
17.83999999999999,0.8929144895273498,-1.1073858225217418e-12,2.077751165563413e-12,-0.17711299905520747
17.84999999999999,0.8929144895273189,-1.1060630633425844e-12,2.075426636105604e-12,-0.17711299905521682
17.859999999999992,0.8929144895272879,-1.1047452461414569e-12,2.0727725091873594e-12,-0.17711299905522618
17.869999999999994,0.892914489527257,-1.1034280024564048e-12,2.070347365767944e-12,-0.17711299905523553
17.879999999999995,0.8929144895272263,-1.1021129881200758e-12,2.0679256917954802e-12,-0.17711299905524486
17.889999999999997,0.8929144895271957,-1.1008015240477665e-12,2.0655976928907194e-12,-0.17711299905525416
17.9,0.8929144895271649,-1.0994945769684639e-12,2.063071935509697e-12,-0.17711299905526348
17.91,0.8929144895271341,-1.098190443698699e-12,2.060778631074456e-12,-0.17711299905527272
17.92,0.8929144895271035,-1.0968925616728556e-12,2.0583465487611363e-12,-0.177112999055282
17.930000000000003,0.892914489527073,-1.0955965058996778e-12,2.056049774878943e-12,-0.17711299905529118
17.940000000000005,0.8929144895270423,-1.094309526191005e-12,2.053659325929047e-12,-0.17711299905530042
17.950000000000006,0.8929144895270117,-1.0930261747432516e-12,2.0512272436157275e-12,-0.1771129990553097
17.960000000000008,0.8929144895269812,-1.0917408886411468e-12,2.0486980167877533e-12,-0.17711299905531894
17.97000000000001,0.8929144895269508,-1.090452677112508e-12,2.0464983874202147e-12,-0.17711299905532812
17.98000000000001,0.8929144895269205,-1.0891713847837762e-12,2.0440628356599433e-12,-0.17711299905533737
17.990000000000013,0.8929144895268902,-1.0878912308162068e-12,2.041627283899672e-12,-0.17711299905534655
18.000000000000014,0.8929144895268598,-1.086610711606148e-12,2.0393270405705266e-12,-0.17711299905535574
18.010000000000016,0.8929144895268296,-1.0853355823243923e-12,2.0369261832797747e-12,-0.1771129990553649
18.020000000000017,0.8929144895267994,-1.0840658548365772e-12,2.0346224705036775e-12,-0.17711299905537403
18.03000000000002,0.892914489526769,-1.082799970885044e-12,2.0320897742287514e-12,-0.17711299905538322
18.04000000000002,0.8929144895267388,-1.0815317153995145e-12,2.029789530899606e-12,-0.17711299905539238
18.050000000000022,0.8929144895267086,-1.08026123927424e-12,2.0272880596472476e-12,-0.17711299905540154
18.060000000000024,0.8929144895266786,-1.0789891057734508e-12,2.0248420995461203e-12,-0.17711299905541064
18.070000000000025,0.8929144895266484,-1.0777159081078115e-12,2.0223024643772902e-12,-0.17711299905541977
18.080000000000027,0.8929144895266184,-1.076440944616901e-12,2.019995282154241e-12,-0.17711299905542885
18.09000000000003,0.8929144895265885,-1.075169716433435e-12,2.0175874859695853e-12,-0.17711299905543793
18.10000000000003,0.8929144895265585,-1.0738998626098626e-12,2.0151727508910255e-12,-0.17711299905544697
18.11000000000003,0.8929144895265286,-1.0726310482666102e-12,2.0128655686679764e-12,-0.17711299905545608
18.120000000000033,0.8929144895264987,-1.0713579881263848e-12,2.0102218500905877e-12,-0.17711299905546515
18.130000000000035,0.8929144895264688,-1.0700782005784242e-12,2.0076752760278538e-12,-0.17711299905547426
18.140000000000036,0.892914489526439,-1.0687963457619245e-12,2.00512870196512e-12,-0.1771129990554833
18.150000000000038,0.8929144895264093,-1.067508394825267e-12,2.002710497439608e-12,-0.17711299905549233
18.16000000000004,0.8929144895263796,-1.0662184764093348e-12,2.000399845769607e-12,-0.17711299905550135
18.17000000000004,0.89291448952635,-1.0649329051892336e-12,1.9978879661763926e-12,-0.17711299905551037
18.180000000000042,0.8929144895263204,-1.0636518995402478e-12,1.9955703756124876e-12,-0.17711299905551936
18.190000000000044,0.8929144895262908,-1.0623751916864294e-12,1.993155640533928e-12,-0.17711299905552835
18.200000000000045,0.8929144895262613,-1.06109645701144e-12,1.9907339665614643e-12,-0.17711299905553732
18.210000000000047,0.8929144895262318,-1.0598214015072307e-12,1.9883157620359526e-12,-0.17711299905554628
18.22000000000005,0.8929144895262021,-1.0585450741028616e-12,1.9859322519799605e-12,-0.1771129990555552
18.23000000000005,0.8929144895261727,-1.057270964061404e-12,1.983507108560545e-12,-0.17711299905556413
18.24000000000005,0.8929144895261433,-1.0560006217833827e-12,1.9812242124661594e-12,-0.17711299905557304
18.250000000000053,0.892914489526114,-1.0547296171159894e-12,1.978802538493696e-12,-0.17711299905558195
18.260000000000055,0.8929144895260845,-1.0534629020501428e-12,1.9764190284377037e-12,-0.17711299905559086
18.270000000000056,0.8929144895260553,-1.0521933851530282e-12,1.974091029532943e-12,-0.17711299905559977
18.280000000000058,0.892914489526026,-1.0509305179396023e-12,1.9718011945446534e-12,-0.17711299905560865
18.29000000000006,0.8929144895259968,-1.0496726746561873e-12,1.9694142150417093e-12,-0.1771129990556175
18.30000000000006,0.8929144895259675,-1.048415653686849e-12,1.9670237660918133e-12,-0.17711299905562636
18.310000000000063,0.8929144895259383,-1.0471590983808524e-12,1.964733931103524e-12,-0.1771129990556352
18.320000000000064,0.8929144895259092,-1.0459039287814793e-12,1.9622012348285978e-12,-0.17711299905564407
18.330000000000066,0.8929144895258803,-1.044651344787759e-12,1.9600432388244826e-12,-0.17711299905565286
18.340000000000067,0.8929144895258513,-1.0433984963039564e-12,1.957618095405067e-12,-0.17711299905566166
18.35000000000007,0.8929144895258223,-1.0421492246281725e-12,1.955453160507048e-12,-0.17711299905567043
18.36000000000007,0.8929144895257933,-1.0409038052141097e-12,1.9531563866248547e-12,-0.1771129990556792
18.370000000000072,0.8929144895257645,-1.0396662421278944e-12,1.9509949211737876e-12,-0.17711299905568798
18.380000000000074,0.8929144895257355,-1.0384318323361868e-12,1.9485975333299876e-12,-0.17711299905569675
18.390000000000075,0.8929144895257065,-1.0371991767277444e-12,1.9462001454861877e-12,-0.17711299905570552
18.400000000000077,0.8929144895256778,-1.0359671382435738e-12,1.9438027576423877e-12,-0.17711299905571432
18.41000000000008,0.8929144895256489,-1.0347337268414185e-12,1.9415059837601945e-12,-0.17711299905572309
18.42000000000008,0.8929144895256204,-1.0334977167168019e-12,1.9389663485913644e-12,-0.1771129990557318
18.43000000000008,0.8929144895255916,-1.0322606145377524e-12,1.9368014136933454e-12,-0.17711299905574052
18.440000000000083,0.892914489525563,-1.0310194825388808e-12,1.9343936175086895e-12,-0.17711299905574923
18.450000000000085,0.8929144895255343,-1.0297843970454195e-12,1.9320933741795443e-12,-0.17711299905575795
18.460000000000086,0.8929144895255059,-1.0285509229957666e-12,1.929782722509543e-12,-0.1771129990557666
18.470000000000088,0.8929144895254773,-1.0273218006612537e-12,1.9273818652187913e-12,-0.17711299905577532
18.48000000000009,0.8929144895254486,-1.0260902044495178e-12,1.9251163163591656e-12,-0.17711299905578404
18.49000000000009,0.8929144895254202,-1.0248538539784373e-12,1.9228056646891645e-12,-0.17711299905579267
18.500000000000092,0.8929144895253917,-1.0236235924704573e-12,1.920536646382587e-12,-0.17711299905580133
18.510000000000094,0.8929144895253632,-1.0223948329457407e-12,1.918125380750979e-12,-0.17711299905580996
18.520000000000095,0.8929144895253348,-1.0211697166316458e-12,1.915950037512104e-12,-0.1771129990558186
18.530000000000097,0.8929144895253065,-1.0199429093138552e-12,1.9137746942732292e-12,-0.17711299905582717
18.5400000000001,0.8929144895252783,-1.0187234362273034e-12,1.9113599591946695e-12,-0.17711299905583577
18.5500000000001,0.8929144895252501,-1.017507573043744e-12,1.9091811465088426e-12,-0.17711299905584438
18.5600000000001,0.8929144895252219,-1.0162957186678027e-12,1.906905189308361e-12,-0.17711299905585295
18.570000000000103,0.8929144895251936,-1.0150839324862449e-12,1.9046292321078795e-12,-0.17711299905586153
18.580000000000105,0.8929144895251654,-1.01387047937424e-12,1.902349805460446e-12,-0.17711299905587008
18.590000000000106,0.8929144895251374,-1.0126582795237163e-12,1.9000703788130124e-12,-0.1771129990558786
18.600000000000108,0.8929144895251094,-1.0114490556629164e-12,1.8978811577863297e-12,-0.17711299905588712
18.61000000000011,0.8929144895250815,-1.010246142968246e-12,1.895695406206599e-12,-0.17711299905589561
18.62000000000011,0.8929144895250536,-1.0090471212979725e-12,1.89337087674879e-12,-0.17711299905590414
18.630000000000113,0.8929144895250257,-1.0078482343989455e-12,1.8910845112074526e-12,-0.1771129990559126
18.640000000000114,0.892914489524998,-1.0066499500964571e-12,1.8889022290746738e-12,-0.17711299905592107
18.650000000000116,0.8929144895249702,-1.0054497501109882e-12,1.8866089246394324e-12,-0.1771129990559295
18.660000000000117,0.8929144895249423,-1.0042584137912313e-12,1.884558481490828e-12,-0.17711299905593797
18.67000000000012,0.8929144895249146,-1.003067851070609e-12,1.8822651770555865e-12,-0.1771129990559464
18.68000000000012,0.8929144895248868,-1.0018787192855851e-12,1.879975342067297e-12,-0.17711299905595485
18.690000000000122,0.8929144895248592,-1.0006924878368524e-12,1.8777826515936624e-12,-0.17711299905596325
18.700000000000124,0.8929144895248315,-9.995094579672192e-13,1.8755899611200277e-12,-0.1771129990559717
18.710000000000125,0.892914489524804,-9.983262475576114e-13,1.8733001261317384e-12,-0.1771129990559801
18.720000000000127,0.8929144895247765,-9.97140562997054e-13,1.8711039662111517e-12,-0.1771129990559885
18.73000000000013,0.8929144895247489,-9.959549062157443e-13,1.8688106617759104e-12,-0.1771129990559969
18.74000000000013,0.8929144895247215,-9.947679131026407e-13,1.8664757239772456e-12,-0.17711299905600528
18.75000000000013,0.8929144895246941,-9.93578962826568e-13,1.8641789500950523e-12,-0.17711299905601366
18.760000000000133,0.8929144895246667,-9.923871652994405e-13,1.861882176212859e-12,-0.177112999056022
18.770000000000135,0.8929144895246393,-9.911970915918349e-13,1.8596825468453204e-12,-0.1771129990560304
18.780000000000136,0.8929144895246119,-9.900036253913428e-13,1.857385772963127e-12,-0.17711299905603872
18.790000000000138,0.8929144895245846,-9.888088089117725e-13,1.8549502212028557e-12,-0.1771129990560471
18.80000000000014,0.8929144895245573,-9.876113778945114e-13,1.8527852863048366e-12,-0.1771129990560554
18.81000000000014,0.8929144895245301,-9.864146455991381e-13,1.8504815735287394e-12,-0.1771129990560637
18.820000000000142,0.8929144895245029,-9.852207698004606e-13,1.8483166386307204e-12,-0.177112999056072
18.830000000000144,0.8929144895244758,-9.840256277462864e-13,1.846106600922326e-12,-0.17711299905608027
18.840000000000146,0.8929144895244487,-9.82832094002766e-13,1.8438063575931807e-12,-0.17711299905608854
18.850000000000147,0.8929144895244217,-9.816404518588422e-13,1.8414991753701315e-12,-0.17711299905609681
18.86000000000015,0.8929144895243946,-9.804481822416e-13,1.8391885237001304e-12,-0.1771129990561051
18.87000000000015,0.8929144895243675,-9.79251664993921e-13,1.8370201193551594e-12,-0.17711299905611333
18.88000000000015,0.8929144895243405,-9.780588686773173e-13,1.8347511010485817e-12,-0.17711299905612157
18.890000000000153,0.8929144895243134,-9.768697212120561e-13,1.8324404493785806e-12,-0.1771129990561298
18.900000000000155,0.8929144895242864,-9.756775299159396e-13,1.8301263282616276e-12,-0.177112999056138
18.910000000000156,0.8929144895242596,-9.744839327055616e-13,1.8279544544697046e-12,-0.1771129990561462
18.920000000000158,0.8929144895242327,-9.73293139276838e-13,1.8257825806777817e-12,-0.1771129990561544
18.93000000000016,0.8929144895242059,-9.721025441800664e-13,1.823367845599222e-12,-0.17711299905616257
18.94000000000016,0.8929144895241791,-9.709149613887745e-13,1.821185563466443e-12,-0.17711299905617073
18.950000000000163,0.8929144895241523,-9.697297494983453e-13,1.8191455286586944e-12,-0.17711299905617886
18.960000000000164,0.8929144895241256,-9.685475198726001e-13,1.8167307935801347e-12,-0.17711299905618702
18.970000000000166,0.8929144895240989,-9.673688414666987e-13,1.814687289325434e-12,-0.17711299905619515
18.980000000000167,0.8929144895240723,-9.66192332567648e-13,1.8125050071926552e-12,-0.17711299905620326
18.99000000000017,0.8929144895240455,-9.650205264034866e-13,1.8103678278702517e-12,-0.17711299905621142
19.00000000000017,0.8929144895240189,-9.638498197582557e-13,1.8080467678593948e-12,-0.17711299905621955
19.010000000000172,0.8929144895239923,-9.626763324369906e-13,1.805861016279664e-12,-0.17711299905622765
19.020000000000174,0.8929144895239659,-9.615054706616815e-13,1.8038175120249633e-12,-0.17711299905623576
19.030000000000175,0.8929144895239394,-9.603363366520959e-13,1.8016352298921845e-12,-0.1771129990562438
19.040000000000177,0.892914489523913,-9.591719648621572e-13,1.7993419254569432e-12,-0.1771129990562519
19.05000000000018,0.8929144895238865,-9.58004109317699e-13,1.7970590293625577e-12,-0.17711299905626
19.06000000000018,0.89291448952386,-9.568314595324073e-13,1.7947796027151242e-12,-0.17711299905626807
19.07000000000018,0.8929144895238337,-9.55659582658854e-13,1.7925869122414895e-12,-0.17711299905627612
19.080000000000183,0.8929144895238074,-9.544879078219876e-13,1.7904011606617587e-12,-0.17711299905628416
19.090000000000185,0.892914489523781,-9.53317099095952e-13,1.7882466341045955e-12,-0.1771129990562922
19.100000000000186,0.8929144895237547,-9.52150936458265e-13,1.7859567991163061e-12,-0.17711299905630018
19.110000000000188,0.8929144895237284,-9.509816708769041e-13,1.7837085974914402e-12,-0.17711299905630823
19.12000000000019,0.8929144895237022,-9.498133181623082e-13,1.7816130515324602e-12,-0.17711299905631622
19.13000000000019,0.8929144895236761,-9.486467499300656e-13,1.779455055528345e-12,-0.17711299905632422
19.140000000000192,0.8929144895236502,-9.474829831654638e-13,1.7772623650547104e-12,-0.17711299905633215
19.150000000000194,0.892914489523624,-9.46322195029297e-13,1.7750037550889886e-12,-0.1771129990563401
19.160000000000196,0.8929144895235979,-9.451614096102025e-13,1.77294637304648e-12,-0.17711299905634806
19.170000000000197,0.8929144895235718,-9.44002776912264e-13,1.770784907595413e-12,-0.177112999056356
19.1800000000002,0.8929144895235458,-9.428474439270551e-13,1.7685262976296912e-12,-0.17711299905636393
19.1900000000002,0.8929144895235199,-9.416904771615264e-13,1.7664619766932788e-12,-0.17711299905637184
19.200000000000202,0.8929144895234938,-9.405396349161355e-13,1.7641652028110855e-12,-0.17711299905637978
19.210000000000203,0.892914489523468,-9.39387601049461e-13,1.762100881874673e-12,-0.17711299905638767
19.220000000000205,0.8929144895234421,-9.382378948381521e-13,1.7598388024619993e-12,-0.17711299905639558
19.230000000000206,0.8929144895234163,-9.370901579999693e-13,1.757767542631683e-12,-0.17711299905640343
19.240000000000208,0.8929144895233906,-9.359449643773221e-13,1.7558385301263968e-12,-0.17711299905641126
19.25000000000021,0.8929144895233648,-9.3480755605351e-13,1.7536735952283777e-12,-0.17711299905641914
19.26000000000021,0.8929144895233391,-9.336706887014453e-13,1.7515017214364548e-12,-0.17711299905642697
19.270000000000213,0.8929144895233134,-9.325339075817175e-13,1.7493714810079553e-12,-0.1771129990564348
19.280000000000214,0.8929144895232877,-9.313970687362766e-13,1.747303690624591e-12,-0.17711299905644265
19.290000000000216,0.8929144895232621,-9.30261160955939e-13,1.745131816832668e-12,-0.17711299905645045
19.300000000000217,0.8929144895232364,-9.291283168827203e-13,1.7428662679730422e-12,-0.1771129990564583
19.31000000000022,0.8929144895232108,-9.279937020036508e-13,1.7406943941811193e-12,-0.1771129990564661
19.32000000000022,0.8929144895231853,-9.268570408941713e-13,1.7385190509422443e-12,-0.1771129990564739
19.330000000000222,0.8929144895231598,-9.257216556272673e-13,1.7363437077033694e-12,-0.1771129990564817
19.340000000000224,0.8929144895231345,-9.245898691068973e-13,1.7344112257511313e-12,-0.17711299905648947
19.350000000000225,0.8929144895231089,-9.234568009848994e-13,1.7321352685506497e-12,-0.17711299905649727
19.360000000000227,0.8929144895230836,-9.223218961431189e-13,1.7299633947587267e-12,-0.17711299905650502
19.37000000000023,0.8929144895230582,-9.211884474251254e-13,1.7276839681112932e-12,-0.17711299905651276
19.38000000000023,0.8929144895230329,-9.200534978918493e-13,1.7256439333035445e-12,-0.1771129990565205
19.39000000000023,0.8929144895230076,-9.189167732195071e-13,1.7235032845341891e-12,-0.17711299905652822
19.400000000000233,0.8929144895229822,-9.177823566187312e-13,1.7213210024014103e-12,-0.17711299905653594
19.410000000000235,0.892914489522957,-9.166490445527269e-13,1.7191838230790069e-12,-0.17711299905654365
19.420000000000236,0.8929144895229317,-9.155170518947182e-13,1.7169043964315733e-12,-0.17711299905655137
19.430000000000238,0.8929144895229065,-9.143822239593953e-13,1.714760278215266e-12,-0.17711299905655908
19.44000000000024,0.8929144895228815,-9.132447516419854e-13,1.7127133045136134e-12,-0.17711299905656677
19.45000000000024,0.8929144895228565,-9.12110726862202e-13,1.7106628613650088e-12,-0.1771129990565744
19.460000000000242,0.8929144895228314,-9.109836325258656e-13,1.7086158876633561e-12,-0.17711299905658204
19.470000000000244,0.8929144895228064,-9.098612872986428e-13,1.706607077878175e-12,-0.17711299905658967
19.480000000000246,0.8929144895227813,-9.087388043546277e-13,1.7043207123368376e-12,-0.1771129990565973
19.490000000000247,0.8929144895227563,-9.076145873154469e-13,1.7021696552266263e-12,-0.17711299905660496
19.50000000000025,0.8929144895227314,-9.064922508369968e-13,1.7001192120780217e-12,-0.17711299905661257
19.51000000000025,0.8929144895227065,-9.05372193607385e-13,1.6981034633989367e-12,-0.17711299905662017
19.520000000000252,0.8929144895226815,-9.042525609543445e-13,1.6958517923271188e-12,-0.17711299905662775
19.530000000000253,0.8929144895226565,-9.031345952580179e-13,1.6937007352169076e-12,-0.17711299905663536
19.540000000000255,0.8929144895226317,-9.020177695861997e-13,1.6917821310524772e-12,-0.1771129990566429
19.550000000000257,0.8929144895226071,-9.009061385311759e-13,1.6897629129264402e-12,-0.17711299905665043
19.560000000000258,0.8929144895225823,-8.997935788591667e-13,1.6877090003308837e-12,-0.17711299905665798
19.57000000000026,0.8929144895225576,-8.986882969012708e-13,1.6856863127578947e-12,-0.17711299905666555
19.58000000000026,0.8929144895225328,-8.975875063432496e-13,1.6836324001623382e-12,-0.17711299905667308
19.590000000000263,0.8929144895225083,-8.964860505445797e-13,1.6816097125893492e-12,-0.1771129990566806
19.600000000000264,0.8929144895224836,-8.953880516278642e-13,1.679451716585234e-12,-0.17711299905668815
19.610000000000266,0.892914489522459,-8.94290124908286e-13,1.6774290290122451e-12,-0.17711299905669567
19.620000000000267,0.8929144895224344,-8.931935556771853e-13,1.6754098108862081e-12,-0.1771129990567032
19.63000000000027,0.8929144895224097,-8.920974973015025e-13,1.6731546703674383e-12,-0.1771129990567107
19.64000000000027,0.8929144895223853,-8.910004534374655e-13,1.671225657862152e-12,-0.1771129990567182
19.650000000000272,0.892914489522361,-8.899089068983963e-13,1.669064192411085e-12,-0.17711299905672567
19.660000000000274,0.8929144895223367,-8.888194199110842e-13,1.6671351799057987e-12,-0.17711299905673314
19.670000000000275,0.8929144895223122,-8.877311523369292e-13,1.6652061674005125e-12,-0.17711299905674058
19.680000000000277,0.8929144895222878,-8.866456065116885e-13,1.663079396418965e-12,-0.17711299905674802
19.69000000000028,0.8929144895222635,-8.855620700299982e-13,1.6611503839136788e-12,-0.17711299905675548
19.70000000000028,0.8929144895222392,-8.844808500899467e-13,1.6591207574467859e-12,-0.1771129990567629
19.71000000000028,0.8929144895222149,-8.834046167186054e-13,1.657094600426845e-12,-0.17711299905677033
19.720000000000283,0.8929144895221905,-8.823288462636629e-13,1.6549643599983455e-12,-0.17711299905677774
19.730000000000285,0.8929144895221663,-8.812504684179292e-13,1.6529312640845006e-12,-0.1771129990567852
19.740000000000286,0.8929144895221421,-8.801705061090855e-13,1.6509016376176078e-12,-0.1771129990567926
19.750000000000288,0.892914489522118,-8.790865506959191e-13,1.648865072256811e-12,-0.17711299905679995
19.76000000000029,0.892914489522094,-8.780062111961389e-13,1.6468319763429662e-12,-0.17711299905680733
19.77000000000029,0.8929144895220699,-8.769276866398473e-13,1.6446601025510432e-12,-0.1771129990568147
19.780000000000292,0.8929144895220458,-8.758455172625306e-13,1.642661701106718e-12,-0.17711299905682207
19.790000000000294,0.8929144895220218,-8.747655627940091e-13,1.6406251357459212e-12,-0.17711299905682942
19.800000000000296,0.8929144895219978,-8.736874776978978e-13,1.6385851009381724e-12,-0.17711299905683675
19.810000000000297,0.8929144895219738,-8.726153578125222e-13,1.6366873134554538e-12,-0.17711299905684408
19.8200000000003,0.89291448952195,-8.715429019260596e-13,1.6347825870788313e-12,-0.17711299905685135
19.8300000000003,0.892914489521926,-8.704770919099693e-13,1.6328778607022087e-12,-0.17711299905685865
19.840000000000302,0.892914489521902,-8.694110763319659e-13,1.6307372119328534e-12,-0.17711299905686595
19.850000000000303,0.8929144895218781,-8.683446570107953e-13,1.6287353410415761e-12,-0.17711299905687325
19.860000000000305,0.8929144895218544,-8.672799894561704e-13,1.6268271452180016e-12,-0.17711299905688052
19.870000000000307,0.8929144895218307,-8.662209299120642e-13,1.6250160939090819e-12,-0.17711299905688774
19.880000000000308,0.892914489521807,-8.651663054840918e-13,1.6231078980855074e-12,-0.17711299905689498
19.89000000000031,0.8929144895217833,-8.641190248626212e-13,1.621196232814981e-12,-0.17711299905690223
19.90000000000031,0.8929144895217598,-8.630713649836367e-13,1.6191492591133283e-12,-0.17711299905690941
19.910000000000313,0.8929144895217362,-8.620269354259405e-13,1.6172375938428019e-12,-0.17711299905691663
19.920000000000314,0.8929144895217127,-8.609888547717213e-13,1.6155618509650083e-12,-0.17711299905692382
19.930000000000316,0.8929144895216893,-8.59960421907895e-13,1.613643246800578e-12,-0.17711299905693098
19.940000000000317,0.8929144895216657,-8.589409082775208e-13,1.6117350509770034e-12,-0.1771129990569382
19.95000000000032,0.8929144895216422,-8.579161860110562e-13,1.6096846078283988e-12,-0.1771129990569454
19.96000000000032,0.8929144895216188,-8.56887937382703e-13,1.6076723285962657e-12,-0.1771129990569526
19.970000000000322,0.8929144895215954,-8.558564785916101e-13,1.6056184160007092e-12,-0.1771129990569598
19.980000000000324,0.892914489521572,-8.548252390970418e-13,1.6038004257978855e-12,-0.17711299905696695
19.990000000000325,0.8929144895215487,-8.537954371722849e-13,1.6017881465657524e-12,-0.17711299905697414
20.000000000000327,0.8929144895215254,-8.527621424584566e-13,1.5997342339701959e-12,-0.17711299905698127
20.01000000000033,0.8929144895215022,-8.51725224228628e-13,1.5978121603588136e-12,-0.1771129990569884
20.02000000000033,0.892914489521479,-8.506951786095791e-13,1.5958900867474313e-12,-0.17711299905699554
20.03000000000033,0.8929144895214558,-8.496647466620605e-13,1.5939749520299529e-12,-0.17711299905700265
20.040000000000333,0.8929144895214326,-8.486393211766794e-13,1.5922888008113034e-12,-0.17711299905700972
20.050000000000335,0.8929144895214094,-8.476161348755511e-13,1.5902695826852664e-12,-0.17711299905701686
20.060000000000336,0.8929144895213863,-8.465890198255639e-13,1.5883475090738841e-12,-0.17711299905702396
20.070000000000338,0.8929144895213632,-8.455649093225253e-13,1.5864254354625018e-12,-0.17711299905703107
20.08000000000034,0.8929144895213401,-8.445398585963866e-13,1.5842605005644828e-12,-0.17711299905703817
20.09000000000034,0.892914489521317,-8.435138404531795e-13,1.5823418964000524e-12,-0.17711299905704522
20.100000000000342,0.8929144895212942,-8.424874783376923e-13,1.5805134978563729e-12,-0.17711299905705227
20.110000000000344,0.8929144895212712,-8.414637783444139e-13,1.5784908102833839e-12,-0.17711299905705932
20.120000000000346,0.8929144895212483,-8.404420932874597e-13,1.5766971062092239e-12,-0.17711299905706634
20.130000000000347,0.8929144895212253,-8.394224487735361e-13,1.574670949189283e-12,-0.1771129990570734
20.14000000000035,0.8929144895212024,-8.383966361862767e-13,1.5726066282528706e-12,-0.17711299905708044
20.15000000000035,0.8929144895211797,-8.373689332296821e-13,1.5706776157475844e-12,-0.1771129990570875
20.160000000000352,0.8929144895211569,-8.36341033367114e-13,1.5687451337953462e-12,-0.1771129990570945
20.170000000000353,0.892914489521134,-8.353114442962997e-13,1.5666183628137986e-12,-0.17711299905710148
20.180000000000355,0.8929144895211112,-8.342782958303961e-13,1.5648211892926867e-12,-0.17711299905710845
20.190000000000357,0.8929144895210884,-8.3325148613181e-13,1.5630274852185266e-12,-0.17711299905711544
20.200000000000358,0.8929144895210657,-8.322266212082483e-13,1.5609943893046818e-12,-0.17711299905712238
20.21000000000036,0.892914489521043,-8.31204502003929e-13,1.559190276889666e-12,-0.17711299905712932
20.22000000000036,0.8929144895210204,-8.301874284454067e-13,1.5572959588538993e-12,-0.1771129990571363
20.230000000000363,0.8929144895209977,-8.291710084643866e-13,1.5553981713711806e-12,-0.1771129990571432
20.240000000000364,0.8929144895209752,-8.281605130343537e-13,1.553500383888462e-12,-0.17711299905715014
20.250000000000366,0.8929144895209525,-8.271488761166573e-13,1.551557493595368e-12,-0.17711299905715705
20.260000000000367,0.8929144895209301,-8.261381437799202e-13,1.5496597061126494e-12,-0.17711299905716396
20.27000000000037,0.8929144895209077,-8.251307316277605e-13,1.5478555936976335e-12,-0.17711299905717082
20.28000000000037,0.892914489520885,-8.241264813829795e-13,1.546093114646041e-12,-0.17711299905717773
20.290000000000372,0.8929144895208626,-8.231280411539289e-13,1.5444277801091033e-12,-0.1771129990571846
20.300000000000374,0.8929144895208401,-8.221330106594582e-13,1.542425909217826e-12,-0.1771129990571915
20.310000000000375,0.8929144895208176,-8.211391145235793e-13,1.540483018924732e-12,-0.1771129990571984
20.320000000000377,0.8929144895207953,-8.201415199357114e-13,1.5385817619950615e-12,-0.1771129990572053
20.33000000000038,0.8929144895207729,-8.19149582747859e-13,1.536677035618439e-12,-0.17711299905721214
20.34000000000038,0.8929144895207506,-8.181547740803626e-13,1.5347376147722969e-12,-0.17711299905721903
20.35000000000038,0.8929144895207283,-8.171553878772255e-13,1.5326871716236923e-12,-0.17711299905722588
20.360000000000383,0.8929144895207061,-8.16153792028016e-13,1.5307859146940217e-12,-0.1771129990572327
20.370000000000385,0.8929144895206839,-8.15153892661709e-13,1.52897139393815e-12,-0.17711299905723954
20.380000000000386,0.8929144895206618,-8.141561849714711e-13,1.5271985065457017e-12,-0.17711299905724634
20.390000000000388,0.8929144895206397,-8.131592232715913e-13,1.5252903107221272e-12,-0.17711299905725314
20.40000000000039,0.8929144895206175,-8.121659637094468e-13,1.5234792594132074e-12,-0.17711299905725997
20.41000000000039,0.8929144895205954,-8.111734397384879e-13,1.521567594142681e-12,-0.17711299905726677
20.420000000000393,0.8929144895205732,-8.101813716507154e-13,1.5196593983191065e-12,-0.17711299905727357
20.430000000000394,0.8929144895205512,-8.091868188323506e-13,1.5178830414797062e-12,-0.17711299905728034
20.440000000000396,0.8929144895205291,-8.081943826926814e-13,1.5160685207238345e-12,-0.1771129990572871
20.450000000000397,0.8929144895205071,-8.072039645207921e-13,1.514153386006356e-12,-0.17711299905729386
20.4600000000004,0.8929144895204851,-8.062160072859774e-13,1.5123735597200039e-12,-0.1771129990573006
20.4700000000004,0.8929144895204632,-8.052349484613573e-13,1.5105590389641321e-12,-0.17711299905730735
20.480000000000402,0.8929144895204413,-8.042540910025464e-13,1.5086820681631252e-12,-0.17711299905731406
20.490000000000403,0.8929144895204194,-8.032690227891825e-13,1.5068606085133496e-12,-0.1771129990573208
20.500000000000405,0.8929144895203976,-8.022809373582264e-13,1.504810165364745e-12,-0.17711299905732755
20.510000000000407,0.8929144895203758,-8.012939093769622e-13,1.5028950306472666e-12,-0.1771129990573343
20.520000000000408,0.892914489520354,-8.003031821669313e-13,1.5011082654670105e-12,-0.17711299905734096
20.53000000000041,0.8929144895203321,-7.993127699169393e-13,1.4991861918556282e-12,-0.17711299905734765
20.54000000000041,0.8929144895203104,-7.983232061790365e-13,1.4971704431765431e-12,-0.17711299905735434
20.550000000000413,0.8929144895202886,-7.973326049338405e-13,1.495380208549335e-12,-0.177112999057361
20.560000000000414,0.8929144895202669,-7.963440599077704e-13,1.4933575209763461e-12,-0.17711299905736763
20.570000000000416,0.8929144895202452,-7.953502698741006e-13,1.49157075579609e-12,-0.17711299905737432
20.580000000000418,0.8929144895202236,-7.943552159811834e-13,1.4898846045774405e-12,-0.17711299905738095
20.59000000000042,0.8929144895202019,-7.933679089394609e-13,1.4878584475574996e-12,-0.1771129990573876
20.60000000000042,0.8929144895201804,-7.923805439073527e-13,1.4859710684156369e-12,-0.17711299905739422
20.610000000000422,0.8929144895201588,-7.913905118618981e-13,1.4841392004250054e-12,-0.1771129990574008
20.620000000000424,0.8929144895201373,-7.904035738261732e-13,1.4822483518361906e-12,-0.17711299905740738
20.630000000000425,0.8929144895201159,-7.894149810675995e-13,1.480357503247376e-12,-0.17711299905741398
20.640000000000427,0.8929144895200943,-7.884282541047443e-13,1.478560329726264e-12,-0.17711299905742056
20.65000000000043,0.8929144895200728,-7.874451471951756e-13,1.4766347866679297e-12,-0.1771129990574272
20.66000000000043,0.8929144895200515,-7.864600755157012e-13,1.474743938079115e-12,-0.17711299905743377
20.67000000000043,0.89291448952003,-7.854758269937181e-13,1.472950234004955e-12,-0.17711299905744035
20.680000000000433,0.8929144895200086,-7.844921086093838e-13,1.4710246909466207e-12,-0.17711299905744696
20.690000000000435,0.8929144895199874,-7.8350737110209e-13,1.4692622118950283e-12,-0.17711299905745348
20.700000000000436,0.892914489519966,-7.82527754507059e-13,1.4674685078208682e-12,-0.17711299905746006
20.710000000000438,0.8929144895199447,-7.815482127936249e-13,1.4655741897851016e-12,-0.17711299905746658
20.72000000000044,0.8929144895199235,-7.80573655688931e-13,1.4637770162639896e-12,-0.17711299905747313
20.73000000000044,0.8929144895199024,-7.79598970083384e-13,1.4619798427428776e-12,-0.17711299905747963
20.740000000000443,0.8929144895198812,-7.786295061298606e-13,1.4601791997748137e-12,-0.17711299905748615
20.750000000000444,0.8929144895198601,-7.776597600195844e-13,1.4583785568067498e-12,-0.17711299905749264
20.760000000000446,0.8929144895198389,-7.766883436055293e-13,1.4564807693240311e-12,-0.17711299905749917
20.770000000000447,0.8929144895198178,-7.757164140753619e-13,1.4547182902724387e-12,-0.17711299905750566
20.78000000000045,0.8929144895197967,-7.74745209714237e-13,1.4529141778574228e-12,-0.17711299905751213
20.79000000000045,0.8929144895197756,-7.737790771716059e-13,1.4511516988058304e-12,-0.1771129990575186
20.800000000000452,0.8929144895197545,-7.728157605712985e-13,1.4493475863908145e-12,-0.17711299905752506
20.810000000000453,0.8929144895197334,-7.718554644313692e-13,1.447446329461144e-12,-0.17711299905753156
20.820000000000455,0.8929144895197125,-7.708896326885133e-13,1.4455450725314734e-12,-0.17711299905753802
20.830000000000457,0.8929144895196915,-7.699240968412069e-13,1.4437409601164575e-12,-0.1771129990575445
20.840000000000458,0.8929144895196707,-7.689568227169074e-13,1.441836233739835e-12,-0.17711299905755096
20.85000000000046,0.8929144895196498,-7.679926297190455e-13,1.4401327352864257e-12,-0.17711299905755737
20.86000000000046,0.8929144895196289,-7.670322575134496e-13,1.4383563784470255e-12,-0.17711299905756378
20.870000000000463,0.8929144895196081,-7.660753326217504e-13,1.4365869605015291e-12,-0.17711299905757016
20.880000000000464,0.8929144895195873,-7.651201714937157e-13,1.434949381540207e-12,-0.17711299905757652
20.890000000000466,0.8929144895195665,-7.641708998190849e-13,1.4331383302312872e-12,-0.17711299905758293
20.900000000000468,0.8929144895195457,-7.632179722668765e-13,1.4312752372180881e-12,-0.1771129990575893
20.91000000000047,0.8929144895195249,-7.622634061680256e-13,1.4293601025006097e-12,-0.17711299905759567
20.92000000000047,0.8929144895195041,-7.613098814171513e-13,1.4277225235392876e-12,-0.17711299905760206
20.930000000000472,0.8929144895194834,-7.603576652904672e-13,1.4258524916321846e-12,-0.1771129990576084
20.940000000000474,0.8929144895194627,-7.59403421641e-13,1.4239373569147062e-12,-0.17711299905761474
20.950000000000475,0.892914489519442,-7.584497645574666e-13,1.4222997779533841e-12,-0.1771129990576211
20.960000000000477,0.8929144895194213,-7.574941681019371e-13,1.4202805598273471e-12,-0.1771129990576274
20.97000000000048,0.8929144895194008,-7.565403472941831e-13,1.4187401253806797e-12,-0.1771129990576337
20.98000000000048,0.8929144895193802,-7.555925960163455e-13,1.4168596851327209e-12,-0.17711299905764
20.99000000000048,0.8929144895193597,-7.54645809785397e-13,1.4151770033610234e-12,-0.1771129990576463
21.000000000000483,0.8929144895193393,-7.537028714507221e-13,1.4133971770746712e-12,-0.17711299905765257
21.010000000000485,0.8929144895193187,-7.527558357531758e-13,1.4114820423571928e-12,-0.1771129990576589
21.020000000000486,0.8929144895192982,-7.518050976512905e-13,1.4096085410031378e-12,-0.17711299905766525
21.030000000000488,0.8929144895192778,-7.508485074539802e-13,1.4078217758228817e-12,-0.17711299905767153
21.04000000000049,0.8929144895192573,-7.498905497446004e-13,1.4059413355749228e-12,-0.17711299905767777
21.05000000000049,0.8929144895192369,-7.489338128681463e-13,1.404060895326964e-12,-0.17711299905768405
21.060000000000493,0.8929144895192166,-7.479804319726552e-13,1.402412908024786e-12,-0.17711299905769032
21.070000000000494,0.8929144895191963,-7.470313144784761e-13,1.4006296122914819e-12,-0.17711299905769656
21.080000000000496,0.892914489519176,-7.460847263408789e-13,1.398749172043523e-12,-0.17711299905770284
21.090000000000497,0.8929144895191556,-7.451366668917869e-13,1.3970595513779216e-12,-0.17711299905770905
21.1000000000005,0.8929144895191354,-7.441886514820265e-13,1.3951756416830108e-12,-0.1771129990577153
21.1100000000005,0.8929144895191152,-7.432443683334923e-13,1.3935276543808328e-12,-0.1771129990577215
21.120000000000502,0.8929144895190951,-7.423064779717628e-13,1.391869258737799e-12,-0.17711299905772768
21.130000000000503,0.892914489519075,-7.413728378854641e-13,1.390217801988669e-12,-0.17711299905773387
21.140000000000505,0.8929144895190548,-7.404447178932301e-13,1.388569814686491e-12,-0.17711299905774003
21.150000000000507,0.8929144895190347,-7.395139252975318e-13,1.3866754966507244e-12,-0.17711299905774622
21.160000000000508,0.8929144895190146,-7.385847278819404e-13,1.3850240399015945e-12,-0.1771129990577524
21.17000000000051,0.8929144895189945,-7.376586292546799e-13,1.3831366607597317e-12,-0.1771129990577586
21.18000000000051,0.8929144895189746,-7.367266097326891e-13,1.3813845900489952e-12,-0.1771129990577648
21.190000000000513,0.8929144895189546,-7.35792826389318e-13,1.3795908859748351e-12,-0.17711299905777095
21.200000000000514,0.8929144895189346,-7.348630823240715e-13,1.3779359597787533e-12,-0.1771129990577771
21.210000000000516,0.8929144895189146,-7.339353081905617e-13,1.3761422557045933e-12,-0.17711299905778327
21.220000000000518,0.8929144895188947,-7.330113596882668e-13,1.3743867155469047e-12,-0.17711299905778938
21.23000000000052,0.8929144895188748,-7.320878145684839e-13,1.372867097781949e-12,-0.17711299905779548
21.24000000000052,0.892914489518855,-7.311677988491733e-13,1.3712017632450113e-12,-0.17711299905780156
21.250000000000522,0.8929144895188352,-7.302545429997662e-13,1.3694427536403708e-12,-0.17711299905780764
21.260000000000524,0.8929144895188155,-7.293431477884876e-13,1.3678815025119917e-12,-0.17711299905781372
21.270000000000525,0.8929144895187957,-7.284385422974815e-13,1.3661190234603993e-12,-0.1771129990578198
21.280000000000527,0.892914489518776,-7.275340787367599e-13,1.3644536889234615e-12,-0.1771129990578259
21.29000000000053,0.8929144895187561,-7.266319246860433e-13,1.3628299877499472e-12,-0.17711299905783195
21.30000000000053,0.8929144895187363,-7.257335342864339e-13,1.3612097560233849e-12,-0.177112999057838
21.31000000000053,0.8929144895187167,-7.248348724020598e-13,1.3595791159559667e-12,-0.17711299905784403
21.320000000000533,0.892914489518697,-7.239446196723896e-13,1.357910311972077e-12,-0.17711299905785005
21.330000000000535,0.8929144895186771,-7.230533222044145e-13,1.3561478329204846e-12,-0.1771129990578561
21.340000000000536,0.8929144895186575,-7.221605635289171e-13,1.354621276261625e-12,-0.17711299905786215
21.350000000000538,0.8929144895186378,-7.212691918942456e-13,1.3528553277630806e-12,-0.17711299905786818
21.36000000000054,0.8929144895186183,-7.20377377009977e-13,1.3512212182487104e-12,-0.17711299905787417
21.37000000000054,0.8929144895185988,-7.194922095688088e-13,1.3495524142648208e-12,-0.1771129990578802
21.380000000000543,0.8929144895185793,-7.186087364285791e-13,1.347890549174835e-12,-0.17711299905788622
21.390000000000544,0.89291448951856,-7.17726319676367e-13,1.3463535841751195e-12,-0.17711299905789218
21.400000000000546,0.8929144895185407,-7.168475278733858e-13,1.3446813107442779e-12,-0.17711299905789812
21.410000000000547,0.8929144895185213,-7.159751422706628e-13,1.3431443457445624e-12,-0.1771129990579041
21.42000000000055,0.8929144895185019,-7.151057369315462e-13,1.3416143196387509e-12,-0.17711299905791006
21.43000000000055,0.8929144895184826,-7.142378475080697e-13,1.3399385767609573e-12,-0.177112999057916
21.440000000000552,0.8929144895184634,-7.133695923625269e-13,1.3382663033301156e-12,-0.17711299905792194
21.450000000000554,0.8929144895184441,-7.124993667695649e-13,1.336590560452322e-12,-0.1771129990579279
21.460000000000555,0.8929144895184249,-7.116268536708563e-13,1.3348142036129218e-12,-0.17711299905793385
21.470000000000557,0.8929144895184057,-7.107513957422046e-13,1.3331384607351282e-12,-0.17711299905793979
21.480000000000558,0.8929144895183864,-7.098749062217038e-13,1.331362103895728e-12,-0.17711299905794572
21.49000000000056,0.8929144895183672,-7.089955367751923e-13,1.3296898304648863e-12,-0.17711299905795166
21.50000000000056,0.8929144895183482,-7.08112277299662e-13,1.328145926571267e-12,-0.17711299905795752
21.510000000000563,0.8929144895183291,-7.072327690512777e-13,1.3263661002849148e-12,-0.1771129990579634
21.520000000000564,0.8929144895183101,-7.063577192189074e-13,1.324780563027872e-12,-0.17711299905796926
21.530000000000566,0.8929144895182911,-7.054862805451756e-13,1.3232366591342526e-12,-0.17711299905797512
21.540000000000568,0.892914489518272,-7.046135109853143e-13,1.3214568328479004e-12,-0.17711299905798097
21.55000000000057,0.892914489518253,-7.037396831189125e-13,1.3198747650378095e-12,-0.17711299905798686
21.56000000000057,0.892914489518234,-7.028660316411796e-13,1.3182302471825835e-12,-0.17711299905799274
21.570000000000572,0.8929144895182151,-7.019868399791054e-13,1.3164087875328079e-12,-0.1771129990579986
21.580000000000574,0.8929144895181962,-7.011063613156254e-13,1.3148683530861405e-12,-0.17711299905800448
21.590000000000575,0.8929144895181773,-7.002262737390268e-13,1.3130815879058844e-12,-0.1771129990580103
21.600000000000577,0.8929144895181583,-6.993455688715747e-13,1.3113017616195322e-12,-0.17711299905801617
21.61000000000058,0.8929144895181395,-6.984616736060122e-13,1.309514996439276e-12,-0.177112999058022
21.62000000000058,0.8929144895181205,-6.975731699329646e-13,1.3078323146675785e-12,-0.17711299905802785
21.63000000000058,0.8929144895181016,-6.966827611130001e-13,1.3061877968123525e-12,-0.17711299905803368
21.640000000000583,0.8929144895180828,-6.957940266274145e-13,1.3046334845778773e-12,-0.17711299905803946
21.650000000000585,0.8929144895180642,-6.949074091962134e-13,1.302940394465324e-12,-0.1771129990580452
21.660000000000586,0.8929144895180455,-6.940247979953082e-13,1.3013826127838968e-12,-0.17711299905805095
21.670000000000588,0.8929144895180269,-6.931466034879125e-13,1.299727686587815e-12,-0.17711299905805666
21.68000000000059,0.8929144895180081,-6.922778570686166e-13,1.2983121522314178e-12,-0.17711299905806238
21.69000000000059,0.8929144895179895,-6.914111642987011e-13,1.2965219176042098e-12,-0.17711299905806815
21.700000000000593,0.8929144895179707,-6.905446630832319e-13,1.295005769286206e-12,-0.17711299905807387
21.710000000000594,0.8929144895179522,-6.896778853093436e-13,1.293444518157827e-12,-0.1771129990580796
21.720000000000596,0.8929144895179335,-6.888133487107289e-13,1.291789591961745e-12,-0.1771129990580853
21.730000000000597,0.892914489517915,-6.879512075656278e-13,1.2901311963187112e-12,-0.17711299905809103
21.7400000000006,0.8929144895178964,-6.870880254055585e-13,1.288569945190332e-12,-0.17711299905809674
21.7500000000006,0.8929144895178779,-6.862285386357992e-13,1.286776241116172e-12,-0.1771129990581025
21.760000000000602,0.8929144895178592,-6.853608794585363e-13,1.2850241704054355e-12,-0.1771129990581082
21.770000000000604,0.8929144895178407,-6.844914519537081e-13,1.2833657747624017e-12,-0.17711299905811392
21.780000000000605,0.8929144895178222,-6.836232127099235e-13,1.2817073791193678e-12,-0.1771129990581196
21.790000000000607,0.8929144895178038,-6.827536691390289e-13,1.2801461279909887e-12,-0.1771129990581253
21.80000000000061,0.8929144895177854,-6.818850482986613e-13,1.278484262901003e-12,-0.17711299905813097
21.81000000000061,0.8929144895177672,-6.81016330887338e-13,1.2769230117726238e-12,-0.17711299905813663
21.82000000000061,0.8929144895177488,-6.801530606315572e-13,1.2751223688045599e-12,-0.1771129990581423
21.830000000000613,0.8929144895177304,-6.792888248876038e-13,1.273460503714574e-12,-0.17711299905814798
21.840000000000614,0.892914489517712,-6.784212913696868e-13,1.2717986386245883e-12,-0.1771129990581536
21.850000000000616,0.8929144895176937,-6.775549078975374e-13,1.2702686125187768e-12,-0.17711299905815922
21.860000000000618,0.8929144895176755,-6.766871092824061e-13,1.268606747428791e-12,-0.17711299905816483
21.87000000000062,0.8929144895176572,-6.758205161626002e-13,1.267038557406508e-12,-0.17711299905817046
21.88000000000062,0.8929144895176391,-6.749553647111204e-13,1.2655050618537445e-12,-0.17711299905817607
21.890000000000622,0.8929144895176209,-6.740945971129779e-13,1.2639403412784134e-12,-0.17711299905818167
21.900000000000624,0.8929144895176025,-6.732369105351141e-13,1.262174392779869e-12,-0.17711299905818728
21.910000000000625,0.8929144895175843,-6.723752683991562e-13,1.2604084442813246e-12,-0.17711299905819292
21.920000000000627,0.8929144895175661,-6.715080611194841e-13,1.258739640297435e-12,-0.1771129990581985
21.93000000000063,0.8929144895175479,-6.706389443681443e-13,1.2570777752074491e-12,-0.1771129990582041
21.94000000000063,0.8929144895175299,-6.697697951324109e-13,1.2554055017766075e-12,-0.17711299905820968
21.95000000000063,0.892914489517512,-6.689027962178655e-13,1.2538303728604205e-12,-0.17711299905821523
21.960000000000633,0.892914489517494,-6.680387565190005e-13,1.252296877307657e-12,-0.1771129990582208
21.970000000000635,0.892914489517476,-6.67176718284541e-13,1.2505274593621607e-12,-0.17711299905822636
21.980000000000636,0.8929144895174579,-6.663114490921761e-13,1.248858655378271e-12,-0.17711299905823197
21.990000000000638,0.89291448951744,-6.654447252438616e-13,1.2471898513943813e-12,-0.1771129990582375
22.00000000000064,0.892914489517422,-6.645788904365139e-13,1.2457500309093206e-12,-0.17711299905824304
22.01000000000064,0.892914489517404,-6.63717580962342e-13,1.2442061270157012e-12,-0.17711299905824854
22.020000000000643,0.8929144895173862,-6.628606722823824e-13,1.2426656925690338e-12,-0.17711299905825398
22.030000000000644,0.8929144895173684,-6.620116275548512e-13,1.2412675054473965e-12,-0.17711299905825947
22.040000000000646,0.8929144895173504,-6.611713359317597e-13,1.2396229875921705e-12,-0.17711299905826497
22.050000000000647,0.8929144895173324,-6.603330266184942e-13,1.238086022592455e-12,-0.17711299905827044
22.06000000000065,0.8929144895173146,-6.594981418608771e-13,1.236448443631133e-12,-0.17711299905827593
22.07000000000065,0.8929144895172968,-6.586616371093515e-13,1.2350433176155917e-12,-0.1771129990582814
22.080000000000652,0.8929144895172789,-6.578250592757598e-13,1.2334022692073177e-12,-0.17711299905828687
22.090000000000654,0.8929144895172613,-6.569901932484136e-13,1.231958979275305e-12,-0.1771129990582923
22.100000000000655,0.8929144895172436,-6.561633604493095e-13,1.2305469143658598e-12,-0.1771129990582977
22.110000000000657,0.892914489517226,-6.553435698417712e-13,1.2291452577972706e-12,-0.17711299905830313
22.12000000000066,0.8929144895172083,-6.545288514086015e-13,1.2275944150097473e-12,-0.17711299905830855
22.13000000000066,0.8929144895171907,-6.537164950524662e-13,1.2260852055856475e-12,-0.17711299905831396
22.14000000000066,0.892914489517173,-6.529063633839225e-13,1.2245378322450762e-12,-0.17711299905831934
22.150000000000663,0.8929144895171554,-6.520949776825837e-13,1.2228898449428982e-12,-0.17711299905832475
22.160000000000664,0.8929144895171377,-6.512841723643178e-13,1.221481249480405e-12,-0.17711299905833014
22.170000000000666,0.8929144895171202,-6.504747263258212e-13,1.2199304066928818e-12,-0.17711299905833552
22.180000000000668,0.8929144895171027,-6.496728959511493e-13,1.2186571196615148e-12,-0.17711299905834088
22.19000000000067,0.8929144895170851,-6.488715836018148e-13,1.2170091323593368e-12,-0.1771129990583463
22.20000000000067,0.8929144895170675,-6.480650395659219e-13,1.215357675610207e-12,-0.17711299905835165
22.210000000000672,0.89291448951705,-6.472576117277573e-13,1.2138103022696356e-12,-0.17711299905835703
22.220000000000674,0.8929144895170325,-6.464475021984117e-13,1.2122976233985838e-12,-0.17711299905836242
22.230000000000675,0.8929144895170149,-6.456366100504645e-13,1.2106496360964059e-12,-0.1771129990583678
22.240000000000677,0.8929144895169976,-6.448248712415748e-13,1.209369410171135e-12,-0.1771129990583731
22.25000000000068,0.8929144895169803,-6.440209126580742e-13,1.207950406367786e-12,-0.1771129990583784
22.26000000000068,0.892914489516963,-6.432224218706586e-13,1.206295480171704e-12,-0.1771129990583837
22.27000000000068,0.8929144895169456,-6.424263231357846e-13,1.204876476368355e-12,-0.177112999058389
22.280000000000683,0.8929144895169283,-6.416284009689156e-13,1.2033568586033994e-12,-0.1771129990583943
22.290000000000685,0.892914489516911,-6.408297307902803e-13,1.2018372408384437e-12,-0.1771129990583996
22.300000000000686,0.8929144895168937,-6.400357838210067e-13,1.2004217064820466e-12,-0.17711299905840494
22.310000000000688,0.8929144895168765,-6.39245423583403e-13,1.1991380111098238e-12,-0.17711299905841021
22.32000000000069,0.8929144895168593,-6.384592746442996e-13,1.1975802294283966e-12,-0.1771129990584155
22.33000000000069,0.892914489516842,-6.376764792503809e-13,1.196195920094567e-12,-0.17711299905842076
22.340000000000693,0.8929144895168247,-6.368937305235263e-13,1.1946763023296114e-12,-0.1771129990584261
22.350000000000694,0.8929144895168075,-6.361091042935412e-13,1.1930213761335295e-12,-0.17711299905843136
22.360000000000696,0.8929144895167903,-6.353241853487195e-13,1.1917411502082587e-12,-0.1771129990584366
22.370000000000697,0.8929144895167731,-6.345414445924168e-13,1.1901174490347444e-12,-0.1771129990584419
22.3800000000007,0.892914489516756,-6.337568760762142e-13,1.1885978312697887e-12,-0.17711299905844716
22.3900000000007,0.8929144895167389,-6.32968564563847e-13,1.1870331106944576e-12,-0.17711299905845243
22.400000000000702,0.8929144895167219,-6.321802316624417e-13,1.1856106374441566e-12,-0.17711299905845765
22.410000000000704,0.8929144895167049,-6.313921797558649e-13,1.184087550232249e-12,-0.1771129990584629
22.420000000000705,0.892914489516688,-6.306044727297521e-13,1.1825644630203413e-12,-0.17711299905846814
22.430000000000707,0.892914489516671,-6.298154588359316e-13,1.1810379063614818e-12,-0.17711299905847336
22.44000000000071,0.892914489516654,-6.290263176743777e-13,1.1796119636642288e-12,-0.1771129990584786
22.45000000000071,0.892914489516637,-6.28236067472091e-13,1.1780888764523212e-12,-0.17711299905848385
22.46000000000071,0.8929144895166201,-6.274421725149162e-13,1.1765623197934616e-12,-0.17711299905848907
22.470000000000713,0.8929144895166032,-6.266513018201161e-13,1.1751329076492567e-12,-0.17711299905849423
22.480000000000715,0.8929144895165864,-6.258630395428005e-13,1.1736063509903971e-12,-0.17711299905849942
22.490000000000716,0.8929144895165695,-6.250808830400103e-13,1.17235041119379e-12,-0.17711299905850458
22.500000000000718,0.8929144895165526,-6.243040201711331e-13,1.1709556935191046e-12,-0.17711299905850972
22.51000000000072,0.8929144895165357,-6.235302282118512e-13,1.1695609758444192e-12,-0.17711299905851488
22.52000000000072,0.8929144895165189,-6.227566494950288e-13,1.1680274802916557e-12,-0.17711299905852002
22.530000000000722,0.8929144895165021,-6.219855455610978e-13,1.1667715404950485e-12,-0.17711299905852515
22.540000000000724,0.8929144895164853,-6.212190356150956e-13,1.165241514389237e-12,-0.17711299905853028
22.550000000000725,0.8929144895164686,-6.204532113499606e-13,1.163746182752945e-12,-0.17711299905853542
22.560000000000727,0.8929144895164519,-6.196882644815658e-13,1.1624486095929143e-12,-0.17711299905854053
22.57000000000073,0.8929144895164353,-6.189256425700357e-13,1.161050422471277e-12,-0.17711299905854566
22.58000000000073,0.8929144895164185,-6.181664595668151e-13,1.1596522353496397e-12,-0.17711299905855077
22.59000000000073,0.8929144895164018,-6.1741167131802e-13,1.1582922121444739e-12,-0.17711299905855588
22.600000000000733,0.8929144895163852,-6.16659735957516e-13,1.1567587165917104e-12,-0.17711299905856098
22.610000000000735,0.8929144895163686,-6.159083776896298e-13,1.155596451862806e-12,-0.17711299905856606
22.620000000000736,0.8929144895163521,-6.151603517962712e-13,1.1540594868630905e-12,-0.17711299905857114
22.630000000000738,0.8929144895163356,-6.144104665428046e-13,1.1525572163328945e-12,-0.17711299905857622
22.64000000000074,0.892914489516319,-6.136620843132078e-13,1.15139495160399e-12,-0.17711299905858127
22.65000000000074,0.8929144895163025,-6.129206057314895e-13,1.150132072913479e-12,-0.17711299905858635
22.660000000000743,0.8929144895162858,-6.12181391511294e-13,1.148629802383283e-12,-0.17711299905859143
22.670000000000744,0.8929144895162693,-6.114423932006461e-13,1.1472281458146938e-12,-0.1771129990585965
22.680000000000746,0.8929144895162527,-6.107026235351675e-13,1.1457328141784018e-12,-0.17711299905860162
22.690000000000747,0.8929144895162363,-6.099593890486632e-13,1.1443311576098125e-12,-0.17711299905860667
22.70000000000075,0.8929144895162199,-6.092184896772603e-13,1.1428288870796166e-12,-0.17711299905861172
22.71000000000075,0.8929144895162034,-6.084729770274487e-13,1.1414272305110273e-12,-0.1771129990586168
22.720000000000752,0.8929144895161872,-6.077263662740179e-13,1.1401192490101408e-12,-0.17711299905862182
22.730000000000754,0.8929144895161708,-6.069864264199684e-13,1.1387141229945996e-12,-0.17711299905862687
22.740000000000755,0.8929144895161545,-6.062473038727912e-13,1.1372118524644037e-12,-0.1771129990586319
22.750000000000757,0.8929144895161382,-6.055059586675988e-13,1.1358101958958144e-12,-0.17711299905863695
22.76000000000076,0.892914489516122,-6.047643908995245e-13,1.1344085393272252e-12,-0.17711299905864197
22.77000000000076,0.8929144895161057,-6.040231649766982e-13,1.1331352522958582e-12,-0.17711299905864697
22.78000000000076,0.8929144895160895,-6.032821048972854e-13,1.1315878789552869e-12,-0.17711299905865197
22.790000000000763,0.8929144895160732,-6.025430943765713e-13,1.1303180613708719e-12,-0.17711299905865693
22.800000000000765,0.8929144895160571,-6.018060456432122e-13,1.1289094659083787e-12,-0.1771129990586619
22.810000000000766,0.8929144895160409,-6.010683116739723e-13,1.127539034362357e-12,-0.17711299905866693
22.820000000000768,0.8929144895160247,-6.003321679662172e-13,1.1260263554913053e-12,-0.1771129990586719
22.83000000000077,0.8929144895160084,-5.995961557196894e-13,1.1247600073538422e-12,-0.1771129990586769
22.84000000000077,0.8929144895159923,-5.988572007770904e-13,1.1232473284827904e-12,-0.17711299905868186
22.850000000000772,0.8929144895159762,-5.981188152641077e-13,1.1218387330202972e-12,-0.17711299905868683
22.860000000000774,0.8929144895159601,-5.973776319084693e-13,1.1203295235961974e-12,-0.1771129990586918
22.870000000000775,0.892914489515944,-5.966330216568441e-13,1.1188168447251456e-12,-0.17711299905869676
22.880000000000777,0.8929144895159279,-5.958846741531627e-13,1.117442943732172e-12,-0.1771129990587017
22.89000000000078,0.8929144895159119,-5.951395832868548e-13,1.116166187253853e-12,-0.17711299905870664
22.90000000000078,0.8929144895158959,-5.943953507194439e-13,1.114750652897456e-12,-0.17711299905871153
22.91000000000078,0.8929144895158798,-5.93653416882392e-13,1.1131408295117495e-12,-0.17711299905871647
22.920000000000783,0.8929144895158639,-5.929049389563151e-13,1.1117252951553525e-12,-0.1771129990587214
22.930000000000785,0.8929144895158481,-5.921584819379849e-13,1.1103513941623788e-12,-0.17711299905872635
22.940000000000786,0.8929144895158322,-5.914114398138331e-13,1.1089323903590298e-12,-0.17711299905873126
22.950000000000788,0.8929144895158162,-5.906657166489413e-13,1.10742318093493e-12,-0.1771129990587362
22.96000000000079,0.8929144895158004,-5.899163424210222e-13,1.106004177131581e-12,-0.1771129990587411
22.97000000000079,0.8929144895157846,-5.891613070142211e-13,1.1044914982605292e-12,-0.177112999058746
22.980000000000793,0.8929144895157687,-5.883998740609355e-13,1.1028747359809188e-12,-0.17711299905875094
22.990000000000794,0.8929144895157527,-5.876386496594022e-13,1.1015008349879452e-12,-0.17711299905875583
23.000000000000796,0.8929144895157369,-5.868802038507469e-13,1.1002171396157223e-12,-0.1771129990587607
23.010000000000797,0.8929144895157212,-5.861265233005581e-13,1.0988362997288448e-12,-0.1771129990587656
23.0200000000008,0.8929144895157053,-5.853744378091686e-13,1.097316681963889e-12,-0.17711299905877045
23.0300000000008,0.8929144895156896,-5.846219686972353e-13,1.0960295171447143e-12,-0.17711299905877528
23.040000000000802,0.892914489515674,-5.838735219983422e-13,1.0947458217724915e-12,-0.17711299905878009
23.050000000000804,0.8929144895156582,-5.831301973411674e-13,1.09335804299171e-12,-0.17711299905878491
23.060000000000805,0.8929144895156426,-5.823881015034655e-13,1.0919737336578805e-12,-0.17711299905878974
23.070000000000807,0.8929144895156268,-5.816505227135051e-13,1.090589424324051e-12,-0.17711299905879455
23.08000000000081,0.8929144895156113,-5.809126931101425e-13,1.0893057289518282e-12,-0.17711299905879938
23.09000000000081,0.8929144895155957,-5.801839518992699e-13,1.0879144807240948e-12,-0.17711299905880415
23.10000000000081,0.8929144895155801,-5.794565393167811e-13,1.0867591548890942e-12,-0.17711299905880892
23.110000000000813,0.8929144895155646,-5.787314068108965e-13,1.0853679066613608e-12,-0.17711299905881367
23.120000000000815,0.8929144895155491,-5.780113066530844e-13,1.0842125808263603e-12,-0.17711299905881842
23.130000000000816,0.8929144895155336,-5.772955661519806e-13,1.0828213325986269e-12,-0.17711299905882316
23.140000000000818,0.892914489515518,-5.765800830801825e-13,1.0814300843708935e-12,-0.17711299905882794
23.15000000000082,0.8929144895155025,-5.758618753162727e-13,1.079903527712034e-12,-0.17711299905883268
23.16000000000082,0.892914489515487,-5.751401371480294e-13,1.0785157489312525e-12,-0.17711299905883748
23.170000000000822,0.8929144895154715,-5.744161284591388e-13,1.0771210312565671e-12,-0.17711299905884223
23.180000000000824,0.892914489515456,-5.736857442013265e-13,1.0755979440446595e-12,-0.17711299905884703
23.190000000000826,0.8929144895154405,-5.729525468256535e-13,1.074064448491896e-12,-0.17711299905885178
23.200000000000827,0.8929144895154252,-5.722170067925011e-13,1.0726732002641626e-12,-0.17711299905885655
23.21000000000083,0.8929144895154097,-5.714795991531695e-13,1.0712854214833811e-12,-0.1771129990588613
23.22000000000083,0.8929144895153944,-5.707397908166789e-13,1.0697519259306176e-12,-0.17711299905886607
23.23000000000083,0.8929144895153791,-5.700010843210282e-13,1.068457822217539e-12,-0.17711299905887076
23.240000000000833,0.8929144895153638,-5.692622459685654e-13,1.0670596350959016e-12,-0.17711299905887548
23.250000000000835,0.8929144895153486,-5.685242993520938e-13,1.0656614479742643e-12,-0.17711299905888017
23.260000000000836,0.8929144895153333,-5.677899057807904e-13,1.064408977624609e-12,-0.1771129990588849
23.270000000000838,0.892914489515318,-5.670623034830113e-13,1.0631079350176265e-12,-0.1771129990588896
23.28000000000084,0.8929144895153028,-5.663329294221313e-13,1.0617132173429411e-12,-0.17711299905889427
23.29000000000084,0.8929144895152877,-5.656100476917785e-13,1.0604121747359585e-12,-0.17711299905889896
23.300000000000843,0.8929144895152724,-5.648860174379762e-13,1.0589168430996665e-12,-0.17711299905890365
23.310000000000844,0.8929144895152572,-5.641584227082769e-13,1.057383347546903e-12,-0.17711299905890834
23.320000000000846,0.8929144895152421,-5.634255937095549e-13,1.0559782215313618e-12,-0.17711299905891303
23.330000000000847,0.892914489515227,-5.626952528424149e-13,1.0547153428408507e-12,-0.17711299905891764
23.34000000000085,0.892914489515212,-5.619675983023898e-13,1.053414300233868e-12,-0.17711299905892228
23.35000000000085,0.8929144895151969,-5.612418527812495e-13,1.0520091742183268e-12,-0.1771129990589269
23.360000000000852,0.892914489515182,-5.605184336757689e-13,1.0508399705955185e-12,-0.1771129990589315
23.370000000000854,0.892914489515167,-5.597990192821785e-13,1.049299536148851e-12,-0.17711299905893615
23.380000000000855,0.8929144895151522,-5.590803202003268e-13,1.0481338019729947e-12,-0.1771129990589408
23.390000000000857,0.8929144895151371,-5.583609747009792e-13,1.0464962230116726e-12,-0.17711299905894543
23.40000000000086,0.8929144895151222,-5.576361217760807e-13,1.045188241510786e-12,-0.17711299905895006
23.41000000000086,0.8929144895151073,-5.569092784232869e-13,1.0438871989038034e-12,-0.17711299905895467
23.42000000000086,0.8929144895150926,-5.561826741628678e-13,1.0424820728882622e-12,-0.1771129990589593
23.430000000000863,0.8929144895150777,-5.554559678670854e-13,1.0411740913873757e-12,-0.17711299905896388
23.440000000000865,0.8929144895150628,-5.547315357166783e-13,1.0396683514102278e-12,-0.17711299905896846
23.450000000000866,0.8929144895150481,-5.540072401362132e-13,1.038454044977044e-12,-0.17711299905897301
23.460000000000868,0.8929144895150334,-5.532892497094717e-13,1.037184227392629e-12,-0.1771129990589776
23.47000000000087,0.8929144895150187,-5.525753082535412e-13,1.0360150237698207e-12,-0.17711299905898215
23.48000000000087,0.8929144895150039,-5.518655039578713e-13,1.0344641809822974e-12,-0.17711299905898673
23.490000000000872,0.8929144895149891,-5.511540286960033e-13,1.0331978328448344e-12,-0.17711299905899128
23.500000000000874,0.8929144895149744,-5.504401289132935e-13,1.0319210763665154e-12,-0.17711299905899583
23.510000000000876,0.8929144895149597,-5.497264335170323e-13,1.0305090114570703e-12,-0.17711299905900035
23.520000000000877,0.8929144895149449,-5.490166917831585e-13,1.0292357244257033e-12,-0.17711299905900488
23.53000000000088,0.8929144895149304,-5.483089810197478e-13,1.0279589679473844e-12,-0.1771129990590094
23.54000000000088,0.8929144895149157,-5.476034062421368e-13,1.0266787420221135e-12,-0.1771129990590139
23.550000000000882,0.892914489514901,-5.469029544437624e-13,1.0255025995054012e-12,-0.1771129990590184
23.560000000000883,0.8929144895148865,-5.462106877771479e-13,1.0242189041331784e-12,-0.17711299905902286
23.570000000000885,0.8929144895148717,-5.455189515595447e-13,1.022983781018283e-12,-0.1771129990590274
23.580000000000886,0.8929144895148571,-5.448322909179945e-13,1.021710493986916e-12,-0.17711299905903183
23.590000000000888,0.8929144895148425,-5.441497794873908e-13,1.020662721007426e-12,-0.1771129990590363
23.60000000000089,0.8929144895148281,-5.43474222950508e-13,1.019382495082155e-12,-0.17711299905904077
23.61000000000089,0.8929144895148136,-5.428023001973786e-13,1.0181022691568842e-12,-0.1771129990590452
23.620000000000893,0.8929144895147991,-5.421311373595067e-13,1.0167838793151418e-12,-0.17711299905904967
23.630000000000894,0.8929144895147848,-5.414613678627228e-13,1.015500183942919e-12,-0.17711299905905414
23.640000000000896,0.8929144895147704,-5.407920063805937e-13,1.014219958017648e-12,-0.1771129990590586
23.650000000000897,0.8929144895147559,-5.40118669387348e-13,1.0130403460539839e-12,-0.17711299905906305
23.6600000000009,0.8929144895147415,-5.394461251057211e-13,1.011760120128713e-12,-0.17711299905906755
23.6700000000009,0.8929144895147271,-5.387752656672003e-13,1.010479894203442e-12,-0.17711299905907202
23.680000000000902,0.8929144895147126,-5.381007560302345e-13,1.009060890400093e-12,-0.1771129990590765
23.690000000000904,0.8929144895146982,-5.374198213717762e-13,1.0077771950278702e-12,-0.17711299905908093
23.700000000000905,0.8929144895146839,-5.36737273285218e-13,1.0063963551409927e-12,-0.17711299905908537
23.710000000000907,0.8929144895146696,-5.36056506555634e-13,1.0051161292157218e-12,-0.17711299905908978
23.72000000000091,0.8929144895146552,-5.353778901010227e-13,1.0039261089112017e-12,-0.17711299905909417
23.73000000000091,0.8929144895146409,-5.347008085424718e-13,1.0025417995773722e-12,-0.17711299905909858
23.74000000000091,0.8929144895146267,-5.340272481805629e-13,1.0013968820832275e-12,-0.177112999059103
23.750000000000913,0.8929144895146124,-5.333519012801646e-13,1.0002484951421309e-12,-0.17711299905910743
23.760000000000915,0.8929144895145981,-5.326788970278543e-13,9.98961330322956e-13,-0.17711299905911185
23.770000000000916,0.8929144895145837,-5.320051865588115e-13,9.975804904360785e-13,-0.17711299905911626
23.780000000000918,0.8929144895145696,-5.313322936968203e-13,9.962898561699518e-13,-0.17711299905912065
23.79000000000092,0.8929144895145554,-5.306590046876663e-13,9.95006160797729e-13,-0.17711299905912503
23.80000000000092,0.8929144895145413,-5.299886105759432e-13,9.938161404932089e-13,-0.17711299905912942
23.810000000000922,0.8929144895145272,-5.293218805317101e-13,9.925255062270821e-13,-0.17711299905913377
23.820000000000924,0.8929144895145131,-5.286563883747282e-13,9.913736498390335e-13,-0.1771129990591381
23.830000000000926,0.892914489514499,-5.279922090740508e-13,9.901211794893783e-13,-0.17711299905914246
23.840000000000927,0.892914489514485,-5.273317290382785e-13,9.890664676159844e-13,-0.1771129990591468
23.85000000000093,0.8929144895144709,-5.266748827783253e-13,9.877723639029057e-13,-0.17711299905915112
23.86000000000093,0.8929144895144568,-5.260198618270573e-13,9.865198935532504e-13,-0.17711299905915548
23.870000000000932,0.8929144895144427,-5.253671029871368e-13,9.853645677182499e-13,-0.1771129990591598
23.880000000000933,0.8929144895144286,-5.247167874243402e-13,9.840739334521231e-13,-0.17711299905916414
23.890000000000935,0.8929144895144147,-5.240641934073609e-13,9.828214631024679e-13,-0.17711299905916847
23.900000000000936,0.8929144895144008,-5.234104842411058e-13,9.815273593893892e-13,-0.17711299905917283
23.910000000000938,0.8929144895143868,-5.227520781799581e-13,9.802367251232624e-13,-0.17711299905917716
23.92000000000094,0.8929144895143728,-5.220886080034471e-13,9.789460908571357e-13,-0.17711299905918151
23.93000000000094,0.8929144895143588,-5.214210284184191e-13,9.775548426294023e-13,-0.17711299905918584
23.940000000000943,0.8929144895143448,-5.207482510521385e-13,9.761254304851974e-13,-0.1771129990591902
23.950000000000944,0.892914489514331,-5.200727991806127e-13,9.74730712810512e-13,-0.17711299905919453
23.960000000000946,0.892914489514317,-5.193978190490143e-13,9.735719175285595e-13,-0.17711299905919883
23.970000000000947,0.8929144895143031,-5.187201621735541e-13,9.721806693008261e-13,-0.17711299905920314
23.98000000000095,0.8929144895142892,-5.180435630335847e-13,9.709802406554502e-13,-0.1771129990592074
23.99000000000095,0.8929144895142754,-5.173677211618509e-13,9.698249148204496e-13,-0.17711299905921168
24.000000000000952,0.8929144895142617,-5.166953754267732e-13,9.684267276988123e-13,-0.17711299905921596
24.010000000000954,0.8929144895142479,-5.160240644912106e-13,9.671291545387817e-13,-0.17711299905922023
24.020000000000955,0.8929144895142341,-5.153537354279526e-13,9.659703592568292e-13,-0.1771129990592245
24.030000000000957,0.8929144895142206,-5.146838091363064e-13,9.647664611645013e-13,-0.17711299905922875
24.04000000000096,0.8929144895142068,-5.140161925011711e-13,9.63510521367894e-13,-0.17711299905923303
24.05000000000096,0.892914489514193,-5.13347802656994e-13,9.622060093139595e-13,-0.17711299905923727
24.06000000000096,0.8929144895141793,-5.126822974967817e-13,9.610784390545746e-13,-0.17711299905924147
24.070000000000963,0.8929144895141655,-5.120230497038792e-13,9.599161743256701e-13,-0.1771129990592457
24.080000000000965,0.8929144895141519,-5.113657644256959e-13,9.58649826188207e-13,-0.1771129990592499
24.090000000000966,0.8929144895141382,-5.107087848174348e-13,9.574771531184467e-13,-0.17711299905925407
24.100000000000968,0.8929144895141246,-5.100567510668998e-13,9.563530523060138e-13,-0.17711299905925826
24.11000000000097,0.8929144895141109,-5.094046615194897e-13,9.550832347215987e-13,-0.17711299905926245
24.12000000000097,0.8929144895140972,-5.087532217684351e-13,9.538168865841357e-13,-0.17711299905926664
24.130000000000972,0.8929144895140837,-5.081005551386493e-13,9.525470689997206e-13,-0.17711299905927083
24.140000000000974,0.89291448951407,-5.074498896618577e-13,9.512807208622576e-13,-0.17711299905927502
24.150000000000976,0.8929144895140564,-5.067967978373951e-13,9.500213116186984e-13,-0.1771129990592792
24.160000000000977,0.8929144895140427,-5.061393930561705e-13,9.486161856031572e-13,-0.17711299905928343
24.17000000000098,0.8929144895140293,-5.054791060130899e-13,9.474504514273008e-13,-0.17711299905928762
24.18000000000098,0.8929144895140159,-5.048225667243011e-13,9.462777783575405e-13,-0.1771129990592918
24.190000000000982,0.8929144895140024,-5.041675603234841e-13,9.45112044181684e-13,-0.17711299905929598
24.200000000000983,0.892914489513989,-5.035128818216891e-13,9.43838757150317e-13,-0.1771129990593001
24.210000000000985,0.8929144895139756,-5.028629043872485e-13,9.4256547011895e-13,-0.17711299905930428
24.220000000000987,0.8929144895139622,-5.022137165462394e-13,9.414934110107964e-13,-0.17711299905930838
24.230000000000988,0.8929144895139488,-5.015656258220365e-13,9.401229794647747e-13,-0.17711299905931252
24.24000000000099,0.8929144895139354,-5.009188911051009e-13,9.390925537200445e-13,-0.17711299905931668
24.25000000000099,0.8929144895139219,-5.002755977723907e-13,9.378192666886775e-13,-0.17711299905932082
24.260000000000993,0.8929144895139085,-4.996295589427284e-13,9.365459796573106e-13,-0.17711299905932498
24.270000000000994,0.8929144895138952,-4.989815953641723e-13,9.353733065875502e-13,-0.1771129990593291
24.280000000000996,0.8929144895138819,-4.983331483949171e-13,9.341000195561833e-13,-0.17711299905933323
24.290000000000997,0.8929144895138685,-4.976854179811195e-13,9.328267325248163e-13,-0.17711299905933736
24.300000000001,0.8929144895138552,-4.970334297878724e-13,9.315569149404013e-13,-0.17711299905934147
24.310000000001,0.892914489513842,-4.963807915969202e-13,9.304189363401605e-13,-0.17711299905934552
24.320000000001002,0.8929144895138288,-4.957329204310575e-13,9.291352409679376e-13,-0.17711299905934963
24.330000000001004,0.8929144895138155,-4.950865905886565e-13,9.280007318146488e-13,-0.1771129990593537
24.340000000001005,0.892914489513802,-4.944418862444505e-13,9.267621392528014e-13,-0.1771129990593578
24.350000000001007,0.8929144895137887,-4.938015168742028e-13,9.256276300995125e-13,-0.17711299905936187
24.36000000000101,0.8929144895137755,-4.931612378020005e-13,9.244896514992718e-13,-0.17711299905936598
24.37000000000101,0.8929144895137624,-4.925246736434634e-13,9.23344734005127e-13,-0.17711299905937
24.38000000000101,0.8929144895137493,-4.918935758990538e-13,9.22303899919541e-13,-0.17711299905937405
24.390000000001013,0.8929144895137362,-4.912662212074352e-13,9.211659213193002e-13,-0.17711299905937816
24.400000000001015,0.8929144895137231,-4.906403637289402e-13,9.198926342879332e-13,-0.17711299905938221
24.410000000001016,0.8929144895137101,-4.900141253937563e-13,9.18709552877317e-13,-0.17711299905938627
24.420000000001018,0.8929144895136971,-4.893896411334296e-13,9.175681048301243e-13,-0.17711299905939035
24.43000000000102,0.892914489513684,-4.887679970127159e-13,9.162913483518054e-13,-0.17711299905939443
24.44000000000102,0.8929144895136709,-4.88142119568008e-13,9.151499003046126e-13,-0.17711299905939845
24.450000000001022,0.8929144895136577,-4.875193422480073e-13,9.140084522574199e-13,-0.17711299905940253
24.460000000001024,0.8929144895136447,-4.86900113941864e-13,9.128670042102272e-13,-0.17711299905940656
24.470000000001026,0.8929144895136317,-4.862835461483985e-13,9.118608645941606e-13,-0.17711299905941055
24.480000000001027,0.8929144895136187,-4.856733037733092e-13,9.10715947100016e-13,-0.1771129990594146
24.49000000000103,0.8929144895136057,-4.85063349872151e-13,9.095710296058712e-13,-0.17711299905941863
24.50000000000103,0.8929144895135928,-4.844556480187372e-13,9.084295815586785e-13,-0.17711299905942265
24.510000000001032,0.8929144895135799,-4.838410197298042e-13,9.072811946175818e-13,-0.17711299905942668
24.520000000001033,0.892914489513567,-4.832243626920389e-13,9.05997499245359e-13,-0.17711299905943068
24.530000000001035,0.8929144895135539,-4.826066337444232e-13,9.047554372365596e-13,-0.17711299905943467
24.540000000001037,0.8929144895135409,-4.81987621820332e-13,9.036139891893669e-13,-0.17711299905943872
24.550000000001038,0.892914489513528,-4.813666691591707e-13,9.02330293817144e-13,-0.17711299905944272
24.56000000000104,0.8929144895135152,-4.807473349754343e-13,9.012270096864228e-13,-0.17711299905944675
24.57000000000104,0.8929144895135024,-4.801291329032748e-13,9.002104617295004e-13,-0.1771129990594507
24.580000000001043,0.8929144895134896,-4.795186373687596e-13,8.991592193030584e-13,-0.17711299905945463
24.590000000001044,0.8929144895134767,-4.789133881716982e-13,8.982849186711661e-13,-0.17711299905945857
24.600000000001046,0.8929144895134641,-4.783180673437043e-13,8.972683707142437e-13,-0.17711299905946246
24.610000000001047,0.8929144895134514,-4.777309207424031e-13,8.96348967271976e-13,-0.17711299905946637
24.62000000000105,0.8929144895134388,-4.771514842212928e-13,8.953289498681016e-13,-0.17711299905947026
24.63000000000105,0.8929144895134259,-4.765767932014009e-13,8.940799489653983e-13,-0.1771129990594742
24.640000000001052,0.8929144895134131,-4.760004780441694e-13,8.93205648333506e-13,-0.1771129990594781
24.650000000001054,0.8929144895134005,-4.754269014588713e-13,8.920468530515535e-13,-0.17711299905948202
24.660000000001055,0.8929144895133878,-4.748589211166127e-13,8.912662274873639e-13,-0.1771129990594859
24.670000000001057,0.892914489513375,-4.742966463883186e-13,8.901109016523634e-13,-0.17711299905948982
24.68000000000106,0.8929144895133624,-4.737336367938695e-13,8.889937397338343e-13,-0.1771129990594937
24.69000000000106,0.8929144895133497,-4.731700494189616e-13,8.879806612238639e-13,-0.17711299905949762
24.70000000000106,0.8929144895133372,-4.726093541511795e-13,8.869606438199895e-13,-0.17711299905950148
24.710000000001063,0.8929144895133245,-4.720512002789857e-13,8.859440958630671e-13,-0.17711299905950537
24.720000000001065,0.892914489513312,-4.71494736382405e-13,8.847853005811146e-13,-0.17711299905950925
24.730000000001066,0.8929144895132994,-4.709347921205762e-13,8.836265052991621e-13,-0.17711299905951317
24.740000000001068,0.8929144895132868,-4.70366304949827e-13,8.822803598818041e-13,-0.17711299905951708
24.75000000000107,0.892914489513274,-4.697892149632341e-13,8.811250340468035e-13,-0.17711299905952102
24.76000000000107,0.8929144895132615,-4.692039172263287e-13,8.798725636971483e-13,-0.17711299905952493
24.770000000001072,0.8929144895132489,-4.686141965829231e-13,8.787172378621477e-13,-0.17711299905952882
24.780000000001074,0.8929144895132364,-4.680246504870287e-13,8.775966064966667e-13,-0.17711299905953268
24.790000000001076,0.8929144895132238,-4.674328988908948e-13,8.765765890927923e-13,-0.17711299905953654
24.800000000001077,0.8929144895132115,-4.668448331655259e-13,8.75553102241966e-13,-0.17711299905954037
24.81000000000108,0.8929144895131992,-4.662645934124575e-13,8.746267599057944e-13,-0.17711299905954422
24.82000000000108,0.8929144895131867,-4.656902426135804e-13,8.735026590933614e-13,-0.17711299905954805
24.830000000001082,0.8929144895131744,-4.651175724198695e-13,8.724826416894871e-13,-0.17711299905955188
24.840000000001083,0.892914489513162,-4.64542674613465e-13,8.713238464075346e-13,-0.17711299905955574
24.850000000001085,0.8929144895131494,-4.639632912048133e-13,8.701026010804469e-13,-0.1771129990595596
24.860000000001087,0.8929144895131371,-4.633836243933147e-13,8.689438057984944e-13,-0.17711299905956343
24.870000000001088,0.8929144895131248,-4.628061834282172e-13,8.679203189476681e-13,-0.17711299905956726
24.88000000000109,0.8929144895131125,-4.622291544829848e-13,8.668933626498898e-13,-0.1771129990595711
24.89000000000109,0.8929144895131,-4.616514837689745e-13,8.657762007313607e-13,-0.17711299905957495
24.900000000001093,0.8929144895130877,-4.610728490739982e-13,8.645133220408496e-13,-0.17711299905957878
24.910000000001094,0.8929144895130755,-4.604931302149285e-13,8.63586979704678e-13,-0.17711299905958258
24.920000000001096,0.8929144895130632,-4.599157388393156e-13,8.625600234068997e-13,-0.17711299905958638
24.930000000001098,0.892914489513051,-4.593377235676576e-13,8.614359225944668e-13,-0.1771129990595902
24.9400000000011,0.8929144895130388,-4.587660299888106e-13,8.604054968497366e-13,-0.177112999059594
24.9500000000011,0.8929144895130263,-4.581950591067094e-13,8.592813960373036e-13,-0.17711299905959776
24.960000000001102,0.8929144895130141,-4.576199181884973e-13,8.581538257779187e-13,-0.17711299905960157
24.970000000001104,0.8929144895130018,-4.570443949514312e-13,8.570262555185337e-13,-0.1771129990596053
24.980000000001105,0.8929144895129896,-4.564677762349184e-13,8.558986852591488e-13,-0.17711299905960912
24.990000000001107,0.8929144895129774,-4.558897265635889e-13,8.547711149997639e-13,-0.17711299905961292
25.00000000000111,0.8929144895129651,-4.553104307541296e-13,8.537441587019856e-13,-0.17711299905961664
25.01000000000111,0.8929144895129532,-4.5473499650183207e-13,8.527137329572554e-13,-0.17711299905962039
25.02000000000111,0.8929144895129412,-4.541633374789446e-13,8.516798377655732e-13,-0.17711299905962413
25.030000000001113,0.8929144895129291,-4.5359303352077176e-13,8.505487980592363e-13,-0.17711299905962785
25.040000000001115,0.8929144895129171,-4.5302188798513123e-13,8.49379594436428e-13,-0.17711299905963165
25.050000000001116,0.8929144895129049,-4.524474725266594e-13,8.482138602605716e-13,-0.17711299905963546
25.060000000001118,0.8929144895128929,-4.5186728056607124e-13,8.470862900011866e-13,-0.1771129990596392
25.07000000000112,0.8929144895128809,-4.5128410152337605e-13,8.459170863783783e-13,-0.17711299905964298
25.08000000000112,0.8929144895128688,-4.5069554475453254e-13,8.446472687939632e-13,-0.17711299905964673
25.090000000001123,0.8929144895128568,-4.5010672692326784e-13,8.436133736022811e-13,-0.17711299905965044
25.100000000001124,0.8929144895128448,-4.4951559258112616e-13,8.42347025464818e-13,-0.1771129990596542
25.110000000001126,0.8929144895128328,-4.4892284763002955e-13,8.413096608261839e-13,-0.1771129990596579
25.120000000001127,0.8929144895128209,-4.4833404598100283e-13,8.40175151672895e-13,-0.1771129990596616
25.13000000000113,0.8929144895128089,-4.4774920648469723e-13,8.391447259281648e-13,-0.17711299905966535
25.14000000000113,0.8929144895127971,-4.4716680621353764e-13,8.381108307364826e-13,-0.17711299905966907
25.150000000001132,0.8929144895127851,-4.465822572630672e-13,8.369381576667223e-13,-0.1771129990596728
25.160000000001133,0.8929144895127731,-4.4599617144737714e-13,8.357099734457307e-13,-0.1771129990596765
25.170000000001135,0.8929144895127612,-4.454013541756099e-13,8.344366864143637e-13,-0.17711299905968023
25.180000000001137,0.8929144895127492,-4.448082167008423e-13,8.335346302068558e-13,-0.17711299905968392
25.190000000001138,0.8929144895127373,-4.4421490846351597e-13,8.321607292138822e-13,-0.17711299905968758
25.20000000000114,0.8929144895127253,-4.4362095862428314e-13,8.312656119002781e-13,-0.17711299905969127
25.21000000000114,0.8929144895127135,-4.4302664020893286e-13,8.300270193384307e-13,-0.17711299905969496
25.220000000001143,0.8929144895127017,-4.424295358088771e-13,8.28882101844286e-13,-0.1771129990596986
25.230000000001144,0.89291448951269,-4.418367094738668e-13,8.278412677586999e-13,-0.1771129990597022
25.240000000001146,0.8929144895126783,-4.412494376159283e-13,8.2693574210424e-13,-0.1771129990597058
25.250000000001148,0.8929144895126666,-4.4066802863747605e-13,8.259296024881735e-13,-0.17711299905970943
25.26000000000115,0.8929144895126548,-4.4009359286541036e-13,8.250240768337136e-13,-0.17711299905971303
25.27000000000115,0.8929144895126432,-4.3952463978887805e-13,8.238791593395689e-13,-0.17711299905971664
25.280000000001152,0.8929144895126314,-4.389588282405719e-13,8.22973633685109e-13,-0.17711299905972025
25.290000000001154,0.8929144895126198,-4.383984942683203e-13,8.219744329629464e-13,-0.17711299905972389
25.300000000001155,0.892914489512608,-4.3783608942989193e-13,8.206907375907235e-13,-0.1771129990597275
25.310000000001157,0.8929144895125963,-4.3726944898886853e-13,8.196915368685609e-13,-0.17711299905973116
25.32000000000116,0.8929144895125847,-4.367021276341182e-13,8.186437638890709e-13,-0.17711299905973474
25.33000000000116,0.892914489512573,-4.361382895969692e-13,8.174988463949262e-13,-0.17711299905973835
25.34000000000116,0.8929144895125615,-4.355743563603458e-13,8.165933207404663e-13,-0.17711299905974193
25.350000000001163,0.8929144895125498,-4.350179163001269e-13,8.155871811243998e-13,-0.17711299905974554
25.360000000001165,0.8929144895125383,-4.3446138536514003e-13,8.145394081449098e-13,-0.1771129990597491
25.370000000001166,0.8929144895125266,-4.3390444133579345e-13,8.135297990818913e-13,-0.1771129990597527
25.380000000001168,0.8929144895125151,-4.3334699110039444e-13,8.122495731566204e-13,-0.17711299905975628
25.39000000000117,0.8929144895125034,-4.327855251848619e-13,8.112399640936019e-13,-0.17711299905975986
25.40000000000117,0.8929144895124919,-4.3222137977666813e-13,8.100950465994572e-13,-0.17711299905976347
25.410000000001173,0.8929144895124802,-4.3165497788049404e-13,8.089535985522645e-13,-0.17711299905976705
25.420000000001174,0.8929144895124687,-4.310835256967918e-13,8.077080670965131e-13,-0.17711299905977065
25.430000000001176,0.8929144895124571,-4.3050850018816243e-13,8.065631496023684e-13,-0.1771129990597742
25.440000000001177,0.8929144895124456,-4.2993277188427443e-13,8.054112932143198e-13,-0.17711299905977776
25.45000000000118,0.8929144895124342,-4.2935244001928637e-13,8.043982147043494e-13,-0.17711299905978128
25.46000000000118,0.8929144895124228,-4.287722204562271e-13,8.033851361943789e-13,-0.1771129990597848
25.470000000001182,0.8929144895124115,-4.28191798169249e-13,8.022332798063303e-13,-0.1771129990597883
25.480000000001183,0.8929144895124,-4.2761771625789787e-13,8.013208152579665e-13,-0.17711299905979183
25.490000000001185,0.8929144895123886,-4.270470646560386e-13,8.002071227863894e-13,-0.17711299905979536
25.500000000001187,0.8929144895123773,-4.2647583373516735e-13,7.991524109129955e-13,-0.17711299905979888
25.510000000001188,0.8929144895123658,-4.2590513917583613e-13,7.979970850779949e-13,-0.17711299905980238
25.52000000000119,0.8929144895123544,-4.2533366196849416e-13,7.968833926064178e-13,-0.1771129990598059
25.53000000000119,0.8929144895123431,-4.2476180954703785e-13,7.957315362183692e-13,-0.17711299905980943
25.540000000001193,0.8929144895123318,-4.2418902008761156e-13,7.947184577083988e-13,-0.17711299905981293
25.550000000001194,0.8929144895123206,-4.2361737617963984e-13,7.935631318733982e-13,-0.1771129990598164
25.560000000001196,0.8929144895123092,-4.230447374228622e-13,7.925084200000043e-13,-0.17711299905981995
25.570000000001198,0.8929144895122979,-4.2246651064067325e-13,7.913600330589077e-13,-0.17711299905982342
25.5800000000012,0.8929144895122867,-4.2188842143438035e-13,7.901040932623005e-13,-0.17711299905982691
25.5900000000012,0.8929144895122754,-4.213081941256677e-13,7.8909101475233e-13,-0.1771129990598304
25.600000000001202,0.892914489512264,-4.207279015060591e-13,7.879322194703775e-13,-0.1771129990598339
25.610000000001204,0.8929144895122528,-4.201435078173178e-13,7.86776893635377e-13,-0.1771129990598374
25.620000000001205,0.8929144895122415,-4.1955859064468076e-13,7.857638151254065e-13,-0.1771129990598409
25.630000000001207,0.8929144895122302,-4.189756819076485e-13,7.845078753287993e-13,-0.1771129990598444
25.64000000000121,0.892914489512219,-4.183903835161989e-13,7.833941828572222e-13,-0.17711299905984787
25.65000000000121,0.8929144895122078,-4.178020716866517e-13,7.822388570222216e-13,-0.17711299905985134
25.66000000000121,0.8929144895121965,-4.17210610630165e-13,7.810835311872211e-13,-0.1771129990598548
25.670000000001213,0.8929144895121854,-4.166190269602958e-13,7.800600443363948e-13,-0.17711299905985828
25.680000000001215,0.8929144895121742,-4.160290270353535e-13,7.789394129709137e-13,-0.17711299905986172
25.690000000001216,0.8929144895121631,-4.154437200499452e-13,7.779159261200874e-13,-0.17711299905986513
25.700000000001218,0.8929144895121521,-4.148617120240269e-13,7.768959087162131e-13,-0.17711299905986855
25.71000000000122,0.8929144895121411,-4.142823228680395e-13,7.757301745403566e-13,-0.17711299905987193
25.72000000000122,0.89291448951213,-4.1370410676116853e-13,7.745713792584041e-13,-0.17711299905987538
25.730000000001223,0.892914489512119,-4.13121174657202e-13,7.734472784459712e-13,-0.1771129990598788
25.740000000001224,0.892914489512108,-4.1253983173587625e-13,7.724619555116163e-13,-0.17711299905988218
25.750000000001226,0.8929144895120968,-4.119623014718625e-13,7.715356131754447e-13,-0.17711299905988556
25.760000000001227,0.8929144895120859,-4.1138825505385476e-13,7.704080429160598e-13,-0.17711299905988892
25.77000000000123,0.8929144895120749,-4.108205617871447e-13,7.693810866182815e-13,-0.1771129990598923
25.78000000000123,0.892914489512064,-4.102560795217794e-13,7.684929081985814e-13,-0.17711299905989566
25.790000000001232,0.892914489512053,-4.0969919418413e-13,7.674659519008031e-13,-0.17711299905989902
25.800000000001234,0.892914489512042,-4.0914298673358063e-13,7.664806289664483e-13,-0.17711299905990244
25.810000000001235,0.892914489512031,-4.085909303588638e-13,7.654502032217181e-13,-0.1771129990599058
25.820000000001237,0.8929144895120202,-4.080400820262964e-13,7.64558555355066e-13,-0.17711299905990913
25.830000000001238,0.8929144895120092,-4.0749300823534225e-13,7.63434454542633e-13,-0.17711299905991248
25.84000000000124,0.8929144895119983,-4.069447372515472e-13,7.624456621613263e-13,-0.17711299905991587
25.85000000000124,0.8929144895119873,-4.063944112905954e-13,7.61415236416596e-13,-0.17711299905991923
25.860000000001243,0.8929144895119763,-4.0584536561573666e-13,7.602911356041631e-13,-0.1771129990599226
25.870000000001244,0.8929144895119655,-4.0529602430891466e-13,7.592954043289524e-13,-0.17711299905992592
25.880000000001246,0.8929144895119546,-4.0474985138987026e-13,7.583655925458288e-13,-0.1771129990599293
25.890000000001248,0.8929144895119439,-4.042098960880056e-13,7.574774141261287e-13,-0.1771129990599326
25.90000000000125,0.8929144895119331,-4.036785435194279e-13,7.564851522978699e-13,-0.17711299905993594
25.91000000000125,0.8929144895119223,-4.0314919859643116e-13,7.555518710677944e-13,-0.17711299905993924
25.920000000001252,0.8929144895119118,-4.0262198460759496e-13,7.546498148602865e-13,-0.17711299905994252
25.930000000001254,0.8929144895119012,-4.0210365831692287e-13,7.539871504924633e-13,-0.17711299905994576
25.940000000001255,0.8929144895118907,-4.0159580811197425e-13,7.53189177693514e-13,-0.177112999059949
25.950000000001257,0.89291448951188,-4.0109752717408956e-13,7.52290590932958e-13,-0.1771129990599523
25.96000000000126,0.8929144895118694,-4.006014674240037e-13,7.513885347254501e-13,-0.17711299905995556
25.97000000000126,0.8929144895118587,-4.001078626537887e-13,7.504899479648941e-13,-0.1771129990599588
25.98000000000126,0.892914489511848,-3.996133995470814e-13,7.494560527732119e-13,-0.1771129990599621
25.990000000001263,0.8929144895118375,-3.9911878076284295e-13,7.486962438907341e-13,-0.17711299905996536
26.000000000001265,0.892914489511827,-3.986264050892495e-13,7.477941876832261e-13,-0.1771129990599686
26.010000000001266,0.8929144895118164,-3.981376143115016e-13,7.469927454373249e-13,-0.17711299905997185
26.020000000001268,0.8929144895118059,-3.976533385485089e-13,7.460941586767689e-13,-0.17711299905997513
26.03000000000127,0.8929144895117953,-3.971701414343311e-13,7.451921024692609e-13,-0.17711299905997838
26.04000000000127,0.8929144895117848,-3.966858314961787e-13,7.441512683836748e-13,-0.1771129990599816
26.050000000001273,0.8929144895117742,-3.9620190786043256e-13,7.432561510700708e-13,-0.17711299905998484
26.060000000001274,0.8929144895117638,-3.957159161234349e-13,7.423540948625629e-13,-0.1771129990599881
26.070000000001276,0.8929144895117533,-3.952335578431552e-13,7.415491831697096e-13,-0.1771129990599913
26.080000000001277,0.8929144895117429,-3.9475088887245825e-13,7.40546513000595e-13,-0.17711299905999456
26.09000000000128,0.8929144895117324,-3.942657506004769e-13,7.395473122784324e-13,-0.1771129990599978
26.10000000000128,0.8929144895117218,-3.9377658939791994e-13,7.385099476397983e-13,-0.17711299906000108
26.110000000001282,0.8929144895117113,-3.9328281436605234e-13,7.375107469176356e-13,-0.1771129990600043
26.120000000001284,0.8929144895117008,-3.927841679538539e-13,7.364664433850976e-13,-0.17711299906000752
26.130000000001285,0.8929144895116904,-3.9228434925352686e-13,7.355678566245416e-13,-0.17711299906001074
26.140000000001287,0.89291448951168,-3.9178765231914953e-13,7.348045782951118e-13,-0.177112999060014
26.150000000001288,0.8929144895116695,-3.9129401624023617e-13,7.336631302479191e-13,-0.1771129990600172
26.16000000000129,0.8929144895116591,-3.9079908575147386e-13,7.327610740404111e-13,-0.17711299906002043
26.17000000000129,0.8929144895116488,-3.9029974220219686e-13,7.31723709401777e-13,-0.1771129990600237
26.180000000001293,0.8929144895116384,-3.8979585171832615e-13,7.307210392326624e-13,-0.1771129990600269
26.190000000001294,0.8929144895116282,-3.8929396962674336e-13,7.299091886459053e-13,-0.17711299906003009
26.200000000001296,0.892914489511618,-3.887978178396972e-13,7.29104276953052e-13,-0.17711299906003325
26.210000000001298,0.8929144895116077,-3.8830510452189206e-13,7.279628289058593e-13,-0.17711299906003647
26.2200000000013,0.8929144895115974,-3.878108899301238e-13,7.270607726983513e-13,-0.17711299906003966
26.2300000000013,0.892914489511587,-3.873154607999297e-13,7.261517775969395e-13,-0.17711299906004288
26.240000000001302,0.8929144895115767,-3.8681693747915974e-13,7.251525768747769e-13,-0.1771129990600461
26.250000000001304,0.8929144895115665,-3.863186530010107e-13,7.241048038952869e-13,-0.17711299906004926
26.260000000001305,0.8929144895115563,-3.8581839047827707e-13,7.232964227554817e-13,-0.17711299906005243
26.270000000001307,0.8929144895115461,-3.853201690926762e-13,7.222937525863671e-13,-0.17711299906005565
26.28000000000131,0.8929144895115358,-3.8482042380396556e-13,7.213882269319072e-13,-0.1771129990600588
26.29000000000131,0.8929144895115257,-3.843200534889342e-13,7.203404539524172e-13,-0.17711299906006198
26.30000000000131,0.8929144895115155,-3.838194249111216e-13,7.193343143363506e-13,-0.1771129990600652
26.310000000001313,0.8929144895115054,-3.8331828843428667e-13,7.185259331965455e-13,-0.17711299906006833
26.320000000001315,0.8929144895114953,-3.828179133669272e-13,7.176169380951336e-13,-0.17711299906007147
26.330000000001316,0.8929144895114852,-3.823243651387095e-13,7.168432514248479e-13,-0.1771129990600746
26.340000000001318,0.892914489511475,-3.818351151899325e-13,7.158336423618294e-13,-0.17711299906007774
26.35000000000132,0.8929144895114648,-3.8134514123394e-13,7.149246472604176e-13,-0.1771129990600809
26.36000000000132,0.8929144895114546,-3.808543625416311e-13,7.139115687504471e-13,-0.17711299906008407
26.370000000001323,0.8929144895114445,-3.803616223569554e-13,7.130025736490353e-13,-0.17711299906008718
26.380000000001324,0.8929144895114344,-3.7986629166029313e-13,7.12128273017143e-13,-0.17711299906009031
26.390000000001326,0.8929144895114243,-3.793733586607812e-13,7.112192779157311e-13,-0.17711299906009345
26.400000000001327,0.8929144895114142,-3.7888016568214523e-13,7.102096688527126e-13,-0.17711299906009656
26.41000000000133,0.8929144895114041,-3.783869248822831e-13,7.09432512735475e-13,-0.17711299906009972
26.42000000000133,0.892914489511394,-3.778940990435833e-13,7.084263731194085e-13,-0.17711299906010283
26.430000000001332,0.892914489511384,-3.7740215892499135e-13,7.075104391240927e-13,-0.17711299906010597
26.440000000001334,0.892914489511374,-3.7691304609632466e-13,7.066985885373356e-13,-0.17711299906010905
26.450000000001335,0.892914489511364,-3.764314499596382e-13,7.058208184584913e-13,-0.17711299906011213
26.460000000001337,0.8929144895113541,-3.759543983339623e-13,7.050367234473498e-13,-0.17711299906011516
26.47000000000134,0.8929144895113442,-3.754850559851024e-13,7.043532423978149e-13,-0.17711299906011818
26.48000000000134,0.8929144895113341,-3.75023690638227e-13,7.034720028720187e-13,-0.17711299906012123
26.49000000000134,0.8929144895113241,-3.7456236847199666e-13,7.025595383236549e-13,-0.1771129990601243
26.500000000001343,0.8929144895113142,-3.7409747002331545e-13,7.016782987978587e-13,-0.17711299906012737
26.510000000001344,0.8929144895113044,-3.736341575265394e-13,7.00755425908639e-13,-0.17711299906013042
26.520000000001346,0.8929144895112945,-3.731706913159047e-13,6.999782697914014e-13,-0.17711299906013347
26.530000000001348,0.8929144895112846,-3.7270913439949673e-13,6.990588663491337e-13,-0.17711299906013653
26.54000000000135,0.8929144895112747,-3.722468968479734e-13,6.982817102318961e-13,-0.17711299906013958
26.55000000000135,0.8929144895112648,-3.717835493273516e-13,6.972616928280218e-13,-0.17711299906014263
26.560000000001352,0.892914489511255,-3.7131673325074483e-13,6.96345758832706e-13,-0.17711299906014571
26.570000000001354,0.8929144895112452,-3.7085014165896936e-13,6.954645193069098e-13,-0.1771129990601487
26.580000000001355,0.8929144895112354,-3.7038468548363857e-13,6.944445019030354e-13,-0.17711299906015177
26.590000000001357,0.8929144895112257,-3.699213475165506e-13,6.936638763388459e-13,-0.1771129990601548
26.60000000000136,0.8929144895112159,-3.694563678900602e-13,6.927410034496262e-13,-0.17711299906015784
26.61000000000136,0.892914489511206,-3.689904117734779e-13,6.917244554927038e-13,-0.1771129990601609
26.62000000000136,0.8929144895111961,-3.685182920248741e-13,6.907079075357814e-13,-0.17711299906016395
26.630000000001363,0.8929144895111862,-3.6803812696155193e-13,6.89687890131907e-13,-0.17711299906016698
26.640000000001365,0.8929144895111765,-3.675544659345344e-13,6.887650172426873e-13,-0.17711299906017003
26.650000000001366,0.8929144895111667,-3.670694118793274e-13,6.877831637552845e-13,-0.177112999060173
26.660000000001368,0.8929144895111569,-3.665832744193629e-13,6.868602908660648e-13,-0.17711299906017602
26.67000000000137,0.8929144895111472,-3.660937871405778e-13,6.8587496793171e-13,-0.17711299906017902
26.68000000000137,0.8929144895111374,-3.6560393744275867e-13,6.850908729205685e-13,-0.17711299906018202
26.690000000001373,0.8929144895111276,-3.651148203704524e-13,6.841090194331656e-13,-0.17711299906018502
26.700000000001374,0.892914489511118,-3.646235594583586e-13,6.83182677096994e-13,-0.17711299906018801
26.710000000001376,0.8929144895111083,-3.641355054399904e-13,6.822979681242458e-13,-0.17711299906019098
26.720000000001377,0.8929144895110985,-3.636514872080078e-13,6.814097897045457e-13,-0.17711299906019398
26.73000000000138,0.8929144895110889,-3.631703121754946e-13,6.806222252464522e-13,-0.17711299906019698
26.74000000000138,0.8929144895110793,-3.6269553224387084e-13,6.797340468267521e-13,-0.17711299906019992
26.750000000001382,0.8929144895110697,-3.622269955034739e-13,6.788528073009559e-13,-0.1771129990602029
26.760000000001384,0.8929144895110601,-3.6175840403117404e-13,6.780583039489585e-13,-0.17711299906020583
26.770000000001385,0.8929144895110506,-3.6129498286825353e-13,6.773089034073365e-13,-0.1771129990602088
26.780000000001387,0.8929144895110409,-3.608334152183182e-13,6.764172555406844e-13,-0.17711299906021177
26.79000000000139,0.8929144895110314,-3.603708118108173e-13,6.756331605295429e-13,-0.17711299906021474
26.80000000000139,0.8929144895110218,-3.599127713741568e-13,6.747449821098428e-13,-0.1771129990602177
26.81000000000139,0.8929144895110123,-3.5945521428369294e-13,6.738568036901427e-13,-0.17711299906022065
26.820000000001393,0.8929144895110027,-3.589995609894391e-13,6.731074031485207e-13,-0.17711299906022362
26.830000000001395,0.8929144895109933,-3.585438414181272e-13,6.723163692434753e-13,-0.17711299906022654
26.840000000001396,0.8929144895109838,-3.580918411195101e-13,6.714247213768232e-13,-0.17711299906022948
26.850000000001398,0.8929144895109743,-3.5764403433296524e-13,6.708106292663274e-13,-0.1771129990602324
26.8600000000014,0.8929144895109649,-3.572041626409341e-13,6.7001612591433e-13,-0.17711299906023528
26.8700000000014,0.8929144895109554,-3.567672340620815e-13,6.693048892891795e-13,-0.1771129990602382
26.880000000001402,0.8929144895109459,-3.563375510775705e-13,6.684097719755755e-13,-0.17711299906024114
26.890000000001404,0.8929144895109362,-3.5590642269025995e-13,6.676569019870016e-13,-0.17711299906024405
26.900000000001405,0.8929144895109268,-3.5547513835306185e-13,6.667652541203495e-13,-0.177112999060247
26.910000000001407,0.8929144895109173,-3.5503963214457393e-13,6.660158535787275e-13,-0.17711299906024994
26.92000000000141,0.8929144895109079,-3.5460429584007465e-13,6.651242057120754e-13,-0.17711299906025288
26.93000000000141,0.8929144895108985,-3.5416798139251507e-13,6.642741912088468e-13,-0.17711299906025582
26.94000000000141,0.892914489510889,-3.537284723187872e-13,6.633860127891467e-13,-0.17711299906025874
26.950000000001413,0.8929144895108795,-3.5328588596165434e-13,6.624943649224946e-13,-0.1771129990602617
26.960000000001415,0.8929144895108702,-3.5284459924086147e-13,6.617380254869687e-13,-0.1771129990602646
26.970000000001416,0.8929144895108608,-3.524040234894087e-13,6.609851554983948e-13,-0.1771129990602675
26.980000000001418,0.8929144895108515,-3.5196511141628835e-13,6.600935076317427e-13,-0.17711299906027045
26.99000000000142,0.8929144895108422,-3.51529306939906e-13,6.593024737266973e-13,-0.17711299906027334
27.00000000000142,0.8929144895108329,-3.5109428287935554e-13,6.585461342911714e-13,-0.17711299906027628
27.010000000001423,0.8929144895108234,-3.5065922802527253e-13,6.577932643025974e-13,-0.1771129990602792
27.020000000001424,0.8929144895108141,-3.502254024943802e-13,6.568044719212907e-13,-0.17711299906028208
27.030000000001426,0.8929144895108049,-3.4979165540739024e-13,6.561418075534675e-13,-0.177112999060285
27.040000000001427,0.8929144895107957,-3.4936055572412826e-13,6.553889375648936e-13,-0.1771129990602879
27.05000000000143,0.8929144895107864,-3.4893115722526136e-13,6.544938202512895e-13,-0.17711299906029077
27.06000000000143,0.8929144895107771,-3.4850170136216235e-13,6.537374808157637e-13,-0.17711299906029368
27.070000000001432,0.8929144895107679,-3.480742945124089e-13,6.529776719332858e-13,-0.17711299906029654
27.080000000001434,0.8929144895107587,-3.4765054399969656e-13,6.522213324977599e-13,-0.1771129990602994
27.090000000001435,0.8929144895107495,-3.4723208089848784e-13,6.51464993062234e-13,-0.17711299906030226
27.100000000001437,0.8929144895107403,-3.468169584675892e-13,6.50798859247459e-13,-0.17711299906030512
27.11000000000144,0.8929144895107312,-3.464028049511347e-13,6.500390503649811e-13,-0.17711299906030795
27.12000000000144,0.892914489510722,-3.459901847583933e-13,6.492757720355513e-13,-0.17711299906031078
27.13000000000144,0.892914489510713,-3.4557976022500183e-13,6.48477799236602e-13,-0.17711299906031364
27.140000000001443,0.8929144895107037,-3.4517016316508303e-13,6.477179903541241e-13,-0.17711299906031647
27.150000000001445,0.8929144895106946,-3.447606855031594e-13,6.469547120246943e-13,-0.1771129990603193
27.160000000001446,0.8929144895106855,-3.443503515371247e-13,6.460561252641384e-13,-0.17711299906032216
27.170000000001448,0.8929144895106764,-3.4394038411601403e-13,6.452997858286125e-13,-0.177112999060325
27.18000000000145,0.8929144895106672,-3.435276661513726e-13,6.44439362984528e-13,-0.17711299906032782
27.19000000000145,0.8929144895106581,-3.4311305403018145e-13,6.435754706934915e-13,-0.17711299906033068
27.200000000001452,0.892914489510649,-3.4269561524850245e-13,6.428156618110137e-13,-0.1771129990603335
27.210000000001454,0.8929144895106398,-3.4227761290379446e-13,6.420558529285358e-13,-0.17711299906033637
27.220000000001455,0.8929144895106307,-3.41856737493795e-13,6.41296044046058e-13,-0.1771129990603392
27.230000000001457,0.8929144895106216,-3.414346260647157e-13,6.402933738769434e-13,-0.17711299906034203
27.24000000000146,0.8929144895106126,-3.4100970268076933e-13,6.395335649944656e-13,-0.17711299906034486
27.25000000000146,0.8929144895106035,-3.4058550472200227e-13,6.387702866650358e-13,-0.1771129990603477
27.26000000000146,0.8929144895105945,-3.4015894961491273e-13,6.38007008335606e-13,-0.1771129990603505
27.270000000001463,0.8929144895105855,-3.3973111244598466e-13,6.372471994531281e-13,-0.17711299906035333
27.280000000001465,0.8929144895105765,-3.393050379391265e-13,6.362445292840135e-13,-0.17711299906035613
27.290000000001466,0.8929144895105674,-3.3887803447533406e-13,6.354812509545837e-13,-0.17711299906035896
27.300000000001468,0.8929144895105584,-3.384499800668443e-13,6.347179726251539e-13,-0.17711299906036176
27.31000000000147,0.8929144895105494,-3.3802182305996975e-13,6.338575497810695e-13,-0.1771129990603646
27.32000000000147,0.8929144895105404,-3.3759493477291563e-13,6.330491686412643e-13,-0.17711299906036737
27.330000000001473,0.8929144895105315,-3.371696168490118e-13,6.322824208648825e-13,-0.17711299906037015
27.340000000001474,0.8929144895105227,-3.3674734070317936e-13,6.31650981519627e-13,-0.1771129990603729
27.350000000001476,0.8929144895105137,-3.363290643137735e-13,6.308842337432452e-13,-0.17711299906037561
27.360000000001477,0.8929144895105048,-3.359116440725508e-13,6.30148710989431e-13,-0.17711299906037836
27.37000000000148,0.8929144895104959,-3.3549793429962655e-13,6.293819632130493e-13,-0.1771129990603811
27.38000000000148,0.892914489510487,-3.350887696900973e-13,6.286082765427636e-13,-0.17711299906038386
27.390000000001482,0.8929144895104782,-3.3468034256785116e-13,6.278415287663819e-13,-0.1771129990603866
27.400000000001484,0.8929144895104695,-3.342697848723719e-13,6.271684560577029e-13,-0.17711299906038935
27.410000000001485,0.8929144895104606,-3.338614871025327e-13,6.263010943197145e-13,-0.17711299906039207
27.420000000001487,0.8929144895104518,-3.3345210475096664e-13,6.256314910579874e-13,-0.17711299906039482
27.43000000000149,0.892914489510443,-3.330441434788376e-13,6.247606598730471e-13,-0.17711299906039757
27.44000000000149,0.8929144895104342,-3.3263995714622153e-13,6.239939120966653e-13,-0.17711299906040032
27.45000000000149,0.8929144895104255,-3.322346926539262e-13,6.233173699410344e-13,-0.17711299906040304
27.460000000001493,0.8929144895104166,-3.318321185972371e-13,6.22450008203046e-13,-0.17711299906040578
27.470000000001495,0.8929144895104079,-3.314264958336206e-13,6.216797909797123e-13,-0.17711299906040853
27.480000000001496,0.8929144895103991,-3.3101535594106913e-13,6.208124292417239e-13,-0.17711299906041128
27.490000000001498,0.8929144895103902,-3.305991646407943e-13,6.199450675037355e-13,-0.17711299906041403
27.5000000000015,0.8929144895103814,-3.301811877565208e-13,6.190326029553717e-13,-0.17711299906041678
27.5100000000015,0.8929144895103727,-3.2975920090500834e-13,6.181270773009118e-13,-0.17711299906041952
27.520000000001502,0.8929144895103639,-3.2933591836801937e-13,6.173950239940496e-13,-0.17711299906042224
27.530000000001504,0.8929144895103552,-3.289106434792266e-13,6.165172539152053e-13,-0.17711299906042494
27.540000000001505,0.8929144895103466,-3.284834996037638e-13,6.156082588137934e-13,-0.17711299906042768
27.550000000001507,0.8929144895103378,-3.2805453565192927e-13,6.148380415904597e-13,-0.1771129990604304
27.56000000000151,0.8929144895103291,-3.2762507757323976e-13,6.139672104055194e-13,-0.1771129990604331
27.57000000000151,0.8929144895103204,-3.271977138497303e-13,6.133323016133119e-13,-0.1771129990604358
27.58000000000151,0.8929144895103117,-3.2676985640070676e-13,6.124545315344676e-13,-0.17711299906043848
27.590000000001513,0.8929144895103032,-3.263420833984427e-13,6.11680844864182e-13,-0.17711299906044115
27.600000000001515,0.8929144895102944,-3.2591838170561437e-13,6.110424666250225e-13,-0.17711299906044387
27.610000000001516,0.8929144895102857,-3.2549644422163486e-13,6.101681659931302e-13,-0.17711299906044653
27.620000000001518,0.8929144895102771,-3.250758350133229e-13,6.093875404289406e-13,-0.1771129990604492
27.63000000000152,0.8929144895102685,-3.246558147029967e-13,6.08613853758655e-13,-0.17711299906045186
27.64000000000152,0.8929144895102599,-3.2423719736765526e-13,6.079789449664474e-13,-0.17711299906045455
27.650000000001523,0.8929144895102513,-3.2382201654611845e-13,6.071011748876032e-13,-0.17711299906045722
27.660000000001524,0.8929144895102428,-3.234067864100221e-13,6.064627966484437e-13,-0.17711299906045988
27.670000000001526,0.8929144895102342,-3.229939057244973e-13,6.055815571226475e-13,-0.17711299906046254
27.680000000001527,0.8929144895102258,-3.225845639480387e-13,6.048044010054099e-13,-0.17711299906046518
27.69000000000153,0.8929144895102172,-3.2217751467337604e-13,6.04124389402827e-13,-0.17711299906046785
27.70000000000153,0.8929144895102088,-3.2177157904861123e-13,6.033853972020609e-13,-0.17711299906047048
27.710000000001532,0.8929144895102002,-3.21364767373392e-13,6.026082410848232e-13,-0.17711299906047315
27.720000000001534,0.8929144895101918,-3.209570838716627e-13,6.018657794371052e-13,-0.17711299906047578
27.730000000001535,0.8929144895101833,-3.2055026355866283e-13,6.010886233198676e-13,-0.17711299906047845
27.740000000001537,0.8929144895101749,-3.201448473358523e-13,6.00304528308726e-13,-0.17711299906048106
27.75000000000154,0.8929144895101666,-3.197442309090128e-13,5.996626806226146e-13,-0.1771129990604837
27.76000000000154,0.8929144895101581,-3.193444753247307e-13,5.98885524505377e-13,-0.1771129990604863
27.77000000000154,0.8929144895101496,-3.18948359404267e-13,5.982402073723136e-13,-0.17711299906048894
27.780000000001543,0.8929144895101411,-3.185510848528285e-13,5.973589678465174e-13,-0.17711299906049155
27.790000000001545,0.8929144895101326,-3.181513515756761e-13,5.964777283207212e-13,-0.17711299906049416
27.800000000001546,0.8929144895101241,-3.1774843248378506e-13,5.957352666730031e-13,-0.17711299906049677
27.810000000001548,0.8929144895101156,-3.173417019078664e-13,5.94850557700255e-13,-0.17711299906049938
27.82000000000155,0.8929144895101072,-3.169304367339464e-13,5.939762570683627e-13,-0.177112999060502
27.83000000000155,0.8929144895100989,-3.165173306297163e-13,5.931921620572211e-13,-0.17711299906050462
27.840000000001552,0.8929144895100904,-3.16103688015506e-13,5.923178614253288e-13,-0.17711299906050726
27.850000000001554,0.8929144895100821,-3.156868271849893e-13,5.915302969672354e-13,-0.1771129990605099
27.860000000001556,0.8929144895100737,-3.152662474338202e-13,5.906525268883911e-13,-0.1771129990605125
27.870000000001557,0.8929144895100654,-3.1484457574827227e-13,5.897747568095468e-13,-0.17711299906051514
27.88000000000156,0.8929144895100569,-3.144214148988337e-13,5.888935172837506e-13,-0.17711299906051778
27.89000000000156,0.8929144895100487,-3.139909568036555e-13,5.880122777579544e-13,-0.17711299906052036
27.90000000000156,0.8929144895100404,-3.135588005225542e-13,5.872247132998609e-13,-0.17711299906052297
27.910000000001563,0.892914489510032,-3.131224172950546e-13,5.863469432210167e-13,-0.1771129990605256
27.920000000001565,0.8929144895100237,-3.1268388979377836e-13,5.855628482098751e-13,-0.17711299906052824
27.930000000001566,0.8929144895100153,-3.1224557825780266e-13,5.848203865621571e-13,-0.17711299906053082
27.940000000001568,0.8929144895100071,-3.1180767348541996e-13,5.839391470363609e-13,-0.1771129990605334
27.95000000000157,0.8929144895099987,-3.1137618191496915e-13,5.831515825782674e-13,-0.17711299906053599
27.96000000000157,0.8929144895099905,-3.109490653869541e-13,5.824021820366454e-13,-0.1771129990605385
27.970000000001573,0.8929144895099824,-3.1052545840418884e-13,5.817117620932066e-13,-0.17711299906054107
27.980000000001574,0.8929144895099742,-3.1010771685369347e-13,5.809623615515846e-13,-0.17711299906054362
27.990000000001576,0.8929144895099661,-3.096925694094472e-13,5.803135749715693e-13,-0.17711299906054617
28.000000000001577,0.8929144895099579,-3.092790833796097e-13,5.794288659988212e-13,-0.17711299906054875
28.01000000000158,0.8929144895099498,-3.088679949476683e-13,5.787766099718539e-13,-0.1771129990605513
28.02000000000158,0.8929144895099416,-3.0845673178773456e-13,5.779890455137604e-13,-0.17711299906055386
28.030000000001582,0.8929144895099335,-3.0804317595665713e-13,5.771043365410122e-13,-0.17711299906055641
28.040000000001584,0.8929144895099254,-3.07632747067098e-13,5.764555499609969e-13,-0.17711299906055894
28.050000000001585,0.8929144895099174,-3.0722541305795213e-13,5.756645160559515e-13,-0.17711299906056147
28.060000000001587,0.8929144895099093,-3.0681757426696274e-13,5.747728681892994e-13,-0.177112999060564
28.07000000000159,0.8929144895099012,-3.064077531993046e-13,5.739853037312059e-13,-0.17711299906056654
28.08000000000159,0.8929144895098929,-3.059963758040031e-13,5.734718255823168e-13,-0.17711299906056907
28.09000000000159,0.8929144895098847,-3.055906921430085e-13,5.727224250406948e-13,-0.17711299906057157
28.100000000001593,0.8929144895098766,-3.051860202373378e-13,5.719695550521209e-13,-0.1771129990605741
28.110000000001595,0.8929144895098684,-3.047825619629715e-13,5.711195405488922e-13,-0.17711299906057662
28.120000000001596,0.8929144895098604,-3.0437657899064396e-13,5.703250371968949e-13,-0.17711299906057912
28.130000000001598,0.8929144895098523,-3.039714547960957e-13,5.696693117229756e-13,-0.17711299906058164
28.1400000000016,0.8929144895098442,-3.0356892213462755e-13,5.68819297219747e-13,-0.17711299906058414
28.1500000000016,0.8929144895098362,-3.0316358145128483e-13,5.679276493530949e-13,-0.17711299906058664
28.160000000001602,0.8929144895098281,-3.027561892710666e-13,5.672719238791757e-13,-0.17711299906058914
28.170000000001604,0.8929144895098201,-3.0234989459353223e-13,5.665190538906018e-13,-0.17711299906059164
28.180000000001606,0.892914489509812,-3.0194411625243237e-13,5.657661839020278e-13,-0.17711299906059413
28.190000000001607,0.892914489509804,-3.0153472404133885e-13,5.648710665884238e-13,-0.17711299906059663
28.20000000000161,0.892914489509796,-3.011215388121918e-13,5.639794187217717e-13,-0.1771129990605991
28.21000000000161,0.892914489509788,-3.007093392776388e-13,5.632230792862458e-13,-0.1771129990606016
28.220000000001612,0.8929144895097801,-3.0029563036041263e-13,5.623314314195937e-13,-0.17711299906060407
28.230000000001613,0.892914489509772,-2.998773915185361e-13,5.615750919840679e-13,-0.17711299906060657
28.240000000001615,0.892914489509764,-2.9945394326945215e-13,5.606834441174158e-13,-0.17711299906060907
28.250000000001616,0.8929144895097559,-2.99029785717134e-13,5.598264907202832e-13,-0.17711299906061154
28.260000000001618,0.8929144895097479,-2.986071507176272e-13,5.59167295799412e-13,-0.17711299906061398
28.27000000000162,0.8929144895097402,-2.981879578842488e-13,5.585081008785409e-13,-0.1771129990606164
28.28000000000162,0.8929144895097323,-2.977763765672206e-13,5.578836004271892e-13,-0.17711299906061884
28.290000000001623,0.8929144895097244,-2.973696580373265e-13,5.57224405506318e-13,-0.17711299906062125
28.300000000001624,0.8929144895097166,-2.969687946901767e-13,5.564645966238402e-13,-0.17711299906062367
28.310000000001626,0.8929144895097088,-2.965751071740187e-13,5.558400961724885e-13,-0.1771129990606261
28.320000000001627,0.8929144895097009,-2.9618512247499916e-13,5.551809012516173e-13,-0.17711299906062852
28.33000000000163,0.8929144895096931,-2.957980632748317e-13,5.544210923691395e-13,-0.17711299906063097
28.34000000000163,0.8929144895096852,-2.95416828877641e-13,5.537965919177879e-13,-0.17711299906063338
28.350000000001632,0.8929144895096774,-2.950375287787058e-13,5.531373969969167e-13,-0.1771129990606358
28.360000000001634,0.8929144895096697,-2.946590161429505e-13,5.524712631821416e-13,-0.17711299906063818
28.370000000001635,0.892914489509662,-2.9428374473023217e-13,5.518467627307899e-13,-0.17711299906064057
28.380000000001637,0.8929144895096542,-2.93912086160574e-13,5.511840983629668e-13,-0.177112999060643
28.39000000000164,0.8929144895096465,-2.935424031257505e-13,5.50420820033537e-13,-0.1771129990606454
28.40000000000164,0.8929144895096387,-2.931737657462283e-13,5.497997890291373e-13,-0.1771129990606478
28.41000000000164,0.8929144895096308,-2.9280509910406766e-13,5.490399801466594e-13,-0.17711299906065023
28.420000000001643,0.8929144895096229,-2.924353008463995e-13,5.484154796953078e-13,-0.1771129990606527
28.430000000001645,0.8929144895096152,-2.9206670902563237e-13,5.475585262981753e-13,-0.1771129990606551
28.440000000001646,0.8929144895096074,-2.916950385321566e-13,5.470311703614783e-13,-0.1771129990606575
28.450000000001648,0.8929144895095996,-2.9132382686155386e-13,5.462678920320485e-13,-0.1771129990606599
28.46000000000165,0.892914489509592,-2.909555784382605e-13,5.455046137026187e-13,-0.1771129990606623
28.47000000000165,0.8929144895095842,-2.905862414428806e-13,5.447448048201409e-13,-0.17711299906066472
28.480000000001652,0.8929144895095764,-2.9021480854574965e-13,5.439780570437591e-13,-0.17711299906066713
28.490000000001654,0.8929144895095688,-2.898397566487183e-13,5.433570260393594e-13,-0.17711299906066952
28.500000000001656,0.892914489509561,-2.894638415522008e-13,5.425902782629777e-13,-0.17711299906067188
28.510000000001657,0.8929144895095532,-2.8909005114916754e-13,5.41965777811626e-13,-0.17711299906067426
28.52000000000166,0.8929144895095456,-2.887185814999249e-13,5.411990300352443e-13,-0.17711299906067662
28.53000000000166,0.892914489509538,-2.8834713319432715e-13,5.407063685680669e-13,-0.17711299906067896
28.540000000001662,0.8929144895095303,-2.8797922240457205e-13,5.399361513447332e-13,-0.17711299906068131
28.550000000001663,0.8929144895095227,-2.876118567551769e-13,5.393081814464296e-13,-0.17711299906068367
28.560000000001665,0.892914489509515,-2.8724478869540143e-13,5.385865364804232e-13,-0.17711299906068603
28.570000000001667,0.8929144895095072,-2.8687495786696493e-13,5.377191747424348e-13,-0.1771129990606884
28.580000000001668,0.8929144895094995,-2.865047066270196e-13,5.370946742910832e-13,-0.1771129990606908
28.59000000000167,0.8929144895094917,-2.861340316360749e-13,5.364667043927795e-13,-0.17711299906069317
28.60000000000167,0.8929144895094842,-2.8576504556347896e-13,5.356999566163978e-13,-0.1771129990606955
28.610000000001673,0.8929144895094766,-2.853977353365467e-13,5.350685172711422e-13,-0.17711299906069786
28.620000000001674,0.8929144895094691,-2.850308893734586e-13,5.344023834563671e-13,-0.17711299906070024
28.630000000001676,0.8929144895094615,-2.846667745073628e-13,5.337744135580635e-13,-0.1771129990607026
28.640000000001677,0.8929144895094541,-2.843007822820693e-13,5.328688879036036e-13,-0.17711299906070493
28.65000000000168,0.8929144895094465,-2.8393111923362255e-13,5.322409180053e-13,-0.1771129990607073
28.66000000000168,0.892914489509439,-2.835651080434199e-13,5.31574784190525e-13,-0.17711299906070968
28.670000000001682,0.8929144895094315,-2.831961049550242e-13,5.309468142922213e-13,-0.17711299906071204
28.680000000001684,0.8929144895094241,-2.8283074815311794e-13,5.301765970688876e-13,-0.17711299906071434
28.690000000001685,0.8929144895094167,-2.824664348378525e-13,5.295104632541126e-13,-0.1771129990607167
28.700000000001687,0.8929144895094092,-2.8210494231052197e-13,5.289761684235117e-13,-0.17711299906071903
28.71000000000169,0.8929144895094019,-2.8174477191300714e-13,5.28205951200178e-13,-0.17711299906072137
28.72000000000169,0.8929144895093944,-2.8138230107532896e-13,5.275398173854029e-13,-0.17711299906072372
28.73000000000169,0.892914489509387,-2.81019475100663e-13,5.267626612681653e-13,-0.17711299906072603
28.740000000001693,0.8929144895093795,-2.806565504328134e-13,5.261346913698617e-13,-0.17711299906072836
28.750000000001695,0.892914489509372,-2.802929132793511e-13,5.254061075099514e-13,-0.1771129990607307
28.760000000001696,0.8929144895093645,-2.799263810480859e-13,5.246358902866177e-13,-0.17711299906073302
28.770000000001698,0.892914489509357,-2.7955814673511213e-13,5.239628175779387e-13,-0.17711299906073533
28.7800000000017,0.8929144895093496,-2.7918972901271887e-13,5.231891309076531e-13,-0.17711299906073763
28.7900000000017,0.8929144895093423,-2.788229609645851e-13,5.225611610093495e-13,-0.17711299906073993
28.800000000001702,0.8929144895093348,-2.784554890542252e-13,5.217874743390638e-13,-0.17711299906074224
28.810000000001704,0.8929144895093274,-2.78086178390016e-13,5.210137876687781e-13,-0.17711299906074454
28.820000000001706,0.89291448950932,-2.7771267109977214e-13,5.202401009984925e-13,-0.17711299906074685
28.830000000001707,0.8929144895093125,-2.7733455412264913e-13,5.194698837751588e-13,-0.17711299906074915
28.84000000000171,0.8929144895093052,-2.769540521419655e-13,5.186996665518251e-13,-0.17711299906075148
28.85000000000171,0.8929144895092979,-2.7657393818661156e-13,5.180265938431461e-13,-0.17711299906075376
28.860000000001712,0.8929144895092905,-2.7619272600759637e-13,5.172529071728604e-13,-0.17711299906075603
28.870000000001713,0.8929144895092832,-2.758082475337041e-13,5.163786065409681e-13,-0.17711299906075834
28.880000000001715,0.8929144895092759,-2.754214585677502e-13,5.157020643853372e-13,-0.1771129990607606
28.890000000001717,0.8929144895092687,-2.7502870867568357e-13,5.148312332003968e-13,-0.17711299906076286
28.900000000001718,0.8929144895092613,-2.7463545600283035e-13,5.140540770831592e-13,-0.17711299906076514
28.91000000000172,0.8929144895092539,-2.74237587354029e-13,5.131797764512669e-13,-0.17711299906076738
28.92000000000172,0.8929144895092465,-2.738354769645368e-13,5.123054758193746e-13,-0.17711299906076966
28.930000000001723,0.892914489509239,-2.734274966262651e-13,5.115699530655604e-13,-0.17711299906077196
28.940000000001724,0.8929144895092318,-2.730202537791242e-13,5.107927969483228e-13,-0.17711299906077418
28.950000000001726,0.8929144895092245,-2.7261256774591023e-13,5.099219657633824e-13,-0.1771129990607765
28.960000000001727,0.8929144895092171,-2.722018632805231e-13,5.091413401991929e-13,-0.17711299906077874
28.97000000000173,0.8929144895092099,-2.717880147668423e-13,5.083641840819553e-13,-0.17711299906078096
28.98000000000173,0.8929144895092027,-2.713771469542779e-13,5.077258058427958e-13,-0.1771129990607832
28.990000000001732,0.8929144895091955,-2.709703715917947e-13,5.069451802786062e-13,-0.17711299906078543
29.000000000001734,0.8929144895091883,-2.7056729494240123e-13,5.063033325924948e-13,-0.17711299906078765
29.010000000001735,0.8929144895091812,-2.701670267410792e-13,5.056614849063834e-13,-0.17711299906078984
29.020000000001737,0.8929144895091741,-2.697747766367586e-13,5.0501616777332e-13,-0.17711299906079203
29.03000000000174,0.892914489509167,-2.6938845204323173e-13,5.043673811933047e-13,-0.1771129990607942
29.04000000000174,0.8929144895091599,-2.6901146906022905e-13,5.037255335071933e-13,-0.1771129990607964
29.05000000000174,0.8929144895091528,-2.686379430163116e-13,5.031808303357366e-13,-0.17711299906079855
29.060000000001743,0.8929144895091456,-2.6827173091660645e-13,5.026742910807513e-13,-0.17711299906080075
29.070000000001745,0.8929144895091385,-2.6790885999834624e-13,5.02028973947688e-13,-0.1771129990608029
29.080000000001746,0.8929144895091314,-2.6754927323551146e-13,5.013801873676726e-13,-0.1771129990608051
29.090000000001748,0.8929144895091242,-2.6719213590502636e-13,5.006377257199546e-13,-0.1771129990608073
29.10000000000175,0.892914489509117,-2.6683409939993033e-13,4.999958780338432e-13,-0.17711299906080952
29.11000000000175,0.8929144895091099,-2.6647743717172373e-13,4.993921942642032e-13,-0.17711299906081168
29.120000000001752,0.8929144895091029,-2.6612229933961947e-13,4.987468771311399e-13,-0.17711299906081385
29.130000000001754,0.8929144895090958,-2.6577140877302056e-13,4.981050294450284e-13,-0.17711299906081604
29.140000000001756,0.8929144895090887,-2.654221369785739e-13,4.974944067814846e-13,-0.1771129990608182
29.150000000001757,0.8929144895090816,-2.6507484753314655e-13,4.968525590953732e-13,-0.17711299906082043
29.16000000000176,0.8929144895090745,-2.6473215046403247e-13,4.962037725153579e-13,-0.1771129990608226
29.17000000000176,0.8929144895090674,-2.64387281089573e-13,4.955619248292464e-13,-0.17711299906082478
29.180000000001762,0.8929144895090603,-2.6404599503752195e-13,4.949547716126546e-13,-0.17711299906082695
29.190000000001763,0.8929144895090532,-2.6370296828941986e-13,4.943129239265431e-13,-0.17711299906082914
29.200000000001765,0.8929144895090462,-2.6336112565868966e-13,4.936641373465278e-13,-0.17711299906083128
29.210000000001767,0.8929144895090392,-2.630223896320704e-13,4.931541286445906e-13,-0.17711299906083344
29.220000000001768,0.8929144895090322,-2.626900704029e-13,4.926441199426534e-13,-0.17711299906083555
29.23000000000177,0.8929144895090252,-2.6236070490491755e-13,4.919918639156862e-13,-0.17711299906083772
29.24000000000177,0.8929144895090182,-2.6203490450454945e-13,4.91481855213749e-13,-0.17711299906083985
29.250000000001773,0.8929144895090112,-2.6170551022250645e-13,4.90732454672127e-13,-0.17711299906084196
29.260000000001774,0.8929144895090042,-2.613776051303123e-13,4.902224459701898e-13,-0.1771129990608441
29.270000000001776,0.8929144895089972,-2.610460065855144e-13,4.893724314669612e-13,-0.17711299906084624
29.280000000001777,0.8929144895089901,-2.6071140832354587e-13,4.886265003722912e-13,-0.1771129990608484
29.29000000000178,0.8929144895089831,-2.603711915654823e-13,4.880193471556993e-13,-0.1771129990608505
29.30000000000178,0.8929144895089761,-2.60032213100067e-13,4.87367091128732e-13,-0.17711299906085265
29.310000000001782,0.8929144895089691,-2.5969143170490036e-13,4.867564684651882e-13,-0.17711299906085476
29.320000000001784,0.8929144895089621,-2.5935129331154464e-13,4.860070679235662e-13,-0.1771129990608569
29.330000000001785,0.8929144895089551,-2.590082942746174e-13,4.853999147069743e-13,-0.177112999060859
29.340000000001787,0.8929144895089483,-2.5866186328288626e-13,4.847441892330551e-13,-0.17711299906086114
29.35000000000179,0.8929144895089414,-2.5831884196102254e-13,4.839947886914331e-13,-0.17711299906086325
29.36000000000179,0.8929144895089345,-2.5797370353780056e-13,4.83477841095592e-13,-0.17711299906086533
29.37000000000179,0.8929144895089277,-2.5762807366418125e-13,4.827249711070181e-13,-0.17711299906086744
29.380000000001793,0.8929144895089209,-2.5728772051397286e-13,4.822114929581289e-13,-0.1771129990608695
29.390000000001795,0.8929144895089142,-2.5694921807400066e-13,4.815627063781136e-13,-0.17711299906087163
29.400000000001796,0.8929144895089074,-2.56609820051919e-13,4.807716724730682e-13,-0.17711299906087372
29.410000000001798,0.8929144895089006,-2.562712136378041e-13,4.80258194324179e-13,-0.17711299906087585
29.4200000000018,0.8929144895088938,-2.559282577044972e-13,4.794671604191336e-13,-0.17711299906087796
29.4300000000018,0.8929144895088871,-2.5558465321923767e-13,4.788183738391183e-13,-0.17711299906088007
29.440000000001803,0.8929144895088803,-2.552372202000397e-13,4.780655038505444e-13,-0.1771129990608822
29.450000000001804,0.8929144895088735,-2.548902881317889e-13,4.775554951486072e-13,-0.17711299906088432
29.460000000001806,0.8929144895088666,-2.5454190325080974e-13,4.766673167289071e-13,-0.17711299906088646
29.470000000001807,0.8929144895088599,-2.541898476367189e-13,4.760115912549878e-13,-0.1771129990608885
29.48000000000181,0.8929144895088531,-2.5383742684476144e-13,4.752968851828854e-13,-0.17711299906089062
29.49000000000181,0.8929144895088463,-2.5348541273991973e-13,4.7464809860287e-13,-0.1771129990608927
29.500000000001812,0.8929144895088396,-2.531326350477355e-13,4.740270675984704e-13,-0.17711299906089478
29.510000000001813,0.8929144895088328,-2.527772703935221e-13,4.732776670568484e-13,-0.17711299906089686
29.520000000001815,0.892914489508826,-2.524223550712813e-13,4.726254110298811e-13,-0.17711299906089895
29.530000000001817,0.8929144895088192,-2.520676004286103e-13,4.718656021474033e-13,-0.17711299906090103
29.540000000001818,0.8929144895088125,-2.5171169249347187e-13,4.712584489308114e-13,-0.1771129990609031
29.55000000000182,0.8929144895088058,-2.5135610648153916e-13,4.707345624410664e-13,-0.17711299906090516
29.56000000000182,0.8929144895087991,-2.51006070270767e-13,4.699816924524924e-13,-0.17711299906090724
29.570000000001823,0.8929144895087925,-2.5065469229102337e-13,4.693259669785732e-13,-0.1771129990609093
29.580000000001824,0.8929144895087858,-2.5030441989021756e-13,4.686112609064708e-13,-0.17711299906091138
29.590000000001826,0.8929144895087792,-2.4995335498205186e-13,4.679555354325515e-13,-0.17711299906091343
29.600000000001828,0.8929144895087725,-2.496045702486341e-13,4.673379738751038e-13,-0.1771129990609155
29.61000000000183,0.8929144895087658,-2.4925703272931715e-13,4.666822484011846e-13,-0.17711299906091757
29.62000000000183,0.8929144895087592,-2.489098139868206e-13,4.659224395187067e-13,-0.1771129990609196
29.630000000001832,0.8929144895087525,-2.485634013245762e-13,4.654054919228656e-13,-0.17711299906092168
29.640000000001834,0.8929144895087459,-2.482181281901526e-13,4.648850748800726e-13,-0.1771129990609237
29.650000000001835,0.8929144895087392,-2.4787635540574376e-13,4.643056772390963e-13,-0.17711299906092573
29.660000000001837,0.8929144895087325,-2.475355879283313e-13,4.636464823182251e-13,-0.17711299906092776
29.67000000000184,0.8929144895087259,-2.471995626923212e-13,4.631676986388555e-13,-0.1771129990609298
29.68000000000184,0.8929144895087192,-2.4686684769167277e-13,4.625466676344558e-13,-0.17711299906093184
29.69000000000184,0.8929144895087125,-2.4653574234313713e-13,4.6179032819893e-13,-0.17711299906093386
29.700000000001843,0.8929144895087059,-2.4620229142777647e-13,4.611658277475783e-13,-0.17711299906093592
29.710000000001845,0.8929144895086991,-2.458667856090887e-13,4.604476522285239e-13,-0.17711299906093791
29.720000000001846,0.8929144895086926,-2.455301500873406e-13,4.598300906710762e-13,-0.17711299906093994
29.730000000001848,0.8929144895086861,-2.451969526994391e-13,4.593027347343792e-13,-0.17711299906094194
29.74000000000185,0.8929144895086797,-2.448683954406532e-13,4.587753787976823e-13,-0.1771129990609439
29.75000000000185,0.8929144895086734,-2.4454673595185347e-13,4.583902701860154e-13,-0.17711299906094588
29.760000000001853,0.892914489508667,-2.442307613192106e-13,4.578629142493185e-13,-0.17711299906094785
29.770000000001854,0.8929144895086606,-2.439212465311581e-13,4.573390277595735e-13,-0.17711299906094985
29.780000000001856,0.8929144895086543,-2.4361481109968633e-13,4.569539191479066e-13,-0.1771129990609518
29.790000000001857,0.8929144895086478,-2.433130260223722e-13,4.561906408184768e-13,-0.17711299906095382
29.80000000000186,0.8929144895086414,-2.4300617970617867e-13,4.555696098140771e-13,-0.17711299906095584
29.81000000000186,0.8929144895086351,-2.4269540726078385e-13,4.550457233243321e-13,-0.17711299906095782
29.820000000001862,0.8929144895086287,-2.42384280465083e-13,4.5452183683458713e-13,-0.1771129990609598
29.830000000001863,0.8929144895086224,-2.4207851358307973e-13,4.5399795034484214e-13,-0.17711299906096184
29.840000000001865,0.892914489508616,-2.4177509284910196e-13,4.5333875542397095e-13,-0.1771129990609638
29.850000000001867,0.8929144895086096,-2.414750024815021e-13,4.5281486893422596e-13,-0.1771129990609658
29.860000000001868,0.8929144895086033,-2.411734381563704e-13,4.521903684828743e-13,-0.1771129990609678
29.87000000000187,0.892914489508597,-2.408723150473734e-13,4.518989349389102e-13,-0.17711299906096978
29.88000000000187,0.8929144895085906,-2.405751021254286e-13,4.5137157900221325e-13,-0.17711299906097172
29.890000000001873,0.8929144895085843,-2.4028105523348234e-13,4.5075054799781356e-13,-0.17711299906097372
29.900000000001874,0.892914489508578,-2.3998773530594314e-13,4.5021972261416465e-13,-0.1771129990609757
29.910000000001876,0.8929144895085717,-2.396982228495566e-13,4.4973400004089115e-13,-0.17711299906097763
29.920000000001878,0.8929144895085653,-2.394089185962894e-13,4.492066441041942e-13,-0.1771129990609796
29.93000000000188,0.892914489508559,-2.391215676297261e-13,4.486827576144492e-13,-0.17711299906098157
29.94000000000188,0.8929144895085527,-2.388302908541094e-13,4.481900961472718e-13,-0.17711299906098352
29.950000000001882,0.8929144895085465,-2.385432924897404e-13,4.4779804864170103e-13,-0.1771129990609854
29.960000000001884,0.8929144895085402,-2.3826343318789505e-13,4.472706927050041e-13,-0.17711299906098732
29.970000000001885,0.892914489508534,-2.379874038691354e-13,4.468786451994333e-13,-0.1771129990609893
29.980000000001887,0.8929144895085278,-2.377133346798348e-13,4.463859837322559e-13,-0.1771129990609912
29.99000000000189,0.8929144895085216,-2.3744630366473464e-13,4.4585168890165505e-13,-0.17711299906099312
30.00000000000189,0.8929144895085154,-2.371814512262839e-13,4.454665802899882e-13,-0.17711299906099504
30.01000000000189,0.892914489508509,-2.3691962852782954e-13,4.449739188228108e-13,-0.17711299906099695
30.020000000001893,0.8929144895085028,-2.366582520146931e-13,4.444777879086814e-13,-0.1771129990609989
30.030000000001895,0.8929144895084966,-2.363971298649562e-13,4.440822709561587e-13,-0.1771129990610008
30.040000000001896,0.8929144895084904,-2.361357765920731e-13,4.435514455725098e-13,-0.17711299906100272
30.050000000001898,0.8929144895084842,-2.358755028430791e-13,4.43162867513891e-13,-0.1771129990610046
30.0600000000019,0.892914489508478,-2.356165445295196e-13,4.4253142816863544e-13,-0.17711299906100655
30.0700000000019,0.8929144895084716,-2.353574353784063e-13,4.4213591121611273e-13,-0.17711299906100847
30.080000000001903,0.8929144895084654,-2.350984683765925e-13,4.4150794131780913e-13,-0.17711299906101044
30.090000000001904,0.8929144895084592,-2.3483791456062534e-13,4.4111589381223837e-13,-0.17711299906101233
30.100000000001906,0.892914489508453,-2.3458135704955243e-13,4.4062323234506096e-13,-0.17711299906101424
30.110000000001907,0.8929144895084468,-2.343231510050789e-13,4.402311848394902e-13,-0.17711299906101616
30.12000000000191,0.8929144895084405,-2.340657816062446e-13,4.3959974549423464e-13,-0.17711299906101807
30.13000000000191,0.8929144895084342,-2.3380649967918846e-13,4.3910708402705723e-13,-0.17711299906102
30.140000000001912,0.892914489508428,-2.335461332934497e-13,4.385797280903603e-13,-0.17711299906102188
30.150000000001913,0.8929144895084219,-2.3328210001724876e-13,4.380835971762309e-13,-0.1771129990610238
30.160000000001915,0.8929144895084158,-2.330201586181365e-13,4.3754930234563005e-13,-0.17711299906102568
30.170000000001917,0.8929144895084098,-2.3275718417188556e-13,4.370150075150292e-13,-0.17711299906102757
30.180000000001918,0.8929144895084038,-2.324930889776717e-13,4.3661602111555453e-13,-0.17711299906102942
30.19000000000192,0.8929144895083977,-2.322281536570666e-13,4.3608172628495367e-13,-0.1771129990610313
30.20000000000192,0.8929144895083917,-2.319640744551109e-13,4.355474314543528e-13,-0.17711299906103314
30.210000000001923,0.8929144895083857,-2.316975663690502e-13,4.3505130054022345e-13,-0.17711299906103503
30.220000000001924,0.8929144895083797,-2.3142996404072485e-13,4.343747583845925e-13,-0.1771129990610369
30.230000000001926,0.8929144895083737,-2.311619668223775e-13,4.3397577198511783e-13,-0.17711299906103878
30.240000000001928,0.8929144895083676,-2.3089262841010795e-13,4.3344147715451697e-13,-0.17711299906104064
30.25000000000193,0.8929144895083616,-2.3062242841478687e-13,4.329071823239161e-13,-0.17711299906104253
30.26000000000193,0.8929144895083556,-2.303531218678442e-13,4.322722735317086e-13,-0.17711299906104436
30.270000000001932,0.8929144895083497,-2.30077767306876e-13,4.317345092541558e-13,-0.17711299906104622
30.280000000001934,0.8929144895083437,-2.2980309429914333e-13,4.313320534077292e-13,-0.17711299906104808
30.290000000001935,0.8929144895083377,-2.2952955723901224e-13,4.307977585771283e-13,-0.17711299906104994
30.300000000001937,0.8929144895083317,-2.29252271537818e-13,4.3026346374652746e-13,-0.17711299906105182
30.31000000000194,0.8929144895083257,-2.2897439685912786e-13,4.2962855495431995e-13,-0.17711299906105368
30.32000000000194,0.8929144895083198,-2.2869425317793026e-13,4.2899364616211244e-13,-0.17711299906105557
30.33000000000194,0.8929144895083136,-2.2841219532218e-13,4.2845588188455963e-13,-0.1771129990610574
30.340000000001943,0.8929144895083077,-2.281251275572301e-13,4.2782444253930407e-13,-0.1771129990610593
30.350000000001945,0.8929144895083017,-2.278356626918399e-13,4.2718953374709656e-13,-0.17711299906106115
30.360000000001946,0.8929144895082957,-2.2754563585761576e-13,4.2665176946954375e-13,-0.17711299906106304
30.370000000001948,0.8929144895082897,-2.2725353055159467e-13,4.258780827992581e-13,-0.1771129990610649
30.38000000000195,0.8929144895082837,-2.269560761572092e-13,4.253403185217053e-13,-0.17711299906106676
30.39000000000195,0.8929144895082778,-2.266598189484808e-13,4.248025542441525e-13,-0.1771129990610686
30.400000000001953,0.8929144895082719,-2.2636319582743857e-13,4.242613205196477e-13,-0.17711299906107042
30.410000000001954,0.892914489508266,-2.260624626667548e-13,4.236264117274402e-13,-0.17711299906107228
30.420000000001956,0.8929144895082601,-2.2575879683806316e-13,4.2309211689683934e-13,-0.17711299906107414
30.430000000001957,0.8929144895082541,-2.25455902723584e-13,4.2244679976377597e-13,-0.17711299906107594
30.44000000000196,0.8929144895082483,-2.2515423809664552e-13,4.219125049331751e-13,-0.1771129990610778
30.45000000000196,0.8929144895082424,-2.2485020656235748e-13,4.2127412669401565e-13,-0.17711299906107966
30.460000000001962,0.8929144895082365,-2.2454419746344419e-13,4.206357484548562e-13,-0.17711299906108147
30.470000000001964,0.8929144895082305,-2.2423595405695555e-13,4.199973702156967e-13,-0.1771129990610833
30.480000000001965,0.8929144895082246,-2.2393192517028527e-13,4.1959144492231815e-13,-0.17711299906108507
30.490000000001967,0.8929144895082188,-2.2362332747470716e-13,4.189530666831587e-13,-0.17711299906108688
30.500000000001968,0.8929144895082131,-2.233200514686912e-13,4.1854367194282815e-13,-0.17711299906108866
30.51000000000197,0.8929144895082072,-2.2301930546307747e-13,4.1790182425671674e-13,-0.17711299906109043
30.52000000000197,0.8929144895082013,-2.2271905756782288e-13,4.1730160993402876e-13,-0.17711299906109226
30.530000000001973,0.8929144895081954,-2.2242134379417928e-13,4.16760376209524e-13,-0.17711299906109407
30.540000000001974,0.8929144895081894,-2.221228077350333e-13,4.162573064014907e-13,-0.17711299906109587
30.550000000001976,0.8929144895081835,-2.2182892866006387e-13,4.1575423659345745e-13,-0.17711299906109768
30.560000000001978,0.8929144895081776,-2.2153266333908341e-13,4.15115858354298e-13,-0.1771129990610995
30.57000000000198,0.8929144895081718,-2.2123629776397458e-13,4.1447401066818657e-13,-0.1771129990611013
30.58000000000198,0.8929144895081658,-2.2094115151016833e-13,4.1397441030710525e-13,-0.17711299906110314
30.590000000001982,0.8929144895081599,-2.206424898386072e-13,4.1347134049907197e-13,-0.17711299906110495
30.600000000001984,0.8929144895081541,-2.2034447855137468e-13,4.129682706910387e-13,-0.17711299906110672
30.610000000001985,0.8929144895081483,-2.2005075351056904e-13,4.123264230049273e-13,-0.17711299906110853
30.620000000001987,0.8929144895081425,-2.1975392408672184e-13,4.116880447657678e-13,-0.17711299906111036
30.63000000000199,0.8929144895081367,-2.1945578358866297e-13,4.1104272763270444e-13,-0.17711299906111216
30.64000000000199,0.892914489508131,-2.1915794462449815e-13,4.1053965782467117e-13,-0.17711299906111394
30.65000000000199,0.8929144895081254,-2.188633432588294e-13,4.101337325312926e-13,-0.17711299906111572
30.660000000001993,0.8929144895081196,-2.1857081703665436e-13,4.094918848451812e-13,-0.17711299906111747
30.670000000001995,0.8929144895081139,-2.1828093778368157e-13,4.0908249010485065e-13,-0.17711299906111924
30.680000000001996,0.8929144895081083,-2.1799455469544502e-13,4.085759508498654e-13,-0.17711299906112102
30.690000000001998,0.8929144895081025,-2.1771276685715898e-13,4.0807288104183215e-13,-0.1771129990611228
30.700000000002,0.8929144895080968,-2.1743046939304645e-13,4.075663417868469e-13,-0.17711299906112457
30.710000000002,0.8929144895080913,-2.1714757753459603e-13,4.0716041649346835e-13,-0.17711299906112632
30.720000000002003,0.8929144895080856,-2.1686803324290626e-13,4.06511629913453e-13,-0.17711299906112807
30.730000000002004,0.8929144895080801,-2.165930690150501e-13,4.062444824981526e-13,-0.17711299906112982
30.740000000002006,0.8929144895080745,-2.16322584621087e-13,4.0587325167429356e-13,-0.17711299906113154
30.750000000002007,0.8929144895080687,-2.1605953115416097e-13,4.0536324297235637e-13,-0.17711299906113329
30.76000000000201,0.8929144895080631,-2.158018578623606e-13,4.0485670371737115e-13,-0.17711299906113506
30.77000000000201,0.8929144895080574,-2.1554262772860546e-13,4.0435710335628983e-13,-0.17711299906113684
30.780000000002012,0.8929144895080517,-2.1528438331324126e-13,4.040830170470855e-13,-0.1771129990611386
30.790000000002014,0.892914489508046,-2.150284591918163e-13,4.035730083451483e-13,-0.17711299906114034
30.800000000002015,0.8929144895080403,-2.1477712525273713e-13,4.0306993853711504e-13,-0.1771129990611421
30.810000000002017,0.8929144895080346,-2.145231658706062e-13,4.026015631986013e-13,-0.17711299906114383
30.82000000000202,0.8929144895080289,-2.1427164928431787e-13,4.021297184131356e-13,-0.17711299906114558
30.83000000000202,0.8929144895080233,-2.1402247776133686e-13,4.017203236728051e-13,-0.17711299906114733
30.84000000000202,0.8929144895080178,-2.137776224002521e-13,4.01352562295898e-13,-0.17711299906114905
30.850000000002023,0.8929144895080121,-2.1353622435292477e-13,4.008425535939608e-13,-0.1771129990611508
30.860000000002024,0.8929144895080066,-2.132966501244723e-13,4.006101006481799e-13,-0.17711299906115252
30.870000000002026,0.892914489508001,-2.130620176405101e-13,4.001035613931947e-13,-0.17711299906115427
30.880000000002028,0.8929144895079953,-2.1282619194023167e-13,3.996906972059122e-13,-0.177112999061156
30.89000000000203,0.8929144895079898,-2.1259450480109784e-13,3.9932293582900513e-13,-0.17711299906115777
30.90000000000203,0.8929144895079842,-2.123614543557816e-13,3.9881292712706795e-13,-0.17711299906115952
30.910000000002032,0.8929144895079786,-2.1212735778227132e-13,3.984416963032089e-13,-0.17711299906116124
30.920000000002034,0.892914489507973,-2.1189596162999707e-13,3.9807393492630183e-13,-0.17711299906116296
30.930000000002035,0.8929144895079675,-2.1166683606703332e-13,3.9756392622436465e-13,-0.1771129990611647
30.940000000002037,0.8929144895079619,-2.114326900890423e-13,3.970504480754755e-13,-0.1771129990611664
30.95000000000204,0.8929144895079565,-2.111993678387943e-13,3.9677289231931923e-13,-0.1771129990611681
30.96000000000204,0.892914489507951,-2.1096811139251868e-13,3.9630104753385353e-13,-0.17711299906116978
30.97000000000204,0.8929144895079455,-2.1073820096047916e-13,3.95891652793523e-13,-0.17711299906117153
30.980000000002043,0.89291448950794,-2.1050767934736865e-13,3.953851135385378e-13,-0.17711299906117323
30.990000000002045,0.8929144895079344,-2.1027790096291617e-13,3.9500694382077484e-13,-0.17711299906117495
31.000000000002046,0.8929144895079287,-2.1004651733701096e-13,3.944032600511349e-13,-0.17711299906117667
31.010000000002048,0.8929144895079232,-2.0981695180921623e-13,3.9412917374193057e-13,-0.1771129990611784
31.02000000000205,0.8929144895079176,-2.0958499154401874e-13,3.9351855107838674e-13,-0.1771129990611801
31.03000000000205,0.892914489507912,-2.0935192657489414e-13,3.931473202545277e-13,-0.17711299906118183
31.040000000002053,0.8929144895079064,-2.0911968370398238e-13,3.9277608943066866e-13,-0.17711299906118355
31.050000000002054,0.8929144895079008,-2.0888616811294808e-13,3.9226261128177953e-13,-0.17711299906118527
31.060000000002056,0.8929144895078953,-2.086476008659874e-13,3.9175260257984235e-13,-0.17711299906118697
31.070000000002057,0.8929144895078899,-2.0840516513921709e-13,3.9113851046934656e-13,-0.1771129990611887
31.08000000000206,0.8929144895078843,-2.0816470608066308e-13,3.906285017674094e-13,-0.17711299906119038
31.09000000000206,0.8929144895078789,-2.079235229552916e-13,3.9025033204964643e-13,-0.17711299906119207
31.100000000002062,0.8929144895078734,-2.0768127059036504e-13,3.8974032334770925e-13,-0.17711299906119377
31.110000000002064,0.8929144895078679,-2.074403828829014e-13,3.893690925238502e-13,-0.17711299906119546
31.120000000002065,0.8929144895078625,-2.0719946045122037e-13,3.8899092280608727e-13,-0.17711299906119715
31.130000000002067,0.8929144895078571,-2.0695775341822477e-13,3.8847744465719813e-13,-0.17711299906119884
31.14000000000207,0.8929144895078517,-2.0671782695258446e-13,3.880611110229637e-13,-0.1771129990612005
31.15000000000207,0.8929144895078464,-2.0648078908643956e-13,3.8754763287407457e-13,-0.17711299906120218
31.16000000000207,0.8929144895078409,-2.0624022226824076e-13,3.871729326032636e-13,-0.17711299906120387
31.170000000002073,0.8929144895078357,-2.05995951308844e-13,3.866559850074225e-13,-0.1771129990612055
31.180000000002075,0.8929144895078305,-2.0575346632448944e-13,3.861390374115814e-13,-0.1771129990612072
31.190000000002076,0.8929144895078251,-2.0551313630437936e-13,3.857643371407704e-13,-0.17711299906120884
31.200000000002078,0.8929144895078199,-2.0527240163579226e-13,3.852473895449293e-13,-0.1771129990612105
31.21000000000208,0.8929144895078146,-2.05030975409273e-13,3.8473044194908823e-13,-0.17711299906121214
31.22000000000208,0.8929144895078094,-2.0478983290190413e-13,3.8431063886790184e-13,-0.1771129990612138
31.230000000002082,0.892914489507804,-2.045470508592176e-13,3.8369654675740605e-13,-0.17711299906121547
31.240000000002084,0.8929144895077986,-2.0430189249714646e-13,3.8318653805546887e-13,-0.17711299906121716
31.250000000002085,0.8929144895077933,-2.0405223794431287e-13,3.826695904596278e-13,-0.17711299906121883
31.260000000002087,0.892914489507788,-2.0380017503115324e-13,3.8229142074186484e-13,-0.1771129990612205
31.27000000000209,0.8929144895077825,-2.0354628809103257e-13,3.817779425929757e-13,-0.1771129990612222
31.28000000000209,0.8929144895077772,-2.03293233599497e-13,3.8116731992943187e-13,-0.17711299906122385
31.29000000000209,0.8929144895077717,-2.0303721472401598e-13,3.806503723335908e-13,-0.17711299906122552
31.300000000002093,0.8929144895077665,-2.0277946373525146e-13,3.801334247377497e-13,-0.17711299906122718
31.310000000002095,0.8929144895077613,-2.0252266405942458e-13,3.798489300876895e-13,-0.17711299906122885
31.320000000002096,0.892914489507756,-2.022653842718256e-13,3.7909606009911556e-13,-0.1771129990612305
31.330000000002098,0.8929144895077508,-2.0200567327106786e-13,3.7872135982830457e-13,-0.17711299906123218
31.3400000000021,0.8929144895077454,-2.017441798519921e-13,3.780691038013373e-13,-0.17711299906123382
31.3500000000021,0.8929144895077402,-2.0148185200814477e-13,3.776874646366224e-13,-0.17711299906123548
31.360000000002103,0.892914489507735,-2.012183589823628e-13,3.771705170407813e-13,-0.17711299906123712
31.370000000002104,0.8929144895077297,-2.0095543672907284e-13,3.765564249302855e-13,-0.17711299906123879
31.380000000002106,0.8929144895077245,-2.0069010677988694e-13,3.7603947733444443e-13,-0.17711299906124042
31.390000000002107,0.8929144895077191,-2.0042372757088847e-13,3.7552252973860334e-13,-0.1771129990612421
31.40000000000211,0.8929144895077139,-2.0015362567724588e-13,3.7500558214276225e-13,-0.17711299906124373
31.41000000000211,0.8929144895077087,-1.9988388543096673e-13,3.7448863454692116e-13,-0.1771129990612454
31.420000000002112,0.8929144895077035,-1.996141646937107e-13,3.7397168695108007e-13,-0.17711299906124703
31.430000000002114,0.8929144895076984,-1.9934808070278244e-13,3.73454739355239e-13,-0.17711299906124867
31.440000000002115,0.8929144895076931,-1.99083523778644e-13,3.729377917593979e-13,-0.1771129990612503
31.450000000002117,0.892914489507688,-1.9881914074584487e-13,3.7255268314773105e-13,-0.17711299906125194
31.46000000000212,0.8929144895076829,-1.9855414200308198e-13,3.721745134299681e-13,-0.17711299906125355
31.47000000000212,0.8929144895076777,-1.982917121351533e-13,3.716506269402231e-13,-0.17711299906125516
31.48000000000212,0.8929144895076725,-1.9803414931372374e-13,3.7117531270780546e-13,-0.1771129990612568
31.490000000002123,0.8929144895076672,-1.9777420360844582e-13,3.706548956650124e-13,-0.17711299906125844
31.500000000002125,0.892914489507662,-1.975138194118821e-13,3.701761119856428e-13,-0.17711299906126005
31.510000000002126,0.8929144895076566,-1.972532943416143e-13,3.6969385885932127e-13,-0.1771129990612617
31.520000000002128,0.8929144895076514,-1.9699291035470937e-13,3.691734418165282e-13,-0.17711299906126332
31.53000000000213,0.8929144895076461,-1.9673360885846617e-13,3.686981275841106e-13,-0.17711299906126493
31.54000000000213,0.892914489507641,-1.9647585544609186e-13,3.6831301897244373e-13,-0.17711299906126654
31.550000000002132,0.8929144895076359,-1.9622485629766913e-13,3.6793137980772883e-13,-0.17711299906126815
31.560000000002134,0.8929144895076306,-1.9597543217259568e-13,3.67546271196062e-13,-0.17711299906126973
31.570000000002135,0.8929144895076255,-1.957244017459047e-13,3.6692870963861424e-13,-0.17711299906127134
31.580000000002137,0.8929144895076203,-1.9547685598095135e-13,3.665436010269474e-13,-0.17711299906127295
31.59000000000214,0.8929144895076152,-1.952297332497052e-13,3.661619618622325e-13,-0.17711299906127456
31.60000000000214,0.89291448950761,-1.9498314861623457e-13,3.655409308578328e-13,-0.17711299906127614
31.61000000000214,0.8929144895076049,-1.9473623685089822e-13,3.6515582224616594e-13,-0.17711299906127775
31.620000000002143,0.8929144895075997,-1.9449063634958587e-13,3.6467703856679634e-13,-0.17711299906127936
31.630000000002145,0.8929144895075946,-1.9424739242903256e-13,3.641566215240033e-13,-0.17711299906128095
31.640000000002146,0.8929144895075894,-1.9400370960258988e-13,3.637680434653845e-13,-0.17711299906128256
31.650000000002148,0.8929144895075845,-1.9376260033928346e-13,3.633864043006696e-13,-0.17711299906128414
31.66000000000215,0.8929144895075795,-1.9352198400507018e-13,3.630949707567055e-13,-0.1771129990612857
31.67000000000215,0.8929144895075746,-1.9328928657884015e-13,3.6270986214503864e-13,-0.17711299906128725
31.680000000002153,0.8929144895075697,-1.930617380190908e-13,3.623178146394679e-13,-0.1771129990612888
31.690000000002154,0.8929144895075647,-1.9283633853541055e-13,3.6189454211132954e-13,-0.17711299906129035
31.700000000002156,0.8929144895075598,-1.9261000689122005e-13,3.6150596405271074e-13,-0.1771129990612919
31.710000000002157,0.8929144895075548,-1.9238194091915863e-13,3.608814636013591e-13,-0.17711299906129346
31.72000000000216,0.8929144895075499,-1.9215193552986316e-13,3.604928855427403e-13,-0.17711299906129502
31.73000000000216,0.8929144895075449,-1.9191984785760673e-13,3.599689990529953e-13,-0.17711299906129657
31.740000000002162,0.8929144895075399,-1.9168483759705442e-13,3.594451125632503e-13,-0.17711299906129815
31.750000000002164,0.8929144895075348,-1.9144538272021995e-13,3.589593899899768e-13,-0.17711299906129976
31.760000000002165,0.8929144895075298,-1.9119996546877824e-13,3.583383589855771e-13,-0.17711299906130135
31.770000000002167,0.8929144895075247,-1.909521065768217e-13,3.578144724958321e-13,-0.1771129990613029
31.78000000000217,0.8929144895075197,-1.9070495357787204e-13,3.5743630277806915e-13,-0.1771129990613045
31.79000000000217,0.8929144895075147,-1.9044976196907937e-13,3.5691241628832415e-13,-0.1771129990613061
31.80000000000217,0.8929144895075098,-1.9019597668340422e-13,3.563850603516272e-13,-0.17711299906130767
31.810000000002173,0.8929144895075048,-1.8993722769148126e-13,3.5572933487770797e-13,-0.1771129990613093
31.820000000002175,0.8929144895075,-1.896757004062002e-13,3.5524361230443446e-13,-0.1771129990613109
31.830000000002176,0.8929144895074951,-1.8941122785175822e-13,3.5471972581468947e-13,-0.17711299906131245
31.840000000002178,0.8929144895074901,-1.8914742634692742e-13,3.541923698779925e-13,-0.17711299906131397
31.85000000000218,0.8929144895074852,-1.8888500852469752e-13,3.53706647304719e-13,-0.17711299906131553
31.86000000000218,0.8929144895074802,-1.8862359784040514e-13,3.53182760814974e-13,-0.1771129990613171
31.870000000002182,0.8929144895074753,-1.883612292538762e-13,3.5282887722587475e-13,-0.17711299906131864
31.880000000002184,0.8929144895074703,-1.881050287792179e-13,3.523015212891778e-13,-0.17711299906132016
31.890000000002185,0.8929144895074653,-1.87849835398593e-13,3.5205172110863714e-13,-0.1771129990613217
31.900000000002187,0.8929144895074604,-1.875969209383159e-13,3.5142375121033353e-13,-0.17711299906132325
31.91000000000219,0.8929144895074554,-1.8734358588924957e-13,3.510317037047628e-13,-0.17711299906132474
31.92000000000219,0.8929144895074507,-1.870911731020105e-13,3.5064312564614397e-13,-0.17711299906132624
31.93000000000219,0.8929144895074458,-1.868412473708992e-13,3.502510781405732e-13,-0.17711299906132774
31.940000000002193,0.892914489507441,-1.8659538249219856e-13,3.498555611880505e-13,-0.17711299906132927
31.950000000002195,0.8929144895074361,-1.8635265536572686e-13,3.49369838614777e-13,-0.17711299906133077
31.960000000002196,0.8929144895074314,-1.8610927295791012e-13,3.4883554378417614e-13,-0.17711299906133227
31.970000000002198,0.8929144895074265,-1.858664109478039e-13,3.4844002683165343e-13,-0.17711299906133376
31.9800000000022,0.8929144895074217,-1.856227247045573e-13,3.480514487730346e-13,-0.1771129990613353
31.9900000000022,0.8929144895074168,-1.8538152965927823e-13,3.4756225675280916e-13,-0.1771129990613368
32.0000000000022,0.8929144895074118,-1.8513878001110885e-13,3.4706959528563175e-13,-0.17711299906133832
32.0100000000022,0.8929144895074069,-1.8489428269584505e-13,3.464450948342801e-13,-0.17711299906133984
32.0200000000022,0.8929144895074019,-1.8464785592176275e-13,3.460495778817574e-13,-0.1771129990613414
32.0300000000022,0.892914489507397,-1.8439987460783249e-13,3.4546324134687723e-13,-0.17711299906134292
32.040000000002195,0.892914489507392,-1.8414845128742079e-13,3.449358854101803e-13,-0.17711299906134442
32.05000000000219,0.8929144895073873,-1.8389535439099197e-13,3.4444322394300286e-13,-0.17711299906134592
32.06000000000219,0.8929144895073824,-1.8364228271553697e-13,3.439540319227774e-13,-0.17711299906134745
32.07000000000219,0.8929144895073776,-1.8339448871697976e-13,3.4365912893186135e-13,-0.17711299906134895
32.08000000000219,0.8929144895073727,-1.8314868734106576e-13,3.433052453427621e-13,-0.17711299906135045
32.090000000002185,0.892914489507368,-1.829049042230816e-13,3.4267727544445847e-13,-0.17711299906135194
32.10000000000218,0.8929144895073631,-1.8266097151757882e-13,3.422852279388877e-13,-0.17711299906135347
32.11000000000218,0.8929144895073583,-1.8241564836771167e-13,3.417925664717103e-13,-0.17711299906135497
32.12000000000218,0.8929144895073534,-1.8216798525686889e-13,3.412617410880614e-13,-0.17711299906135647
32.13000000000218,0.8929144895073485,-1.8192077895056224e-13,3.4077254906783594e-13,-0.17711299906135797
32.140000000002175,0.8929144895073438,-1.8167117672794314e-13,3.4024172368418704e-13,-0.1771129990613595
32.15000000000217,0.8929144895073389,-1.814200451073246e-13,3.3988784009508777e-13,-0.17711299906136097
32.16000000000217,0.8929144895073341,-1.8117158388288916e-13,3.392564007498322e-13,-0.17711299906136246
32.17000000000217,0.8929144895073293,-1.8092249878302212e-13,3.3899966167538764e-13,-0.17711299906136393
32.18000000000217,0.8929144895073247,-1.80681227845748e-13,3.387394531539911e-13,-0.17711299906136538
32.190000000002165,0.89291448950732,-1.8044456471422025e-13,3.3834046675451646e-13,-0.17711299906136682
32.20000000000216,0.8929144895073153,-1.8021640062931194e-13,3.381808721947266e-13,-0.17711299906136826
32.21000000000216,0.8929144895073108,-1.799938830357172e-13,3.377818857952519e-13,-0.17711299906136968
32.22000000000216,0.8929144895073061,-1.7977860189432273e-13,3.3742106331224875e-13,-0.1771129990613711
32.23000000000216,0.8929144895073015,-1.795656509641108e-13,3.371192214274288e-13,-0.17711299906137257
32.240000000002155,0.8929144895072969,-1.7935499649547192e-13,3.3672370447490607e-13,-0.17711299906137398
32.25000000000215,0.8929144895072922,-1.7914719662773582e-13,3.3646349595350955e-13,-0.1771129990613754
32.26000000000215,0.8929144895072877,-1.7893951687300586e-13,3.3596389559242823e-13,-0.17711299906137684
32.27000000000215,0.892914489507283,-1.7873421995921295e-13,3.3556490919295356e-13,-0.17711299906137826
32.28000000000215,0.8929144895072783,-1.785251946365942e-13,3.3506530883187224e-13,-0.1771129990613797
32.290000000002145,0.8929144895072736,-1.7831266806093066e-13,3.3457264736469483e-13,-0.1771129990613812
32.30000000000214,0.8929144895072688,-1.7809633630096434e-13,3.341771304121721e-13,-0.17711299906138264
32.31000000000214,0.892914489507264,-1.77875569903472e-13,3.3368099949804275e-13,-0.17711299906138409
32.32000000000214,0.8929144895072595,-1.7765335120907504e-13,3.331779296900095e-13,-0.17711299906138553
32.33000000000214,0.8929144895072548,-1.7743058525062615e-13,3.327858821844387e-13,-0.17711299906138694
32.340000000002135,0.8929144895072503,-1.7720543208810122e-13,3.3228281237640545e-13,-0.17711299906138836
32.35000000000213,0.8929144895072456,-1.76980553219782e-13,3.3192198989340227e-13,-0.17711299906138983
32.36000000000213,0.892914489507241,-1.7675829301653404e-13,3.315299423878315e-13,-0.17711299906139125
32.37000000000213,0.8929144895072364,-1.765342107527386e-13,3.3098870866332675e-13,-0.17711299906139266
32.38000000000213,0.8929144895072317,-1.7630802290819645e-13,3.306313556272755e-13,-0.1771129990613941
32.390000000002125,0.8929144895072272,-1.760807304337391e-13,3.2999297738811606e-13,-0.17711299906139552
32.40000000000212,0.8929144895072225,-1.7585163010913496e-13,3.2959052154168944e-13,-0.17711299906139696
32.41000000000212,0.8929144895072179,-1.756199906114943e-13,3.2909786007451203e-13,-0.1771129990613984
32.42000000000212,0.8929144895072133,-1.7538859227761406e-13,3.286954042280854e-13,-0.17711299906139982
32.43000000000212,0.8929144895072086,-1.7515558878634677e-13,3.2819927331395604e-13,-0.17711299906140127
32.440000000002115,0.892914489507204,-1.7492341083122408e-13,3.277968174675294e-13,-0.1771129990614027
32.45000000000211,0.8929144895071994,-1.746896518265151e-13,3.2730068655340006e-13,-0.17711299906140412
32.46000000000211,0.8929144895071949,-1.744572637301869e-13,3.270370085850516e-13,-0.17711299906140554
32.47000000000211,0.8929144895071903,-1.7422456749668584e-13,3.2653740822397026e-13,-0.17711299906140696
32.48000000000211,0.8929144895071859,-1.7399648284032895e-13,3.261384218244956e-13,-0.17711299906140834
32.490000000002105,0.8929144895071813,-1.7376917169986748e-13,3.25735965978069e-13,-0.1771129990614098
32.5000000000021,0.8929144895071769,-1.7354451147805485e-13,3.2533351013164236e-13,-0.17711299906141117
32.5100000000021,0.8929144895071723,-1.733191727887621e-13,3.248304403236091e-13,-0.17711299906141256
32.5200000000021,0.8929144895071678,-1.7309461935846241e-13,3.244314539241344e-13,-0.177112999061414
32.5300000000021,0.8929144895071633,-1.7286622333203436e-13,3.2392838411610114e-13,-0.1771129990614154
32.540000000002095,0.8929144895071588,-1.7263674990478633e-13,3.234322532019718e-13,-0.17711299906141684
32.55000000000209,0.8929144895071542,-1.7240521954302363e-13,3.229291833939385e-13,-0.17711299906141822
32.56000000000209,0.8929144895071497,-1.721739204577159e-13,3.2243305247980913e-13,-0.17711299906141964
32.57000000000209,0.892914489507145,-1.7193701346956787e-13,3.219334521187278e-13,-0.17711299906142108
32.58000000000209,0.8929144895071405,-1.7169311796269267e-13,3.2130201277347226e-13,-0.17711299906142255
32.590000000002085,0.8929144895071359,-1.7144381404005763e-13,3.2080241241239094e-13,-0.17711299906142397
32.60000000000208,0.8929144895071314,-1.7118844167259204e-13,3.201675036201834e-13,-0.17711299906142544
32.61000000000208,0.8929144895071269,-1.709302427960476e-13,3.1976851722070876e-13,-0.17711299906142686
32.62000000000208,0.8929144895071224,-1.70669939487848e-13,3.1926891685962744e-13,-0.17711299906142827
32.63000000000208,0.8929144895071179,-1.704097298725261e-13,3.18627069173516e-13,-0.1771129990614297
32.640000000002075,0.8929144895071134,-1.701473467768811e-13,3.1813093825938665e-13,-0.1771129990614311
32.65000000000207,0.8929144895071088,-1.6988513857902883e-13,3.176278684513534e-13,-0.1771129990614325
32.66000000000207,0.8929144895071044,-1.6962488978244365e-13,3.17131737537224e-13,-0.17711299906143393
32.67000000000207,0.8929144895070998,-1.6936389368241734e-13,3.166321371761427e-13,-0.17711299906143532
32.68000000000207,0.8929144895070953,-1.6910293154248174e-13,3.161290673681094e-13,-0.17711299906143674
32.690000000002065,0.8929144895070908,-1.6884239893366252e-13,3.156294670070281e-13,-0.17711299906143815
32.70000000000206,0.8929144895070863,-1.6858020394650393e-13,3.1523048060755343e-13,-0.17711299906143954
32.71000000000206,0.8929144895070817,-1.6831638008264668e-13,3.1463026628486546e-13,-0.17711299906144098
32.72000000000206,0.8929144895070774,-1.6805216831802655e-13,3.1408556311340874e-13,-0.17711299906144234
32.73000000000206,0.892914489507073,-1.6779265451668632e-13,3.137212711834536e-13,-0.17711299906144373
32.740000000002055,0.8929144895070685,-1.6753631456270474e-13,3.13318815337027e-13,-0.17711299906144512
32.75000000000205,0.8929144895070642,-1.6727907008880304e-13,3.1281921497594567e-13,-0.1771129990614465
32.76000000000205,0.8929144895070598,-1.6702568971127903e-13,3.1241675912951905e-13,-0.17711299906144792
32.77000000000205,0.8929144895070553,-1.6677537522778358e-13,3.119102198745338e-13,-0.17711299906144928
32.78000000000205,0.8929144895070511,-1.6652738503488339e-13,3.1164654190618535e-13,-0.17711299906145064
32.790000000002046,0.8929144895070468,-1.6628556965585267e-13,3.112406166128068e-13,-0.17711299906145203
32.80000000000204,0.8929144895070424,-1.6604629708238085e-13,3.1097346919750635e-13,-0.1771129990614534
32.81000000000204,0.8929144895070382,-1.6581304912751506e-13,3.1060570782059926e-13,-0.17711299906145472
32.82000000000204,0.8929144895070339,-1.655860812923142e-13,3.1019631308026874e-13,-0.17711299906145606
32.83000000000204,0.8929144895070296,-1.6536287765990678e-13,3.098320211503136e-13,-0.17711299906145742
32.840000000002036,0.8929144895070252,-1.6514287266294854e-13,3.0946079032645457e-13,-0.17711299906145875
32.850000000002034,0.8929144895070208,-1.649206608088142e-13,3.0895425107146934e-13,-0.1771129990614601
32.86000000000203,0.8929144895070164,-1.6470090622723952e-13,3.085899591415142e-13,-0.17711299906146147
32.87000000000203,0.8929144895070121,-1.6447898786184277e-13,3.0818403384813564e-13,-0.1771129990614628
32.88000000000203,0.8929144895070078,-1.6426273708176373e-13,3.078128030242766e-13,-0.17711299906146413
32.890000000002026,0.8929144895070035,-1.640471729558696e-13,3.074034082839461e-13,-0.17711299906146546
32.900000000002024,0.8929144895069991,-1.6383347246207342e-13,3.0693503294543234e-13,-0.17711299906146682
32.91000000000202,0.8929144895069949,-1.6361859521458627e-13,3.066678855301319e-13,-0.17711299906146813
32.92000000000202,0.8929144895069906,-1.634048866122481e-13,3.0630012415322483e-13,-0.1771129990614695
32.93000000000202,0.8929144895069863,-1.6319381810243652e-13,3.059288933293658e-13,-0.1771129990614708
32.940000000002016,0.892914489506982,-1.6298495346341783e-13,3.055611319524587e-13,-0.17711299906147215
32.950000000002014,0.8929144895069777,-1.6277670423045482e-13,3.050545926974735e-13,-0.1771129990614735
32.96000000000201,0.8929144895069734,-1.6256733624226129e-13,3.0468336187361444e-13,-0.17711299906147482
32.97000000000201,0.8929144895069691,-1.6236094153344862e-13,3.0431560049670736e-13,-0.17711299906147615
32.98000000000201,0.8929144895069648,-1.6215522320515773e-13,3.0404845308140693e-13,-0.17711299906147748
32.990000000002006,0.8929144895069605,-1.619498232807249e-13,3.036772222575479e-13,-0.17711299906147882
33.000000000002004,0.8929144895069562,-1.6174395517132693e-13,3.033094608806408e-13,-0.17711299906148015
33.010000000002,0.8929144895069521,-1.615391674871629e-13,3.0289659669335833e-13,-0.17711299906148148
33.020000000002,0.8929144895069479,-1.613370853820622e-13,3.0252883531645125e-13,-0.17711299906148278
33.030000000002,0.8929144895069436,-1.6113721621174771e-13,3.022547490072469e-13,-0.17711299906148412
33.040000000001996,0.8929144895069394,-1.6093837026294074e-13,3.018835181833879e-13,-0.1771129990614854
33.050000000001994,0.8929144895069353,-1.6074308155845677e-13,3.01651065237607e-13,-0.17711299906148673
33.06000000000199,0.8929144895069311,-1.6054924417294185e-13,3.0124167049727646e-13,-0.17711299906148803
33.07000000000199,0.8929144895069269,-1.6035416955232425e-13,3.008739091203694e-13,-0.17711299906148936
33.08000000000199,0.8929144895069226,-1.601593841077211e-13,3.004610449330869e-13,-0.17711299906149067
33.090000000001986,0.8929144895069185,-1.5996428712250838e-13,3.0008981410922786e-13,-0.177112999061492
33.100000000001984,0.8929144895069143,-1.5976815870249018e-13,2.997185832853688e-13,-0.17711299906149328
33.11000000000198,0.8929144895069101,-1.595721935496125e-13,2.993091885450383e-13,-0.1771129990614946
33.12000000000198,0.8929144895069059,-1.593727697286925e-13,2.987991798431011e-13,-0.1771129990614959
33.13000000000198,0.8929144895069018,-1.591714757942294e-13,2.9843141846619403e-13,-0.17711299906149724
33.140000000001976,0.8929144895068976,-1.5896681934738675e-13,2.98060187642335e-13,-0.17711299906149855
33.150000000001974,0.8929144895068932,-1.5876142719194574e-13,2.974530344257431e-13,-0.17711299906149988
33.16000000000197,0.892914489506889,-1.5854947105609782e-13,2.9704710913236454e-13,-0.17711299906150121
33.17000000000197,0.8929144895068848,-1.5833387571560984e-13,2.966758783085055e-13,-0.17711299906150255
33.18000000000197,0.8929144895068806,-1.5811708351292343e-13,2.960687250919136e-13,-0.17711299906150388
33.190000000001966,0.8929144895068764,-1.57896395408766e-13,2.955621858369284e-13,-0.1771129990615052
33.200000000001964,0.8929144895068722,-1.5767376134903414e-13,2.9519095501306936e-13,-0.1771129990615065
33.21000000000196,0.892914489506868,-1.5744984650568932e-13,2.947780908257869e-13,-0.17711299906150782
33.22000000000196,0.8929144895068638,-1.5722643964450695e-13,2.943062460403212e-13,-0.17711299906150912
33.23000000000196,0.8929144895068597,-1.5699971834366472e-13,2.9379970678533596e-13,-0.17711299906151043
33.240000000001956,0.8929144895068555,-1.5677035130366832e-13,2.932896980833988e-13,-0.17711299906151176
33.250000000001954,0.8929144895068513,-1.5654120860760702e-13,2.9291846725953974e-13,-0.17711299906151307
33.26000000000195,0.892914489506847,-1.5631145100071362e-13,2.925472364356807e-13,-0.17711299906151437
33.27000000000195,0.8929144895068429,-1.5608179954997177e-13,2.921725361648697e-13,-0.17711299906151565
33.28000000000195,0.8929144895068387,-1.5585363539631117e-13,2.9166252746293253e-13,-0.17711299906151695
33.290000000001946,0.8929144895068345,-1.5562831439580388e-13,2.91329460555545e-13,-0.17711299906151823
33.300000000001944,0.8929144895068304,-1.5540607481694999e-13,2.90954760284734e-13,-0.17711299906151948
33.31000000000194,0.8929144895068263,-1.551866732606523e-13,2.906772045285777e-13,-0.17711299906152075
33.32000000000194,0.8929144895068223,-1.5496948931480567e-13,2.903025042577667e-13,-0.177112999061522
33.33000000000194,0.8929144895068182,-1.5475776353376689e-13,2.899278039869557e-13,-0.17711299906152328
33.340000000001936,0.8929144895068141,-1.5455136189036452e-13,2.8965024823079943e-13,-0.17711299906152453
33.350000000001934,0.89291448950681,-1.543444358032452e-13,2.892720785130365e-13,-0.1771129990615258
33.36000000000193,0.892914489506806,-1.541410770571727e-13,2.890326866733517e-13,-0.17711299906152705
33.37000000000193,0.8929144895068019,-1.5393953674517268e-13,2.886579864025407e-13,-0.17711299906152833
33.38000000000193,0.8929144895067977,-1.5374319512307426e-13,2.882832861317297e-13,-0.17711299906152955
33.390000000001926,0.8929144895067938,-1.535511340872031e-13,2.880057303755734e-13,-0.17711299906153083
33.400000000001924,0.8929144895067898,-1.5336259107359937e-13,2.876240912108585e-13,-0.17711299906153208
33.41000000000192,0.8929144895067859,-1.5317804980572473e-13,2.874853133327804e-13,-0.1771129990615333
33.42000000000192,0.8929144895067819,-1.529981179680965e-13,2.8721122702357604e-13,-0.17711299906153455
33.43000000000192,0.8929144895067779,-1.5282170651004185e-13,2.869683657369393e-13,-0.17711299906153577
33.440000000001916,0.8929144895067739,-1.526476288309773e-13,2.86690809980783e-13,-0.17711299906153702
33.450000000001914,0.8929144895067698,-1.5247167625904807e-13,2.8621549574836536e-13,-0.17711299906153827
33.46000000000191,0.8929144895067659,-1.5229507689627775e-13,2.859344705452571e-13,-0.17711299906153952
33.47000000000191,0.8929144895067619,-1.521187608812526e-13,2.855597702744461e-13,-0.17711299906154074
33.48000000000191,0.8929144895067579,-1.5194058993735663e-13,2.851816005566832e-13,-0.177112999061542
33.490000000001906,0.8929144895067539,-1.5176542042356813e-13,2.849040448005269e-13,-0.17711299906154324
33.500000000001904,0.8929144895067499,-1.515891489921948e-13,2.84522405635812e-13,-0.17711299906154446
33.5100000000019,0.892914489506746,-1.5141314916773085e-13,2.8428648324307915e-13,-0.1771129990615457
33.5200000000019,0.892914489506742,-1.5123595167742194e-13,2.839083135253162e-13,-0.17711299906154693
33.5300000000019,0.892914489506738,-1.5105833345862023e-13,2.8353014380755326e-13,-0.17711299906154818
33.540000000001896,0.892914489506734,-1.508781480889357e-13,2.831519740897903e-13,-0.1771129990615494
33.550000000001894,0.89291448950673,-1.5069750719362711e-13,2.827772738189793e-13,-0.17711299906155065
33.56000000000189,0.892914489506726,-1.5051996563874878e-13,2.8249277916891913e-13,-0.1771129990615519
33.57000000000189,0.8929144895067221,-1.5033848358490782e-13,2.8211807889810814e-13,-0.17711299906155314
33.58000000000189,0.8929144895067181,-1.5015516048320538e-13,2.8163929521873854e-13,-0.1771129990615544
33.590000000001886,0.8929144895067141,-1.4997024218740403e-13,2.811258170698494e-13,-0.17711299906155561
33.600000000001884,0.8929144895067102,-1.4978096993330473e-13,2.807441779051345e-13,-0.17711299906155686
33.61000000000188,0.8929144895067062,-1.4958694916019585e-13,2.80407641550795e-13,-0.17711299906155809
33.62000000000188,0.8929144895067024,-1.4939257915417829e-13,2.8012661634768676e-13,-0.1771129990615593
33.63000000000188,0.8929144895066985,-1.491995755502502e-13,2.7974497718297187e-13,-0.1771129990615605
33.640000000001876,0.8929144895066946,-1.4901242500896666e-13,2.7949864644938316e-13,-0.17711299906156167
33.650000000001874,0.8929144895066907,-1.4883201512923077e-13,2.79359868571305e-13,-0.17711299906156286
33.66000000000187,0.8929144895066868,-1.4865590571235313e-13,2.7897475995963816e-13,-0.17711299906156408
33.67000000000187,0.892914489506683,-1.4848199784121133e-13,2.7872842922604946e-13,-0.17711299906156525
33.68000000000187,0.8929144895066791,-1.4831216055963539e-13,2.7848209849246075e-13,-0.17711299906156644
33.69000000000187,0.8929144895066753,-1.4814630250948712e-13,2.7833985116743065e-13,-0.1771129990615676
33.700000000001864,0.8929144895066714,-1.4797998057442296e-13,2.778575980411091e-13,-0.1771129990615688
33.71000000000186,0.8929144895066675,-1.4781616626328766e-13,2.7761473675447235e-13,-0.17711299906157
33.72000000000186,0.8929144895066636,-1.4765156532497659e-13,2.7723309758975745e-13,-0.17711299906157116
33.73000000000186,0.8929144895066597,-1.4748899033612654e-13,2.7698676685616874e-13,-0.17711299906157235
33.74000000000186,0.8929144895066559,-1.4732637253147491e-13,2.767057416530605e-13,-0.17711299906157355
33.750000000001855,0.892914489506652,-1.4716427931425603e-13,2.764594109194718e-13,-0.17711299906157474
33.76000000000185,0.8929144895066482,-1.470031169735468e-13,2.762130801858831e-13,-0.17711299906157593
33.77000000000185,0.8929144895066443,-1.4684052630155934e-13,2.75696132590042e-13,-0.17711299906157713
33.78000000000185,0.8929144895066404,-1.4667361082627352e-13,2.754498018564533e-13,-0.17711299906157832
33.79000000000185,0.8929144895066365,-1.4650559382861983e-13,2.750681626917384e-13,-0.1771129990615795
33.800000000001845,0.8929144895066327,-1.463370851104504e-13,2.74724687443495e-13,-0.17711299906158068
33.81000000000184,0.8929144895066288,-1.4616583732124598e-13,2.743430482787801e-13,-0.17711299906158187
33.82000000000184,0.8929144895066249,-1.459917407085662e-13,2.739614091140652e-13,-0.1771129990615831
33.83000000000184,0.8929144895066211,-1.4581992739728234e-13,2.737150783804765e-13,-0.17711299906158426
33.84000000000184,0.8929144895066172,-1.456444984085185e-13,2.7323282525415493e-13,-0.17711299906158545
33.850000000001835,0.8929144895066133,-1.4546858045780508e-13,2.7285118608944003e-13,-0.17711299906158665
33.86000000000183,0.8929144895066095,-1.4528802705187376e-13,2.7260485535585133e-13,-0.1771129990615878
33.87000000000183,0.8929144895066056,-1.45107267051737e-13,2.7222321619113643e-13,-0.177112999061589
33.88000000000183,0.8929144895066017,-1.4492409091043168e-13,2.717409630648149e-13,-0.17711299906159017
33.89000000000183,0.8929144895065978,-1.447369537556576e-13,2.712621793854453e-13,-0.17711299906159136
33.900000000001825,0.8929144895065939,-1.445502026666919e-13,2.7101584865185657e-13,-0.17711299906159256
33.91000000000182,0.8929144895065901,-1.4436133522456524e-13,2.706342094871417e-13,-0.17711299906159375
33.92000000000182,0.8929144895065863,-1.4417230648692108e-13,2.701519563608201e-13,-0.17711299906159494
33.93000000000182,0.8929144895065824,-1.4398301541169704e-13,2.699056256272314e-13,-0.17711299906159614
33.94000000000182,0.8929144895065786,-1.437927239828558e-13,2.695239864625165e-13,-0.17711299906159728
33.950000000001815,0.8929144895065748,-1.436043404200055e-13,2.692776557289278e-13,-0.17711299906159844
33.96000000000181,0.892914489506571,-1.4341792109188427e-13,2.6889254711726096e-13,-0.17711299906159964
33.97000000000181,0.8929144895065673,-1.4323101053639113e-13,2.6840682454398745e-13,-0.17711299906160077
33.98000000000181,0.8929144895065635,-1.4304546787015684e-13,2.681639632573507e-13,-0.17711299906160194
33.99000000000181,0.8929144895065598,-1.4286055968794784e-13,2.6777885464568385e-13,-0.1771129990616031
34.000000000001805,0.892914489506556,-1.426748454127467e-13,2.6753252391209514e-13,-0.17711299906160427
34.0100000000018,0.8929144895065523,-1.4249002138195542e-13,2.671474153004283e-13,-0.17711299906160544
34.0200000000018,0.8929144895065485,-1.4230842178895057e-13,2.667588372418095e-13,-0.17711299906160657
34.0300000000018,0.8929144895065447,-1.4212626131568371e-13,2.665125065082208e-13,-0.17711299906160777
34.0400000000018,0.892914489506541,-1.4194636705892687e-13,2.6626964522158403e-13,-0.17711299906160893
34.050000000001795,0.8929144895065372,-1.4176636883026043e-13,2.658845366099172e-13,-0.17711299906161007
34.06000000000179,0.8929144895065334,-1.4158654956070245e-13,2.656416753232804e-13,-0.17711299906161126
34.07000000000179,0.8929144895065299,-1.4141170635248396e-13,2.652530972646616e-13,-0.1771129990616124
34.08000000000179,0.8929144895065262,-1.4123973135981212e-13,2.6510044159877566e-13,-0.17711299906161354
34.09000000000179,0.8929144895065225,-1.4107147090792314e-13,2.647153329871088e-13,-0.17711299906161468
34.100000000001785,0.892914489506519,-1.4090478779967616e-13,2.6456267732122285e-13,-0.17711299906161582
34.11000000000178,0.8929144895065153,-1.4073880674565553e-13,2.6403879083147785e-13,-0.17711299906161695
34.12000000000178,0.8929144895065116,-1.405725114927165e-13,2.637889906509372e-13,-0.1771129990616181
34.13000000000178,0.892914489506508,-1.40400961650754e-13,2.6340388203927034e-13,-0.17711299906161923
34.14000000000178,0.8929144895065043,-1.4022840129362683e-13,2.6301530398065154e-13,-0.1771129990616204
34.150000000001775,0.8929144895065007,-1.4005339659317808e-13,2.627655038001109e-13,-0.1771129990616215
34.16000000000177,0.892914489506497,-1.3987779189304084e-13,2.623387618250206e-13,-0.17711299906162267
34.17000000000177,0.8929144895064934,-1.3970100468119416e-13,2.6185650869869903e-13,-0.1771129990616238
34.18000000000177,0.8929144895064898,-1.3952355743094593e-13,2.6160670851815837e-13,-0.17711299906162495
34.19000000000177,0.8929144895064861,-1.393438508493643e-13,2.6121813045953957e-13,-0.1771129990616261
34.200000000001765,0.8929144895064824,-1.391679910504928e-13,2.609683302789989e-13,-0.17711299906162725
34.21000000000176,0.8929144895064788,-1.3899150204983694e-13,2.606838356289387e-13,-0.17711299906162836
34.22000000000176,0.8929144895064751,-1.3881155776164955e-13,2.601981130556652e-13,-0.17711299906162953
34.23000000000176,0.8929144895064715,-1.3863041320244193e-13,2.5981300444399835e-13,-0.17711299906163067
34.24000000000176,0.8929144895064678,-1.3845004363847832e-13,2.594278958323315e-13,-0.1771129990616318
34.250000000001755,0.8929144895064641,-1.382670722235161e-13,2.5903584832676074e-13,-0.17711299906163294
34.26000000000175,0.8929144895064606,-1.3808344135270088e-13,2.5865420916204585e-13,-0.17711299906163414
34.27000000000175,0.892914489506457,-1.378968422880415e-13,2.58269100550379e-13,-0.17711299906163527
34.28000000000175,0.8929144895064535,-1.3770890363510614e-13,2.579776670064149e-13,-0.17711299906163638
34.29000000000175,0.8929144895064499,-1.3752269324199412e-13,2.575890889477961e-13,-0.17711299906163752
34.300000000001745,0.8929144895064464,-1.3733886458748254e-13,2.573392887672554e-13,-0.17711299906163863
34.31000000000174,0.8929144895064428,-1.3715169184749403e-13,2.569507107086366e-13,-0.17711299906163974
34.32000000000174,0.8929144895064393,-1.369648111119497e-13,2.565621326500178e-13,-0.17711299906164088
34.33000000000174,0.8929144895064357,-1.3677539870096305e-13,2.5607294062979236e-13,-0.17711299906164202
34.34000000000174,0.8929144895064322,-1.3658486133197424e-13,2.557849765327802e-13,-0.1771129990616431
34.350000000001735,0.8929144895064286,-1.3639587848785415e-13,2.553963984741614e-13,-0.17711299906164424
34.36000000000173,0.8929144895064252,-1.3620690375849836e-13,2.550459843320141e-13,-0.17711299906164538
34.37000000000173,0.8929144895064216,-1.3601947991769495e-13,2.546574062733953e-13,-0.17711299906164646
34.38000000000173,0.892914489506418,-1.358326490763153e-13,2.5436944217638313e-13,-0.1771129990616476
34.39000000000173,0.8929144895064145,-1.356444351306097e-13,2.5411270310193856e-13,-0.17711299906164873
34.400000000001725,0.892914489506411,-1.3545854204812797e-13,2.5362698052866506e-13,-0.17711299906164985
34.41000000000172,0.8929144895064074,-1.3527032847308236e-13,2.5323840247004625e-13,-0.17711299906165096
34.42000000000172,0.8929144895064038,-1.3507892034619168e-13,2.5284982441142745e-13,-0.1771129990616521
34.43000000000172,0.8929144895064003,-1.3488551671947373e-13,2.5246124635280864e-13,-0.1771129990616532
34.44000000000172,0.8929144895063967,-1.3469197418492456e-13,2.5207266829418984e-13,-0.1771129990616543
34.450000000001715,0.8929144895063932,-1.3449567669388125e-13,2.5168409023557103e-13,-0.17711299906165545
34.46000000000171,0.8929144895063897,-1.342988348433698e-13,2.512920427300003e-13,-0.17711299906165653
34.47000000000171,0.8929144895063863,-1.341044389183615e-13,2.5100060918603617e-13,-0.17711299906165764
34.48000000000171,0.892914489506383,-1.3391237109765322e-13,2.506085616804654e-13,-0.17711299906165873
34.49000000000171,0.8929144895063794,-1.3372110558584808e-13,2.502199836218466e-13,-0.17711299906165986
34.500000000001705,0.8929144895063759,-1.335303781679682e-13,2.498314055632278e-13,-0.17711299906166098
34.5100000000017,0.8929144895063723,-1.3333352902862281e-13,2.4943935805765705e-13,-0.17711299906166209
34.5200000000017,0.8929144895063688,-1.3313401792860883e-13,2.4895363548438354e-13,-0.17711299906166322
34.5300000000017,0.8929144895063652,-1.3293186110193742e-13,2.485615879788128e-13,-0.1771129990616643
34.5400000000017,0.8929144895063617,-1.3272985829564694e-13,2.482077043897135e-13,-0.17711299906166542
34.550000000001695,0.8929144895063581,-1.3252854159139748e-13,2.4771851236948805e-13,-0.17711299906166647
34.56000000000169,0.8929144895063545,-1.323263822011903e-13,2.473264648639173e-13,-0.17711299906166758
34.57000000000169,0.892914489506351,-1.321250648609223e-13,2.470731952364247e-13,-0.17711299906166866
34.58000000000169,0.8929144895063474,-1.3192444390953014e-13,2.465840032161992e-13,-0.17711299906166977
34.59000000000169,0.8929144895063439,-1.3172279455623568e-13,2.463307335887066e-13,-0.17711299906167086
34.600000000001685,0.8929144895063403,-1.3152189979634226e-13,2.4584154156848115e-13,-0.17711299906167194
34.61000000000168,0.8929144895063368,-1.3131926429727464e-13,2.454494940629104e-13,-0.17711299906167305
34.62000000000168,0.8929144895063332,-1.3111601489302253e-13,2.450956104738111e-13,-0.17711299906167413
34.63000000000168,0.8929144895063298,-1.3091608281780932e-13,2.447000935212884e-13,-0.17711299906167519
34.64000000000168,0.8929144895063263,-1.3071860834211312e-13,2.445439684084505e-13,-0.17711299906167627
34.650000000001675,0.8929144895063229,-1.305235775029431e-13,2.4405477638822504e-13,-0.17711299906167732
34.66000000000167,0.8929144895063195,-1.3032986267720285e-13,2.437945678668285e-13,-0.1771129990616784
34.67000000000167,0.892914489506316,-1.3013730496498527e-13,2.433990509143058e-13,-0.17711299906167946
34.68000000000167,0.8929144895063126,-1.2994382739445792e-13,2.43010472855687e-13,-0.17711299906168051
34.69000000000167,0.8929144895063093,-1.2974977384618457e-13,2.426149559031643e-13,-0.1771129990616816
34.700000000001666,0.8929144895063058,-1.2955621962840444e-13,2.4236168627567167e-13,-0.17711299906168268
34.71000000000166,0.8929144895063024,-1.2936253522649973e-13,2.4196616932314896e-13,-0.17711299906168373
34.72000000000166,0.8929144895062989,-1.2916673871519073e-13,2.414700384090196e-13,-0.1771129990616848
34.73000000000166,0.8929144895062955,-1.2896742551439624e-13,2.4094268247232264e-13,-0.17711299906168587
34.74000000000166,0.892914489506292,-1.287619447679543e-13,2.405506349667519e-13,-0.17711299906168695
34.750000000001656,0.8929144895062886,-1.285508535936094e-13,2.400545040526225e-13,-0.177112999061688
34.760000000001654,0.8929144895062852,-1.283339528271795e-13,2.396589871000998e-13,-0.17711299906168904
34.77000000000165,0.8929144895062817,-1.2811659760551983e-13,2.391663256329224e-13,-0.17711299906169012
34.78000000000165,0.8929144895062783,-1.2789545309576342e-13,2.3853488628766684e-13,-0.1771129990616912
34.79000000000165,0.8929144895062748,-1.2767033608011304e-13,2.381393693351441e-13,-0.17711299906169226
34.800000000001646,0.8929144895062715,-1.2744290127050976e-13,2.3774038293566946e-13,-0.17711299906169328
34.810000000001644,0.8929144895062682,-1.2721879574275907e-13,2.373483354300987e-13,-0.17711299906169434
34.82000000000164,0.8929144895062648,-1.2699926123230443e-13,2.3705343243918264e-13,-0.1771129990616954
34.83000000000164,0.8929144895062616,-1.2678161402565912e-13,2.367515905543627e-13,-0.17711299906169642
34.84000000000164,0.8929144895062583,-1.2656770112182816e-13,2.363977069652634e-13,-0.17711299906169747
34.850000000001636,0.892914489506255,-1.2635707225587785e-13,2.360021900127407e-13,-0.1771129990616985
34.860000000001634,0.8929144895062516,-1.261473410967471e-13,2.355997341663141e-13,-0.17711299906169953
34.87000000000163,0.8929144895062483,-1.2594020416008344e-13,2.3530136172844607e-13,-0.17711299906170053
34.88000000000163,0.892914489506245,-1.2573617066693948e-13,2.3504115320704955e-13,-0.17711299906170155
34.89000000000163,0.8929144895062416,-1.255347358306332e-13,2.3464563625452683e-13,-0.17711299906170258
34.900000000001626,0.8929144895062383,-1.253384845999293e-13,2.3438195828617836e-13,-0.1771129990617036
34.910000000001624,0.892914489506235,-1.2514321658261155e-13,2.340211358031752e-13,-0.17711299906170458
34.92000000000162,0.8929144895062316,-1.2494974409540136e-13,2.3362561885065247e-13,-0.1771129990617056
34.93000000000162,0.8929144895062283,-1.2475845541671248e-13,2.332266324511778e-13,-0.17711299906170663
34.94000000000162,0.892914489506225,-1.2456671211935065e-13,2.3296295448282933e-13,-0.17711299906170766
34.950000000001616,0.8929144895062217,-1.243739793230623e-13,2.326056014467781e-13,-0.1771129990617087
34.960000000001614,0.8929144895062182,-1.2418239669496273e-13,2.3220661504730344e-13,-0.17711299906170966
34.97000000000161,0.8929144895062149,-1.2399580246557777e-13,2.320817149570331e-13,-0.17711299906171063
34.98000000000161,0.8929144895062116,-1.2381416957798953e-13,2.31717423027078e-13,-0.1771129990617116
34.99000000000161,0.8929144895062082,-1.23632534359986e-13,2.314537450587295e-13,-0.1771129990617126
35.000000000001606,0.892914489506205,-1.234561439687516e-13,2.3119006709038104e-13,-0.17711299906171357
35.010000000001604,0.8929144895062018,-1.2328553004576553e-13,2.309229196750806e-13,-0.17711299906171454
35.0200000000016,0.8929144895061986,-1.2311900104651902e-13,2.307598556683388e-13,-0.1771129990617155
35.0300000000016,0.8929144895061953,-1.2295413044282758e-13,2.303920942914317e-13,-0.17711299906171646
35.0400000000016,0.8929144895061921,-1.2279448205738592e-13,2.3022556083773793e-13,-0.17711299906171743
35.050000000001596,0.8929144895061889,-1.2263729526369407e-13,2.3000004678586095e-13,-0.17711299906171837
35.060000000001594,0.8929144895061857,-1.224826581536271e-13,2.2983351333216717e-13,-0.17711299906171935
35.07000000000159,0.8929144895061825,-1.2233155132086038e-13,2.2946922140221204e-13,-0.17711299906172032
35.08000000000159,0.8929144895061791,-1.2218349276482462e-13,2.2934085186498976e-13,-0.17711299906172126
35.09000000000159,0.8929144895061759,-1.2203756905572352e-13,2.290771738966413e-13,-0.17711299906172223
35.100000000001586,0.8929144895061727,-1.2189384705538366e-13,2.288134959282928e-13,-0.1771129990617232
35.110000000001584,0.8929144895061695,-1.2175151187110782e-13,2.286885958380225e-13,-0.17711299906172417
35.12000000000158,0.8929144895061663,-1.2161293941806796e-13,2.283208344611154e-13,-0.17711299906172515
35.13000000000158,0.892914489506163,-1.2147758031281979e-13,2.280606259397189e-13,-0.1771129990617261
35.14000000000158,0.8929144895061598,-1.2134132163829285e-13,2.2792878695554464e-13,-0.17711299906172703
35.150000000001576,0.8929144895061566,-1.2120746346618022e-13,2.276685784341481e-13,-0.177112999061728
35.160000000001574,0.8929144895061534,-1.2107374258683535e-13,2.275367394499739e-13,-0.17711299906172898
35.17000000000157,0.8929144895061502,-1.2094084281984224e-13,2.271759169669707e-13,-0.17711299906172995
35.18000000000157,0.8929144895061469,-1.2080792676832732e-13,2.2690876955167028e-13,-0.1771129990617309
35.19000000000157,0.8929144895061436,-1.2067514448821174e-13,2.2678386946139995e-13,-0.17711299906173186
35.200000000001566,0.8929144895061405,-1.2054249081854131e-13,2.2651672204609952e-13,-0.17711299906173283
35.210000000001564,0.8929144895061374,-1.2040993723863218e-13,2.2624610518384713e-13,-0.17711299906173378
35.22000000000156,0.8929144895061343,-1.2027960120497066e-13,2.2598589666245061e-13,-0.17711299906173472
35.23000000000156,0.8929144895061312,-1.2015412775940016e-13,2.2585405767827638e-13,-0.17711299906173567
35.24000000000156,0.8929144895061281,-1.2003243072503496e-13,2.2568405477763065e-13,-0.17711299906173658
35.250000000001556,0.892914489506125,-1.1991062482498097e-13,2.2532323229462747e-13,-0.17711299906173758
35.260000000001554,0.8929144895061218,-1.1978912174573153e-13,2.25059554326279e-13,-0.17711299906173855
35.27000000000155,0.8929144895061186,-1.1966411789346457e-13,2.2479587635793052e-13,-0.17711299906173955
35.28000000000155,0.8929144895061154,-1.1953323852408054e-13,2.2439688995845586e-13,-0.17711299906174055
35.29000000000155,0.8929144895061122,-1.1939919464961517e-13,2.2417137590657887e-13,-0.1771129990617415
35.300000000001546,0.892914489506109,-1.192632594331965e-13,2.2390422849127845e-13,-0.17711299906174247
35.310000000001544,0.8929144895061056,-1.1912451129361903e-13,2.2353993656132332e-13,-0.17711299906174344
35.32000000000154,0.8929144895061024,-1.1898218873465626e-13,2.2317564463136819e-13,-0.17711299906174438
35.33000000000154,0.8929144895060992,-1.1883689844997728e-13,2.2281135270141306e-13,-0.17711299906174535
35.34000000000154,0.892914489506096,-1.1868782535242446e-13,2.2244706077145793e-13,-0.17711299906174632
35.350000000001536,0.8929144895060928,-1.1853579617700205e-13,2.2218338280310945e-13,-0.17711299906174727
35.360000000001534,0.8929144895060895,-1.1838173057970424e-13,2.2195439930428051e-13,-0.17711299906174824
35.37000000000153,0.8929144895060863,-1.1822517714895597e-13,2.2145132949624724e-13,-0.1771129990617492
35.38000000000153,0.8929144895060831,-1.1806457738096063e-13,2.2109050701324406e-13,-0.17711299906175018
35.39000000000153,0.89291448950608,-1.1790206246504964e-13,2.2086152351441513e-13,-0.17711299906175113
35.400000000001526,0.8929144895060769,-1.177407155304539e-13,2.205943760991147e-13,-0.17711299906175207
35.410000000001524,0.8929144895060738,-1.1758242782369833e-13,2.2022661472220761e-13,-0.17711299906175298
35.42000000000152,0.8929144895060706,-1.1742451658870914e-13,2.1996293675385914e-13,-0.17711299906175393
35.43000000000152,0.8929144895060674,-1.1726755483411515e-13,2.196957893385587e-13,-0.17711299906175487
35.44000000000152,0.8929144895060643,-1.1710962638887917e-13,2.1946333639277782e-13,-0.17711299906175582
35.450000000001516,0.8929144895060612,-1.1695158359338851e-13,2.190990444628227e-13,-0.17711299906175676
35.460000000001514,0.8929144895060581,-1.167930308975783e-13,2.1883189704752226e-13,-0.1771129990617577
35.47000000000151,0.892914489506055,-1.166345522229098e-13,2.1842250230719173e-13,-0.17711299906175865
35.48000000000151,0.8929144895060519,-1.1647546261100475e-13,2.182976022169214e-13,-0.1771129990617596
35.49000000000151,0.8929144895060488,-1.1631663118958022e-13,2.1792984084001432e-13,-0.17711299906176053
35.500000000001506,0.8929144895060457,-1.1615800768832273e-13,2.175655489100592e-13,-0.17711299906176148
35.510000000001504,0.8929144895060425,-1.1599801074773008e-13,2.1729840149475876e-13,-0.17711299906176242
35.5200000000015,0.8929144895060394,-1.1583852861711551e-13,2.1693064011785168e-13,-0.17711299906176337
35.5300000000015,0.8929144895060362,-1.156818500914492e-13,2.165628787409446e-13,-0.17711299906176428
35.5400000000015,0.8929144895060331,-1.1552042059850076e-13,2.1633736468906761e-13,-0.17711299906176523
35.550000000001496,0.89291448950603,-1.1535833945552166e-13,2.1596960331216053e-13,-0.17711299906176617
35.560000000001494,0.8929144895060269,-1.1519597989311068e-13,2.1560184193525345e-13,-0.1771129990617671
35.57000000000149,0.8929144895060238,-1.150297921553633e-13,2.1523408055834636e-13,-0.17711299906176806
35.58000000000149,0.8929144895060208,-1.148630197941535e-13,2.149704025899979e-13,-0.17711299906176897
35.59000000000149,0.8929144895060178,-1.146991169940637e-13,2.1459917176613885e-13,-0.1771129990617699
35.60000000000149,0.8929144895060147,-1.1453528269164289e-13,2.1447080222891657e-13,-0.1771129990617708
35.610000000001484,0.8929144895060117,-1.1437483262796714e-13,2.1409957140505753e-13,-0.17711299906177172
35.62000000000148,0.8929144895060087,-1.1421608416180566e-13,2.139677324208833e-13,-0.17711299906177266
35.63000000000148,0.8929144895060057,-1.1406105298429081e-13,2.135999710439762e-13,-0.17711299906177358
35.64000000000148,0.8929144895060027,-1.139067951700775e-13,2.1346813205980197e-13,-0.1771129990617745
35.65000000000148,0.8929144895059996,-1.1375543464804352e-13,2.131003706828949e-13,-0.17711299906177544
35.660000000001475,0.8929144895059966,-1.1360624141375738e-13,2.129720011456726e-13,-0.17711299906177635
35.67000000000147,0.8929144895059936,-1.1346024002408455e-13,2.1284363160845032e-13,-0.17711299906177724
35.68000000000147,0.8929144895059905,-1.1332021777838975e-13,2.12569545299246e-13,-0.1771129990617782
35.69000000000147,0.8929144895059875,-1.1318273269062064e-13,2.12344031247369e-13,-0.1771129990617791
35.70000000000147,0.8929144895059845,-1.1304798655053693e-13,2.1221219226319477e-13,-0.17711299906178002
35.710000000001465,0.8929144895059815,-1.129140910462732e-13,2.1194157540094238e-13,-0.17711299906178093
35.72000000000146,0.8929144895059785,-1.127824363469951e-13,2.118132058637201e-13,-0.17711299906178185
35.73000000000146,0.8929144895059755,-1.1265513598791413e-13,2.1171953079601735e-13,-0.1771129990617828
35.74000000000146,0.8929144895059725,-1.1252785843263725e-13,2.1135176941911027e-13,-0.1771129990617837
35.75000000000146,0.8929144895059695,-1.1240183570089579e-13,2.1108115255685789e-13,-0.17711299906178463
35.760000000001455,0.8929144895059665,-1.1227504683087912e-13,2.1085216905802895e-13,-0.17711299906178554
35.77000000000145,0.8929144895059634,-1.121476182103759e-13,2.1058155219577657e-13,-0.17711299906178646
35.78000000000145,0.8929144895059604,-1.1201825686530277e-13,2.1021379081886948e-13,-0.17711299906178737
35.79000000000145,0.8929144895059575,-1.1188874074514696e-13,2.100784823877433e-13,-0.1771129990617883
35.80000000000145,0.8929144895059546,-1.1176266161433119e-13,2.0994664340356906e-13,-0.17711299906178918
35.810000000001445,0.8929144895059518,-1.1164140373673486e-13,2.0981827386634677e-13,-0.1771129990617901
35.82000000000144,0.8929144895059489,-1.1152069499507612e-13,2.0954418755714244e-13,-0.17711299906179098
35.83000000000144,0.892914489505946,-1.1139987358515078e-13,2.0931173461136154e-13,-0.17711299906179187
35.84000000000144,0.892914489505943,-1.112818598373962e-13,2.0904111774910916e-13,-0.1771129990617928
35.85000000000144,0.8929144895059401,-1.1116748100966984e-13,2.0890927876493492e-13,-0.17711299906179367
35.860000000001435,0.8929144895059372,-1.1105150749822583e-13,2.086351924557306e-13,-0.17711299906179456
35.87000000000143,0.8929144895059343,-1.1093676242842745e-13,2.0850335347155635e-13,-0.17711299906179545
35.88000000000143,0.8929144895059314,-1.1082349665858936e-13,2.0837151448738211e-13,-0.17711299906179634
35.89000000000143,0.8929144895059286,-1.1071070555300776e-13,2.0813906154160122e-13,-0.17711299906179725
35.90000000000143,0.8929144895059257,-1.105968580354703e-13,2.0786844467934884e-13,-0.17711299906179814
35.910000000001425,0.8929144895059227,-1.1048444385748955e-13,2.077366056951746e-13,-0.17711299906179903
35.92000000000142,0.8929144895059198,-1.1037391036499592e-13,2.0746251938597027e-13,-0.17711299906179995
35.93000000000142,0.8929144895059169,-1.1026429652131668e-13,2.0737231376521947e-13,-0.17711299906180084
35.94000000000142,0.892914489505914,-1.1015456019414993e-13,2.071016969029671e-13,-0.17711299906180172
35.95000000000142,0.8929144895059111,-1.1004536643496717e-13,2.0682761059376276e-13,-0.17711299906180264
35.960000000001415,0.8929144895059082,-1.0993164758151647e-13,2.0659515764798186e-13,-0.17711299906180353
35.97000000000141,0.8929144895059054,-1.0981291118973315e-13,2.0622392682412283e-13,-0.17711299906180442
35.98000000000141,0.8929144895059025,-1.0969362559901842e-13,2.060920878399486e-13,-0.17711299906180533
35.99000000000141,0.8929144895058995,-1.0957374417186375e-13,2.0572085701608955e-13,-0.17711299906180622
36.00000000000141,0.8929144895058966,-1.0945139012870978e-13,2.0545024015383717e-13,-0.17711299906180714
36.010000000001405,0.8929144895058937,-1.0932709446085412e-13,2.0521431776110433e-13,-0.17711299906180802
36.0200000000014,0.8929144895058909,-1.0920206341359083e-13,2.0494370089885194e-13,-0.1771129990618089
36.0300000000014,0.8929144895058881,-1.090770240042565e-13,2.048118619146777e-13,-0.17711299906180977
36.0400000000014,0.8929144895058854,-1.0895360017440468e-13,2.0453430615852142e-13,-0.17711299906181066
36.0500000000014,0.8929144895058826,-1.0883117431876587e-13,2.0440246717434718e-13,-0.17711299906181152
36.060000000001395,0.8929144895058797,-1.0870893802166837e-13,2.04267158743221e-13,-0.1771129990618124
36.07000000000139,0.8929144895058769,-1.0858897568614171e-13,2.0399307243401665e-13,-0.17711299906181327
36.08000000000139,0.8929144895058742,-1.0847024361883541e-13,2.0385776400289046e-13,-0.17711299906181416
36.09000000000139,0.8929144895058714,-1.0835178563136589e-13,2.0358367769368613e-13,-0.17711299906181502
36.10000000000139,0.8929144895058686,-1.0823320842674217e-13,2.0335122474790523e-13,-0.1771129990618159
36.110000000001385,0.8929144895058658,-1.0811285310599899e-13,2.030771384387009e-13,-0.1771129990618168
36.12000000000138,0.8929144895058629,-1.0799267918751237e-13,2.0280305212949656e-13,-0.17711299906181766
36.13000000000138,0.89291448950586,-1.0787219653886853e-13,2.0243529075258948e-13,-0.17711299906181854
36.14000000000138,0.8929144895058572,-1.0774622443134506e-13,2.0219936835985663e-13,-0.17711299906181946
36.15000000000138,0.8929144895058543,-1.0761666828799486e-13,2.0183160698294955e-13,-0.17711299906182035
36.160000000001375,0.8929144895058514,-1.074824635033749e-13,2.0146037615909052e-13,-0.17711299906182126
36.17000000000137,0.8929144895058485,-1.07341849005322e-13,2.0122792321330962e-13,-0.17711299906182215
36.18000000000137,0.8929144895058456,-1.0719958496085651e-13,2.0085669238945059e-13,-0.17711299906182304
36.19000000000137,0.8929144895058426,-1.0705325803352927e-13,2.004819921186396e-13,-0.17711299906182396
36.20000000000137,0.8929144895058397,-1.0690359109312827e-13,2.002564780667626e-13,-0.17711299906182484
36.210000000001365,0.8929144895058369,-1.0675380808724103e-13,1.9978810272824887e-13,-0.17711299906182573
36.22000000000136,0.892914489505834,-1.0660265972703326e-13,1.9955218033551603e-13,-0.17711299906182665
36.23000000000136,0.8929144895058311,-1.0645146533489185e-13,1.9918441895860894e-13,-0.1771129990618275
36.24000000000136,0.8929144895058283,-1.0629633947705799e-13,1.9894502711892414e-13,-0.1771129990618284
36.25000000000136,0.8929144895058255,-1.0614261006976804e-13,1.9867441025667176e-13,-0.17711299906182926
36.260000000001355,0.8929144895058226,-1.0598837109409609e-13,1.9830317943281273e-13,-0.17711299906183015
36.27000000000135,0.8929144895058199,-1.0583642780540949e-13,1.9816787100168654e-13,-0.177112999061831
36.28000000000135,0.8929144895058171,-1.0568342435319265e-13,1.9779317073087554e-13,-0.1771129990618319
36.29000000000135,0.8929144895058143,-1.0553218068938992e-13,1.9756071778509465e-13,-0.17711299906183275
36.30000000000135,0.8929144895058115,-1.0537975360461149e-13,1.9728663147589032e-13,-0.17711299906183364
36.310000000001345,0.8929144895058088,-1.0522987116297151e-13,1.9705070908315747e-13,-0.17711299906183453
36.32000000000134,0.892914489505806,-1.0508003229925183e-13,1.9667947825929843e-13,-0.1771129990618354
36.33000000000134,0.8929144895058031,-1.0493268195151619e-13,1.964435558665656e-13,-0.17711299906183625
36.34000000000134,0.8929144895058003,-1.0478751374231282e-13,1.9620763347383274e-13,-0.17711299906183708
36.35000000000134,0.8929144895057975,-1.0464518238186214e-13,1.9607232504270655e-13,-0.17711299906183797
36.360000000001335,0.8929144895057948,-1.0450214373216582e-13,1.958364026499737e-13,-0.1771129990618388
36.37000000000133,0.892914489505792,-1.043599140953986e-13,1.955970108102889e-13,-0.17711299906183964
36.38000000000133,0.8929144895057891,-1.0422179656742022e-13,1.9522231053947792e-13,-0.1771129990618405
36.39000000000133,0.8929144895057863,-1.0408386379564223e-13,1.9522231053947792e-13,-0.17711299906184136
36.40000000000133,0.8929144895057836,-1.039483513450319e-13,1.9484761026866693e-13,-0.17711299906184222
36.410000000001325,0.8929144895057808,-1.0381458543045566e-13,1.9461515732288603e-13,-0.17711299906184308
36.42000000000132,0.892914489505778,-1.0367857932261955e-13,1.9424045705207504e-13,-0.17711299906184397
36.43000000000132,0.8929144895057752,-1.0353787408510183e-13,1.9391085959163945e-13,-0.17711299906184483
36.44000000000132,0.8929144895057725,-1.0339427405846593e-13,1.9363330383548316e-13,-0.1771129990618457
36.45000000000132,0.8929144895057698,-1.032538623874448e-13,1.9339738144275032e-13,-0.17711299906184655
36.460000000001315,0.8929144895057671,-1.0311061357645031e-13,1.9311982568659403e-13,-0.1771129990618474
36.47000000000131,0.8929144895057645,-1.0296727107997759e-13,1.92748594862735e-13,-0.17711299906184824
36.48000000000131,0.8929144895057618,-1.0282098366179812e-13,1.92373894591924e-13,-0.1771129990618491
36.49000000000131,0.8929144895057591,-1.0267231152203859e-13,1.9213797219919115e-13,-0.17711299906184996
36.50000000000131,0.8929144895057564,-1.025218636663761e-13,1.9186041644303486e-13,-0.1771129990618508
36.510000000001305,0.8929144895057537,-1.0237060387455164e-13,1.9148571617222387e-13,-0.17711299906185166
36.5200000000013,0.892914489505751,-1.0222083235461781e-13,1.9134693829414573e-13,-0.17711299906185252
36.5300000000013,0.8929144895057484,-1.0207110567003962e-13,1.909757074702867e-13,-0.17711299906185338
36.5400000000013,0.8929144895057456,-1.0191988712637969e-13,1.9073978507755385e-13,-0.17711299906185424
36.5500000000013,0.8929144895057428,-1.0176793601000983e-13,1.9036508480674286e-13,-0.17711299906185513
36.560000000001295,0.8929144895057399,-1.0161458498933556e-13,1.8989324002127717e-13,-0.17711299906185599
36.57000000000129,0.8929144895057373,-1.0145669763552078e-13,1.8976140103710293e-13,-0.17711299906185685
36.58000000000129,0.8929144895057346,-1.0129970857967093e-13,1.8938323131933998e-13,-0.1771129990618577
36.59000000000129,0.8929144895057319,-1.0114415999546129e-13,1.892479228882138e-13,-0.17711299906185857
36.60000000000129,0.8929144895057293,-1.0099149511580474e-13,1.89008531048529e-13,-0.1771129990618594
36.610000000001286,0.8929144895057266,-1.0084213310233889e-13,1.887379141862766e-13,-0.17711299906186026
36.62000000000128,0.8929144895057238,-1.0069638776776794e-13,1.8849505289963986e-13,-0.17711299906186112
36.63000000000128,0.8929144895057212,-1.0054911841773596e-13,1.8822443603738748e-13,-0.17711299906186198
36.64000000000128,0.8929144895057185,-1.0040479072073003e-13,1.8798504419770268e-13,-0.1771129990618628
36.65000000000128,0.892914489505716,-1.0026230030839752e-13,1.8784626631962453e-13,-0.17711299906186365
36.660000000001276,0.8929144895057134,-1.0012348035951333e-13,1.8756871056346824e-13,-0.17711299906186448
36.670000000001274,0.8929144895057108,-9.998648575381861e-14,1.874299326853901e-13,-0.1771129990618653
36.68000000000127,0.8929144895057082,-9.985341217237203e-14,1.870552324145791e-13,-0.17711299906186614
36.69000000000127,0.8929144895057056,-9.972199666364692e-14,1.86912985089549e-13,-0.17711299906186698
36.70000000000127,0.8929144895057031,-9.95910817179384e-14,1.8663889878034468e-13,-0.1771129990618678
36.710000000001266,0.8929144895057005,-9.945889793315758e-14,1.8649665145531458e-13,-0.17711299906186861
36.720000000001264,0.892914489505698,-9.932978964465531e-14,1.8611848173755163e-13,-0.17711299906186945
36.73000000000126,0.8929144895056953,-9.919964492808396e-14,1.8587908989786683e-13,-0.17711299906187022
36.74000000000126,0.8929144895056927,-9.907224963296525e-14,1.8573337312588478e-13,-0.17711299906187103
36.75000000000126,0.8929144895056902,-9.894857876759944e-14,1.8559112580085468e-13,-0.17711299906187183
36.760000000001256,0.8929144895056876,-9.882716509548417e-14,1.8545234792277654e-13,-0.17711299906187264
36.770000000001254,0.892914489505685,-9.870660811035998e-14,1.8521295608309174e-13,-0.17711299906187344
36.78000000000125,0.8929144895056824,-9.859154065610324e-14,1.850672393111097e-13,-0.17711299906187425
36.79000000000125,0.8929144895056799,-9.847552618236391e-14,1.848278474714249e-13,-0.17711299906187505
36.80000000000125,0.8929144895056773,-9.836018938995559e-14,1.8468906959334674e-13,-0.17711299906187586
36.810000000001246,0.8929144895056748,-9.824744374202228e-14,1.8444620830671e-13,-0.17711299906187666
36.820000000001244,0.8929144895056721,-9.813296999102683e-14,1.843039609816799e-13,-0.17711299906187744
36.83000000000124,0.8929144895056695,-9.801959893616046e-14,1.8406109969504314e-13,-0.17711299906187825
36.84000000000124,0.892914489505667,-9.790919078043938e-14,1.83922321816965e-13,-0.17711299906187905
36.85000000000124,0.8929144895056644,-9.779900687473303e-14,1.8367946053032824e-13,-0.17711299906187986
36.860000000001236,0.8929144895056618,-9.76902677752804e-14,1.834365992436915e-13,-0.17711299906188066
36.870000000001234,0.8929144895056592,-9.758373851312799e-14,1.832943519186614e-13,-0.17711299906188144
36.88000000000123,0.8929144895056567,-9.747603874377548e-14,1.830549600789766e-13,-0.17711299906188224
36.89000000000123,0.8929144895056541,-9.736992321818605e-14,1.8291618220089845e-13,-0.17711299906188305
36.90000000000123,0.8929144895056514,-9.726274158187114e-14,1.8266985146730974e-13,-0.17711299906188385
36.910000000001226,0.8929144895056489,-9.715325906975659e-14,1.8229515119649875e-13,-0.17711299906188466
36.920000000001224,0.8929144895056464,-9.704002719313308e-14,1.8215290387146865e-13,-0.17711299906188546
36.93000000000122,0.892914489505644,-9.692775402531569e-14,1.818649397744565e-13,-0.17711299906188624
36.94000000000122,0.8929144895056416,-9.681556660753894e-14,1.817608563658979e-13,-0.17711299906188702
36.95000000000122,0.892914489505639,-9.670084066984317e-14,1.8147983116278965e-13,-0.17711299906188777
36.960000000001216,0.8929144895056366,-9.658454909658151e-14,1.812369698761529e-13,-0.17711299906188854
36.970000000001214,0.8929144895056341,-9.646875670159946e-14,1.810947225511228e-13,-0.17711299906188932
36.98000000000121,0.8929144895056317,-9.635423946813128e-14,1.808102279010626e-13,-0.1771129990618901
36.99000000000121,0.8929144895056291,-9.624062447613727e-14,1.8070267504555204e-13,-0.17711299906189087
37.00000000000121,0.8929144895056267,-9.612732623027052e-14,1.8042511928939575e-13,-0.17711299906189165
37.010000000001206,0.8929144895056242,-9.601268071287755e-14,1.8027593307046175e-13,-0.17711299906189246
37.020000000001204,0.8929144895056218,-9.589985832016041e-14,1.80033071783825e-13,-0.17711299906189323
37.0300000000012,0.8929144895056192,-9.578509903513549e-14,1.79658371513014e-13,-0.177112999061894
37.0400000000012,0.8929144895056168,-9.567038329797327e-14,1.7950918529408e-13,-0.1771129990618948
37.0500000000012,0.8929144895056144,-9.555880158567283e-14,1.7936346852209795e-13,-0.17711299906189557
37.060000000001196,0.8929144895056119,-9.544864453397181e-14,1.7922122119706785e-13,-0.17711299906189634
37.070000000001194,0.8929144895056094,-9.533928100777211e-14,1.7898182935738305e-13,-0.17711299906189712
37.08000000000119,0.8929144895056068,-9.522697289335756e-14,1.785967207457162e-13,-0.17711299906189792
37.09000000000119,0.8929144895056043,-9.511267020719771e-14,1.7845794286763805e-13,-0.17711299906189873
37.10000000000119,0.8929144895056017,-9.499724094677569e-14,1.782150815810013e-13,-0.17711299906189953
37.110000000001186,0.892914489505599,-9.487740021985994e-14,1.7783691186323836e-13,-0.1771129990619003
37.120000000001184,0.8929144895055965,-9.475215000910425e-14,1.7759752002355356e-13,-0.17711299906190114
37.13000000000118,0.8929144895055939,-9.46229171789108e-14,1.77115266897232e-13,-0.17711299906190195
37.14000000000118,0.8929144895055914,-9.448811689701321e-14,1.7687934450449916e-13,-0.17711299906190275
37.15000000000118,0.8929144895055888,-9.435166068958719e-14,1.7649770533978426e-13,-0.17711299906190353
37.160000000001176,0.8929144895055862,-9.420756494932913e-14,1.761125967281174e-13,-0.17711299906190434
37.170000000001174,0.8929144895055837,-9.406150281995361e-14,1.7577259092682596e-13,-0.1771129990619051
37.18000000000117,0.8929144895055813,-9.391449321588671e-14,1.7549156572371771e-13,-0.1771129990619059
37.19000000000117,0.8929144895055788,-9.376762982861545e-14,1.7524870443708096e-13,-0.17711299906190667
37.20000000000117,0.8929144895055763,-9.362004967437177e-14,1.750058431504442e-13,-0.17711299906190744
37.210000000001166,0.8929144895055738,-9.347499217860804e-14,1.7476298186380745e-13,-0.17711299906190822
37.220000000001164,0.8929144895055714,-9.332911479509325e-14,1.745201205771707e-13,-0.177112999061909
37.23000000000116,0.892914489505569,-9.318201097417187e-14,1.741384814124558e-13,-0.1771129990619098
37.24000000000116,0.8929144895055664,-9.303640764046361e-14,1.739892951935218e-13,-0.17711299906191058
37.25000000000116,0.892914489505564,-9.28918151480822e-14,1.73749903353837e-13,-0.17711299906191136
37.260000000001156,0.8929144895055615,-9.274642272199261e-14,1.7337173363607405e-13,-0.17711299906191214
37.270000000001154,0.8929144895055591,-9.260356700745284e-14,1.731219334555334e-13,-0.1771129990619129
37.28000000000115,0.8929144895055565,-9.246110141705836e-14,1.727472331847224e-13,-0.1771129990619137
37.29000000000115,0.8929144895055541,-9.231671856678235e-14,1.725009024511337e-13,-0.17711299906191447
37.30000000000115,0.8929144895055516,-9.217273372040144e-14,1.7225804116449694e-13,-0.17711299906191524
37.310000000001146,0.8929144895055492,-9.202862941527068e-14,1.720151798778602e-13,-0.17711299906191602
37.320000000001144,0.8929144895055466,-9.188291209068258e-14,1.716335407131453e-13,-0.1771129990619168
37.33000000000114,0.8929144895055442,-9.173578501197519e-14,1.712519015484304e-13,-0.1771129990619176
37.34000000000114,0.8929144895055418,-9.158859148642023e-14,1.7110618477644834e-13,-0.17711299906191835
37.35000000000114,0.8929144895055393,-9.144300942010206e-14,1.7085985404285964e-13,-0.1771129990619191
37.360000000001136,0.8929144895055368,-9.130075672364262e-14,1.7064821777879047e-13,-0.17711299906191982
37.370000000001134,0.8929144895055343,-9.115966016465434e-14,1.7040882593910567e-13,-0.17711299906192057
37.38000000000113,0.8929144895055319,-9.101943671797304e-14,1.7002024788048686e-13,-0.17711299906192132
37.39000000000113,0.8929144895055293,-9.087818511592253e-14,1.697773865938501e-13,-0.1771129990619221
37.40000000000113,0.8929144895055269,-9.073634049146719e-14,1.6939574742913521e-13,-0.17711299906192288
37.410000000001126,0.8929144895055245,-9.059144884312802e-14,1.691494166955465e-13,-0.17711299906192365
37.420000000001124,0.8929144895055222,-9.044674709769016e-14,1.690071693705164e-13,-0.1771129990619244
37.43000000000112,0.8929144895055198,-9.030261490713228e-14,1.6875736918997575e-13,-0.17711299906192515
37.44000000000112,0.8929144895055174,-9.016082549384919e-14,1.684763439868675e-13,-0.17711299906192593
37.45000000000112,0.8929144895055151,-9.001941022164053e-14,1.682300132532788e-13,-0.17711299906192668
37.460000000001116,0.8929144895055128,-8.987648319097569e-14,1.6784490464161195e-13,-0.17711299906192743
37.470000000001114,0.8929144895055103,-8.973208550458277e-14,1.6760551280192715e-13,-0.17711299906192818
37.48000000000111,0.892914489505508,-8.95876451636348e-14,1.6721693474330834e-13,-0.17711299906192893
37.49000000000111,0.8929144895055057,-8.943933586742144e-14,1.6697060400971964e-13,-0.1771129990619297
37.50000000000111,0.8929144895055033,-8.929088721060216e-14,1.6668610935965944e-13,-0.17711299906193048
37.51000000000111,0.8929144895055009,-8.914213273408983e-14,1.6634263411141603e-13,-0.17711299906193123
37.520000000001104,0.8929144895054986,-8.899233550416865e-14,1.6596099494670113e-13,-0.17711299906193198
37.5300000000011,0.8929144895054962,-8.884059402772502e-14,1.6581180872776713e-13,-0.17711299906193273
37.5400000000011,0.8929144895054939,-8.869187903557275e-14,1.6556894744113038e-13,-0.17711299906193348
37.5500000000011,0.8929144895054913,-8.853864564215378e-14,1.6518730827641548e-13,-0.17711299906193426
37.5600000000011,0.8929144895054889,-8.838114662207763e-14,1.6470505515009393e-13,-0.17711299906193503
37.570000000001095,0.8929144895054865,-8.821960791233118e-14,1.6460097174153532e-13,-0.17711299906193578
37.58000000000109,0.892914489505484,-8.806051857220912e-14,1.6411871861521377e-13,-0.17711299906193656
37.59000000000109,0.8929144895054815,-8.79005212280665e-14,1.6387238788162506e-13,-0.1771129990619373
37.60000000000109,0.8929144895054791,-8.774160487171532e-14,1.6365728217060393e-13,-0.177112999061938
37.61000000000109,0.8929144895054768,-8.758815120288512e-14,1.6354625986814142e-13,-0.17711299906193867
37.620000000001085,0.8929144895054744,-8.744026602189406e-14,1.632929902406488e-13,-0.17711299906193936
37.63000000000108,0.8929144895054721,-8.729415710486696e-14,1.63279112452841e-13,-0.17711299906194006
37.64000000000108,0.8929144895054698,-8.715743639866594e-14,1.6302584282534838e-13,-0.17711299906194072
37.65000000000108,0.8929144895054676,-8.702704071059801e-14,1.6287665660641437e-13,-0.17711299906194142
37.66000000000108,0.8929144895054654,-8.690478868228629e-14,1.6275869541004795e-13,-0.17711299906194208
37.670000000001075,0.892914489505463,-8.678502407931394e-14,1.6264420366063348e-13,-0.17711299906194275
37.68000000000107,0.8929144895054608,-8.666853420524653e-14,1.6248807854779557e-13,-0.17711299906194344
37.69000000000107,0.8929144895054586,-8.655564965823265e-14,1.6223480892030295e-13,-0.1771129990619441
37.70000000000107,0.8929144895054563,-8.644582690622383e-14,1.6212378661784044e-13,-0.17711299906194478
37.71000000000107,0.892914489505454,-8.634081401085314e-14,1.6210643938308067e-13,-0.17711299906194544
37.720000000001065,0.8929144895054518,-8.623638669682467e-14,1.6185663920254e-13,-0.17711299906194616
37.73000000000106,0.8929144895054495,-8.613053121924369e-14,1.6174214745312554e-13,-0.17711299906194683
37.74000000000106,0.8929144895054473,-8.602895261316729e-14,1.6158949178723958e-13,-0.1771129990619475
37.75000000000106,0.892914489505445,-8.593123374489469e-14,1.614750000378251e-13,-0.17711299906194816
37.76000000000106,0.8929144895054427,-8.583644479127553e-14,1.6121826096338054e-13,-0.17711299906194883
37.770000000001055,0.8929144895054405,-8.574370614678167e-14,1.6110376921396607e-13,-0.17711299906194955
37.78000000000105,0.8929144895054382,-8.565434459846653e-14,1.6099621635845551e-13,-0.17711299906195024
37.79000000000105,0.892914489505436,-8.556451213731623e-14,1.608400912456176e-13,-0.17711299906195094
37.80000000000105,0.8929144895054337,-8.547310984577498e-14,1.605937605120289e-13,-0.17711299906195163
37.81000000000105,0.8929144895054315,-8.53802504880013e-14,1.604445742930949e-13,-0.17711299906195233
37.820000000001045,0.8929144895054292,-8.528555685106538e-14,1.6019477411255423e-13,-0.17711299906195307
37.83000000000104,0.892914489505427,-8.518839300923926e-14,1.5994150448506161e-13,-0.17711299906195377
37.84000000000104,0.8929144895054247,-8.50916777784971e-14,1.5978884881917566e-13,-0.17711299906195443
37.85000000000104,0.8929144895054224,-8.499326531169487e-14,1.5957374310815453e-13,-0.17711299906195513
37.86000000000104,0.8929144895054202,-8.489438136390321e-14,1.5932741237456582e-13,-0.17711299906195582
37.870000000001035,0.892914489505418,-8.479108192073589e-14,1.5917822615563182e-13,-0.17711299906195654
37.88000000000103,0.8929144895054156,-8.469010795792414e-14,1.590602649592654e-13,-0.17711299906195724
37.89000000000103,0.8929144895054134,-8.459050853386622e-14,1.5881046477872474e-13,-0.17711299906195793
37.90000000000103,0.8929144895054111,-8.448988184547577e-14,1.5865780911283878e-13,-0.1771129990619586
37.91000000000103,0.8929144895054089,-8.438882580962333e-14,1.5840453948534616e-13,-0.17711299906195926
37.920000000001025,0.8929144895054067,-8.429047278426965e-14,1.5828657828897974e-13,-0.17711299906195993
37.93000000000102,0.8929144895054045,-8.419498823510119e-14,1.5827270050117193e-13,-0.17711299906196057
37.94000000000102,0.8929144895054024,-8.410219334843912e-14,1.5788065299560117e-13,-0.17711299906196126
37.95000000000102,0.8929144895054003,-8.4011262973556e-14,1.5800208363891954e-13,-0.1771129990619619
37.96000000000102,0.8929144895053981,-8.392048683774823e-14,1.5771065009495544e-13,-0.1771129990619626
37.970000000001015,0.892914489505396,-8.383038823993293e-14,1.5745738046746283e-13,-0.1771129990619633
37.98000000000101,0.8929144895053939,-8.373649375932762e-14,1.5730472480157687e-13,-0.17711299906196395
37.99000000000101,0.8929144895053917,-8.364233304554675e-14,1.571902330521624e-13,-0.1771129990619646
38.00000000000101,0.8929144895053895,-8.354934997346268e-14,1.5703410793932449e-13,-0.1771129990619653
38.01000000000101,0.8929144895053875,-8.345725692110693e-14,1.5687798282648657e-13,-0.17711299906196593
38.020000000001005,0.8929144895053853,-8.336779408070941e-14,1.5672185771364866e-13,-0.1771129990619666
38.030000000001,0.8929144895053833,-8.328205721301614e-14,1.5670104103193694e-13,-0.1771129990619672
38.040000000001,0.8929144895053811,-8.319673995301327e-14,1.5630899352636618e-13,-0.17711299906196787
38.050000000001,0.892914489505379,-8.31042956097728e-14,1.5605919334582552e-13,-0.1771129990619686
38.060000000001,0.8929144895053769,-8.300777998715559e-14,1.559030682329876e-13,-0.17711299906196923
38.070000000000995,0.8929144895053748,-8.291037573045153e-14,1.557469431201497e-13,-0.17711299906196984
38.08000000000099,0.8929144895053727,-8.28141660815242e-14,1.5558734856035983e-13,-0.1771129990619705
38.09000000000099,0.8929144895053706,-8.271685326850626e-14,1.5533407893286721e-13,-0.17711299906197117
38.10000000000099,0.8929144895053684,-8.261876818811533e-14,1.551779538200293e-13,-0.17711299906197178
38.11000000000099,0.8929144895053663,-8.25213616152061e-14,1.5492121474558473e-13,-0.17711299906197245
38.120000000000985,0.8929144895053642,-8.242375618740819e-14,1.5476162018579487e-13,-0.17711299906197306
38.13000000000098,0.8929144895053621,-8.23253660969206e-14,1.546089645199089e-13,-0.17711299906197372
38.14000000000098,0.8929144895053601,-8.222685437601607e-14,1.543487559985124e-13,-0.17711299906197436
38.15000000000098,0.892914489505358,-8.212935799989511e-14,1.5419263088567448e-13,-0.17711299906197497
38.16000000000098,0.892914489505356,-8.203407033092958e-14,1.5417181420396275e-13,-0.17711299906197564
38.170000000000975,0.8929144895053539,-8.193848272292952e-14,1.538769112130467e-13,-0.17711299906197625
38.18000000000097,0.8929144895053519,-8.184462344079716e-14,1.5375548056972832e-13,-0.1771129990619769
38.19000000000097,0.8929144895053498,-8.175277996434333e-14,1.535993554568904e-13,-0.17711299906197753
38.20000000000097,0.8929144895053476,-8.165924371444688e-14,1.5334955527634975e-13,-0.1771129990619782
38.21000000000097,0.8929144895053455,-8.156456623449883e-14,1.5319343016351183e-13,-0.17711299906197883
38.220000000000965,0.8929144895053434,-8.14655850948068e-14,1.5283260768050866e-13,-0.1771129990619795
38.23000000000096,0.8929144895053411,-8.136249071010955e-14,1.5254117413654456e-13,-0.17711299906198014
38.24000000000096,0.892914489505339,-8.125395952259668e-14,1.5228790450905194e-13,-0.1771129990619808
38.25000000000096,0.8929144895053368,-8.114134601829502e-14,1.5203116543460737e-13,-0.17711299906198144
38.26000000000096,0.8929144895053347,-8.102551655592896e-14,1.516772818455081e-13,-0.1771129990619821
38.270000000000955,0.8929144895053326,-8.090446372095687e-14,1.512817648929854e-13,-0.17711299906198275
38.28000000000095,0.8929144895053304,-8.077880043549175e-14,1.5102849526549278e-13,-0.1771129990619834
38.29000000000095,0.8929144895053284,-8.065105930935514e-14,1.5073012282762477e-13,-0.17711299906198405
38.30000000000095,0.8929144895053263,-8.052209130572469e-14,1.5061216163125835e-13,-0.17711299906198466
38.31000000000095,0.8929144895053243,-8.039390202869741e-14,1.5021664467873563e-13,-0.17711299906198527
38.320000000000945,0.8929144895053223,-8.026462063968663e-14,1.5006051956589772e-13,-0.17711299906198594
38.33000000000094,0.8929144895053202,-8.013593374355963e-14,1.4980378049145315e-13,-0.17711299906198655
38.34000000000094,0.8929144895053182,-8.000686181175787e-14,1.4964765537861524e-13,-0.1771129990619872
38.35000000000094,0.8929144895053162,-7.988252196826692e-14,1.4938744685721872e-13,-0.1771129990619878
38.36000000000094,0.892914489505314,-7.975654406633025e-14,1.4913070778277415e-13,-0.17711299906198846
38.370000000000935,0.892914489505312,-7.96321307774482e-14,1.4897111322298429e-13,-0.17711299906198907
38.38000000000093,0.8929144895053099,-7.95077516505061e-14,1.4871784359549167e-13,-0.1771129990619897
38.39000000000093,0.8929144895053079,-7.938484071400246e-14,1.4841947115762366e-13,-0.17711299906199035
38.40000000000093,0.8929144895053059,-7.926139100896916e-14,1.4830150996125724e-13,-0.17711299906199096
38.41000000000093,0.8929144895053038,-7.914012281923408e-14,1.4804477088681267e-13,-0.1771129990619916
38.420000000000925,0.8929144895053018,-7.901985677669687e-14,1.4774986789589661e-13,-0.1771129990619922
38.43000000000092,0.8929144895052997,-7.88994257442957e-14,1.4762843725257824e-13,-0.17711299906199288
38.44000000000092,0.8929144895052977,-7.878277196976113e-14,1.4737169817813367e-13,-0.1771129990619935
38.45000000000092,0.8929144895052957,-7.866672335606089e-14,1.471149591036891e-13,-0.17711299906199413
38.46000000000092,0.8929144895052936,-7.855120572601963e-14,1.4699699790732268e-13,-0.17711299906199474
38.470000000000915,0.8929144895052916,-7.843608378531088e-14,1.4673678938592616e-13,-0.1771129990619954
38.48000000000091,0.8929144895052895,-7.832163572247528e-14,1.4671597270421444e-13,-0.177112999061996
38.49000000000091,0.8929144895052875,-7.821336898137642e-14,1.4646270307672182e-13,-0.17711299906199662
38.50000000000091,0.8929144895052855,-7.810617098663147e-14,1.464418863950101e-13,-0.1771129990619973
38.51000000000091,0.8929144895052834,-7.800450045196557e-14,1.4632392519864368e-13,-0.1771129990619979
38.520000000000906,0.8929144895052814,-7.790647800542545e-14,1.460671861241991e-13,-0.17711299906199854
38.5300000000009,0.8929144895052793,-7.780925288580938e-14,1.459492249278327e-13,-0.17711299906199915
38.5400000000009,0.8929144895052773,-7.771353392582047e-14,1.4593187769307292e-13,-0.17711299906199982
38.5500000000009,0.8929144895052753,-7.762048544059579e-14,1.455745246570217e-13,-0.17711299906200043
38.5600000000009,0.8929144895052732,-7.75287873729324e-14,1.4555717742226193e-13,-0.17711299906200104
38.570000000000896,0.8929144895052712,-7.743704598563969e-14,1.452969689008654e-13,-0.17711299906200167
38.580000000000894,0.8929144895052691,-7.73469794919546e-14,1.4517553825754703e-13,-0.1771129990620023
38.59000000000089,0.8929144895052671,-7.725267557612501e-14,1.4492226863005442e-13,-0.17711299906200295
38.60000000000089,0.8929144895052651,-7.71586316360459e-14,1.4480083798673604e-13,-0.17711299906200356
38.61000000000089,0.892914489505263,-7.706285848718899e-14,1.4454409891229147e-13,-0.17711299906200423
38.620000000000886,0.892914489505261,-7.696921262005863e-14,1.4442613771592505e-13,-0.17711299906200484
38.630000000000884,0.892914489505259,-7.687267001816782e-14,1.4416592919452853e-13,-0.17711299906200545
38.64000000000088,0.8929144895052571,-7.678135377985724e-14,1.4404449855121015e-13,-0.17711299906200603
38.65000000000088,0.8929144895052552,-7.669155175826246e-14,1.4392306790789178e-13,-0.17711299906200667
38.66000000000088,0.8929144895052532,-7.660281967766147e-14,1.43905720673132e-13,-0.17711299906200728
38.670000000000876,0.8929144895052513,-7.651712788616015e-14,1.4364204270478353e-13,-0.17711299906200786
38.680000000000874,0.8929144895052493,-7.643339005858257e-14,1.4362122602307181e-13,-0.1771129990620085
38.69000000000087,0.8929144895052474,-7.635245450072915e-14,1.435032648267054e-13,-0.17711299906200909
38.70000000000087,0.8929144895052455,-7.627539567714598e-14,1.4338183418338701e-13,-0.1771129990620097
38.71000000000087,0.8929144895052435,-7.620170606672048e-14,1.4322223962359715e-13,-0.1771129990620103
38.720000000000866,0.8929144895052417,-7.612797088575967e-14,1.4310080898027877e-13,-0.17711299906201092
38.730000000000864,0.8929144895052397,-7.605702173608455e-14,1.4307999229856705e-13,-0.17711299906201153
38.74000000000086,0.8929144895052378,-7.598761180296393e-14,1.4295856165524867e-13,-0.17711299906201214
38.75000000000086,0.8929144895052359,-7.591823996220077e-14,1.428371310119303e-13,-0.17711299906201275
38.76000000000086,0.8929144895052339,-7.584972119299414e-14,1.4281631433021857e-13,-0.17711299906201336
38.770000000000856,0.892914489505232,-7.577883402207367e-14,1.42559575255774e-13,-0.17711299906201397
38.780000000000854,0.89291448950523,-7.57083041692652e-14,1.4229936673437749e-13,-0.17711299906201458
38.79000000000085,0.8929144895052281,-7.563847014947511e-14,1.421779360910591e-13,-0.1771129990620152
38.80000000000085,0.8929144895052261,-7.55641865893504e-14,1.4215364996239543e-13,-0.17711299906201577
38.81000000000085,0.8929144895052242,-7.54909400895849e-14,1.4190038033490282e-13,-0.17711299906201639
38.820000000000846,0.8929144895052223,-7.541576440520699e-14,1.4174078577511295e-13,-0.17711299906201702
38.830000000000844,0.8929144895052203,-7.533911740800473e-14,1.4151527172323597e-13,-0.1771129990620176
38.84000000000084,0.8929144895052185,-7.526052621545453e-14,1.4135914661039806e-13,-0.17711299906201822
38.85000000000084,0.8929144895052165,-7.518076277533076e-14,1.4123771596707968e-13,-0.17711299906201886
38.86000000000084,0.8929144895052146,-7.510161033708491e-14,1.411162853237613e-13,-0.17711299906201944
38.870000000000836,0.8929144895052127,-7.501850515498608e-14,1.4085607680236478e-13,-0.17711299906202005
38.880000000000834,0.8929144895052107,-7.493456990634628e-14,1.4059933772792022e-13,-0.17711299906202066
38.89000000000083,0.8929144895052088,-7.485014479525736e-14,1.4047790708460184e-13,-0.17711299906202127
38.90000000000083,0.8929144895052067,-7.476457566113917e-14,1.4035647644128346e-13,-0.17711299906202188
38.91000000000083,0.8929144895052047,-7.467581486574288e-14,1.4010320681379085e-13,-0.17711299906202252
38.920000000000826,0.8929144895052027,-7.458244733966636e-14,1.3988116220886582e-13,-0.17711299906202316
38.930000000000824,0.8929144895052006,-7.44870993638298e-14,1.396278925813732e-13,-0.1771129990620238
38.94000000000082,0.8929144895051986,-7.438382800383054e-14,1.3916992558371533e-13,-0.1771129990620244
38.95000000000082,0.8929144895051965,-7.427743172169893e-14,1.390519643873489e-13,-0.17711299906202504
38.96000000000082,0.8929144895051946,-7.416806436110124e-14,1.3879175586595238e-13,-0.17711299906202566
38.970000000000816,0.8929144895051927,-7.405884802634787e-14,1.3853501679150781e-13,-0.17711299906202627
38.980000000000814,0.8929144895051907,-7.394983513802898e-14,1.3841358614818944e-13,-0.17711299906202688
38.99000000000081,0.8929144895051888,-7.383975344072535e-14,1.3805276366518626e-13,-0.1771129990620275
39.00000000000081,0.8929144895051869,-7.372931610389016e-14,1.3793133302186789e-13,-0.17711299906202807
39.01000000000081,0.8929144895051851,-7.362196438639973e-14,1.379070468932042e-13,-0.17711299906202865
39.020000000000806,0.8929144895051834,-7.351672988618559e-14,1.376468383718077e-13,-0.17711299906202926
39.030000000000804,0.8929144895051815,-7.341386521241486e-14,1.3748724381201782e-13,-0.17711299906202982
39.0400000000008,0.8929144895051797,-7.33140376674671e-14,1.3736581316869945e-13,-0.1771129990620304
39.0500000000008,0.8929144895051778,-7.321587402343384e-14,1.3720274916195763e-13,-0.177112999062031
39.0600000000008,0.892914489505176,-7.311862101329057e-14,1.370778490716873e-13,-0.1771129990620316
39.070000000000796,0.8929144895051742,-7.302213274161751e-14,1.3695641842836892e-13,-0.17711299906203218
39.080000000000794,0.8929144895051724,-7.292619331278882e-14,1.3679682386857905e-13,-0.17711299906203276
39.09000000000079,0.8929144895051706,-7.283039201356208e-14,1.3643253193862392e-13,-0.17711299906203334
39.10000000000079,0.8929144895051687,-7.273374873779352e-14,1.3631110129530555e-13,-0.17711299906203393
39.11000000000079,0.8929144895051669,-7.263935837671188e-14,1.3614803728856373e-13,-0.17711299906203454
39.120000000000786,0.892914489505165,-7.254409113877844e-14,1.3602660664524535e-13,-0.17711299906203512
39.130000000000784,0.8929144895051633,-7.244846415646884e-14,1.3576292867689688e-13,-0.1771129990620357
39.14000000000078,0.8929144895051614,-7.235448186304552e-14,1.356414980335785e-13,-0.17711299906203629
39.15000000000078,0.8929144895051596,-7.226066708810366e-14,1.3548190347378863e-13,-0.17711299906203687
39.16000000000078,0.8929144895051578,-7.216827034195684e-14,1.353570033835183e-13,-0.17711299906203745
39.170000000000776,0.892914489505156,-7.207428768736492e-14,1.3509332541516983e-13,-0.17711299906203803
39.180000000000774,0.8929144895051542,-7.198118263057089e-14,1.3497189477185145e-13,-0.17711299906203865
39.19000000000077,0.8929144895051523,-7.188873023497917e-14,1.3481230021206159e-13,-0.1771129990620392
39.20000000000077,0.8929144895051505,-7.179879273246738e-14,1.3468740012179126e-13,-0.17711299906203978
39.21000000000077,0.8929144895051486,-7.170891419798549e-14,1.3452433611504944e-13,-0.1771129990620404
39.220000000000766,0.8929144895051468,-7.16189179093791e-14,1.3440637491868301e-13,-0.17711299906204098
39.230000000000764,0.8929144895051451,-7.152787216362181e-14,1.3414269695033454e-13,-0.17711299906204156
39.24000000000076,0.8929144895051432,-7.143671612476706e-14,1.3388248842893802e-13,-0.17711299906204214
39.25000000000076,0.8929144895051414,-7.134222819700582e-14,1.3376105778561964e-13,-0.17711299906204273
39.26000000000076,0.8929144895051395,-7.124814238356431e-14,1.3349737981727117e-13,-0.1771129990620433
39.270000000000756,0.8929144895051377,-7.115400062479207e-14,1.3337247972700084e-13,-0.17711299906204392
39.280000000000754,0.8929144895051359,-7.106093103203509e-14,1.3311574065255627e-13,-0.1771129990620445
39.29000000000075,0.8929144895051341,-7.096594516202629e-14,1.3299084056228594e-13,-0.17711299906204508
39.30000000000075,0.8929144895051323,-7.087008088911848e-14,1.3272716259393746e-13,-0.17711299906204567
39.31000000000075,0.8929144895051304,-7.077413601453632e-14,1.326057319506191e-13,-0.17711299906204622
39.320000000000746,0.8929144895051286,-7.068172204777696e-14,1.3248083186034876e-13,-0.1771129990620468
39.330000000000744,0.8929144895051268,-7.05900828931368e-14,1.3231776785360694e-13,-0.17711299906204742
39.34000000000074,0.8929144895051251,-7.049807358171464e-14,1.3219633721028856e-13,-0.17711299906204797
39.35000000000074,0.8929144895051233,-7.041155926379063e-14,1.3216511218772098e-13,-0.17711299906204847
39.36000000000074,0.8929144895051216,-7.033080754948238e-14,1.321408260590573e-13,-0.17711299906204905
39.370000000000736,0.8929144895051199,-7.02533430977843e-14,1.3201245652183502e-13,-0.1771129990620496
39.380000000000734,0.8929144895051182,-7.017930864167902e-14,1.318493925150932e-13,-0.17711299906205016
39.39000000000073,0.8929144895051165,-7.01080833591639e-14,1.3182510638642952e-13,-0.17711299906205075
39.40000000000073,0.8929144895051148,-7.003711720873711e-14,1.3169673684920724e-13,-0.1771129990620513
39.41000000000073,0.8929144895051131,-6.996784030515217e-14,1.3167245072054357e-13,-0.17711299906205188
39.42000000000073,0.8929144895051113,-6.99005492940704e-14,1.3154755063027324e-13,-0.17711299906205244
39.430000000000724,0.8929144895051097,-6.983514213202962e-14,1.3128387266192476e-13,-0.177112999062053
39.44000000000072,0.8929144895051079,-6.976824167172216e-14,1.312214226167896e-13,-0.17711299906205358
39.45000000000072,0.8929144895051062,-6.969846771861047e-14,1.3109652252651927e-13,-0.17711299906205413
39.46000000000072,0.8929144895051044,-6.963175933408087e-14,1.3096815298929698e-13,-0.1771129990620547
39.47000000000072,0.8929144895051028,-6.956250810734408e-14,1.3080508898255516e-13,-0.17711299906205527
39.480000000000715,0.8929144895051011,-6.949502169384293e-14,1.3068365833923679e-13,-0.17711299906205583
39.49000000000071,0.8929144895050993,-6.942823802982851e-14,1.3052059433249497e-13,-0.17711299906205638
39.50000000000071,0.8929144895050977,-6.936180175673193e-14,1.3039222479527268e-13,-0.17711299906205696
39.51000000000071,0.8929144895050959,-6.929189146986426e-14,1.3022916078853086e-13,-0.17711299906205752
39.52000000000071,0.8929144895050942,-6.922193340028135e-14,1.3020487465986719e-13,-0.17711299906205807
39.530000000000705,0.8929144895050924,-6.915045947306305e-14,1.300765051226449e-13,-0.17711299906205866
39.5400000000007,0.8929144895050908,-6.907962703411631e-14,1.2981629660124838e-13,-0.1771129990620592
39.5500000000007,0.8929144895050891,-6.900802122198292e-14,1.297920104725847e-13,-0.17711299906205977
39.5600000000007,0.8929144895050873,-6.893600020490403e-14,1.2966364093536242e-13,-0.17711299906206035
39.5700000000007,0.8929144895050857,-6.88625433723758e-14,1.294034324139659e-13,-0.1771129990620609
39.580000000000695,0.8929144895050839,-6.879070090068171e-14,1.2923689896027213e-13,-0.17711299906206146
39.59000000000069,0.8929144895050822,-6.871928891693163e-14,1.291119988700018e-13,-0.17711299906206204
39.60000000000069,0.8929144895050805,-6.864513944407298e-14,1.2894893486325998e-13,-0.1771129990620626
39.61000000000069,0.8929144895050788,-6.856923828127395e-14,1.2892117928764435e-13,-0.17711299906206315
39.62000000000069,0.892914489505077,-6.849326705998664e-14,1.2866097076624783e-13,-0.17711299906206374
39.630000000000685,0.8929144895050753,-6.84176705227356e-14,1.2853260122902554e-13,-0.1771129990620643
39.64000000000068,0.8929144895050737,-6.833931211427059e-14,1.2827239270762902e-13,-0.17711299906206487
39.65000000000068,0.8929144895050719,-6.826229980416968e-14,1.2824810657896535e-13,-0.17711299906206543
39.66000000000068,0.8929144895050702,-6.818510565161835e-14,1.2798442861061687e-13,-0.17711299906206598
39.67000000000068,0.8929144895050685,-6.810906235727709e-14,1.2795667303500124e-13,-0.17711299906206657
39.680000000000675,0.8929144895050668,-6.803056362891806e-14,1.2769299506665277e-13,-0.17711299906206712
39.69000000000067,0.892914489505065,-6.795100557694756e-14,1.2756809497638244e-13,-0.17711299906206765
39.70000000000067,0.8929144895050634,-6.787172739290602e-14,1.2730441700803397e-13,-0.17711299906206823
39.71000000000067,0.8929144895050616,-6.779167440922034e-14,1.2727666143241834e-13,-0.17711299906206876
39.72000000000067,0.8929144895050599,-6.771192563023392e-14,1.270095140171179e-13,-0.17711299906206932
39.730000000000665,0.8929144895050581,-6.762881100232114e-14,1.2688808337379953e-13,-0.17711299906206987
39.74000000000066,0.8929144895050565,-6.754568891323846e-14,1.266590998749706e-13,-0.1771129990620704
39.75000000000066,0.8929144895050547,-6.746170223959453e-14,1.2663134429935496e-13,-0.17711299906207095
39.76000000000066,0.892914489505053,-6.737969098397713e-14,1.262705218163518e-13,-0.1771129990620715
39.77000000000066,0.8929144895050513,-6.729418764178815e-14,1.261421522791295e-13,-0.17711299906207204
39.780000000000655,0.8929144895050494,-6.720576677983077e-14,1.2591663822725252e-13,-0.17711299906207262
39.79000000000065,0.8929144895050476,-6.711650304345437e-14,1.2578826869003024e-13,-0.17711299906207317
39.80000000000065,0.8929144895050457,-6.70255501253214e-14,1.254239767600751e-13,-0.1771129990620737
39.81000000000065,0.8929144895050439,-6.693168738984147e-14,1.2530254611675673e-13,-0.17711299906207428
39.82000000000065,0.892914489505042,-6.683550317802284e-14,1.2507703206487975e-13,-0.17711299906207484
39.830000000000645,0.8929144895050404,-6.674099569396724e-14,1.249451930807055e-13,-0.17711299906207537
39.84000000000064,0.8929144895050386,-6.664628804490233e-14,1.2482376243738713e-13,-0.1771129990620759
39.85000000000064,0.8929144895050369,-6.655473696986779e-14,1.2469539290016485e-13,-0.17711299906207642
39.86000000000064,0.8929144895050352,-6.646546452782877e-14,1.2456702336294256e-13,-0.17711299906207698
39.87000000000064,0.8929144895050335,-6.63765747953229e-14,1.2443865382572028e-13,-0.1771129990620775
39.880000000000635,0.8929144895050317,-6.629042300854201e-14,1.24310284288498e-13,-0.17711299906207803
39.89000000000063,0.89291448950503,-6.620491367053377e-14,1.2418191475127571e-13,-0.17711299906207859
39.90000000000063,0.8929144895050283,-6.611952052715698e-14,1.2395640069939873e-13,-0.1771129990620791
39.91000000000063,0.8929144895050266,-6.603720390527087e-14,1.2382803116217644e-13,-0.1771129990620796
39.92000000000063,0.8929144895050248,-6.59576838277911e-14,1.2369966162495416e-13,-0.17711299906208017
39.930000000000625,0.8929144895050232,-6.588000016984236e-14,1.2367190604933853e-13,-0.1771129990620807
39.94000000000062,0.8929144895050214,-6.580245180974926e-14,1.235851698755397e-13,-0.17711299906208125
39.95000000000062,0.8929144895050197,-6.572797039828769e-14,1.234568003383174e-13,-0.17711299906208178
39.96000000000062,0.892914489505018,-6.565241198083332e-14,1.2318965292301698e-13,-0.1771129990620823
39.97000000000062,0.8929144895050163,-6.557807387494398e-14,1.2320006126387284e-13,-0.17711299906208286
39.980000000000615,0.8929144895050145,-6.550223277214146e-14,1.229329138485724e-13,-0.17711299906208336
39.99000000000061,0.8929144895050128,-6.542693145665599e-14,1.2280454431135013e-13,-0.17711299906208391
40.00000000000061,0.8929144895050111,-6.535057938019392e-14,1.2267617477412784e-13,-0.17711299906208444
40.01000000000061,0.8929144895050094,-6.527456820458939e-14,1.2245066072225086e-13,-0.17711299906208497
40.02000000000061,0.8929144895050076,-6.5197267122811e-14,1.2232576063198053e-13,-0.17711299906208552
40.030000000000605,0.892914489505006,-6.512078448889614e-14,1.222008605417102e-13,-0.17711299906208605
40.0400000000006,0.8929144895050043,-6.504428491388696e-14,1.2206902155753596e-13,-0.17711299906208658
40.0500000000006,0.8929144895050025,-6.49710380120539e-14,1.2194412146726563e-13,-0.1771129990620871
40.0600000000006,0.8929144895050009,-6.489773921750529e-14,1.219545298081215e-13,-0.17711299906208763
40.0700000000006,0.8929144895049991,-6.482608779577411e-14,1.2182269082394726e-13,-0.1771129990620882
40.080000000000595,0.8929144895049974,-6.475460756557129e-14,1.2155901285559878e-13,-0.17711299906208872
40.09000000000059,0.8929144895049956,-6.468324214616619e-14,1.215659517495027e-13,-0.17711299906208924
40.10000000000059,0.892914489504994,-6.461108111847002e-14,1.2144105165923236e-13,-0.1771129990620898
40.11000000000059,0.8929144895049922,-6.453994515166903e-14,1.2131615156896203e-13,-0.17711299906209033
40.12000000000059,0.8929144895049905,-6.446828713377641e-14,1.2104553470670965e-13,-0.17711299906209085
40.130000000000585,0.8929144895049888,-6.439686860077552e-14,1.209587985329108e-13,-0.17711299906209138
40.14000000000058,0.8929144895049871,-6.43249792454149e-14,1.2069512056456233e-13,-0.1771129990620919
40.15000000000058,0.8929144895049853,-6.42509495277947e-14,1.2070205945846624e-13,-0.17711299906209246
40.16000000000058,0.8929144895049836,-6.417552483293032e-14,1.2047654540658925e-13,-0.177112999062093
40.17000000000058,0.892914489504982,-6.410094296045917e-14,1.2030654250594353e-13,-0.1771129990620935
40.180000000000575,0.8929144895049804,-6.402733138029807e-14,1.2031695084679939e-13,-0.17711299906209402
40.19000000000057,0.8929144895049788,-6.395663341471476e-14,1.200532728784509e-13,-0.17711299906209454
40.20000000000057,0.8929144895049772,-6.388175553791891e-14,1.1978612546315048e-13,-0.1771129990620951
40.21000000000057,0.8929144895049755,-6.380139795111461e-14,1.19522447494802e-13,-0.17711299906209566
40.22000000000057,0.892914489504974,-6.371551772608636e-14,1.1925530007950158e-13,-0.17711299906209618
40.230000000000565,0.8929144895049723,-6.362550648599374e-14,1.190297860276246e-13,-0.17711299906209674
40.24000000000056,0.8929144895049708,-6.353341366214588e-14,1.1886325257393082e-13,-0.17711299906209726
40.25000000000056,0.8929144895049691,-6.343881372809877e-14,1.185961051586304e-13,-0.1771129990620978
40.26000000000056,0.8929144895049675,-6.333966558804576e-14,1.1833242719028192e-13,-0.17711299906209835
40.27000000000056,0.892914489504966,-6.323685191976401e-14,1.180652797749815e-13,-0.1771129990620989
40.280000000000555,0.8929144895049643,-6.313108775274306e-14,1.1770445729197831e-13,-0.17711299906209946
40.29000000000055,0.8929144895049628,-6.302196081815448e-14,1.1757955720170798e-13,-0.17711299906209999
40.30000000000055,0.8929144895049611,-6.29112531008681e-14,1.1731240978640756e-13,-0.1771129990621005
40.31000000000055,0.8929144895049596,-6.279855597177761e-14,1.1704526237110713e-13,-0.17711299906210107
40.32000000000055,0.8929144895049579,-6.268417622129564e-14,1.169203622808368e-13,-0.17711299906210162
40.330000000000545,0.8929144895049563,-6.257030349849406e-14,1.1665321486553637e-13,-0.17711299906210215
40.34000000000054,0.8929144895049547,-6.245380959552237e-14,1.1628892293558124e-13,-0.1771129990621027
40.35000000000054,0.8929144895049531,-6.233816907698555e-14,1.162611673599656e-13,-0.17711299906210323
40.36000000000054,0.8929144895049514,-6.222056582578056e-14,1.1599401994466518e-13,-0.1771129990621038
40.37000000000054,0.8929144895049499,-6.210388836300495e-14,1.15633197461662e-13,-0.17711299906210431
40.380000000000535,0.8929144895049483,-6.198761808437282e-14,1.1550482792443972e-13,-0.17711299906210487
40.39000000000053,0.8929144895049467,-6.18711195920971e-14,1.152376805091393e-13,-0.17711299906210543
40.40000000000053,0.8929144895049451,-6.175303950727418e-14,1.1497400254079082e-13,-0.17711299906210595
40.41000000000053,0.8929144895049435,-6.163484037449129e-14,1.1484563300356854e-13,-0.17711299906210645
40.42000000000053,0.8929144895049419,-6.152123632904753e-14,1.147137940193943e-13,-0.17711299906210698
40.430000000000526,0.8929144895049402,-6.140709376778445e-14,1.1434603264248722e-13,-0.17711299906210748
40.44000000000052,0.8929144895049387,-6.129533822974401e-14,1.1421766310526493e-13,-0.177112999062108
40.45000000000052,0.892914489504937,-6.118398227013842e-14,1.140858241210907e-13,-0.1771129990621085
40.46000000000052,0.8929144895049355,-6.107676083566198e-14,1.139574545838684e-13,-0.17711299906210903
40.47000000000052,0.8929144895049338,-6.096936965434273e-14,1.1382561559969417e-13,-0.17711299906210953
40.480000000000516,0.8929144895049322,-6.086261495119357e-14,1.1359663210086524e-13,-0.17711299906211003
40.490000000000514,0.8929144895049306,-6.075569281252865e-14,1.1333295413251676e-13,-0.17711299906211056
40.50000000000051,0.892914489504929,-6.064730373304775e-14,1.1310050118673587e-13,-0.17711299906211106
40.51000000000051,0.8929144895049274,-6.053875262839146e-14,1.1283335377143544e-13,-0.17711299906211161
40.52000000000051,0.8929144895049257,-6.042647893234037e-14,1.1246906184148031e-13,-0.17711299906211211
40.530000000000506,0.8929144895049239,-6.030832266063887e-14,1.1210476991152518e-13,-0.17711299906211264
40.540000000000504,0.8929144895049222,-6.018910450911052e-14,1.1201456429077439e-13,-0.1771129990621132
40.5500000000005,0.8929144895049206,-6.006805749826231e-14,1.116468029138673e-13,-0.1771129990621137
40.5600000000005,0.892914489504919,-5.994600702790102e-14,1.1141781941503837e-13,-0.17711299906211422
40.5700000000005,0.8929144895049174,-5.982319857292368e-14,1.1115067199973794e-13,-0.17711299906211472
40.580000000000496,0.8929144895049158,-5.970100644940471e-14,1.110188330155637e-13,-0.17711299906211522
40.590000000000494,0.8929144895049141,-5.957905946537628e-14,1.1089046347834142e-13,-0.17711299906211575
40.60000000000049,0.8929144895049126,-5.945706845597221e-14,1.1052617154838629e-13,-0.17711299906211625
40.61000000000049,0.8929144895049109,-5.933292745192818e-14,1.102937186026054e-13,-0.17711299906211678
40.62000000000049,0.8929144895049094,-5.921050908145663e-14,1.1003004063425692e-13,-0.17711299906211728
40.630000000000486,0.8929144895049077,-5.908826238347276e-14,1.0980105713542798e-13,-0.1771129990621178
40.640000000000484,0.8929144895049062,-5.896555286961351e-14,1.0966921815125374e-13,-0.17711299906211833
40.65000000000048,0.8929144895049045,-5.884242108799963e-14,1.0930145677434666e-13,-0.17711299906211883
40.66000000000048,0.8929144895049029,-5.871851247410267e-14,1.0917308723712438e-13,-0.17711299906211936
40.67000000000048,0.8929144895049014,-5.859400567199969e-14,1.08902470374872e-13,-0.17711299906211983
40.680000000000476,0.8929144895048999,-5.847356502570061e-14,1.087671619437458e-13,-0.17711299906212033
40.690000000000474,0.8929144895048984,-5.835592653310626e-14,1.0863532295957157e-13,-0.1771129990621208
40.70000000000047,0.8929144895048969,-5.823894262906359e-14,1.0840633946074263e-13,-0.1771129990621213
40.71000000000047,0.8929144895048954,-5.812442736458211e-14,1.0827103102961644e-13,-0.17711299906212177
40.72000000000047,0.8929144895048938,-5.801810574004145e-14,1.081391920454422e-13,-0.17711299906212222
40.730000000000466,0.8929144895048924,-5.791566542377203e-14,1.081391920454422e-13,-0.1771129990621227
40.740000000000464,0.8929144895048908,-5.781689041645029e-14,1.0800388361431601e-13,-0.17711299906212313
40.75000000000046,0.8929144895048894,-5.772402325455854e-14,1.0777490011548707e-13,-0.1771129990621236
40.76000000000046,0.8929144895048878,-5.763208934278788e-14,1.0777490011548707e-13,-0.17711299906212405
40.77000000000046,0.8929144895048864,-5.754638038801631e-14,1.0763959168436088e-13,-0.17711299906212452
40.780000000000456,0.8929144895048848,-5.746507698673077e-14,1.0764306113131283e-13,-0.17711299906212497
40.790000000000454,0.8929144895048834,-5.738662026476256e-14,1.075112221471386e-13,-0.17711299906212544
40.80000000000045,0.8929144895048818,-5.731194114444982e-14,1.073759137160124e-13,-0.17711299906212588
40.81000000000045,0.8929144895048803,-5.724059232415473e-14,1.0737938316296436e-13,-0.17711299906212638
40.82000000000045,0.8929144895048788,-5.716981620640467e-14,1.0714693021718347e-13,-0.17711299906212682
40.830000000000446,0.8929144895048773,-5.710287014749478e-14,1.0715039966413542e-13,-0.17711299906212727
40.840000000000444,0.8929144895048758,-5.70341805416846e-14,1.0701856067996118e-13,-0.17711299906212777
40.85000000000044,0.8929144895048743,-5.696481610977192e-14,1.0688325224883499e-13,-0.1771129990621282
40.86000000000044,0.8929144895048728,-5.689580326241346e-14,1.0678610773418029e-13,-0.1771129990621287
40.87000000000044,0.8929144895048713,-5.682645466001306e-14,1.0665773819695801e-13,-0.17711299906212916
40.880000000000436,0.8929144895048698,-5.675891469773295e-14,1.0652242976583182e-13,-0.17711299906212966
40.890000000000434,0.8929144895048683,-5.669491540723426e-14,1.0652936865973572e-13,-0.17711299906213013
40.90000000000043,0.8929144895048668,-5.6631492739626566e-14,1.0629691571395483e-13,-0.1771129990621306
40.91000000000043,0.8929144895048653,-5.6568732999348104e-14,1.0629691571395483e-13,-0.17711299906213104
40.92000000000043,0.8929144895048639,-5.6508138803476053e-14,1.0616160728282864e-13,-0.1771129990621315
40.930000000000426,0.8929144895048625,-5.6454138702832135e-14,1.0639752967556149e-13,-0.1771129990621319
40.940000000000424,0.8929144895048611,-5.6403911975913635e-14,1.0613038226026106e-13,-0.1771129990621324
40.95000000000042,0.8929144895048597,-5.63538590370389e-14,1.0599507382913487e-13,-0.17711299906213285
40.96000000000042,0.8929144895048583,-5.63032163597622e-14,1.0596037935961533e-13,-0.17711299906213335
40.97000000000042,0.892914489504857,-5.625478918255643e-14,1.0596037935961533e-13,-0.17711299906213376
40.980000000000416,0.8929144895048555,-5.620796266950677e-14,1.059256848900958e-13,-0.1771129990621342
40.990000000000414,0.8929144895048542,-5.615938322685256e-14,1.0579384590592156e-13,-0.1771129990621347
41.00000000000041,0.8929144895048527,-5.610850102809669e-14,1.0552322904366918e-13,-0.17711299906213515
41.01000000000041,0.8929144895048513,-5.605552949431553e-14,1.0552322904366918e-13,-0.17711299906213562
41.02000000000041,0.89291448950485,-5.600388915337487e-14,1.0548853457414964e-13,-0.17711299906213607
41.030000000000406,0.8929144895048485,-5.595593313351137e-14,1.055891485357563e-13,-0.1771129990621365
41.040000000000404,0.8929144895048472,-5.59120079898273e-14,1.0536016503692736e-13,-0.17711299906213698
41.0500000000004,0.8929144895048458,-5.5866206084775986e-14,1.0532200112045587e-13,-0.17711299906213746
41.0600000000004,0.8929144895048444,-5.58187264888474e-14,1.0504791481125153e-13,-0.1771129990621379
41.0700000000004,0.892914489504843,-5.5770205384677165e-14,1.0505485370515544e-13,-0.1771129990621384
41.080000000000396,0.8929144895048416,-5.5720449655675174e-14,1.0488138135755776e-13,-0.17711299906213884
41.090000000000394,0.8929144895048402,-5.567019916505793e-14,1.0474954237338352e-13,-0.17711299906213934
41.10000000000039,0.8929144895048389,-5.561832751228963e-14,1.0474954237338352e-13,-0.17711299906213976
41.11000000000039,0.8929144895048374,-5.5567562394823066e-14,1.0457260057883389e-13,-0.17711299906214023
41.12000000000039,0.892914489504836,-5.551576727490106e-14,1.0457607002578584e-13,-0.17711299906214067
41.130000000000386,0.8929144895048347,-5.5465539323497574e-14,1.0444076159465965e-13,-0.17711299906214112
41.140000000000384,0.8929144895048332,-5.541553284818737e-14,1.043019837165815e-13,-0.17711299906214154
41.15000000000038,0.8929144895048319,-5.536568817464786e-14,1.0426381980011001e-13,-0.177112999062142
41.16000000000038,0.8929144895048304,-5.531762607809862e-14,1.0417014473240727e-13,-0.17711299906214242
41.17000000000038,0.8929144895048291,-5.526759243412757e-14,1.0399320293785763e-13,-0.17711299906214287
41.180000000000376,0.8929144895048277,-5.521742645322092e-14,1.0385442505977949e-13,-0.17711299906214328
41.190000000000374,0.8929144895048262,-5.516534722935222e-14,1.038613639536834e-13,-0.17711299906214373
41.20000000000037,0.8929144895048249,-5.5111443557786895e-14,1.037191166286533e-13,-0.17711299906214417
41.21000000000037,0.8929144895048234,-5.505684793959055e-14,1.0354564428105562e-13,-0.1771129990621446
41.22000000000037,0.8929144895048221,-5.5000841370513136e-14,1.0330972188832277e-13,-0.17711299906214503
41.230000000000366,0.8929144895048207,-5.494318070244592e-14,1.0331319133527472e-13,-0.17711299906214548
41.240000000000364,0.8929144895048193,-5.4886054192166224e-14,1.0303563557911843e-13,-0.17711299906214592
41.25000000000036,0.8929144895048179,-5.4827033209904435e-14,1.0303910502607039e-13,-0.17711299906214634
41.26000000000036,0.8929144895048164,-5.47678431741598e-14,1.028586937845688e-13,-0.1771129990621468
41.27000000000036,0.8929144895048151,-5.471038090603538e-14,1.0286216323152075e-13,-0.17711299906214722
41.280000000000356,0.8929144895048137,-5.4655445579042714e-14,1.0272685480039456e-13,-0.17711299906214767
41.290000000000354,0.8929144895048123,-5.459767780709779e-14,1.0258807692231642e-13,-0.17711299906214809
41.30000000000035,0.8929144895048109,-5.454072614878747e-14,1.0234868508263162e-13,-0.17711299906214856
41.31000000000035,0.8929144895048096,-5.448214139406407e-14,1.0231746006006404e-13,-0.17711299906214897
41.32000000000035,0.8929144895048081,-5.442367334998884e-14,1.0218215162893785e-13,-0.17711299906214942
41.33000000000035,0.8929144895048067,-5.4362931892611485e-14,1.020433737508597e-13,-0.17711299906214986
41.340000000000344,0.8929144895048053,-5.4301788565374364e-14,1.01946229236205e-13,-0.1771129990621503
41.35000000000034,0.8929144895048039,-5.4240700745372844e-14,1.0190806531973351e-13,-0.17711299906215072
41.36000000000034,0.8929144895048026,-5.4181971234524864e-14,1.0167214292700066e-13,-0.17711299906215117
41.37000000000034,0.8929144895048011,-5.411974913077849e-14,1.0153683449587447e-13,-0.1771129990621516
41.38000000000034,0.8929144895047997,-5.4057786745756005e-14,1.0140152606474828e-13,-0.17711299906215205
41.390000000000335,0.8929144895047983,-5.399579679055136e-14,1.0140152606474828e-13,-0.17711299906215247
41.40000000000033,0.8929144895047969,-5.393262283880688e-14,1.0126274818667014e-13,-0.17711299906215291
41.41000000000033,0.8929144895047956,-5.386790834577645e-14,1.0102682579393729e-13,-0.17711299906215336
41.42000000000033,0.8929144895047941,-5.380104489660004e-14,1.008915173628111e-13,-0.1771129990621538
41.43000000000033,0.8929144895047928,-5.373268867953546e-14,1.0065559497007825e-13,-0.17711299906215422
41.440000000000325,0.8929144895047914,-5.366355619007821e-14,1.0051681709200011e-13,-0.1771129990621547
41.45000000000032,0.8929144895047899,-5.35926596408129e-14,1.0038150866087392e-13,-0.1771129990621551
41.46000000000032,0.8929144895047886,-5.3523152062808066e-14,1.0028436414621922e-13,-0.17711299906215555
41.47000000000032,0.8929144895047871,-5.345324183467075e-14,1.0024620022974773e-13,-0.17711299906215597
41.48000000000032,0.8929144895047858,-5.338150683835423e-14,1.0001374728396684e-13,-0.17711299906215644
41.490000000000315,0.8929144895047842,-5.330852733136367e-14,9.987843885284065e-14,-0.17711299906215688
41.50000000000031,0.8929144895047828,-5.323399772542201e-14,9.96425164601078e-14,-0.17711299906215736
41.51000000000031,0.8929144895047814,-5.3156110980209276e-14,9.950720802898161e-14,-0.17711299906215777
41.52000000000031,0.8929144895047799,-5.307812872389327e-14,9.941006351432691e-14,-0.17711299906215822
41.53000000000031,0.8929144895047786,-5.300014172893646e-14,9.913597720512257e-14,-0.1771129990621587
41.540000000000305,0.8929144895047771,-5.2920925336570415e-14,9.900413822094833e-14,-0.17711299906215916
41.5500000000003,0.8929144895047758,-5.28379929852229e-14,9.862943795013734e-14,-0.17711299906215963
41.5600000000003,0.8929144895047744,-5.2753011669808614e-14,9.849759896596311e-14,-0.1771129990621601
41.5700000000003,0.892914489504773,-5.266672348713929e-14,9.836575998178887e-14,-0.17711299906216058
41.5800000000003,0.8929144895047716,-5.25790153028323e-14,9.812983758905602e-14,-0.17711299906216105
41.590000000000295,0.8929144895047703,-5.248958103575435e-14,9.78626901737556e-14,-0.1771129990621615
41.60000000000029,0.8929144895047688,-5.239978821561452e-14,9.77655456591009e-14,-0.17711299906216196
41.61000000000029,0.8929144895047675,-5.2307737319459255e-14,9.749145934989656e-14,-0.17711299906216244
41.62000000000029,0.892914489504766,-5.2214474122194915e-14,9.735615091877037e-14,-0.1771129990621629
41.63000000000029,0.8929144895047647,-5.211845080078473e-14,9.708553405651799e-14,-0.17711299906216338
41.640000000000285,0.8929144895047633,-5.202108366328662e-14,9.68530811107371e-14,-0.17711299906216382
41.65000000000028,0.8929144895047619,-5.1919960957221053e-14,9.657899480153276e-14,-0.17711299906216432
41.66000000000028,0.8929144895047605,-5.1818104502067476e-14,9.644715581735852e-14,-0.17711299906216477
41.67000000000028,0.892914489504759,-5.171538734560705e-14,9.621123342462568e-14,-0.17711299906216527
41.68000000000028,0.8929144895047577,-5.161090285042781e-14,9.594061656237329e-14,-0.1771129990621657
41.690000000000275,0.8929144895047563,-5.150525238883669e-14,9.58053081312471e-14,-0.17711299906216615
41.70000000000027,0.8929144895047549,-5.1400403154603514e-14,9.556938573851426e-14,-0.1771129990621666
41.71000000000027,0.8929144895047535,-5.129679006005084e-14,9.543060786043611e-14,-0.17711299906216704
41.72000000000027,0.8929144895047522,-5.1193651547212804e-14,9.533346334578141e-14,-0.17711299906216746
41.73000000000027,0.8929144895047507,-5.109293854249596e-14,9.519121602075131e-14,-0.17711299906216788
41.740000000000265,0.8929144895047493,-5.09950068648135e-14,9.509407150609661e-14,-0.17711299906216826
41.75000000000026,0.8929144895047479,-5.090306731957309e-14,9.495529362801847e-14,-0.1771129990621687
41.76000000000026,0.8929144895047465,-5.081262565864808e-14,9.495529362801847e-14,-0.1771129990621691
41.77000000000026,0.8929144895047452,-5.072718158099654e-14,9.471590178833367e-14,-0.1771129990621695
41.78000000000026,0.8929144895047437,-5.06438398792159e-14,9.471590178833367e-14,-0.1771129990621699
41.790000000000255,0.8929144895047423,-5.056346351261103e-14,9.447304050169691e-14,-0.17711299906217032
41.80000000000025,0.892914489504741,-5.048609795624457e-14,9.437242654009026e-14,-0.1771129990621707
41.81000000000025,0.8929144895047395,-5.040959028040937e-14,9.437589598704221e-14,-0.17711299906217112
41.82000000000025,0.8929144895047381,-5.033445487999512e-14,9.423364866201211e-14,-0.17711299906217154
41.83000000000025,0.8929144895047367,-5.0260453258841645e-14,9.413303470040546e-14,-0.17711299906217196
41.840000000000245,0.8929144895047353,-5.0185753758214416e-14,9.389364286072066e-14,-0.17711299906217234
41.85000000000024,0.892914489504734,-5.011485464378303e-14,9.389364286072066e-14,-0.17711299906217276
41.86000000000024,0.8929144895047325,-5.0044801370489724e-14,9.375139553569056e-14,-0.17711299906217318
41.87000000000024,0.8929144895047311,-4.997688505120198e-14,9.355363705942921e-14,-0.17711299906217357
41.88000000000024,0.8929144895047297,-4.9908538822451704e-14,9.355363705942921e-14,-0.17711299906217398
41.890000000000235,0.8929144895047283,-4.983914564406546e-14,9.341485918135106e-14,-0.1771129990621744
41.90000000000023,0.892914489504727,-4.977344711616059e-14,9.331077577279245e-14,-0.1771129990621748
41.91000000000023,0.8929144895047257,-4.970826845073046e-14,9.33073063258405e-14,-0.17711299906217515
41.92000000000023,0.8929144895047244,-4.965009574869746e-14,9.34044508404952e-14,-0.17711299906217556
41.93000000000023,0.8929144895047232,-4.959722099967078e-14,9.31650590008104e-14,-0.17711299906217592
41.940000000000225,0.8929144895047219,-4.9549620995191924e-14,9.330036743193659e-14,-0.1771129990621763
41.95000000000022,0.8929144895047205,-4.950575784777331e-14,9.31581201069065e-14,-0.1771129990621767
41.96000000000022,0.8929144895047193,-4.946193859871521e-14,9.315118121300259e-14,-0.1771129990621771
41.97000000000022,0.892914489504718,-4.942116927963663e-14,9.301240333492444e-14,-0.17711299906217748
41.98000000000022,0.8929144895047166,-4.9380656000764787e-14,9.300893388797249e-14,-0.17711299906217787
41.990000000000215,0.8929144895047154,-4.934367732729488e-14,9.300546444102054e-14,-0.17711299906217826
42.00000000000021,0.8929144895047141,-4.9306227858882986e-14,9.286668656294239e-14,-0.17711299906217864
42.01000000000021,0.8929144895047127,-4.926790051608908e-14,9.300546444102054e-14,-0.17711299906217906
42.02000000000021,0.8929144895047115,-4.9231344917931386e-14,9.286668656294239e-14,-0.17711299906217945
42.03000000000021,0.8929144895047102,-4.919364040122602e-14,9.276260315438378e-14,-0.17711299906217984
42.040000000000205,0.892914489504709,-4.9155823171352033e-14,9.262382527630564e-14,-0.17711299906218025
42.0500000000002,0.8929144895047076,-4.9117887655099484e-14,9.248851684517945e-14,-0.17711299906218067
42.0600000000002,0.8929144895047063,-4.9079262628696555e-14,9.247810850432359e-14,-0.17711299906218106
42.0700000000002,0.8929144895047051,-4.9041038960841166e-14,9.23428000731974e-14,-0.17711299906218148
42.0800000000002,0.8929144895047038,-4.900044831123602e-14,9.23428000731974e-14,-0.1771129990621819
42.090000000000195,0.8929144895047025,-4.8957204878188635e-14,9.209993878656064e-14,-0.17711299906218228
42.10000000000019,0.8929144895047012,-4.891603701894377e-14,9.20652443170411e-14,-0.1771129990621827
42.11000000000019,0.8929144895046999,-4.8871384072665324e-14,9.196463035543445e-14,-0.1771129990621831
42.12000000000019,0.8929144895046986,-4.8823019426486225e-14,9.18189135834524e-14,-0.1771129990621835
42.13000000000019,0.8929144895046973,-4.877394684029551e-14,9.171829962184574e-14,-0.17711299906218386
42.140000000000185,0.8929144895046961,-4.872525395922349e-14,9.171483017489379e-14,-0.17711299906218428
42.15000000000018,0.8929144895046948,-4.8678991249494887e-14,9.14372744187375e-14,-0.17711299906218467
42.16000000000018,0.8929144895046934,-4.862775794106063e-14,9.133666045713085e-14,-0.17711299906218508
42.17000000000018,0.8929144895046922,-4.857655186696073e-14,9.132972156322694e-14,-0.17711299906218544
42.18000000000018,0.8929144895046909,-4.852417393928456e-14,9.10937991704941e-14,-0.17711299906218583
42.190000000000175,0.8929144895046895,-4.8472935804058464e-14,9.109032972354214e-14,-0.17711299906218622
42.20000000000017,0.8929144895046883,-4.842170474749709e-14,9.085093788385734e-14,-0.17711299906218664
42.21000000000017,0.892914489504687,-4.8366834894919116e-14,9.084746843690539e-14,-0.17711299906218703
42.22000000000017,0.8929144895046858,-4.831179618863139e-14,9.070869055882724e-14,-0.17711299906218742
42.23000000000017,0.8929144895046844,-4.8257275536006296e-14,9.060460715026863e-14,-0.1771129990621878
42.240000000000165,0.8929144895046831,-4.820342221179332e-14,9.060113770331668e-14,-0.17711299906218816
42.25000000000016,0.8929144895046819,-4.814980436808035e-14,9.035827641667993e-14,-0.17711299906218858
42.26000000000016,0.8929144895046806,-4.80944699984415e-14,9.035480696972797e-14,-0.17711299906218894
42.27000000000016,0.8929144895046792,-4.8040913716021543e-14,9.035480696972797e-14,-0.17711299906218933
42.28000000000016,0.892914489504678,-4.798760194596383e-14,9.011194568309122e-14,-0.17711299906218972
42.290000000000155,0.8929144895046767,-4.793450010437795e-14,9.010847623613927e-14,-0.1771129990621901
42.30000000000015,0.8929144895046753,-4.7880801542178743e-14,8.986908439645447e-14,-0.1771129990621905
42.31000000000015,0.8929144895046741,-4.782785372485318e-14,8.986908439645447e-14,-0.17711299906219088
42.32000000000015,0.8929144895046728,-4.777518198771216e-14,8.962622310981772e-14,-0.17711299906219127
42.33000000000015,0.8929144895046716,-4.7717956100696415e-14,8.962275366286576e-14,-0.17711299906219163
42.340000000000146,0.8929144895046702,-4.7657740044918723e-14,8.937989237622901e-14,-0.17711299906219205
42.35000000000014,0.8929144895046689,-4.759719025564297e-14,8.913703108959226e-14,-0.1771129990621924
42.36000000000014,0.8929144895046677,-4.7532918605492566e-14,8.889763924990746e-14,-0.1771129990621928
42.37000000000014,0.8929144895046663,-4.746772151188745e-14,8.88941698029555e-14,-0.1771129990621932
42.38000000000014,0.892914489504665,-4.739966876459744e-14,8.879355584134885e-14,-0.17711299906219358
42.390000000000136,0.8929144895046639,-4.733161973449405e-14,8.85506945547121e-14,-0.17711299906219394
42.400000000000134,0.8929144895046626,-4.7264820553668106e-14,8.8408447229682e-14,-0.17711299906219433
42.41000000000013,0.8929144895046612,-4.719825889671634e-14,8.830436382112339e-14,-0.17711299906219471
42.42000000000013,0.89291448950466,-4.712916606562981e-14,8.816558594304524e-14,-0.17711299906219508
42.43000000000013,0.8929144895046587,-4.705765588807656e-14,8.806150253448664e-14,-0.1771129990621955
42.440000000000126,0.8929144895046575,-4.6983550601964936e-14,8.782211069480184e-14,-0.17711299906219585
42.450000000000124,0.8929144895046561,-4.690975944510637e-14,8.772149673319518e-14,-0.17711299906219624
42.46000000000012,0.8929144895046548,-4.683548434147774e-14,8.757924940816508e-14,-0.17711299906219663
42.47000000000012,0.8929144895046536,-4.6760095204113925e-14,8.733638812152833e-14,-0.17711299906219702
42.48000000000012,0.8929144895046522,-4.6684633020425434e-14,8.723577415992168e-14,-0.1771129990621974
42.490000000000116,0.8929144895046509,-4.660750299683175e-14,8.699291287328492e-14,-0.1771129990621978
42.500000000000114,0.8929144895046497,-4.6530783031037583e-14,8.675352103360012e-14,-0.17711299906219818
42.51000000000011,0.8929144895046484,-4.645309471482718e-14,8.665290707199347e-14,-0.17711299906219855
42.52000000000011,0.892914489504647,-4.6372576948205405e-14,8.654882366343486e-14,-0.17711299906219896
42.53000000000011,0.8929144895046458,-4.629318622790283e-14,8.641004578535671e-14,-0.17711299906219932
42.540000000000106,0.8929144895046445,-4.621493307881641e-14,8.616718449871996e-14,-0.1771129990621997
42.550000000000104,0.8929144895046432,-4.613536312897081e-14,8.606310109016135e-14,-0.1771129990622001
42.5600000000001,0.8929144895046419,-4.605562761249176e-14,8.582370925047655e-14,-0.1771129990622005
42.5700000000001,0.8929144895046406,-4.597405814996583e-14,8.571962584191795e-14,-0.17711299906220088
42.5800000000001,0.8929144895046394,-4.589262162998536e-14,8.561901188031129e-14,-0.17711299906220127
42.590000000000096,0.892914489504638,-4.58099780787928e-14,8.537962004062649e-14,-0.17711299906220165
42.600000000000094,0.8929144895046367,-4.572555550476997e-14,8.527553663206788e-14,-0.17711299906220201
42.61000000000009,0.8929144895046356,-4.5642573316936417e-14,8.513328930703778e-14,-0.1771129990622024
42.62000000000009,0.8929144895046344,-4.5565631185316445e-14,8.512635041313388e-14,-0.17711299906220274
42.63000000000009,0.8929144895046331,-4.5490141935321493e-14,8.488348912649712e-14,-0.17711299906220312
42.640000000000086,0.892914489504632,-4.5417079569533364e-14,8.488001967954517e-14,-0.17711299906220349
42.650000000000084,0.8929144895046308,-4.534547711725909e-14,8.477246682403461e-14,-0.17711299906220385
42.66000000000008,0.8929144895046296,-4.52788541605946e-14,8.463021949900451e-14,-0.1771129990622042
42.67000000000008,0.8929144895046285,-4.521236428931208e-14,8.46232806051006e-14,-0.17711299906220457
42.68000000000008,0.8929144895046273,-4.514819818290175e-14,8.4519197196542e-14,-0.17711299906220493
42.690000000000076,0.892914489504626,-4.508318022278978e-14,8.43769498715119e-14,-0.1771129990622053
42.700000000000074,0.8929144895046249,-4.5019290621559633e-14,8.427633590990524e-14,-0.17711299906220565
42.71000000000007,0.8929144895046237,-4.4956877214952485e-14,8.412714969097124e-14,-0.17711299906220604
42.72000000000007,0.8929144895046226,-4.489294848811015e-14,8.412368024401928e-14,-0.17711299906220637
42.73000000000007,0.8929144895046214,-4.4830454685101983e-14,8.387734951043058e-14,-0.17711299906220676
42.740000000000066,0.8929144895046202,-4.4769722377018154e-14,8.387734951043058e-14,-0.1771129990622071
42.750000000000064,0.892914489504619,-4.470877467760953e-14,8.377326610187197e-14,-0.17711299906220748
42.76000000000006,0.8929144895046178,-4.464882381909135e-14,8.363101877684187e-14,-0.17711299906220784
42.77000000000006,0.8929144895046166,-4.459070834243632e-14,8.362407988293796e-14,-0.1771129990622082
42.78000000000006,0.8929144895046155,-4.453351139543981e-14,8.351999647437935e-14,-0.17711299906220856
42.790000000000056,0.8929144895046143,-4.447515856056886e-14,8.327366574079065e-14,-0.17711299906220893
42.800000000000054,0.8929144895046132,-4.4418747720696204e-14,8.337081025544535e-14,-0.1771129990622093
42.81000000000005,0.8929144895046122,-4.436693938719895e-14,8.336040191458949e-14,-0.1771129990622096
42.82000000000005,0.892914489504611,-4.431775747937273e-14,8.321468514260744e-14,-0.17711299906220995
42.83000000000005,0.8929144895046099,-4.427024600217666e-14,8.320774624870353e-14,-0.1771129990622103
42.840000000000046,0.8929144895046089,-4.422488824802256e-14,8.320080735479962e-14,-0.17711299906221062
42.850000000000044,0.8929144895046078,-4.418248323084346e-14,8.305509058281757e-14,-0.17711299906221098
42.86000000000004,0.8929144895046067,-4.414120403040707e-14,8.304468224196171e-14,-0.1771129990622113
42.87000000000004,0.8929144895046057,-4.410100590036309e-14,8.304121279500976e-14,-0.17711299906221167
42.88000000000004,0.8929144895046046,-4.406204474410523e-14,8.303427390110585e-14,-0.177112999062212
42.890000000000036,0.8929144895046035,-4.4024953862542776e-14,8.28885571291238e-14,-0.17711299906221234
42.900000000000034,0.8929144895046025,-4.398930960132707e-14,8.287814878826794e-14,-0.1771129990622127
42.91000000000003,0.8929144895046014,-4.3954087822474843e-14,8.273243201628588e-14,-0.17711299906221303
42.92000000000003,0.8929144895046003,-4.391889757714756e-14,8.272549312238198e-14,-0.17711299906221337
42.93000000000003,0.8929144895045993,-4.3883069068999885e-14,8.271855422847807e-14,-0.17711299906221373
42.940000000000026,0.8929144895045982,-4.384761171510655e-14,8.257283745649602e-14,-0.17711299906221403
42.950000000000024,0.8929144895045971,-4.3808871887496986e-14,8.242712068451397e-14,-0.1771129990622144
42.96000000000002,0.8929144895045961,-4.377137616671598e-14,8.252079575221671e-14,-0.17711299906221475
42.97000000000002,0.892914489504595,-4.373452014176849e-14,8.237160953328271e-14,-0.1771129990622151
42.98000000000002,0.8929144895045938,-4.369672594829431e-14,8.222589276130066e-14,-0.17711299906221542
42.990000000000016,0.8929144895045928,-4.365502761625863e-14,8.22224233143487e-14,-0.17711299906221575
43.000000000000014,0.8929144895045917,-4.361588974581699e-14,8.197956202771195e-14,-0.17711299906221611
43.01000000000001,0.8929144895045906,-4.3574967156054704e-14,8.196568423990414e-14,-0.17711299906221645
43.02000000000001,0.8929144895045896,-4.353288491444914e-14,8.182343691487404e-14,-0.17711299906221678
43.03000000000001,0.8929144895045885,-4.3489852354099094e-14,8.181302857401818e-14,-0.17711299906221714
43.040000000000006,0.8929144895045874,-4.344849614568163e-14,8.166731180203612e-14,-0.17711299906221745
43.050000000000004,0.8929144895045864,-4.340616188714622e-14,8.166384235508417e-14,-0.1771129990622178
43.06,0.8929144895045853,-4.336672315163922e-14,8.151812558310212e-14,-0.17711299906221817
43.07,0.8929144895045842,-4.332691679878918e-14,8.151118668919821e-14,-0.17711299906221847
43.08,0.8929144895045832,-4.3288701728986985e-14,8.15042477952943e-14,-0.17711299906221883
43.089999999999996,0.8929144895045821,-4.325130464340921e-14,8.14973089013904e-14,-0.17711299906221917
43.099999999999994,0.892914489504581,-4.321444027776724e-14,8.148343111358258e-14,-0.17711299906221953
43.10999999999999,0.89291448950458,-4.317624825807308e-14,8.124056982694583e-14,-0.17711299906221986
43.11999999999999,0.8929144895045789,-4.313965069572246e-14,8.133424489464858e-14,-0.1771129990622202
43.12999999999999,0.8929144895045777,-4.310464509754715e-14,8.123016148608997e-14,-0.17711299906222056
43.139999999999986,0.8929144895045767,-4.307195994884925e-14,8.118158922876262e-14,-0.17711299906222086
43.149999999999984,0.8929144895045756,-4.303844433931844e-14,8.117465033485871e-14,-0.17711299906222122
43.15999999999998,0.8929144895045745,-4.3002399951689606e-14,8.092831960127e-14,-0.17711299906222158
43.16999999999998,0.8929144895045735,-4.296515137051306e-14,8.09213807073661e-14,-0.1771129990622219
43.17999999999998,0.8929144895045724,-4.2927094479484116e-14,8.077566393538405e-14,-0.17711299906222225
43.189999999999976,0.8929144895045713,-4.2887457095298863e-14,8.076872504148014e-14,-0.17711299906222258
43.199999999999974,0.8929144895045703,-4.284525860024559e-14,8.052239430789143e-14,-0.17711299906222294
43.20999999999997,0.8929144895045692,-4.2802521921253265e-14,8.051892486093948e-14,-0.17711299906222328
43.21999999999997,0.8929144895045681,-4.276159238078665e-14,8.050851652008362e-14,-0.1771129990622236
43.22999999999997,0.8929144895045671,-4.271984797141607e-14,8.026218578649491e-14,-0.17711299906222397
43.23999999999997,0.892914489504566,-4.267843322054771e-14,8.035586085419766e-14,-0.17711299906222427
43.249999999999964,0.8929144895045649,-4.2636696430636944e-14,8.020667463526365e-14,-0.17711299906222464
43.25999999999996,0.8929144895045639,-4.259410471011048e-14,8.0106060673657e-14,-0.177112999062225
43.26999999999996,0.8929144895045628,-4.255224280428077e-14,8.009565233280114e-14,-0.1771129990622253
43.27999999999996,0.8929144895045616,-4.2509424112717245e-14,7.994993556081909e-14,-0.17711299906222566
43.28999999999996,0.8929144895045606,-4.246745752103926e-14,7.994646611386713e-14,-0.17711299906222602
43.299999999999955,0.8929144895045595,-4.242665536164992e-14,7.979727989493313e-14,-0.17711299906222633
43.30999999999995,0.8929144895045584,-4.2385380582325365e-14,7.979034100102922e-14,-0.1771129990622267
43.31999999999995,0.8929144895045574,-4.2343823352514756e-14,7.964462422904717e-14,-0.17711299906222702
43.32999999999995,0.8929144895045563,-4.230296604228177e-14,7.954054082048856e-14,-0.17711299906222738
43.33999999999995,0.8929144895045552,-4.2260626726879986e-14,7.939135460155455e-14,-0.17711299906222772
43.349999999999945,0.8929144895045542,-4.2219227373466476e-14,7.93878851546026e-14,-0.17711299906222805
43.35999999999994,0.8929144895045531,-4.217807703520331e-14,7.937747681374674e-14,-0.1771129990622284
43.36999999999994,0.892914489504552,-4.21352828571172e-14,7.923522948871664e-14,-0.17711299906222872
43.37999999999994,0.892914489504551,-4.20913543088954e-14,7.912767663320608e-14,-0.17711299906222908
43.38999999999994,0.8929144895045499,-4.20484753659572e-14,7.898195986122403e-14,-0.17711299906222944
43.399999999999935,0.8929144895045488,-4.2002856943455455e-14,7.897155152036817e-14,-0.17711299906222974
43.40999999999993,0.8929144895045478,-4.195812359796826e-14,7.882930419533807e-14,-0.1771129990622301
43.41999999999993,0.8929144895045467,-4.191314614315666e-14,7.87217513398275e-14,-0.17711299906223044
43.42999999999993,0.8929144895045455,-4.186764828717714e-14,7.871134299897165e-14,-0.1771129990622308
43.43999999999993,0.8929144895045446,-4.1823316711084756e-14,7.856909567394155e-14,-0.17711299906223113
43.449999999999925,0.8929144895045434,-4.177935587688822e-14,7.855868733308569e-14,-0.17711299906223146
43.45999999999992,0.8929144895045423,-4.173339524883444e-14,7.841644000805559e-14,-0.17711299906223182
43.46999999999992,0.8929144895045413,-4.168658996420513e-14,7.830541770559307e-14,-0.17711299906223213
43.47999999999992,0.8929144895045402,-4.1641912479839744e-14,7.830194825864112e-14,-0.1771129990622325
43.48999999999992,0.8929144895045391,-4.159646691588896e-14,7.815623148665907e-14,-0.17711299906223285
43.499999999999915,0.8929144895045381,-4.154808896821972e-14,7.80486786311485e-14,-0.17711299906223316
43.50999999999991,0.892914489504537,-4.15013992821539e-14,7.790643130611841e-14,-0.17711299906223352
43.51999999999991,0.8929144895045359,-4.14551964202422e-14,7.789255351831059e-14,-0.17711299906223385
43.52999999999991,0.8929144895045349,-4.1407602002690785e-14,7.775377564023245e-14,-0.1771129990622342
43.53999999999991,0.8929144895045338,-4.135730684500087e-14,7.760458942129844e-14,-0.17711299906223454
43.549999999999905,0.8929144895045327,-4.1306026101491315e-14,7.749703656578788e-14,-0.17711299906223488
43.5599999999999,0.8929144895045317,-4.1255855999012814e-14,7.749009767188397e-14,-0.17711299906223524
43.5699999999999,0.8929144895045306,-4.120639816936114e-14,7.724376693829527e-14,-0.17711299906223554
43.5799999999999,0.8929144895045295,-4.1150273050072764e-14,7.710151961326517e-14,-0.1771129990622359
43.5899999999999,0.8929144895045285,-4.1091433017899695e-14,7.695233339433116e-14,-0.17711299906223626
43.599999999999895,0.8929144895045273,-4.1030738587702204e-14,7.671294155464636e-14,-0.17711299906223657
43.60999999999989,0.8929144895045262,-4.0968272680139e-14,7.660191925218385e-14,-0.17711299906223693
43.61999999999989,0.8929144895045253,-4.0903992163733876e-14,7.655681644180845e-14,-0.17711299906223726
43.62999999999989,0.8929144895045243,-4.084050886656641e-14,7.640416077592249e-14,-0.17711299906223757
43.63999999999989,0.8929144895045233,-4.077718947630131e-14,7.629660792041193e-14,-0.1771129990622379
43.649999999999885,0.8929144895045223,-4.0716749132499173e-14,7.624803566308458e-14,-0.1771129990622382
43.65999999999988,0.8929144895045215,-4.065543603764242e-14,7.599823548254392e-14,-0.1771129990622385
43.66999999999988,0.8929144895045205,-4.0596356474475025e-14,7.599129658864001e-14,-0.17711299906223882
43.67999999999988,0.8929144895045195,-4.054146277076954e-14,7.60815022093908e-14,-0.1771129990622391
43.68999999999988,0.8929144895045186,-4.0491652756603814e-14,7.597047990692829e-14,-0.17711299906223943
43.699999999999875,0.8929144895045175,-4.043728065966853e-14,7.582129368799428e-14,-0.1771129990622398
43.70999999999987,0.8929144895045164,-4.038163814594602e-14,7.571374083248372e-14,-0.17711299906224007
43.71999999999987,0.8929144895045154,-4.032637180754949e-14,7.556455461354972e-14,-0.1771129990622404
43.72999999999987,0.8929144895045142,-4.02727863159694e-14,7.545700175803915e-14,-0.1771129990622407
43.73999999999987,0.8929144895045131,-4.022195137401122e-14,7.54465934171833e-14,-0.177112999062241
43.749999999999865,0.892914489504512,-4.016897754536366e-14,7.533557111472078e-14,-0.17711299906224132
43.75999999999986,0.892914489504511,-4.011499884854748e-14,7.508924038113207e-14,-0.17711299906224162
43.76999999999986,0.8929144895045099,-4.006335898301954e-14,7.498168752562151e-14,-0.17711299906224193
43.77999999999986,0.8929144895045088,-4.001267159345548e-14,7.49678097378137e-14,-0.17711299906224226
43.78999999999986,0.8929144895045078,-3.996034468743897e-14,7.486025688230313e-14,-0.17711299906224257
43.799999999999855,0.8929144895045067,-3.990482050168313e-14,7.471454011032108e-14,-0.17711299906224287
43.80999999999985,0.8929144895045056,-3.985063259444676e-14,7.460004836090661e-14,-0.1771129990622432
43.81999999999985,0.8929144895045045,-3.979814429605087e-14,7.458964002005075e-14,-0.17711299906224348
43.82999999999985,0.8929144895045035,-3.974671994855195e-14,7.448555661149214e-14,-0.17711299906224381
43.83999999999985,0.8929144895045024,-3.969528037489616e-14,7.437106486207767e-14,-0.17711299906224412
43.849999999999845,0.8929144895045013,-3.964359535948955e-14,7.422187864314367e-14,-0.17711299906224443
43.85999999999984,0.8929144895045003,-3.959050895968943e-14,7.42496342187593e-14,-0.17711299906224473
43.86999999999984,0.8929144895044991,-3.95382794981854e-14,7.400677293212254e-14,-0.17711299906224506
43.87999999999984,0.892914489504498,-3.94856316900597e-14,7.399289514431473e-14,-0.17711299906224537
43.88999999999984,0.8929144895044969,-3.9434376819206784e-14,7.388881173575612e-14,-0.17711299906224567
43.899999999999835,0.8929144895044959,-3.9381686719538634e-14,7.373962551682212e-14,-0.17711299906224598
43.90999999999983,0.8929144895044948,-3.932753394257259e-14,7.352798925275295e-14,-0.17711299906224628
43.91999999999983,0.8929144895044937,-3.927071734393581e-14,7.352105035884904e-14,-0.17711299906224662
43.92999999999983,0.8929144895044927,-3.921449529648353e-14,7.341002805638652e-14,-0.1771129990622469
43.93999999999983,0.8929144895044916,-3.915664832236606e-14,7.316369732279782e-14,-0.17711299906224723
43.949999999999825,0.8929144895044905,-3.910004536064537e-14,7.30526750203353e-14,-0.17711299906224756
43.95999999999982,0.8929144895044895,-3.90426942553607e-14,7.304226667947944e-14,-0.17711299906224784
43.96999999999982,0.8929144895044884,-3.8985264049303106e-14,7.293471382396888e-14,-0.17711299906224817
43.97999999999982,0.8929144895044873,-3.89285713984277e-14,7.292430548311302e-14,-0.17711299906224848
43.98999999999982,0.8929144895044862,-3.887161534605652e-14,7.28132831806505e-14,-0.17711299906224878
43.999999999999815,0.8929144895044852,-3.8815667130053776e-14,7.25669524470618e-14,-0.1771129990622491
44.00999999999981,0.892914489504484,-3.876039912853204e-14,7.255654410620593e-14,-0.17711299906224942
44.01999999999981,0.8929144895044829,-3.87042044476374e-14,7.244899125069537e-14,-0.1771129990622497
44.02999999999981,0.8929144895044819,-3.8647861346238206e-14,7.219919107015471e-14,-0.17711299906225003
44.03999999999981,0.8929144895044808,-3.85933640076932e-14,7.209163821464415e-14,-0.17711299906225034
44.049999999999805,0.8929144895044797,-3.8538040910510115e-14,7.221653830491448e-14,-0.17711299906225064
44.0599999999998,0.8929144895044786,-3.848558302210282e-14,7.210898544940392e-14,-0.17711299906225098
44.0699999999998,0.8929144895044776,-3.8433849332534446e-14,7.19979631469414e-14,-0.17711299906225125
44.0799999999998,0.8929144895044765,-3.837861303255673e-14,7.17516324133527e-14,-0.17711299906225159
44.0899999999998,0.8929144895044754,-3.832416972908289e-14,7.174122407249683e-14,-0.1771129990622519
44.099999999999795,0.8929144895044744,-3.826920909766935e-14,7.163020177003432e-14,-0.1771129990622522
44.10999999999979,0.8929144895044733,-3.8214305449897e-14,7.152264891452376e-14,-0.1771129990622525
44.11999999999979,0.8929144895044722,-3.815726609980412e-14,7.12728487339831e-14,-0.17711299906225283
44.12999999999979,0.892914489504471,-3.8098060130294186e-14,7.116876532542449e-14,-0.17711299906225314
44.13999999999979,0.8929144895044702,-3.803872768846752e-14,7.115835698456863e-14,-0.17711299906225345
44.149999999999785,0.8929144895044692,-3.798007113542518e-14,7.100917076563462e-14,-0.17711299906225375
44.15999999999978,0.8929144895044682,-3.7919125366418485e-14,7.086345399365257e-14,-0.17711299906225408
44.16999999999978,0.8929144895044673,-3.785779211682031e-14,7.075243169119005e-14,-0.17711299906225442
44.17999999999978,0.8929144895044663,-3.7796287223218196e-14,7.060324547225605e-14,-0.17711299906225472
44.18999999999978,0.8929144895044653,-3.773487854354162e-14,7.049569261674549e-14,-0.17711299906225506
44.199999999999775,0.8929144895044644,-3.767466648595064e-14,7.034997584476343e-14,-0.1771129990622554
44.20999999999977,0.8929144895044634,-3.7613387256420575e-14,7.020078962582943e-14,-0.1771129990622557
44.21999999999977,0.8929144895044624,-3.7551732377890285e-14,7.005160340689542e-14,-0.17711299906225603
44.22999999999977,0.8929144895044615,-3.748764178799947e-14,6.994405055138486e-14,-0.17711299906225633
44.23999999999977,0.8929144895044605,-3.742127635750713e-14,6.979486433245086e-14,-0.17711299906225664
44.249999999999766,0.8929144895044595,-3.7354255337778366e-14,6.954853359886215e-14,-0.17711299906225697
44.25999999999976,0.8929144895044586,-3.728490518544386e-14,6.944445019030354e-14,-0.17711299906225728
44.26999999999976,0.8929144895044576,-3.7213658498811175e-14,6.929179452441758e-14,-0.1771129990622576
44.27999999999976,0.8929144895044566,-3.7141817953626686e-14,6.918771111585897e-14,-0.17711299906225794
44.28999999999976,0.8929144895044556,-3.707149345189237e-14,6.903852489692497e-14,-0.17711299906225825
44.299999999999756,0.8929144895044547,-3.700027802889323e-14,6.878872471638431e-14,-0.17711299906225858
44.309999999999754,0.8929144895044537,-3.6926238020905296e-14,6.86846413078257e-14,-0.17711299906225889
44.31999999999975,0.8929144895044527,-3.6853388790759085e-14,6.857361900536318e-14,-0.1771129990622592
44.32999999999975,0.8929144895044518,-3.678017688055097e-14,6.842443278642918e-14,-0.17711299906225952
44.33999999999975,0.8929144895044508,-3.671008137356183e-14,6.841402444557332e-14,-0.17711299906225983
44.349999999999746,0.8929144895044498,-3.6638400867358024e-14,6.816769371198461e-14,-0.17711299906226016
44.359999999999744,0.892914489504449,-3.6567130895012144e-14,6.80566714095221e-14,-0.17711299906226047
44.36999999999974,0.892914489504448,-3.649849761179642e-14,6.804279362171428e-14,-0.17711299906226072
44.37999999999974,0.892914489504447,-3.643357512386904e-14,6.803238528085842e-14,-0.17711299906226102
44.38999999999974,0.892914489504446,-3.637467504351926e-14,6.79213629783959e-14,-0.17711299906226133
44.399999999999736,0.8929144895044451,-3.6319163807081954e-14,6.791095463754004e-14,-0.1771129990622616
44.409999999999734,0.8929144895044441,-3.626621612573561e-14,6.779993233507753e-14,-0.17711299906226188
44.41999999999973,0.8929144895044431,-3.6216157615584824e-14,6.792483242534786e-14,-0.1771129990622622
44.42999999999973,0.8929144895044422,-3.6168340267780754e-14,6.791095463754004e-14,-0.17711299906226247
44.43999999999973,0.8929144895044412,-3.6121245146777856e-14,6.766462390395134e-14,-0.1771129990622628
44.449999999999726,0.8929144895044402,-3.607390233729971e-14,6.765421556309548e-14,-0.1771129990622631
44.459999999999724,0.8929144895044392,-3.6029087343490485e-14,6.764380722223962e-14,-0.17711299906226335
44.46999999999972,0.8929144895044383,-3.598506617214519e-14,6.76299294344318e-14,-0.17711299906226366
44.47999999999972,0.8929144895044373,-3.5943439888423963e-14,6.751890713196929e-14,-0.17711299906226396
44.48999999999972,0.8929144895044363,-3.590475934734547e-14,6.750155989720952e-14,-0.17711299906226424
44.499999999999716,0.8929144895044354,-3.586682461772507e-14,6.739400704169896e-14,-0.17711299906226452
44.509999999999714,0.8929144895044344,-3.582938458411109e-14,6.727951529228449e-14,-0.17711299906226483
44.51999999999971,0.8929144895044334,-3.5791805368731795e-14,6.727257639838058e-14,-0.17711299906226513
44.52999999999971,0.8929144895044324,-3.575354775482575e-14,6.726563750447667e-14,-0.17711299906226544
44.53999999999971,0.8929144895044315,-3.5715575933039757e-14,6.701583732393601e-14,-0.17711299906226577
44.549999999999706,0.8929144895044305,-3.567498059113818e-14,6.70019595361282e-14,-0.17711299906226602
44.559999999999704,0.8929144895044295,-3.563570627896284e-14,6.699155119527234e-14,-0.17711299906226632
44.5699999999997,0.8929144895044286,-3.5599990406398536e-14,6.701930677088797e-14,-0.17711299906226663
44.5799999999997,0.8929144895044276,-3.556507569353644e-14,6.700542898308015e-14,-0.1771129990622669
44.5899999999997,0.8929144895044266,-3.55340577243484e-14,6.689787612756959e-14,-0.1771129990622672
44.599999999999696,0.8929144895044256,-3.549933189716677e-14,6.664807594702893e-14,-0.17711299906226755
44.609999999999694,0.8929144895044248,-3.5462026924979576e-14,6.664113705312502e-14,-0.17711299906226785
44.61999999999969,0.8929144895044238,-3.5427637506450736e-14,6.662725926531721e-14,-0.17711299906226816
44.62999999999969,0.8929144895044228,-3.5392595217624296e-14,6.651623696285469e-14,-0.17711299906226846
44.63999999999969,0.8929144895044219,-3.535924890311568e-14,6.650582862199883e-14,-0.17711299906226877
44.649999999999686,0.8929144895044209,-3.532630297788074e-14,6.639480631953631e-14,-0.17711299906226907
44.659999999999684,0.8929144895044199,-3.529181308034751e-14,6.638786742563241e-14,-0.17711299906226935
44.66999999999968,0.8929144895044189,-3.5259505742904236e-14,6.627337567621794e-14,-0.17711299906226965
44.67999999999968,0.892914489504418,-3.52273979046384e-14,6.616929226765933e-14,-0.17711299906227
44.68999999999968,0.892914489504417,-3.5189534803189536e-14,6.605480051824486e-14,-0.17711299906227027
44.699999999999676,0.892914489504416,-3.515250822868209e-14,6.590561429931086e-14,-0.17711299906227054
44.709999999999674,0.8929144895044151,-3.511456074155566e-14,6.592990042797453e-14,-0.17711299906227085
44.71999999999967,0.8929144895044141,-3.507502463756777e-14,6.578071420904053e-14,-0.17711299906227113
44.72999999999967,0.8929144895044131,-3.5032918751469115e-14,6.55656084980194e-14,-0.17711299906227143
44.73999999999967,0.8929144895044121,-3.4986337245951515e-14,6.54233611729893e-14,-0.1771129990622717
44.749999999999666,0.8929144895044112,-3.493538648944928e-14,6.520478601501623e-14,-0.177112999062272
44.759999999999664,0.8929144895044103,-3.488314913238482e-14,6.519784712111232e-14,-0.17711299906227226
44.76999999999966,0.8929144895044094,-3.48318084104375e-14,6.518049988635255e-14,-0.17711299906227254
44.77999999999966,0.8929144895044085,-3.4782190430592425e-14,6.506600813693808e-14,-0.17711299906227282
44.78999999999966,0.8929144895044078,-3.4733732230536204e-14,6.505213034913027e-14,-0.17711299906227307
44.799999999999656,0.8929144895044069,-3.468629010425156e-14,6.479886072163765e-14,-0.17711299906227335
44.809999999999654,0.892914489504406,-3.4639112578391794e-14,6.478498293382984e-14,-0.17711299906227362
44.81999999999965,0.8929144895044051,-3.4589670451311385e-14,6.467396063136732e-14,-0.17711299906227385
44.82999999999965,0.8929144895044043,-3.4543289796372134e-14,6.465661339660755e-14,-0.17711299906227412
44.83999999999965,0.8929144895044034,-3.4496454473053296e-14,6.464620505575169e-14,-0.1771129990622744
44.849999999999646,0.8929144895044026,-3.444845450553206e-14,6.439293542825908e-14,-0.17711299906227465
44.859999999999644,0.8929144895044017,-3.4398265121474874e-14,6.418476861114186e-14,-0.17711299906227496
44.86999999999964,0.8929144895044007,-3.434584397625026e-14,6.417089082333405e-14,-0.17711299906227526
44.87999999999964,0.8929144895043997,-3.4293819109658815e-14,6.405986852087153e-14,-0.17711299906227554
44.88999999999964,0.8929144895043987,-3.4237367270873765e-14,6.384823225680236e-14,-0.17711299906227582
44.899999999999636,0.8929144895043978,-3.417818505534979e-14,6.360190152321366e-14,-0.17711299906227612
44.909999999999634,0.8929144895043968,-3.4114476602837685e-14,6.348394032684723e-14,-0.1771129990622764
44.91999999999963,0.8929144895043958,-3.4051050433824195e-14,6.337638747133667e-14,-0.17711299906227668
44.92999999999963,0.8929144895043948,-3.3989677831481164e-14,6.32618957219222e-14,-0.17711299906227698
44.93999999999963,0.8929144895043939,-3.392569295959162e-14,6.315087341945969e-14,-0.17711299906227726
44.949999999999626,0.8929144895043929,-3.385954089758989e-14,6.304332056394912e-14,-0.17711299906227757
44.959999999999624,0.8929144895043919,-3.3791124386674177e-14,6.279005093645651e-14,-0.17711299906227784
44.96999999999962,0.892914489504391,-3.372389875731924e-14,6.272066199741744e-14,-0.17711299906227812
44.97999999999962,0.89291448950439,-3.36566448032691e-14,6.247086181687678e-14,-0.17711299906227843
44.98999999999962,0.892914489504389,-3.3589921813360634e-14,6.24986173924924e-14,-0.17711299906227873
44.999999999999616,0.892914489504388,-3.3522588385250396e-14,6.224534776499979e-14,-0.17711299906227898
45.009999999999614,0.8929144895043871,-3.34533882763756e-14,6.213779490948923e-14,-0.17711299906227929
45.01999999999961,0.8929144895043861,-3.338483938547635e-14,6.202330316007476e-14,-0.1771129990622796
45.02999999999961,0.8929144895043851,-3.3318021719759126e-14,6.19157503045642e-14,-0.17711299906227987
45.03999999999961,0.8929144895043841,-3.324925426048854e-14,6.170064459354307e-14,-0.17711299906228015
45.049999999999606,0.8929144895043832,-3.3179752497774334e-14,6.159309173803251e-14,-0.17711299906228045
45.059999999999604,0.8929144895043822,-3.311049475207927e-14,6.147859998861804e-14,-0.17711299906228073
45.0699999999996,0.8929144895043812,-3.304212009991926e-14,6.140921104957897e-14,-0.17711299906228103
45.0799999999996,0.8929144895043803,-3.297330575399038e-14,6.125655538369301e-14,-0.1771129990622813
45.0899999999996,0.8929144895043793,-3.290562072714099e-14,6.114206363427854e-14,-0.1771129990622816
45.099999999999596,0.8929144895043784,-3.2837790755664416e-14,6.116981920989417e-14,-0.1771129990622819
45.109999999999594,0.8929144895043774,-3.2770014981468615e-14,6.082634396165076e-14,-0.1771129990622822
45.11999999999959,0.8929144895043765,-3.270041444434933e-14,6.07118522122363e-14,-0.17711299906228245
45.12999999999959,0.8929144895043755,-3.263284908461519e-14,6.060082990977378e-14,-0.17711299906228276
45.13999999999959,0.8929144895043745,-3.25626360832781e-14,6.038919364570461e-14,-0.17711299906228306
45.14999999999959,0.8929144895043736,-3.249334361446796e-14,6.03753158578968e-14,-0.1771129990622833
45.159999999999584,0.8929144895043728,-3.242539950131564e-14,6.026776300238623e-14,-0.1771129990622836
45.16999999999958,0.8929144895043719,-3.2362040015724704e-14,6.014980180601981e-14,-0.17711299906228387
45.17999999999958,0.892914489504371,-3.229943999943383e-14,6.0135924018212e-14,-0.17711299906228412
45.18999999999958,0.8929144895043701,-3.223930837299745e-14,6.001796282184557e-14,-0.1771129990622844
45.19999999999958,0.8929144895043694,-3.217978463656901e-14,6.001102392794166e-14,-0.17711299906228464
45.209999999999575,0.8929144895043686,-3.2122203311358705e-14,5.988959328462329e-14,-0.17711299906228492
45.21999999999957,0.8929144895043678,-3.206901486663968e-14,5.997632945842213e-14,-0.17711299906228514
45.22999999999957,0.892914489504367,-3.201919470816849e-14,5.98583682620557e-14,-0.1771129990622854
45.23999999999957,0.8929144895043664,-3.197548030988905e-14,5.984102102729594e-14,-0.17711299906228564
45.24999999999957,0.8929144895043656,-3.193560976429894e-14,5.996592111756627e-14,-0.17711299906228586
45.259999999999565,0.8929144895043648,-3.189974887409429e-14,5.995204332975845e-14,-0.17711299906228611
45.26999999999956,0.892914489504364,-3.186721858708306e-14,5.993122664804673e-14,-0.17711299906228636
45.27999999999956,0.8929144895043634,-3.1835649619111696e-14,5.981673489863226e-14,-0.1771129990622866
45.28999999999956,0.8929144895043626,-3.180594438529063e-14,5.980285711082445e-14,-0.17711299906228684
45.29999999999956,0.8929144895043618,-3.17751648670451e-14,5.978550987606468e-14,-0.1771129990622871
45.309999999999555,0.892914489504361,-3.174812642937569e-14,5.976816264130491e-14,-0.17711299906228736
45.31999999999955,0.8929144895043604,-3.172115260643782e-14,5.975081540654514e-14,-0.17711299906228758
45.32999999999955,0.8929144895043596,-3.1695661614401304e-14,5.963632365713067e-14,-0.17711299906228783
45.33999999999955,0.8929144895043588,-3.167097587840568e-14,5.96189764223709e-14,-0.17711299906228808
45.34999999999955,0.892914489504358,-3.1644099763936616e-14,5.960509863456309e-14,-0.17711299906228833
45.359999999999545,0.8929144895043574,-3.1618434317652236e-14,5.958775139980332e-14,-0.17711299906228856
45.36999999999954,0.8929144895043566,-3.159464583827776e-14,5.957040416504356e-14,-0.1771129990622888
45.37999999999954,0.8929144895043558,-3.1571165489300206e-14,5.955652637723574e-14,-0.17711299906228908
45.38999999999954,0.892914489504355,-3.1548193334199565e-14,5.953570969552402e-14,-0.1771129990622893
45.39999999999954,0.8929144895043544,-3.15250887751433e-14,5.938305402963806e-14,-0.17711299906228956
45.409999999999535,0.8929144895043536,-3.1500790144749603e-14,5.926856228022359e-14,-0.1771129990622898
45.41999999999953,0.8929144895043528,-3.1476599293039866e-14,5.925468449241578e-14,-0.17711299906229006
45.42999999999953,0.892914489504352,-3.1452158315180935e-14,5.923733725765601e-14,-0.17711299906229028
45.43999999999953,0.8929144895043514,-3.142713403394978e-14,5.911937606128959e-14,-0.17711299906229053
45.44999999999953,0.8929144895043506,-3.1402502177558833e-14,5.920264278813647e-14,-0.17711299906229078
45.459999999999525,0.8929144895043498,-3.1375880646254636e-14,5.9088151038722e-14,-0.177112999062291
45.46999999999952,0.892914489504349,-3.1349975486152476e-14,5.907427325091419e-14,-0.17711299906229128
45.47999999999952,0.8929144895043483,-3.13251142732221e-14,5.891467869112432e-14,-0.17711299906229153
45.48999999999952,0.8929144895043476,-3.1298212831421324e-14,5.890080090331651e-14,-0.17711299906229178
45.49999999999952,0.8929144895043468,-3.1271778167347044e-14,5.874814523743055e-14,-0.177112999062292
45.509999999999515,0.892914489504346,-3.124289316356773e-14,5.863018404106413e-14,-0.17711299906229225
45.51999999999951,0.8929144895043453,-3.121047818545202e-14,5.861283680630436e-14,-0.1771129990622925
45.52999999999951,0.8929144895043446,-3.117680139916321e-14,5.849834505688989e-14,-0.17711299906229275
45.53999999999951,0.8929144895043438,-3.114294582166916e-14,5.858508123068873e-14,-0.17711299906229297
45.54999999999951,0.892914489504343,-3.1108066063926366e-14,5.832834215624416e-14,-0.17711299906229322
45.559999999999505,0.8929144895043423,-3.1072031387388e-14,5.831099492148439e-14,-0.1771129990622935
45.5699999999995,0.8929144895043416,-3.1036494761211456e-14,5.829364768672463e-14,-0.17711299906229372
45.5799999999995,0.8929144895043408,-3.1001452526977384e-14,5.817915593731016e-14,-0.17711299906229397
45.5899999999995,0.89291448950434,-3.096685179499515e-14,5.81236447860789e-14,-0.17711299906229422
45.5999999999995,0.8929144895043393,-3.09304906484815e-14,5.800915303666443e-14,-0.17711299906229447
45.609999999999495,0.8929144895043386,-3.0896376385913445e-14,5.799180580190466e-14,-0.1771129990622947
45.61999999999949,0.8929144895043378,-3.086124791569313e-14,5.787731405249019e-14,-0.17711299906229494
45.62999999999949,0.892914489504337,-3.0825774802663576e-14,5.785649737077847e-14,-0.1771129990622952
45.63999999999949,0.8929144895043363,-3.0790844964339675e-14,5.784261958297066e-14,-0.17711299906229544
45.64999999999949,0.8929144895043356,-3.075701214304373e-14,5.782527234821089e-14,-0.1771129990622957
45.659999999999485,0.8929144895043348,-3.072328289613123e-14,5.767261668232493e-14,-0.17711299906229594
45.66999999999948,0.892914489504334,-3.0690469618538216e-14,5.755812493291046e-14,-0.1771129990622962
45.67999999999948,0.8929144895043333,-3.065739279896902e-14,5.754077769815069e-14,-0.1771129990622964
45.68999999999948,0.8929144895043326,-3.062232946008705e-14,5.752343046339092e-14,-0.17711299906229666
45.69999999999948,0.8929144895043318,-3.0587947723349727e-14,5.74054692670245e-14,-0.1771129990622969
45.709999999999475,0.892914489504331,-3.0551723993014124e-14,5.72562830480905e-14,-0.17711299906229713
45.71999999999947,0.8929144895043303,-3.0516515600938115e-14,5.723893581333073e-14,-0.17711299906229738
45.72999999999947,0.8929144895043296,-3.048032066871095e-14,5.71209746169643e-14,-0.17711299906229766
45.73999999999947,0.8929144895043288,-3.044280046206105e-14,5.710709682915649e-14,-0.1771129990622979
45.74999999999947,0.8929144895043281,-3.040621548641866e-14,5.698913563279007e-14,-0.17711299906229813
45.759999999999465,0.8929144895043273,-3.037017060185771e-14,5.697525784498225e-14,-0.17711299906229838
45.76999999999946,0.8929144895043266,-3.0334063165288494e-14,5.695791061022248e-14,-0.17711299906229863
45.77999999999946,0.8929144895043258,-3.0300520322334986e-14,5.683994941385606e-14,-0.17711299906229885
45.78999999999946,0.8929144895043251,-3.0266679266356144e-14,5.68295410730002e-14,-0.1771129990622991
45.79999999999946,0.8929144895043243,-3.023484803485857e-14,5.680872439128848e-14,-0.17711299906229935
45.809999999999455,0.8929144895043235,-3.0203364879467267e-14,5.669423264187401e-14,-0.1771129990622996
45.81999999999945,0.8929144895043228,-3.017160160682096e-14,5.667688540711424e-14,-0.1771129990622998
45.82999999999945,0.8929144895043221,-3.0142095728931117e-14,5.665606872540252e-14,-0.17711299906230007
45.83999999999945,0.8929144895043213,-3.011405328065819e-14,5.6642190937594705e-14,-0.17711299906230032
45.84999999999945,0.8929144895043205,-3.0085406934688244e-14,5.6527699188180236e-14,-0.17711299906230055
45.859999999999445,0.8929144895043198,-3.0058800189457134e-14,5.651035195342047e-14,-0.1771129990623008
45.86999999999944,0.8929144895043191,-3.0031898156185616e-14,5.6631782596738844e-14,-0.17711299906230102
45.87999999999944,0.8929144895043183,-3.000841259596973e-14,5.651382140037242e-14,-0.17711299906230127
45.88999999999944,0.8929144895043175,-2.998481995526472e-14,5.649994361256461e-14,-0.1771129990623015
45.89999999999944,0.8929144895043168,-2.9961850433903785e-14,5.6381982416198184e-14,-0.17711299906230174
45.909999999999435,0.8929144895043161,-2.993682098495629e-14,5.6267490666783715e-14,-0.177112999062302
45.91999999999943,0.8929144895043153,-2.9912112332559644e-14,5.6250143432023947e-14,-0.1771129990623022
45.92999999999943,0.8929144895043145,-2.989004397593972e-14,5.6371574075342323e-14,-0.17711299906230243
45.93999999999943,0.8929144895043137,-2.986975276178792e-14,5.62536128789759e-14,-0.1771129990623027
45.94999999999943,0.8929144895043131,-2.984831049915899e-14,5.6239735091168086e-14,-0.17711299906230296
45.959999999999425,0.8929144895043123,-2.9826286904010474e-14,5.622238785640832e-14,-0.17711299906230316
45.96999999999942,0.8929144895043115,-2.980431422013302e-14,5.6104426660041895e-14,-0.1771129990623034
45.97999999999942,0.8929144895043107,-2.978102302087228e-14,5.609054887223408e-14,-0.17711299906230366
45.98999999999942,0.8929144895043101,-2.975586673784848e-14,5.606973219052236e-14,-0.1771129990623039
45.99999999999942,0.8929144895043093,-2.972997799803131e-14,5.5951770994155936e-14,-0.1771129990623041
46.009999999999415,0.8929144895043085,-2.970537950029232e-14,5.583380979778951e-14,-0.17711299906230435
46.01999999999941,0.8929144895043077,-2.967878641739807e-14,5.5816462563029745e-14,-0.17711299906230457
46.02999999999941,0.8929144895043071,-2.9647586165811934e-14,5.5701970813615276e-14,-0.17711299906230482
46.03999999999941,0.8929144895043063,-2.9616001099371336e-14,5.558400961724885e-14,-0.17711299906230502
46.04999999999941,0.8929144895043055,-2.958580604927418e-14,5.5469517867834384e-14,-0.17711299906230527
46.059999999999405,0.8929144895043047,-2.955461993040052e-14,5.5452170633074616e-14,-0.17711299906230552
46.0699999999994,0.892914489504304,-2.952266818566939e-14,5.547298731478634e-14,-0.17711299906230574
46.0799999999994,0.8929144895043033,-2.949124372678382e-14,5.532033164890038e-14,-0.17711299906230596
46.0899999999994,0.8929144895043025,-2.9457792252958e-14,5.53411483306121e-14,-0.17711299906230618
46.0999999999994,0.8929144895043017,-2.942337102802751e-14,5.521624824034177e-14,-0.1771129990623064
46.109999999999395,0.892914489504301,-2.939058539732001e-14,5.5105225937879254e-14,-0.17711299906230665
46.11999999999939,0.8929144895043002,-2.9357943776905344e-14,5.508440925616753e-14,-0.17711299906230688
46.12999999999939,0.8929144895042995,-2.932716073055362e-14,5.5105225937879254e-14,-0.17711299906230707
46.13999999999939,0.8929144895042987,-2.9297988964724615e-14,5.499420363541674e-14,-0.17711299906230735
46.14999999999939,0.892914489504298,-2.926609711591892e-14,5.4969917506753063e-14,-0.17711299906230754
46.159999999999386,0.8929144895042972,-2.9234395951644685e-14,5.4893589673810084e-14,-0.17711299906230776
46.16999999999938,0.8929144895042965,-2.9203703283947283e-14,5.477215903049171e-14,-0.17711299906230799
46.17999999999938,0.8929144895042957,-2.917144950266851e-14,5.475481179573194e-14,-0.1771129990623082
46.18999999999938,0.892914489504295,-2.9140422960199836e-14,5.477562847744366e-14,-0.1771129990623084
46.19999999999938,0.8929144895042942,-2.9111392148240523e-14,5.465766728107724e-14,-0.17711299906230865
46.209999999999376,0.8929144895042934,-2.9079817525330184e-14,5.4539706084710815e-14,-0.17711299906230887
46.219999999999374,0.8929144895042928,-2.9047666270710125e-14,5.4525828296903e-14,-0.17711299906230912
46.22999999999937,0.892914489504292,-2.901444854101538e-14,5.4404397653584624e-14,-0.17711299906230932
46.23999999999937,0.8929144895042912,-2.898344549365683e-14,5.429337535112211e-14,-0.17711299906230957
46.24999999999937,0.8929144895042904,-2.895117191652026e-14,5.441133654748853e-14,-0.1771129990623098
46.259999999999366,0.8929144895042896,-2.8919533021239424e-14,5.4154597473043964e-14,-0.17711299906231004
46.269999999999364,0.892914489504289,-2.8884675091602765e-14,5.4175414154755686e-14,-0.17711299906231023
46.27999999999936,0.8929144895042882,-2.8851662973529225e-14,5.419970028341936e-14,-0.17711299906231046
46.28999999999936,0.8929144895042874,-2.881969415410641e-14,5.4040105723629495e-14,-0.17711299906231068
46.29999999999936,0.8929144895042866,-2.8789022993346686e-14,5.4060922405341216e-14,-0.17711299906231093
46.309999999999356,0.8929144895042859,-2.875579961886246e-14,5.394643065592675e-14,-0.17711299906231112
46.319999999999354,0.8929144895042852,-2.8722559182769955e-14,5.392214452726307e-14,-0.17711299906231134
46.32999999999935,0.8929144895042844,-2.869299245087029e-14,5.3942961208974793e-14,-0.17711299906231157
46.33999999999935,0.8929144895042838,-2.866158867658253e-14,5.382500001260837e-14,-0.17711299906231176
46.34999999999935,0.8929144895042831,-2.863218629982203e-14,5.380418333089665e-14,-0.17711299906231195
46.359999999999346,0.8929144895042823,-2.8603467978550954e-14,5.3686222134530226e-14,-0.17711299906231218
46.369999999999344,0.8929144895042818,-2.857494088711081e-14,5.3665405452818504e-14,-0.17711299906231237
46.37999999999934,0.8929144895042811,-2.854965001259604e-14,5.364458877110678e-14,-0.17711299906231262
46.38999999999934,0.8929144895042804,-2.85247073253893e-14,5.3762549967473205e-14,-0.1771129990623128
46.39999999999934,0.8929144895042798,-2.8501628389692064e-14,5.360642485463529e-14,-0.177112999062313
46.409999999999336,0.8929144895042792,-2.8475984037636856e-14,5.348846365826887e-14,-0.17711299906231326
46.419999999999334,0.8929144895042785,-2.844932877817452e-14,5.34711164235091e-14,-0.17711299906231348
46.42999999999933,0.8929144895042779,-2.842265132230405e-14,5.335315522714268e-14,-0.17711299906231365
46.43999999999933,0.8929144895042772,-2.8395383167256087e-14,5.3436421953989566e-14,-0.17711299906231387
46.44999999999933,0.8929144895042765,-2.8368728873516338e-14,5.331499131067119e-14,-0.17711299906231412
46.459999999999326,0.892914489504276,-2.8342658474786156e-14,5.3301113522863375e-14,-0.17711299906231434
46.469999999999324,0.8929144895042753,-2.831235961151452e-14,5.3040905001466854e-14,-0.17711299906231454
46.47999999999932,0.8929144895042747,-2.828370695215236e-14,5.325601071248798e-14,-0.17711299906231473
46.48999999999932,0.892914489504274,-2.8258466518667427e-14,5.3138049516121555e-14,-0.17711299906231498
46.49999999999932,0.8929144895042733,-2.8232516142765637e-14,5.312070228136179e-14,-0.1771129990623152
46.509999999999316,0.8929144895042728,-2.820647330178062e-14,5.310335504660202e-14,-0.1771129990623154
46.519999999999314,0.8929144895042721,-2.8177572524130755e-14,5.2947229933764106e-14,-0.17711299906231565
46.52999999999931,0.8929144895042714,-2.8148133730369807e-14,5.2964577168523874e-14,-0.17711299906231584
46.53999999999931,0.8929144895042708,-2.8122465433122022e-14,5.29402910398602e-14,-0.17711299906231603
46.54999999999931,0.8929144895042702,-2.8097422380029205e-14,5.292294380510043e-14,-0.17711299906231623
46.559999999999306,0.8929144895042695,-2.8071369927942933e-14,5.280498260873401e-14,-0.17711299906231645
46.569999999999304,0.8929144895042689,-2.8045077525380076e-14,5.288131044167699e-14,-0.17711299906231667
46.5799999999993,0.8929144895042682,-2.8023601234296048e-14,5.286743265386917e-14,-0.1771129990623169
46.5899999999993,0.8929144895042676,-2.8002768213457024e-14,5.274947145750275e-14,-0.1771129990623171
46.5999999999993,0.892914489504267,-2.798115082280722e-14,5.273212422274298e-14,-0.17711299906231734
46.609999999999296,0.8929144895042663,-2.796076817184796e-14,5.271130754103126e-14,-0.17711299906231756
46.619999999999294,0.8929144895042657,-2.7940986118577385e-14,5.269396030627149e-14,-0.17711299906231778
46.62999999999929,0.892914489504265,-2.79221202213051e-14,5.2714776987983214e-14,-0.17711299906231798
46.63999999999929,0.8929144895042644,-2.7905193696516215e-14,5.26557963898e-14,-0.17711299906231823
46.64999999999929,0.8929144895042638,-2.7888158751583963e-14,5.2638449155040234e-14,-0.17711299906231845
46.659999999999286,0.8929144895042631,-2.7871234296326455e-14,5.2621101920280466e-14,-0.17711299906231867
46.669999999999284,0.8929144895042624,-2.7854622930734605e-14,5.26037546855207e-14,-0.1771129990623189
46.67999999999928,0.8929144895042618,-2.783695256708327e-14,5.2582938003808977e-14,-0.17711299906231912
46.68999999999928,0.8929144895042612,-2.7819544061018102e-14,5.256559076904921e-14,-0.17711299906231934
46.69999999999928,0.8929144895042606,-2.780249519595117e-14,5.2447629572682786e-14,-0.1771129990623196
46.709999999999276,0.8929144895042599,-2.778670418389494e-14,5.252742685257772e-14,-0.17711299906231978
46.719999999999274,0.8929144895042592,-2.7770210546686115e-14,5.227068777813315e-14,-0.17711299906232
46.72999999999927,0.8929144895042587,-2.7752511225383554e-14,5.2388648974499574e-14,-0.17711299906232023
46.73999999999927,0.892914489504258,-2.7734035485136663e-14,5.2371301739739806e-14,-0.17711299906232048
46.74999999999927,0.8929144895042573,-2.7717909970528966e-14,5.225680999032534e-14,-0.17711299906232067
46.759999999999266,0.8929144895042567,-2.7701853944016393e-14,5.2235993308613615e-14,-0.1771129990623209
46.769999999999264,0.892914489504256,-2.7685516554212644e-14,5.221864607385385e-14,-0.17711299906232114
46.77999999999926,0.8929144895042554,-2.7669498901651293e-14,5.220129883909408e-14,-0.17711299906232134
46.78999999999926,0.8929144895042548,-2.7654134368701383e-14,5.218395160433431e-14,-0.17711299906232156
46.79999999999926,0.8929144895042541,-2.7638761225625754e-14,5.216660436957454e-14,-0.1771129990623218
46.809999999999256,0.8929144895042535,-2.7619351540930064e-14,5.214578768786282e-14,-0.17711299906232203
46.819999999999254,0.8929144895042529,-2.7600029979573357e-14,5.2128440453103053e-14,-0.17711299906232222
46.82999999999925,0.8929144895042522,-2.7582608578411652e-14,5.201047925673663e-14,-0.17711299906232245
46.83999999999925,0.8929144895042516,-2.7565231393083655e-14,5.199313202197686e-14,-0.1771129990623227
46.84999999999925,0.8929144895042509,-2.754158394321222e-14,5.173292350058034e-14,-0.17711299906232292
46.859999999999246,0.8929144895042502,-2.751425256161788e-14,5.171557626582057e-14,-0.1771129990623231
46.869999999999244,0.8929144895042497,-2.7487056293743545e-14,5.170169847801276e-14,-0.17711299906232336
46.87999999999924,0.892914489504249,-2.745945092834017e-14,5.1583737281646336e-14,-0.17711299906232358
46.88999999999924,0.8929144895042483,-2.7429095488283098e-14,5.142414272185647e-14,-0.1771129990623238
46.89999999999924,0.8929144895042477,-2.7397871659486982e-14,5.144495940356819e-14,-0.17711299906232403
46.909999999999236,0.8929144895042471,-2.736628094344247e-14,5.142761216880842e-14,-0.17711299906232425
46.919999999999234,0.8929144895042465,-2.7336146374194845e-14,5.127148705597051e-14,-0.17711299906232447
46.92999999999923,0.8929144895042458,-2.730339505994504e-14,5.129230373768223e-14,-0.1771129990623247
46.93999999999923,0.8929144895042451,-2.7271405636953397e-14,5.1132709177892366e-14,-0.17711299906232492
46.94999999999923,0.8929144895042446,-2.7236925266318953e-14,5.101474798152594e-14,-0.17711299906232514
46.959999999999226,0.8929144895042439,-2.720081076381684e-14,5.100087019371813e-14,-0.17711299906232536
46.969999999999224,0.8929144895042432,-2.7165257575671354e-14,5.0882908997351706e-14,-0.1771129990623256
46.97999999999922,0.8929144895042426,-2.71319889974745e-14,5.0862092315639984e-14,-0.1771129990623258
46.98999999999922,0.8929144895042419,-2.7099035224235675e-14,5.0747600566225515e-14,-0.17711299906232603
46.99999999999922,0.8929144895042412,-2.7064245819791873e-14,5.062616992290714e-14,-0.17711299906232628
47.009999999999216,0.8929144895042405,-2.70255745535549e-14,5.051514762044462e-14,-0.17711299906232653
47.019999999999214,0.8929144895042397,-2.6986240814924824e-14,5.050126983263681e-14,-0.17711299906232678
47.02999999999921,0.8929144895042389,-2.6946058244215693e-14,5.0421472552741875e-14,-0.177112999062327
47.03999999999921,0.8929144895042382,-2.690690874844198e-14,5.0400655871030153e-14,-0.17711299906232725
47.04999999999921,0.8929144895042375,-2.6864338507994673e-14,5.018555016000903e-14,-0.17711299906232744
47.05999999999921,0.8929144895042367,-2.682498725462797e-14,5.0067588963642606e-14,-0.17711299906232766
47.069999999999204,0.8929144895042359,-2.6784407147110996e-14,5.0084936198402374e-14,-0.17711299906232789
47.0799999999992,0.8929144895042351,-2.6745691754162078e-14,4.9970444448987905e-14,-0.1771129990623281
47.0899999999992,0.8929144895042345,-2.6707292118483852e-14,4.999126113069963e-14,-0.1771129990623283
47.0999999999992,0.8929144895042337,-2.666886313670574e-14,4.986983048738125e-14,-0.17711299906232855
47.1099999999992,0.8929144895042329,-2.6628420761354972e-14,4.975533873796678e-14,-0.17711299906232877
47.119999999999195,0.8929144895042321,-2.658904177726653e-14,4.977268597272655e-14,-0.177112999062329
47.12999999999919,0.8929144895042314,-2.6551182049859278e-14,4.9758808184918735e-14,-0.1771129990623292
47.13999999999919,0.8929144895042307,-2.651230668006804e-14,4.9536763579993703e-14,-0.1771129990623294
47.14999999999919,0.8929144895042299,-2.647417935004188e-14,4.9557580261705425e-14,-0.17711299906232963
47.15999999999919,0.8929144895042291,-2.6437475079768285e-14,4.9439619065339e-14,-0.17711299906232986
47.169999999999185,0.8929144895042284,-2.6399703918033824e-14,4.935982178544407e-14,-0.17711299906233005
47.17999999999918,0.8929144895042276,-2.6362043129152625e-14,4.9241860589077646e-14,-0.17711299906233027
47.18999999999918,0.8929144895042269,-2.6326861823516953e-14,4.935982178544407e-14,-0.1771129990623305
47.19999999999918,0.8929144895042261,-2.629259636279748e-14,4.92453300360296e-14,-0.1771129990623307
47.20999999999918,0.8929144895042254,-2.6256966600315586e-14,4.9123899392711223e-14,-0.17711299906233088
47.219999999999175,0.8929144895042246,-2.6220167524026894e-14,4.90510410067202e-14,-0.1771129990623311
47.22999999999917,0.8929144895042238,-2.6184287957804407e-14,4.902675487805652e-14,-0.17711299906233133
47.23999999999917,0.8929144895042231,-2.6149397778179478e-14,4.894695759816159e-14,-0.17711299906233155
47.24999999999917,0.8929144895042224,-2.6113618402288596e-14,4.8971243726825264e-14,-0.17711299906233174
47.25999999999917,0.8929144895042216,-2.608003218310853e-14,4.895042704511354e-14,-0.17711299906233197
47.269999999999165,0.8929144895042208,-2.6045193567502503e-14,4.8731851887140465e-14,-0.1771129990623322
47.27999999999916,0.89291448950422,-2.6009949386165993e-14,4.8714504652380697e-14,-0.1771129990623324
47.28999999999916,0.8929144895042194,-2.5974023045658585e-14,4.849592949440762e-14,-0.1771129990623326
47.29999999999916,0.8929144895042186,-2.5936053837511234e-14,4.8377968298041196e-14,-0.17711299906233283
47.30999999999916,0.8929144895042178,-2.5896976756470536e-14,4.839878497975292e-14,-0.17711299906233305
47.319999999999155,0.892914489504217,-2.5857069692707688e-14,4.8280823783386495e-14,-0.17711299906233327
47.32999999999915,0.8929144895042163,-2.5816404314944015e-14,4.815939314006812e-14,-0.17711299906233346
47.33999999999915,0.8929144895042156,-2.5776194481205202e-14,4.818020982177984e-14,-0.1771129990623337
47.34999999999915,0.8929144895042148,-2.5733493260683226e-14,4.806224862541342e-14,-0.1771129990623339
47.35999999999915,0.892914489504214,-2.5693370777222516e-14,4.808306530712514e-14,-0.17711299906233413
47.369999999999145,0.8929144895042133,-2.5651459050347103e-14,4.782285678572862e-14,-0.17711299906233433
47.37999999999914,0.8929144895042125,-2.5607377451718443e-14,4.770836503631415e-14,-0.17711299906233455
47.38999999999914,0.8929144895042118,-2.556478027401692e-14,4.7628567756419216e-14,-0.17711299906233477
47.39999999999914,0.8929144895042112,-2.5522227902165803e-14,4.760428162775554e-14,-0.17711299906233496
47.40999999999914,0.8929144895042105,-2.5480743886898157e-14,4.748632043138912e-14,-0.17711299906233516
47.419999999999135,0.8929144895042098,-2.5439520148787034e-14,4.750713711310084e-14,-0.17711299906233535
47.42999999999913,0.8929144895042092,-2.5400531223053273e-14,4.7482850984437164e-14,-0.17711299906233555
47.43999999999913,0.8929144895042085,-2.5364344615795386e-14,4.750019821919693e-14,-0.17711299906233574
47.44999999999913,0.8929144895042079,-2.5329052031005236e-14,4.7482850984437164e-14,-0.17711299906233594
47.45999999999913,0.8929144895042073,-2.5297087152472728e-14,4.736488978807074e-14,-0.1771129990623361
47.469999999999125,0.8929144895042066,-2.526501999409357e-14,4.747938153748521e-14,-0.1771129990623363
47.47999999999912,0.8929144895042059,-2.5236502083138976e-14,4.735448144721488e-14,-0.17711299906233652
47.48999999999912,0.8929144895042053,-2.5209023936268135e-14,4.733366476550316e-14,-0.1771129990623367
47.49999999999912,0.8929144895042047,-2.518202281371997e-14,4.725733693256018e-14,-0.1771129990623369
47.50999999999912,0.892914489504204,-2.5154640926930818e-14,4.7233050803896504e-14,-0.17711299906233707
47.519999999999115,0.8929144895042034,-2.5129356683288687e-14,4.724692859170432e-14,-0.17711299906233727
47.52999999999911,0.8929144895042027,-2.5107839934755432e-14,4.732672587159925e-14,-0.17711299906233746
47.53999999999911,0.892914489504202,-2.5086775656863477e-14,4.7108150713626173e-14,-0.17711299906233768
47.54999999999911,0.8929144895042014,-2.5062633567951316e-14,4.708733403191445e-14,-0.17711299906233785
47.55999999999911,0.8929144895042008,-2.5040602606293477e-14,4.696937283554803e-14,-0.17711299906233804
47.569999999999105,0.8929144895042002,-2.501698904351454e-14,4.708733403191445e-14,-0.17711299906233824
47.5799999999991,0.8929144895041995,-2.4992804276474523e-14,4.696243394164412e-14,-0.17711299906233843
47.5899999999991,0.8929144895041988,-2.4967885964751093e-14,4.69416172599324e-14,-0.17711299906233863
47.5999999999991,0.8929144895041982,-2.4944183952715513e-14,4.6820186616614023e-14,-0.1771129990623388
47.6099999999991,0.8929144895041976,-2.4920356171477596e-14,4.6841003298325745e-14,-0.17711299906233902
47.619999999999095,0.8929144895041969,-2.4896067868498324e-14,4.671957265500737e-14,-0.1771129990623392
47.62999999999909,0.8929144895041963,-2.487336608435129e-14,4.683753385137379e-14,-0.1771129990623394
47.63999999999909,0.8929144895041956,-2.4851015492607048e-14,4.671957265500737e-14,-0.17711299906233957
47.64999999999909,0.8929144895041949,-2.482771973861029e-14,4.669875597329565e-14,-0.17711299906233977
47.65999999999909,0.8929144895041943,-2.4802548828178075e-14,4.657732532997727e-14,-0.17711299906233996
47.669999999999085,0.8929144895041937,-2.4776309802585323e-14,4.6455894686658894e-14,-0.17711299906234018
47.67999999999908,0.892914489504193,-2.4747247279501265e-14,4.633793349029247e-14,-0.17711299906234038
47.68999999999908,0.8929144895041924,-2.4718673459346088e-14,4.6351811278100286e-14,-0.17711299906234054
47.69999999999908,0.8929144895041917,-2.468715993947628e-14,4.6330994596388564e-14,-0.17711299906234074
47.70999999999908,0.8929144895041911,-2.4653493863442583e-14,4.6074255521943996e-14,-0.17711299906234093
47.719999999999075,0.8929144895041905,-2.4616797390250373e-14,4.5949355431673666e-14,-0.17711299906234113
47.72999999999907,0.8929144895041898,-2.4579089236458558e-14,4.597017211338539e-14,-0.17711299906234132
47.73999999999907,0.8929144895041892,-2.4540314594387607e-14,4.5852210917018965e-14,-0.17711299906234151
47.74999999999907,0.8929144895041885,-2.450189066447762e-14,4.5727310826748635e-14,-0.1771129990623417
47.75999999999907,0.8929144895041878,-2.4462343099623756e-14,4.560934963038221e-14,-0.1771129990623419
47.769999999999065,0.8929144895041872,-2.4421473332134345e-14,4.562669686514198e-14,-0.1771129990623421
47.77999999999906,0.8929144895041866,-2.438095611140626e-14,4.5505266221823604e-14,-0.17711299906234226
47.78999999999906,0.892914489504186,-2.434031105391027e-14,4.538730502545718e-14,-0.17711299906234249
47.79999999999906,0.8929144895041853,-2.43002512837477e-14,4.536995779069741e-14,-0.17711299906234268
47.80999999999906,0.8929144895041846,-2.4260338336039844e-14,4.528322161689857e-14,-0.17711299906234287
47.819999999999055,0.892914489504184,-2.4220263910887422e-14,4.526240493518685e-14,-0.17711299906234304
47.82999999999905,0.8929144895041834,-2.4179707784305022e-14,4.504382977721377e-14,-0.17711299906234323
47.83999999999905,0.8929144895041827,-2.4139657541693798e-14,4.491892968694344e-14,-0.17711299906234343
47.84999999999905,0.8929144895041821,-2.4098356467327838e-14,4.504036033026182e-14,-0.17711299906234365
47.85999999999905,0.8929144895041814,-2.4059990110545315e-14,4.482178517228874e-14,-0.17711299906234385
47.869999999999045,0.8929144895041807,-2.402021856995742e-14,4.4700354528970365e-14,-0.177112999062344
47.87999999999904,0.8929144895041801,-2.3979099612797293e-14,4.4679537847258644e-14,-0.1771129990623442
47.88999999999904,0.8929144895041795,-2.3935703640849288e-14,4.4700354528970365e-14,-0.1771129990623444
47.89999999999904,0.8929144895041788,-2.3894413758284322e-14,4.457892388565199e-14,-0.1771129990623446
47.90999999999904,0.8929144895041782,-2.3854634155369714e-14,4.445749324233361e-14,-0.1771129990623448
47.919999999999035,0.8929144895041775,-2.3815692819212845e-14,4.447484047709338e-14,-0.17711299906234498
47.92999999999903,0.8929144895041768,-2.3776791386571588e-14,4.4353409833775004e-14,-0.17711299906234518
47.93999999999903,0.8929144895041763,-2.3737739468947202e-14,4.4374226515486725e-14,-0.17711299906234537
47.94999999999903,0.8929144895041756,-2.369911025334475e-14,4.42562653191203e-14,-0.17711299906234557
47.95999999999903,0.892914489504175,-2.366068769266721e-14,4.413136522884997e-14,-0.17711299906234573
47.969999999999025,0.8929144895041743,-2.36225859664986e-14,4.401340403248355e-14,-0.17711299906234595
47.97999999999902,0.8929144895041736,-2.3586370294508727e-14,4.413136522884997e-14,-0.17711299906234615
47.98999999999902,0.892914489504173,-2.3548681200491308e-14,4.400646513857964e-14,-0.17711299906234634
47.99999999999902,0.8929144895041724,-2.3510805533784716e-14,4.379135942755852e-14,-0.1771129990623465
48.00999999999902,0.8929144895041717,-2.3474307091967257e-14,4.390585117697299e-14,-0.1771129990623467
48.019999999999015,0.8929144895041711,-2.343816414380467e-14,4.378095108670266e-14,-0.1771129990623469
48.02999999999901,0.8929144895041704,-2.3400026316769705e-14,4.3662989890336235e-14,-0.1771129990623471
48.03999999999901,0.8929144895041697,-2.3362931702862294e-14,4.354502869396981e-14,-0.17711299906234731
48.04999999999901,0.8929144895041692,-2.33232661762388e-14,4.356237592872958e-14,-0.17711299906234748
48.05999999999901,0.8929144895041685,-2.3279634946991844e-14,4.3440945285411203e-14,-0.17711299906234768
48.069999999999006,0.8929144895041679,-2.3238460901760106e-14,4.332298408904478e-14,-0.17711299906234787
48.079999999999,0.8929144895041672,-2.319513796708528e-14,4.319808399877445e-14,-0.17711299906234806
48.089999999999,0.8929144895041665,-2.3152446742329976e-14,4.2982978287753326e-14,-0.17711299906234823
48.099999999999,0.8929144895041659,-2.31061596545508e-14,4.2962161606041605e-14,-0.17711299906234845
48.109999999999,0.8929144895041653,-2.3060677473848904e-14,4.288236432614667e-14,-0.17711299906234865
48.119999999998996,0.8929144895041646,-2.3011848083678487e-14,4.271930031940485e-14,-0.17711299906234884
48.129999999998994,0.892914489504164,-2.296593942471059e-14,4.2740117001116573e-14,-0.17711299906234904
48.13999999999899,0.8929144895041633,-2.2918494097827718e-14,4.261521691084624e-14,-0.1771129990623492
48.14999999999899,0.8929144895041626,-2.2872232058423714e-14,4.249725571447982e-14,-0.1771129990623494
48.15999999999899,0.8929144895041621,-2.2825148674317824e-14,4.2375825071161444e-14,-0.17711299906234962
48.169999999998986,0.8929144895041614,-2.277875639978341e-14,4.229602779126651e-14,-0.1771129990623498
48.179999999998984,0.8929144895041607,-2.2728690762009835e-14,4.2136433231476644e-14,-0.17711299906234998
48.18999999999898,0.8929144895041602,-2.2679990794428534e-14,4.215378046623641e-14,-0.17711299906235015
48.19999999999898,0.8929144895041596,-2.263543728042205e-14,4.216765825404423e-14,-0.17711299906235034
48.20999999999898,0.8929144895041591,-2.259519890480461e-14,4.2146841572332505e-14,-0.1771129990623505
48.219999999998976,0.8929144895041586,-2.2558587112819163e-14,4.202541092901413e-14,-0.17711299906235067
48.229999999998974,0.8929144895041581,-2.2523005524245694e-14,4.2136433231476644e-14,-0.17711299906235084
48.23999999999897,0.8929144895041575,-2.2489573375417288e-14,4.201500258815827e-14,-0.177112999062351
48.24999999999897,0.892914489504157,-2.2456667663593353e-14,4.199071645949459e-14,-0.17711299906235117
48.25999999999897,0.8929144895041564,-2.2426114734253717e-14,4.200806369425436e-14,-0.17711299906235137
48.269999999998966,0.8929144895041559,-2.2398198993566527e-14,4.1983777565590685e-14,-0.17711299906235153
48.279999999998964,0.8929144895041554,-2.2375224280797576e-14,4.2098269315005155e-14,-0.17711299906235167
48.28999999999896,0.8929144895041549,-2.235475450412221e-14,4.207745263329343e-14,-0.17711299906235187
48.29999999999896,0.8929144895041543,-2.2338341930397895e-14,4.20947998680532e-14,-0.17711299906235203
48.30999999999896,0.8929144895041538,-2.232347572850825e-14,4.2070513739389526e-14,-0.1771129990623522
48.319999999998956,0.8929144895041532,-2.2310972692485952e-14,4.2185005488803995e-14,-0.1771129990623524
48.329999999998954,0.8929144895041526,-2.2300274790087002e-14,4.219888327661181e-14,-0.17711299906235253
48.33999999999895,0.8929144895041522,-2.2289806477296046e-14,4.217806659490009e-14,-0.17711299906235273
48.34999999999895,0.8929144895041516,-2.2280335399167358e-14,4.229255834431456e-14,-0.1771129990623529
48.35999999999895,0.8929144895041511,-2.2274869129382948e-14,4.216765825404423e-14,-0.17711299906235306
48.369999999998946,0.8929144895041505,-2.2271514398547096e-14,4.228561945041065e-14,-0.17711299906235325
48.379999999998944,0.89291448950415,-2.2271694687384736e-14,4.230296668517042e-14,-0.1771129990623534
48.38999999999894,0.8929144895041494,-2.2274849693187956e-14,4.251807239619154e-14,-0.17711299906235356
48.39999999999894,0.892914489504149,-2.22798349601315e-14,4.238970285896926e-14,-0.17711299906235375
48.40999999999894,0.8929144895041484,-2.2287108599878385e-14,4.250419460838373e-14,-0.17711299906235392
48.419999999998936,0.8929144895041479,-2.2296622179208403e-14,4.2521541843143495e-14,-0.1771129990623541
48.429999999998934,0.8929144895041473,-2.230662586229962e-14,4.2500725161431774e-14,-0.17711299906235425
48.43999999999893,0.8929144895041468,-2.231901009015117e-14,4.2618686357798197e-14,-0.17711299906235442
48.44999999999893,0.8929144895041462,-2.2332448602303514e-14,4.263256414560601e-14,-0.1771129990623546
48.45999999999893,0.8929144895041458,-2.2344720070980387e-14,4.270889197854899e-14,-0.17711299906235478
48.469999999998926,0.8929144895041452,-2.2358797447373326e-14,4.2625625251702104e-14,-0.17711299906235495
48.479999999998924,0.8929144895041446,-2.23709983250255e-14,4.2740117001116573e-14,-0.17711299906235511
48.48999999999892,0.8929144895041441,-2.2382746284070244e-14,4.27158308724529e-14,-0.17711299906235528
48.49999999999892,0.8929144895041435,-2.239264562259594e-14,4.283032262186737e-14,-0.17711299906235545
48.50999999999892,0.892914489504143,-2.240330794195518e-14,4.270889197854899e-14,-0.1771129990623556
48.519999999998916,0.8929144895041425,-2.2414357265005367e-14,4.2826853174915414e-14,-0.1771129990623558
48.529999999998914,0.892914489504142,-2.242399188205007e-14,4.280256704625174e-14,-0.177112999062356
48.53999999999891,0.8929144895041414,-2.2431180507294023e-14,4.2646441933413826e-14,-0.1771129990623562
48.54999999999891,0.8929144895041409,-2.2432406564283017e-14,4.2663789168173594e-14,-0.17711299906235636
48.55999999999891,0.8929144895041403,-2.243338545176938e-14,4.2538889077903264e-14,-0.17711299906235653
48.569999999998906,0.8929144895041398,-2.2432359205459138e-14,4.251460294923959e-14,-0.17711299906235672
48.579999999998904,0.8929144895041393,-2.2428517599131165e-14,4.2531950183999356e-14,-0.17711299906235686
48.5899999999989,0.8929144895041388,-2.242360998095331e-14,4.2271741662602835e-14,-0.17711299906235708
48.5999999999989,0.8929144895041382,-2.2413968991894528e-14,4.238970285896926e-14,-0.17711299906235725
48.6099999999989,0.8929144895041377,-2.240366045251291e-14,4.226827221565088e-14,-0.17711299906235742
48.619999999998896,0.8929144895041371,-2.2390218101493785e-14,4.2282150003458696e-14,-0.1771129990623576
48.629999999998894,0.8929144895041367,-2.2374807003706686e-14,4.216071936014032e-14,-0.17711299906235775
48.63999999999889,0.8929144895041361,-2.2356669743233972e-14,4.2042758163773897e-14,-0.17711299906235792
48.64999999999889,0.8929144895041355,-2.2338086040712102e-14,4.2011533141206314e-14,-0.1771129990623581
48.65999999999889,0.892914489504135,-2.232005115278056e-14,4.189010249788794e-14,-0.17711299906235828
48.669999999998886,0.8929144895041344,-2.2299467809626843e-14,4.1907449732647706e-14,-0.17711299906235844
48.679999999998884,0.8929144895041339,-2.227539616647783e-14,4.1782549642377376e-14,-0.1771129990623586
48.68999999999888,0.8929144895041334,-2.2248119916308043e-14,4.1661118999059e-14,-0.17711299906235878
48.69999999999888,0.8929144895041329,-2.2218563503941306e-14,4.1543157802692576e-14,-0.17711299906235894
48.70999999999888,0.8929144895041322,-2.2187768726414022e-14,4.1418257712422246e-14,-0.17711299906235917
48.719999999998876,0.8929144895041315,-2.2155868053408855e-14,4.1435604947182014e-14,-0.17711299906235936
48.729999999998874,0.8929144895041309,-2.2121372921673143e-14,4.131764375081559e-14,-0.17711299906235953
48.73999999999887,0.8929144895041302,-2.2084748713855738e-14,4.1099068592842514e-14,-0.17711299906235972
48.74999999999887,0.8929144895041297,-2.2042261097138123e-14,4.098110739647609e-14,-0.17711299906235992
48.75999999999887,0.892914489504129,-2.1999088262838982e-14,4.0859676753157714e-14,-0.1771129990623601
48.769999999998866,0.8929144895041283,-2.1954049469515518e-14,4.077641002631083e-14,-0.1771129990623603
48.779999999998864,0.8929144895041277,-2.1906492789448877e-14,4.0620284913472915e-14,-0.1771129990623605
48.78999999999886,0.892914489504127,-2.1857157838669076e-14,4.0533548739674075e-14,-0.1771129990623607
48.79999999999886,0.8929144895041264,-2.1805594636094175e-14,4.0314973581701e-14,-0.1771129990623609
48.80999999999886,0.8929144895041258,-2.1754916498416564e-14,4.019354293838262e-14,-0.17711299906236108
48.819999999998856,0.8929144895041251,-2.1702421075824138e-14,4.00755817420162e-14,-0.17711299906236125
48.829999999998854,0.8929144895041244,-2.165127929310529e-14,4.0092928976775966e-14,-0.17711299906236147
48.83999999999885,0.8929144895041238,-2.1596740299404013e-14,3.9870884371850934e-14,-0.17711299906236166
48.84999999999885,0.8929144895041231,-2.1538878170940253e-14,3.961761474435832e-14,-0.1771129990623619
48.85999999999885,0.8929144895041226,-2.1477356911890847e-14,3.94996535479919e-14,-0.17711299906236208
48.869999999998846,0.8929144895041219,-2.1411319225592948e-14,3.914576995889263e-14,-0.17711299906236233
48.879999999998844,0.8929144895041212,-2.133988422510756e-14,3.9027808762526206e-14,-0.17711299906236255
48.88999999999884,0.8929144895041206,-2.1266224598282503e-14,3.890984756615978e-14,-0.17711299906236277
48.89999999999884,0.89291448950412,-2.1189356592201988e-14,3.8691272408186705e-14,-0.177112999062363
48.90999999999884,0.8929144895041193,-2.1112281828511062e-14,3.843800278069409e-14,-0.17711299906236322
48.919999999998836,0.8929144895041187,-2.1034079701117267e-14,3.8316572137375715e-14,-0.17711299906236344
48.929999999998834,0.892914489504118,-2.0953901118351763e-14,3.810146642635459e-14,-0.17711299906236366
48.93999999999883,0.8929144895041174,-2.0870010542254295e-14,3.798697467694012e-14,-0.17711299906236389
48.94999999999883,0.8929144895041168,-2.07873352168066e-14,3.7730235602495554e-14,-0.1771129990623641
48.95999999999883,0.8929144895041161,-2.070292632451952e-14,3.761227440612913e-14,-0.17711299906236433
48.96999999999883,0.8929144895041154,-2.0614066264085656e-14,3.7393699248156054e-14,-0.17711299906236452
48.979999999998824,0.8929144895041148,-2.0530175531271048e-14,3.741104648291582e-14,-0.17711299906236472
48.98999999999882,0.8929144895041142,-2.0451109196872024e-14,3.718900187799079e-14,-0.1771129990623649
48.99999999999882,0.8929144895041136,-2.0371829157942532e-14,3.707104068162437e-14,-0.1771129990623651
49.00999999999882,0.8929144895041129,-2.029390483238518e-14,3.6953079485257945e-14,-0.1771129990623653
49.01999999999882,0.8929144895041122,-2.0218474046684247e-14,3.6828179394987615e-14,-0.1771129990623655
49.029999999998815,0.8929144895041116,-2.014286577083994e-14,3.674838211509268e-14,-0.17711299906236566
49.03999999999881,0.8929144895041109,-2.006388253304544e-14,3.6387559632089506e-14,-0.17711299906236588
49.04999999999881,0.8929144895041105,-1.9985028257549622e-14,3.6540215297975465e-14,-0.17711299906236602
49.05999999999881,0.8929144895041099,-1.9912288022502225e-14,3.651592916931179e-14,-0.17711299906236616
49.06999999999881,0.8929144895041093,-1.9845324998869535e-14,3.6529806957119604e-14,-0.1771129990623663
49.079999999998805,0.8929144895041088,-1.978726408795535e-14,3.654368474492742e-14,-0.1771129990623664
49.0899999999988,0.8929144895041082,-1.973290769865679e-14,3.6415315207705135e-14,-0.17711299906236658
49.0999999999988,0.8929144895041077,-1.9683349561226014e-14,3.642919299551295e-14,-0.17711299906236672
49.1099999999988,0.8929144895041071,-1.9637120168142243e-14,3.6540215297975465e-14,-0.17711299906236685
49.1199999999988,0.8929144895041066,-1.959788928379752e-14,3.655409308578328e-14,-0.177112999062367
49.129999999998795,0.8929144895041061,-1.955940570804941e-14,3.642919299551295e-14,-0.17711299906236716
49.13999999999879,0.8929144895041056,-1.9522536880126968e-14,3.634592626866606e-14,-0.17711299906236727
49.14999999999879,0.8929144895041051,-1.948969592861911e-14,3.645694857112858e-14,-0.17711299906236738
49.15999999999879,0.8929144895041047,-1.9460213230802957e-14,3.646735691198444e-14,-0.17711299906236752
49.16999999999879,0.8929144895041042,-1.9435995133494348e-14,3.6574909767495e-14,-0.17711299906236763
49.179999999998785,0.8929144895041038,-1.9416971416134017e-14,3.654715419187937e-14,-0.17711299906236774
49.18999999999878,0.8929144895041033,-1.9400875710882618e-14,3.655756253273523e-14,-0.17711299906236788
49.19999999999878,0.8929144895041029,-1.9388578792558335e-14,3.653327640407156e-14,-0.17711299906236802
49.20999999999878,0.8929144895041025,-1.937552549787252e-14,3.640837631380123e-14,-0.17711299906236816
49.21999999999878,0.8929144895041021,-1.9361935584228185e-14,3.6522868063215697e-14,-0.1771129990623683
49.229999999998775,0.8929144895041017,-1.934900562635647e-14,3.6397967972945366e-14,-0.17711299906236846
49.23999999999877,0.8929144895041012,-1.933307791817984e-14,3.637368184428169e-14,-0.1771129990623686
49.24999999999877,0.8929144895041008,-1.9317601403615015e-14,3.634592626866606e-14,-0.17711299906236877
49.25999999999877,0.8929144895041004,-1.930522423083189e-14,3.6359804056473877e-14,-0.1771129990623689
49.26999999999877,0.8929144895040999,-1.929022779151673e-14,3.63355179278102e-14,-0.17711299906236905
49.279999999998765,0.8929144895040996,-1.9273979745790267e-14,3.621061783753987e-14,-0.17711299906236921
49.28999999999876,0.8929144895040991,-1.9258515936670774e-14,3.6186331708876196e-14,-0.17711299906236935
49.29999999999876,0.8929144895040987,-1.924093596431981e-14,3.6300823458290665e-14,-0.17711299906236952
49.30999999999876,0.8929144895040982,-1.92240709678421e-14,3.617245392106838e-14,-0.17711299906236966
49.31999999999876,0.8929144895040978,-1.9207487004837603e-14,3.6148167792404706e-14,-0.17711299906236982
49.329999999998755,0.8929144895040974,-1.9190057718140214e-14,3.6023267702134376e-14,-0.17711299906236994
49.33999999999875,0.8929144895040969,-1.9172333660180146e-14,3.61412288985008e-14,-0.1771129990623701
49.34999999999875,0.8929144895040966,-1.9154234868504565e-14,3.6012859361278515e-14,-0.17711299906237024
49.35999999999875,0.8929144895040961,-1.9134745644455367e-14,3.598857323261484e-14,-0.1771129990623704
49.36999999999875,0.8929144895040957,-1.9116295175827033e-14,3.5860203695392556e-14,-0.17711299906237055
49.379999999998745,0.8929144895040952,-1.9096780967944225e-14,3.583591756672888e-14,-0.1771129990623707
49.38999999999874,0.8929144895040948,-1.9076789114600253e-14,3.585326480148865e-14,-0.17711299906237082
49.39999999999874,0.8929144895040944,-1.905651618388179e-14,3.582550922587302e-14,-0.177112999062371
49.40999999999874,0.8929144895040939,-1.903288098632676e-14,3.570060913560269e-14,-0.17711299906237113
49.41999999999874,0.8929144895040936,-1.9012219594040144e-14,3.5676323006939015e-14,-0.1771129990623713
49.429999999998735,0.8929144895040931,-1.89916461088234e-14,3.569020079474683e-14,-0.17711299906237146
49.43999999999873,0.8929144895040927,-1.897098495463099e-14,3.5665914666083154e-14,-0.1771129990623716
49.44999999999873,0.8929144895040922,-1.8951142659568973e-14,3.5638159090467525e-14,-0.17711299906237174
49.45999999999873,0.8929144895040918,-1.892911661446984e-14,3.565550632522729e-14,-0.17711299906237188
49.46999999999873,0.8929144895040914,-1.8907866484347596e-14,3.552713678800501e-14,-0.17711299906237205
49.479999999998725,0.892914489504091,-1.888633865204064e-14,3.550632010629329e-14,-0.17711299906237218
49.48999999999872,0.8929144895040906,-1.8865234421345793e-14,3.538142001602296e-14,-0.17711299906237235
49.49999999999872,0.8929144895040901,-1.884279464649155e-14,3.535366444040733e-14,-0.17711299906237246
49.50999999999872,0.8929144895040897,-1.8819247353927527e-14,3.5228764350137e-14,-0.17711299906237263
49.51999999999872,0.8929144895040892,-1.879507021315716e-14,3.5339786652599514e-14,-0.17711299906237274
49.529999999998715,0.8929144895040888,-1.8775325939892982e-14,3.535713388735928e-14,-0.1771129990623729
49.53999999999871,0.8929144895040884,-1.8755697566408474e-14,3.5228764350137e-14,-0.17711299906237304
49.54999999999871,0.892914489504088,-1.8734297311539933e-14,3.530509218307998e-14,-0.1771129990623732
49.55999999999871,0.8929144895040876,-1.8715410600112167e-14,3.5176722645857694e-14,-0.17711299906237332
49.56999999999871,0.8929144895040871,-1.8692195585157765e-14,3.515243651719402e-14,-0.1771129990623735
49.579999999998705,0.8929144895040867,-1.867180339827042e-14,3.502753642692369e-14,-0.17711299906237363
49.5899999999987,0.8929144895040863,-1.8647252301837595e-14,3.504488366168346e-14,-0.1771129990623738
49.5999999999987,0.8929144895040858,-1.862683743271638e-14,3.5013658639115874e-14,-0.17711299906237393
49.6099999999987,0.8929144895040854,-1.8606695824496855e-14,3.48922279957975e-14,-0.1771129990623741
49.6199999999987,0.892914489504085,-1.8586917680209142e-14,3.486447242018187e-14,-0.17711299906237424
49.629999999998695,0.8929144895040846,-1.8564706180227672e-14,3.488181965494164e-14,-0.17711299906237438
49.63999999999869,0.8929144895040841,-1.854179774390617e-14,3.475691956467131e-14,-0.17711299906237454
49.64999999999869,0.8929144895040837,-1.852086339805742e-14,3.473263343600763e-14,-0.17711299906237468
49.65999999999869,0.8929144895040833,-1.8498548341735307e-14,3.484365573847015e-14,-0.17711299906237482
49.66999999999869,0.8929144895040828,-1.8480744948994014e-14,3.461814168659316e-14,-0.17711299906237496
49.679999999998685,0.8929144895040824,-1.8461848286426815e-14,3.472916398905568e-14,-0.1771129990623751
49.68999999999868,0.892914489504082,-1.8444220471387755e-14,3.4708347307343956e-14,-0.17711299906237524
49.69999999999868,0.8929144895040816,-1.8427437469738918e-14,3.457997777012167e-14,-0.1771129990623754
49.70999999999868,0.8929144895040811,-1.841027365809107e-14,3.459385555792949e-14,-0.17711299906237554
49.71999999999868,0.8929144895040807,-1.8393310408583916e-14,3.447242491461111e-14,-0.1771129990623757
49.729999999998675,0.8929144895040803,-1.8373590840550267e-14,3.4448138785947435e-14,-0.17711299906237585
49.73999999999867,0.8929144895040798,-1.8354102262223195e-14,3.455916108840995e-14,-0.177112999062376
49.74999999999867,0.8929144895040795,-1.8336089213550524e-14,3.443426099813962e-14,-0.17711299906237613
49.75999999999867,0.892914489504079,-1.8315406036075387e-14,3.4312830354821244e-14,-0.1771129990623763
49.76999999999867,0.8929144895040786,-1.8296347266642022e-14,3.442385265728376e-14,-0.17711299906237643
49.779999999998665,0.8929144895040781,-1.8273279554859044e-14,3.4295483120061476e-14,-0.1771129990623766
49.78999999999866,0.8929144895040777,-1.8253945313321088e-14,3.41740524767431e-14,-0.17711299906237674
49.79999999999866,0.8929144895040773,-1.823522907666871e-14,3.4285074779205615e-14,-0.17711299906237687
49.80999999999866,0.8929144895040768,-1.8217716200161437e-14,3.4257319203589987e-14,-0.17711299906237704
49.81999999999866,0.8929144895040765,-1.8200546606232187e-14,3.4274666438349755e-14,-0.17711299906237718
49.829999999998655,0.892914489504076,-1.818227617262711e-14,3.4149766348079424e-14,-0.17711299906237735
49.83999999999865,0.8929144895040756,-1.816060582798876e-14,3.4024866257809094e-14,-0.17711299906237749
49.84999999999865,0.8929144895040751,-1.813874982519259e-14,3.3997110682193465e-14,-0.17711299906237765
49.85999999999865,0.8929144895040747,-1.8120624408437404e-14,3.4014457916953234e-14,-0.17711299906237776
49.86999999999865,0.8929144895040743,-1.810099941854106e-14,3.399017178828956e-14,-0.17711299906237793
49.879999999998645,0.8929144895040738,-1.8080624614246593e-14,3.3861802251067274e-14,-0.17711299906237807
49.88999999999864,0.8929144895040735,-1.8057535941212734e-14,3.38375161224036e-14,-0.17711299906237823
49.89999999999864,0.892914489504073,-1.8037756653406263e-14,3.3851393910211414e-14,-0.17711299906237835
49.90999999999864,0.8929144895040726,-1.8020816199690416e-14,3.386527169801923e-14,-0.1771129990623785
49.91999999999864,0.8929144895040722,-1.8002052878448082e-14,3.384098556935555e-14,-0.17711299906237862
49.929999999998635,0.8929144895040717,-1.798171791538901e-14,3.3851393910211414e-14,-0.17711299906237876
49.93999999999863,0.8929144895040713,-1.7967890156018748e-14,3.3823638334595785e-14,-0.1771129990623789
49.94999999999863,0.8929144895040708,-1.7951176978272995e-14,3.3834046675451646e-14,-0.17711299906237904
49.95999999999863,0.8929144895040705,-1.7935456561515324e-14,3.371261603213327e-14,-0.17711299906237918
49.96999999999863,0.89291448950407,-1.7918828247222735e-14,3.382710778154774e-14,-0.17711299906237934
49.979999999998626,0.8929144895040696,-1.7904982062701265e-14,3.3698738244325455e-14,-0.17711299906237946
49.98999999999862,0.8929144895040692,-1.7889430654448942e-14,3.3709146585181315e-14,-0.1771129990623796
49.99999999999862,0.8929144895040687,-1.787765892705729e-14,3.3688329903469594e-14,-0.17711299906237973
50.00999999999862,0.8929144895040683,-1.786252871521414e-14,3.3698738244325455e-14,-0.17711299906237987
50.01999999999862,0.8929144895040678,-1.785274774163544e-14,3.3670982668709826e-14,-0.17711299906238
50.029999999998616,0.8929144895040675,-1.7840998424963598e-14,3.3546082578439496e-14,-0.17711299906238018
50.039999999998614,0.892914489504067,-1.782629744221476e-14,3.3525265896727774e-14,-0.1771129990623803
50.04999999999861,0.8929144895040666,-1.7810664884417478e-14,3.3535674237583635e-14,-0.17711299906238043
50.05999999999861,0.8929144895040662,-1.7796596144679354e-14,3.340730470036135e-14,-0.17711299906238057
50.06999999999861,0.8929144895040657,-1.7781001809314176e-14,3.3518327002823867e-14,-0.17711299906238073
50.079999999998606,0.8929144895040653,-1.7766256495782486e-14,3.339689635950549e-14,-0.17711299906238087
50.089999999998604,0.8929144895040648,-1.7750982105670013e-14,3.3410774147313305e-14,-0.177112999062381
50.0999999999986,0.8929144895040644,-1.7734997895046307e-14,3.328240461009102e-14,-0.17711299906238112
50.1099999999986,0.892914489504064,-1.7718844735466942e-14,3.325464903447539e-14,-0.17711299906238123
50.1199999999986,0.8929144895040636,-1.770135955193051e-14,3.3268526822283206e-14,-0.1771129990623814
50.129999999998596,0.8929144895040632,-1.7684845839599103e-14,3.327893516313907e-14,-0.1771129990623815
50.139999999998594,0.8929144895040627,-1.76722106081369e-14,3.3258118481427346e-14,-0.17711299906238168
50.14999999999859,0.8929144895040623,-1.765846076770849e-14,3.312974894420506e-14,-0.17711299906238182
50.15999999999859,0.8929144895040618,-1.7639473706961484e-14,3.314015728506092e-14,-0.17711299906238195
50.16999999999859,0.8929144895040614,-1.762327582571264e-14,3.311587115639725e-14,-0.17711299906238206
50.179999999998586,0.892914489504061,-1.760706795654468e-14,3.312974894420506e-14,-0.17711299906238223
50.189999999998584,0.8929144895040606,-1.7589639455505862e-14,3.300137940698278e-14,-0.17711299906238237
50.19999999999858,0.8929144895040602,-1.7570396480247307e-14,3.301525719479059e-14,-0.1771129990623825
50.20999999999858,0.8929144895040597,-1.755747386982702e-14,3.299444051307887e-14,-0.17711299906238265
50.21999999999858,0.8929144895040593,-1.75414195257305e-14,3.300484885393473e-14,-0.1771129990623828
50.229999999998576,0.8929144895040588,-1.7531099701984717e-14,3.311587115639725e-14,-0.1771129990623829
50.239999999998574,0.8929144895040584,-1.7518125743664483e-14,3.299097106612692e-14,-0.17711299906238306
50.24999999999857,0.892914489504058,-1.7503944495912474e-14,3.286607097585659e-14,-0.1771129990623832
50.25999999999857,0.8929144895040576,-1.748825463608183e-14,3.2845254294144866e-14,-0.17711299906238337
50.26999999999857,0.8929144895040572,-1.747082068618882e-14,3.285219318804877e-14,-0.17711299906238348
50.279999999998566,0.8929144895040567,-1.7456275478839267e-14,3.272729309777844e-14,-0.17711299906238365
50.289999999998564,0.8929144895040563,-1.743769102339098e-14,3.274117088558626e-14,-0.17711299906238373
50.29999999999856,0.8929144895040558,-1.742601044306562e-14,3.285219318804877e-14,-0.1771129990623839
50.30999999999856,0.8929144895040554,-1.7409708102478867e-14,3.272729309777844e-14,-0.17711299906238404
50.31999999999856,0.8929144895040549,-1.7394314876243414e-14,3.260239300750811e-14,-0.1771129990623842
50.329999999998556,0.8929144895040546,-1.7377909258916514e-14,3.2709945863018675e-14,-0.1771129990623843
50.339999999998554,0.8929144895040542,-1.736394793633901e-14,3.25885152197003e-14,-0.17711299906238448
50.34999999999855,0.8929144895040537,-1.7347696073513615e-14,3.270300696911477e-14,-0.1771129990623846
50.35999999999855,0.8929144895040533,-1.733217686009801e-14,3.271341530997063e-14,-0.17711299906238473
50.36999999999855,0.8929144895040528,-1.731850136531968e-14,3.25885152197003e-14,-0.17711299906238487
50.379999999998546,0.8929144895040524,-1.7303197128160865e-14,3.246361512942997e-14,-0.17711299906238503
50.389999999998544,0.892914489504052,-1.728473142738131e-14,3.233871503915964e-14,-0.17711299906238517
50.39999999999854,0.8929144895040516,-1.726584840620699e-14,3.245320678857411e-14,-0.1771129990623853
50.40999999999854,0.8929144895040512,-1.724899582527064e-14,3.2366470614775267e-14,-0.17711299906238545
50.41999999999854,0.8929144895040507,-1.7230264886198452e-14,3.247402347028583e-14,-0.17711299906238556
50.429999999998536,0.8929144895040503,-1.7217290991733675e-14,3.23491233800155e-14,-0.1771129990623857
50.439999999998534,0.8929144895040498,-1.7197638270629088e-14,3.222422328974517e-14,-0.17711299906238587
50.44999999999853,0.8929144895040494,-1.7178888345761317e-14,3.223810107755298e-14,-0.177112999062386
50.45999999999853,0.892914489504049,-1.715948943932992e-14,3.22519788653608e-14,-0.17711299906238614
50.46999999999853,0.8929144895040486,-1.7141913309538038e-14,3.222769273669712e-14,-0.17711299906238628
50.479999999998526,0.8929144895040482,-1.7122392981983403e-14,3.223810107755298e-14,-0.1771129990623864
50.489999999998524,0.8929144895040477,-1.7107240923049585e-14,3.211320098728265e-14,-0.17711299906238653
50.49999999999852,0.8929144895040473,-1.7091710929744247e-14,3.212707877509047e-14,-0.1771129990623867
50.50999999999852,0.8929144895040468,-1.7072662688237018e-14,3.200217868482014e-14,-0.17711299906238684
50.51999999999852,0.8929144895040464,-1.7052086740998215e-14,3.201605647262795e-14,-0.17711299906238698
50.529999999998516,0.892914489504046,-1.7032212908628627e-14,3.188768693540567e-14,-0.17711299906238712
50.539999999998514,0.8929144895040455,-1.7009522845252563e-14,3.190156472321348e-14,-0.1771129990623872
50.54999999999851,0.8929144895040452,-1.698996848476144e-14,3.1873809147597854e-14,-0.17711299906238737
50.55999999999851,0.8929144895040447,-1.6970020428353392e-14,3.1787072973799013e-14,-0.17711299906238748
50.56999999999851,0.8929144895040443,-1.695067983306399e-14,3.1759317398183384e-14,-0.17711299906238764
50.579999999998506,0.8929144895040438,-1.6929801814651597e-14,3.1769725739039245e-14,-0.17711299906238775
50.589999999998504,0.8929144895040434,-1.690841647729919e-14,3.178360352684706e-14,-0.1771129990623879
50.5999999999985,0.892914489504043,-1.6892478104776527e-14,3.165870343657673e-14,-0.17711299906238803
50.6099999999985,0.8929144895040425,-1.6871918436240157e-14,3.15338033463064e-14,-0.17711299906238817
50.6199999999985,0.8929144895040422,-1.6850624259725495e-14,3.150604777069077e-14,-0.1771129990623883
50.629999999998496,0.8929144895040417,-1.6825192515296524e-14,3.1519925558498585e-14,-0.17711299906238845
50.639999999998494,0.8929144895040413,-1.6800555957925005e-14,3.1530333899354446e-14,-0.17711299906238856
50.64999999999849,0.8929144895040408,-1.678012569766145e-14,3.1405433809084116e-14,-0.17711299906238873
50.65999999999849,0.8929144895040404,-1.6756080489279874e-14,3.1415842149939976e-14,-0.17711299906238884
50.66999999999849,0.89291448950404,-1.6730514007302637e-14,3.142971993774779e-14,-0.17711299906238892
50.679999999998486,0.8929144895040395,-1.6709837423560662e-14,3.140196436213216e-14,-0.17711299906238906
50.689999999998484,0.8929144895040391,-1.6688149327052923e-14,3.131175874138137e-14,-0.17711299906238917
50.69999999999848,0.8929144895040386,-1.666782852539341e-14,3.1183389204159084e-14,-0.1771129990623893
50.70999999999848,0.8929144895040383,-1.665098630293711e-14,3.11972669919669e-14,-0.17711299906238945
50.71999999999848,0.8929144895040378,-1.66335033377144e-14,3.117645031025518e-14,-0.17711299906238961
50.729999999998476,0.8929144895040374,-1.6613595607066216e-14,3.1048080773032893e-14,-0.17711299906238975
50.739999999998474,0.892914489504037,-1.6586603510822024e-14,3.1058489113888754e-14,-0.17711299906238986
50.74999999999847,0.8929144895040365,-1.6561093835958873e-14,3.107236690169657e-14,-0.17711299906238998
50.75999999999847,0.8929144895040361,-1.653941714463187e-14,3.108277524255243e-14,-0.1771129990623901
50.76999999999847,0.8929144895040356,-1.6518431465535264e-14,3.0916241788858656e-14,-0.17711299906239025
50.779999999998466,0.8929144895040352,-1.6494585633553166e-14,3.093011957666647e-14,-0.17711299906239036
50.789999999998464,0.8929144895040348,-1.6474850272343962e-14,3.080521948639614e-14,-0.17711299906239053
50.79999999999846,0.8929144895040344,-1.6447980447917755e-14,3.0676849949173857e-14,-0.17711299906239064
50.80999999999846,0.892914489504034,-1.641902458315669e-14,3.068725829002972e-14,-0.17711299906239075
50.81999999999846,0.8929144895040335,-1.6393943575881446e-14,3.069766663088558e-14,-0.17711299906239086
50.829999999998456,0.8929144895040331,-1.6368920881002935e-14,3.057276654061525e-14,-0.17711299906239097
50.839999999998454,0.8929144895040326,-1.6345446427519748e-14,3.0579705434519155e-14,-0.1771129990623911
50.84999999999845,0.8929144895040322,-1.6322763088549565e-14,3.059358322232697e-14,-0.17711299906239122
50.85999999999845,0.8929144895040317,-1.630059729373025e-14,3.0472152579008593e-14,-0.1771129990623914
50.86999999999845,0.8929144895040314,-1.6276284975345627e-14,3.0444397003392965e-14,-0.1771129990623915
50.87999999999845,0.892914489504031,-1.6253687449742176e-14,3.035419138264217e-14,-0.1771129990623916
50.889999999998444,0.8929144895040305,-1.6229179598033468e-14,3.036113027654608e-14,-0.17711299906239172
50.89999999999844,0.8929144895040302,-1.6204174824444495e-14,3.0472152579008593e-14,-0.17711299906239183
50.90999999999844,0.8929144895040299,-1.6187543705126837e-14,3.0347252488738263e-14,-0.17711299906239195
50.91999999999844,0.8929144895040294,-1.6169553374297782e-14,3.021888295151598e-14,-0.1771129990623921
50.92999999999844,0.8929144895040291,-1.6150839529422287e-14,3.0194596822852304e-14,-0.17711299906239225
50.939999999998435,0.8929144895040287,-1.612811814821765e-14,3.020153571675621e-14,-0.17711299906239233
50.94999999999843,0.8929144895040284,-1.610568754937923e-14,3.018071903504449e-14,-0.17711299906239245
50.95999999999843,0.8929144895040282,-1.6084230080607607e-14,3.004888005087025e-14,-0.17711299906239253
50.96999999999843,0.8929144895040279,-1.6061324304489308e-14,3.0156432906380815e-14,-0.17711299906239264
50.97999999999843,0.8929144895040275,-1.6041173356027865e-14,3.002806336915853e-14,-0.17711299906239278
50.989999999998425,0.8929144895040272,-1.6024499829876486e-14,3.0139085671621046e-14,-0.1771129990623929
50.99999999999842,0.8929144895040269,-1.6005771112507914e-14,3.011133009600542e-14,-0.17711299906239303
51.00999999999842,0.8929144895040265,-1.598241076068372e-14,2.9982960558783134e-14,-0.17711299906239314
51.01999999999842,0.8929144895040262,-1.5962763737047568e-14,2.9993368899638995e-14,-0.17711299906239322
51.02999999999842,0.8929144895040259,-1.594737597998937e-14,2.995867443011946e-14,-0.1771129990623933
51.039999999998415,0.8929144895040255,-1.5933521064274425e-14,2.997255221792727e-14,-0.17711299906239344
51.04999999999841,0.8929144895040253,-1.5917454225107206e-14,2.994132719535969e-14,-0.17711299906239353
51.05999999999841,0.892914489504025,-1.5902521802612718e-14,2.995173553621555e-14,-0.17711299906239364
51.06999999999841,0.8929144895040246,-1.5890066818339085e-14,3.0059288391726113e-14,-0.17711299906239372
51.07999999999841,0.8929144895040243,-1.5882075603406386e-14,2.9934388301455783e-14,-0.17711299906239386
51.089999999998405,0.892914489504024,-1.587111411754324e-14,2.99031632788882e-14,-0.177112999062394
51.0999999999984,0.8929144895040236,-1.5857549801368715e-14,2.991357161974406e-14,-0.17711299906239408
51.1099999999984,0.8929144895040233,-1.5846239283363512e-14,2.992397996059992e-14,-0.1771129990623942
51.1199999999984,0.892914489504023,-1.583508148781481e-14,2.9896224384984293e-14,-0.1771129990623943
51.1299999999984,0.8929144895040226,-1.5825891308389373e-14,2.986499936241671e-14,-0.1771129990623944
51.139999999998395,0.8929144895040224,-1.5816044905807138e-14,2.987540770327257e-14,-0.17711299906239453
51.14999999999839,0.8929144895040221,-1.5802096228766764e-14,2.9851121574608896e-14,-0.17711299906239464
51.15999999999839,0.8929144895040217,-1.5791191520879925e-14,2.9858060468512804e-14,-0.17711299906239472
51.16999999999839,0.8929144895040214,-1.5780026002149458e-14,2.9733160378242474e-14,-0.17711299906239486
51.17999999999839,0.8929144895040211,-1.5768532750042973e-14,2.969846590872294e-14,-0.17711299906239494
51.189999999998385,0.8929144895040207,-1.5756056445525002e-14,2.97088742495788e-14,-0.17711299906239503
51.19999999999838,0.8929144895040204,-1.574568647339645e-14,2.968458812091512e-14,-0.17711299906239517
51.20999999999838,0.8929144895040201,-1.573419825043964e-14,2.965336309834754e-14,-0.17711299906239528
51.21999999999838,0.8929144895040197,-1.5718066448804788e-14,2.96637714392034e-14,-0.1771129990623954
51.22999999999838,0.8929144895040194,-1.5705118212335347e-14,2.9531932455029164e-14,-0.1771129990623955
51.239999999998375,0.8929144895040192,-1.5693343433239432e-14,2.964295475749168e-14,-0.17711299906239558
51.24999999999837,0.8929144895040189,-1.5683708040353104e-14,2.951111577331744e-14,-0.17711299906239572
51.25999999999837,0.8929144895040185,-1.5669257449566878e-14,2.948682964465377e-14,-0.17711299906239583
51.26999999999837,0.8929144895040182,-1.5654566532714352e-14,2.9493768538557674e-14,-0.1771129990623959
51.27999999999837,0.8929144895040179,-1.5643791169360023e-14,2.9469482409894e-14,-0.17711299906239603
51.289999999998365,0.8929144895040175,-1.5631612182997964e-14,2.9476421303797906e-14,-0.1771129990623961
51.29999999999836,0.8929144895040172,-1.5620400923815548e-14,2.944866572818228e-14,-0.17711299906239625
51.30999999999836,0.8929144895040169,-1.5608599853169148e-14,2.945907406903814e-14,-0.17711299906239636
51.31999999999836,0.8929144895040165,-1.559533318827076e-14,2.9466012962942045e-14,-0.17711299906239644
51.32999999999836,0.8929144895040163,-1.5587500325785836e-14,2.944172683427837e-14,-0.17711299906239658
51.339999999998355,0.892914489504016,-1.557528228856659e-14,2.930988785010413e-14,-0.1771129990623967
51.34999999999835,0.8929144895040156,-1.55649599211217e-14,2.9320296190959994e-14,-0.17711299906239678
51.35999999999835,0.8929144895040153,-1.5551851128459295e-14,2.928907116839241e-14,-0.1771129990623969
51.36999999999835,0.892914489504015,-1.554148317559893e-14,2.916417107812208e-14,-0.17711299906239703
51.37999999999835,0.8929144895040146,-1.5530767668933337e-14,2.9313357297056086e-14,-0.1771129990623971
51.389999999998345,0.8929144895040143,-1.551703993780736e-14,2.914682384336231e-14,-0.17711299906239725
51.39999999999834,0.892914489504014,-1.5503140524165526e-14,2.9254376698872875e-14,-0.17711299906239733
51.40999999999834,0.8929144895040136,-1.549393906830034e-14,2.912600716165059e-14,-0.17711299906239747
51.41999999999834,0.8929144895040134,-1.547994760099391e-14,2.913641550250645e-14,-0.17711299906239755
51.42999999999834,0.8929144895040131,-1.5469510129861647e-14,2.924743780496897e-14,-0.17711299906239764
51.439999999998335,0.8929144895040128,-1.5459031958085348e-14,2.9119068267746684e-14,-0.17711299906239777
51.44999999999833,0.8929144895040124,-1.5446026929167067e-14,2.895253481405291e-14,-0.1771129990623979
51.45999999999833,0.8929144895040121,-1.5429791685231984e-14,2.895947370795682e-14,-0.177112999062398
51.46999999999833,0.8929144895040118,-1.5412893106648066e-14,2.893171813234119e-14,-0.1771129990623981
51.47999999999833,0.8929144895040114,-1.5399145357919577e-14,2.8945595920149003e-14,-0.17711299906239825
51.489999999998325,0.8929144895040111,-1.5384941948780126e-14,2.882069582987867e-14,-0.17711299906239836
51.49999999999832,0.8929144895040109,-1.536832941856313e-14,2.878947080731109e-14,-0.17711299906239847
51.50999999999832,0.8929144895040105,-1.5347402540448202e-14,2.8796409701215e-14,-0.17711299906239858
51.51999999999832,0.8929144895040102,-1.5329134843232734e-14,2.876865412559937e-14,-0.1771129990623987
51.52999999999832,0.8929144895040099,-1.5311888722618814e-14,2.864375403532904e-14,-0.17711299906239883
51.539999999998315,0.8929144895040095,-1.5290101195424977e-14,2.8754776337791554e-14,-0.17711299906239894
51.54999999999831,0.8929144895040092,-1.5271382813212478e-14,2.862640680056927e-14,-0.17711299906239902
51.55999999999831,0.8929144895040089,-1.525388652731054e-14,2.863681514142513e-14,-0.17711299906239916
51.56999999999831,0.8929144895040085,-1.523537310993588e-14,2.8466812240779404e-14,-0.1771129990623993
51.57999999999831,0.8929144895040082,-1.5215970013029408e-14,2.848069002858722e-14,-0.17711299906239938
51.589999999998305,0.892914489504008,-1.5196389872537998e-14,2.835578993831689e-14,-0.17711299906239952
51.5999999999983,0.8929144895040076,-1.5174786355099523e-14,2.846334279382745e-14,-0.17711299906239963
51.6099999999983,0.8929144895040073,-1.5155328060103477e-14,2.843211777125987e-14,-0.17711299906239975
51.6199999999983,0.892914489504007,-1.5132711876349463e-14,2.8345381597461028e-14,-0.17711299906239986
51.6299999999983,0.8929144895040066,-1.511220456610773e-14,2.83176260218454e-14,-0.1771129990624
51.639999999998295,0.8929144895040063,-1.5091345468996592e-14,2.832803436270126e-14,-0.17711299906240008
51.64999999999829,0.892914489504006,-1.5071572688774983e-14,2.830027878708563e-14,-0.1771129990624002
51.65999999999829,0.8929144895040056,-1.505228372104707e-14,2.8171909249863347e-14,-0.17711299906240033
51.66999999999829,0.8929144895040054,-1.5031122126031296e-14,2.8047009159593017e-14,-0.17711299906240047
51.67999999999829,0.8929144895040051,-1.500846877974087e-14,2.8015784137025435e-14,-0.17711299906240058
51.689999999998285,0.8929144895040048,-1.4982985782079348e-14,2.8026192477881295e-14,-0.1771129990624007
51.69999999999828,0.8929144895040044,-1.4959625387278736e-14,2.7994967455313713e-14,-0.17711299906240077
51.70999999999828,0.8929144895040041,-1.4937521677327534e-14,2.8008845243121527e-14,-0.1771129990624009
51.71999999999828,0.8929144895040038,-1.4917118087536852e-14,2.8019253583977388e-14,-0.17711299906240102
51.72999999999828,0.8929144895040034,-1.4899564200259795e-14,2.7856189577235568e-14,-0.1771129990624011
51.739999999998275,0.8929144895040031,-1.4879245572258566e-14,2.786659791809143e-14,-0.17711299906240124
51.74999999999827,0.8929144895040028,-1.485747348754071e-14,2.7873536811995336e-14,-0.17711299906240136
51.75999999999827,0.8929144895040025,-1.483778727187011e-14,2.784925068333166e-14,-0.17711299906240147
51.76999999999827,0.8929144895040022,-1.4817874411687692e-14,2.7759045062580867e-14,-0.17711299906240158
51.77999999999827,0.8929144895040019,-1.479853874395583e-14,2.7727820040013285e-14,-0.17711299906240172
51.789999999998265,0.8929144895040015,-1.4778467884595802e-14,2.770353391134961e-14,-0.17711299906240183
51.79999999999826,0.8929144895040012,-1.4756693574758414e-14,2.7575164374127326e-14,-0.17711299906240194
51.80999999999826,0.8929144895040009,-1.4732975645752908e-14,2.7446794836905042e-14,-0.17711299906240205
51.81999999999826,0.8929144895040005,-1.4713472166343118e-14,2.7457203177760903e-14,-0.17711299906240216
51.82999999999826,0.8929144895040002,-1.469169354954461e-14,2.7429447602145274e-14,-0.1771129990624023
51.839999999998255,0.892914489504,-1.466716218156743e-14,2.7533531010703882e-14,-0.1771129990624024
51.84999999999825,0.8929144895039997,-1.4647154789954447e-14,2.7412100367385506e-14,-0.17711299906240252
51.85999999999825,0.8929144895039993,-1.4626670179450044e-14,2.7287200277115176e-14,-0.17711299906240266
51.86999999999825,0.892914489503999,-1.4605162679562e-14,2.7294139171019083e-14,-0.17711299906240277
51.87999999999825,0.8929144895039987,-1.458354885154392e-14,2.7401692026529645e-14,-0.17711299906240283
51.889999999998246,0.8929144895039983,-1.4565044868779025e-14,2.7276791936259315e-14,-0.17711299906240296
51.89999999999824,0.892914489503998,-1.4547244968810234e-14,2.7151891845988985e-14,-0.1771129990624031
51.90999999999824,0.8929144895039977,-1.4529259697829692e-14,2.72629141484515e-14,-0.17711299906240324
51.91999999999824,0.8929144895039974,-1.451168089989433e-14,2.7131075164277263e-14,-0.17711299906240335
51.92999999999824,0.8929144895039971,-1.4491978209951077e-14,2.7006175074006933e-14,-0.1771129990624035
51.939999999998236,0.8929144895039968,-1.446946808609652e-14,2.6981888945343258e-14,-0.17711299906240363
51.949999999998234,0.8929144895039964,-1.4442848950973845e-14,2.6988827839247165e-14,-0.1771129990624037
51.95999999999823,0.8929144895039961,-1.4419092666357644e-14,2.6999236180103026e-14,-0.1771129990624038
51.96999999999823,0.8929144895039958,-1.4402509937225298e-14,2.6968011157535443e-14,-0.17711299906240394
51.97999999999823,0.8929144895039954,-1.43842470481241e-14,2.6981888945343258e-14,-0.17711299906240405
51.989999999998226,0.8929144895039951,-1.43647932468479e-14,2.6853519408120974e-14,-0.17711299906240419
51.999999999998224,0.8929144895039949,-1.4343571840301802e-14,2.6825763832505345e-14,-0.17711299906240432
52.00999999999822,0.8929144895039945,-1.431997490628747e-14,2.6836172173361206e-14,-0.1771129990624044
52.01999999999822,0.8929144895039942,-1.429917025448797e-14,2.6711272083090876e-14,-0.17711299906240452
52.02999999999822,0.8929144895039939,-1.4276793790868055e-14,2.6586371992820546e-14,-0.17711299906240466
52.039999999998216,0.8929144895039935,-1.4254265406403005e-14,2.68292332794573e-14,-0.17711299906240474
52.049999999998214,0.8929144895039932,-1.4238767906262655e-14,2.6707802636138922e-14,-0.17711299906240488
52.05999999999821,0.8929144895039929,-1.422296773663356e-14,2.667657761357134e-14,-0.17711299906240502
52.06999999999821,0.8929144895039925,-1.420725573922031e-14,2.6652291484907664e-14,-0.17711299906240513
52.07999999999821,0.8929144895039923,-1.4193128479648393e-14,2.6662699825763525e-14,-0.17711299906240527
52.089999999998206,0.892914489503992,-1.4176422155576557e-14,2.653433028854124e-14,-0.17711299906240538
52.099999999998204,0.8929144895039917,-1.4161162818013652e-14,2.6645352591003757e-14,-0.17711299906240552
52.1099999999982,0.8929144895039913,-1.4145745689047109e-14,2.6617597015388128e-14,-0.17711299906240563
52.1199999999982,0.892914489503991,-1.4130271338454458e-14,2.6492696925117798e-14,-0.17711299906240577
52.1299999999982,0.8929144895039907,-1.4115578014724513e-14,2.650310526597366e-14,-0.1771129990624059
52.139999999998196,0.8929144895039903,-1.4102390464244823e-14,2.6478819137309983e-14,-0.17711299906240605
52.149999999998194,0.89291448950399,-1.4088917153563849e-14,2.6451063561694355e-14,-0.17711299906240616
52.15999999999819,0.8929144895039898,-1.4077105963173416e-14,2.6461471902550215e-14,-0.17711299906240627
52.16999999999819,0.8929144895039894,-1.4067092991031784e-14,2.6433716326934587e-14,-0.1771129990624064
52.17999999999819,0.8929144895039891,-1.4058775743115556e-14,2.6683516507475247e-14,-0.17711299906240652
52.189999999998186,0.8929144895039888,-1.4050265460118669e-14,2.6458002455598262e-14,-0.17711299906240666
52.199999999998184,0.8929144895039884,-1.4042957890930452e-14,2.6530860841589288e-14,-0.1771129990624068
52.20999999999818,0.8929144895039881,-1.4038202320867612e-14,2.6544738629397102e-14,-0.17711299906240693
52.21999999999818,0.8929144895039878,-1.4034593957789802e-14,2.6555146970252963e-14,-0.17711299906240704
52.22999999999818,0.8929144895039876,-1.4030876719749743e-14,2.6662699825763525e-14,-0.17711299906240716
52.239999999998176,0.8929144895039872,-1.402716005775608e-14,2.653433028854124e-14,-0.1771129990624073
52.249999999998174,0.8929144895039869,-1.4024372631253695e-14,2.6645352591003757e-14,-0.1771129990624074
52.25999999999817,0.8929144895039866,-1.4022984200494438e-14,2.6621066462340082e-14,-0.17711299906240754
52.26999999999817,0.8929144895039862,-1.4021325287964093e-14,2.649616637206975e-14,-0.17711299906240768
52.27999999999817,0.8929144895039859,-1.4019185950383746e-14,2.6603719227580314e-14,-0.17711299906240782
52.289999999998166,0.8929144895039856,-1.4014822890190932e-14,2.6478819137309983e-14,-0.17711299906240793
52.299999999998164,0.8929144895039852,-1.4009169238917093e-14,2.6454533008646308e-14,-0.17711299906240804
52.30999999999816,0.892914489503985,-1.4002627086331392e-14,2.646494134950217e-14,-0.17711299906240818
52.31999999999816,0.8929144895039847,-1.3994347102304475e-14,2.6336571812279885e-14,-0.1771129990624083
52.32999999999816,0.8929144895039843,-1.3984173542864099e-14,2.6211671722009555e-14,-0.17711299906240843
52.339999999998156,0.892914489503984,-1.3970529953653266e-14,2.6183916146393926e-14,-0.17711299906240857
52.349999999998154,0.8929144895039837,-1.3952959805298277e-14,2.6055546609171643e-14,-0.1771129990624087
52.35999999999815,0.8929144895039833,-1.3934699544843256e-14,2.6069424396979457e-14,-0.17711299906240882
52.36999999999815,0.892914489503983,-1.3913249114708912e-14,2.5902890943285684e-14,-0.17711299906240893
52.37999999999815,0.8929144895039828,-1.3887951110625369e-14,2.5913299284141544e-14,-0.17711299906240907
52.389999999998146,0.8929144895039824,-1.3862620787404e-14,2.5791868640823168e-14,-0.1771129990624092
52.399999999998144,0.8929144895039821,-1.3835261281228408e-14,2.562186574017744e-14,-0.17711299906240932
52.40999999999814,0.8929144895039818,-1.380591639818546e-14,2.55351295663786e-14,-0.17711299906240946
52.41999999999814,0.8929144895039814,-1.377495602724205e-14,2.550737399076297e-14,-0.1771129990624096
52.42999999999814,0.8929144895039811,-1.3740065236833856e-14,2.538247390049264e-14,-0.17711299906240968
52.439999999998136,0.8929144895039808,-1.3702131509998677e-14,2.5254104363270358e-14,-0.1771129990624098
52.449999999998134,0.8929144895039804,-1.3666491520378378e-14,2.536165721878092e-14,-0.1771129990624099
52.45999999999813,0.8929144895039802,-1.3633133829288413e-14,2.5229818234606682e-14,-0.17711299906241
52.46999999999813,0.8929144895039799,-1.3602891554715542e-14,2.523675712851059e-14,-0.1771129990624101
52.47999999999813,0.8929144895039796,-1.3575309430805385e-14,2.5347779430973105e-14,-0.17711299906241018
52.489999999998126,0.8929144895039792,-1.3548798442621203e-14,2.521940989375082e-14,-0.1771129990624103
52.499999999998124,0.8929144895039789,-1.3522813481495564e-14,2.5087570909576584e-14,-0.17711299906241038
52.50999999999812,0.8929144895039786,-1.3497255172862074e-14,2.5097979250432445e-14,-0.1771129990624105
52.51999999999812,0.8929144895039782,-1.3471668148794243e-14,2.5104918144336352e-14,-0.17711299906241057
52.52999999999812,0.8929144895039779,-1.344517957227989e-14,2.497654860711407e-14,-0.17711299906241065
52.539999999998116,0.8929144895039776,-1.3421042296455411e-14,2.508410146262463e-14,-0.17711299906241076
52.549999999998114,0.8929144895039772,-1.3396686081489737e-14,2.4955731925402347e-14,-0.17711299906241085
52.55999999999811,0.8929144895039769,-1.3373042162331178e-14,2.4924506902834764e-14,-0.17711299906241096
52.56999999999811,0.8929144895039767,-1.3350672753907564e-14,2.483430128208397e-14,-0.17711299906241107
52.57999999999811,0.8929144895039763,-1.3328300515209795e-14,2.484470962293983e-14,-0.17711299906241115
52.589999999998106,0.892914489503976,-1.3310759162191353e-14,2.4955731925402347e-14,-0.17711299906241126
52.599999999998104,0.8929144895039757,-1.3292800064796966e-14,2.482389294122811e-14,-0.17711299906241135
52.6099999999981,0.8929144895039753,-1.3275125019790922e-14,2.493144579673867e-14,-0.17711299906241143
52.6199999999981,0.892914489503975,-1.3256743919621993e-14,2.4799606812564434e-14,-0.1771129990624115
52.6299999999981,0.8929144895039747,-1.3237394023359528e-14,2.4810015153420295e-14,-0.17711299906241162
52.639999999998096,0.8929144895039743,-1.3218915376415789e-14,2.468164561619801e-14,-0.17711299906241174
52.649999999998094,0.892914489503974,-1.3200571785551187e-14,2.4692053957053872e-14,-0.17711299906241182
52.65999999999809,0.8929144895039737,-1.3180935840728542e-14,2.466082893448629e-14,-0.17711299906241193
52.66999999999809,0.8929144895039733,-1.3163941930822644e-14,2.467123727534215e-14,-0.177112999062412
52.67999999999809,0.8929144895039731,-1.3146543635660536e-14,2.468164561619801e-14,-0.17711299906241212
52.689999999998086,0.8929144895039728,-1.3128950648819425e-14,2.454633718507182e-14,-0.1771129990624122
52.699999999998084,0.8929144895039725,-1.3109870909625365e-14,2.455674552592768e-14,-0.1771129990624123
52.70999999999808,0.8929144895039721,-1.3092302649504805e-14,2.4528989950312052e-14,-0.1771129990624124
52.71999999999808,0.8929144895039718,-1.307571185254841e-14,2.4539398291167913e-14,-0.17711299906241249
52.72999999999808,0.8929144895039715,-1.3058722699203157e-14,2.4504703821648377e-14,-0.1771129990624126
52.739999999998076,0.8929144895039711,-1.3041922545889806e-14,2.455674552592768e-14,-0.17711299906241268
52.749999999998074,0.8929144895039708,-1.3026693957979705e-14,2.4424906541753444e-14,-0.1771129990624128
52.75999999999807,0.8929144895039705,-1.300957221138502e-14,2.439368151918586e-14,-0.1771129990624129
52.76999999999807,0.8929144895039701,-1.299283307798615e-14,2.4261842535011624e-14,-0.17711299906241298
52.77999999999807,0.8929144895039698,-1.2974344401520344e-14,2.4272250875867485e-14,-0.1771129990624131
52.78999999999807,0.8929144895039696,-1.295655216940698e-14,2.4282659216723346e-14,-0.17711299906241315
52.799999999998064,0.8929144895039692,-1.293818823976661e-14,2.4254903641107717e-14,-0.17711299906241326
52.80999999999806,0.8929144895039689,-1.2919316504890587e-14,2.4265311981963578e-14,-0.17711299906241335
52.81999999999806,0.8929144895039685,-1.2900473457342517e-14,2.4136942444741294e-14,-0.17711299906241348
52.82999999999806,0.892914489503968,-1.2877423627373485e-14,2.3907958945912355e-14,-0.1771129990624136
52.83999999999806,0.8929144895039676,-1.2853890445520215e-14,2.3918367286768216e-14,-0.17711299906241373
52.849999999998055,0.8929144895039671,-1.2828993918421734e-14,2.3793467196497886e-14,-0.17711299906241385
52.85999999999805,0.8929144895039667,-1.2800485268845212e-14,2.3703261575747092e-14,-0.17711299906241396
52.86999999999805,0.8929144895039662,-1.2770153335177442e-14,2.3713669916602953e-14,-0.17711299906241407
52.87999999999805,0.8929144895039658,-1.2737204698614293e-14,2.3484686417774014e-14,-0.17711299906241418
52.88999999999805,0.8929144895039655,-1.270290289396606e-14,2.3359786327503684e-14,-0.17711299906241432
52.899999999998045,0.892914489503965,-1.26675057421638e-14,2.33736641153115e-14,-0.17711299906241443
52.90999999999804,0.8929144895039646,-1.2632263465070511e-14,2.3245294578089215e-14,-0.17711299906241454
52.91999999999804,0.8929144895039641,-1.2595630256753762e-14,2.3158558404290375e-14,-0.17711299906241468
52.92999999999804,0.8929144895039637,-1.2556398185888753e-14,2.303018886706809e-14,-0.1771129990624148
52.93999999999804,0.8929144895039632,-1.2517201008136132e-14,2.3040597207923952e-14,-0.1771129990624149
52.949999999998035,0.8929144895039628,-1.2476589022162678e-14,2.2815083156046967e-14,-0.177112999062415
52.95999999999803,0.8929144895039623,-1.2433642537711047e-14,2.2686713618824683e-14,-0.17711299906241512
52.96999999999803,0.8929144895039619,-1.2388874763589348e-14,2.2697121959680544e-14,-0.17711299906241526
52.97999999999803,0.8929144895039616,-1.234472581400173e-14,2.271099974748836e-14,-0.17711299906241537
52.98999999999803,0.8929144895039611,-1.2301042846295768e-14,2.248201624865942e-14,-0.1771129990624155
52.999999999998025,0.8929144895039607,-1.2256782870809368e-14,2.249242458951528e-14,-0.1771129990624156
53.00999999999802,0.8929144895039602,-1.2214672335481162e-14,2.2398749521812533e-14,-0.17711299906241568
53.01999999999802,0.8929144895039598,-1.2178193319641745e-14,2.2409157862668394e-14,-0.17711299906241576
53.02999999999802,0.8929144895039594,-1.2143332655856887e-14,2.24160967565723e-14,-0.17711299906241584
53.03999999999802,0.8929144895039589,-1.2109888849273444e-14,2.2325891135821507e-14,-0.17711299906241595
53.049999999998015,0.8929144895039585,-1.207722626995084e-14,2.2336299476677368e-14,-0.17711299906241604
53.05999999999801,0.892914489503958,-1.2046120620113224e-14,2.2343238370581275e-14,-0.17711299906241615
53.06999999999801,0.8929144895039576,-1.2015240583285144e-14,2.225303274983048e-14,-0.17711299906241623
53.07999999999801,0.8929144895039571,-1.1987812691855067e-14,2.2263441090686342e-14,-0.17711299906241632
53.08999999999801,0.8929144895039567,-1.1963263130103713e-14,2.2312013348013693e-14,-0.1771129990624164
53.099999999998005,0.8929144895039562,-1.1942769596330556e-14,2.23189522419176e-14,-0.1771129990624165
53.109999999998,0.8929144895039558,-1.1921103129882433e-14,2.2225277174214852e-14,-0.1771129990624166
53.119999999998,0.8929144895039554,-1.190022456012301e-14,2.2235685515070713e-14,-0.17711299906241665
53.129999999998,0.892914489503955,-1.1882701822556588e-14,2.2246093855926574e-14,-0.17711299906241676
53.139999999998,0.8929144895039546,-1.1862949602797227e-14,2.2256502196782435e-14,-0.17711299906241687
53.149999999997995,0.8929144895039541,-1.1843072268267163e-14,2.216629657603164e-14,-0.17711299906241698
53.15999999999799,0.8929144895039537,-1.182300596057787e-14,2.204139648576131e-14,-0.17711299906241712
53.16999999999799,0.8929144895039532,-1.1800975971639902e-14,2.2048335379665218e-14,-0.1771129990624172
53.17999999999799,0.8929144895039528,-1.1777691271847857e-14,2.1961599205866378e-14,-0.17711299906241731
53.18999999999799,0.8929144895039524,-1.1756442173433721e-14,2.1968538099770285e-14,-0.1771129990624174
53.199999999997985,0.8929144895039519,-1.1737051598094197e-14,2.187833247901949e-14,-0.1771129990624175
53.20999999999798,0.8929144895039515,-1.1714451034671372e-14,2.1746493494845254e-14,-0.1771129990624176
53.21999999999798,0.8929144895039511,-1.1693106691198219e-14,2.1892210266827306e-14,-0.17711299906241768
53.22999999999798,0.8929144895039508,-1.1676226729071905e-14,2.1899149160731213e-14,-0.17711299906241773
53.23999999999798,0.8929144895039505,-1.1663541380697235e-14,2.2044865932713265e-14,-0.1771129990624178
53.249999999997975,0.8929144895039501,-1.165502119572706e-14,2.2048335379665218e-14,-0.17711299906241787
53.25999999999797,0.8929144895039499,-1.1648223330381592e-14,2.1923435289394888e-14,-0.17711299906241795
53.26999999999797,0.8929144895039496,-1.1640487356860612e-14,2.1930374183298795e-14,-0.17711299906241806
53.27999999999797,0.8929144895039492,-1.1634644329747957e-14,2.2034457591857404e-14,-0.17711299906241812
53.28999999999797,0.8929144895039489,-1.1629882597647539e-14,2.2044865932713265e-14,-0.17711299906241823
53.299999999997965,0.8929144895039486,-1.1625726291292188e-14,2.2055274273569125e-14,-0.17711299906241834
53.30999999999796,0.8929144895039482,-1.1620510938868234e-14,2.2062213167473033e-14,-0.1771129990624184
53.31999999999796,0.8929144895039479,-1.1618085409586521e-14,2.193384363025075e-14,-0.1771129990624185
53.32999999999796,0.8929144895039476,-1.1614617605117543e-14,2.1940782524154656e-14,-0.17711299906241856
53.33999999999796,0.8929144895039473,-1.1614657902844703e-14,2.2187113257743363e-14,-0.17711299906241867
53.349999999997955,0.8929144895039469,-1.1610800449707618e-14,2.195466031196247e-14,-0.17711299906241876
53.35999999999795,0.8929144895039466,-1.1606635509877697e-14,2.1826290774740187e-14,-0.17711299906241887
53.36999999999795,0.8929144895039463,-1.1602556706160675e-14,2.1937313077202703e-14,-0.17711299906241898
53.37999999999795,0.892914489503946,-1.1596948679125293e-14,2.1947721418058563e-14,-0.17711299906241906
53.38999999999795,0.8929144895039457,-1.1591522840696614e-14,2.208996874308866e-14,-0.17711299906241915
53.399999999997945,0.8929144895039454,-1.1590144744177446e-14,2.1958129758914424e-14,-0.17711299906241923
53.40999999999794,0.892914489503945,-1.1586941093159086e-14,2.1968538099770285e-14,-0.1771129990624193
53.41999999999794,0.8929144895039447,-1.1583942278763206e-14,2.1978946440626146e-14,-0.1771129990624194
53.42999999999794,0.8929144895039444,-1.1580151887267267e-14,2.1989354781482007e-14,-0.1771129990624195
53.43999999999794,0.892914489503944,-1.157544786782232e-14,2.1958129758914424e-14,-0.17711299906241962
53.449999999997935,0.8929144895039437,-1.1569784589522046e-14,2.196506865281833e-14,-0.17711299906241967
53.45999999999793,0.8929144895039434,-1.1568885466424002e-14,2.1975476993674192e-14,-0.17711299906241978
53.46999999999793,0.892914489503943,-1.1565360743159325e-14,2.1843638009499955e-14,-0.17711299906241987
53.47999999999793,0.8929144895039427,-1.1559700324417869e-14,2.1854046350355816e-14,-0.17711299906241998
53.48999999999793,0.8929144895039424,-1.1554662969137468e-14,2.185751579730777e-14,-0.17711299906242003
53.499999999997925,0.892914489503942,-1.1551613378395922e-14,2.1864454691211677e-14,-0.17711299906242012
53.50999999999792,0.8929144895039418,-1.1546329401699565e-14,2.1874863032067537e-14,-0.1771129990624202
53.51999999999792,0.8929144895039415,-1.154060777237806e-14,2.1881801925971445e-14,-0.17711299906242028
53.52999999999792,0.8929144895039411,-1.1537758031742485e-14,2.175343238874916e-14,-0.17711299906242037
53.53999999999792,0.8929144895039408,-1.1532654343855011e-14,2.1860985244259723e-14,-0.17711299906242045
53.549999999997915,0.8929144895039405,-1.152938425224013e-14,2.177077962350893e-14,-0.17711299906242053
53.55999999999791,0.8929144895039401,-1.1522148344827351e-14,2.1774249070460883e-14,-0.17711299906242062
53.56999999999791,0.8929144895039398,-1.1519383451421164e-14,2.1746493494845254e-14,-0.1771129990624207
53.57999999999791,0.8929144895039395,-1.1511618694613806e-14,2.175343238874916e-14,-0.1771129990624208
53.58999999999791,0.8929144895039391,-1.150457363553857e-14,2.1756901835701115e-14,-0.17711299906242087
53.599999999997905,0.8929144895039388,-1.1499772476908362e-14,2.1767310176556975e-14,-0.17711299906242098
53.6099999999979,0.8929144895039385,-1.1490407656753101e-14,2.1638940639334692e-14,-0.17711299906242106
53.6199999999979,0.8929144895039381,-1.1478689743812798e-14,2.168404344971009e-14,-0.17711299906242112
53.6299999999979,0.8929144895039378,-1.1470339766918426e-14,2.165628787409446e-14,-0.17711299906242123
53.6399999999979,0.8929144895039376,-1.146089016581468e-14,2.1562612806391712e-14,-0.17711299906242128
53.649999999997895,0.8929144895039373,-1.1451261340236246e-14,2.1566082253343666e-14,-0.17711299906242134
53.65999999999789,0.8929144895039369,-1.1442440582641437e-14,2.1576490594199527e-14,-0.17711299906242145
53.66999999999789,0.8929144895039366,-1.1432789514681629e-14,2.1586898935055387e-14,-0.17711299906242156
53.67999999999789,0.8929144895039363,-1.1424183372582822e-14,2.169445179056595e-14,-0.17711299906242162
53.68999999999789,0.8929144895039359,-1.1417242146359044e-14,2.146546829173701e-14,-0.17711299906242173
53.699999999997885,0.8929144895039356,-1.14062839759797e-14,2.1472407185640918e-14,-0.17711299906242178
53.70999999999788,0.8929144895039353,-1.1395245073580482e-14,2.1479346079544825e-14,-0.17711299906242184
53.71999999999788,0.8929144895039349,-1.1384963630826667e-14,2.148281552649678e-14,-0.17711299906242192
53.72999999999788,0.8929144895039346,-1.1375298548984826e-14,2.149322386735264e-14,-0.17711299906242203
53.73999999999788,0.8929144895039343,-1.1365298608017093e-14,2.12642403685237e-14,-0.17711299906242212
53.749999999997875,0.8929144895039339,-1.1351943523299755e-14,2.136832377708231e-14,-0.1771129990624222
53.75999999999787,0.8929144895039336,-1.1340167937742883e-14,2.1375262670986217e-14,-0.17711299906242225
53.76999999999787,0.8929144895039333,-1.1332155053424695e-14,2.152097944296827e-14,-0.17711299906242234
53.77999999999787,0.8929144895039329,-1.1324572441066492e-14,2.1392609905745985e-14,-0.17711299906242242
53.78999999999787,0.8929144895039327,-1.1314566463119162e-14,2.139607935269794e-14,-0.1771129990624225
53.799999999997866,0.8929144895039324,-1.1303263823993923e-14,2.1305873731947145e-14,-0.17711299906242256
53.80999999999786,0.892914489503932,-1.1291421867865146e-14,2.1312812625851052e-14,-0.17711299906242264
53.81999999999786,0.8929144895039317,-1.1283636096976727e-14,2.1180973641676815e-14,-0.1771129990624227
53.82999999999786,0.8929144895039314,-1.1272050930652931e-14,2.1191381982532675e-14,-0.1771129990624228
53.83999999999786,0.892914489503931,-1.1257146098534177e-14,2.1198320876436583e-14,-0.17711299906242287
53.849999999997856,0.8929144895039307,-1.1244702130395352e-14,2.1201790323388536e-14,-0.17711299906242295
53.859999999997854,0.8929144895039304,-1.1232814950219618e-14,2.1208729217292444e-14,-0.177112999062423
53.86999999999785,0.89291448950393,-1.1222562061008765e-14,2.121566811119635e-14,-0.17711299906242306
53.87999999999785,0.8929144895039297,-1.1213455578831187e-14,2.1125462490445557e-14,-0.17711299906242317
53.88999999999785,0.8929144895039294,-1.1200094182101795e-14,2.099362350627132e-14,-0.17711299906242328
53.899999999997846,0.892914489503929,-1.1188870398503756e-14,2.110117636178188e-14,-0.17711299906242334
53.909999999997844,0.8929144895039287,-1.1180422773306776e-14,2.1010970741031088e-14,-0.17711299906242345
53.91999999999784,0.8929144895039284,-1.1167883929222767e-14,2.1017909634934995e-14,-0.17711299906242353
53.92999999999784,0.892914489503928,-1.1155699042910751e-14,2.088954009771271e-14,-0.17711299906242362
53.93999999999784,0.8929144895039278,-1.1142394733974016e-14,2.0795865030009963e-14,-0.17711299906242367
53.949999999997836,0.8929144895039275,-1.1128406408884455e-14,2.0899948438568572e-14,-0.17711299906242375
53.959999999997834,0.8929144895039272,-1.1118852257066805e-14,2.1045665210550624e-14,-0.1771129990624238
53.96999999999783,0.8929144895039268,-1.1111372912113103e-14,2.091729567332834e-14,-0.17711299906242392
53.97999999999783,0.8929144895039265,-1.1101130011138779e-14,2.0962398483703737e-14,-0.17711299906242398
53.98999999999783,0.8929144895039262,-1.1094118272383403e-14,2.0969337377607644e-14,-0.17711299906242406
53.999999999997826,0.8929144895039258,-1.1088418258466102e-14,2.084096784038536e-14,-0.17711299906242414
54.009999999997824,0.8929144895039255,-1.1077896826898975e-14,2.085137618124122e-14,-0.17711299906242425
54.01999999999782,0.8929144895039252,-1.1066153753702905e-14,2.085831507514513e-14,-0.1771129990624243
54.02999999999782,0.8929144895039248,-1.105912915609412e-14,2.0865253969049036e-14,-0.1771129990624244
54.03999999999782,0.8929144895039245,-1.1050699124966242e-14,2.086872341600099e-14,-0.17711299906242445
54.049999999997816,0.8929144895039242,-1.1039482827180428e-14,2.063973991717205e-14,-0.17711299906242456
54.059999999997814,0.8929144895039238,-1.1027607727966867e-14,2.0643209364124004e-14,-0.17711299906242461
54.06999999999781,0.8929144895039235,-1.101351783299946e-14,2.0653617704979865e-14,-0.17711299906242473
54.07999999999781,0.8929144895039232,-1.0999429051403408e-14,2.0660556598883772e-14,-0.17711299906242478
54.08999999999781,0.8929144895039229,-1.0986122022822e-14,2.053218706166149e-14,-0.1771129990624249
54.099999999997806,0.8929144895039226,-1.0969430730049103e-14,2.054259540251735e-14,-0.17711299906242498
54.109999999997804,0.8929144895039223,-1.0950433303940049e-14,2.0448920334814602e-14,-0.17711299906242506
54.1199999999978,0.8929144895039219,-1.0933406236085512e-14,2.0320550797592318e-14,-0.17711299906242517
54.1299999999978,0.8929144895039216,-1.0915361730754106e-14,2.033095913844818e-14,-0.17711299906242525
54.1399999999978,0.8929144895039213,-1.089390098007241e-14,2.0337898032352086e-14,-0.1771129990624253
54.149999999997796,0.8929144895039209,-1.087613251359154e-14,2.034136747930404e-14,-0.17711299906242536
54.159999999997794,0.8929144895039206,-1.0863327839895048e-14,2.03517758201599e-14,-0.17711299906242547
54.16999999999779,0.8929144895039203,-1.084696390907233e-14,2.0261570199409107e-14,-0.17711299906242556
54.17999999999779,0.8929144895039199,-1.0828630595257291e-14,2.012973121523487e-14,-0.17711299906242567
54.18999999999779,0.8929144895039196,-1.0806969399549398e-14,2.0136670109138777e-14,-0.17711299906242572
54.199999999997786,0.8929144895039193,-1.0786366400731091e-14,1.9907686610309838e-14,-0.17711299906242584
54.209999999997784,0.8929144895039189,-1.0760972171629045e-14,1.99180949511657e-14,-0.17711299906242592
54.21999999999778,0.8929144895039187,-1.0736325996070415e-14,1.9925033845069606e-14,-0.177112999062426
54.22999999999778,0.8929144895039184,-1.0718127134732088e-14,2.016789513170636e-14,-0.17711299906242606
54.23999999999778,0.892914489503918,-1.0704746422609617e-14,1.993891163287742e-14,-0.17711299906242617
54.249999999997776,0.8929144895039177,-1.0686959378393191e-14,1.9949319973733282e-14,-0.17711299906242622
54.259999999997774,0.8929144895039174,-1.0666326237665411e-14,1.981401154260709e-14,-0.17711299906242634
54.26999999999777,0.892914489503917,-1.0644709788500516e-14,1.972727536880825e-14,-0.17711299906242645
54.27999999999777,0.8929144895039167,-1.0624080384083771e-14,1.973768370966411e-14,-0.17711299906242653
54.28999999999777,0.8929144895039164,-1.0599690083110924e-14,1.9609314172441827e-14,-0.17711299906242664
54.299999999997766,0.892914489503916,-1.057598913479597e-14,1.9616253066345735e-14,-0.1771129990624267
54.309999999997764,0.8929144895039157,-1.0554170014299699e-14,1.9522577998642987e-14,-0.1771129990624268
54.31999999999776,0.8929144895039154,-1.0531723215602781e-14,1.9529516892546894e-14,-0.17711299906242686
54.32999999999776,0.892914489503915,-1.051157127257442e-14,1.95364557864508e-14,-0.17711299906242697
54.33999999999776,0.8929144895039148,-1.0493317502870937e-14,1.9647478088913317e-14,-0.17711299906242703
54.349999999997756,0.8929144895039147,-1.0477298156470752e-14,1.955380302121057e-14,-0.17711299906242708
54.359999999997754,0.8929144895039145,-1.0463982024479146e-14,1.9661355876721132e-14,-0.17711299906242717
54.36999999999775,0.8929144895039142,-1.0450134644549948e-14,1.966829477062504e-14,-0.17711299906242722
54.37999999999775,0.8929144895039139,-1.0438684857834794e-14,1.95364557864508e-14,-0.1771129990624273
54.38999999999775,0.8929144895039137,-1.0427666915996182e-14,1.954339468035471e-14,-0.1771129990624274
54.399999999997746,0.8929144895039135,-1.0417884482963435e-14,1.9550333574258616e-14,-0.17711299906242747
54.409999999997744,0.8929144895039133,-1.0409329957787254e-14,1.9654416982817224e-14,-0.17711299906242756
54.41999999999774,0.8929144895039131,-1.0398985426626084e-14,1.9661355876721132e-14,-0.1771129990624276
54.42999999999774,0.8929144895039128,-1.0393149275331033e-14,1.9529516892546894e-14,-0.1771129990624277
54.43999999999774,0.8929144895039126,-1.0387275000930959e-14,1.95364557864508e-14,-0.17711299906242778
54.449999999997736,0.8929144895039124,-1.0380877628582547e-14,1.954339468035471e-14,-0.17711299906242786
54.459999999997734,0.8929144895039122,-1.0374831339127238e-14,1.9647478088913317e-14,-0.1771129990624279
54.46999999999773,0.892914489503912,-1.03692103384179e-14,1.9657886429769178e-14,-0.17711299906242797
54.47999999999773,0.8929144895039117,-1.0364623684552284e-14,1.952604744559494e-14,-0.17711299906242806
54.48999999999773,0.8929144895039116,-1.0360996790604714e-14,1.963013085415355e-14,-0.17711299906242814
54.499999999997726,0.8929144895039114,-1.0355202090155313e-14,1.954339468035471e-14,-0.1771129990624282
54.509999999997724,0.8929144895039112,-1.0350431911699346e-14,1.950523076388322e-14,-0.17711299906242828
54.51999999999772,0.892914489503911,-1.0346678246271305e-14,1.951563910473908e-14,-0.17711299906242836
54.52999999999772,0.8929144895039107,-1.0344038827750876e-14,1.9619722513297688e-14,-0.17711299906242844
54.53999999999772,0.8929144895039105,-1.0339500877437175e-14,1.9626661407201595e-14,-0.17711299906242853
54.549999999997716,0.8929144895039103,-1.0333066094814895e-14,1.9498291869979312e-14,-0.17711299906242858
54.559999999997714,0.8929144895039101,-1.0328205671022906e-14,1.960237527853792e-14,-0.17711299906242867
54.56999999999771,0.8929144895039098,-1.0324579910608372e-14,1.9609314172441827e-14,-0.17711299906242875
54.57999999999771,0.8929144895039096,-1.0320480537273224e-14,1.947747518826759e-14,-0.1771129990624288
54.58999999999771,0.8929144895039094,-1.0313936775253077e-14,1.9484414082171497e-14,-0.17711299906242886
54.599999999997706,0.8929144895039092,-1.0308433541232256e-14,1.9491352976075405e-14,-0.17711299906242894
54.609999999997704,0.892914489503909,-1.0303146479845394e-14,1.9460127953507822e-14,-0.17711299906242903
54.6199999999977,0.8929144895039088,-1.0294525483098006e-14,1.9366452885805074e-14,-0.1771129990624291
54.6299999999977,0.8929144895039086,-1.028779598782336e-14,1.9432372377892193e-14,-0.17711299906242917
54.6399999999977,0.8929144895039084,-1.0280309821756064e-14,1.93421667571414e-14,-0.17711299906242925
54.649999999997696,0.8929144895039082,-1.0273678916315624e-14,1.944971961265196e-14,-0.17711299906242933
54.659999999997694,0.892914489503908,-1.026823444375652e-14,1.9456658506555868e-14,-0.17711299906242942
54.66999999999769,0.8929144895039077,-1.0265078315278964e-14,1.9463597400459776e-14,-0.17711299906242947
54.67999999999769,0.8929144895039075,-1.0262707959404202e-14,1.942890293094024e-14,-0.17711299906242955
54.68999999999769,0.8929144895039073,-1.0259277415811396e-14,1.9435841824844147e-14,-0.1771129990624296
54.69999999999769,0.8929144895039071,-1.0254073079443616e-14,1.930400284066991e-14,-0.1771129990624297
54.709999999997684,0.8929144895039068,-1.0247682998036705e-14,1.9310941734573817e-14,-0.17711299906242978
54.71999999999768,0.8929144895039066,-1.024184465768336e-14,1.941849459008438e-14,-0.17711299906242983
54.72999999999768,0.8929144895039064,-1.0237102130113285e-14,1.9425433483988286e-14,-0.17711299906242992
54.73999999999768,0.8929144895039062,-1.0230091257551034e-14,1.929359449981405e-14,-0.17711299906243
54.74999999999768,0.8929144895039061,-1.0225504948616164e-14,1.9300533393717956e-14,-0.17711299906243008
54.759999999997675,0.8929144895039058,-1.0220018130893433e-14,1.930400284066991e-14,-0.17711299906243014
54.76999999999767,0.8929144895039056,-1.021469275812458e-14,1.927624726505428e-14,-0.17711299906243022
54.77999999999767,0.8929144895039054,-1.0206524016942845e-14,1.9279716712006234e-14,-0.1771129990624303
54.78999999999767,0.8929144895039052,-1.0198362891526435e-14,1.915134717478395e-14,-0.1771129990624304
54.79999999999767,0.892914489503905,-1.0191903413184666e-14,1.9158286068687858e-14,-0.17711299906243044
54.809999999997665,0.8929144895039047,-1.018373795573367e-14,1.9165224962591765e-14,-0.1771129990624305
54.81999999999766,0.8929144895039045,-1.0177110496142328e-14,1.9272777818102327e-14,-0.17711299906243058
54.82999999999766,0.8929144895039043,-1.0171544041736828e-14,1.9137469386976136e-14,-0.17711299906243066
54.83999999999766,0.8929144895039041,-1.016581773052938e-14,1.9245022242486698e-14,-0.17711299906243075
54.84999999999766,0.8929144895039038,-1.0159915103525683e-14,1.9154816621735904e-14,-0.1771129990624308
54.859999999997655,0.8929144895039036,-1.0152851325386824e-14,1.9019508190609713e-14,-0.1771129990624309
54.86999999999765,0.8929144895039034,-1.0146237385676487e-14,1.9127061046120275e-14,-0.17711299906243097
54.87999999999765,0.8929144895039032,-1.0139499276370266e-14,1.9137469386976136e-14,-0.17711299906243105
54.88999999999765,0.8929144895039031,-1.0131111591940562e-14,1.9241552795534744e-14,-0.1771129990624311
54.89999999999765,0.8929144895039028,-1.0125358489981837e-14,1.9109713811360507e-14,-0.1771129990624312
54.909999999997645,0.8929144895039026,-1.011840076858923e-14,1.9116652705264414e-14,-0.17711299906243128
54.91999999999764,0.8929144895039024,-1.011313996867532e-14,1.912359159916832e-14,-0.17711299906243136
54.92999999999764,0.8929144895039022,-1.010675354436692e-14,1.9127061046120275e-14,-0.1771129990624314
54.93999999999764,0.892914489503902,-1.009995578511624e-14,1.899869150889799e-14,-0.17711299906243147
54.94999999999764,0.8929144895039017,-1.0093086940314401e-14,1.9106244364408553e-14,-0.17711299906243155
54.959999999997635,0.8929144895039015,-1.0088264281454989e-14,1.911318325831246e-14,-0.17711299906243164
54.96999999999763,0.8929144895039013,-1.00804201810014e-14,1.8981344274138223e-14,-0.17711299906243172
54.97999999999763,0.8929144895039011,-1.0071718482997408e-14,1.8984813721090177e-14,-0.17711299906243178
54.98999999999763,0.8929144895039008,-1.0065624455338113e-14,1.8991752614994084e-14,-0.17711299906243186
54.99999999999763,0.8929144895039006,-1.0058563256886492e-14,1.9095836023552692e-14,-0.17711299906243194
55.009999999997625,0.8929144895039004,-1.0052682218605312e-14,1.896746648633041e-14,-0.17711299906243202
55.01999999999762,0.8929144895039003,-1.0045720260803822e-14,1.8974405380234316e-14,-0.17711299906243208
55.02999999999762,0.8929144895039001,-1.004061341838456e-14,1.8846035843012032e-14,-0.17711299906243216
55.03999999999762,0.8929144895038998,-1.0033114265010053e-14,1.885297473691594e-14,-0.17711299906243222
55.04999999999762,0.8929144895038996,-1.0025918884780537e-14,1.8957058145474548e-14,-0.1771129990624323
55.059999999997615,0.8929144895038994,-1.0017636878966642e-14,1.882521916130031e-14,-0.17711299906243236
55.06999999999761,0.8929144895038992,-1.001006307601716e-14,1.8832158055204218e-14,-0.17711299906243244
55.07999999999761,0.892914489503899,-1.0000921062807051e-14,1.883562750215617e-14,-0.17711299906243252
55.08999999999761,0.8929144895038987,-9.992953447969755e-15,1.8846035843012032e-14,-0.1771129990624326
55.09999999999761,0.8929144895038985,-9.983811348788488e-15,1.8714196858837795e-14,-0.17711299906243266
55.109999999997605,0.8929144895038983,-9.975775872047016e-15,1.8821749714348357e-14,-0.17711299906243275
55.1199999999976,0.8929144895038981,-9.969025625436125e-15,1.8832158055204218e-14,-0.17711299906243283
55.1299999999976,0.8929144895038978,-9.962044442472237e-15,1.8693380177126073e-14,-0.1771129990624329
55.1399999999976,0.8929144895038976,-9.95325169088971e-15,1.8703788517981934e-14,-0.177112999062433
55.1499999999976,0.8929144895038975,-9.945323997861452e-15,1.8669094048462398e-14,-0.17711299906243305
55.159999999997595,0.8929144895038973,-9.936893275138046e-15,1.8578888427711604e-14,-0.1771129990624331
55.16999999999759,0.8929144895038971,-9.927010294908629e-15,1.8686441283222166e-14,-0.1771129990624332
55.17999999999759,0.8929144895038968,-9.917961098414025e-15,1.8693380177126073e-14,-0.17711299906243327
55.18999999999759,0.8929144895038966,-9.907756306863322e-15,1.8561541192951836e-14,-0.17711299906243333
55.19999999999759,0.8929144895038964,-9.898607191423443e-15,1.8571949533807697e-14,-0.1771129990624334
55.209999999997585,0.8929144895038962,-9.887060949604492e-15,1.857541898075965e-14,-0.1771129990624335
55.21999999999758,0.892914489503896,-9.878067597860009e-15,1.8540724511240114e-14,-0.17711299906243358
55.22999999999758,0.8929144895038957,-9.868467757113984e-15,1.8551132852095975e-14,-0.17711299906243363
55.23999999999758,0.8929144895038955,-9.858529367046601e-15,1.8558071745999882e-14,-0.17711299906243372
55.24999999999758,0.8929144895038953,-9.84939281901171e-15,1.84297022087776e-14,-0.1771129990624338
55.259999999997575,0.8929144895038951,-9.838813525825392e-15,1.8436641102681506e-14,-0.17711299906243388
55.26999999999757,0.8929144895038948,-9.828405820059549e-15,1.8398477186210016e-14,-0.17711299906243397
55.27999999999757,0.8929144895038947,-9.8159816907089e-15,1.8405416080113923e-14,-0.177112999062434
55.28999999999757,0.8929144895038945,-9.804660395956459e-15,1.841235497401783e-14,-0.17711299906243408
55.29999999999757,0.8929144895038943,-9.793553962675486e-15,1.8280515989843593e-14,-0.17711299906243416
55.309999999997565,0.8929144895038941,-9.781551395193368e-15,1.8290924330699454e-14,-0.17711299906243425
55.31999999999756,0.8929144895038938,-9.770665808152064e-15,1.8398477186210016e-14,-0.1771129990624343
55.32999999999756,0.8929144895038936,-9.75862380708388e-15,1.826663820203578e-14,-0.17711299906243438
55.33999999999756,0.8929144895038934,-9.748994039053855e-15,1.8273577095939686e-14,-0.17711299906243447
55.34999999999756,0.8929144895038932,-9.7351051859079e-15,1.8381129951450248e-14,-0.17711299906243455
55.359999999997555,0.892914489503893,-9.723665637231619e-15,1.8245821520324057e-14,-0.1771129990624346
55.36999999999755,0.8929144895038927,-9.714742929230219e-15,1.8252760414227964e-14,-0.1771129990624347
55.37999999999755,0.8929144895038925,-9.70191432282155e-15,1.8120921430053727e-14,-0.17711299906243477
55.38999999999755,0.8929144895038923,-9.68887875208343e-15,1.8131329770909588e-14,-0.17711299906243483
55.39999999999755,0.8929144895038921,-9.676462738063167e-15,1.8138268664813495e-14,-0.17711299906243488
55.409999999997545,0.8929144895038919,-9.664053882802041e-15,1.8006429680639258e-14,-0.17711299906243497
55.41999999999754,0.8929144895038917,-9.652338120976396e-15,1.8110513089197866e-14,-0.17711299906243505
55.42999999999754,0.8929144895038915,-9.638822154493031e-15,1.797867410502363e-14,-0.17711299906243513
55.43999999999754,0.8929144895038913,-9.623803958767552e-15,1.7985612998927536e-14,-0.17711299906243522
55.44999999999754,0.8929144895038911,-9.612508127314835e-15,1.8093165854438098e-14,-0.17711299906243527
55.459999999997535,0.8929144895038909,-9.596580138941164e-15,1.7957857423311907e-14,-0.17711299906243536
55.46999999999753,0.8929144895038906,-9.581880703943663e-15,1.7867651802561113e-14,-0.17711299906243544
55.47999999999753,0.8929144895038904,-9.567076070215163e-15,1.783642677999353e-14,-0.17711299906243552
55.48999999999753,0.8929144895038902,-9.550859794733968e-15,1.7839896226945484e-14,-0.17711299906243558
55.49999999999753,0.89291448950389,-9.534715423256496e-15,1.77115266897232e-14,-0.17711299906243566
55.509999999997525,0.8929144895038897,-9.51593212232254e-15,1.7718465583627108e-14,-0.17711299906243572
55.51999999999752,0.8929144895038895,-9.497701539364135e-15,1.768377111410757e-14,-0.1771129990624358
55.52999999999752,0.8929144895038893,-9.479277806993034e-15,1.769071000801148e-14,-0.17711299906243586
55.53999999999752,0.8929144895038891,-9.46066460430914e-15,1.7600504387260685e-14,-0.17711299906243594
55.54999999999752,0.892914489503889,-9.441936697660558e-15,1.7569279364693102e-14,-0.17711299906243602
55.559999999997515,0.8929144895038887,-9.423205445395176e-15,1.757621825859701e-14,-0.1771129990624361
55.56999999999751,0.8929144895038885,-9.40557870439945e-15,1.7541523789077473e-14,-0.1771129990624362
55.57999999999751,0.8929144895038883,-9.389274805437881e-15,1.754846268298138e-14,-0.17711299906243624
55.58999999999751,0.8929144895038881,-9.372725629532136e-15,1.7454787615278633e-14,-0.17711299906243633
55.59999999999751,0.8929144895038879,-9.356104691944427e-15,1.7427032039663004e-14,-0.1771129990624364
55.609999999997505,0.8929144895038876,-9.340270484327493e-15,1.743397093356691e-14,-0.1771129990624365
55.6199999999975,0.8929144895038874,-9.32490178150802e-15,1.7437440380518865e-14,-0.17711299906243655
55.6299999999975,0.8929144895038872,-9.3114352634802e-15,1.754846268298138e-14,-0.1771129990624366
55.6399999999975,0.892914489503887,-9.29908155769653e-15,1.7513768213461844e-14,-0.1771129990624367
55.6499999999975,0.8929144895038867,-9.290107966230149e-15,1.7520707107365752e-14,-0.17711299906243677
55.659999999997495,0.8929144895038865,-9.280593714317863e-15,1.738539867623956e-14,-0.17711299906243683
55.66999999999749,0.8929144895038863,-9.273235636783622e-15,1.7534584895173566e-14,-0.1771129990624369
55.67999999999749,0.8929144895038862,-9.266359945710834e-15,1.7503359872605984e-14,-0.177112999062437
55.68999999999749,0.892914489503886,-9.26186495357766e-15,1.751029876650989e-14,-0.17711299906243708
55.69999999999749,0.8929144895038857,-9.25699710229977e-15,1.7378459782335653e-14,-0.17711299906243713
55.709999999997486,0.8929144895038855,-9.252344658428812e-15,1.7486012637846216e-14,-0.17711299906243722
55.71999999999748,0.8929144895038853,-9.25134499131616e-15,1.7593565493356778e-14,-0.1771129990624373
55.72999999999748,0.8929144895038851,-9.251357531447541e-15,1.759703494030873e-14,-0.17711299906243738
55.73999999999748,0.8929144895038849,-9.252225189768703e-15,1.7603973834212638e-14,-0.17711299906243744
55.74999999999748,0.8929144895038846,-9.251055443907672e-15,1.7610912728116546e-14,-0.1771129990624375
55.759999999997476,0.8929144895038844,-9.253590447467334e-15,1.757621825859701e-14,-0.17711299906243758
55.769999999997474,0.8929144895038842,-9.255931650994607e-15,1.7680301667155618e-14,-0.17711299906243766
55.77999999999747,0.892914489503884,-9.259429668822138e-15,1.7687240561059525e-14,-0.17711299906243774
55.78999999999747,0.8929144895038837,-9.26375105884035e-15,1.7697648901915386e-14,-0.1771129990624378
55.79999999999747,0.8929144895038835,-9.26755840166947e-15,1.7704587795819293e-14,-0.17711299906243788
55.809999999997466,0.8929144895038833,-9.27159354550986e-15,1.767336277325171e-14,-0.17711299906243796
55.819999999997464,0.8929144895038832,-9.275740916926984e-15,1.7680301667155618e-14,-0.17711299906243805
55.82999999999746,0.892914489503883,-9.280636280658314e-15,1.778785452266618e-14,-0.1771129990624381
55.83999999999746,0.8929144895038827,-9.283897616411137e-15,1.7791323969618134e-14,-0.1771129990624382
55.84999999999746,0.8929144895038825,-9.28952276065946e-15,1.7659484985443896e-14,-0.17711299906243827
55.859999999997456,0.8929144895038823,-9.29379448388602e-15,1.7767037840954458e-14,-0.17711299906243833
55.869999999997454,0.8929144895038821,-9.299800564237054e-15,1.7871121249513067e-14,-0.1771129990624384
55.87999999999745,0.8929144895038819,-9.30707588869853e-15,1.7878060143416974e-14,-0.17711299906243846
55.88999999999745,0.8929144895038816,-9.313816715562303e-15,1.788499903732088e-14,-0.17711299906243855
55.89999999999745,0.8929144895038814,-9.318469977317432e-15,1.7756629500098597e-14,-0.17711299906243863
55.909999999997446,0.8929144895038812,-9.321002050472066e-15,1.776009894705055e-14,-0.17711299906243871
55.919999999997444,0.892914489503881,-9.320688963305533e-15,1.7631729409828267e-14,-0.17711299906243877
55.92999999999744,0.8929144895038807,-9.321691198254973e-15,1.7638668303732175e-14,-0.17711299906243885
55.93999999999744,0.8929144895038805,-9.320248473477926e-15,1.7645607197636082e-14,-0.17711299906243894
55.94999999999744,0.8929144895038804,-9.31807640922594e-15,1.7513768213461844e-14,-0.17711299906243902
55.959999999997436,0.8929144895038802,-9.313282322691326e-15,1.7621321068972406e-14,-0.17711299906243907
55.969999999997434,0.89291448950388,-9.306585107456739e-15,1.748948208479817e-14,-0.17711299906243916
55.97999999999743,0.8929144895038797,-9.298415499014833e-15,1.7496420978702076e-14,-0.1771129990624392
55.98999999999743,0.8929144895038795,-9.290085663457553e-15,1.7503359872605984e-14,-0.1771129990624393
55.99999999999743,0.8929144895038793,-9.280949251615778e-15,1.7371520888431746e-14,-0.17711299906243935
56.009999999997426,0.8929144895038791,-9.27058721971093e-15,1.7378459782335653e-14,-0.17711299906243944
56.019999999997424,0.8929144895038789,-9.258245556767166e-15,1.725009024511337e-14,-0.17711299906243952
56.02999999999742,0.8929144895038786,-9.242705951550491e-15,1.7253559692065323e-14,-0.1771129990624396
56.03999999999742,0.8929144895038784,-9.225775511535788e-15,1.7225804116449694e-14,-0.17711299906243969
56.04999999999742,0.8929144895038782,-9.20850208151968e-15,1.7132129048746947e-14,-0.17711299906243974
56.059999999997416,0.892914489503878,-9.191513525547595e-15,1.709743457922741e-14,-0.17711299906243982
56.069999999997414,0.8929144895038778,-9.17447786458481e-15,1.7104373473131318e-14,-0.1771129990624399
56.07999999999741,0.8929144895038776,-9.155378637161812e-15,1.697253448895708e-14,-0.17711299906244
56.08999999999741,0.8929144895038774,-9.136721034265473e-15,1.7080087344467643e-14,-0.17711299906244002
56.09999999999741,0.8929144895038772,-9.119181541079075e-15,1.708702623837155e-14,-0.1771129990624401
56.109999999997406,0.892914489503877,-9.099943613832925e-15,1.6854573292590658e-14,-0.17711299906244019
56.119999999997404,0.8929144895038768,-9.08058479923231e-15,1.672273430841642e-14,-0.17711299906244027
56.1299999999974,0.8929144895038765,-9.059802217695497e-15,1.682681771697503e-14,-0.17711299906244032
56.1399999999974,0.8929144895038763,-9.039934101719481e-15,1.683722605783089e-14,-0.1771129990624404
56.1499999999974,0.8929144895038761,-9.021464245561801e-15,1.67019176267047e-14,-0.1771129990624405
56.159999999997396,0.8929144895038759,-9.00067059150493e-15,1.6708856520608606e-14,-0.17711299906244057
56.169999999997394,0.8929144895038756,-8.980770782858237e-15,1.6580486983386322e-14,-0.17711299906244066
56.17999999999739,0.8929144895038754,-8.960362848017365e-15,1.668457039194493e-14,-0.1771129990624407
56.18999999999739,0.8929144895038752,-8.941128755394385e-15,1.6691509285848838e-14,-0.1771129990624408
56.19999999999739,0.892914489503875,-8.921881361207884e-15,1.6563139748626554e-14,-0.17711299906244088
56.209999999997386,0.8929144895038749,-8.903700079368523e-15,1.657007864253046e-14,-0.17711299906244093
56.219999999997384,0.8929144895038746,-8.882618168713748e-15,1.6535384173010925e-14,-0.177112999062441
56.22999999999738,0.8929144895038744,-8.861496654995881e-15,1.630987012113394e-14,-0.17711299906244107
56.23999999999738,0.8929144895038742,-8.84020885616877e-15,1.6313339568085894e-14,-0.17711299906244116
56.24999999999738,0.892914489503874,-8.817486059602982e-15,1.63202784619898e-14,-0.17711299906244124
56.259999999997376,0.8929144895038738,-8.793439320468813e-15,1.6285583992470265e-14,-0.1771129990624413
56.269999999997374,0.8929144895038735,-8.768059683241183e-15,1.6153745008296028e-14,-0.17711299906244138
56.27999999999737,0.8929144895038733,-8.73957469064667e-15,1.616415334915189e-14,-0.17711299906244146
56.28999999999737,0.8929144895038731,-8.713774409314084e-15,1.603231436497765e-14,-0.17711299906244155
56.29999999999737,0.8929144895038729,-8.6868527808779e-15,1.5900475380803414e-14,-0.1771129990624416
56.309999999997366,0.8929144895038726,-8.65796660564334e-15,1.6004558789362022e-14,-0.17711299906244168
56.319999999997364,0.8929144895038724,-8.629625753215047e-15,1.587618925213974e-14,-0.17711299906244177
56.32999999999736,0.8929144895038722,-8.602009559743674e-15,1.5883128146043646e-14,-0.17711299906244182
56.33999999999736,0.892914489503872,-8.575560799416722e-15,1.5650675200262754e-14,-0.1771129990624419
56.34999999999736,0.8929144895038719,-8.54645041036208e-15,1.5758228055773316e-14,-0.17711299906244196
56.359999999997356,0.8929144895038716,-8.517513201418034e-15,1.5765166949677223e-14,-0.17711299906244204
56.369999999997354,0.8929144895038714,-8.490364335375795e-15,1.5633327965502986e-14,-0.17711299906244213
56.37999999999735,0.8929144895038712,-8.462899454201356e-15,1.5501488981328748e-14,-0.1771129990624422
56.38999999999735,0.892914489503871,-8.43654759014209e-15,1.5508427875232655e-14,-0.17711299906244227
56.39999999999735,0.8929144895038708,-8.409257724180075e-15,1.5376588891058418e-14,-0.17711299906244235
56.409999999997346,0.8929144895038705,-8.379412628231732e-15,1.5248219353836134e-14,-0.17711299906244243
56.419999999997344,0.8929144895038703,-8.351056930391552e-15,1.5255158247740042e-14,-0.17711299906244252
56.42999999999734,0.8929144895038701,-8.319014135504375e-15,1.511984981661385e-14,-0.17711299906244257
56.43999999999734,0.8929144895038699,-8.290262436913162e-15,1.5123319263565804e-14,-0.17711299906244263
56.44999999999734,0.8929144895038696,-8.262752840239352e-15,1.5126788710517758e-14,-0.17711299906244266
56.459999999997336,0.8929144895038694,-8.237612277194838e-15,1.513025815746971e-14,-0.17711299906244268
56.469999999997334,0.8929144895038692,-8.214971704716819e-15,1.513719705137362e-14,-0.17711299906244274
56.47999999999733,0.892914489503869,-8.193642676867369e-15,1.5279444376403717e-14,-0.1771129990624428
56.48999999999733,0.8929144895038688,-8.176553165155175e-15,1.5144135945277526e-14,-0.17711299906244282
56.49999999999733,0.8929144895038685,-8.159453173746644e-15,1.5151074839181433e-14,-0.1771129990624429
56.509999999997326,0.8929144895038684,-8.141431523062592e-15,1.502270530195915e-14,-0.177112999062443
56.519999999997324,0.8929144895038682,-8.123284352955576e-15,1.5029644195863057e-14,-0.17711299906244307
56.52999999999732,0.8929144895038679,-8.106752319345929e-15,1.493596912816031e-14,-0.17711299906244313
56.53999999999732,0.8929144895038675,-8.089808522292837e-15,1.494637746901617e-14,-0.17711299906244324
56.54999999999732,0.8929144895038672,-8.065873270276646e-15,1.484923295436147e-14,-0.1771129990624433
56.559999999997316,0.8929144895038669,-8.041763181363527e-15,1.4856171848265376e-14,-0.17711299906244335
56.569999999997314,0.8929144895038665,-8.018159077863356e-15,1.4762496780562628e-14,-0.17711299906244343
56.57999999999731,0.8929144895038662,-7.995401511367167e-15,1.4769435674466536e-14,-0.1771129990624435
56.58999999999731,0.8929144895038659,-7.974152331897957e-15,1.477290512141849e-14,-0.17711299906244354
56.59999999999731,0.8929144895038655,-7.954788146082171e-15,1.468616894761965e-14,-0.17711299906244363
56.60999999999731,0.8929144895038652,-7.929245096833393e-15,1.455432996344541e-14,-0.1771129990624437
56.619999999997304,0.8929144895038649,-7.905201898104738e-15,1.4460654895742664e-14,-0.17711299906244377
56.6299999999973,0.8929144895038645,-7.88095348308344e-15,1.4366979828039916e-14,-0.17711299906244385
56.6399999999973,0.8929144895038642,-7.853928668647503e-15,1.4373918721943824e-14,-0.1771129990624439
56.6499999999973,0.8929144895038639,-7.830944846220108e-15,1.438085761584773e-14,-0.177112999062444
56.6599999999973,0.8929144895038635,-7.806587345013578e-15,1.4425960426223128e-14,-0.17711299906244404
56.669999999997295,0.8929144895038632,-7.781840326733554e-15,1.4190038033490282e-14,-0.1771129990624441
56.67999999999729,0.8929144895038629,-7.759654717962668e-15,1.419697692739419e-14,-0.17711299906244418
56.68999999999729,0.8929144895038625,-7.736782304043743e-15,1.434269369937624e-14,-0.17711299906244424
56.69999999999729,0.8929144895038623,-7.714022309331886e-15,1.4113710200547303e-14,-0.17711299906244432
56.70999999999729,0.892914489503862,-7.690312710929544e-15,1.4117179647499256e-14,-0.17711299906244438
56.719999999997285,0.8929144895038617,-7.666379989124311e-15,1.4023504579796509e-14,-0.17711299906244443
56.72999999999728,0.8929144895038613,-7.644423566594358e-15,1.416922135177856e-14,-0.1771129990624445
56.73999999999728,0.892914489503861,-7.62117020565809e-15,1.3940237852949622e-14,-0.17711299906244457
56.74999999999728,0.8929144895038607,-7.59762571521187e-15,1.4085954624931674e-14,-0.17711299906244463
56.75999999999728,0.8929144895038603,-7.575357312874521e-15,1.399574900418088e-14,-0.17711299906244468
56.769999999997275,0.89291448950386,-7.551976881479604e-15,1.3860440573054689e-14,-0.17711299906244476
56.77999999999727,0.8929144895038597,-7.527598602556634e-15,1.3766765505351941e-14,-0.17711299906244482
56.78999999999727,0.8929144895038593,-7.503653813290664e-15,1.3773704399255848e-14,-0.1771129990624449
56.79999999999727,0.892914489503859,-7.479786179340287e-15,1.3676559884601147e-14,-0.17711299906244496
56.80999999999727,0.8929144895038587,-7.452221180108849e-15,1.3683498778505054e-14,-0.17711299906244504
56.819999999997265,0.8929144895038583,-7.424446015180159e-15,1.3589823710802307e-14,-0.1771129990624451
56.82999999999726,0.892914489503858,-7.399272935812296e-15,1.3596762604706214e-14,-0.17711299906244518
56.83999999999726,0.8929144895038577,-7.374149769171704e-15,1.350655698395542e-14,-0.1771129990624452
56.84999999999726,0.8929144895038573,-7.349308585041249e-15,1.3510026430907374e-14,-0.17711299906244526
56.85999999999726,0.892914489503857,-7.324262415288173e-15,1.341982081015658e-14,-0.17711299906244535
56.869999999997255,0.8929144895038567,-7.299942479790979e-15,1.3326145742453832e-14,-0.1771129990624454
56.87999999999725,0.8929144895038563,-7.273221462450498e-15,1.333308463635774e-14,-0.1771129990624455
56.88999999999725,0.892914489503856,-7.249398157601854e-15,1.3336554083309693e-14,-0.17711299906244554
56.89999999999725,0.8929144895038558,-7.224646952991589e-15,1.33434929772136e-14,-0.1771129990624456
56.90999999999725,0.8929144895038555,-7.204941231927383e-15,1.3346962424165554e-14,-0.17711299906244563
56.919999999997245,0.8929144895038553,-7.186959584244318e-15,1.3249817909510853e-14,-0.17711299906244568
56.92999999999724,0.8929144895038552,-7.169850287567634e-15,1.3253287356462806e-14,-0.17711299906244574
56.93999999999724,0.892914489503855,-7.151668514261118e-15,1.325675680341476e-14,-0.17711299906244576
56.94999999999724,0.8929144895038548,-7.136317463112229e-15,1.3364309658925322e-14,-0.17711299906244582
56.95999999999724,0.8929144895038545,-7.122240732760762e-15,1.326716514427062e-14,-0.17711299906244587
56.969999999997235,0.8929144895038543,-7.109162943901676e-15,1.3232470674751085e-14,-0.1771129990624459
56.97999999999723,0.8929144895038541,-7.096416754962419e-15,1.3274104038174528e-14,-0.17711299906244596
56.98999999999723,0.8929144895038539,-7.0835027469478975e-15,1.3277573485126482e-14,-0.177112999062446
56.99999999999723,0.8929144895038537,-7.076221730923927e-15,1.338165689368509e-14,-0.17711299906244604
57.00999999999723,0.8929144895038534,-7.066199028445812e-15,1.3249817909510853e-14,-0.1771129990624461
57.019999999997225,0.8929144895038532,-7.0577274495395435e-15,1.339206523454095e-14,-0.1771129990624461
57.02999999999722,0.892914489503853,-7.050699350481698e-15,1.329492071988625e-14,-0.17711299906244615
57.03999999999722,0.8929144895038528,-7.044176725486237e-15,1.3298390166838203e-14,-0.1771129990624462
57.04999999999722,0.8929144895038525,-7.036070991492361e-15,1.3166551182663966e-14,-0.17711299906244624
57.05999999999722,0.8929144895038523,-7.027194988495217e-15,1.317002062961592e-14,-0.1771129990624463
57.069999999997215,0.8929144895038521,-7.021496547410821e-15,1.3312267954646018e-14,-0.17711299906244635
57.07999999999721,0.8929144895038519,-7.018503578523846e-15,1.3315737401597971e-14,-0.17711299906244637
57.08999999999721,0.8929144895038517,-7.014586853970837e-15,1.3319206848549925e-14,-0.17711299906244643
57.09999999999721,0.8929144895038514,-7.010669128427148e-15,1.3322676295501878e-14,-0.17711299906244646
57.10999999999721,0.8929144895038512,-7.005523886723695e-15,1.3329615189405786e-14,-0.1771129990624465
57.119999999997205,0.892914489503851,-7.0039586480447244e-15,1.333308463635774e-14,-0.17711299906244657
57.1299999999972,0.8929144895038508,-7.000116592739371e-15,1.3197776205231548e-14,-0.1771129990624466
57.1399999999972,0.8929144895038506,-6.996709190639701e-15,1.3204715099135456e-14,-0.17711299906244665
57.1499999999972,0.8929144895038503,-6.994781626846238e-15,1.320818454608741e-14,-0.1771129990624467
57.1599999999972,0.8929144895038501,-6.9912745559185746e-15,1.3211653993039363e-14,-0.17711299906244674
57.169999999997195,0.8929144895038499,-6.98816209273662e-15,1.3114509478384662e-14,-0.1771129990624468
57.17999999999719,0.8929144895038497,-6.984709676839504e-15,1.321859288694327e-14,-0.17711299906244682
57.18999999999719,0.8929144895038494,-6.980869383659689e-15,1.3121448372288569e-14,-0.17711299906244687
57.19999999999719,0.8929144895038492,-6.977207598305667e-15,1.3128387266192476e-14,-0.17711299906244693
57.20999999999719,0.892914489503849,-6.971842904510633e-15,1.313185671314443e-14,-0.17711299906244696
57.219999999997185,0.8929144895038488,-6.965675448648267e-15,1.3135326160096383e-14,-0.17711299906244699
57.22999999999718,0.8929144895038486,-6.959830741021689e-15,1.3138795607048337e-14,-0.17711299906244704
57.23999999999718,0.8929144895038483,-6.95317125195199e-15,1.314226505400029e-14,-0.17711299906244707
57.24999999999718,0.8929144895038482,-6.945962809128893e-15,1.3149203947904198e-14,-0.17711299906244712
57.25999999999718,0.892914489503848,-6.942222561772994e-15,1.305552888020145e-14,-0.17711299906244718
57.269999999997175,0.8929144895038478,-6.937988133840339e-15,1.3058998327153404e-14,-0.1771129990624472
57.27999999999717,0.8929144895038476,-6.932957940787829e-15,1.293062878993112e-14,-0.1771129990624473
57.28999999999717,0.8929144895038473,-6.925690270858597e-15,1.3069406668009265e-14,-0.17711299906244735
57.29999999999717,0.8929144895038471,-6.9203432524552114e-15,1.2941037130786981e-14,-0.1771129990624474
57.30999999999717,0.8929144895038469,-6.913290948575656e-15,1.2944506577738935e-14,-0.17711299906244746
57.319999999997165,0.8929144895038467,-6.9050274711401925e-15,1.2947976024690888e-14,-0.1771129990624475
57.32999999999716,0.8929144895038464,-6.901351723894749e-15,1.2954914918594795e-14,-0.17711299906244754
57.33999999999716,0.8929144895038462,-6.896930591164415e-15,1.2961853812498703e-14,-0.17711299906244762
57.34999999999716,0.892914489503846,-6.8889824552085414e-15,1.2965323259450656e-14,-0.17711299906244768
57.35999999999716,0.8929144895038458,-6.880912642106908e-15,1.2868178744795955e-14,-0.1771129990624477
57.369999999997155,0.8929144895038456,-6.870708070315819e-15,1.2871648191747909e-14,-0.17711299906244776
57.37999999999715,0.8929144895038453,-6.862318843065124e-15,1.2739809207573671e-14,-0.17711299906244782
57.38999999999715,0.8929144895038451,-6.852568924531782e-15,1.2743278654525625e-14,-0.17711299906244785
57.39999999999715,0.8929144895038449,-6.844511788402733e-15,1.2746748101477579e-14,-0.1771129990624479
57.40999999999715,0.8929144895038447,-6.835782739381953e-15,1.2753686995381486e-14,-0.17711299906244793
57.419999999997145,0.8929144895038444,-6.828160990388661e-15,1.2760625889285393e-14,-0.177112999062448
57.42999999999714,0.8929144895038442,-6.8172745591096525e-15,1.2663481374630692e-14,-0.17711299906244807
57.43999999999714,0.892914489503844,-6.80520976891597e-15,1.27675647831893e-14,-0.17711299906244812
57.44999999999714,0.8929144895038438,-6.796448117652235e-15,1.2774503677093207e-14,-0.17711299906244818
57.45999999999714,0.8929144895038436,-6.787800675720972e-15,1.268082860939046e-14,-0.17711299906244823
57.469999999997135,0.8929144895038434,-6.777795281939886e-15,1.2781442570997115e-14,-0.17711299906244826
57.47999999999713,0.8929144895038434,-6.769521132096716e-15,1.2885525979555723e-14,-0.17711299906244832
57.48999999999713,0.8929144895038433,-6.763470904122636e-15,1.2885525979555723e-14,-0.17711299906244832
57.49999999999713,0.8929144895038431,-6.762329184470108e-15,1.2888995426507677e-14,-0.17711299906244837
57.50999999999713,0.8929144895038429,-6.760723754621497e-15,1.2660011927678738e-14,-0.17711299906244846
57.519999999997125,0.8929144895038428,-6.7543263325922854e-15,1.2764095336237347e-14,-0.17711299906244848
57.52999999999712,0.8929144895038427,-6.749689968985177e-15,1.2666950821582645e-14,-0.17711299906244854
57.53999999999712,0.8929144895038426,-6.745024475433996e-15,1.2771034230141254e-14,-0.17711299906244854
57.54999999999712,0.8929144895038424,-6.743491637508101e-15,1.2771034230141254e-14,-0.1771129990624486
57.55999999999712,0.8929144895038423,-6.740953971653809e-15,1.2739809207573671e-14,-0.17711299906244865
57.569999999997115,0.8929144895038422,-6.736607583606162e-15,1.288205653260377e-14,-0.17711299906244868
57.57999999999711,0.8929144895038421,-6.7371639472005055e-15,1.2743278654525625e-14,-0.1771129990624487
57.58999999999711,0.8929144895038419,-6.7360256922809344e-15,1.2750217548429532e-14,-0.1771129990624488
57.59999999999711,0.8929144895038418,-6.734423241254295e-15,1.2618378564255295e-14,-0.17711299906244884
57.60999999999711,0.8929144895038417,-6.7307921120666376e-15,1.2725931419765857e-14,-0.1771129990624489
57.619999999997106,0.8929144895038416,-6.727430016971809e-15,1.272940086671781e-14,-0.17711299906244896
57.6299999999971,0.8929144895038413,-6.7238859702707075e-15,1.2732870313669764e-14,-0.17711299906244898
57.6399999999971,0.8929144895038412,-6.718725721532278e-15,1.2739809207573671e-14,-0.17711299906244904
57.6499999999971,0.8929144895038411,-6.715845063275329e-15,1.2701645291102182e-14,-0.1771129990624491
57.6599999999971,0.892914489503841,-6.711077364711082e-15,1.2705114738054135e-14,-0.17711299906244915
57.669999999997096,0.8929144895038409,-6.7039067125190675e-15,1.2705114738054135e-14,-0.17711299906244918
57.679999999997094,0.8929144895038407,-6.704944851165296e-15,1.2576745200831851e-14,-0.17711299906244926
57.68999999999709,0.8929144895038407,-6.701599553542623e-15,1.2715523078909996e-14,-0.1771129990624493
57.69999999999709,0.8929144895038406,-6.700350278852698e-15,1.2684298056342413e-14,-0.17711299906244934
57.70999999999709,0.8929144895038403,-6.700941807655151e-15,1.2826545381372512e-14,-0.17711299906244937
57.719999999997086,0.8929144895038402,-6.701226977667717e-15,1.2694706397198274e-14,-0.17711299906244943
57.729999999997084,0.89291448950384,-6.698506740467483e-15,1.2698175844150228e-14,-0.17711299906244948
57.73999999999708,0.8929144895038399,-6.697516649201412e-15,1.2705114738054135e-14,-0.17711299906244954
57.74999999999708,0.8929144895038398,-6.696251892202316e-15,1.2708584185006089e-14,-0.17711299906244957
57.75999999999708,0.8929144895038397,-6.693720636304792e-15,1.2673889715486553e-14,-0.17711299906244962
57.769999999997076,0.8929144895038396,-6.6932865836572445e-15,1.268082860939046e-14,-0.17711299906244968
57.779999999997074,0.8929144895038394,-6.690862240352865e-15,1.2684298056342413e-14,-0.17711299906244973
57.78999999999707,0.8929144895038392,-6.690462393695061e-15,1.2649603586822877e-14,-0.1771129990624498
57.79999999999707,0.8929144895038391,-6.686262318658535e-15,1.2552459072168176e-14,-0.17711299906244982
57.80999999999707,0.892914489503839,-6.682003351452436e-15,1.2559397966072083e-14,-0.17711299906244987
57.819999999997066,0.8929144895038389,-6.677058395138488e-15,1.2660011927678738e-14,-0.17711299906244993
57.829999999997064,0.8929144895038388,-6.675787064311519e-15,1.2666950821582645e-14,-0.17711299906244998
57.83999999999706,0.8929144895038386,-6.672315193280925e-15,1.2535111837408408e-14,-0.17711299906245007
57.84999999999706,0.8929144895038384,-6.666082601300457e-15,1.2639195245967016e-14,-0.1771129990624501
57.85999999999706,0.8929144895038382,-6.667138217831086e-15,1.2542050731312315e-14,-0.17711299906245012
57.869999999997056,0.8929144895038381,-6.66465628112445e-15,1.2649603586822877e-14,-0.17711299906245018
57.879999999997054,0.892914489503838,-6.662928594155335e-15,1.2750217548429532e-14,-0.17711299906245023
57.88999999999705,0.892914489503838,-6.660785056744242e-15,1.2514295155696686e-14,-0.1771129990624503
57.89999999999705,0.8929144895038379,-6.65668549881499e-15,1.2618378564255295e-14,-0.17711299906245034
57.90999999999705,0.8929144895038378,-6.652864528505848e-15,1.2621848011207248e-14,-0.17711299906245037
57.919999999997046,0.8929144895038376,-6.653463631948212e-15,1.2628786905111156e-14,-0.17711299906245043
57.929999999997044,0.8929144895038374,-6.650551755858682e-15,1.2732870313669764e-14,-0.17711299906245048
57.93999999999704,0.8929144895038372,-6.650491517492171e-15,1.2639195245967016e-14,-0.1771129990624505
57.94999999999704,0.8929144895038371,-6.646925957638636e-15,1.2607970223399434e-14,-0.17711299906245057
57.95999999999704,0.892914489503837,-6.645656912213638e-15,1.2607970223399434e-14,-0.1771129990624506
57.969999999997036,0.8929144895038369,-6.645355470271964e-15,1.2614909117303341e-14,-0.17711299906245065
57.979999999997034,0.8929144895038368,-6.645258324375217e-15,1.2618378564255295e-14,-0.1771129990624507
57.98999999999703,0.8929144895038366,-6.6437363817383055e-15,1.2486539580081057e-14,-0.1771129990624508
57.99999999999703,0.8929144895038365,-6.637173547346898e-15,1.2490009027033011e-14,-0.1771129990624508
58.00999999999703,0.8929144895038363,-6.632598944328234e-15,1.2590622988639666e-14,-0.17711299906245082
58.019999999997026,0.8929144895038362,-6.630082990119149e-15,1.259409243559162e-14,-0.17711299906245087
58.029999999997024,0.8929144895038361,-6.627439783346421e-15,1.2458784004465429e-14,-0.17711299906245093
58.03999999999702,0.892914489503836,-6.620442859826524e-15,1.2562867413024037e-14,-0.17711299906245098
58.04999999999702,0.8929144895038358,-6.619276452756659e-15,1.2472661792273243e-14,-0.17711299906245107
58.05999999999702,0.8929144895038357,-6.61462347758608e-15,1.2573275753879898e-14,-0.17711299906245112
58.069999999997016,0.8929144895038355,-6.613204388098386e-15,1.2444906216657614e-14,-0.1771129990624512
58.079999999997014,0.8929144895038355,-6.6077848406032145e-15,1.2451845110561521e-14,-0.17711299906245126
58.08999999999701,0.8929144895038353,-6.602604602665876e-15,1.255592851912013e-14,-0.1771129990624513
58.09999999999701,0.8929144895038351,-6.5988584989022965e-15,1.2320006126387284e-14,-0.17711299906245134
58.10999999999701,0.892914489503835,-6.5908187578818086e-15,1.2326945020291191e-14,-0.1771129990624514
58.119999999997006,0.8929144895038349,-6.582039688005111e-15,1.2295719997723609e-14,-0.17711299906245145
58.129999999997004,0.8929144895038348,-6.575448907222889e-15,1.2299189444675562e-14,-0.1771129990624515
58.139999999997,0.8929144895038346,-6.569034930623089e-15,1.230612833857947e-14,-0.1771129990624516
58.149999999997,0.8929144895038345,-6.556312711518205e-15,1.2212453270876722e-14,-0.17711299906245165
58.159999999997,0.8929144895038343,-6.547157993301283e-15,1.231653667943533e-14,-0.1771129990624517
58.169999999996996,0.8929144895038342,-6.537083678739727e-15,1.218122824830914e-14,-0.17711299906245176
58.179999999996994,0.8929144895038341,-6.528337776542364e-15,1.2281842209915794e-14,-0.17711299906245181
58.18999999999699,0.892914489503834,-6.522663902607231e-15,1.2288781103819701e-14,-0.17711299906245187
58.19999999999699,0.8929144895038339,-6.517445992812718e-15,1.2257556081252119e-14,-0.17711299906245193
58.20999999999699,0.8929144895038337,-6.510145719290369e-15,1.2163881013549371e-14,-0.17711299906245198
58.219999999996986,0.8929144895038336,-6.500946143776081e-15,1.2032042029375134e-14,-0.17711299906245204
58.229999999996984,0.8929144895038335,-6.487383064011145e-15,1.2035511476327088e-14,-0.1771129990624521
58.23999999999698,0.8929144895038335,-6.473241962975182e-15,1.2139594884885696e-14,-0.17711299906245215
58.24999999999698,0.8929144895038333,-6.463193384549803e-15,1.2007755900711459e-14,-0.17711299906245218
58.25999999999698,0.8929144895038332,-6.452513152613548e-15,1.2011225347663412e-14,-0.17711299906245223
58.269999999996976,0.8929144895038331,-6.444202481579473e-15,1.211530875622202e-14,-0.1771129990624523
58.279999999996974,0.8929144895038329,-6.435056873914859e-15,1.1886325257393082e-14,-0.17711299906245237
58.28999999999697,0.8929144895038328,-6.423569404752519e-15,1.199040866595169e-14,-0.17711299906245243
58.29999999999697,0.8929144895038327,-6.414091438381701e-15,1.1997347559855598e-14,-0.17711299906245248
58.30999999999697,0.8929144895038326,-6.404879566242617e-15,1.1997347559855598e-14,-0.17711299906245254
58.319999999996966,0.8929144895038325,-6.3963054091585434e-15,1.1962653090336062e-14,-0.1771129990624526
58.329999999996964,0.8929144895038322,-6.385944803526288e-15,1.1868978022633314e-14,-0.17711299906245265
58.33999999999696,0.8929144895038321,-6.371963091578091e-15,1.1875916916537221e-14,-0.1771129990624527
58.34999999999696,0.892914489503832,-6.364127676403918e-15,1.1983469772047783e-14,-0.17711299906245276
58.35999999999696,0.8929144895038319,-6.354501524241662e-15,1.1848161340921592e-14,-0.17711299906245281
58.369999999996956,0.8929144895038318,-6.344987362324046e-15,1.1851630787873546e-14,-0.17711299906245287
58.379999999996954,0.8929144895038316,-6.339071453974646e-15,1.1723261250651262e-14,-0.17711299906245295
58.38999999999695,0.8929144895038315,-6.328057489595191e-15,1.182734465920987e-14,-0.177112999062453
58.39999999999695,0.8929144895038315,-6.3157604668426795e-15,1.169203622808368e-14,-0.17711299906245304
58.40999999999695,0.8929144895038313,-6.303511250525947e-15,1.1695505675035633e-14,-0.1771129990624531
58.419999999996946,0.8929144895038312,-6.290555253420347e-15,1.170244456893954e-14,-0.17711299906245315
58.429999999996944,0.8929144895038311,-6.280193466999088e-15,1.1705914015891494e-14,-0.1771129990624532
58.43999999999694,0.892914489503831,-6.268733096012909e-15,1.1709383462843448e-14,-0.17711299906245326
58.44999999999694,0.8929144895038308,-6.257041105109849e-15,1.1581013925621164e-14,-0.1771129990624533
58.45999999999694,0.8929144895038307,-6.240547582372959e-15,1.1681627887227819e-14,-0.17711299906245337
58.469999999996936,0.8929144895038306,-6.227030611112113e-15,1.1688566781131726e-14,-0.17711299906245342
58.479999999996934,0.8929144895038305,-6.216452517855951e-15,1.1553258350005535e-14,-0.17711299906245348
58.48999999999693,0.8929144895038303,-6.205377491786149e-15,1.1560197243909442e-14,-0.17711299906245354
58.49999999999693,0.8929144895038302,-6.196136204122732e-15,1.152897222134186e-14,-0.1771129990624536
58.50999999999693,0.8929144895038301,-6.185360958341315e-15,1.152897222134186e-14,-0.17711299906245365
58.51999999999693,0.8929144895038299,-6.175332468332006e-15,1.1535911115245767e-14,-0.17711299906245373
58.529999999996924,0.8929144895038298,-6.16376018298313e-15,1.1542850009149674e-14,-0.17711299906245379
58.53999999999692,0.8929144895038297,-6.153463433033474e-15,1.1407541578023483e-14,-0.17711299906245384
58.54999999999692,0.8929144895038296,-6.1434867070947726e-15,1.1650402864660236e-14,-0.1771129990624539
58.55999999999692,0.8929144895038295,-6.138892315857601e-15,1.1421419365831298e-14,-0.17711299906245395
58.56999999999692,0.8929144895038293,-6.128239292264485e-15,1.1424888812783252e-14,-0.177112999062454
58.579999999996915,0.8929144895038292,-6.11858756198263e-15,1.152897222134186e-14,-0.17711299906245406
58.58999999999691,0.8929144895038291,-6.107705726679049e-15,1.1393663790215669e-14,-0.1771129990624541
58.59999999999691,0.892914489503829,-6.097822082164059e-15,1.1400602684119576e-14,-0.17711299906245415
58.60999999999691,0.8929144895038289,-6.08804025385107e-15,1.1369377661551994e-14,-0.1771129990624542
58.61999999999691,0.8929144895038288,-6.077294082377386e-15,1.1272233146897292e-14,-0.17711299906245426
58.629999999996905,0.8929144895038287,-6.068961273103557e-15,1.1379786002407855e-14,-0.1771129990624543
58.6399999999969,0.8929144895038286,-6.060959978591919e-15,1.124100812432971e-14,-0.17711299906245437
58.6499999999969,0.8929144895038285,-6.050941976176983e-15,1.1247947018233617e-14,-0.17711299906245442
58.6599999999969,0.8929144895038283,-6.03933055753678e-15,1.1213252548714081e-14,-0.17711299906245448
58.6699999999969,0.8929144895038281,-6.0276716320177264e-15,1.1123046927963287e-14,-0.17711299906245456
58.679999999996895,0.892914489503828,-6.0146259344294315e-15,1.1227130336521896e-14,-0.17711299906245462
58.68999999999689,0.8929144895038279,-6.001903455574142e-15,1.0994677390741003e-14,-0.17711299906245467
58.69999999999689,0.8929144895038278,-5.9876532472561686e-15,1.1095291352347658e-14,-0.17711299906245473
58.70999999999689,0.8929144895038277,-5.9733766142695486e-15,1.1102230246251565e-14,-0.17711299906245476
58.71999999999689,0.8929144895038277,-5.959650236275403e-15,1.1105699693203519e-14,-0.1771129990624548
58.729999999996885,0.8929144895038276,-5.946705472450993e-15,1.1105699693203519e-14,-0.1771129990624548
58.73999999999688,0.8929144895038275,-5.935751849014906e-15,1.1074474670635936e-14,-0.17711299906245487
58.74999999999688,0.8929144895038273,-5.924886409920895e-15,1.107794411758789e-14,-0.17711299906245492
58.75999999999688,0.8929144895038272,-5.916045739376593e-15,1.1081413564539844e-14,-0.17711299906245498
58.76999999999688,0.8929144895038271,-5.905180544424083e-15,1.0949574580365606e-14,-0.17711299906245503
58.779999999996875,0.892914489503827,-5.8945046677208915e-15,1.0956513474269514e-14,-0.1771129990624551
58.78999999999687,0.8929144895038269,-5.882522026700781e-15,1.0821205043143323e-14,-0.17711299906245515
58.79999999999687,0.8929144895038268,-5.868875677440902e-15,1.0925288451701931e-14,-0.1771129990624552
58.80999999999687,0.8929144895038267,-5.857824747675862e-15,1.0928757898653885e-14,-0.17711299906245526
58.81999999999687,0.8929144895038265,-5.8469134471217995e-15,1.0935696792557792e-14,-0.1771129990624553
58.829999999996865,0.8929144895038263,-5.83573514416766e-15,1.0803857808383555e-14,-0.17711299906245537
58.83999999999686,0.8929144895038262,-5.821978119425514e-15,1.0807327255335508e-14,-0.17711299906245542
58.84999999999686,0.8929144895038261,-5.8096546059929566e-15,1.0814266149239415e-14,-0.17711299906245548
58.85999999999686,0.892914489503826,-5.798648335116713e-15,1.0817735596191369e-14,-0.17711299906245553
58.86999999999686,0.8929144895038259,-5.786984178980201e-15,1.0682427165065178e-14,-0.17711299906245556
58.879999999996855,0.8929144895038258,-5.775331381616846e-15,1.0786510573623787e-14,-0.17711299906245562
58.88999999999685,0.8929144895038256,-5.766021149048796e-15,1.0654671589449549e-14,-0.17711299906245567
58.89999999999685,0.8929144895038256,-5.752669911133914e-15,1.0658141036401503e-14,-0.17711299906245573
58.90999999999685,0.8929144895038255,-5.739303439271729e-15,1.066507993030541e-14,-0.17711299906245578
58.91999999999685,0.8929144895038253,-5.726197582620041e-15,1.0529771499179219e-14,-0.17711299906245584
58.929999999996845,0.8929144895038252,-5.711890786277677e-15,1.0536710393083126e-14,-0.1771129990624559
58.93999999999684,0.8929144895038251,-5.698474085785009e-15,1.0640793801641735e-14,-0.17711299906245595
58.94999999999684,0.892914489503825,-5.685694628942443e-15,1.0505485370515544e-14,-0.177112999062456
58.95999999999684,0.8929144895038249,-5.670959205092807e-15,1.0512424264419451e-14,-0.17711299906245606
58.96999999999684,0.8929144895038248,-5.6575474565067546e-15,1.0477729794899915e-14,-0.1771129990624561
58.979999999996835,0.8929144895038247,-5.647186818728105e-15,1.0384054727197167e-14,-0.17711299906245614
58.98999999999683,0.8929144895038246,-5.635267947170718e-15,1.0484668688803822e-14,-0.1771129990624562
58.99999999999683,0.8929144895038245,-5.623126771138385e-15,1.0394463068053028e-14,-0.17711299906245626
59.00999999999683,0.8929144895038243,-5.610187200188275e-15,1.049160758270773e-14,-0.17711299906245626
59.01999999999683,0.8929144895038242,-5.600909829404622e-15,1.0356299151581538e-14,-0.1771129990624563
59.029999999996825,0.8929144895038241,-5.591322472875425e-15,1.0363238045485446e-14,-0.17711299906245637
59.03999999999682,0.892914489503824,-5.580947046178061e-15,1.0467321454044054e-14,-0.17711299906245642
59.04999999999682,0.8929144895038238,-5.572440491123397e-15,1.0335482469869817e-14,-0.17711299906245648
59.05999999999682,0.8929144895038237,-5.560112663983924e-15,1.0342421363773724e-14,-0.17711299906245653
59.06999999999682,0.8929144895038236,-5.549831729513749e-15,1.0345890810725678e-14,-0.1771129990624566
59.079999999996815,0.8929144895038236,-5.53760802908875e-15,1.0352829704629585e-14,-0.17711299906245664
59.08999999999681,0.8929144895038235,-5.524407970705493e-15,1.0217521273503394e-14,-0.1771129990624567
59.09999999999681,0.8929144895038233,-5.5103848222351815e-15,1.0182826803983858e-14,-0.17711299906245676
59.10999999999681,0.8929144895038232,-5.4983416862009325e-15,1.0189765697887765e-14,-0.1771129990624568
59.11999999999681,0.8929144895038231,-5.4850170728991615e-15,1.0189765697887765e-14,-0.1771129990624568
59.129999999996805,0.892914489503823,-5.4747917342721934e-15,1.0193235144839718e-14,-0.17711299906245687
59.1399999999968,0.8929144895038229,-5.463511371404159e-15,1.0200174038743626e-14,-0.17711299906245692
59.1499999999968,0.8929144895038228,-5.452986365967462e-15,1.0068335054569388e-14,-0.17711299906245698
59.1599999999968,0.8929144895038227,-5.441188027229798e-15,1.0168949016176043e-14,-0.17711299906245703
59.1699999999968,0.8929144895038226,-5.4295357036027525e-15,1.0033640585049852e-14,-0.1771129990624571
59.179999999996795,0.8929144895038225,-5.4167250455124686e-15,1.004057947895376e-14,-0.17711299906245714
59.18999999999679,0.8929144895038224,-5.40421759902202e-15,1.0047518372857667e-14,-0.1771129990624572
59.19999999999679,0.8929144895038222,-5.389864431092751e-15,9.912209941731476e-15,-0.17711299906245725
59.20999999999679,0.8929144895038221,-5.374914733800064e-15,9.91567938868343e-15,-0.1771129990624573
59.21999999999679,0.892914489503822,-5.360184144243601e-15,9.922618282587337e-15,-0.17711299906245734
59.229999999996785,0.8929144895038219,-5.345135234878517e-15,9.787309851461146e-15,-0.1771129990624574
59.23999999999678,0.8929144895038218,-5.331882497616045e-15,9.891393260019754e-15,-0.17711299906245742
59.24999999999678,0.8929144895038217,-5.321427546252932e-15,9.894862706971708e-15,-0.17711299906245748
59.25999999999678,0.8929144895038216,-5.313251853274627e-15,9.901801600875615e-15,-0.17711299906245756
59.26999999999678,0.8929144895038215,-5.301717929586681e-15,9.905271047827569e-15,-0.17711299906245756
59.279999999996775,0.8929144895038214,-5.2923573350236315e-15,9.908740494779522e-15,-0.1771129990624576
59.28999999999677,0.8929144895038212,-5.283518317995937e-15,9.773432063653331e-15,-0.17711299906245764
59.29999999999677,0.8929144895038211,-5.275769691188062e-15,9.912209941731476e-15,-0.17711299906245767
59.30999999999677,0.892914489503821,-5.269502014415695e-15,9.780370957557238e-15,-0.17711299906245773
59.31999999999677,0.8929144895038209,-5.261513871591594e-15,9.880984919163893e-15,-0.17711299906245778
59.329999999996765,0.8929144895038208,-5.2550480212820974e-15,9.884454366115847e-15,-0.1771129990624578
59.33999999999676,0.8929144895038207,-5.2484685400698e-15,9.891393260019754e-15,-0.17711299906245787
59.34999999999676,0.8929144895038206,-5.241042373074508e-15,9.759554275845517e-15,-0.17711299906245792
59.35999999999676,0.8929144895038205,-5.2335480122135e-15,9.76302372279747e-15,-0.17711299906245795
59.36999999999676,0.8929144895038204,-5.2257713990873694e-15,9.766493169749424e-15,-0.17711299906245798
59.379999999996755,0.8929144895038202,-5.2207744117404526e-15,9.870576578308032e-15,-0.17711299906245803
59.38999999999675,0.8929144895038201,-5.214103681435356e-15,9.874046025259986e-15,-0.17711299906245806
59.39999999999675,0.89291448950382,-5.209691151310767e-15,9.735268147181841e-15,-0.17711299906245812
59.40999999999675,0.8929144895038199,-5.20440886935631e-15,9.742207041085749e-15,-0.17711299906245817
59.41999999999675,0.8929144895038198,-5.198007916072394e-15,9.610368056911511e-15,-0.1771129990624582
59.429999999996745,0.8929144895038197,-5.192373870040034e-15,9.613837503863465e-15,-0.17711299906245825
59.43999999999674,0.8929144895038196,-5.184559181308499e-15,9.756084828893563e-15,-0.17711299906245828
59.44999999999674,0.8929144895038195,-5.178970741796867e-15,9.721390359374027e-15,-0.17711299906245834
59.45999999999674,0.8929144895038194,-5.172470200956291e-15,9.586081928247836e-15,-0.1771129990624584
59.46999999999674,0.8929144895038192,-5.163691859901517e-15,9.728329253277934e-15,-0.1771129990624584
59.479999999996735,0.8929144895038191,-5.157542517711086e-15,9.728329253277934e-15,-0.17711299906245842
59.48999999999673,0.8929144895038191,-5.155067969833717e-15,9.735268147181841e-15,-0.17711299906245848
59.49999999999673,0.892914489503819,-5.151063771674137e-15,9.697104230710352e-15,-0.17711299906245853
59.50999999999673,0.8929144895038189,-5.146436416721482e-15,9.700573677662305e-15,-0.17711299906245856
59.51999999999673,0.8929144895038188,-5.1448044166900764e-15,9.700573677662305e-15,-0.1771129990624586
59.529999999996726,0.8929144895038187,-5.143180613494447e-15,9.707512571566213e-15,-0.17711299906245864
59.53999999999672,0.8929144895038186,-5.139676052212224e-15,9.575673587391975e-15,-0.1771129990624587
59.54999999999672,0.8929144895038185,-5.136090350032695e-15,9.679756995950584e-15,-0.17711299906245875
59.55999999999672,0.8929144895038184,-5.1314776368903844e-15,9.582612481295882e-15,-0.1771129990624588
59.56999999999672,0.8929144895038182,-5.125991364433559e-15,9.686695889854491e-15,-0.1771129990624588
59.579999999996716,0.8929144895038181,-5.122022891678043e-15,9.690165336806444e-15,-0.17711299906245886
59.589999999996714,0.892914489503818,-5.116663425645084e-15,9.554856905680253e-15,-0.17711299906245892
59.59999999999671,0.8929144895038179,-5.1104885015383776e-15,9.423017921506016e-15,-0.17711299906245898
59.60999999999671,0.8929144895038178,-5.101613757352072e-15,9.565265246536114e-15,-0.177112999062459
59.61999999999671,0.8929144895038177,-5.094904632018837e-15,9.662409761190816e-15,-0.17711299906245903
59.629999999996706,0.8929144895038176,-5.089910901026765e-15,9.429956815409923e-15,-0.17711299906245906
59.639999999996704,0.8929144895038175,-5.084679676327622e-15,9.534040223968532e-15,-0.1771129990624591
59.6499999999967,0.8929144895038174,-5.076754671487661e-15,9.537509670920485e-15,-0.17711299906245914
59.6599999999967,0.8929144895038172,-5.068276044944591e-15,9.540979117872439e-15,-0.17711299906245914
59.6699999999967,0.8929144895038171,-5.06374894043967e-15,9.405670686746248e-15,-0.1771129990624592
59.679999999996696,0.892914489503817,-5.057519759688706e-15,9.51322354225681e-15,-0.17711299906245925
59.689999999996694,0.8929144895038169,-5.05118395271216e-15,9.51322354225681e-15,-0.17711299906245928
59.69999999999669,0.8929144895038168,-5.045804320212408e-15,9.419548474554063e-15,-0.17711299906245934
59.70999999999669,0.8929144895038167,-5.038616904855277e-15,9.381384558082573e-15,-0.17711299906245936
59.71999999999669,0.8929144895038166,-5.033295799690255e-15,9.38832345198648e-15,-0.17711299906245942
59.729999999996686,0.8929144895038166,-5.027351881853881e-15,9.391792898938434e-15,-0.17711299906245948
59.739999999996684,0.8929144895038165,-5.020874022755023e-15,9.398731792842341e-15,-0.17711299906245953
59.74999999999668,0.8929144895038164,-5.01256506488794e-15,9.398731792842341e-15,-0.17711299906245956
59.75999999999668,0.8929144895038162,-5.006417115652021e-15,9.402201239794294e-15,-0.17711299906245961
59.76999999999668,0.8929144895038161,-4.998631971984921e-15,9.367506770274758e-15,-0.17711299906245961
59.779999999996676,0.892914489503816,-4.994292653587098e-15,9.370976217226712e-15,-0.17711299906245964
59.789999999996674,0.8929144895038159,-4.989465817195207e-15,9.374445664178666e-15,-0.1771129990624597
59.79999999999667,0.8929144895038158,-4.984498995067138e-15,9.235667786100521e-15,-0.17711299906245975
59.80999999999667,0.8929144895038157,-4.976978134843573e-15,9.377915111130619e-15,-0.17711299906245978
59.81999999999667,0.8929144895038156,-4.970476283658018e-15,9.246076126956382e-15,-0.17711299906245984
59.829999999996666,0.8929144895038155,-4.961877276924674e-15,9.35015953551499e-15,-0.1771129990624599
59.839999999996664,0.8929144895038154,-4.952983179029374e-15,9.2148511043888e-15,-0.17711299906245992
59.84999999999666,0.8929144895038152,-4.944832825118367e-15,9.218320551340753e-15,-0.17711299906245992
59.85999999999666,0.8929144895038151,-4.938613976414064e-15,9.357098429418897e-15,-0.17711299906245995
59.86999999999666,0.892914489503815,-4.935250892638414e-15,9.22525944524466e-15,-0.17711299906245997
59.879999999996656,0.8929144895038149,-4.930802757065174e-15,9.232198339148567e-15,-0.17711299906246003
59.889999999996654,0.8929144895038148,-4.9244853126158136e-15,9.096889908022376e-15,-0.17711299906246009
59.89999999999665,0.8929144895038147,-4.916880657303609e-15,9.197503869629031e-15,-0.1771129990624601
59.90999999999665,0.8929144895038146,-4.911363131111956e-15,9.200973316580985e-15,-0.17711299906246014
59.91999999999665,0.8929144895038145,-4.905358000026981e-15,9.204442763532938e-15,-0.1771129990624602
59.929999999996646,0.8929144895038144,-4.8988194815941675e-15,9.069134332406747e-15,-0.17711299906246025
59.939999999996644,0.8929144895038142,-4.891342184844777e-15,9.072603779358701e-15,-0.1771129990624603
59.94999999999664,0.8929144895038141,-4.8814195315626e-15,9.076073226310655e-15,-0.1771129990624603
59.95999999999664,0.892914489503814,-4.87497949972672e-15,9.17668718791731e-15,-0.17711299906246036
59.96999999999664,0.892914489503814,-4.869085060927932e-15,9.083012120214562e-15,-0.1771129990624604
59.979999999996636,0.8929144895038139,-4.864048834366782e-15,9.18709552877317e-15,-0.17711299906246045
59.989999999996634,0.8929144895038138,-4.855883034668142e-15,9.055256544598933e-15,-0.1771129990624605
59.99999999999663,0.8929144895038137,-4.84625990389779e-15,9.055256544598933e-15,-0.17711299906246053
60.0,0.8929144895038137,-4.846259903895101e-15,9.055256544598933e-15,-0.17711299906246053
