time,bus1_v,bus1_ω,bus1_p,bus1_q
0.0,1.0119531855687225,0.0,2.3359773045162893,-0.020214011024819345
0.01,1.011953185569292,1.1914296524365183e-10,2.3359773005768303,-0.02021401245661772
0.02,1.0119531855709087,4.481883388844071e-10,2.3359772970704507,-0.020214013622748522
0.03,1.0119531855733506,9.33922907211761e-10,2.3359772940670425,-0.020214014540985037
0.04,1.0119531855764385,1.5312232706357366e-9,2.3359772915388675,-0.020214015259264695
0.05,1.0119531855800286,2.2020412228957306e-9,2.335977289457286,-0.020214015817569708
0.060000000000000005,1.011953185584006,2.9145143345219513e-9,2.3359772877930665,-0.020214016249084144
0.07,1.0119531855882804,3.642183834437226e-9,2.3359772865166812,-0.020214016581192706
0.08,1.0119531855927815,4.363306024849325e-9,2.3359772855985534,-0.02021401683633714
0.09,1.0119531855974548,5.0602464884709315e-9,2.3359772850092893,-0.020214017032767873
0.09999999999999999,1.0119531856022597,5.718945405528283e-9,2.335977284719881,-0.020214017185185784
0.10999999999999999,1.0119531856071655,6.328445284945041e-9,2.3359772847018863,-0.020214017305288406
0.11999999999999998,1.0119531856121504,6.880473203777756e-9,2.3359772849275804,-0.020214017402266554
0.12999999999999998,1.0119531856171988,7.369072937798988e-9,2.3359772853700984,-0.020214017483208724
0.13999999999999999,1.0119531856222999,7.790277250557088e-9,2.3359772860035455,-0.020214017553450647
0.15,1.0119531856274468,8.141819217921804e-9,2.3359772868030935,-0.020214017616895202
0.16,1.0119531856326354,8.422876234600582e-9,2.3359772877450644,-0.02021401767625647
0.17,1.011953185637863,8.633842856827655e-9,2.335977288806993,-0.020214017733290235
0.18000000000000002,1.0119531856431279,8.776129313755681e-9,2.3359772899676687,-0.02021401778899387
0.19000000000000003,1.0119531856484296,8.851985430721244e-9,2.3359772912071857,-0.020214017843738913
0.20000000000000004,1.0119531856537671,8.864340827348022e-9,2.335977292506941,-0.02021401789745586
0.21000000000000005,1.0119531856591395,8.816668619462902e-9,2.33597729384967,-0.020214017949699375
0.22000000000000006,1.0119531856645454,8.712861834405743e-9,2.3359772952194313,-0.020214017999782063
0.23000000000000007,1.0119531856699828,8.557125918808701e-9,2.3359772966016044,-0.02021401804682707
0.24000000000000007,1.0119531856754485,8.353884907309252e-9,2.3359772979828604,-0.020214018089869112
0.25000000000000006,1.0119531856809392,8.107698873127576e-9,2.3359772993511534,-0.020214018127872796
0.26000000000000006,1.0119531856864499,7.823192607410327e-9,2.335977300695673,-0.020214018159806613
0.2700000000000001,1.0119531856919757,7.50499401773373e-9,2.3359773020068135,-0.020214018184656818
0.2800000000000001,1.0119531856975104,7.157680412032292e-9,2.3359773032761355,-0.020214018201459183
0.2900000000000001,1.0119531857030475,6.785733578787854e-9,2.335977304496309,-0.020214018209332302
0.3000000000000001,1.0119531857085795,6.393501282978586e-9,2.335977305661067,-0.020214018207484308
0.3100000000000001,1.011953185714098,5.985166623348676e-9,2.3359773067651477,-0.020214018195231553
0.3200000000000001,1.0119531857195951,5.564721206747032e-9,2.335977307804249,-0.02021401817198354
0.3300000000000001,1.0119531857250614,5.135944919663411e-9,2.335977308774958,-0.02021401813727816
0.34000000000000014,1.0119531857304878,4.702389625760702e-9,2.3359773096746994,-0.020214018090763203
0.35000000000000014,1.0119531857358648,4.267367859912098e-9,2.33597731050168,-0.020214018032193998
0.36000000000000015,1.0119531857411828,3.833944000131222e-9,2.335977311254817,-0.020214017961437042
0.37000000000000016,1.0119531857464321,3.4049298963915562e-9,2.3359773119336946,-0.020214017878467716
0.38000000000000017,1.011953185751603,2.9828830400610052e-9,2.335977312538496,-0.020214017783349553
0.3900000000000002,1.0119531857566861,2.57010702928868e-9,2.3359773130699435,-0.0202140176762535
0.4000000000000002,1.0119531857616724,2.168654811655911e-9,2.3359773135292583,-0.020214017557412284
0.4100000000000002,1.0119531857665525,1.7803334549768176e-9,2.3359773139180873,-0.020214017427157643
0.4200000000000002,1.0119531857713167,1.4067109963517153e-9,2.3359773142384586,-0.020214017285887953
0.4300000000000002,1.0119531857759576,1.049124929858132e-9,2.335977314492738,-0.020214017134045414
0.4400000000000002,1.011953185780467,7.086905610465135e-10,2.3359773146835754,-0.02021401697213457
0.45000000000000023,1.0119531857848367,3.863118270538512e-10,2.335977314813855,-0.02021401680070642
0.46000000000000024,1.0119531857890602,8.269246239699665e-11,2.33597731488666,-0.020214016620345526
0.47000000000000025,1.0119531857931303,-2.0165221176071385e-10,2.3359773149052248,-0.02021401643166562
0.48000000000000026,1.0119531857970412,-4.663834787611157e-10,2.335977314872906,-0.020214016235298754
0.49000000000000027,1.011953185800787,-7.113269310397413e-10,2.3359773147931358,-0.020214016031901233
0.5000000000000002,1.011953185804363,-9.364588424982938e-10,2.335977314669405,-0.020214015822129033
0.5100000000000002,1.011953185807764,-1.1418947280359794e-9,2.3359773145052087,-0.020214015606649594
0.5200000000000002,1.0119531858109863,-1.3278754203233143e-9,2.3359773143040474,-0.020214015386122886
0.5300000000000002,1.011953185814026,-1.4947561176085125e-9,2.335977314069381,-0.02021401516120458
0.5400000000000003,1.0119531858168809,-1.6429927239576606e-9,2.335977313804616,-0.020214014932535163
0.5500000000000003,1.0119531858195476,-1.7731306777284748e-9,2.3359773135130832,-0.020214014700744687
0.5600000000000003,1.011953185822025,-1.885793647297186e-9,2.3359773131980224,-0.02021401446643936
0.5700000000000003,1.0119531858243105,-1.9816715167623878e-9,2.3359773128625605,-0.020214014230210853
0.5800000000000003,1.011953185826404,-2.061510683950308e-9,2.3359773125097063,-0.020214013992618435
0.5900000000000003,1.0119531858283044,-2.1261034358397265e-9,2.3359773121423375,-0.02021401375419879
0.6000000000000003,1.0119531858300115,-2.1762785782637087e-9,2.3359773117631866,-0.020214013515460816
0.6100000000000003,1.0119531858315256,-2.2128925461592013e-9,2.3359773113748434,-0.020214013276880632
0.6200000000000003,1.0119531858328479,-2.2368209152095283e-9,2.3359773109797386,-0.020214013038899553
0.6300000000000003,1.0119531858339783,-2.2489508259577205e-9,2.335977310580149,-0.020214012801941933
0.6400000000000003,1.0119531858349184,-2.2501730334988267e-9,2.335977310178183,-0.020214012566394962
0.6500000000000004,1.0119531858356698,-2.2413757281589377e-9,2.3359773097758,-0.02021401233260464
0.6600000000000004,1.0119531858362347,-2.2234390862339933e-9,2.3359773093747913,-0.020214012100887663
0.6700000000000004,1.0119531858366142,-2.197229078271154e-9,2.3359773089767875,-0.02021401187154126
0.6800000000000004,1.0119531858368116,-2.16359292544486e-9,2.335977308583268,-0.02021401164481601
0.6900000000000004,1.0119531858368285,-2.123354955879958e-9,2.3359773081955515,-0.02021401142094839
0.7000000000000004,1.0119531858366677,-2.0773125838597443e-9,2.3359773078148125,-0.020214011200131943
0.7100000000000004,1.0119531858363322,-2.026232834010569e-9,2.33597730744208,-0.02021401098254036
0.7200000000000004,1.0119531858358246,-1.970850567772082e-9,2.335977307078245,-0.020214010768315777
0.7300000000000004,1.0119531858351483,-1.911865210001209e-9,2.33597730672406,-0.020214010557575074
0.7400000000000004,1.011953185834306,-1.8499396921282842e-9,2.3359773063801597,-0.020214010350414674
0.7500000000000004,1.0119531858333009,-1.7856982503231594e-9,2.335977306047049,-0.020214010146907546
0.7600000000000005,1.011953185832136,-1.7197261557847582e-9,2.335977305725127,-0.02021400994710354
0.7700000000000005,1.0119531858308146,-1.6525687420735612e-9,2.3359773054146844,-0.020214009751034906
0.7800000000000005,1.0119531858293398,-1.5847311485445438e-9,2.3359773051159127,-0.020214009558712137
0.7900000000000005,1.0119531858277149,-1.5166780516002828e-9,2.335977304828916,-0.020214009370133124
0.8000000000000005,1.0119531858259436,-1.4488346271511439e-9,2.3359773045537158,-0.02021400918526703
0.8100000000000005,1.0119531858240278,-1.38158716649855e-9,2.3359773042902483,-0.020214009004101308
0.8200000000000005,1.011953185821972,-1.3152823024900506e-9,2.3359773040383924,-0.02021400882656621
0.8300000000000005,1.0119531858197783,-1.250230228484201e-9,2.3359773037979545,-0.02021400865261888
0.8400000000000005,1.0119531858174504,-1.1867042005349236e-9,2.335977303568698,-0.020214008482185936
0.8500000000000005,1.0119531858149906,-1.124942903517578e-9,2.335977303350325,-0.020214008315194182
0.8600000000000005,1.0119531858124025,-1.0651508583274756e-9,2.335977303142503,-0.020214008151562435
0.8700000000000006,1.0119531858096886,-1.0075009526359624e-9,2.335977302944863,-0.020214007991202793
0.8800000000000006,1.0119531858068513,-9.521353891440322e-10,2.335977302757005,-0.020214007834024578
0.8900000000000006,1.011953185803894,-8.991678746899533e-10,2.335977302578504,-0.020214007679923846
0.9000000000000006,1.011953185800819,-8.486850045155688e-10,2.335977302408918,-0.020214007528801342
0.9100000000000006,1.0119531857976285,-8.007489431813022e-10,2.335977302247787,-0.020214007380567584
0.9200000000000006,1.011953185794325,-7.553976643810672e-10,2.3359773020946424,-0.020214007235113907
0.9300000000000006,1.0119531857909108,-7.126479293039054e-10,2.335977301949013,-0.020214007092339586
0.9400000000000006,1.0119531857873885,-6.724970138029574e-10,2.3359773018104213,-0.020214006952144425
0.9500000000000006,1.01195318578376,-6.349242707872949e-10,2.335977301678398,-0.020214006814415625
0.9600000000000006,1.0119531857800275,-5.998933065422885e-10,2.335977301552472,-0.020214006679071
0.9700000000000006,1.0119531857761928,-5.673528009693053e-10,2.335977301432182,-0.020214006546011437
0.9800000000000006,1.0119531857722581,-5.372387746947107e-10,2.3359773013170786,-0.020214006415137847
0.9900000000000007,1.0119531857682251,-5.094764971681029e-10,2.3359773012067273,-0.020214006286359998
1.0000000000000007,1.0119531857640955,-4.839813789868306e-10,2.3359773011007006,-0.020214006159597203
1.0100000000000007,1.011953185759871,-4.606606037125657e-10,2.3359773009985974,-0.02021400603476492
1.0200000000000007,1.011953185755553,-4.3941483209020475e-10,2.3359773009000255,-0.020214005911781907
1.0300000000000007,1.011953185751144,-4.2013933276177545e-10,2.3359773008046196,-0.020214005790566425
1.0400000000000007,1.0119531857466448,-4.02725456673696e-10,2.33597730071203,-0.020214005671049806
1.0500000000000007,1.0119531857420572,-3.870616833952302e-10,2.335977300621926,-0.020214005553170378
1.0600000000000007,1.011953185737382,-3.7303393008512964e-10,2.335977300534,-0.02021400543686125
1.0700000000000007,1.0119531857326212,-3.605278649294856e-10,2.335977300447965,-0.020214005322064132
1.0800000000000007,1.0119531857277757,-3.4942877658756197e-10,2.3359773003635564,-0.020214005208729707
1.0900000000000007,1.011953185722847,-3.3962291884173884e-10,2.3359773002805317,-0.020214005096803933
1.1000000000000008,1.011953185717836,-3.309979680926309e-10,2.3359773001986666,-0.02021400498623621
1.1100000000000008,1.0119531857127444,-3.2344398743632415e-10,2.335977300117759,-0.020214004876993652
1.1200000000000008,1.0119531857075728,-3.1685386053309927e-10,2.3359773000376274,-0.020214004769033372
1.1300000000000008,1.011953185702323,-3.1112369343863045e-10,2.335977299958112,-0.020214004662319374
1.1400000000000008,1.011953185696995,-3.061537897091304e-10,2.3359772998790658,-0.020214004556827758
1.1500000000000008,1.0119531856915904,-3.0184804139033045e-10,2.335977299800366,-0.020214004452531936
1.1600000000000008,1.0119531856861108,-2.98114998097249e-10,2.335977299721908,-0.02021400434939158
1.1700000000000008,1.0119531856805566,-2.9486853863600305e-10,2.335977299643599,-0.020214004247398637
1.1800000000000008,1.0119531856749289,-2.920270792519029e-10,2.335977299565367,-0.020214004146530462
1.1900000000000008,1.0119531856692288,-2.895141479912564e-10,2.3359772994871477,-0.020214004046771733
1.2000000000000008,1.0119531856634574,-2.872584903540516e-10,2.3359772994089014,-0.02021400394810438
1.2100000000000009,1.0119531856576154,-2.8519446390944964e-10,2.335977299330589,-0.020214003850519607
1.2200000000000009,1.0119531856517041,-2.832610189686636e-10,2.335977299252191,-0.0202140037540067
1.2300000000000009,1.0119531856457242,-2.8140285340703086e-10,2.335977299173699,-0.02021400365855472
1.2400000000000009,1.0119531856396766,-2.795698147861027e-10,2.335977299095108,-0.020214003564162975
1.2500000000000009,1.0119531856335622,-2.7771632560958917e-10,2.335977299016428,-0.020214003470825498
1.260000000000001,1.0119531856273822,-2.7580211897529305e-10,2.335977298937676,-0.02021400337853199
1.270000000000001,1.0119531856211372,-2.7379178701966634e-10,2.335977298858875,-0.02021400328728501
1.280000000000001,1.0119531856148283,-2.7165412319168615e-10,2.335977298780053,-0.020214003197079417
1.290000000000001,1.0119531856084565,-2.6936282592439823e-10,2.3359772987012453,-0.020214003107912937
1.300000000000001,1.0119531856020227,-2.668953742460507e-10,2.3359772986224914,-0.020214003019781546
1.310000000000001,1.0119531855955277,-2.6423375688707097e-10,2.335977298543832,-0.020214002932693292
1.320000000000001,1.0119531855889725,-2.6136304607509784e-10,2.3359772984653153,-0.020214002846636464
1.330000000000001,1.011953185582358,-2.5827248929398884e-10,2.335977298386988,-0.020214002761617583
1.340000000000001,1.011953185575685,-2.5495412038045266e-10,2.335977298308899,-0.020214002677637677
1.350000000000001,1.0119531855689543,-2.514032060502355e-10,2.335977298231099,-0.02021400259469308
1.360000000000001,1.011953185562167,-2.476177704302655e-10,2.335977298153638,-0.020214002512783963
1.370000000000001,1.011953185555324,-2.4359834651451495e-10,2.33597729807657,-0.02021400243190863
1.380000000000001,1.0119531855484263,-2.393479396044871e-10,2.3359772979999427,-0.020214002352068022
1.390000000000001,1.0119531855414745,-2.3487147921262623e-10,2.3359772979238076,-0.020214002273253734
1.400000000000001,1.0119531855344697,-2.3017619517677672e-10,2.3359772978482125,-0.02021400219547359
1.410000000000001,1.0119531855274129,-2.252702490374632e-10,2.3359772977732036,-0.020214002118714047
1.420000000000001,1.0119531855203046,-2.201637304185794e-10,2.3359772976988267,-0.020214002042983903
1.430000000000001,1.0119531855131458,-2.148677342392832e-10,2.3359772976251234,-0.02021400196827125
1.440000000000001,1.0119531855059378,-2.0939428447872388e-10,2.335977297552134,-0.020214001894574035
1.450000000000001,1.0119531854986812,-2.0375671422953603e-10,2.3359772974799,-0.020214001821881128
1.460000000000001,1.0119531854913768,-1.9796877835234076e-10,2.335977297408452,-0.020214001750199245
1.470000000000001,1.0119531854840256,-1.9204446300308638e-10,2.335977297337825,-0.02021400167951176
1.480000000000001,1.0119531854766286,-1.859985976666813e-10,2.3359772972680495,-0.02021400160981096
1.490000000000001,1.0119531854691863,-1.798459118643271e-10,2.3359772971991486,-0.020214001541097593
1.500000000000001,1.0119531854616999,-1.7360141669716986e-10,2.3359772971311483,-0.02021400147335964
1.5100000000000011,1.0119531854541697,-1.6727962803225023e-10,2.33597729706407,-0.020214001406590215
1.5200000000000011,1.0119531854465973,-1.6089527011211172e-10,2.3359772969979296,-0.020214001340778942
1.5300000000000011,1.0119531854389825,-1.544625356639291e-10,2.335977296932741,-0.02021400127592682
1.5400000000000011,1.0119531854313266,-1.4799514048353346e-10,2.3359772968685193,-0.02021400121201103
1.5500000000000012,1.011953185423631,-1.4150676391682723e-10,2.335977296805274,-0.02021400114901961
1.5600000000000012,1.0119531854158959,-1.350107951422581e-10,2.3359772967430117,-0.02021400108694868
1.5700000000000012,1.0119531854081218,-1.2851952479188347e-10,2.335977296681736,-0.02021400102578888
1.5800000000000012,1.0119531854003103,-1.2204488223531958e-10,2.335977296621448,-0.020214000965519174
1.5900000000000012,1.0119531853924617,-1.1559839336207708e-10,2.3359772965621497,-0.020214000906132984
1.6000000000000012,1.0119531853845767,-1.0919066072393519e-10,2.3359772965038355,-0.02021400084762448
1.6100000000000012,1.011953185376656,-1.0283139285777458e-10,2.335977296446504,-0.02021400078997268
1.6200000000000012,1.0119531853687003,-9.65298320031484e-11,2.3359772963901455,-0.020214000733171728
1.6300000000000012,1.0119531853607107,-9.029431767170319e-11,2.335977296334753,-0.020214000677199806
1.6400000000000012,1.0119531853526875,-8.413276681126712e-11,2.3359772962803187,-0.020214000622051698
1.6500000000000012,1.0119531853446317,-7.805214441697557e-11,2.335977296226831,-0.020214000567707613
1.6600000000000013,1.0119531853365438,-7.205891619067254e-11,2.335977296174272,-0.020214000514164526
1.6700000000000013,1.0119531853284243,-6.615843160895537e-11,2.335977296122633,-0.02021400046140054
1.6800000000000013,1.011953185320274,-6.035554111661746e-11,2.3359772960718947,-0.020214000409409433
1.6900000000000013,1.011953185312094,-5.46543722009689e-11,2.3359772960220493,-0.020214000358164397
1.7000000000000013,1.0119531853038846,-4.905892837074876e-11,2.335977295973072,-0.0202140003076631
1.7100000000000013,1.011953185295646,-4.357199513865326e-11,2.335977295924946,-0.02021400025789208
1.7200000000000013,1.0119531852873795,-3.819577058498121e-11,2.335977295877658,-0.020214000208836624
1.7300000000000013,1.0119531852790853,-3.293194747129053e-11,2.335977295831187,-0.020214000160484996
1.7400000000000013,1.011953185270764,-2.7781851943371338e-11,2.3359772957855136,-0.020214000112820818
1.7500000000000013,1.0119531852624162,-2.274602910077229e-11,2.3359772957406184,-0.020214000065835486
1.7600000000000013,1.0119531852540427,-1.782483171419241e-11,2.335977295696483,-0.02021400001951376
1.7700000000000014,1.0119531852456438,-1.3018058981866558e-11,2.335977295653091,-0.020213999973841157
1.7800000000000014,1.01195318523722,-8.325086676707949e-12,2.335977295610419,-0.020213999928812176
1.7900000000000014,1.0119531852287724,-3.744895976315372e-12,2.3359772955684517,-0.02021399988440556
1.8000000000000014,1.0119531852203008,7.238697414160389e-13,2.3359772955271656,-0.020213999840616143
1.8100000000000014,1.0119531852118062,5.082756081638221e-12,2.335977295486548,-0.020213999797428273
1.8200000000000014,1.011953185203289,9.333576586298503e-12,2.335977295446578,-0.02021399975483068
1.8300000000000014,1.0119531851947494,1.3478439521539682e-11,2.3359772954072353,-0.020213999712816733
1.8400000000000014,1.0119531851861883,1.7519785458656415e-11,2.3359772953685027,-0.020213999671373023
1.8500000000000014,1.0119531851776058,2.1460531225731982e-11,2.335977295330366,-0.02021399963049003
1.8600000000000014,1.0119531851690027,2.530294307929298e-11,2.3359772952928086,-0.020213999590151494
1.8700000000000014,1.0119531851603796,2.9049788340787006e-11,2.335977295255812,-0.020213999550351164
1.8800000000000014,1.0119531851517365,3.270402325584445e-11,2.3359772952193634,-0.020213999511074193
1.8900000000000015,1.0119531851430743,3.6268518686502677e-11,2.335977295183446,-0.020213999472314448
1.9000000000000015,1.011953185134393,3.974622064661982e-11,2.335977295148043,-0.020213999434067043
1.9100000000000015,1.0119531851256933,4.3140313050697614e-11,2.3359772951131426,-0.020213999396317933
1.9200000000000015,1.0119531851169756,4.645392574738707e-11,2.3359772950787336,-0.0202139993590571
1.9300000000000015,1.01195318510824,4.9689988978518286e-11,2.3359772950447972,-0.020213999322279075
1.9400000000000015,1.0119531850994872,5.2851638523456783e-11,2.3359772950113267,-0.020213999285974837
1.9500000000000015,1.0119531850907175,5.594189187997809e-11,2.3359772949783073,-0.020213999250133258
1.9600000000000015,1.0119531850819314,5.896393447051728e-11,2.335977294945727,-0.02021399921474995
1.9700000000000015,1.0119531850731296,6.192035588714677e-11,2.3359772949135795,-0.020213999179809344
1.9800000000000015,1.0119531850643118,6.481407200755616e-11,2.3359772948818507,-0.020213999145310663
1.9900000000000015,1.0119531850554788,6.764752317323596e-11,2.335977294850532,-0.020213999111245495
2.0000000000000013,1.0119531850466308,7.042358368925417e-11,2.335977294819614,-0.020213999077603684
2.010000000000001,1.011953185037768,7.314462254824427e-11,2.3359772947890876,-0.02021399904438284
2.020000000000001,1.0119531850288912,7.58133227317366e-11,2.335977294758946,-0.02021399901157314
2.0300000000000007,1.0119531850200003,7.843213106746182e-11,2.33597729472918,-0.020213998979167896
2.0400000000000005,1.0119531850110959,8.100308383888532e-11,2.335977294699781,-0.020213998947163025
2.0500000000000003,1.0119531850021781,8.352835644602546e-11,2.335977294670745,-0.020213998915552395
2.06,1.0119531849932475,8.601021442127321e-11,2.335977294642064,-0.020213998884323375
2.07,1.0119531849843042,8.845013356413101e-11,2.33597729461373,-0.020213998853476606
2.0799999999999996,1.011953184975349,9.08502559640694e-11,2.335977294585741,-0.0202139988230009
2.0899999999999994,1.0119531849663814,9.321192270180073e-11,2.335977294558088,-0.020213998792893928
2.099999999999999,1.0119531849574022,9.553675101897899e-11,2.3359772945307666,-0.020213998763151414
2.109999999999999,1.0119531849484118,9.78265060865054e-11,2.3359772945037727,-0.020213998733764893
2.1199999999999988,1.0119531849394103,1.0008215995604575e-10,2.3359772944771007,-0.020213998704731007
2.1299999999999986,1.0119531849303982,1.0230504724038067e-10,2.335977294450746,-0.02021399867603932
2.1399999999999983,1.0119531849213756,1.0449620515812798e-10,2.3359772944247057,-0.020213998647688608
2.149999999999998,1.0119531849123427,1.0665659176684903e-10,2.335977294398972,-0.020213998619677098
2.159999999999998,1.0119531849032999,1.087874563377413e-10,2.3359772943735453,-0.020213998591996768
2.1699999999999977,1.0119531848942473,1.1088945860311655e-10,2.335977294348417,-0.020213998564644647
2.1799999999999975,1.0119531848851857,1.1296356031920603e-10,2.335977294323589,-0.020213998537610717
2.1899999999999973,1.0119531848761152,1.150102652154609e-10,2.3359772942990538,-0.020213998510892756
2.199999999999997,1.0119531848670358,1.1703022063200624e-10,2.33597729427481,-0.020213998484483464
2.209999999999997,1.0119531848579477,1.190236019467576e-10,2.3359772942508528,-0.020213998458382898
2.2199999999999966,1.0119531848488517,1.2099128081616327e-10,2.335977294227181,-0.02021399843258445
2.2299999999999964,1.0119531848397472,1.2293361825308342e-10,2.335977294203787,-0.020213998407092343
2.239999999999996,1.0119531848306351,1.2485113803912395e-10,2.33597729418067,-0.02021399838189311
2.249999999999996,1.0119531848215153,1.2674435830696247e-10,2.335977294157828,-0.020213998356981594
2.259999999999996,1.011953184812388,1.2861327876823464e-10,2.3359772941352546,-0.020213998332364508
2.2699999999999956,1.011953184803254,1.3045858086102514e-10,2.3359772941129515,-0.020213998308024173
2.2799999999999954,1.011953184794113,1.3228014377596293e-10,2.335977294090914,-0.020213998283964696
2.289999999999995,1.0119531847849652,1.3407836457874852e-10,2.3359772940691372,-0.02021399826018011
2.299999999999995,1.0119531847758112,1.3585342539759722e-10,2.3359772940476202,-0.02021399823666603
2.3099999999999947,1.0119531847666512,1.376051984439007e-10,2.335977294026361,-0.020213998213414186
2.3199999999999945,1.0119531847574852,1.3933402312249834e-10,2.3359772940053536,-0.020213998190429544
2.3299999999999943,1.0119531847483132,1.4103979864174692e-10,2.3359772939845977,-0.020213998167703917
2.339999999999994,1.0119531847391359,1.4272287728929256e-10,2.335977293964089,-0.020213998145235418
2.349999999999994,1.0119531847299534,1.4438344551434113e-10,2.335977293943825,-0.020213998123020577
2.3599999999999937,1.011953184720766,1.4602130962585447e-10,2.3359772939238033,-0.02021399810104943
2.3699999999999934,1.011953184711573,1.4763662201945771e-10,2.33597729390402,-0.020213998079326168
2.3799999999999932,1.011953184702376,1.4922947319138585e-10,2.3359772938844747,-0.020213998057844573
2.389999999999993,1.0119531846931744,1.507999667943902e-10,2.335977293865162,-0.02021399803660165
2.399999999999993,1.0119531846839682,1.5234806651290712e-10,2.3359772938460788,-0.020213998015596146
2.4099999999999926,1.0119531846747578,1.5387421937876982e-10,2.3359772938272227,-0.020213997994826205
2.4199999999999924,1.0119531846655436,1.5537833598687878e-10,2.335977293808592,-0.02021399797428422
2.429999999999992,1.0119531846563257,1.568606793098145e-10,2.335977293790182,-0.02021399795396478
2.439999999999992,1.0119531846471044,1.5832117050004768e-10,2.3359772937719927,-0.020213997933868355
2.4499999999999917,1.0119531846378795,1.5975986869356802e-10,2.335977293754019,-0.020213997913989118
2.4599999999999915,1.011953184628652,1.6117673663273003e-10,2.335977293736261,-0.020213997894320712
2.4699999999999913,1.0119531846194212,1.625718481874318e-10,2.3359772937187127,-0.020213997874871686
2.479999999999991,1.0119531846101875,1.639455339043769e-10,2.3359772937013714,-0.02021399785563105
2.489999999999991,1.011953184600951,1.6529783140038223e-10,2.3359772936842345,-0.0202139978366013
2.4999999999999907,1.0119531845917122,1.6662927777110044e-10,2.3359772936672996,-0.02021399781777361
2.5099999999999905,1.0119531845824707,1.6793963555099875e-10,2.335977293650564,-0.020213997799148176
2.5199999999999902,1.0119531845732272,1.6922916263817596e-10,2.3359772936340244,-0.020213997780722054
2.52999999999999,1.011953184563982,1.704982215186653e-10,2.335977293617681,-0.02021399776248775
2.53999999999999,1.0119531845547347,1.717466799332079e-10,2.3359772936015264,-0.020213997744448264
2.5499999999999896,1.0119531845454857,1.7297476251373047e-10,2.33597729358556,-0.02021399772660215
2.5599999999999894,1.0119531845362353,1.7418296458739695e-10,2.3359772935697802,-0.020213997708940223
2.569999999999989,1.0119531845269831,1.7537117193188133e-10,2.3359772935541816,-0.020213997691466618
2.579999999999989,1.0119531845177299,1.7653984466567976e-10,2.3359772935387637,-0.02021399767417717
2.5899999999999888,1.011953184508476,1.776893376065092e-10,2.3359772935235257,-0.02021399765705914
2.5999999999999885,1.011953184499221,1.7881929722023067e-10,2.335977293508465,-0.020213997640118303
2.6099999999999883,1.0119531844899647,1.7993008608861757e-10,2.3359772934935727,-0.02021399762336057
2.619999999999988,1.011953184480708,1.8102224066255155e-10,2.3359772934788503,-0.020213997606772366
2.629999999999988,1.0119531844714509,1.8209602474800656e-10,2.335977293464298,-0.02021399759035436
2.6399999999999877,1.0119531844621934,1.8315142013546398e-10,2.335977293449911,-0.020213997574101056
2.6499999999999875,1.0119531844529353,1.841886902694059e-10,2.3359772934356853,-0.020213997558017366
2.6599999999999873,1.0119531844436775,1.8520823640550031e-10,2.335977293421622,-0.020213997542087858
2.669999999999987,1.0119531844344198,1.8620999822755096e-10,2.3359772934077174,-0.020213997526325272
2.679999999999987,1.0119531844251617,1.8719434667143687e-10,2.3359772933939644,-0.020213997510723558
2.6899999999999866,1.011953184415904,1.8816183659273814e-10,2.335977293380366,-0.020213997495277858
2.6999999999999864,1.0119531844066467,1.8911269968415764e-10,2.33597729336692,-0.020213997479988866
2.709999999999986,1.0119531843973901,1.9004725407540688e-10,2.335977293353624,-0.02021399746484548
2.719999999999986,1.011953184388134,1.9096538923491809e-10,2.3359772933404734,-0.02021399744985622
2.7299999999999858,1.0119531843788783,1.9186758731354438e-10,2.335977293327467,-0.020213997435015923
2.7399999999999856,1.0119531843696237,1.9275410356002793e-10,2.3359772933146044,-0.020213997420321983
2.7499999999999853,1.0119531843603702,1.9362520790737775e-10,2.335977293301882,-0.020213997405772677
2.759999999999985,1.0119531843511176,1.944810351421958e-10,2.335977293289299,-0.02021399739136298
2.769999999999985,1.0119531843418663,1.953219676195264e-10,2.335977293276853,-0.02021399737709273
2.7799999999999847,1.011953184332616,1.9614800685357526e-10,2.3359772932645395,-0.020213997362969388
2.7899999999999845,1.0119531843233673,1.9695969836244783e-10,2.3359772932523617,-0.020213997348975082
2.7999999999999843,1.0119531843141205,1.977570894082349e-10,2.335977293240314,-0.020213997335111894
2.809999999999984,1.0119531843048748,1.985402094724882e-10,2.3359772932283978,-0.020213997321388344
2.819999999999984,1.0119531842956315,1.9930969096039102e-10,2.335977293216608,-0.020213997307786752
2.8299999999999836,1.0119531842863896,2.0006521477534356e-10,2.3359772932049445,-0.02021399729432166
2.8399999999999834,1.0119531842771496,2.00807311319241e-10,2.335977293193404,-0.020213997280981583
2.849999999999983,1.0119531842679117,2.01536219558688e-10,2.3359772931819855,-0.020213997267770067
2.859999999999983,1.0119531842586758,2.022522108197478e-10,2.3359772931706866,-0.020213997254684396
2.869999999999983,1.0119531842494423,2.0295554542342313e-10,2.3359772931595093,-0.020213997241717435
2.8799999999999826,1.0119531842402112,2.0364633491408693e-10,2.3359772931484475,-0.020213997228874847
2.8899999999999824,1.0119531842309821,2.043247450691754e-10,2.3359772931375007,-0.020213997216152274
2.899999999999982,1.0119531842217557,2.04991229628729e-10,2.3359772931266694,-0.02021399720354619
2.909999999999982,1.0119531842125318,2.056457457451409e-10,2.3359772931159495,-0.020213997191062344
2.9199999999999817,1.0119531842033107,2.0628879260023438e-10,2.3359772931053424,-0.02021399717868927
2.9299999999999815,1.0119531841940925,2.069202751111015e-10,2.3359772930948446,-0.020213997166426856
2.9399999999999813,1.011953184184877,2.0754037658248112e-10,2.3359772930844556,-0.02021399715428035
2.949999999999981,1.0119531841756642,2.0814923205046608e-10,2.3359772930741713,-0.020213997142248114
2.959999999999981,1.0119531841664549,2.0874713303023572e-10,2.3359772930639964,-0.020213997130319572
2.9699999999999807,1.0119531841572484,2.0933413293774043e-10,2.335977293053922,-0.020213997118502386
2.9799999999999804,1.011953184148045,2.0991066910915483e-10,2.335977293043953,-0.020213997106791864
2.9899999999999802,1.0119531841388447,2.1047683867989384e-10,2.335977293034082,-0.02021399709519256
2.99999999999998,1.0119531841296483,2.1103282992071067e-10,2.3359772930243157,-0.020213997083687735
3.00999999999998,1.011953184120455,2.1157856149250646e-10,2.3359772930146465,-0.020213997072287826
3.0199999999999796,1.0119531841112652,2.121141907225788e-10,2.3359772930050746,-0.02021399706099286
3.0299999999999794,1.011953184102079,2.126399729890715e-10,2.3359772929956013,-0.02021399704979504
3.039999999999979,1.0119531840928964,2.131561357498664e-10,2.3359772929862217,-0.020213997038701775
3.049999999999979,1.0119531840837177,2.1366271493459942e-10,2.3359772929769362,-0.020213997027700825
3.0599999999999787,1.0119531840745428,2.141598321016025e-10,2.3359772929677454,-0.02021399701679602
3.0699999999999785,1.0119531840653717,2.1464750645773337e-10,2.335977292958646,-0.020213997005988887
3.0799999999999783,1.0119531840562046,2.1512600339459742e-10,2.335977292949638,-0.02021399699527429
3.089999999999978,1.0119531840470415,2.1559523914248285e-10,2.3359772929407194,-0.020213996984657256
3.099999999999978,1.0119531840378821,2.160557086040975e-10,2.3359772929318883,-0.020213996974132425
3.1099999999999777,1.0119531840287272,2.1650756447529126e-10,2.3359772929231464,-0.020213996963695025
3.1199999999999775,1.0119531840195766,2.1695053034336417e-10,2.33597729291449,-0.020213996953350133
3.1299999999999772,1.01195318401043,2.1738513119773944e-10,2.33597729290592,-0.020213996943091284
3.139999999999977,1.011953184001288,2.1781106596198366e-10,2.3359772928974327,-0.02021399693292303
3.149999999999977,1.0119531839921503,2.1822873782136992e-10,2.33597729288903,-0.02021399692284015
3.1599999999999766,1.011953183983017,2.1863835180908714e-10,2.3359772928807074,-0.02021399691284373
3.1699999999999764,1.011953183973888,2.190398246330604e-10,2.335977292872468,-0.020213996902938347
3.179999999999976,1.0119531839647642,2.194334782960448e-10,2.335977292864311,-0.02021399689310463
3.189999999999976,1.0119531839556446,2.198189530706903e-10,2.335977292856232,-0.02021399688336062
3.1999999999999758,1.0119531839465299,2.2019671573690886e-10,2.3359772928482316,-0.0202139968736936
3.2099999999999755,1.0119531839374198,2.2056660065591718e-10,2.335977292840308,-0.020213996864114736
3.2199999999999753,1.011953183928315,2.2092901846378013e-10,2.3359772928324625,-0.02021399685460762
3.229999999999975,1.0119531839192146,2.212836858666264e-10,2.3359772928246922,-0.020213996845183935
3.239999999999975,1.0119531839101192,2.2163091999871172e-10,2.3359772928169975,-0.02021399683583927
3.2499999999999747,1.0119531839010287,2.2197098568928645e-10,2.335977292809375,-0.020213996826573072
3.2599999999999745,1.0119531838919436,2.2230385936111175e-10,2.335977292801827,-0.020213996817378566
3.2699999999999743,1.0119531838828635,2.2262945032519002e-10,2.335977292794351,-0.020213996808262552
3.279999999999974,1.0119531838737885,2.2294816067816673e-10,2.3359772927869464,-0.02021399679921998
3.289999999999974,1.0119531838647189,2.232597293814125e-10,2.335977292779614,-0.020213996790245492
3.2999999999999736,1.0119531838556544,2.235643505799307e-10,2.3359772927723506,-0.020213996781350357
3.3099999999999734,1.0119531838465952,2.2386222628253648e-10,2.3359772927651554,-0.02021399677252511
3.319999999999973,1.0119531838375413,2.2415316800925854e-10,2.335977292758028,-0.02021399676377489
3.329999999999973,1.0119531838284928,2.2443771585154763e-10,2.3359772927509668,-0.020213996755091918
3.3399999999999728,1.0119531838194495,2.2471598834446102e-10,2.3359772927439733,-0.020213996746485968
3.3499999999999726,1.011953183810412,2.2498802740718138e-10,2.335977292737047,-0.020213996737938805
3.3599999999999723,1.0119531838013802,2.252535797507572e-10,2.335977292730185,-0.020213996729461947
3.369999999999972,1.0119531837923537,2.2551277842236847e-10,2.3359772927233853,-0.020213996721056948
3.379999999999972,1.011953183783333,2.2576601479222747e-10,2.335977292716652,-0.020213996712714094
3.3899999999999717,1.0119531837743183,2.260130193549327e-10,2.3359772927099804,-0.020213996704436382
3.3999999999999715,1.0119531837653089,2.2625406761012397e-10,2.3359772927033706,-0.020213996696226366
3.4099999999999713,1.0119531837563056,2.2648898352540033e-10,2.3359772926968243,-0.02021399668807694
3.419999999999971,1.011953183747308,2.2671798091814821e-10,2.335977292690336,-0.02021399667999746
3.429999999999971,1.011953183738316,2.2694136846585438e-10,2.3359772926839084,-0.020213996671979317
3.4399999999999706,1.01195318372933,2.2715911917084075e-10,2.33597729267754,-0.02021399666402529
3.4499999999999704,1.0119531837203501,2.2737140604035184e-10,2.3359772926712306,-0.020213996656130134
3.45999999999997,1.0119531837113762,2.275780486534702e-10,2.335977292664981,-0.020213996648295374
3.46999999999997,1.011953183702408,2.2777924098956298e-10,2.3359772926587845,-0.020213996640524257
3.47999999999997,1.0119531836934461,2.2797518151626457e-10,2.3359772926526468,-0.020213996632812842
3.4899999999999696,1.0119531836844904,2.2816594946817596e-10,2.3359772926465654,-0.020213996625156605
3.4999999999999694,1.0119531836755407,2.2835132239432873e-10,2.3359772926405395,-0.02021399661756243
3.509999999999969,1.0119531836665971,2.2853169982880387e-10,2.335977292634568,-0.020213996610028095
3.519999999999969,1.0119531836576598,2.2870692759561015e-10,2.3359772926286517,-0.0202139966025445
3.5299999999999687,1.011953183648729,2.2887694244078668e-10,2.3359772926227906,-0.020213996595121103
3.5399999999999685,1.0119531836398041,2.290421728159151e-10,2.3359772926169797,-0.02021399658775494
3.5499999999999683,1.0119531836308862,2.2920243689662388e-10,2.335977292611224,-0.020213996580437932
3.559999999999968,1.0119531836219742,2.2935757810161687e-10,2.33597729260552,-0.020213996573180848
3.569999999999968,1.0119531836130684,2.295079985953967e-10,2.3359772925998645,-0.020213996565977277
3.5799999999999677,1.0119531836041695,2.2965351082306311e-10,2.3359772925942637,-0.020213996558823333
3.5899999999999674,1.0119531835952769,2.2979428344580898e-10,2.3359772925887117,-0.020213996551726232
3.5999999999999672,1.0119531835863906,2.2993042176289043e-10,2.3359772925832094,-0.020213996544683754
3.609999999999967,1.011953183577511,2.3006189315125055e-10,2.335977292577756,-0.020213996537692236
3.619999999999967,1.0119531835686382,2.301889648153414e-10,2.335977292572351,-0.02021399653074979
3.6299999999999666,1.0119531835597717,2.3031158115980334e-10,2.335977292566994,-0.020213996523859495
3.6399999999999664,1.0119531835509117,2.3042978118725407e-10,2.3359772925616844,-0.020213996517021687
3.649999999999966,1.0119531835420585,2.3054375404812094e-10,2.3359772925564224,-0.020213996510235033
3.659999999999966,1.0119531835332123,2.3065341292427366e-10,2.3359772925512083,-0.0202139965034909
3.6699999999999657,1.0119531835243722,2.3075876707536397e-10,2.3359772925460383,-0.02021399649680297
3.6799999999999655,1.011953183515539,2.3086012547777687e-10,2.335977292540914,-0.02021399649016506
3.6899999999999653,1.011953183506713,2.3095741517343805e-10,2.3359772925358366,-0.02021399648356703
3.699999999999965,1.0119531834978939,2.310504858254651e-10,2.335977292530805,-0.0202139964770168
3.709999999999965,1.0119531834890816,2.3113927901397604e-10,2.335977292525818,-0.020213996470513473
3.7199999999999647,1.011953183480276,2.312241139800375e-10,2.335977292520871,-0.0202139964640613
3.7299999999999645,1.0119531834714772,2.3130506738062905e-10,2.3359772925159703,-0.020213996457649902
3.7399999999999642,1.0119531834626856,2.3138184664438357e-10,2.3359772925111106,-0.020213996451286853
3.749999999999964,1.0119531834539006,2.3145489950190055e-10,2.335977292506294,-0.02021399644496963
3.759999999999964,1.011953183445123,2.315241745839304e-10,2.3359772925015214,-0.020213996438694815
3.7699999999999636,1.0119531834363518,2.3158961098636247e-10,2.335977292496786,-0.020213996432469794
3.7799999999999634,1.0119531834275879,2.316516007986283e-10,2.335977292492094,-0.020213996426285102
3.789999999999963,1.0119531834188313,2.3170997986813075e-10,2.335977292487442,-0.020213996420141045
3.799999999999963,1.0119531834100812,2.3176470678095143e-10,2.3359772924828293,-0.020213996414046448
3.8099999999999627,1.0119531834013389,2.3181597316793504e-10,2.335977292478258,-0.02021399640798896
3.8199999999999625,1.0119531833926032,2.318636576189946e-10,2.3359772924737254,-0.020213996401976353
3.8299999999999623,1.0119531833838749,2.3190799929205381e-10,2.3359772924692312,-0.02021399639600574
3.839999999999962,1.0119531833751538,2.3194898134757913e-10,2.3359772924647775,-0.02021399639007257
3.849999999999962,1.0119531833664397,2.3198650601016737e-10,2.3359772924603597,-0.020213996384188554
3.8599999999999617,1.0119531833577327,2.3202092995672695e-10,2.335977292455979,-0.02021399637834201
3.8699999999999615,1.0119531833490334,2.3205212740866895e-10,2.3359772924516387,-0.020213996372531046
3.8799999999999613,1.011953183340341,2.3208002397782657e-10,2.3359772924473337,-0.02021399636676427
3.889999999999961,1.0119531833316562,2.32104791370431e-10,2.335977292443067,-0.02021399636103169
3.899999999999961,1.0119531833229782,2.3212637805818876e-10,2.335977292438835,-0.020213996355344876
3.9099999999999606,1.0119531833143078,2.3214489426756323e-10,2.33597729243464,-0.020213996349694313
3.9199999999999604,1.011953183305645,2.3216038081509381e-10,2.335977292430479,-0.02021399634407997
3.92999999999996,1.0119531832969892,2.321728264321628e-10,2.335977292426355,-0.02021399633850357
3.93999999999996,1.011953183288341,2.3218222953551844e-10,2.3359772924222653,-0.020213996332966333
3.9499999999999598,1.0119531832797004,2.321887712334173e-10,2.3359772924182116,-0.02021399632746365
3.9599999999999596,1.0119531832710669,2.3219215891429712e-10,2.3359772924141904,-0.02021399632200216
3.9699999999999593,1.0119531832624409,2.3219288509704515e-10,2.3359772924102034,-0.02021399631657564
3.979999999999959,1.0119531832538224,2.3219079380351227e-10,2.3359772924062496,-0.020213996311186894
3.989999999999959,1.0119531832452113,2.3218596759705939e-10,2.3359772924023297,-0.020213996305831594
3.9999999999999587,1.011953183236608,2.321782384474595e-10,2.3359772923984434,-0.020213996300512044
4.009999999999959,1.011953183228012,2.3216772259762897e-10,2.33597729239459,-0.020213996295223885
4.019999999999959,1.0119531832194235,2.3215432406585868e-10,2.3359772923907687,-0.020213996289979413
4.0299999999999585,1.0119531832108424,2.3213852038868218e-10,2.3359772923869766,-0.02021399628476861
4.039999999999958,1.0119531832022692,2.3212019632210204e-10,2.335977292383219,-0.02021399627958409
4.049999999999958,1.0119531831937036,2.3209915088256107e-10,2.3359772923794933,-0.020213996274436846
4.059999999999958,1.0119531831851456,2.320751920548219e-10,2.3359772923757993,-0.020213996269321605
4.069999999999958,1.0119531831765955,2.3204873962364708e-10,2.335977292372135,-0.020213996264239142
4.079999999999957,1.0119531831680528,2.3201940110380807e-10,2.335977292368502,-0.020213996259188877
4.089999999999957,1.0119531831595174,2.319877307943115e-10,2.3359772923648956,-0.020213996254179273
4.099999999999957,1.01195318315099,2.3195369256380677e-10,2.3359772923613233,-0.020213996249195232
4.109999999999957,1.0119531831424704,2.3191703011803768e-10,2.3359772923577795,-0.02021399624424694
4.119999999999957,1.0119531831339583,2.318780989441548e-10,2.3359772923542637,-0.020213996239326182
4.129999999999956,1.0119531831254538,2.318366016557043e-10,2.335977292350777,-0.020213996234444948
4.139999999999956,1.0119531831169573,2.3179304693169757e-10,2.3359772923473203,-0.02021399622958639
4.149999999999956,1.0119531831084685,2.3174693437103745e-10,2.335977292343893,-0.02021399622475989
4.159999999999956,1.0119531830999873,2.3169837963163839e-10,2.335977292340491,-0.02021399621996861
4.1699999999999555,1.0119531830915138,2.3164780761031867e-10,2.335977292337118,-0.020213996215207808
4.179999999999955,1.0119531830830484,2.3159503468198932e-10,2.3359772923337734,-0.020213996210474067
4.189999999999955,1.0119531830745905,2.3154010534398648e-10,2.3359772923304556,-0.020213996205775547
4.199999999999955,1.0119531830661403,2.3148309229892096e-10,2.335977292327164,-0.02021399620110756
4.209999999999955,1.0119531830576982,2.314240750096337e-10,2.3359772923238995,-0.02021399619646519
4.2199999999999545,1.011953183049264,2.313631195388297e-10,2.335977292320663,-0.020213996191850353
4.229999999999954,1.0119531830408377,2.3130001758368795e-10,2.335977292317454,-0.02021399618726294
4.239999999999954,1.0119531830324187,2.3123457323013605e-10,2.3359772923142685,-0.02021399618271541
4.249999999999954,1.0119531830240078,2.311675600380598e-10,2.3359772923111075,-0.02021399617819214
4.259999999999954,1.011953183015605,2.3109880453049478e-10,2.3359772923079754,-0.020213996173694404
4.269999999999953,1.01195318300721,2.3102806656347782e-10,2.3359772923048676,-0.02021399616922498
4.279999999999953,1.0119531829988229,2.3095527094135756e-10,2.335977292301786,-0.020213996164785475
4.289999999999953,1.0119531829904436,2.3088063196189508e-10,2.3359772922987294,-0.020213996160369507
4.299999999999953,1.0119531829820725,2.3080409463655585e-10,2.3359772922956985,-0.02021399615598407
4.3099999999999525,1.0119531829737092,2.3072562385664652e-10,2.335977292292692,-0.0202139961516227
4.319999999999952,1.011953182965354,2.3064536088444031e-10,2.3359772922897117,-0.020213996147286195
4.329999999999952,1.0119531829570068,2.3056292831861168e-10,2.3359772922867545,-0.020213996142978502
4.339999999999952,1.0119531829486672,2.304786414232346e-10,2.335977292283819,-0.020213996138703588
4.349999999999952,1.0119531829403359,2.303926628821584e-10,2.335977292280909,-0.020213996134450518
4.3599999999999515,1.0119531829320123,2.3030504634512056e-10,2.3359772922780215,-0.020213996130223566
4.369999999999951,1.011953182923697,2.3021566318787463e-10,2.33597729227516,-0.020213996126020622
4.379999999999951,1.0119531829153896,2.3012445129454428e-10,2.3359772922723194,-0.02021399612184674
4.389999999999951,1.0119531829070905,2.3003154139804858e-10,2.3359772922695035,-0.02021399611769406
4.399999999999951,1.011953182898799,2.299369029962685e-10,2.3359772922667106,-0.020213996113566862
4.40999999999995,1.0119531828905162,2.298404969686056e-10,2.33597729226394,-0.02021399610946245
4.41999999999995,1.011953182882241,2.2974207030367182e-10,2.335977292261193,-0.02021399610538216
4.42999999999995,1.011953182873974,2.2964176133192346e-10,2.3359772922584665,-0.020213996101325377
4.43999999999995,1.0119531828657151,2.2953985772063875e-10,2.3359772922557624,-0.020213996097300208
4.4499999999999496,1.011953182857464,2.2943642274592141e-10,2.335977292253079,-0.020213996093298298
4.459999999999949,1.011953182849221,2.2933158698090758e-10,2.335977292250417,-0.020213996089319897
4.469999999999949,1.0119531828409862,2.2922511879872354e-10,2.3359772922477786,-0.020213996085361563
4.479999999999949,1.0119531828327595,2.291170043673572e-10,2.335977292245161,-0.02021399608142918
4.489999999999949,1.011953182824541,2.2900732533204006e-10,2.335977292242562,-0.020213996077518726
4.4999999999999485,1.0119531828163306,2.288961632395271e-10,2.3359772922399866,-0.020213996073633306
4.509999999999948,1.0119531828081283,2.2878336898388715e-10,2.335977292237431,-0.020213996069766926
4.519999999999948,1.0119531827999342,2.2866903571432747e-10,2.3359772922348965,-0.020213996065923306
4.529999999999948,1.0119531827917483,2.2855317006003267e-10,2.3359772922323803,-0.020213996062105305
4.539999999999948,1.0119531827835706,2.2843574549935747e-10,2.335977292229887,-0.02021399605830279
4.549999999999947,1.0119531827754011,2.2831676119278698e-10,2.3359772922274136,-0.020213996054524147
4.559999999999947,1.0119531827672394,2.2819611774008733e-10,2.335977292224957,-0.02021399605077573
4.569999999999947,1.0119531827590857,2.280742671097504e-10,2.3359772922225184,-0.020213996047050015
4.579999999999947,1.0119531827509405,2.2795123982765637e-10,2.335977292220101,-0.020213996043343313
4.589999999999947,1.0119531827428032,2.2782707287826764e-10,2.3359772922177036,-0.020213996039656984
4.599999999999946,1.0119531827346746,2.2770158609690196e-10,2.335977292215324,-0.020213996035989612
4.609999999999946,1.0119531827265538,2.2757483437478037e-10,2.335977292212965,-0.020213996032346193
4.619999999999946,1.0119531827184414,2.274466161600826e-10,2.3359772922106243,-0.020213996028722092
4.629999999999946,1.0119531827103372,2.2731719740055952e-10,2.3359772922083026,-0.020213996025116865
4.6399999999999455,1.0119531827022408,2.2718635760783447e-10,2.335977292205998,-0.02021399602153881
4.649999999999945,1.011953182694153,2.2705445651459394e-10,2.335977292203712,-0.020213996017978825
4.659999999999945,1.0119531826860733,2.2692146758349478e-10,2.3359772922014432,-0.0202139960144411
4.669999999999945,1.0119531826780017,2.26787323789869e-10,2.335977292199193,-0.020213996010919805
4.679999999999945,1.0119531826699386,2.2665200131274835e-10,2.335977292196962,-0.02021399600741719
4.689999999999944,1.0119531826618837,2.2651541909360708e-10,2.3359772921947473,-0.0202139960039375
4.699999999999944,1.0119531826538368,2.2637766401977336e-10,2.33597729219255,-0.02021399600047738
4.709999999999944,1.0119531826457981,2.262387339047105e-10,2.335977292190371,-0.020213995997037965
4.719999999999944,1.011953182637768,2.2609878862334754e-10,2.3359772921882085,-0.020213995993617867
4.729999999999944,1.0119531826297459,2.2595774802789944e-10,2.3359772921860635,-0.020213995990216754
4.739999999999943,1.011953182621732,2.2581547678427817e-10,2.335977292183937,-0.020213995986833738
4.749999999999943,1.0119531826137265,2.2567207393605724e-10,2.335977292181825,-0.020213995983469485
4.759999999999943,1.0119531826057293,2.255277383734764e-10,2.3359772921797326,-0.020213995980120525
4.769999999999943,1.0119531825977406,2.253820025882886e-10,2.335977292177655,-0.020213995976795074
4.7799999999999425,1.0119531825897596,2.2523534191853543e-10,2.3359772921755932,-0.020213995973487248
4.789999999999942,1.0119531825817871,2.250874717624707e-10,2.335977292173549,-0.02021399597019871
4.799999999999942,1.011953182573823,2.24938670936153e-10,2.3359772921715214,-0.020213995966927217
4.809999999999942,1.011953182565867,2.247888199427686e-10,2.335977292169507,-0.020213995963677928
4.819999999999942,1.0119531825579196,2.2463797389530418e-10,2.3359772921675113,-0.020213995960439407
4.8299999999999415,1.0119531825499801,2.2448601502289664e-10,2.33597729216553,-0.020213995957223924
4.839999999999941,1.0119531825420491,2.2433305786947065e-10,2.335977292163564,-0.0202139959540244
4.849999999999941,1.0119531825341261,2.2417927038280743e-10,2.3359772921616133,-0.020213995950845748
4.859999999999941,1.011953182526212,2.2402446945253687e-10,2.335977292159681,-0.020213995947675673
4.869999999999941,1.0119531825183057,2.2386850030568205e-10,2.3359772921577617,-0.02021399594453338
4.87999999999994,1.0119531825104078,2.2371176328089119e-10,2.335977292155858,-0.0202139959414058
4.88999999999994,1.0119531825025179,2.2355418132853657e-10,2.335977292153965,-0.0202139959382987
4.89999999999994,1.0119531824946366,2.233959673386754e-10,2.3359772921520925,-0.020213995935205176
4.90999999999994,1.0119531824867636,2.2323675377931092e-10,2.335977292150232,-0.020213995932125972
4.9199999999999395,1.011953182478899,2.2307667264357432e-10,2.335977292148389,-0.02021399592906653
4.929999999999939,1.0119531824710426,2.2291560118345825e-10,2.3359772921465587,-0.020213995926021633
4.939999999999939,1.0119531824631942,2.227537226597306e-10,2.335977292144741,-0.020213995922997136
4.949999999999939,1.0119531824553545,2.225909789176834e-10,2.3359772921429407,-0.02021399591998821
4.959999999999939,1.0119531824475232,2.2242759257784644e-10,2.3359772921411546,-0.020213995916989635
4.9699999999999385,1.0119531824397001,2.2226306242746847e-10,2.335977292139383,-0.020213995914008187
4.979999999999938,1.0119531824318855,2.220976196214911e-10,2.3359772921376227,-0.02021399591104653
4.989999999999938,1.011953182424079,2.2193144068627048e-10,2.335977292135879,-0.0202139959080975
4.999999999999938,1.0119531824162808,2.2176422590903106e-10,2.3359772921341473,-0.020213995905166843
5.009999999999938,1.011953182408491,2.2159630950118602e-10,2.3359772921324304,-0.020213995902248982
5.019999999999937,1.0119531824007095,2.2142743347974737e-10,2.335977292130728,-0.020213995899350773
5.029999999999937,1.0119531823929366,2.2125775514652114e-10,2.3359772921290385,-0.02021399589645989
5.039999999999937,1.0119531823851717,2.2108695290838722e-10,2.335977292127361,-0.020213995893592435
5.049999999999937,1.0119531823774153,2.209154461735547e-10,2.3359772921256976,-0.020213995890736164
5.0599999999999365,1.011953182369667,2.2074319701092644e-10,2.335977292124046,-0.02021399588789974
5.069999999999936,1.0119531823619268,2.2057029269580632e-10,2.335977292122406,-0.020213995885081493
5.079999999999936,1.0119531823541952,2.2039693773425402e-10,2.33597729212078,-0.020213995882273655
5.089999999999936,1.0119531823464718,2.202229093049671e-10,2.3359772921191677,-0.020213995879480806
5.099999999999936,1.0119531823387569,2.2004823592093975e-10,2.3359772921175677,-0.020213995876701557
5.1099999999999355,1.0119531823310501,2.1987286423297075e-10,2.33597729211598,-0.02021399587394143
5.119999999999935,1.0119531823233519,2.1969694616418045e-10,2.335977292114405,-0.020213995871193186
5.129999999999935,1.011953182315662,2.195203886258651e-10,2.3359772921128426,-0.02021399586845643
5.139999999999935,1.0119531823079804,2.193429311130087e-10,2.3359772921112945,-0.020213995865734663
5.149999999999935,1.0119531823003072,2.1916495752663961e-10,2.335977292109756,-0.020213995863026885
5.159999999999934,1.0119531822926422,2.1898623878993732e-10,2.3359772921082325,-0.02021399586033401
5.169999999999934,1.0119531822849859,2.188068027873382e-10,2.3359772921067212,-0.020213995857651962
5.179999999999934,1.0119531822773375,2.1862649959253442e-10,2.3359772921052198,-0.020213995854987815
5.189999999999934,1.0119531822696977,2.184455224572526e-10,2.3359772921037316,-0.020213995852333883
5.199999999999934,1.011953182262066,2.1826389698087372e-10,2.335977292102252,-0.020213995849698213
5.209999999999933,1.0119531822544428,2.1808159688626186e-10,2.3359772921007886,-0.020213995847074395
5.219999999999933,1.011953182246828,2.1789874662239706e-10,2.3359772920993334,-0.020213995844461624
5.229999999999933,1.0119531822392211,2.1771511579922923e-10,2.335977292097892,-0.020213995841864507
5.239999999999933,1.011953182231623,2.1753094874895608e-10,2.3359772920964597,-0.020213995839280685
5.2499999999999325,1.0119531822240326,2.1734609837000436e-10,2.3359772920950372,-0.0202139958367136
5.259999999999932,1.011953182216451,2.1716099071754717e-10,2.335977292093628,-0.020213995834158782
5.269999999999932,1.0119531822088776,2.1697530478222339e-10,2.3359772920922293,-0.020213995831615372
5.279999999999932,1.0119531822013128,2.1678906629492067e-10,2.3359772920908437,-0.020213995829080927
5.289999999999932,1.011953182193756,2.166021413875966e-10,2.335977292089467,-0.020213995826565245
5.299999999999931,1.0119531821862076,2.1641478621629862e-10,2.335977292088103,-0.02021399582405789
5.309999999999931,1.0119531821786674,2.1622682180552338e-10,2.3359772920867456,-0.02021399582156841
5.319999999999931,1.0119531821711356,2.1603857333836144e-10,2.3359772920854027,-0.020213995819088004
5.329999999999931,1.0119531821636123,2.158496547190713e-10,2.3359772920840705,-0.02021399581662084
5.339999999999931,1.011953182156097,2.1566029986112922e-10,2.335977292082747,-0.020213995814170688
5.34999999999993,1.01195318214859,2.154704746469861e-10,2.3359772920814352,-0.020213995811727975
5.35999999999993,1.0119531821410916,2.1528026975039468e-10,2.3359772920801327,-0.02021399580929828
5.36999999999993,1.0119531821336014,2.1508946482579452e-10,2.3359772920788413,-0.020213995806881963
5.37999999999993,1.0119531821261194,2.1489832507574352e-10,2.3359772920775597,-0.020213995804476775
5.3899999999999295,1.011953182118646,2.1470660942562124e-10,2.3359772920762887,-0.02021399580207825
5.399999999999929,1.011953182111181,2.145142527742473e-10,2.335977292075029,-0.020213995799694018
5.409999999999929,1.011953182103724,2.1432125313523662e-10,2.3359772920737796,-0.020213995797322692
5.419999999999929,1.0119531820962755,2.1412768227707227e-10,2.3359772920725397,-0.02021399579496405
5.429999999999929,1.0119531820888352,2.1393357852308618e-10,2.33597729207131,-0.02021399579261607
5.4399999999999284,1.011953182081403,2.1373894172329955e-10,2.335977292070087,-0.020213995790282657
5.449999999999928,1.011953182073979,2.135439723438007e-10,2.335977292068875,-0.020213995787962735
5.459999999999928,1.0119531820665635,2.1334887484428803e-10,2.3359772920676716,-0.020213995785653166
5.469999999999928,1.011953182059156,2.1315347111881845e-10,2.3359772920664787,-0.020213995783357197
5.479999999999928,1.0119531820517573,2.1295769558214743e-10,2.335977292065297,-0.02021399578106517
5.489999999999927,1.0119531820443668,2.1276139698933314e-10,2.3359772920641233,-0.020213995778785465
5.499999999999927,1.0119531820369843,2.12564625414567e-10,2.335977292062958,-0.020213995776522553
5.509999999999927,1.0119531820296104,2.1236752018978217e-10,2.3359772920618043,-0.020213995774265414
5.519999999999927,1.0119531820222445,2.1216992736686607e-10,2.3359772920606576,-0.02021399577202429
5.5299999999999265,1.0119531820148868,2.1197204667622023e-10,2.3359772920595216,-0.02021399576979313
5.539999999999926,1.0119531820075378,2.117737136468364e-10,2.3359772920583945,-0.020213995767568937
5.549999999999926,1.011953182000197,2.1157500367330982e-10,2.3359772920572768,-0.020213995765353293
5.559999999999926,1.0119531819928644,2.1137572460974746e-10,2.335977292056168,-0.020213995763150028
5.569999999999926,1.01195318198554,2.1117599855533033e-10,2.335977292055068,-0.020213995760962195
5.5799999999999255,1.0119531819782237,2.109759440796052e-10,2.335977292053976,-0.02021399575878352
5.589999999999925,1.011953181970916,2.1077563609584227e-10,2.335977292052893,-0.0202139957566137
5.599999999999925,1.0119531819636163,2.1057497203859535e-10,2.3359772920518176,-0.02021399575445401
5.609999999999925,1.0119531819563252,2.1037401691072499e-10,2.3359772920507544,-0.020213995752303315
5.619999999999925,1.011953181949042,2.1017238183019207e-10,2.335977292049696,-0.020213995750167052
5.629999999999924,1.011953181941767,2.0997053739434408e-10,2.335977292048649,-0.020213995748039837
5.639999999999924,1.0119531819345005,2.0976823946724736e-10,2.335977292047608,-0.020213995745922447
5.649999999999924,1.011953181927242,2.0956575818443576e-10,2.335977292046575,-0.020213995743817492
5.659999999999924,1.0119531819199916,2.0936316017603745e-10,2.3359772920455506,-0.020213995741723084
5.6699999999999235,1.0119531819127499,2.0916023817297047e-10,2.335977292044534,-0.020213995739635005
5.679999999999923,1.011953181905516,2.0895712137828394e-10,2.3359772920435264,-0.020213995737561385
5.689999999999923,1.0119531818982905,2.0875378464097646e-10,2.3359772920425255,-0.020213995735494983
5.699999999999923,1.011953181891073,2.0855034701329346e-10,2.3359772920415334,-0.02021399573344318
5.709999999999923,1.011953181883864,2.0834670711786923e-10,2.33597729204055,-0.02021399573139207
5.7199999999999225,1.0119531818766634,2.0814266221594725e-10,2.3359772920395763,-0.020213995729353396
5.729999999999922,1.0119531818694707,2.0793824312238536e-10,2.3359772920386086,-0.020213995727326767
5.739999999999922,1.0119531818622867,2.0773347835651515e-10,2.3359772920376503,-0.020213995725302636
5.749999999999922,1.0119531818551106,2.075280882351525e-10,2.3359772920367,-0.020213995723293188
5.759999999999922,1.0119531818479428,2.0732240130453383e-10,2.3359772920357575,-0.020213995721290373
5.769999999999921,1.0119531818407832,2.0711625483185023e-10,2.335977292034823,-0.020213995719296024
5.779999999999921,1.0119531818336318,2.0690963971690344e-10,2.3359772920338946,-0.0202139957173125
5.789999999999921,1.0119531818264884,2.0670285873603534e-10,2.3359772920329727,-0.020213995715342853
5.799999999999921,1.0119531818193532,2.0649585816574255e-10,2.3359772920320587,-0.020213995713379035
5.809999999999921,1.0119531818122263,2.0628875806106512e-10,2.3359772920311523,-0.020213995711427624
5.81999999999992,1.0119531818051075,2.0608145761116243e-10,2.335977292030253,-0.02021399570948257
5.82999999999992,1.0119531817979968,2.0587386554013142e-10,2.335977292029359,-0.020213995707549226
5.83999999999992,1.0119531817908942,2.0566626625906493e-10,2.3359772920284754,-0.020213995705625487
5.84999999999992,1.0119531817838001,2.054584503914739e-10,2.3359772920275987,-0.020213995703704968
5.8599999999999195,1.0119531817767138,2.052502921422926e-10,2.3359772920267257,-0.0202139957018016
5.869999999999919,1.011953181769636,2.0504224249368058e-10,2.3359772920258637,-0.020213995699898485
5.879999999999919,1.011953181762566,2.048338290146195e-10,2.335977292025006,-0.020213995698010634
5.889999999999919,1.0119531817555045,2.046252678772774e-10,2.3359772920241584,-0.020213995696125392
5.899999999999919,1.011953181748451,2.044164538061921e-10,2.3359772920233155,-0.02021399569425142
5.909999999999918,1.0119531817414056,2.0420738526039128e-10,2.3359772920224806,-0.020213995692387715
5.919999999999918,1.0119531817343685,2.0399813095460203e-10,2.335977292021652,-0.020213995690529896
5.929999999999918,1.0119531817273395,2.0378859912286923e-10,2.335977292020831,-0.02021399568868268
5.939999999999918,1.0119531817203185,2.0357897901033298e-10,2.335977292020015,-0.020213995686845426
5.949999999999918,1.0119531817133054,2.033693419814675e-10,2.335977292019206,-0.02021399568501714
5.959999999999917,1.011953181706301,2.0315975858173193e-10,2.3359772920184048,-0.020213995683191183
5.969999999999917,1.0119531816993041,2.0294984544748754e-10,2.33597729201761,-0.02021399568137891
5.979999999999917,1.0119531816923157,2.0273977337591841e-10,2.3359772920168216,-0.020213995679570773
5.989999999999917,1.0119531816853355,2.025293971734215e-10,2.3359772920160404,-0.02021399567777238
5.9999999999999165,1.0119531816783631,2.0231872428511822e-10,2.3359772920152646,-0.020213995675985003
6.009999999999916,1.0119531816713991,2.0210803456556358e-10,2.3359772920144968,-0.02021399567419921
6.019999999999916,1.0119531816644431,2.01897102106553e-10,2.3359772920137347,-0.020213995672424684
6.029999999999916,1.0119531816574954,2.0168591856992079e-10,2.3359772920129784,-0.020213995670657875
6.039999999999916,1.0119531816505556,2.0147451665503114e-10,2.3359772920122284,-0.02021399566890089
6.0499999999999154,1.0119531816436236,2.0126296925732577e-10,2.335977292011486,-0.020213995667148738
6.059999999999915,1.0119531816367002,2.0105123532061344e-10,2.335977292010749,-0.020213995665405604
6.069999999999915,1.0119531816297846,2.0083920121812574e-10,2.335977292010018,-0.020213995663667994
6.079999999999915,1.011953181622877,2.0062700267436326e-10,2.335977292009293,-0.020213995661943818
6.089999999999915,1.0119531816159775,2.0041478145607986e-10,2.3359772920085735,-0.020213995660226747
6.099999999999914,1.0119531816090859,2.002026678896558e-10,2.335977292007859,-0.020213995658517864
6.109999999999914,1.0119531816022025,1.999905673737664e-10,2.335977292007152,-0.020213995656811173
6.119999999999914,1.011953181595327,1.9977812267193517e-10,2.335977292006451,-0.02021399565511653
6.129999999999914,1.0119531815884597,1.995656033266217e-10,2.3359772920057544,-0.02021399565343099
6.1399999999999135,1.0119531815816005,1.9935322740166608e-10,2.335977292005066,-0.020213995651748
6.149999999999913,1.0119531815747493,1.9914057918416223e-10,2.335977292004382,-0.02021399565007051
6.159999999999913,1.0119531815679064,1.989276345501829e-10,2.335977292003706,-0.02021399564839957
6.169999999999913,1.0119531815610712,1.9871446786469856e-10,2.3359772920030335,-0.0202139956467417
6.179999999999913,1.011953181554244,1.9850118669268075e-10,2.335977292002367,-0.020213995645090993
6.1899999999999125,1.011953181547425,1.9828785513587075e-10,2.335977292001707,-0.020213995643446087
6.199999999999912,1.0119531815406135,1.9807445599076182e-10,2.3359772920010498,-0.020213995641810284
6.209999999999912,1.0119531815338103,1.9786113645464316e-10,2.3359772920004,-0.020213995640182447
6.219999999999912,1.0119531815270153,1.9764767022710608e-10,2.335977291999756,-0.020213995638554083
6.229999999999912,1.0119531815202283,1.974340053062138e-10,2.335977291999119,-0.020213995636938598
6.239999999999911,1.011953181513449,1.9722016376420406e-10,2.335977291998486,-0.020213995635328996
6.249999999999911,1.0119531815066778,1.9700646689345e-10,2.335977291997858,-0.02021399563372797
6.259999999999911,1.0119531814999145,1.967927280477108e-10,2.3359772919972355,-0.02021399563213233
6.269999999999911,1.0119531814931597,1.9657876092550686e-10,2.3359772919966204,-0.02021399563054152
6.2799999999999105,1.0119531814864124,1.9636453937707935e-10,2.3359772919960093,-0.02021399562895565
6.28999999999991,1.0119531814796734,1.9615023640658152e-10,2.335977291995404,-0.02021399562737733
6.29999999999991,1.011953181472942,1.9593557253897936e-10,2.3359772919948023,-0.02021399562580628
6.30999999999991,1.0119531814662184,1.9572086645752628e-10,2.3359772919942055,-0.020213995624250747
6.31999999999991,1.0119531814595029,1.955063703260152e-10,2.3359772919936135,-0.020213995622697517
6.3299999999999095,1.0119531814527953,1.9529187588085572e-10,2.3359772919930277,-0.020213995621150394
6.339999999999909,1.0119531814460958,1.9507741807776295e-10,2.3359772919924464,-0.020213995619607406
6.349999999999909,1.011953181439404,1.9486284595066435e-10,2.33597729199187,-0.0202139956180738
6.359999999999909,1.0119531814327203,1.946483072115228e-10,2.335977291991298,-0.02021399561654677
6.369999999999909,1.0119531814260443,1.9443382006638293e-10,2.3359772919907322,-0.02021399561502457
6.379999999999908,1.0119531814193763,1.9421928209676539e-10,2.335977291990171,-0.020213995613510338
6.389999999999908,1.0119531814127165,1.940047513247552e-10,2.3359772919896145,-0.020213995612000574
6.399999999999908,1.0119531814060643,1.9379009909458091e-10,2.3359772919890625,-0.020213995610498414
6.409999999999908,1.0119531813994203,1.935754109500422e-10,2.335977291988517,-0.02021399560899778
6.419999999999908,1.0119531813927838,1.9336067057459019e-10,2.335977291987974,-0.020213995607511165
6.429999999999907,1.011953181386155,1.9314604325185873e-10,2.3359772919874358,-0.02021399560603021
6.439999999999907,1.0119531813795344,1.9293153142063498e-10,2.3359772919869024,-0.020213995604553142
6.449999999999907,1.0119531813729217,1.9271697347223295e-10,2.3359772919863753,-0.020213995603083512
6.459999999999907,1.0119531813663167,1.9250253458673568e-10,2.3359772919858512,-0.020213995601620516
6.4699999999999065,1.0119531813597198,1.9228804319865862e-10,2.335977291985334,-0.020213995600158574
6.479999999999906,1.0119531813531306,1.920733794964661e-10,2.335977291984821,-0.02021399559870468
6.489999999999906,1.0119531813465494,1.9185844271921458e-10,2.335977291984312,-0.020213995597256895
6.499999999999906,1.0119531813399762,1.916435227054987e-10,2.3359772919838084,-0.02021399559581169
6.509999999999906,1.0119531813334106,1.9142828357891577e-10,2.3359772919833097,-0.020213995594376033
6.519999999999905,1.0119531813268525,1.912132246323892e-10,2.335977291982812,-0.02021399559295123
6.529999999999905,1.0119531813203027,1.9099834907864819e-10,2.3359772919823216,-0.020213995591528783
6.539999999999905,1.0119531813137603,1.9078346829986256e-10,2.3359772919818345,-0.02021399559011025
6.549999999999905,1.011953181307226,1.905685049679694e-10,2.335977291981353,-0.02021399558869863
6.559999999999905,1.0119531813006997,1.9035344073825447e-10,2.3359772919808757,-0.0202139955872917
6.569999999999904,1.0119531812941807,1.901383920676701e-10,2.335977291980401,-0.02021399558589454
6.579999999999904,1.0119531812876699,1.8992338905970053e-10,2.335977291979932,-0.020213995584498073
6.589999999999904,1.0119531812811666,1.8970826306305194e-10,2.3359772919794675,-0.02021399558311121
6.599999999999904,1.0119531812746714,1.8949327422645486e-10,2.3359772919790074,-0.02021399558172507
6.6099999999999035,1.011953181268184,1.8927806329357464e-10,2.3359772919785518,-0.020213995580342675
6.619999999999903,1.011953181261704,1.890625294557745e-10,2.335977291978099,-0.02021399557897402
6.629999999999903,1.0119531812552318,1.8884723512842492e-10,2.33597729197765,-0.02021399557761097
6.639999999999903,1.0119531812487672,1.8863219257267135e-10,2.3359772919772035,-0.020213995576255
6.649999999999903,1.0119531812423106,1.8841729236750608e-10,2.3359772919767634,-0.020213995574898197
6.659999999999902,1.0119531812358618,1.882024205097046e-10,2.3359772919763264,-0.02021399557355047
6.669999999999902,1.0119531812294207,1.8798752046445566e-10,2.335977291975894,-0.02021399557220485
6.679999999999902,1.0119531812229874,1.8777274298712452e-10,2.335977291975466,-0.02021399557086509
6.689999999999902,1.0119531812165616,1.8755783233916852e-10,2.3359772919750412,-0.02021399556953321
6.699999999999902,1.0119531812101437,1.873430592582316e-10,2.3359772919746207,-0.020213995568203247
6.709999999999901,1.0119531812037335,1.8712819111134084e-10,2.3359772919742046,-0.02021399556688233
6.719999999999901,1.011953181197331,1.8691327732265188e-10,2.335977291973793,-0.02021399556556283
6.729999999999901,1.0119531811909361,1.866985001155829e-10,2.335977291973383,-0.02021399556425177
6.739999999999901,1.011953181184549,1.8648358454785388e-10,2.3359772919729767,-0.020213995562946507
6.7499999999999005,1.0119531811781695,1.8626888398082954e-10,2.335977291972576,-0.02021399556164402
6.7599999999999,1.0119531811717977,1.860543340609011e-10,2.3359772919721777,-0.020213995560349807
6.7699999999999,1.0119531811654334,1.858397730061942e-10,2.335977291971784,-0.020213995559060394
6.7799999999999,1.0119531811590772,1.8562530005378658e-10,2.3359772919713935,-0.020213995557772618
6.7899999999999,1.0119531811527283,1.8541089379719446e-10,2.3359772919710067,-0.020213995556492864
6.7999999999998995,1.011953181146387,1.8519650078319917e-10,2.335977291970624,-0.02021399555521808
6.809999999999899,1.0119531811400535,1.8498223020094505e-10,2.3359772919702446,-0.02021399555394779
6.819999999999899,1.0119531811337277,1.8476810929464785e-10,2.335977291969869,-0.02021399555268083
6.829999999999899,1.0119531811274096,1.8455377389895544e-10,2.335977291969497,-0.020213995551420477
6.839999999999899,1.011953181121099,1.8433958391761963e-10,2.3359772919691295,-0.02021399555016498
6.849999999999898,1.0119531811147962,1.8412544708313225e-10,2.3359772919687654,-0.02021399554891276
6.859999999999898,1.011953181108501,1.8391117247004297e-10,2.3359772919684056,-0.020213995547663177
6.869999999999898,1.011953181102213,1.8369691910840223e-10,2.3359772919680477,-0.02021399554642303
6.879999999999898,1.011953181095933,1.8348265539683526e-10,2.3359772919676933,-0.02021399554518785
6.8899999999998975,1.0119531810896605,1.8326857635578668e-10,2.3359772919673425,-0.020213995543956226
6.899999999999897,1.0119531810833957,1.830544647617994e-10,2.335977291966995,-0.020213995542724128
6.909999999999897,1.0119531810771385,1.8284026245514183e-10,2.335977291966652,-0.020213995541503466
6.919999999999897,1.0119531810708886,1.8262627916124586e-10,2.335977291966311,-0.020213995540284718
6.929999999999897,1.0119531810646465,1.8241222198165853e-10,2.335977291965974,-0.020213995539070745
6.9399999999998965,1.011953181058412,1.8219828342781166e-10,2.33597729196564,-0.020213995537861768
6.949999999999896,1.011953181052185,1.8198437466851032e-10,2.335977291965308,-0.020213995536659812
6.959999999999896,1.011953181045965,1.8177065574965299e-10,2.3359772919649777,-0.020213995535465934
6.969999999999896,1.011953181039753,1.8155726413447642e-10,2.3359772919646544,-0.020213995534271334
6.979999999999896,1.0119531810335487,1.8134387472277798e-10,2.335977291964333,-0.02021399553307851
6.989999999999895,1.0119531810273517,1.8113043161027945e-10,2.335977291964015,-0.020213995531895734
6.999999999999895,1.0119531810211624,1.8091712168783696e-10,2.3359772919637005,-0.020213995530715984
7.009999999999895,1.0119531810149804,1.8070390004649927e-10,2.3359772919633888,-0.020213995529535705
7.019999999999895,1.011953181008806,1.8049064334447565e-10,2.3359772919630792,-0.020213995528365142
7.0299999999998946,1.0119531810026394,1.8027758514707806e-10,2.335977291962775,-0.020213995527195605
7.039999999999894,1.01195318099648,1.8006447462236964e-10,2.3359772919624713,-0.020213995526033618
7.049999999999894,1.0119531809903282,1.798516353014695e-10,2.3359772919621724,-0.02021399552487496
7.059999999999894,1.0119531809841837,1.796386971931239e-10,2.3359772919618758,-0.020213995523721467
7.069999999999894,1.0119531809780469,1.7942606871762152e-10,2.3359772919615827,-0.02021399552257172
7.0799999999998935,1.0119531809719173,1.7921329980166914e-10,2.3359772919612927,-0.020213995521422667
7.089999999999893,1.0119531809657953,1.790006748405132e-10,2.335977291961005,-0.02021399552028469
7.099999999999893,1.0119531809596807,1.7878822529121603e-10,2.335977291960719,-0.020213995519152178
7.109999999999893,1.0119531809535736,1.7857607555227014e-10,2.335977291960437,-0.02021399551801814
7.119999999999893,1.0119531809474738,1.7836382226017324e-10,2.335977291960157,-0.020213995516890626
7.129999999999892,1.0119531809413818,1.7815188388996257e-10,2.335977291959883,-0.020213995515765693
7.139999999999892,1.011953180935297,1.7793982110360305e-10,2.3359772919596105,-0.02021399551464592
7.149999999999892,1.0119531809292197,1.7772789709702127e-10,2.335977291959342,-0.020213995513527927
7.159999999999892,1.0119531809231497,1.7751600782088099e-10,2.335977291959074,-0.02021399551241701
7.169999999999892,1.011953180917087,1.7730439406088164e-10,2.335977291958807,-0.020213995511314725
7.179999999999891,1.0119531809110316,1.7709297784404637e-10,2.335977291958545,-0.020213995510212024
7.189999999999891,1.011953180904984,1.7688173372954755e-10,2.335977291958287,-0.020213995509111543
7.199999999999891,1.0119531808989437,1.7667056656781493e-10,2.3359772919580304,-0.020213995508017057
7.209999999999891,1.0119531808929108,1.7645943059625145e-10,2.335977291957778,-0.020213995506924848
7.2199999999998905,1.0119531808868851,1.7624839606600833e-10,2.335977291957527,-0.0202139955058403
7.22999999999989,1.0119531808808668,1.760374282240985e-10,2.335977291957278,-0.020213995504757554
7.23999999999989,1.0119531808748559,1.7582662413652933e-10,2.335977291957033,-0.02021399550367975
7.24999999999989,1.0119531808688524,1.756158872169472e-10,2.3359772919567914,-0.020213995502606386
7.25999999999989,1.0119531808628561,1.7540529812192798e-10,2.335977291956551,-0.020213995501532578
7.269999999999889,1.0119531808568674,1.751947900237303e-10,2.3359772919563135,-0.020213995500464182
7.279999999999889,1.0119531808508861,1.749844215024219e-10,2.3359772919560813,-0.020213995499398257
7.289999999999889,1.0119531808449118,1.747739186120586e-10,2.3359772919558486,-0.02021399549834002
7.299999999999889,1.011953180838945,1.745636255082546e-10,2.33597729195562,-0.020213995497284365
7.309999999999889,1.0119531808329854,1.7435337279211054e-10,2.3359772919553925,-0.020213995496234927
7.319999999999888,1.0119531808270328,1.7414349223362996e-10,2.3359772919551665,-0.020213995495192233
7.329999999999888,1.0119531808210878,1.7393410347526524e-10,2.3359772919549444,-0.020213995494147097
7.339999999999888,1.0119531808151503,1.7372463167095058e-10,2.3359772919547273,-0.020213995493106207
7.349999999999888,1.0119531808092197,1.7351518744755908e-10,2.335977291954509,-0.020213995492072923
7.3599999999998875,1.0119531808032964,1.7330592138688177e-10,2.3359772919542943,-0.020213995491041692
7.369999999999887,1.0119531807973807,1.7309687267534738e-10,2.3359772919540838,-0.02021399549001479
7.379999999999887,1.0119531807914721,1.7288791634457645e-10,2.3359772919538755,-0.020213995488988057
7.389999999999887,1.0119531807855708,1.7267893721129602e-10,2.3359772919536685,-0.020213995487964792
7.399999999999887,1.0119531807796767,1.724700662786647e-10,2.335977291953465,-0.020213995486949382
7.4099999999998865,1.0119531807737898,1.7226132894823984e-10,2.335977291953263,-0.020213995485935998
7.419999999999886,1.0119531807679103,1.7205276778856864e-10,2.3359772919530637,-0.020213995484926445
7.429999999999886,1.0119531807620377,1.718443468016432e-10,2.3359772919528665,-0.020213995483920694
7.439999999999886,1.0119531807561726,1.716361585456448e-10,2.3359772919526707,-0.020213995482918856
7.449999999999886,1.0119531807503146,1.7142800030920074e-10,2.3359772919524797,-0.02021399548191788
7.459999999999885,1.0119531807444642,1.712199875445988e-10,2.3359772919522905,-0.020213995480917596
7.469999999999885,1.0119531807386206,1.7101182808407868e-10,2.335977291952103,-0.020213995479925445
7.479999999999885,1.0119531807327844,1.7080380152713412e-10,2.3359772919519193,-0.020213995478933072
7.489999999999885,1.0119531807269553,1.7059560112293708e-10,2.3359772919517376,-0.020213995477947
7.4999999999998845,1.0119531807211335,1.7038751409787255e-10,2.335977291951558,-0.020213995476960234
7.509999999999884,1.0119531807153188,1.701795044358568e-10,2.33597729195138,-0.02021399547597938
7.519999999999884,1.011953180709511,1.6997150446072706e-10,2.335977291951203,-0.020213995475006435
7.529999999999884,1.0119531807037105,1.6976387009186985e-10,2.3359772919510267,-0.02021399547403857
7.539999999999884,1.011953180697917,1.6955638444406714e-10,2.3359772919508557,-0.020213995473071816
7.5499999999998835,1.011953180692131,1.6934924644752403e-10,2.335977291950687,-0.020213995472103397
7.559999999999883,1.0119531806863518,1.691420828272268e-10,2.335977291950518,-0.020213995471142304
7.569999999999883,1.0119531806805802,1.689351197833955e-10,2.335977291950354,-0.020213995470179352
7.579999999999883,1.0119531806748152,1.68728195547049e-10,2.335977291950188,-0.020213995469227808
7.589999999999883,1.0119531806690574,1.6852149953434425e-10,2.3359772919500252,-0.020213995468281204
7.599999999999882,1.0119531806633069,1.6831512404519526e-10,2.3359772919498663,-0.020213995467327633
7.609999999999882,1.0119531806575632,1.6810889658113459e-10,2.335977291949709,-0.0202139954663845
7.619999999999882,1.011953180651827,1.6790281305947103e-10,2.3359772919495536,-0.020213995465442003
7.629999999999882,1.0119531806460975,1.6769691966609072e-10,2.3359772919493995,-0.020213995464506834
7.6399999999998816,1.0119531806403752,1.674912587544179e-10,2.3359772919492485,-0.020213995463571055
7.649999999999881,1.01195318063466,1.6728585762991603e-10,2.3359772919490975,-0.020213995462643825
7.659999999999881,1.0119531806289521,1.6708078251515997e-10,2.335977291948951,-0.02021399546171146
7.669999999999881,1.0119531806232511,1.6687549007211003e-10,2.335977291948807,-0.02021399546078337
7.679999999999881,1.0119531806175572,1.6667034714933555e-10,2.3359772919486645,-0.020213995459857415
7.6899999999998805,1.0119531806118702,1.6646521540784787e-10,2.3359772919485238,-0.02021399545893801
7.69999999999988,1.0119531806061903,1.6626019229479245e-10,2.3359772919483834,-0.020213995458021355
7.70999999999988,1.0119531806005175,1.6605545882088894e-10,2.3359772919482467,-0.020213995457107448
7.71999999999988,1.0119531805948516,1.6585075050094945e-10,2.335977291948111,-0.02021399545620181
7.72999999999988,1.0119531805891926,1.6564639484954901e-10,2.335977291947976,-0.020213995455294786
7.739999999999879,1.0119531805835407,1.6544235613695602e-10,2.3359772919478434,-0.020213995454394812
7.749999999999879,1.0119531805778958,1.652385442291453e-10,2.335977291947714,-0.020213995453492117
7.759999999999879,1.0119531805722581,1.6503471448134782e-10,2.3359772919475854,-0.02021399545259342
7.769999999999879,1.0119531805666273,1.6483115798869102e-10,2.33597729194746,-0.02021399545169794
7.779999999999879,1.0119531805610036,1.6462762196586545e-10,2.3359772919473376,-0.020213995450802436
7.789999999999878,1.0119531805553867,1.6442397472192647e-10,2.3359772919472146,-0.02021399544991584
7.799999999999878,1.0119531805497768,1.6422066568295047e-10,2.3359772919470947,-0.02021399544903113
7.809999999999878,1.0119531805441737,1.6401756146673353e-10,2.3359772919469743,-0.0202139954481515
7.819999999999878,1.0119531805385777,1.6381464526678236e-10,2.3359772919468575,-0.020213995447268734
7.8299999999998775,1.0119531805329889,1.636117834175349e-10,2.3359772919467447,-0.020213995446387772
7.839999999999877,1.0119531805274067,1.6340893882388844e-10,2.33597729194663,-0.020213995445516997
7.849999999999877,1.0119531805218314,1.6320641691510032e-10,2.3359772919465187,-0.020213995444643945
7.859999999999877,1.0119531805162634,1.6300400080186608e-10,2.335977291946411,-0.02021399544377442
7.869999999999877,1.011953180510702,1.6280162064891836e-10,2.3359772919463024,-0.020213995442904642
7.879999999999876,1.0119531805051478,1.625992995135187e-10,2.3359772919461967,-0.02021399544203975
7.889999999999876,1.0119531804996,1.6239697950428378e-10,2.335977291946092,-0.020213995441181187
7.899999999999876,1.0119531804940596,1.6219498130188772e-10,2.3359772919459885,-0.020213995440322624
7.909999999999876,1.0119531804885256,1.6199322848679667e-10,2.335977291945887,-0.02021399543947336
7.919999999999876,1.0119531804829986,1.617916699732224e-10,2.3359772919457864,-0.0202139954386224
7.929999999999875,1.0119531804774788,1.615903119723679e-10,2.33597729194569,-0.020213995437772192
7.939999999999875,1.0119531804719655,1.6138912577893226e-10,2.335977291945593,-0.020213995436928256
7.949999999999875,1.0119531804664594,1.6118833260629085e-10,2.335977291945498,-0.02021399543608246
7.959999999999875,1.01195318046096,1.609873687052981e-10,2.3359772919454067,-0.02021399543523511
7.9699999999998745,1.0119531804554676,1.6078633550804713e-10,2.335977291945315,-0.020213995434395504
7.979999999999874,1.0119531804499817,1.6058552752137457e-10,2.335977291945223,-0.02021399543356603
7.989999999999874,1.0119531804445028,1.6038524502334235e-10,2.3359772919451345,-0.02021399543273547
7.999999999999874,1.0119531804390305,1.6018506666870266e-10,2.335977291945047,-0.02021399543190569
8.009999999999874,1.0119531804335655,1.5998512956547344e-10,2.3359772919449626,-0.020213995431074827
8.019999999999873,1.011953180428107,1.5978519973750278e-10,2.33597729194488,-0.020213995430251652
8.029999999999873,1.0119531804226554,1.5958545061568535e-10,2.335977291944796,-0.020213995429428644
8.039999999999873,1.0119531804172104,1.5938583409712963e-10,2.335977291944714,-0.02021399542861066
8.049999999999873,1.0119531804117723,1.5918656569023915e-10,2.3359772919446353,-0.020213995427791898
8.059999999999873,1.0119531804063413,1.5898735463427658e-10,2.3359772919445594,-0.020213995426975606
8.069999999999872,1.0119531804009168,1.587881384424793e-10,2.3359772919444817,-0.02021399542616273
8.079999999999872,1.0119531803954989,1.5858923868391151e-10,2.3359772919444066,-0.02021399542535629
8.089999999999872,1.0119531803900879,1.5839052364383717e-10,2.335977291944334,-0.020213995424548242
8.099999999999872,1.0119531803846837,1.581920449054453e-10,2.335977291944261,-0.02021399542374394
8.109999999999872,1.0119531803792863,1.579936521733649e-10,2.3359772919441912,-0.0202139954229415
8.119999999999871,1.0119531803738955,1.5779535319198858e-10,2.335977291944123,-0.020213995422142667
8.129999999999871,1.0119531803685116,1.5759723466147622e-10,2.335977291944054,-0.020213995421344583
8.139999999999871,1.0119531803631343,1.573992023302751e-10,2.335977291943988,-0.020213995420550135
8.14999999999987,1.0119531803577637,1.5720147531768878e-10,2.3359772919439226,-0.020213995419757963
8.15999999999987,1.0119531803523996,1.5700398997069856e-10,2.335977291943858,-0.020213995418972147
8.16999999999987,1.0119531803470423,1.5680681272263604e-10,2.3359772919437947,-0.020213995418189606
8.17999999999987,1.0119531803416917,1.5661003820645425e-10,2.3359772919437325,-0.02021399541740515
8.18999999999987,1.0119531803363477,1.5641341092526402e-10,2.335977291943673,-0.02021399541662558
8.19999999999987,1.0119531803310107,1.5621698713646247e-10,2.3359772919436144,-0.020213995415847397
8.20999999999987,1.0119531803256803,1.5602079864269677e-10,2.3359772919435575,-0.02021399541506963
8.21999999999987,1.0119531803203563,1.5582492248821998e-10,2.335977291943501,-0.020213995414298136
8.229999999999869,1.0119531803150392,1.5562910967158823e-10,2.3359772919434474,-0.020213995413526864
8.239999999999869,1.0119531803097288,1.5543348624548922e-10,2.3359772919433963,-0.02021399541275329
8.249999999999869,1.011953180304425,1.5523777965030705e-10,2.3359772919433457,-0.02021399541198457
8.259999999999868,1.0119531802991277,1.5504221577600608e-10,2.3359772919432933,-0.02021399541122529
8.269999999999868,1.011953180293837,1.548471616605111e-10,2.3359772919432444,-0.02021399541045865
8.279999999999868,1.011953180288553,1.5465210695391998e-10,2.335977291943198,-0.020213995409701646
8.289999999999868,1.0119531802832757,1.544571627823255e-10,2.33597729194315,-0.020213995408946
8.299999999999867,1.011953180278005,1.5426260651871678e-10,2.3359772919431063,-0.020213995408188634
8.309999999999867,1.011953180272741,1.5406806572987218e-10,2.3359772919430637,-0.02021399540743382
8.319999999999867,1.0119531802674835,1.5387353493300637e-10,2.3359772919430215,-0.02021399540668148
8.329999999999867,1.0119531802622324,1.536792029693708e-10,2.335977291942978,-0.020213995405936352
8.339999999999867,1.0119531802569879,1.5348516976056026e-10,2.3359772919429385,-0.0202139954051907
8.349999999999866,1.0119531802517503,1.5329152306662932e-10,2.3359772919429007,-0.020213995404442187
8.359999999999866,1.0119531802465191,1.5309766664980975e-10,2.3359772919428643,-0.02021399540369964
8.369999999999866,1.0119531802412944,1.5290389932310245e-10,2.3359772919428288,-0.020213995402960816
8.379999999999866,1.0119531802360764,1.5271040359107056e-10,2.335977291942793,-0.02021399540222324
8.389999999999866,1.0119531802308648,1.525170306291778e-10,2.33597729194276,-0.02021399540148644
8.399999999999865,1.0119531802256598,1.5232381590952456e-10,2.3359772919427275,-0.020213995400753998
8.409999999999865,1.0119531802204613,1.521307598751038e-10,2.335977291942695,-0.02021399540002347
8.419999999999865,1.0119531802152693,1.5193790893556743e-10,2.3359772919426645,-0.02021399539929758
8.429999999999865,1.0119531802100836,1.5174539223208302e-10,2.3359772919426343,-0.020213995398571688
8.439999999999864,1.0119531802049047,1.5155308936203147e-10,2.3359772919426063,-0.020213995397847184
8.449999999999864,1.011953180199732,1.5136108253245257e-10,2.335977291942578,-0.020213995397131312
8.459999999999864,1.0119531801945658,1.5116949026727088e-10,2.3359772919425517,-0.02021399539641186
8.469999999999864,1.0119531801894064,1.5097799474853714e-10,2.335977291942527,-0.020213995395693712
8.479999999999864,1.0119531801842534,1.5078669117276485e-10,2.3359772919425037,-0.020213995394976952
8.489999999999863,1.0119531801791064,1.50595489719562e-10,2.335977291942478,-0.02021399539427099
8.499999999999863,1.0119531801739665,1.5040490839263729e-10,2.335977291942458,-0.020213995393559392
8.509999999999863,1.011953180168833,1.5021428411708453e-10,2.335977291942439,-0.0202139953928461
8.519999999999863,1.0119531801637058,1.500236881764316e-10,2.335977291942419,-0.02021399539213889
8.529999999999863,1.0119531801585853,1.4983323965578352e-10,2.335977291942402,-0.02021399539143162
8.539999999999862,1.0119531801534707,1.496429225190663e-10,2.3359772919423847,-0.020213995390731987
8.549999999999862,1.011953180148363,1.4945276657722467e-10,2.3359772919423683,-0.020213995390029965
8.559999999999862,1.0119531801432615,1.49262742070644e-10,2.3359772919423545,-0.02021399538932947
8.569999999999862,1.0119531801381665,1.4907279280850796e-10,2.33597729194234,-0.02021399538863486
8.579999999999862,1.011953180133078,1.4888315363575599e-10,2.3359772919423283,-0.020213995387940387
8.589999999999861,1.0119531801279955,1.4869351578080558e-10,2.3359772919423163,-0.020213995387247607
8.599999999999861,1.0119531801229198,1.4850409239559968e-10,2.3359772919423047,-0.020213995386555605
8.60999999999986,1.0119531801178503,1.4831496388952974e-10,2.3359772919422954,-0.020213995385868683
8.61999999999986,1.0119531801127872,1.4812602632989946e-10,2.3359772919422865,-0.02021399538517893
8.62999999999986,1.0119531801077306,1.4793715824616296e-10,2.3359772919422785,-0.020213995384493838
8.63999999999986,1.0119531801026802,1.4774854769373568e-10,2.3359772919422714,-0.020213995383812994
8.64999999999986,1.011953180097636,1.4756017463894785e-10,2.3359772919422643,-0.02021399538313509
8.65999999999986,1.0119531800925985,1.473720907216316e-10,2.3359772919422603,-0.02021399538245583
8.66999999999986,1.0119531800875674,1.471841646490673e-10,2.3359772919422572,-0.020213995381775873
8.67999999999986,1.0119531800825423,1.4699632017041082e-10,2.3359772919422537,-0.020213995381102384
8.68999999999986,1.0119531800775239,1.4680864272338468e-10,2.335977291942253,-0.02021399538042759
8.699999999999859,1.0119531800725117,1.46621076990287e-10,2.3359772919422515,-0.020213995379754324
8.709999999999859,1.0119531800675055,1.4643361602506843e-10,2.3359772919422497,-0.020213995379089328
8.719999999999859,1.0119531800625057,1.4624662451524794e-10,2.3359772919422492,-0.020213995378427024
8.729999999999858,1.0119531800575123,1.4606004748299533e-10,2.335977291942251,-0.020213995377760197
8.739999999999858,1.0119531800525254,1.4587364649976061e-10,2.335977291942255,-0.02021399537709198
8.749999999999858,1.0119531800475443,1.456872138689036e-10,2.3359772919422572,-0.02021399537643559
8.759999999999858,1.0119531800425698,1.455011266340642e-10,2.335977291942261,-0.020213995375776173
8.769999999999857,1.0119531800376014,1.4531525303914636e-10,2.3359772919422657,-0.02021399537512189
8.779999999999857,1.0119531800326396,1.4512973102958985e-10,2.335977291942272,-0.020213995374464555
8.789999999999857,1.0119531800276838,1.4494420550151768e-10,2.335977291942277,-0.0202139953738118
8.799999999999857,1.0119531800227344,1.447590164150561e-10,2.3359772919422874,-0.02021399537315996
8.809999999999857,1.0119531800177912,1.4457381603232216e-10,2.3359772919422976,-0.020213995372504068
8.819999999999856,1.011953180012854,1.443886339540515e-10,2.3359772919423047,-0.020213995371859667
8.829999999999856,1.0119531800079233,1.4420392619098839e-10,2.3359772919423145,-0.020213995371216292
8.839999999999856,1.0119531800029988,1.4401948990626396e-10,2.3359772919423274,-0.020213995370569476
8.849999999999856,1.0119531799980808,1.4383508899889514e-10,2.335977291942341,-0.020213995369922605
8.859999999999856,1.0119531799931685,1.4365059740783602e-10,2.335977291942353,-0.02021399536928334
8.869999999999855,1.0119531799882626,1.4346653721369736e-10,2.335977291942367,-0.02021399536864421
8.879999999999855,1.0119531799833628,1.432826826405165e-10,2.3359772919423825,-0.020213995368005833
8.889999999999855,1.0119531799784693,1.4309896219963387e-10,2.335977291942397,-0.020213995367371396
8.899999999999855,1.0119531799735817,1.4291568811763398e-10,2.3359772919424118,-0.020213995366739956
8.909999999999854,1.0119531799687005,1.427326114827938e-10,2.335977291942428,-0.020213995366110404
8.919999999999854,1.0119531799638255,1.4254988226113997e-10,2.335977291942447,-0.020213995365477855
8.929999999999854,1.0119531799589565,1.423671439172782e-10,2.335977291942464,-0.020213995364853216
8.939999999999854,1.0119531799540937,1.4218488154539765e-10,2.335977291942483,-0.020213995364227355
8.949999999999854,1.0119531799492372,1.4200282665466898e-10,2.3359772919425046,-0.020213995363604187
8.959999999999853,1.0119531799443864,1.4182087480745042e-10,2.3359772919425232,-0.020213995362984155
8.969999999999853,1.011953179939542,1.41639335020065e-10,2.3359772919425446,-0.020213995362363124
8.979999999999853,1.0119531799347041,1.4145795309249518e-10,2.3359772919425676,-0.02021399536174176
8.989999999999853,1.0119531799298718,1.41276672064157e-10,2.3359772919425903,-0.020213995361127585
8.999999999999853,1.0119531799250459,1.4109563861740685e-10,2.335977291942615,-0.020213995360511272
9.009999999999852,1.0119531799202257,1.409148598999664e-10,2.3359772919426396,-0.020213995359901704
9.019999999999852,1.0119531799154122,1.4073437282997556e-10,2.3359772919426667,-0.02021399535928406
9.029999999999852,1.0119531799106045,1.4055390018531193e-10,2.3359772919426924,-0.02021399535867463
9.039999999999852,1.0119531799058028,1.403736154343193e-10,2.33597729194272,-0.02021399535806509
9.049999999999851,1.0119531799010075,1.4019355724087873e-10,2.3359772919427497,-0.02021399535745405
9.059999999999851,1.0119531798962178,1.400133765134083e-10,2.335977291942778,-0.02021399535685478
9.069999999999851,1.0119531798914343,1.3983371340454619e-10,2.3359772919428075,-0.02021399535625143
9.07999999999985,1.011953179886657,1.3965415670373577e-10,2.335977291942839,-0.020213995355647912
9.08999999999985,1.0119531798818857,1.3947471012922298e-10,2.33597729194287,-0.02021399535504617
9.09999999999985,1.0119531798771204,1.392954765535543e-10,2.3359772919429016,-0.020213995354452396
9.10999999999985,1.011953179872361,1.3911659979203416e-10,2.335977291942936,-0.020213995353851266
9.11999999999985,1.0119531798676078,1.38937827475256e-10,2.335977291942968,-0.020213995353256436
9.12999999999985,1.0119531798628607,1.3875923671212493e-10,2.3359772919430033,-0.020213995352665354
9.13999999999985,1.0119531798581194,1.3858080409932407e-10,2.3359772919430375,-0.020213995352075187
9.14999999999985,1.0119531798533843,1.3840267896710335e-10,2.335977291943074,-0.020213995351480663
9.15999999999985,1.0119531798486552,1.382245506182186e-10,2.3359772919431108,-0.020213995350894326
9.169999999999849,1.0119531798439318,1.3804670276184534e-10,2.3359772919431494,-0.020213995350304825
9.179999999999849,1.011953179839215,1.3786883585095995e-10,2.335977291943188,-0.020213995349717767
9.189999999999849,1.0119531798345036,1.3769101931455483e-10,2.3359772919432276,-0.02021399534913257
9.199999999999848,1.0119531798297983,1.375134995856764e-10,2.335977291943266,-0.02021399534855009
9.209999999999848,1.0119531798250991,1.373362626447639e-10,2.335977291943306,-0.020213995347970443
9.219999999999848,1.0119531798204058,1.371591023187694e-10,2.335977291943347,-0.020213995347386465
9.229999999999848,1.0119531798157184,1.3698188276862787e-10,2.3359772919433888,-0.020213995346808872
9.239999999999847,1.011953179811037,1.3680496914522252e-10,2.33597729194343,-0.020213995346232333
9.249999999999847,1.0119531798063615,1.3662844280058946e-10,2.335977291943472,-0.020213995345661373
9.259999999999847,1.0119531798016919,1.3645216094991342e-10,2.335977291943515,-0.02021399534508775
9.269999999999847,1.011953179797028,1.3627611235148238e-10,2.3359772919435575,-0.02021399534451576
9.279999999999847,1.0119531797923704,1.3610031430711793e-10,2.3359772919436024,-0.02021399534394419
9.289999999999846,1.0119531797877186,1.3592451304411193e-10,2.3359772919436486,-0.02021399534337473
9.299999999999846,1.0119531797830728,1.3574899265346858e-10,2.335977291943694,-0.020213995342806823
9.309999999999846,1.011953179778433,1.3557356173911833e-10,2.335977291943742,-0.02021399534223703
9.319999999999846,1.0119531797737986,1.3539827641028092e-10,2.335977291943788,-0.02021399534167509
9.329999999999846,1.0119531797691703,1.3522324667909667e-10,2.3359772919438355,-0.020213995341113927
9.339999999999845,1.011953179764548,1.3504842121791298e-10,2.335977291943883,-0.020213995340551044
9.349999999999845,1.0119531797599315,1.3487374487225667e-10,2.3359772919439292,-0.0202139953399941
9.359999999999845,1.0119531797553205,1.346995050881007e-10,2.335977291943978,-0.020213995339437407
9.369999999999845,1.0119531797507155,1.3452554997760398e-10,2.3359772919440265,-0.020213995338882462
9.379999999999844,1.0119531797461165,1.3435196453164504e-10,2.335977291944076,-0.02021399533833143
9.389999999999844,1.0119531797415235,1.341786543440031e-10,2.3359772919441273,-0.020213995337773516
9.399999999999844,1.0119531797369363,1.3400535101843286e-10,2.3359772919441797,-0.020213995337218238
9.409999999999844,1.0119531797323549,1.3383205677420974e-10,2.3359772919442303,-0.02021399533666876
9.419999999999844,1.0119531797277792,1.3365911799776602e-10,2.3359772919442836,-0.02021399533611759
9.429999999999843,1.0119531797232095,1.3348629447784127e-10,2.3359772919443382,-0.020213995335564477
9.439999999999843,1.0119531797186456,1.3331336335344912e-10,2.3359772919443924,-0.020213995335017082
9.449999999999843,1.0119531797140875,1.331405838690279e-10,2.3359772919444475,-0.02021399533447174
9.459999999999843,1.0119531797095354,1.3296802372413093e-10,2.335977291944503,-0.020213995333921236
9.469999999999843,1.0119531797049885,1.3279543814249413e-10,2.3359772919445576,-0.020213995333384055
9.479999999999842,1.0119531797004475,1.3262330712625897e-10,2.3359772919446127,-0.02021399533284443
9.489999999999842,1.011953179695913,1.3245152584247414e-10,2.3359772919446704,-0.02021399533229601
9.499999999999842,1.0119531796913837,1.32279485784207e-10,2.3359772919447273,-0.02021399533175494
9.509999999999842,1.0119531796868602,1.3210757174890327e-10,2.335977291944785,-0.020213995331213652
9.519999999999841,1.0119531796823427,1.3193577320904498e-10,2.3359772919448454,-0.02021399533067275
9.529999999999841,1.0119531796778305,1.3176405128649174e-10,2.335977291944903,-0.020213995330140733
9.539999999999841,1.0119531796733243,1.315925530422561e-10,2.3359772919449626,-0.020213995329606965
9.54999999999984,1.011953179668824,1.3142129137345015e-10,2.3359772919450217,-0.020213995329070283
9.55999999999984,1.0119531796643289,1.3125024341104756e-10,2.33597729194508,-0.02021399532854276
9.56999999999984,1.0119531796598398,1.3107956709926066e-10,2.33597729194514,-0.020213995328013462
9.57999999999984,1.0119531796553565,1.30909178343672e-10,2.3359772919452007,-0.020213995327484274
9.58999999999984,1.0119531796508785,1.30738952196269e-10,2.3359772919452593,-0.020213995326957973
9.59999999999984,1.0119531796464065,1.3056911074890085e-10,2.3359772919453206,-0.02021399532643195
9.60999999999984,1.0119531796419399,1.303994119944209e-10,2.33597729194538,-0.020213995325914225
9.61999999999984,1.0119531796374792,1.3023020341773983e-10,2.335977291945441,-0.02021399532539242
9.62999999999984,1.0119531796330243,1.3006130034817047e-10,2.335977291945502,-0.020213995324868006
9.639999999999839,1.0119531796285748,1.2989263965623511e-10,2.335977291945564,-0.020213995324352446
9.649999999999839,1.0119531796241312,1.2972430522448903e-10,2.3359772919456265,-0.020213995323831474
9.659999999999838,1.0119531796196932,1.2955624257450416e-10,2.3359772919456905,-0.020213995323313805
9.669999999999838,1.0119531796152608,1.2938838675732197e-10,2.335977291945753,-0.020213995322802575
9.679999999999838,1.011953179610834,1.2922100846016733e-10,2.335977291945818,-0.02021399532228746
9.689999999999838,1.011953179606413,1.2905369311047097e-10,2.3359772919458828,-0.020213995321773676
9.699999999999838,1.0119531796019976,1.2888662134734998e-10,2.3359772919459476,-0.020213995321259726
9.709999999999837,1.0119531795975878,1.28719612127616e-10,2.335977291946015,-0.02021399532074722
9.719999999999837,1.0119531795931838,1.2855277746833305e-10,2.3359772919460813,-0.020213995320239236
9.729999999999837,1.011953179588785,1.2838615980317464e-10,2.335977291946147,-0.020213995319732447
9.739999999999837,1.0119531795843921,1.2821982391568385e-10,2.3359772919462163,-0.020213995319221606
9.749999999999837,1.0119531795800052,1.2805333877543898e-10,2.3359772919462864,-0.02021399531871035
9.759999999999836,1.0119531795756234,1.2788685786012205e-10,2.335977291946355,-0.02021399531820592
9.769999999999836,1.0119531795712469,1.2772067109193071e-10,2.335977291946422,-0.020213995317706346
9.779999999999836,1.0119531795668761,1.2755472421671067e-10,2.335977291946491,-0.020213995317206412
9.789999999999836,1.0119531795625112,1.2738923259893667e-10,2.335977291946561,-0.020213995316705785
9.799999999999836,1.0119531795581518,1.272238395029772e-10,2.335977291946632,-0.02021399531620613
9.809999999999835,1.011953179553798,1.270584836638468e-10,2.3359772919467026,-0.020213995315706723
9.819999999999835,1.0119531795494494,1.26893365611145e-10,2.335977291946773,-0.020213995315208372
9.829999999999835,1.0119531795451067,1.2672846783888014e-10,2.335977291946845,-0.020213995314711908
9.839999999999835,1.0119531795407695,1.2656363256531147e-10,2.335977291946917,-0.020213995314217775
9.849999999999834,1.0119531795364376,1.2639918050345972e-10,2.33597729194699,-0.020213995313722394
9.859999999999834,1.0119531795321115,1.262348087851016e-10,2.335977291947063,-0.020213995313226624
9.869999999999834,1.0119531795277907,1.260703935942581e-10,2.335977291947137,-0.02021399531274029
9.879999999999834,1.0119531795234755,1.2590627977006804e-10,2.33597729194721,-0.020213995312249128
9.889999999999834,1.0119531795191656,1.2574239167734764e-10,2.335977291947282,-0.020213995311762684
9.899999999999833,1.0119531795148615,1.2557888153557405e-10,2.3359772919473567,-0.02021399531127474
9.909999999999833,1.0119531795105627,1.254155276292512e-10,2.3359772919474318,-0.020213995310789462
9.919999999999833,1.0119531795062695,1.2525234535935725e-10,2.335977291947506,-0.02021399531030424
9.929999999999833,1.0119531795019818,1.2508938433055968e-10,2.3359772919475814,-0.02021399530981982
9.939999999999833,1.0119531794976995,1.2492669214770636e-10,2.3359772919476582,-0.02021399530933668
9.949999999999832,1.0119531794934225,1.2476426090747188e-10,2.335977291947733,-0.02021399530885895
9.959999999999832,1.0119531794891514,1.2460206102681216e-10,2.3359772919478106,-0.020213995308375643
9.969999999999832,1.0119531794848855,1.2443983339474792e-10,2.3359772919478883,-0.020213995307895
9.979999999999832,1.011953179480625,1.2427773054617798e-10,2.3359772919479647,-0.020213995307417354
9.989999999999831,1.01195317947637,1.241158174258076e-10,2.3359772919480433,-0.020213995306940957
9.999999999999831,1.0119531794721206,1.2395423621770674e-10,2.3359772919481223,-0.020213995306463034
10.009999999999831,1.0119531794678764,1.2379263081828633e-10,2.3359772919482005,-0.020213995305986387
10.01999999999983,1.0119531794636378,1.2363110707589006e-10,2.3359772919482804,-0.020213995305512183
10.02999999999983,1.0119531794594046,1.2346968413489298e-10,2.335977291948361,-0.02021399530503684
10.03999999999983,1.0119531794551768,1.233084841946435e-10,2.33597729194844,-0.020213995304566412
10.04999999999983,1.0119531794509542,1.2314746008311127e-10,2.335977291948519,-0.02021399530409765
10.05999999999983,1.011953179446737,1.2298674578617356e-10,2.3359772919485975,-0.020213995303630022
10.06999999999983,1.0119531794425254,1.2282635993809972e-10,2.335977291948679,-0.020213995303158483
10.07999999999983,1.0119531794383188,1.226659493536372e-10,2.335977291948759,-0.020213995302697324
10.08999999999983,1.0119531794341179,1.2250596167135368e-10,2.3359772919488395,-0.020213995302228144
10.09999999999983,1.0119531794299224,1.2234617427468365e-10,2.3359772919489217,-0.020213995301762017
10.109999999999829,1.011953179425732,1.2218645986461886e-10,2.335977291949003,-0.020213995301300164
10.119999999999829,1.011953179421547,1.2202709839875385e-10,2.335977291949084,-0.020213995300838533
10.129999999999828,1.0119531794173675,1.218679628690088e-10,2.335977291949165,-0.020213995300378762
10.139999999999828,1.011953179413193,1.2170916181069972e-10,2.3359772919492476,-0.020213995299920018
10.149999999999828,1.0119531794090244,1.2155053554951737e-10,2.3359772919493302,-0.020213995299460857
10.159999999999828,1.0119531794048606,1.2139213116193115e-10,2.335977291949413,-0.020213995299003584
10.169999999999828,1.0119531794007024,1.2123395931177468e-10,2.3359772919494963,-0.02021399529854717
10.179999999999827,1.0119531793965497,1.2107589153659025e-10,2.335977291949581,-0.020213995298089482
10.189999999999827,1.0119531793924021,1.2091802747012157e-10,2.3359772919496664,-0.02021399529763443
10.199999999999827,1.01195317938826,1.207600543927934e-10,2.3359772919497503,-0.020213995297180015
10.209999999999827,1.011953179384123,1.2060233401603566e-10,2.335977291949836,-0.020213995296726378
10.219999999999827,1.0119531793799914,1.2044472892739423e-10,2.3359772919499218,-0.02021399529626966
10.229999999999826,1.0119531793758652,1.2028724074811387e-10,2.3359772919500084,-0.020213995295820464
10.239999999999826,1.0119531793717442,1.2012998947198377e-10,2.3359772919500945,-0.02021399529536469
10.249999999999826,1.0119531793676282,1.199725867780024e-10,2.3359772919501807,-0.020213995294917658
10.259999999999826,1.0119531793635175,1.1981544212944684e-10,2.335977291950265,-0.0202139952944744
10.269999999999825,1.0119531793594123,1.1965882715504382e-10,2.335977291950351,-0.020213995294026482
10.279999999999825,1.0119531793553125,1.1950232649051393e-10,2.3359772919504396,-0.020213995293576065
10.289999999999825,1.0119531793512175,1.1934586498822024e-10,2.3359772919505253,-0.02021399529313342
10.299999999999825,1.011953179347128,1.191895557557766e-10,2.3359772919506128,-0.020213995292687414
10.309999999999825,1.0119531793430436,1.1903356307398135e-10,2.3359772919506994,-0.020213995292247572
10.319999999999824,1.0119531793389644,1.188778286705641e-10,2.3359772919507864,-0.020213995291804454
10.329999999999824,1.0119531793348908,1.1872226252907961e-10,2.3359772919508757,-0.020213995291357978
10.339999999999824,1.011953179330822,1.185666414746972e-10,2.3359772919509645,-0.02021399529091847
10.349999999999824,1.0119531793267589,1.184112903773153e-10,2.335977291951054,-0.020213995290475684
10.359999999999824,1.0119531793227008,1.1825585873800554e-10,2.3359772919511412,-0.020213995290036924
10.369999999999823,1.0119531793186476,1.181006105965377e-10,2.3359772919512296,-0.02021399528959783
10.379999999999823,1.0119531793146002,1.1794574325296005e-10,2.3359772919513206,-0.02021399528915832
10.389999999999823,1.0119531793105574,1.17790873805892e-10,2.335977291951409,-0.020213995288721504
10.399999999999823,1.01195317930652,1.1763621937622544e-10,2.3359772919514987,-0.020213995288286157
10.409999999999823,1.0119531793024876,1.174816658198994e-10,2.3359772919515858,-0.020213995287854225
10.419999999999822,1.0119531792984606,1.1732758408592406e-10,2.335977291951677,-0.020213995287420544
10.429999999999822,1.0119531792944385,1.1717363318901218e-10,2.3359772919517656,-0.020213995286987974
10.439999999999822,1.0119531792904217,1.1701992196669866e-10,2.335977291951855,-0.02021399528655876
10.449999999999822,1.01195317928641,1.1686633249804623e-10,2.3359772919519446,-0.02021399528612644
10.459999999999821,1.0119531792824035,1.1671310089781898e-10,2.335977291952034,-0.02021399528569967
10.469999999999821,1.011953179278402,1.1656003019002178e-10,2.335977291952123,-0.020213995285271624
10.479999999999821,1.0119531792744056,1.164072577293265e-10,2.335977291952213,-0.020213995284847214
10.48999999999982,1.0119531792704142,1.1625488265807744e-10,2.335977291952301,-0.02021399528442608
10.49999999999982,1.0119531792664282,1.1610295919843286e-10,2.3359772919523936,-0.02021399528399581
10.50999999999982,1.0119531792624472,1.1595111742282785e-10,2.3359772919524837,-0.02021399528357465
10.51999999999982,1.0119531792584713,1.1579943510337891e-10,2.3359772919525743,-0.02021399528315221
10.52999999999982,1.0119531792545002,1.156481152605036e-10,2.335977291952663,-0.020213995282736485
10.53999999999982,1.0119531792505347,1.1549714237147663e-10,2.3359772919527546,-0.020213995282314268
10.54999999999982,1.0119531792465741,1.1534631036583892e-10,2.3359772919528488,-0.02021399528189144
10.55999999999982,1.0119531792426188,1.1519544920938585e-10,2.3359772919529402,-0.020213995281471497
10.569999999999819,1.0119531792386682,1.1504475916825959e-10,2.3359772919530335,-0.02021399528105361
10.579999999999819,1.0119531792347227,1.1489434716698182e-10,2.335977291953124,-0.02021399528063847
10.589999999999819,1.0119531792307825,1.1474421074625264e-10,2.335977291953217,-0.020213995280219554
10.599999999999818,1.0119531792268472,1.145941387496638e-10,2.3359772919533097,-0.020213995279805913
10.609999999999818,1.0119531792229168,1.1444426273300618e-10,2.335977291953401,-0.020213995279391855
10.619999999999818,1.0119531792189915,1.1429473038252592e-10,2.335977291953494,-0.020213995278983293
10.629999999999818,1.0119531792150713,1.141455846588396e-10,2.3359772919535877,-0.020213995278574426
10.639999999999818,1.0119531792111562,1.139966838547305e-10,2.3359772919536814,-0.020213995278161034
10.649999999999817,1.011953179207246,1.138479796305086e-10,2.3359772919537765,-0.020213995277750918
10.659999999999817,1.011953179203341,1.1369922385823437e-10,2.3359772919538697,-0.020213995277341995
10.669999999999817,1.0119531791994407,1.1355079844333275e-10,2.3359772919539648,-0.020213995276933266
10.679999999999817,1.0119531791955456,1.1340253784594123e-10,2.33597729195406,-0.02021399527652923
10.689999999999817,1.0119531791916556,1.1325443334436963e-10,2.335977291954156,-0.02021399527611817
10.699999999999816,1.0119531791877705,1.1310631578602008e-10,2.335977291954251,-0.020213995275715435
10.709999999999816,1.0119531791838905,1.1295838401900574e-10,2.3359772919543476,-0.02021399527530751
10.719999999999816,1.0119531791800151,1.1281049686389717e-10,2.335977291954443,-0.02021399527490514
10.729999999999816,1.0119531791761451,1.1266296437258418e-10,2.3359772919545403,-0.020213995274497465
10.739999999999815,1.01195317917228,1.1251526409292718e-10,2.335977291954636,-0.020213995274096258
10.749999999999815,1.0119531791684198,1.1236787536810989e-10,2.335977291954733,-0.020213995273695134
10.759999999999815,1.0119531791645646,1.1222061482787939e-10,2.3359772919548316,-0.020213995273289154
10.769999999999815,1.0119531791607144,1.1207336667500368e-10,2.335977291954929,-0.020213995272890528
10.779999999999815,1.0119531791568692,1.11926339257554e-10,2.335977291955027,-0.02021399527248871
10.789999999999814,1.0119531791530287,1.1177941737882853e-10,2.335977291955124,-0.020213995272091584
10.799999999999814,1.0119531791491934,1.1163247759518903e-10,2.335977291955224,-0.02021399527169157
10.809999999999814,1.0119531791453626,1.1148560524870471e-10,2.3359772919553192,-0.020213995271298246
10.819999999999814,1.011953179141537,1.113391854753697e-10,2.3359772919554187,-0.020213995270899815
10.829999999999814,1.0119531791377163,1.1119276425782302e-10,2.335977291955517,-0.02021399527050552
10.839999999999813,1.0119531791339003,1.1104667795994625e-10,2.335977291955613,-0.02021399527011361
10.849999999999813,1.0119531791300893,1.1090092182101112e-10,2.335977291955711,-0.020213995269722035
10.859999999999813,1.011953179126283,1.1075528722794319e-10,2.335977291955807,-0.02021399526933282
10.869999999999813,1.0119531791224816,1.1061017529926163e-10,2.3359772919559045,-0.020213995268942603
10.879999999999812,1.0119531791186853,1.1046528529500343e-10,2.3359772919560036,-0.02021399526855261
10.889999999999812,1.0119531791148941,1.1032044360723209e-10,2.3359772919561026,-0.020213995268163143
10.899999999999812,1.0119531791111076,1.1017588469164406e-10,2.335977291956202,-0.020213995267771234
10.909999999999812,1.011953179107326,1.1003123485070639e-10,2.3359772919563,-0.020213995267385654
10.919999999999812,1.0119531791035492,1.098868330265127e-10,2.335977291956399,-0.020213995266995882
10.929999999999811,1.0119531790997771,1.0974260453027697e-10,2.335977291956499,-0.02021399526660983
10.939999999999811,1.0119531790960101,1.0959859262453297e-10,2.335977291956599,-0.02021399526622153
10.949999999999811,1.011953179092248,1.0945448754857107e-10,2.3359772919566995,-0.020213995265836615
10.95999999999981,1.0119531790884906,1.0931058414465535e-10,2.3359772919568,-0.02021399526544762
10.96999999999981,1.011953179084738,1.0916674916262924e-10,2.3359772919568993,-0.02021399526506562
10.97999999999981,1.0119531790809904,1.0902313521383157e-10,2.335977291956999,-0.02021399526468079
10.98999999999981,1.0119531790772474,1.0887951877371216e-10,2.3359772919570987,-0.020213995264298484
10.99999999999981,1.0119531790735092,1.0873620171204051e-10,2.335977291957199,-0.02021399526391668
11.00999999999981,1.0119531790697758,1.0859320465791338e-10,2.335977291957298,-0.02021399526353851
11.01999999999981,1.0119531790660472,1.0845024521554691e-10,2.3359772919573984,-0.02021399526316034
11.02999999999981,1.0119531790623233,1.0830766453400239e-10,2.335977291957498,-0.02021399526278339
11.039999999999809,1.0119531790586043,1.0816545667550906e-10,2.3359772919575974,-0.02021399526240611
11.049999999999809,1.01195317905489,1.0802328762611886e-10,2.3359772919576978,-0.020213995262031687
11.059999999999809,1.0119531790511804,1.0788151297329347e-10,2.3359772919577964,-0.020213995261658457
11.069999999999808,1.0119531790474758,1.0774014375035044e-10,2.335977291957897,-0.020213995261278955
11.079999999999808,1.011953179043776,1.075988099066097e-10,2.3359772919579975,-0.02021399526090853
11.089999999999808,1.0119531790400806,1.0745755736224548e-10,2.335977291958098,-0.02021399526053458
11.099999999999808,1.0119531790363903,1.0731669124045729e-10,2.3359772919581987,-0.02021399526016482
11.109999999999808,1.0119531790327048,1.0717596313758118e-10,2.3359772919583013,-0.020213995259786954
11.119999999999807,1.011953179029024,1.0703533733278227e-10,2.335977291958401,-0.020213995259416917
11.129999999999807,1.0119531790253475,1.0689473131237562e-10,2.335977291958502,-0.020213995259048628
11.139999999999807,1.0119531790216763,1.0675455827458717e-10,2.3359772919586037,-0.02021399525867687
11.149999999999807,1.0119531790180094,1.066145979440084e-10,2.335977291958704,-0.02021399525830911
11.159999999999807,1.0119531790143474,1.0647479152697728e-10,2.335977291958807,-0.020213995257941597
11.169999999999806,1.0119531790106902,1.063351181358206e-10,2.3359772919589092,-0.02021399525757339
11.179999999999806,1.0119531790070373,1.0619549295721e-10,2.33597729195901,-0.020213995257209322
11.189999999999806,1.0119531790033893,1.0605628872160395e-10,2.3359772919591104,-0.020213995256850525
11.199999999999806,1.011953178999746,1.0591745228032327e-10,2.335977291959214,-0.020213995256482514
11.209999999999805,1.0119531789961076,1.0577855833392196e-10,2.3359772919593165,-0.020213995256116363
11.219999999999805,1.011953178992474,1.0563967764218959e-10,2.3359772919594213,-0.020213995255747796
11.229999999999805,1.011953178988845,1.0550080222544841e-10,2.3359772919595234,-0.020213995255383754
11.239999999999805,1.0119531789852205,1.0536200619969331e-10,2.335977291959627,-0.020213995255022238
11.249999999999805,1.0119531789816005,1.0522350680176387e-10,2.3359772919597286,-0.020213995254663414
11.259999999999804,1.0119531789779854,1.050852812304963e-10,2.3359772919598307,-0.020213995254303063
11.269999999999804,1.0119531789743748,1.049472884011974e-10,2.3359772919599333,-0.020213995253947098
11.279999999999804,1.0119531789707688,1.0480948847000393e-10,2.3359772919600363,-0.020213995253587386
11.289999999999804,1.0119531789671676,1.0467186143824116e-10,2.3359772919601403,-0.020213995253225675
11.299999999999804,1.011953178963571,1.0453427460551271e-10,2.335977291960243,-0.020213995252871042
11.309999999999803,1.011953178959979,1.043970353579655e-10,2.3359772919603454,-0.0202139952525148
11.319999999999803,1.0119531789563916,1.0425993009945443e-10,2.335977291960448,-0.02021399525216072
11.329999999999803,1.011953178952809,1.0412318751285054e-10,2.335977291960552,-0.020213995251805422
11.339999999999803,1.0119531789492306,1.0398650696562063e-10,2.3359772919606545,-0.02021399525145348
11.349999999999802,1.0119531789456573,1.0385005484675567e-10,2.3359772919607598,-0.020213995251096323
11.359999999999802,1.0119531789420884,1.037136045710377e-10,2.3359772919608623,-0.02021399525074477
11.369999999999802,1.011953178938524,1.0357732361378491e-10,2.335977291960968,-0.020213995250391026
11.379999999999802,1.0119531789349643,1.034412907200553e-10,2.3359772919610724,-0.02021399525003656
11.389999999999802,1.0119531789314093,1.0330523323432715e-10,2.3359772919611776,-0.02021399524968634
11.399999999999801,1.0119531789278586,1.0316927029377919e-10,2.3359772919612816,-0.02021399524933637
11.409999999999801,1.0119531789243126,1.030335028541525e-10,2.335977291961384,-0.02021399524899009
11.419999999999801,1.0119531789207712,1.0289811076624254e-10,2.3359772919614894,-0.02021399524863715
11.4299999999998,1.0119531789172345,1.0276273087074862e-10,2.3359772919615946,-0.020213995248291372
11.4399999999998,1.0119531789137022,1.0262755995388822e-10,2.335977291961701,-0.02021399524793946
11.4499999999998,1.0119531789101743,1.0249243125148406e-10,2.335977291961804,-0.02021399524759762
11.4599999999998,1.011953178906651,1.0235761311134167e-10,2.3359772919619086,-0.020213995247252675
11.4699999999998,1.0119531789031324,1.0222303103407991e-10,2.3359772919620134,-0.020213995246907757
11.4799999999998,1.011953178899618,1.0208862538563279e-10,2.335977291962118,-0.020213995246562422
11.4899999999998,1.0119531788961087,1.0195438431548553e-10,2.3359772919622235,-0.020213995246217586
11.4999999999998,1.0119531788926037,1.0182024390541468e-10,2.3359772919623287,-0.020213995245872307
11.509999999999799,1.011953178889103,1.0168623144787481e-10,2.3359772919624326,-0.020213995245530247
11.519999999999799,1.011953178885607,1.0155236575572314e-10,2.335977291962538,-0.02021399524518591
11.529999999999799,1.0119531788821154,1.014185682221452e-10,2.3359772919626436,-0.02021399524484549
11.539999999999798,1.0119531788786285,1.0128496544252861e-10,2.3359772919627484,-0.020213995244503763
11.549999999999798,1.011953178875146,1.0115146944996445e-10,2.3359772919628554,-0.020213995244161814
11.559999999999798,1.011953178871668,1.0101802445562905e-10,2.3359772919629616,-0.02021399524381859
11.569999999999798,1.0119531788681944,1.008847702248277e-10,2.3359772919630655,-0.02021399524348569
11.579999999999798,1.0119531788647254,1.0075190117805162e-10,2.335977291963172,-0.0202139952431441
11.589999999999797,1.0119531788612606,1.0061884453531632e-10,2.335977291963277,-0.020213995242809257
11.599999999999797,1.0119531788578005,1.0048604909760932e-10,2.3359772919633826,-0.020213995242470167
11.609999999999797,1.0119531788543445,1.0035358320725371e-10,2.335977291963486,-0.020213995242138627
11.619999999999797,1.0119531788508933,1.0022148854673227e-10,2.3359772919635904,-0.020213995241803034
11.629999999999797,1.0119531788474465,1.0008953392027909e-10,2.3359772919636974,-0.02021399524146486
11.639999999999796,1.0119531788440042,9.99576186168783e-11,2.3359772919638018,-0.020213995241135596
11.649999999999796,1.011953178840566,9.982608938166809e-11,2.3359772919639066,-0.020213995240802612
11.659999999999796,1.0119531788371323,9.96948398805855e-11,2.3359772919640105,-0.020213995240474347
11.669999999999796,1.0119531788337035,9.956403077138697e-11,2.335977291964117,-0.020213995240137728
11.679999999999795,1.0119531788302787,9.943309633280687e-11,2.3359772919642223,-0.02021399523980766
11.689999999999795,1.0119531788268585,9.930239078559476e-11,2.335977291964328,-0.020213995239477783
11.699999999999795,1.0119531788234426,9.91718004593527e-11,2.3359772919644324,-0.0202139952391496
11.709999999999795,1.0119531788200313,9.904136962040704e-11,2.3359772919645385,-0.02021399523881695
11.719999999999795,1.0119531788166243,9.891092925504232e-11,2.3359772919646455,-0.02021399523848666
11.729999999999794,1.0119531788132217,9.878076577686862e-11,2.335977291964751,-0.020213995238158478
11.739999999999794,1.011953178809823,9.865097992893119e-11,2.335977291964854,-0.020213995237837762
11.749999999999794,1.0119531788064293,9.852149204813877e-11,2.335977291964961,-0.02021399523750847
11.759999999999794,1.01195317880304,9.839196920011817e-11,2.335977291965066,-0.020213995237180676
11.769999999999794,1.011953178799655,9.826264895377721e-11,2.335977291965173,-0.020213995236854715
11.779999999999793,1.011953178796274,9.813331013913754e-11,2.335977291965279,-0.020213995236529447
11.789999999999793,1.0119531787928977,9.800406297092478e-11,2.335977291965385,-0.020213995236206844
11.799999999999793,1.0119531787895255,9.787511942025938e-11,2.3359772919654898,-0.02021399523588796
11.809999999999793,1.0119531787861578,9.774656421839183e-11,2.335977291965596,-0.020213995235564636
11.819999999999792,1.0119531787827942,9.761812003764484e-11,2.3359772919657016,-0.020213995235242282
11.829999999999792,1.0119531787794356,9.748986110197637e-11,2.335977291965809,-0.020213995234920762
11.839999999999792,1.0119531787760807,9.736158733006739e-11,2.335977291965915,-0.02021399523459977
11.849999999999792,1.0119531787727307,9.723347833901086e-11,2.3359772919660227,-0.02021399523427514
11.859999999999792,1.0119531787693845,9.710536681222527e-11,2.3359772919661297,-0.02021399523395323
11.869999999999791,1.011953178766043,9.697745800248895e-11,2.335977291966236,-0.02021399523363679
11.879999999999791,1.0119531787627054,9.684965385885921e-11,2.3359772919663415,-0.020213995233321236
11.889999999999791,1.0119531787593723,9.672234218306163e-11,2.335977291966447,-0.020213995233001603
11.89999999999979,1.0119531787560434,9.659498441007146e-11,2.335977291966553,-0.02021399523268641
11.90999999999979,1.011953178752719,9.646794290335069e-11,2.3359772919666604,-0.020213995232368442
11.91999999999979,1.0119531787493985,9.63409705246535e-11,2.335977291966765,-0.020213995232058135
11.92999999999979,1.0119531787460827,9.621439379961996e-11,2.3359772919668718,-0.020213995231740417
11.93999999999979,1.011953178742771,9.608795568416561e-11,2.3359772919669783,-0.02021399523142836
11.94999999999979,1.0119531787394636,9.59616179440282e-11,2.335977291967085,-0.02021399523111686
11.95999999999979,1.0119531787361604,9.58354981281361e-11,2.335977291967193,-0.02021399523080497
11.96999999999979,1.0119531787328613,9.57096191195382e-11,2.3359772919672963,-0.020213995230496856
11.979999999999789,1.0119531787295666,9.558414342677112e-11,2.335977291967402,-0.020213995230187548
11.989999999999789,1.011953178726276,9.545891719174012e-11,2.3359772919675086,-0.020213995229877185
11.999999999999789,1.0119531787229898,9.533395176282872e-11,2.335977291967615,-0.02021399522956932
12.009999999999788,1.0119531787197078,9.520916638881004e-11,2.33597729196772,-0.020213995229263176
12.019999999999788,1.01195317871643,9.508462492862125e-11,2.3359772919678274,-0.020213995228955645
12.029999999999788,1.0119531787131566,9.49602509198277e-11,2.3359772919679336,-0.020213995228645365
12.039999999999788,1.0119531787098874,9.483603812935194e-11,2.3359772919680415,-0.02021399522833911
12.049999999999788,1.0119531787066223,9.471186210512944e-11,2.3359772919681467,-0.020213995228034715
12.059999999999787,1.0119531787033615,9.458800997267172e-11,2.3359772919682547,-0.020213995227729403
12.069999999999787,1.011953178700105,9.446421035414446e-11,2.3359772919683643,-0.020213995227423703
12.079999999999787,1.011953178696853,9.43404732272763e-11,2.335977291968474,-0.020213995227114562
12.089999999999787,1.011953178693605,9.421658115215487e-11,2.3359772919685824,-0.020213995226807863
12.099999999999786,1.011953178690361,9.409271184275007e-11,2.3359772919686916,-0.0202139952265023
12.109999999999786,1.0119531786871212,9.396887965705037e-11,2.3359772919688004,-0.02021399522619996
12.119999999999786,1.0119531786838858,9.384514974815367e-11,2.3359772919689097,-0.02021399522589412
12.129999999999786,1.0119531786806544,9.372142673023662e-11,2.3359772919690167,-0.02021399522559353
12.139999999999786,1.0119531786774272,9.35979449645248e-11,2.335977291969125,-0.020213995225292047
12.149999999999785,1.0119531786742042,9.34746255732373e-11,2.3359772919692343,-0.02021399522499054
12.159999999999785,1.0119531786709854,9.335141868959276e-11,2.335977291969343,-0.02021399522468839
12.169999999999785,1.011953178667771,9.322810805772082e-11,2.335977291969452,-0.02021399522438394
12.179999999999785,1.0119531786645606,9.310476928066812e-11,2.335977291969564,-0.020213995224079517
12.189999999999785,1.0119531786613543,9.298131072695489e-11,2.3359772919696713,-0.020213995223778536
12.199999999999784,1.011953178658152,9.285804620973053e-11,2.33597729196978,-0.02021399522347972
12.209999999999784,1.0119531786549538,9.273503632714744e-11,2.335977291969889,-0.02021399522318093
12.219999999999784,1.0119531786517602,9.261210721334824e-11,2.3359772919699986,-0.0202139952228782
12.229999999999784,1.0119531786485703,9.248914544047033e-11,2.3359772919701056,-0.020213995222582326
12.239999999999783,1.0119531786453846,9.23665537080051e-11,2.335977291970214,-0.02021399522228501
12.249999999999783,1.011953178642203,9.22442535689236e-11,2.3359772919703206,-0.020213995221989633
12.259999999999783,1.0119531786390252,9.21221772599395e-11,2.3359772919704267,-0.0202139952216992
12.269999999999783,1.0119531786358518,9.200040529014792e-11,2.3359772919705337,-0.020213995221403352
12.279999999999783,1.0119531786326823,9.187894802755344e-11,2.3359772919706403,-0.02021399522111139
12.289999999999782,1.011953178629517,9.175772065219575e-11,2.3359772919707478,-0.02021399522081771
12.299999999999782,1.0119531786263558,9.163658747509747e-11,2.3359772919708552,-0.020213995220526054
12.309999999999782,1.011953178623199,9.151584610843068e-11,2.3359772919709623,-0.02021399522023129
12.319999999999782,1.011953178620046,9.139504117425216e-11,2.3359772919710697,-0.02021399521994091
12.329999999999782,1.0119531786168972,9.127445301647663e-11,2.3359772919711768,-0.020213995219647757
12.339999999999781,1.0119531786137521,9.11541158799162e-11,2.335977291971283,-0.020213995219359793
12.349999999999781,1.0119531786106115,9.103393943664985e-11,2.3359772919713895,-0.020213995219066472
12.359999999999781,1.0119531786074747,9.091395859625899e-11,2.3359772919714956,-0.020213995218777425
12.36999999999978,1.011953178604342,9.079422120709567e-11,2.3359772919716035,-0.020213995218487213
12.37999999999978,1.0119531786012135,9.067458453023634e-11,2.3359772919717092,-0.020213995218202357
12.38999999999978,1.011953178598089,9.055516999648583e-11,2.3359772919718176,-0.02021399521791087
12.39999999999978,1.0119531785949685,9.04358533552554e-11,2.3359772919719255,-0.020213995217621905
12.40999999999978,1.0119531785918519,9.031663585138302e-11,2.3359772919720307,-0.020213995217340353
12.41999999999978,1.0119531785887397,9.019791932351161e-11,2.335977291972139,-0.020213995217049613
12.42999999999978,1.0119531785856313,9.00791899223786e-11,2.3359772919722475,-0.02021399521675943
12.43999999999978,1.0119531785825269,8.996032794990258e-11,2.335977291972353,-0.02021399521647607
12.449999999999779,1.0119531785794265,8.984175939880767e-11,2.3359772919724606,-0.020213995216190078
12.459999999999779,1.01195317857633,8.972329275438657e-11,2.3359772919725668,-0.02021399521590425
12.469999999999779,1.0119531785732379,8.960491827448309e-11,2.3359772919726756,-0.020213995215617536
12.479999999999778,1.0119531785701494,8.948662508218279e-11,2.3359772919727817,-0.020213995215335206
12.489999999999778,1.0119531785670648,8.936857002356754e-11,2.335977291972888,-0.0202139952150579
12.499999999999778,1.0119531785639846,8.925106689250132e-11,2.3359772919729944,-0.020213995214774516
12.509999999999778,1.0119531785609082,8.913348008692709e-11,2.335977291973101,-0.020213995214491604
12.519999999999778,1.0119531785578355,8.901623203772294e-11,2.335977291973208,-0.020213995214212077
12.529999999999777,1.011953178554767,8.889917948600747e-11,2.335977291973314,-0.0202139952139313
12.539999999999777,1.0119531785517024,8.878230993635179e-11,2.33597729197342,-0.02021399521365408
12.549999999999777,1.0119531785486418,8.866566097345822e-11,2.3359772919735264,-0.020213995213377106
12.559999999999777,1.0119531785455853,8.854933300579592e-11,2.3359772919736335,-0.020213995213094638
12.569999999999776,1.0119531785425326,8.84327947551758e-11,2.335977291973742,-0.02021399521281675
12.579999999999776,1.011953178539484,8.831641352462809e-11,2.335977291973848,-0.02021399521253714
12.589999999999776,1.0119531785364395,8.820008308457582e-11,2.3359772919739563,-0.020213995212254365
12.599999999999776,1.0119531785333986,8.808380921993305e-11,2.3359772919740625,-0.020213995211979724
12.609999999999776,1.011953178530362,8.796777197734363e-11,2.3359772919741704,-0.02021399521170153
12.619999999999775,1.0119531785273288,8.785186319786915e-11,2.335977291974276,-0.0202139952114265
12.629999999999775,1.0119531785242997,8.773614421095575e-11,2.335977291974383,-0.020213995211153607
12.639999999999775,1.0119531785212748,8.762073152519156e-11,2.33597729197449,-0.02021399521087766
12.649999999999775,1.0119531785182534,8.750535155270827e-11,2.3359772919745945,-0.020213995210605795
12.659999999999775,1.011953178515236,8.739030668424272e-11,2.335977291974702,-0.020213995210331903
12.669999999999774,1.0119531785122227,8.727534096285361e-11,2.3359772919748085,-0.020213995210062896
12.679999999999774,1.0119531785092133,8.716062320504396e-11,2.335977291974917,-0.020213995209786506
12.689999999999774,1.0119531785062075,8.70461835865755e-11,2.335977291975022,-0.02021399520951611
12.699999999999774,1.0119531785032059,8.693185578603715e-11,2.335977291975129,-0.020213995209243357
12.709999999999773,1.0119531785002083,8.681761022725631e-11,2.335977291975238,-0.020213995208969826
12.719999999999773,1.0119531784972144,8.670322866409939e-11,2.335977291975345,-0.020213995208695934
12.729999999999773,1.0119531784942244,8.658882732782095e-11,2.335977291975451,-0.020213995208427732
12.739999999999773,1.0119531784912381,8.647473984686629e-11,2.335977291975558,-0.020213995208156615
12.749999999999773,1.0119531784882558,8.636085457031551e-11,2.3359772919756656,-0.02021399520788769
12.759999999999772,1.0119531784852773,8.624705102919142e-11,2.335977291975773,-0.02021399520761813
12.769999999999772,1.0119531784823026,8.613331537189549e-11,2.3359772919758783,-0.020213995207350732
12.779999999999772,1.0119531784793316,8.601986387346127e-11,2.3359772919759845,-0.020213995207087943
12.789999999999772,1.011953178476365,8.590679951884363e-11,2.335977291976091,-0.020213995206820573
12.799999999999772,1.0119531784734015,8.579376193066374e-11,2.3359772919761963,-0.020213995206555313
12.809999999999771,1.0119531784704423,8.568107021012048e-11,2.335977291976304,-0.020213995206289165
12.819999999999771,1.011953178467487,8.556850278172511e-11,2.33597729197641,-0.020213995206023072
12.829999999999771,1.0119531784645353,8.545597312579258e-11,2.335977291976516,-0.020213995205761948
12.83999999999977,1.0119531784615876,8.534370502550593e-11,2.3359772919766253,-0.020213995205494634
12.84999999999977,1.0119531784586437,8.523141712697892e-11,2.335977291976732,-0.02021399520522807
12.85999999999977,1.0119531784557039,8.511901352838048e-11,2.3359772919768407,-0.02021399520495623
12.86999999999977,1.0119531784527676,8.500650876588979e-11,2.335977291976949,-0.02021399520469308
12.87999999999977,1.0119531784498352,8.489416852467105e-11,2.3359772919770556,-0.020213995204427515
12.88999999999977,1.0119531784469067,8.478187883086006e-11,2.335977291977164,-0.020213995204158952
12.89999999999977,1.011953178443982,8.466939017124754e-11,2.335977291977271,-0.02021399520389594
12.90999999999977,1.0119531784410607,8.455702751668902e-11,2.335977291977378,-0.020213995203633456
12.919999999999769,1.0119531784381435,8.444507146135237e-11,2.3359772919774846,-0.02021399520336939
12.929999999999769,1.01195317843523,8.433304061641677e-11,2.3359772919775916,-0.020213995203107238
12.939999999999769,1.0119531784323201,8.42211689674076e-11,2.3359772919776973,-0.020213995202848806
12.949999999999768,1.0119531784294145,8.410946574638683e-11,2.335977291977806,-0.02021399520258141
12.959999999999768,1.0119531784265123,8.399774487194173e-11,2.335977291977911,-0.020213995202320978
12.969999999999768,1.0119531784236138,8.388627983477432e-11,2.335977291978016,-0.020213995202062907
12.979999999999768,1.0119531784207187,8.377497672264069e-11,2.335977291978121,-0.02021399520180525
12.989999999999768,1.0119531784178275,8.366400746621057e-11,2.3359772919782262,-0.020213995201551288
12.999999999999767,1.0119531784149405,8.355351527992094e-11,2.3359772919783315,-0.020213995201288942
13.009999999999767,1.011953178412057,8.344284320829609e-11,2.3359772919784354,-0.020213995201032037
13.019999999999767,1.0119531784091773,8.333261923748052e-11,2.335977291978542,-0.020213995200775492
13.029999999999767,1.0119531784063012,8.322249141599819e-11,2.335977291978647,-0.020213995200518503
13.039999999999766,1.0119531784034286,8.311251679378612e-11,2.33597729197875,-0.020213995200264373
13.049999999999766,1.01195317840056,8.300289828573716e-11,2.335977291978855,-0.02021399520000866
13.059999999999766,1.0119531783976952,8.289351228640375e-11,2.335977291978959,-0.02021399519975403
13.069999999999766,1.0119531783948341,8.278434447690201e-11,2.3359772919790647,-0.02021399519949646
13.079999999999766,1.0119531783919764,8.26751417595701e-11,2.335977291979168,-0.020213995199244467
13.089999999999765,1.0119531783891227,8.256616271536932e-11,2.3359772919792743,-0.02021399519898806
13.099999999999765,1.0119531783862725,8.245726337348648e-11,2.3359772919793773,-0.02021399519873726
13.109999999999765,1.011953178383426,8.234877456753341e-11,2.33597729197948,-0.020213995198489515
13.119999999999765,1.0119531783805833,8.224064908514554e-11,2.3359772919795856,-0.02021399519823555
13.129999999999765,1.011953178377744,8.21325644872773e-11,2.335977291979689,-0.020213995197985696
13.139999999999764,1.0119531783749087,8.202479928550748e-11,2.335977291979792,-0.020213995197735285
13.149999999999764,1.011953178372077,8.191719883490896e-11,2.335977291979896,-0.020213995197484236
13.159999999999764,1.0119531783692488,8.180973261437389e-11,2.335977291980001,-0.020213995197235657
13.169999999999764,1.0119531783664244,8.170240249225167e-11,2.3359772919801065,-0.020213995196986856
13.179999999999763,1.0119531783636038,8.159521405783653e-11,2.3359772919802104,-0.020213995196736223
13.189999999999763,1.0119531783607867,8.148820596280229e-11,2.3359772919803157,-0.020213995196485257
13.199999999999763,1.0119531783579734,8.138118561478302e-11,2.33597729198042,-0.02021399519623565
13.209999999999763,1.0119531783551639,8.127420013239317e-11,2.3359772919805266,-0.020213995195986545
13.219999999999763,1.0119531783523577,8.116728369768261e-11,2.3359772919806305,-0.020213995195739576
13.229999999999762,1.011953178349555,8.106053494865857e-11,2.335977291980734,-0.020213995195494994
13.239999999999762,1.0119531783467561,8.09541574976377e-11,2.3359772919808397,-0.02021399519524747
13.249999999999762,1.011953178343961,8.084772487179438e-11,2.335977291980945,-0.020213995194998807
13.259999999999762,1.0119531783411697,8.074130618427278e-11,2.3359772919810506,-0.020213995194749507
13.269999999999762,1.0119531783383817,8.063482669077211e-11,2.335977291981156,-0.020213995194504425
13.279999999999761,1.0119531783355977,8.052835199845763e-11,2.3359772919812625,-0.02021399519425099
13.289999999999761,1.011953178332817,8.042165258309206e-11,2.3359772919813673,-0.020213995194007628
13.299999999999761,1.01195317833004,8.03153584219409e-11,2.3359772919814716,-0.02021399519376263
13.30999999999976,1.0119531783272662,8.02091241903588e-11,2.335977291981575,-0.020213995193519685
13.31999999999976,1.0119531783244964,8.010304174089774e-11,2.3359772919816804,-0.020213995193274464
13.32999999999976,1.0119531783217302,7.999714302896111e-11,2.335977291981785,-0.020213995193030382
13.33999999999976,1.0119531783189673,7.989132077577162e-11,2.33597729198189,-0.020213995192788187
13.34999999999976,1.011953178316208,7.978561551566636e-11,2.335977291981993,-0.020213995192548073
13.35999999999976,1.0119531783134523,7.96803065439957e-11,2.3359772919820974,-0.020213995192307488
13.36999999999976,1.0119531783107003,7.957517531133008e-11,2.3359772919821995,-0.020213995192066736
13.37999999999976,1.0119531783079518,7.947022626668621e-11,2.335977291982304,-0.02021399519182454
13.389999999999759,1.0119531783052067,7.936535710330102e-11,2.335977291982407,-0.020213995191585676
13.399999999999759,1.0119531783024653,7.926085875035317e-11,2.3359772919825095,-0.02021399519134995
13.409999999999759,1.0119531782997275,7.915662295330044e-11,2.3359772919826134,-0.020213995191110667
13.419999999999758,1.011953178296993,7.905252991942507e-11,2.3359772919827164,-0.02021399519087283
13.429999999999758,1.0119531782942623,7.894868001956069e-11,2.33597729198282,-0.020213995190632744
13.439999999999758,1.0119531782915352,7.884493442009553e-11,2.335977291982923,-0.020213995190394518
13.449999999999758,1.0119531782888118,7.874124777372699e-11,2.3359772919830273,-0.020213995190153933
13.459999999999757,1.0119531782860918,7.863765078228581e-11,2.335977291983131,-0.020213995189915096
13.469999999999757,1.0119531782833748,7.853395110828142e-11,2.335977291983234,-0.0202139951896817
13.479999999999757,1.011953178280662,7.843067648289099e-11,2.3359772919833377,-0.020213995189446443
13.489999999999757,1.0119531782779523,7.832752946062327e-11,2.33597729198344,-0.020213995189213046
13.499999999999757,1.0119531782752462,7.822460764014513e-11,2.335977291983544,-0.02021399518897421
13.509999999999756,1.0119531782725437,7.812156250002053e-11,2.3359772919836477,-0.02021399518873654
13.519999999999756,1.0119531782698445,7.801879304600135e-11,2.335977291983751,-0.020213995188506417
13.529999999999756,1.0119531782671491,7.791632272669635e-11,2.3359772919838533,-0.020213995188270995
13.539999999999756,1.011953178264457,7.781379065291165e-11,2.335977291983957,-0.020213995188038514
13.549999999999756,1.0119531782617686,7.771158703958164e-11,2.3359772919840607,-0.020213995187801953
13.559999999999755,1.0119531782590838,7.760920541077644e-11,2.335977291984166,-0.020213995187565115
13.569999999999755,1.0119531782564024,7.75066873025332e-11,2.3359772919842703,-0.020213995187329553
13.579999999999755,1.011953178253724,7.740434403817789e-11,2.3359772919843733,-0.020213995187100264
13.589999999999755,1.0119531782510494,7.730214501554151e-11,2.3359772919844763,-0.020213995186866784
13.599999999999755,1.0119531782483784,7.720013483141926e-11,2.3359772919845794,-0.020213995186634665
13.609999999999754,1.011953178245711,7.709822576861522e-11,2.3359772919846837,-0.02021399518640038
13.619999999999754,1.0119531782430466,7.699623119629382e-11,2.3359772919847863,-0.020213995186170508
13.629999999999754,1.011953178240386,7.68944679478674e-11,2.3359772919848902,-0.020213995185937778
13.639999999999754,1.011953178237729,7.679278524421103e-11,2.335977291984994,-0.020213995185703076
13.649999999999753,1.0119531782350752,7.669090921213048e-11,2.335977291985098,-0.020213995185468597
13.659999999999753,1.011953178232425,7.658906091527202e-11,2.3359772919851993,-0.020213995185240002
13.669999999999753,1.011953178229778,7.648743094300036e-11,2.3359772919853032,-0.020213995185009603
13.679999999999753,1.0119531782271345,7.6385878334416e-11,2.3359772919854054,-0.02021399518477776
13.689999999999753,1.0119531782244944,7.628450441798628e-11,2.335977291985508,-0.0202139951845485
13.699999999999752,1.011953178221858,7.618332416729972e-11,2.3359772919856105,-0.020213995184316186
13.709999999999752,1.0119531782192246,7.608215796943408e-11,2.335977291985713,-0.020213995184089534
13.719999999999752,1.0119531782165947,7.59812072146694e-11,2.335977291985814,-0.02021399518386585
13.729999999999752,1.0119531782139681,7.588064037290224e-11,2.335977291985913,-0.020213995183639838
13.739999999999752,1.0119531782113453,7.578036975323459e-11,2.3359772919860156,-0.020213995183410216
13.749999999999751,1.0119531782087257,7.56802078773382e-11,2.3359772919861173,-0.02021399518318251
13.759999999999751,1.0119531782061095,7.558000382857238e-11,2.3359772919862185,-0.02021399518295644
13.76999999999975,1.0119531782034967,7.54799843481708e-11,2.3359772919863184,-0.020213995182730565
13.77999999999975,1.0119531782008873,7.538029003601794e-11,2.33597729198642,-0.02021399518250558
13.78999999999975,1.0119531781982811,7.528062039095614e-11,2.3359772919865196,-0.020213995182281258
13.79999999999975,1.0119531781956788,7.518130432037812e-11,2.3359772919866217,-0.020213995182054273
13.80999999999975,1.0119531781930795,7.508194463120252e-11,2.335977291986722,-0.02021399518182626
13.81999999999975,1.0119531781904836,7.498265314541089e-11,2.335977291986823,-0.020213995181605354
13.82999999999975,1.011953178187891,7.48835666510912e-11,2.3359772919869224,-0.020213995181379757
13.83999999999975,1.011953178185302,7.478458738793629e-11,2.3359772919870245,-0.020213995181154965
13.84999999999975,1.011953178182716,7.468584408555509e-11,2.3359772919871236,-0.020213995180934835
13.859999999999749,1.0119531781801334,7.458730542950461e-11,2.3359772919872217,-0.020213995180713068
13.869999999999749,1.0119531781775541,7.448900795658552e-11,2.3359772919873203,-0.020213995180493105
13.879999999999749,1.0119531781749784,7.439104873094147e-11,2.335977291987421,-0.02021399518027217
13.889999999999748,1.011953178172406,7.429315612487101e-11,2.33597729198752,-0.020213995180051708
13.899999999999748,1.0119531781698368,7.419570537483309e-11,2.3359772919876187,-0.020213995179834437
13.909999999999748,1.011953178167271,7.409845786749141e-11,2.335977291987719,-0.020213995179611755
13.919999999999748,1.0119531781647086,7.400107220501209e-11,2.335977291987818,-0.02021399517939218
13.929999999999747,1.0119531781621491,7.390400323239133e-11,2.3359772919879176,-0.02021399517917702
13.939999999999747,1.0119531781595936,7.38070889168397e-11,2.3359772919880175,-0.020213995178954725
13.949999999999747,1.011953178157041,7.371026313168511e-11,2.3359772919881165,-0.020213995178738675
13.959999999999747,1.0119531781544922,7.361348797121733e-11,2.335977291988218,-0.020213995178513994
13.969999999999747,1.0119531781519464,7.351670208806756e-11,2.335977291988318,-0.020213995178296806
13.979999999999746,1.0119531781494038,7.342002830790469e-11,2.3359772919884185,-0.02021399517808134
13.989999999999746,1.0119531781468647,7.332354314684958e-11,2.3359772919885184,-0.02021399517785963
13.999999999999746,1.0119531781443287,7.322702253890458e-11,2.33597729198862,-0.020213995177641608
14.009999999999746,1.011953178141796,7.313044518870574e-11,2.335977291988718,-0.020213995177427835
14.019999999999746,1.0119531781392666,7.303425826091597e-11,2.3359772919888173,-0.020213995177211647
14.029999999999745,1.0119531781367406,7.293817347363764e-11,2.335977291988917,-0.020213995176995403
14.039999999999745,1.0119531781342177,7.284220269281433e-11,2.335977291989016,-0.020213995176780325
14.049999999999745,1.0119531781316984,7.27463556868879e-11,2.3359772919891166,-0.020213995176562305
14.059999999999745,1.0119531781291817,7.265045788873499e-11,2.3359772919892148,-0.020213995176355498
14.069999999999744,1.0119531781266689,7.25550380481769e-11,2.3359772919893143,-0.020213995176138255
14.079999999999744,1.011953178124159,7.245963524620027e-11,2.3359772919894137,-0.020213995175926036
14.089999999999744,1.0119531781216524,7.236433074926626e-11,2.335977291989513,-0.020213995175716037
14.099999999999744,1.0119531781191493,7.226927299819598e-11,2.3359772919896145,-0.020213995175499294
14.109999999999744,1.0119531781166493,7.217416505518212e-11,2.3359772919897126,-0.02021399517528899
14.119999999999743,1.0119531781141529,7.207928887973823e-11,2.3359772919898125,-0.020213995175073884
14.129999999999743,1.0119531781116593,7.198448322408685e-11,2.33597729198991,-0.020213995174863664
14.139999999999743,1.0119531781091688,7.188976009884837e-11,2.3359772919900106,-0.02021399517465161
14.149999999999743,1.011953178106682,7.179519085802106e-11,2.3359772919901087,-0.020213995174442223
14.159999999999743,1.0119531781041982,7.170086091622007e-11,2.335977291990208,-0.02021399517423253
14.169999999999742,1.0119531781017175,7.160642911528834e-11,2.335977291990309,-0.020213995174021088
14.179999999999742,1.0119531780992403,7.151220819036387e-11,2.3359772919904076,-0.020213995173810034
14.189999999999742,1.0119531780967663,7.14179983008233e-11,2.335977291990507,-0.020213995173599147
14.199999999999742,1.0119531780942954,7.132389455037615e-11,2.3359772919906066,-0.020213995173385707
14.209999999999742,1.011953178091828,7.1229619118249e-11,2.3359772919907074,-0.020213995173173765
14.219999999999741,1.0119531780893636,7.1135404455197e-11,2.3359772919908055,-0.020213995172964794
14.229999999999741,1.0119531780869022,7.104131443050947e-11,2.335977291990906,-0.02021399517275438
14.23999999999974,1.011953178084444,7.094729701177146e-11,2.3359772919910036,-0.020213995172547572
14.24999999999974,1.011953178081989,7.085342661120129e-11,2.335977291991102,-0.020213995172341653
14.25999999999974,1.0119531780795377,7.07597983632135e-11,2.3359772919912025,-0.020213995172131405
14.26999999999974,1.0119531780770892,7.066610257826063e-11,2.335977291991301,-0.02021399517191863
14.27999999999974,1.0119531780746438,7.057251225082616e-11,2.335977291991399,-0.0202139951717141
14.28999999999974,1.011953178072202,7.047912673912066e-11,2.3359772919914987,-0.02021399517150327
14.29999999999974,1.011953178069763,7.038570570320588e-11,2.3359772919915978,-0.020213995171294408
14.30999999999974,1.0119531780673274,7.029222101714573e-11,2.335977291991696,-0.020213995171083077
14.31999999999974,1.011953178064895,7.01987603277561e-11,2.3359772919917936,-0.020213995170877574
14.329999999999739,1.011953178062465,7.01054286975705e-11,2.3359772919918895,-0.02021399517067851
14.339999999999739,1.0119531780600388,7.001263148051887e-11,2.335977291991987,-0.020213995170471344
14.349999999999739,1.0119531780576154,6.991989708345008e-11,2.3359772919920836,-0.020213995170268367
14.359999999999738,1.0119531780551956,6.982749016748622e-11,2.3359772919921804,-0.020213995170062254
14.369999999999738,1.0119531780527786,6.973519027229816e-11,2.335977291992279,-0.0202139951698575
14.379999999999738,1.011953178050365,6.964289305263693e-11,2.335977291992375,-0.020213995169650667
14.389999999999738,1.0119531780479543,6.955079546883163e-11,2.3359772919924713,-0.02021399516945055
14.399999999999737,1.0119531780455469,6.945893180928648e-11,2.3359772919925677,-0.02021399516924688
14.409999999999737,1.0119531780431428,6.936708720539951e-11,2.3359772919926645,-0.02021399516903688
14.419999999999737,1.0119531780407416,6.927532789163002e-11,2.335977291992762,-0.020213995168833043
14.429999999999737,1.0119531780383437,6.91834627284533e-11,2.3359772919928594,-0.02021399516862571
14.439999999999737,1.011953178035949,6.909174634184156e-11,2.3359772919929562,-0.020213995168422372
14.449999999999736,1.0119531780335569,6.90000744021926e-11,2.3359772919930517,-0.020213995168224086
14.459999999999736,1.0119531780311681,6.890877234867594e-11,2.3359772919931467,-0.020213995168021665
14.469999999999736,1.0119531780287823,6.881757449295143e-11,2.3359772919932413,-0.020213995167822796
14.479999999999736,1.0119531780264,6.872675220830591e-11,2.3359772919933373,-0.02021399516761943
14.489999999999736,1.0119531780240205,6.863588849140987e-11,2.3359772919934327,-0.020213995167418064
14.499999999999735,1.011953178021644,6.854519434624744e-11,2.3359772919935278,-0.020213995167218446
14.509999999999735,1.0119531780192705,6.845475727478928e-11,2.3359772919936224,-0.020213995167021492
14.519999999999735,1.0119531780169004,6.836459896376407e-11,2.335977291993718,-0.02021399516681993
14.529999999999735,1.0119531780145332,6.82743981624906e-11,2.3359772919938124,-0.020213995166623144
14.539999999999734,1.011953178012169,6.818448517260516e-11,2.335977291993907,-0.020213995166422694
14.549999999999734,1.011953178009808,6.809478758755253e-11,2.3359772919940007,-0.02021399516622588
14.559999999999734,1.0119531780074502,6.800525913072128e-11,2.3359772919940958,-0.020213995166027315
14.569999999999734,1.0119531780050952,6.791584789395995e-11,2.33597729199419,-0.020213995165833637
14.579999999999734,1.0119531780027433,6.782670100598551e-11,2.335977291994284,-0.02021399516563485
14.589999999999733,1.0119531780003947,6.773778001334829e-11,2.33597729199438,-0.020213995165437093
14.599999999999733,1.011953177998049,6.764872371015579e-11,2.335977291994474,-0.020213995165238002
14.609999999999733,1.0119531779957067,6.755978529679288e-11,2.3359772919945696,-0.020213995165039467
14.619999999999733,1.011953177993367,6.747094072977658e-11,2.335977291994664,-0.020213995164842236
14.629999999999733,1.0119531779910305,6.738215529553612e-11,2.335977291994758,-0.020213995164648696
14.639999999999732,1.0119531779886968,6.729360552288121e-11,2.3359772919948525,-0.020213995164455822
14.649999999999732,1.0119531779863664,6.720527428211414e-11,2.3359772919949466,-0.020213995164260645
14.659999999999732,1.011953177984039,6.711702748329933e-11,2.3359772919950417,-0.020213995164064608
14.669999999999732,1.0119531779817144,6.702890864690078e-11,2.335977291995135,-0.020213995163872484
14.679999999999731,1.011953177979393,6.694090424593036e-11,2.3359772919952304,-0.020213995163675502
14.689999999999731,1.011953177977075,6.685286182122178e-11,2.3359772919953254,-0.020213995163479603
14.699999999999731,1.0119531779747595,6.676478361806147e-11,2.3359772919954196,-0.02021399516328659
14.70999999999973,1.011953177972447,6.667687903595207e-11,2.335977291995514,-0.020213995163094134
14.71999999999973,1.0119531779701376,6.658915498875379e-11,2.3359772919956088,-0.0202139951629024
14.72999999999973,1.0119531779678312,6.650157882868082e-11,2.3359772919957025,-0.020213995162707832
14.73999999999973,1.011953177965528,6.641404258862074e-11,2.3359772919957975,-0.02021399516251357
14.74999999999973,1.0119531779632278,6.632652819583302e-11,2.3359772919958925,-0.02021399516231903
14.75999999999973,1.01195317796093,6.623905624410508e-11,2.3359772919959836,-0.020213995162133458
14.76999999999973,1.0119531779586357,6.615194090136996e-11,2.3359772919960773,-0.020213995161941112
14.77999999999973,1.0119531779563444,6.606497673429965e-11,2.3359772919961728,-0.020213995161750126
14.78999999999973,1.0119531779540558,6.597803308829924e-11,2.335977291996265,-0.020213995161559806
14.799999999999729,1.0119531779517703,6.589135535486928e-11,2.335977291996359,-0.020213995161369874
14.809999999999729,1.011953177949488,6.58047473422631e-11,2.3359772919964543,-0.02021399516117961
14.819999999999729,1.0119531779472082,6.571812350099483e-11,2.3359772919965467,-0.020213995160991788
14.829999999999728,1.011953177944932,6.563171918334668e-11,2.3359772919966417,-0.020213995160798942
14.839999999999728,1.0119531779426583,6.554525616595841e-11,2.3359772919967354,-0.020213995160609427
14.849999999999728,1.0119531779403879,6.545880685280198e-11,2.335977291996829,-0.02021399516042005
14.859999999999728,1.0119531779381201,6.53724990936654e-11,2.335977291996922,-0.02021399516023062
14.869999999999727,1.0119531779358553,6.528639864208776e-11,2.3359772919970148,-0.02021399516004485
14.879999999999727,1.0119531779335933,6.520049227238299e-11,2.335977291997108,-0.02021399515985864
14.889999999999727,1.0119531779313347,6.511468000089965e-11,2.3359772919972013,-0.02021399515967151
14.899999999999727,1.0119531779290787,6.502885638422128e-11,2.335977291997294,-0.020213995159483134
14.909999999999727,1.0119531779268256,6.494328623259e-11,2.3359772919973882,-0.020213995159297393
14.919999999999726,1.0119531779245756,6.485787091670938e-11,2.33597729199748,-0.02021399515911168
14.929999999999726,1.0119531779223283,6.477256907391943e-11,2.335977291997573,-0.0202139951589278
14.939999999999726,1.0119531779200839,6.468741218433639e-11,2.3359772919976645,-0.020213995158743475
14.949999999999726,1.0119531779178428,6.460241346649549e-11,2.3359772919977564,-0.020213995158556458
14.959999999999726,1.0119531779156041,6.451761920134789e-11,2.3359772919978488,-0.020213995158376852
14.969999999999725,1.0119531779133688,6.443317151435548e-11,2.3359772919979416,-0.020213995158190612
14.979999999999725,1.0119531779111361,6.434865620546448e-11,2.3359772919980353,-0.020213995158004094
14.989999999999725,1.0119531779089066,6.426417212659265e-11,2.33597729199813,-0.020213995157816633
14.999999999999725,1.01195317790668,6.41796008496878e-11,2.3359772919982227,-0.020213995157631393
15.009999999999724,1.0119531779044562,6.409497858677586e-11,2.3359772919983146,-0.020213995157447096
15.019999999999724,1.011953177902235,6.401052876828252e-11,2.3359772919984074,-0.0202139951572666
15.029999999999724,1.011953177900017,6.392622876527042e-11,2.3359772919985002,-0.020213995157078862
15.039999999999724,1.011953177897802,6.384191425674766e-11,2.335977291998593,-0.02021399515689784
15.049999999999724,1.0119531778955895,6.375785234251694e-11,2.335977291998685,-0.020213995156714404
15.059999999999723,1.01195317789338,6.367384676677537e-11,2.3359772919987773,-0.020213995156536713
15.069999999999723,1.0119531778911734,6.358998809646592e-11,2.33597729199887,-0.020213995156352943
15.079999999999723,1.0119531778889697,6.350623555790675e-11,2.335977291998963,-0.020213995156171394
15.089999999999723,1.0119531778867688,6.342246566149434e-11,2.335977291999054,-0.020213995155991593
15.099999999999723,1.0119531778845707,6.333890710654267e-11,2.3359772919991455,-0.02021399515581021
15.109999999999722,1.0119531778823756,6.325546246596317e-11,2.3359772919992365,-0.020213995155633158
15.119999999999722,1.0119531778801834,6.317224129169929e-11,2.335977291999329,-0.02021399515545011
15.129999999999722,1.0119531778779938,6.308908275557262e-11,2.33597729199942,-0.020213995155274056
15.139999999999722,1.0119531778758069,6.300615586387553e-11,2.3359772919995105,-0.020213995155098308
15.149999999999721,1.0119531778736233,6.292350068139381e-11,2.3359772919996016,-0.020213995154918785
15.159999999999721,1.0119531778714423,6.284093546330624e-11,2.3359772919996935,-0.020213995154740788
15.169999999999721,1.011953177869264,6.275857329433353e-11,2.335977291999784,-0.020213995154567982
15.17999999999972,1.0119531778670885,6.267652975246946e-11,2.335977291999873,-0.02021399515439326
15.18999999999972,1.011953177864916,6.259467389985314e-11,2.3359772919999644,-0.020213995154216485
15.19999999999972,1.0119531778627464,6.251290018419993e-11,2.3359772920000554,-0.02021399515404068
15.20999999999972,1.0119531778605797,6.243118024749484e-11,2.3359772920001474,-0.020213995153865044
15.21999999999972,1.0119531778584159,6.23496496428455e-11,2.3359772920002397,-0.020213995153683273
15.22999999999972,1.0119531778562547,6.226793756420903e-11,2.3359772920003317,-0.020213995153508496
15.23999999999972,1.0119531778540964,6.218626418307397e-11,2.335977292000423,-0.02021399515333208
15.24999999999972,1.0119531778519408,6.210466204200711e-11,2.335977292000515,-0.020213995153154363
15.25999999999972,1.011953177849788,6.202316734698942e-11,2.335977292000607,-0.02021399515298003
15.269999999999719,1.0119531778476383,6.194171748754667e-11,2.335977292000699,-0.02021399515280406
15.279999999999719,1.0119531778454913,6.186027749601673e-11,2.3359772920007913,-0.020213995152624675
15.289999999999718,1.0119531778433473,6.177869551143402e-11,2.335977292000884,-0.020213995152447012
15.299999999999718,1.0119531778412059,6.169699595351619e-11,2.335977292000977,-0.020213995152270542
15.309999999999718,1.0119531778390674,6.161522280622599e-11,2.33597729200107,-0.02021399515209063
15.319999999999718,1.0119531778369315,6.153331395863634e-11,2.335977292001162,-0.020213995151910885
15.329999999999718,1.0119531778347985,6.145131876523995e-11,2.335977292001256,-0.020213995151733388
15.339999999999717,1.011953177832668,6.136935046277328e-11,2.335977292001344,-0.020213995151564967
15.349999999999717,1.0119531778305404,6.128777084856038e-11,2.335977292001434,-0.02021399515139194
15.359999999999717,1.0119531778284154,6.120643567535218e-11,2.335977292001524,-0.020213995151222658
15.369999999999717,1.0119531778262933,6.112550665316821e-11,2.3359772920016137,-0.020213995151049435
15.379999999999717,1.011953177824174,6.104448948155364e-11,2.335977292001705,-0.020213995150875658
15.389999999999716,1.0119531778220574,6.096365850995417e-11,2.335977292001793,-0.02021399515070632
15.399999999999716,1.0119531778199438,6.088306690820635e-11,2.3359772920018846,-0.020213995150530573
15.409999999999716,1.0119531778178326,6.080241571099691e-11,2.335977292001974,-0.020213995150359015
15.419999999999716,1.0119531778157247,6.072190699785889e-11,2.335977292002065,-0.02021399515017977
15.429999999999715,1.011953177813619,6.064137892927359e-11,2.3359772920021546,-0.020213995150010544
15.439999999999715,1.0119531778115163,6.056086700459651e-11,2.335977292002243,-0.020213995149837044
15.449999999999715,1.0119531778094162,6.048058811823818e-11,2.3359772920023327,-0.020213995149664682
15.459999999999715,1.0119531778073187,6.040036107376509e-11,2.335977292002421,-0.0202139951494944
15.469999999999715,1.0119531778052242,6.032043103631978e-11,2.3359772920025104,-0.02021399514932304
15.479999999999714,1.0119531778031325,6.02404665054456e-11,2.3359772920026014,-0.020213995149149344
15.489999999999714,1.011953177801043,6.016051658526557e-11,2.3359772920026884,-0.020213995148983088
15.499999999999714,1.0119531777989565,6.008102756997343e-11,2.3359772920027746,-0.020213995148813668
15.509999999999714,1.0119531777968727,6.000162740950061e-11,2.335977292002862,-0.02021399514864916
15.519999999999714,1.0119531777947919,5.99226371998593e-11,2.335977292002952,-0.020213995148476854
15.529999999999713,1.0119531777927138,5.984344095059094e-11,2.3359772920030406,-0.020213995148302355
15.539999999999713,1.0119531777906383,5.976426463845826e-11,2.3359772920031294,-0.020213995148130437
15.549999999999713,1.0119531777885653,5.968515670263623e-11,2.3359772920032165,-0.020213995147965347
15.559999999999713,1.011953177786495,5.960642513253309e-11,2.3359772920033026,-0.02021399514779848
15.569999999999713,1.0119531777844273,5.952793122244294e-11,2.3359772920033888,-0.020213995147631975
15.579999999999712,1.0119531777823627,5.94495192007773e-11,2.335977292003477,-0.020213995147460306
15.589999999999712,1.0119531777803004,5.937112914492823e-11,2.335977292003565,-0.020213995147295633
15.599999999999712,1.0119531777782411,5.92929317082261e-11,2.3359772920036517,-0.02021399514712663
15.609999999999712,1.0119531777761843,5.921480056031217e-11,2.3359772920037387,-0.020213995146959568
15.619999999999711,1.0119531777741302,5.913675465629704e-11,2.335977292003826,-0.020213995146789315
15.629999999999711,1.0119531777720792,5.905876436264839e-11,2.335977292003915,-0.020213995146619895
15.639999999999711,1.0119531777700304,5.898085397948698e-11,2.3359772920040016,-0.020213995146454833
15.64999999999971,1.0119531777679842,5.890286309044675e-11,2.3359772920040873,-0.02021399514628827
15.65999999999971,1.011953177765941,5.88250790156984e-11,2.3359772920041753,-0.020213995146117186
15.66999999999971,1.0119531777639004,5.874726560305173e-11,2.335977292004263,-0.020213995145951652
15.67999999999971,1.011953177761862,5.866963103813267e-11,2.3359772920043467,-0.020213995145790697
15.68999999999971,1.0119531777598265,5.859234144278076e-11,2.3359772920044333,-0.020213995145622304
15.69999999999971,1.011953177757794,5.851515151881941e-11,2.3359772920045203,-0.020213995145457297
15.70999999999971,1.0119531777557635,5.843813912138846e-11,2.335977292004606,-0.02021399514529698
15.71999999999971,1.011953177753736,5.836129667013429e-11,2.3359772920046913,-0.02021399514513164
15.729999999999709,1.011953177751711,5.828442996433393e-11,2.3359772920047774,-0.020213995144968244
15.739999999999709,1.0119531777496888,5.820781899825548e-11,2.3359772920048623,-0.020213995144806124
15.749999999999709,1.0119531777476691,5.8131404428865696e-11,2.335977292004948,-0.020213995144643615
15.759999999999708,1.0119531777456523,5.805519104249148e-11,2.3359772920050332,-0.02021399514447883
15.769999999999708,1.011953177743638,5.797898480069326e-11,2.3359772920051203,-0.020213995144314517
15.779999999999708,1.011953177741626,5.7902760609371703e-11,2.3359772920052047,-0.020213995144154645
15.789999999999708,1.011953177739617,5.7826839981657225e-11,2.335977292005291,-0.020213995143991192
15.799999999999708,1.0119531777376105,5.7750919254967834e-11,2.3359772920053765,-0.02021399514382899
15.809999999999707,1.0119531777356063,5.767504399609358e-11,2.3359772920054613,-0.020213995143670477
15.819999999999707,1.0119531777336053,5.759949393460131e-11,2.3359772920055457,-0.020213995143507385
15.829999999999707,1.0119531777316064,5.752395757892393e-11,2.3359772920056314,-0.020213995143346958
15.839999999999707,1.0119531777296105,5.744852911672736e-11,2.335977292005718,-0.020213995143183977
15.849999999999707,1.0119531777276167,5.7373152866942695e-11,2.3359772920058006,-0.0202139951430286
15.859999999999706,1.011953177725626,5.729802149878816e-11,2.335977292005888,-0.020213995142861846
15.869999999999706,1.0119531777236377,5.722281435995204e-11,2.335977292005972,-0.02021399514270439
15.879999999999706,1.0119531777216522,5.7147787516585026e-11,2.3359772920060595,-0.02021399514254546
15.889999999999706,1.011953177719669,5.707275648498463e-11,2.335977292006145,-0.020213995142384256
15.899999999999705,1.0119531777176887,5.699777193180325e-11,2.335977292006231,-0.02021399514222208
15.909999999999705,1.0119531777157107,5.692272006486632e-11,2.3359772920063158,-0.02021399514206315
15.919999999999705,1.0119531777137354,5.6847857849211644e-11,2.3359772920064024,-0.020213995141902613
15.929999999999705,1.0119531777117625,5.6772869134792664e-11,2.3359772920064867,-0.020213995141744018
15.939999999999705,1.0119531777097923,5.669811670012977e-11,2.335977292006573,-0.020213995141586366
15.949999999999704,1.0119531777078246,5.662346844854362e-11,2.3359772920066573,-0.020213995141431018
15.959999999999704,1.0119531777058595,5.6549058725306044e-11,2.335977292006742,-0.020213995141270924
15.969999999999704,1.011953177703897,5.6474637144718875e-11,2.335977292006828,-0.020213995141110414
15.979999999999704,1.011953177701937,5.6400016050343585e-11,2.335977292006913,-0.02021399514095265
15.989999999999704,1.0119531776999797,5.6325645783455555e-11,2.335977292006997,-0.02021399514079547
15.999999999999703,1.0119531776980248,5.625135725691678e-11,2.3359772920070823,-0.020213995140637847
16.009999999999703,1.0119531776960724,5.6177162957546594e-11,2.335977292007165,-0.020213995140480806
16.019999999999705,1.0119531776941226,5.6103236029189465e-11,2.3359772920072492,-0.02021399514032557
16.029999999999706,1.0119531776921753,5.602926291356058e-11,2.3359772920073336,-0.02021399514016764
16.039999999999708,1.0119531776902306,5.595539047693377e-11,2.335977292007419,-0.0202139951400111
16.04999999999971,1.0119531776882884,5.5881520647121743e-11,2.3359772920075024,-0.020213995139854557
16.05999999999971,1.0119531776863488,5.580785876923115e-11,2.3359772920075876,-0.020213995139699764
16.069999999999713,1.0119531776844115,5.5734269593466146e-11,2.335977292007671,-0.020213995139546442
16.079999999999714,1.011953177682477,5.566089775058796e-11,2.335977292007754,-0.020213995139392177
16.089999999999716,1.011953177680545,5.5587602739218334e-11,2.335977292007839,-0.02021399513923569
16.099999999999717,1.0119531776786153,5.551434455622941e-11,2.335977292007922,-0.02021399513908062
16.10999999999972,1.0119531776766884,5.544130222153505e-11,2.335977292008005,-0.0202139951389273
16.11999999999972,1.0119531776747637,5.5368397176305984e-11,2.335977292008088,-0.020213995138773894
16.129999999999722,1.0119531776728414,5.529551969755975e-11,2.3359772920081716,-0.020213995138621293
16.139999999999723,1.0119531776709219,5.522280255394909e-11,2.3359772920082538,-0.02021399513846789
16.149999999999725,1.0119531776690047,5.515020788168899e-11,2.3359772920083373,-0.02021399513831526
16.159999999999727,1.01195317766709,5.507785975264259e-11,2.335977292008419,-0.02021399513816388
16.169999999999728,1.0119531776651782,5.500559241965948e-11,2.3359772920085042,-0.020213995138008367
16.17999999999973,1.0119531776632686,5.493314242952699e-11,2.3359772920085864,-0.020213995137857405
16.18999999999973,1.0119531776613615,5.4860922105087365e-11,2.33597729200867,-0.020213995137706192
16.199999999999733,1.011953177659457,5.4788801670636253e-11,2.3359772920087534,-0.02021399513755187
16.209999999999734,1.0119531776575552,5.471665065956304e-11,2.335977292008838,-0.020213995137394997
16.219999999999736,1.0119531776556554,5.464441573684066e-11,2.3359772920089195,-0.020213995137242757
16.229999999999738,1.0119531776537583,5.4572376598177463e-11,2.335977292009002,-0.02021399513709521
16.23999999999974,1.0119531776518635,5.4500440032837004e-11,2.335977292009085,-0.020213995136944468
16.24999999999974,1.0119531776499713,5.4428777990465495e-11,2.3359772920091677,-0.02021399513679137
16.259999999999742,1.0119531776480817,5.435699751778211e-11,2.3359772920092507,-0.020213995136639462
16.269999999999744,1.0119531776461945,5.428522077151199e-11,2.3359772920093342,-0.02021399513648528
16.279999999999745,1.0119531776443098,5.4213432872914566e-11,2.3359772920094173,-0.020213995136333485
16.289999999999747,1.0119531776424275,5.4141613626333205e-11,2.3359772920095,-0.020213995136182966
16.29999999999975,1.0119531776405475,5.407000094144095e-11,2.3359772920095816,-0.020213995136032392
16.30999999999975,1.0119531776386699,5.399843334099288e-11,2.335977292009663,-0.020213995135884705
16.31999999999975,1.011953177636795,5.392716617247368e-11,2.3359772920097455,-0.020213995135732882
16.329999999999753,1.0119531776349222,5.385601282347324e-11,2.335977292009826,-0.020213995135589385
16.339999999999755,1.011953177633052,5.3785050311846866e-11,2.335977292009908,-0.020213995135439894
16.349999999999756,1.011953177631184,5.3714211109125714e-11,2.3359772920099884,-0.02021399513529301
16.359999999999758,1.011953177629319,5.364358391699551e-11,2.3359772920100697,-0.020213995135142715
16.36999999999976,1.0119531776274562,5.357300719829727e-11,2.3359772920101505,-0.02021399513499267
16.37999999999976,1.0119531776255957,5.35024268298725e-11,2.335977292010233,-0.02021399513484451
16.389999999999763,1.0119531776237376,5.343197133867567e-11,2.3359772920103135,-0.020213995134698043
16.399999999999764,1.011953177621882,5.336176834948439e-11,2.3359772920103934,-0.02021399513455327
16.409999999999766,1.0119531776200288,5.3291714920483346e-11,2.3359772920104738,-0.020213995134405083
16.419999999999767,1.011953177618178,5.3221638172466434e-11,2.335977292010555,-0.020213995134258395
16.42999999999977,1.0119531776163295,5.3151743861088636e-11,2.3359772920106354,-0.020213995134115065
16.43999999999977,1.0119531776144837,5.308207693771406e-11,2.335977292010717,-0.020213995133964602
16.449999999999772,1.0119531776126403,5.3012319360011996e-11,2.3359772920107966,-0.020213995133819468
16.459999999999773,1.011953177610799,5.2942727177959563e-11,2.335977292010878,-0.020213995133673973
16.469999999999775,1.0119531776089603,5.28731967487164e-11,2.3359772920109587,-0.02021399513352498
16.479999999999777,1.0119531776071238,5.280371009896076e-11,2.3359772920110378,-0.020213995133386065
16.489999999999778,1.01195317760529,5.27344870449342e-11,2.335977292011119,-0.020213995133240514
16.49999999999978,1.0119531776034583,5.2665342989479714e-11,2.3359772920111985,-0.020213995133093965
16.50999999999978,1.011953177601629,5.259625456351457e-11,2.3359772920112793,-0.02021399513294822
16.519999999999783,1.0119531775998023,5.25273914645541e-11,2.3359772920113606,-0.020213995132803614
16.529999999999784,1.0119531775979782,5.2458319710943847e-11,2.3359772920114414,-0.020213995132656953
16.539999999999786,1.011953177596156,5.2389274995332124e-11,2.3359772920115227,-0.02021399513251204
16.549999999999788,1.0119531775943365,5.232029756199272e-11,2.3359772920116026,-0.020213995132365103
16.55999999999979,1.0119531775925192,5.2251235415870923e-11,2.3359772920116835,-0.02021399513222183
16.56999999999979,1.0119531775907042,5.218226763233365e-11,2.335977292011763,-0.020213995132081414
16.579999999999792,1.0119531775888915,5.2113675083107033e-11,2.3359772920118416,-0.020213995131941193
16.589999999999794,1.0119531775870814,5.204528594499482e-11,2.3359772920119224,-0.02021399513179692
16.599999999999795,1.0119531775852737,5.197677835142537e-11,2.3359772920120028,-0.02021399513164912
16.609999999999797,1.0119531775834685,5.190823191997708e-11,2.335977292012084,-0.020213995131503626
16.6199999999998,1.0119531775816653,5.1839648331271646e-11,2.335977292012163,-0.020213995131360157
16.6299999999998,1.0119531775798642,5.1771234953378784e-11,2.335977292012242,-0.020213995131223406
16.6399999999998,1.0119531775780661,5.1702930789054e-11,2.3359772920123225,-0.02021399513107547
16.649999999999803,1.0119531775762702,5.163459583790502e-11,2.335977292012403,-0.02021399513093075
16.659999999999805,1.0119531775744763,5.156622540052391e-11,2.335977292012482,-0.02021399513079017
16.669999999999806,1.011953177572685,5.1498038649746295e-11,2.335977292012561,-0.020213995130644757
16.679999999999808,1.0119531775708963,5.1429707682779935e-11,2.3359772920126427,-0.020213995130497014
16.68999999999981,1.0119531775691097,5.136147431499558e-11,2.335977292012721,-0.020213995130356155
16.69999999999981,1.0119531775673252,5.129330849632169e-11,2.3359772920128,-0.0202139951302171
16.709999999999813,1.0119531775655435,5.12252946481118e-11,2.335977292012879,-0.02021399513007005
16.719999999999814,1.0119531775637638,5.115724432943196e-11,2.335977292012958,-0.020213995129930162
16.729999999999816,1.011953177561986,5.108917806096798e-11,2.3359772920130357,-0.020213995129791662
16.739999999999817,1.0119531775602109,5.102152009447692e-11,2.335977292013111,-0.020213995129657297
16.74999999999982,1.011953177558438,5.095419065815039e-11,2.33597729201319,-0.020213995129514384
16.75999999999982,1.0119531775566677,5.0887005479987107e-11,2.335977292013268,-0.020213995129372248
16.769999999999822,1.0119531775548996,5.081976934698243e-11,2.3359772920133457,-0.02021399512923419
16.779999999999824,1.0119531775531332,5.075287457483144e-11,2.3359772920134207,-0.020213995129102047
16.789999999999825,1.0119531775513697,5.068638628732415e-11,2.3359772920134994,-0.02021399512895941
16.799999999999827,1.0119531775496085,5.0619748086284843e-11,2.335977292013576,-0.020213995128819967
16.809999999999828,1.0119531775478494,5.0553304415072915e-11,2.335977292013652,-0.02021399512868277
16.81999999999983,1.0119531775460924,5.0487047775682267e-11,2.335977292013729,-0.0202139951285476
16.82999999999983,1.0119531775443382,5.042105748757052e-11,2.3359772920138053,-0.02021399512840852
16.839999999999833,1.0119531775425863,5.035500089295943e-11,2.335977292013884,-0.020213995128265994
16.849999999999834,1.0119531775408364,5.028894287338101e-11,2.3359772920139603,-0.020213995128130602
16.859999999999836,1.0119531775390886,5.022303001490764e-11,2.3359772920140367,-0.02021399512799482
16.869999999999838,1.0119531775373434,5.015721763574533e-11,2.3359772920141144,-0.020213995127854767
16.87999999999984,1.0119531775356005,5.009135114499283e-11,2.3359772920141912,-0.020213995127717738
16.88999999999984,1.0119531775338597,5.002570765738393e-11,2.3359772920142685,-0.020213995127579765
16.899999999999842,1.0119531775321213,4.996000821105456e-11,2.3359772920143453,-0.020213995127441098
16.909999999999844,1.0119531775303852,4.9894430787733274e-11,2.3359772920144226,-0.020213995127304263
16.919999999999845,1.0119531775286514,4.982884348721214e-11,2.3359772920144994,-0.020213995127167705
16.929999999999847,1.0119531775269195,4.976334288924262e-11,2.3359772920145763,-0.02021399512703234
16.93999999999985,1.0119531775251902,4.9697981542686696e-11,2.335977292014653,-0.020213995126894563
16.94999999999985,1.0119531775234631,4.963267449716943e-11,2.3359772920147304,-0.020213995126760198
16.95999999999985,1.011953177521738,4.956738309823245e-11,2.3359772920148063,-0.020213995126626666
16.969999999999853,1.0119531775200152,4.950230814590462e-11,2.3359772920148827,-0.020213995126494216
16.979999999999855,1.0119531775182948,4.9437401080076646e-11,2.335977292014958,-0.02021399512635949
16.989999999999856,1.0119531775165767,4.937264288482709e-11,2.335977292015035,-0.020213995126223627
16.999999999999858,1.0119531775148607,4.930787499848183e-11,2.3359772920151123,-0.020213995126089845
17.00999999999986,1.011953177513147,4.924319684275354e-11,2.335977292015188,-0.02021399512595376
17.01999999999986,1.0119531775114357,4.917848737344747e-11,2.335977292015264,-0.02021399512581737
17.029999999999863,1.0119531775097264,4.911372074196307e-11,2.33597729201534,-0.0202139951256875
17.039999999999864,1.0119531775080193,4.9049344561141424e-11,2.3359772920154165,-0.020213995125553358
17.049999999999866,1.0119531775063144,4.898499750657727e-11,2.3359772920154915,-0.020213995125420936
17.059999999999867,1.011953177504612,4.8920820868069545e-11,2.335977292015569,-0.02021399512528374
17.06999999999987,1.0119531775029118,4.885664371163488e-11,2.335977292015645,-0.02021399512515118
17.07999999999987,1.0119531775012136,4.8792401345413786e-11,2.3359772920157216,-0.02021399512501712
17.089999999999872,1.0119531774995176,4.872824115514798e-11,2.3359772920157975,-0.020213995124884976
17.099999999999874,1.0119531774978239,4.8664149266845985e-11,2.3359772920158726,-0.02021399512475594
17.109999999999875,1.0119531774961323,4.860024889808648e-11,2.3359772920159485,-0.020213995124624656
17.119999999999877,1.011953177494443,4.8536318007196635e-11,2.335977292016024,-0.02021399512448918
17.129999999999878,1.011953177492756,4.847244374137952e-11,2.3359772920160986,-0.02021399512436159
17.13999999999988,1.011953177491071,4.8408708769709404e-11,2.335977292016175,-0.02021399512422961
17.14999999999988,1.0119531774893886,4.834504185977554e-11,2.3359772920162514,-0.020213995124093803
17.159999999999883,1.011953177487708,4.82814533466627e-11,2.3359772920163273,-0.020213995123963824
17.169999999999884,1.0119531774860298,4.8217835712827093e-11,2.3359772920164033,-0.020213995123833317
17.179999999999886,1.0119531774843538,4.815440183703427e-11,2.3359772920164787,-0.0202139951237012
17.189999999999888,1.0119531774826798,4.8091015964168265e-11,2.3359772920165542,-0.020213995123570944
17.19999999999989,1.0119531774810078,4.802770580884618e-11,2.335977292016627,-0.02021399512344424
17.20999999999989,1.0119531774793384,4.796459228020064e-11,2.3359772920167035,-0.020213995123309347
17.219999999999892,1.011953177477671,4.790147214932889e-11,2.3359772920167785,-0.020213995123180145
17.229999999999894,1.0119531774760058,4.783832950788147e-11,2.3359772920168527,-0.020213995123050943
17.239999999999895,1.0119531774743429,4.7775325330007426e-11,2.3359772920169277,-0.020213995122918355
17.249999999999897,1.0119531774726815,4.771243581931805e-11,2.3359772920170006,-0.020213995122795786
17.2599999999999,1.0119531774710226,4.7649875767053045e-11,2.3359772920170734,-0.020213995122670275
17.2699999999999,1.011953177469366,4.758754907858027e-11,2.335977292017148,-0.020213995122541517
17.2799999999999,1.0119531774677115,4.752534443781407e-11,2.3359772920172226,-0.020213995122415174
17.289999999999903,1.011953177466059,4.746336839687004e-11,2.3359772920172954,-0.020213995122292494
17.299999999999905,1.0119531774644088,4.740158057322099e-11,2.335977292017369,-0.02021399512216457
17.309999999999906,1.0119531774627613,4.733987949747239e-11,2.3359772920174464,-0.020213995122034617
17.319999999999908,1.0119531774611157,4.7277966937780114e-11,2.3359772920175215,-0.02021399512190039
17.32999999999991,1.011953177459472,4.72159151337423e-11,2.335977292017597,-0.020213995121770828
17.33999999999991,1.0119531774578308,4.7153767739272675e-11,2.335977292017673,-0.02021399512164207
17.349999999999913,1.0119531774561914,4.7091531121958224e-11,2.3359772920177475,-0.02021399512151345
17.359999999999914,1.0119531774545543,4.702929046042605e-11,2.335977292017822,-0.020213995121384887
17.369999999999916,1.0119531774529194,4.696708794549102e-11,2.335977292017899,-0.020213995121255796
17.379999999999917,1.0119531774512869,4.6904866463102034e-11,2.335977292017975,-0.02021399512112007
17.38999999999992,1.011953177449656,4.684232357264138e-11,2.335977292018049,-0.020213995120993533
17.39999999999992,1.0119531774480273,4.678000120625067e-11,2.3359772920181223,-0.02021399512086619
17.409999999999922,1.0119531774464008,4.67178093732624e-11,2.3359772920181965,-0.020213995120739292
17.419999999999924,1.0119531774447765,4.665572537822926e-11,2.3359772920182706,-0.020213995120611034
17.429999999999925,1.0119531774431543,4.6593548314274656e-11,2.3359772920183457,-0.020213995120481942
17.439999999999927,1.0119531774415342,4.653122304463218e-11,2.3359772920184176,-0.020213995120355294
17.44999999999993,1.011953177439916,4.6469128592718416e-11,2.3359772920184896,-0.020213995120231726
17.45999999999993,1.0119531774383,4.6407363941832157e-11,2.3359772920185624,-0.02021399512010505
17.46999999999993,1.0119531774366861,4.6345710711191103e-11,2.335977292018635,-0.02021399511998148
17.479999999999933,1.011953177435074,4.628425904650115e-11,2.335977292018706,-0.020213995119858857
17.489999999999934,1.0119531774334645,4.622311338624607e-11,2.335977292018777,-0.020213995119734124
17.499999999999936,1.0119531774318569,4.616227818957796e-11,2.3359772920188484,-0.02021399511961189
17.509999999999938,1.0119531774302513,4.6101589990883224e-11,2.3359772920189203,-0.020213995119485573
17.51999999999994,1.0119531774286479,4.604100145126961e-11,2.335977292018991,-0.020213995119363865
17.52999999999994,1.0119531774270465,4.5980646942895416e-11,2.3359772920190616,-0.020213995119240824
17.539999999999942,1.0119531774254473,4.5920471644331035e-11,2.335977292019134,-0.02021399511911426
17.549999999999944,1.0119531774238504,4.586024745436606e-11,2.335977292019206,-0.020213995118989192
17.559999999999945,1.0119531774222554,4.580004852788829e-11,2.3359772920192774,-0.020213995118866207
17.569999999999947,1.0119531774206625,4.5739840181461596e-11,2.3359772920193493,-0.02021399511873903
17.57999999999995,1.0119531774190718,4.5679606827464144e-11,2.335977292019422,-0.020213995118614048
17.58999999999995,1.0119531774174833,4.561927788350916e-11,2.3359772920194954,-0.020213995118484013
17.59999999999995,1.0119531774158967,4.555877458802355e-11,2.335977292019568,-0.020213995118358974
17.609999999999953,1.0119531774143122,4.549845665341587e-11,2.33597729201964,-0.020213995118233685
17.619999999999955,1.0119531774127295,4.5438197764802024e-11,2.335977292019709,-0.02021399511811267
17.629999999999956,1.011953177411149,4.537814309432164e-11,2.3359772920197805,-0.020213995117989575
17.639999999999958,1.0119531774095705,4.531825751930225e-11,2.33597729201985,-0.020213995117869227
17.64999999999996,1.0119531774079942,4.5258516172153324e-11,2.3359772920199195,-0.02021399511774602
17.65999999999996,1.0119531774064197,4.5198822022856165e-11,2.335977292019991,-0.020213995117625283
17.669999999999963,1.0119531774048474,4.513927183393731e-11,2.335977292020061,-0.02021399511750227
17.679999999999964,1.0119531774032773,4.507982496575333e-11,2.3359772920201314,-0.020213995117376926
17.689999999999966,1.0119531774017092,4.502045875771839e-11,2.335977292020202,-0.02021399511725444
17.699999999999967,1.0119531774001431,4.496111715479416e-11,2.335977292020273,-0.02021399511713179
17.70999999999997,1.0119531773985788,4.4901917279341565e-11,2.3359772920203414,-0.020213995117014133
17.71999999999997,1.0119531773970167,4.4842863394707966e-11,2.335977292020412,-0.02021399511689298
17.729999999999972,1.0119531773954569,4.478386047972152e-11,2.3359772920204827,-0.020213995116768607
17.739999999999974,1.011953177393899,4.472485899197251e-11,2.335977292020553,-0.020213995116647177
17.749999999999975,1.0119531773923434,4.466598497311614e-11,2.3359772920206243,-0.020213995116523775
17.759999999999977,1.0119531773907895,4.460698678409918e-11,2.3359772920206936,-0.02021399511639893
17.76999999999998,1.0119531773892376,4.454797665001351e-11,2.3359772920207633,-0.020213995116279304
17.77999999999998,1.0119531773876875,4.4489117764289845e-11,2.335977292020831,-0.020213995116162675
17.78999999999998,1.0119531773861394,4.4430621992281286e-11,2.3359772920208983,-0.02021399511604849
17.799999999999983,1.0119531773845936,4.437256807280387e-11,2.335977292020967,-0.02021399511592878
17.809999999999985,1.0119531773830501,4.431457513027305e-11,2.335977292021039,-0.02021399511580546
17.819999999999986,1.0119531773815085,4.425635897644602e-11,2.3359772920211093,-0.020213995115683392
17.829999999999988,1.0119531773799688,4.419801062982851e-11,2.335977292021178,-0.020213995115559324
17.83999999999999,1.011953177378431,4.413975071482439e-11,2.335977292021247,-0.020213995115441863
17.84999999999999,1.0119531773768953,4.4081642039709926e-11,2.335977292021315,-0.02021399511532146
17.859999999999992,1.0119531773753616,4.402357402120953e-11,2.335977292021385,-0.020213995115201194
17.869999999999994,1.01195317737383,4.396558155715255e-11,2.335977292021455,-0.02021399511507882
17.879999999999995,1.0119531773723003,4.3907429676616347e-11,2.335977292021523,-0.020213995114960054
17.889999999999997,1.0119531773707724,4.384954717215457e-11,2.3359772920215924,-0.02021399511484262
17.9,1.0119531773692467,4.3791833642154097e-11,2.335977292021661,-0.020213995114725353
17.91,1.0119531773677228,4.373420018359255e-11,2.335977292021728,-0.020213995114608974
17.92,1.011953177366201,4.367679422210427e-11,2.3359772920217954,-0.020213995114493122
17.930000000000003,1.0119531773646813,4.3619535480938056e-11,2.335977292021864,-0.020213995114372413
17.940000000000005,1.0119531773631636,4.356223901682615e-11,2.3359772920219335,-0.020213995114251454
17.950000000000006,1.011953177361648,4.3504827969114007e-11,2.3359772920220028,-0.0202139951141328
17.960000000000008,1.0119531773601338,4.34474178317695e-11,2.3359772920220685,-0.0202139951140195
17.97000000000001,1.011953177358622,4.33904234597812e-11,2.335977292022136,-0.02021399511390351
17.98000000000001,1.0119531773571122,4.3333476692094293e-11,2.3359772920222057,-0.020213995113782135
17.990000000000013,1.011953177355604,4.327649429670495e-11,2.3359772920222728,-0.020213995113667393
18.000000000000014,1.011953177354098,4.3219653995148005e-11,2.33597729202234,-0.020213995113551347
18.010000000000016,1.011953177352594,4.316299220724475e-11,2.3359772920224073,-0.020213995113438576
18.020000000000017,1.0119531773510921,4.3106463092086134e-11,2.3359772920224757,-0.020213995113321392
18.03000000000002,1.0119531773495918,4.3049932989377595e-11,2.335977292022543,-0.02021399511320529
18.04000000000002,1.0119531773480939,4.2993474320180064e-11,2.3359772920226103,-0.02021399511308747
18.050000000000022,1.0119531773465975,4.293702213003373e-11,2.3359772920226773,-0.020213995112972477
18.060000000000024,1.0119531773451034,4.2880832441598584e-11,2.3359772920227453,-0.020213995112857097
18.070000000000025,1.0119531773436112,4.2824652485716124e-11,2.335977292022814,-0.020213995112738997
18.080000000000027,1.0119531773421209,4.2768358408292673e-11,2.3359772920228816,-0.020213995112626892
18.09000000000003,1.0119531773406323,4.271229089917797e-11,2.3359772920229487,-0.02021399511251304
18.10000000000003,1.011953177339146,4.2656442676388546e-11,2.3359772920230153,-0.02021399511239938
18.11000000000003,1.0119531773376613,4.260055024816063e-11,2.335977292023082,-0.020213995112286165
18.120000000000033,1.011953177336179,4.2544790692415774e-11,2.3359772920231507,-0.020213995112168537
18.130000000000035,1.0119531773346981,4.248893098627607e-11,2.3359772920232174,-0.02021399511205549
18.140000000000036,1.0119531773332195,4.243314610983226e-11,2.3359772920232844,-0.020213995111942468
18.150000000000038,1.0119531773317427,4.237750792296503e-11,2.3359772920233515,-0.020213995111827754
18.16000000000004,1.011953177330268,4.232184645507178e-11,2.335977292023418,-0.020213995111711736
18.17000000000004,1.011953177328795,4.226626324297845e-11,2.335977292023487,-0.0202139951115978
18.180000000000042,1.011953177327324,4.2210811143033685e-11,2.335977292023552,-0.02021399511148636
18.190000000000044,1.011953177325855,4.2155477954113545e-11,2.335977292023619,-0.020213995111375282
18.200000000000045,1.011953177324388,4.210027644721995e-11,2.3359772920236868,-0.020213995111259236
18.210000000000047,1.0119531773229227,4.204491953262016e-11,2.3359772920237543,-0.020213995111145466
18.22000000000005,1.0119531773214594,4.198955737853192e-11,2.3359772920238218,-0.020213995111031724
18.23000000000005,1.011953177319998,4.193420614028257e-11,2.335977292023886,-0.020213995110922228
18.24000000000005,1.0119531773185384,4.187909059533291e-11,2.335977292023955,-0.02021399511080796
18.250000000000053,1.011953177317081,4.182390824069032e-11,2.3359772920240203,-0.020213995110696215
18.260000000000055,1.0119531773156252,4.176880184667949e-11,2.3359772920240873,-0.020213995110583832
18.270000000000056,1.0119531773141714,4.1713785625170626e-11,2.3359772920241535,-0.02021399511047059
18.280000000000058,1.0119531773127193,4.16589147003498e-11,2.335977292024219,-0.020213995110362343
18.29000000000006,1.0119531773112693,4.160416083959674e-11,2.335977292024284,-0.020213995110250627
18.30000000000006,1.0119531773098212,4.154963411073996e-11,2.3359772920243507,-0.020213995110140853
18.310000000000063,1.0119531773083748,4.1495213532560115e-11,2.3359772920244164,-0.020213995110029775
18.320000000000064,1.0119531773069304,4.1440860345196344e-11,2.3359772920244817,-0.020213995109921362
18.330000000000066,1.011953177305488,4.1386663916095896e-11,2.3359772920245474,-0.020213995109810146
18.340000000000067,1.0119531773040475,4.133243247891038e-11,2.3359772920246145,-0.020213995109697097
18.35000000000007,1.011953177302609,4.127809173887777e-11,2.335977292024681,-0.020213995109583993
18.36000000000007,1.011953177301172,4.1223778498493725e-11,2.335977292024747,-0.020213995109474858
18.370000000000072,1.011953177299737,4.116946074214807e-11,2.3359772920248107,-0.02021399510936675
18.380000000000074,1.0119531772983041,4.111537785475214e-11,2.3359772920248774,-0.020213995109253424
18.390000000000075,1.0119531772968728,4.106136101262901e-11,2.335977292024944,-0.020213995109142707
18.400000000000077,1.0119531772954438,4.100718267234261e-11,2.3359772920250097,-0.020213995109031963
18.41000000000008,1.0119531772940162,4.095307503516048e-11,2.3359772920250754,-0.0202139951089238
18.42000000000008,1.0119531772925905,4.0899034759599395e-11,2.33597729202514,-0.020213995108817412
18.43000000000008,1.0119531772911667,4.084529775701031e-11,2.335977292025204,-0.020213995108709693
18.440000000000083,1.0119531772897448,4.079167272084832e-11,2.3359772920252695,-0.02021399510859853
18.450000000000085,1.0119531772883248,4.073803775500083e-11,2.3359772920253343,-0.020213995108489563
18.460000000000086,1.0119531772869066,4.068454408269879e-11,2.3359772920253987,-0.020213995108380567
18.470000000000088,1.0119531772854904,4.06309634627394e-11,2.335977292025465,-0.02021399510826949
18.48000000000009,1.0119531772840762,4.0577502592179185e-11,2.3359772920255315,-0.02021399510815694
18.49000000000009,1.0119531772826635,4.0523823005762285e-11,2.3359772920255972,-0.020213995108045224
18.500000000000092,1.011953177281253,4.0470109898593004e-11,2.335977292025661,-0.020213995107938837
18.510000000000094,1.011953177279844,4.041657065710329e-11,2.335977292025727,-0.020213995107828203
18.520000000000095,1.011953177278437,4.0362921139579254e-11,2.3359772920257926,-0.02021399510771915
18.530000000000097,1.0119531772770318,4.030942907641445e-11,2.3359772920258566,-0.020213995107610128
18.5400000000001,1.0119531772756285,4.025582623115361e-11,2.3359772920259214,-0.02021399510750091
18.5500000000001,1.0119531772742267,4.0202342847892545e-11,2.3359772920259854,-0.0202139951073933
18.5600000000001,1.0119531772728272,4.0149072465933215e-11,2.3359772920260498,-0.02021399510728472
18.570000000000103,1.0119531772714292,4.009592642536845e-11,2.335977292026113,-0.020213995107178667
18.580000000000105,1.011953177270033,4.004284076855557e-11,2.3359772920261763,-0.02021399510707564
18.590000000000106,1.0119531772686383,3.9990039684304334e-11,2.3359772920262385,-0.02021399510697111
18.600000000000108,1.0119531772672459,3.993747538239e-11,2.3359772920263002,-0.0202139951068665
18.61000000000011,1.011953177265855,3.98851244952259e-11,2.3359772920263624,-0.02021399510676211
18.62000000000011,1.011953177264466,3.983296684081561e-11,2.335977292026426,-0.020213995106655558
18.630000000000113,1.0119531772630792,3.978090080273845e-11,2.3359772920264894,-0.020213995106546645
18.640000000000114,1.011953177261694,3.9728835371217276e-11,2.3359772920265525,-0.020213995106440757
18.650000000000116,1.0119531772603108,3.967675722827889e-11,2.335977292026616,-0.020213995106334953
18.660000000000117,1.011953177258929,3.96247948415793e-11,2.3359772920266777,-0.020213995106230787
18.67000000000012,1.0119531772575492,3.9572879489406864e-11,2.3359772920267416,-0.020213995106123678
18.68000000000012,1.0119531772561712,3.9520978418060286e-11,2.3359772920268047,-0.02021399510601854
18.690000000000122,1.0119531772547952,3.946918428120905e-11,2.3359772920268687,-0.020213995105910515
18.700000000000124,1.0119531772534207,3.941746043362303e-11,2.3359772920269304,-0.020213995105805876
18.710000000000125,1.011953177252048,3.936581483811399e-11,2.3359772920269926,-0.020213995105702875
18.720000000000127,1.0119531772506773,3.931420169945765e-11,2.3359772920270556,-0.02021399510559682
18.73000000000013,1.0119531772493082,3.926260188881108e-11,2.3359772920271182,-0.02021399510549282
18.74000000000013,1.0119531772479409,3.921120906362141e-11,2.33597729202718,-0.020213995105391652
18.75000000000013,1.0119531772465753,3.915988669690643e-11,2.335977292027243,-0.020213995105286542
18.760000000000133,1.0119531772452117,3.910873014601287e-11,2.3359772920273056,-0.020213995105183014
18.770000000000135,1.0119531772438497,3.9057588704224475e-11,2.3359772920273687,-0.020213995105078292
18.780000000000136,1.0119531772424895,3.900649664112188e-11,2.3359772920274295,-0.020213995104977428
18.790000000000138,1.011953177241131,3.895553174893904e-11,2.3359772920274917,-0.0202139951048744
18.80000000000014,1.0119531772397743,3.8904710507050995e-11,2.335977292027553,-0.020213995104776006
18.81000000000014,1.0119531772384198,3.8854047676533255e-11,2.335977292027617,-0.020213995104666954
18.820000000000142,1.0119531772370667,3.8803117476667456e-11,2.335977292027679,-0.02021399510456487
18.830000000000144,1.0119531772357158,3.8752250308555386e-11,2.335977292027744,-0.020213995104458704
18.840000000000146,1.011953177234366,3.8701413082676535e-11,2.335977292027803,-0.020213995104361032
18.850000000000147,1.0119531772330181,3.8650926125763515e-11,2.335977292027866,-0.020213995104260557
18.86000000000015,1.0119531772316719,3.860041573906717e-11,2.3359772920279274,-0.02021399510416086
18.87000000000015,1.0119531772303278,3.855010309391071e-11,2.335977292027989,-0.020213995104055
18.88000000000015,1.0119531772289851,3.849976610094522e-11,2.3359772920280495,-0.020213995103955468
18.890000000000153,1.0119531772276444,3.8449623680101433e-11,2.3359772920281134,-0.020213995103854576
18.900000000000155,1.0119531772263053,3.839951054091355e-11,2.335977292028173,-0.020213995103755406
18.910000000000156,1.0119531772249684,3.834950512280733e-11,2.3359772920282373,-0.020213995103648824
18.920000000000158,1.011953177223633,3.82992758196917e-11,2.3359772920283,-0.020213995103546073
18.93000000000016,1.0119531772222994,3.824889325920724e-11,2.335977292028364,-0.020213995103439686
18.94000000000016,1.0119531772209676,3.8198440220707154e-11,2.3359772920284265,-0.02021399510333971
18.950000000000163,1.011953177219637,3.81480574110086e-11,2.335977292028488,-0.02021399510324351
18.960000000000164,1.0119531772183088,3.80979304787033e-11,2.3359772920285504,-0.02021399510313754
18.970000000000166,1.0119531772169819,3.80477069329974e-11,2.335977292028612,-0.02021399510303712
18.980000000000167,1.011953177215657,3.7997443899565884e-11,2.335977292028674,-0.020213995102937005
18.99000000000017,1.0119531772143335,3.794736919030714e-11,2.3359772920287356,-0.020213995102835364
19.00000000000017,1.011953177213012,3.7897231831638377e-11,2.335977292028798,-0.020213995102734056
19.010000000000172,1.011953177211692,3.784722058844718e-11,2.335977292028859,-0.020213995102634746
19.020000000000174,1.0119531772103743,3.779723765995823e-11,2.3359772920289226,-0.020213995102529553
19.030000000000175,1.011953177209058,3.774699090321448e-11,2.3359772920289843,-0.020213995102429494
19.040000000000177,1.011953177207743,3.76969685487548e-11,2.3359772920290442,-0.020213995102331683
19.05000000000018,1.0119531772064303,3.764700634579177e-11,2.3359772920291073,-0.02021399510223154
19.06000000000018,1.0119531772051191,3.759698532768676e-11,2.3359772920291677,-0.020213995102128096
19.07000000000018,1.0119531772038097,3.7547079869680935e-11,2.3359772920292294,-0.020213995102025983
19.080000000000183,1.0119531772025019,3.749707379586698e-11,2.3359772920292903,-0.02021399510192931
19.090000000000185,1.0119531772011954,3.744743359245213e-11,2.3359772920293485,-0.020213995101833193
19.100000000000186,1.011953177199891,3.739792365093756e-11,2.335977292029408,-0.020213995101736243
19.110000000000188,1.0119531771985883,3.7348559124356615e-11,2.335977292029469,-0.02021399510163477
19.12000000000019,1.0119531771972874,3.7299329606571004e-11,2.3359772920295296,-0.02021399510153496
19.13000000000019,1.011953177195988,3.725010622308084e-11,2.3359772920295883,-0.020213995101436705
19.140000000000192,1.01195317719469,3.720109121173667e-11,2.335977292029647,-0.020213995101345528
19.150000000000194,1.0119531771933938,3.715246105854074e-11,2.335977292029705,-0.020213995101252602
19.160000000000196,1.0119531771920998,3.710395995137459e-11,2.3359772920297655,-0.020213995101147963
19.170000000000197,1.0119531771908075,3.7055466717116664e-11,2.3359772920298276,-0.020213995101043686
19.1800000000002,1.0119531771895167,3.700672065395529e-11,2.335977292029888,-0.020213995100945237
19.1900000000002,1.0119531771882275,3.695785895873449e-11,2.3359772920299466,-0.020213995100848203
19.200000000000202,1.0119531771869401,3.690922049985946e-11,2.3359772920300057,-0.020213995100749366
19.210000000000203,1.0119531771856543,3.686054979099732e-11,2.335977292030067,-0.020213995100651166
19.220000000000205,1.0119531771843702,3.681200400649553e-11,2.335977292030125,-0.020213995100555854
19.230000000000206,1.0119531771830876,3.676362087695255e-11,2.335977292030184,-0.02021399510046004
19.240000000000208,1.0119531771818069,3.671531571536455e-11,2.335977292030244,-0.020213995100362647
19.25000000000021,1.0119531771805275,3.666706292132149e-11,2.335977292030302,-0.020213995100267695
19.26000000000021,1.01195317717925,3.6619044382065945e-11,2.335977292030361,-0.020213995100172022
19.270000000000213,1.0119531771779742,3.657125423927754e-11,2.3359772920304196,-0.020213995100076904
19.280000000000214,1.0119531771767,3.6523502920211276e-11,2.335977292030477,-0.020213995099983006
19.290000000000216,1.0119531771754275,3.6475930889712607e-11,2.335977292030535,-0.02021399509988725
19.300000000000217,1.0119531771741568,3.642838086945305e-11,2.3359772920305955,-0.020213995099791687
19.31000000000022,1.0119531771728874,3.638073721529501e-11,2.3359772920306536,-0.020213995099696985
19.32000000000022,1.0119531771716201,3.63334262394614e-11,2.3359772920307127,-0.020213995099597842
19.330000000000222,1.0119531771703543,3.628605343244064e-11,2.335977292030772,-0.020213995099502557
19.340000000000224,1.0119531771690902,3.623860940523343e-11,2.3359772920308326,-0.02021399509940569
19.350000000000225,1.0119531771678278,3.619101637486841e-11,2.3359772920308903,-0.02021399509931071
19.360000000000227,1.0119531771665666,3.6143597615989065e-11,2.335977292030947,-0.020213995099217563
19.37000000000023,1.0119531771653074,3.609648906433264e-11,2.3359772920310062,-0.020213995099126303
19.38000000000023,1.01195317716405,3.604935369211051e-11,2.335977292031065,-0.020213995099028187
19.39000000000023,1.011953177162794,3.600222809142289e-11,2.3359772920311244,-0.02021399509893168
19.400000000000233,1.0119531771615398,3.59549930183098e-11,2.3359772920311834,-0.020213995098836007
19.410000000000235,1.011953177160287,3.590788231877697e-11,2.335977292031241,-0.020213995098743776
19.420000000000236,1.011953177159036,3.586080585417283e-11,2.3359772920313002,-0.020213995098651405
19.430000000000238,1.0119531771577868,3.581380840382274e-11,2.33597729203136,-0.02021399509855379
19.44000000000024,1.011953177156539,3.576667956153013e-11,2.3359772920314197,-0.0202139950984567
19.45000000000024,1.011953177155293,3.5719493849528886e-11,2.3359772920314765,-0.020213995098365356
19.460000000000242,1.0119531771540484,3.567255588897651e-11,2.335977292031536,-0.020213995098270904
19.470000000000244,1.0119531771528054,3.562570301863808e-11,2.3359772920315933,-0.020213995098182835
19.480000000000246,1.0119531771515644,3.557897636646897e-11,2.335977292031654,-0.020213995098083998
19.490000000000247,1.0119531771503247,3.553199894997159e-11,2.335977292031713,-0.020213995097989712
19.50000000000025,1.0119531771490868,3.5485189354557463e-11,2.3359772920317705,-0.020213995097895676
19.51000000000025,1.0119531771478505,3.5438249168294574e-11,2.33597729203183,-0.02021399509780053
19.520000000000252,1.0119531771466157,3.539129200099705e-11,2.335977292031886,-0.02021399509771124
19.530000000000253,1.0119531771453827,3.534456980598383e-11,2.335977292031944,-0.020213995097615373
19.540000000000255,1.011953177144151,3.529788944616767e-11,2.3359772920320014,-0.02021399509752081
19.550000000000257,1.011953177142921,3.525129402336583e-11,2.3359772920320596,-0.020213995097428078
19.560000000000258,1.011953177141693,3.5204738923316506e-11,2.335977292032117,-0.02021399509733579
19.57000000000026,1.011953177140466,3.515822294529853e-11,2.3359772920321737,-0.020213995097248694
19.58000000000026,1.0119531771392407,3.511198902721057e-11,2.3359772920322297,-0.020213995097156906
19.590000000000263,1.0119531771380175,3.5065913242077115e-11,2.3359772920322888,-0.02021399509706029
19.600000000000264,1.0119531771367956,3.501959666258815e-11,2.335977292032346,-0.02021399509696664
19.610000000000266,1.0119531771355754,3.4973336591527444e-11,2.3359772920324042,-0.020213995096872717
19.620000000000267,1.0119531771343564,3.492699773877102e-11,2.3359772920324597,-0.02021399509678498
19.63000000000027,1.0119531771331391,3.488118299111e-11,2.335977292032517,-0.020213995096694276
19.64000000000027,1.011953177131924,3.483530331819682e-11,2.335977292032574,-0.020213995096599796
19.650000000000272,1.01195317713071,3.4789302819138376e-11,2.3359772920326307,-0.020213995096506898
19.660000000000274,1.0119531771294974,3.474335592929343e-11,2.3359772920326867,-0.020213995096415138
19.670000000000275,1.0119531771282868,3.469758738155509e-11,2.3359772920327444,-0.020213995096322157
19.680000000000277,1.0119531771270778,3.465181677812179e-11,2.335977292032802,-0.020213995096229787
19.69000000000028,1.01195317712587,3.460600410160446e-11,2.335977292032858,-0.02021399509613872
19.70000000000028,1.011953177124664,3.456020698935442e-11,2.335977292032913,-0.020213995096046905
19.71000000000028,1.0119531771234593,3.4514642597234254e-11,2.3359772920329682,-0.02021399509595928
19.720000000000283,1.0119531771222565,3.44692997121253e-11,2.335977292033025,-0.02021399509586866
19.730000000000285,1.0119531771210553,3.442400688156563e-11,2.3359772920330806,-0.020213995095777842
19.740000000000286,1.0119531771198553,3.43787037909133e-11,2.3359772920331356,-0.02021399509568772
19.750000000000288,1.0119531771186574,3.433354174393188e-11,2.335977292033193,-0.020213995095597154
19.76000000000029,1.0119531771174606,3.42883543955874e-11,2.3359772920332484,-0.02021399509550903
19.77000000000029,1.0119531771162658,3.4243324193673835e-11,2.3359772920333044,-0.02021399509541394
19.780000000000292,1.0119531771150723,3.419817935561917e-11,2.33597729203336,-0.02021399509532215
19.790000000000294,1.01195317711388,3.415311586459619e-11,2.335977292033416,-0.020213995095235276
19.800000000000296,1.0119531771126897,3.410815106834651e-11,2.3359772920334705,-0.020213995095145626
19.810000000000297,1.011953177111501,3.406327819555372e-11,2.335977292033526,-0.0202139950950552
19.8200000000003,1.0119531771103139,3.401835841652971e-11,2.335977292033582,-0.02021399509496577
19.8300000000003,1.0119531771091281,3.3973565304621245e-11,2.335977292033637,-0.020213995094875592
19.840000000000302,1.011953177107944,3.3928848109048493e-11,2.335977292033693,-0.02021399509478769
19.850000000000303,1.0119531771067611,3.3884142207973165e-11,2.3359772920337467,-0.020213995094697457
19.860000000000305,1.01195317710558,3.383953096092867e-11,2.3359772920338013,-0.020213995094610387
19.870000000000307,1.0119531771044006,3.379510527140476e-11,2.335977292033857,-0.020213995094518017
19.880000000000308,1.0119531771032229,3.375062406690614e-11,2.335977292033913,-0.02021399509442659
19.89000000000031,1.0119531771020465,3.370608483315902e-11,2.3359772920339674,-0.020213995094335857
19.90000000000031,1.0119531771008714,3.366162105861869e-11,2.335977292034022,-0.020213995094251036
19.910000000000313,1.011953177099698,3.361740513365401e-11,2.3359772920340753,-0.020213995094164494
19.920000000000314,1.0119531770985257,3.357334072785999e-11,2.3359772920341286,-0.020213995094080756
19.930000000000316,1.0119531770973553,3.352950817478026e-11,2.335977292034181,-0.020213995093996823
19.940000000000317,1.0119531770961867,3.348592304977415e-11,2.3359772920342374,-0.020213995093905562
19.95000000000032,1.0119531770950194,3.344215475984191e-11,2.3359772920342916,-0.020213995093815718
19.96000000000032,1.0119531770938537,3.3398437155872336e-11,2.3359772920343467,-0.020213995093727788
19.970000000000322,1.0119531770926893,3.3354638711342875e-11,2.3359772920343995,-0.020213995093644854
19.980000000000324,1.0119531770915267,3.3311141837370417e-11,2.3359772920344537,-0.02021399509355576
19.990000000000325,1.0119531770903654,3.3267686727443227e-11,2.3359772920345088,-0.020213995093470244
20.000000000000327,1.0119531770892056,3.322425130216223e-11,2.335977292034561,-0.020213995093385756
20.01000000000033,1.0119531770880474,3.318114432267617e-11,2.3359772920346153,-0.020213995093298548
20.02000000000033,1.0119531770868906,3.313803666309864e-11,2.335977292034668,-0.020213995093215004
20.03000000000033,1.0119531770857355,3.309500495330949e-11,2.3359772920347237,-0.02021399509312824
20.040000000000333,1.011953177084582,3.305184021573621e-11,2.3359772920347788,-0.020213995093038922
20.050000000000335,1.0119531770834296,3.3008834595154606e-11,2.3359772920348316,-0.02021399509295596
20.060000000000336,1.011953177082279,3.296593479160659e-11,2.335977292034885,-0.020213995092872944
20.070000000000338,1.0119531770811296,3.292310448108694e-11,2.335977292034937,-0.020213995092791065
20.08000000000034,1.0119531770799817,3.2880371245030855e-11,2.3359772920349915,-0.020213995092710157
20.09000000000034,1.0119531770788357,3.283819576006185e-11,2.335977292035045,-0.020213995092621034
20.100000000000342,1.0119531770776913,3.2795734570674475e-11,2.3359772920351016,-0.02021399509253477
20.110000000000344,1.0119531770765482,3.275296431894563e-11,2.3359772920351554,-0.02021399509244773
20.120000000000346,1.0119531770754064,3.271040036170536e-11,2.33597729203521,-0.020213995092363407
20.130000000000347,1.0119531770742665,3.266780220450919e-11,2.335977292035264,-0.02021399509227767
20.14000000000035,1.0119531770731276,3.262507081969859e-11,2.335977292035318,-0.020213995092196874
20.15000000000035,1.0119531770719905,3.258255054629377e-11,2.3359772920353743,-0.020213995092110637
20.160000000000352,1.011953177070855,3.253992280180941e-11,2.335977292035429,-0.020213995092023512
20.170000000000353,1.0119531770697208,3.249709050898675e-11,2.335977292035483,-0.020213995091939108
20.180000000000355,1.011953177068588,3.245434877097696e-11,2.3359772920355377,-0.020213995091855952
20.190000000000357,1.0119531770674568,3.241175374726946e-11,2.3359772920355923,-0.020213995091772824
20.200000000000358,1.011953177066327,3.236909749969004e-11,2.3359772920356465,-0.020213995091684783
20.21000000000036,1.0119531770651988,3.23263600920398e-11,2.3359772920357,-0.020213995091601294
20.22000000000036,1.0119531770640722,3.2283639071393756e-11,2.335977292035756,-0.02021399509151428
20.230000000000363,1.011953177062947,3.224081050926193e-11,2.3359772920358113,-0.020213995091426157
20.240000000000364,1.0119531770618233,3.219796256355077e-11,2.335977292035866,-0.020213995091341058
20.250000000000366,1.0119531770607006,3.2155060702155733e-11,2.3359772920359183,-0.02021399509126015
20.260000000000367,1.0119531770595798,3.21124298428694e-11,2.3359772920359707,-0.020213995091178327
20.27000000000037,1.0119531770584604,3.206997343733477e-11,2.3359772920360253,-0.02021399509109187
20.28000000000037,1.0119531770573427,3.202734430671275e-11,2.33597729203608,-0.020213995091003578
20.290000000000372,1.011953177056226,3.198471472861665e-11,2.335977292036132,-0.020213995090924308
20.300000000000374,1.011953177055111,3.194224352473701e-11,2.335977292036185,-0.020213995090841708
20.310000000000375,1.0119531770539971,3.189998940297554e-11,2.3359772920362376,-0.020213995090757803
20.320000000000377,1.011953177052885,3.185779732632719e-11,2.3359772920362887,-0.02021399509067895
20.33000000000038,1.011953177051774,3.1815841154805575e-11,2.3359772920363397,-0.020213995090599957
20.34000000000038,1.0119531770506647,3.1774066429650437e-11,2.3359772920363926,-0.020213995090516745
20.35000000000038,1.0119531770495567,3.173239646546219e-11,2.335977292036443,-0.02021399509043756
20.360000000000383,1.0119531770484504,3.1690964203534036e-11,2.335977292036496,-0.02021399509035282
20.370000000000385,1.0119531770473458,3.1649352193956175e-11,2.3359772920365502,-0.020213995090267917
20.380000000000386,1.011953177046242,3.1607734254563585e-11,2.3359772920366018,-0.0202139950901902
20.390000000000388,1.0119531770451402,3.156629026869431e-11,2.3359772920366537,-0.020213995090103853
20.40000000000039,1.0119531770440398,3.15248579764782e-11,2.3359772920367075,-0.020213995090018227
20.41000000000039,1.0119531770429406,3.148309033963772e-11,2.335977292036761,-0.020213995089934683
20.420000000000393,1.011953177041843,3.144144305007545e-11,2.3359772920368123,-0.020213995089850834
20.430000000000394,1.0119531770407468,3.139971989897934e-11,2.3359772920368655,-0.0202139950897694
20.440000000000396,1.011953177039652,3.135809474223227e-11,2.335977292036917,-0.0202139950896853
20.450000000000397,1.0119531770385586,3.1316511757599514e-11,2.3359772920369677,-0.020213995089604253
20.4600000000004,1.0119531770374666,3.1275042893418065e-11,2.3359772920370205,-0.020213995089521125
20.4700000000004,1.0119531770363763,3.123356603904191e-11,2.3359772920370725,-0.020213995089437053
20.480000000000402,1.0119531770352872,3.119210867778991e-11,2.335977292037124,-0.02021399508935462
20.490000000000403,1.0119531770341996,3.1150789132911976e-11,2.3359772920371746,-0.020213995089273157
20.500000000000405,1.0119531770331132,3.110935362969459e-11,2.3359772920372257,-0.020213995089192804
20.510000000000407,1.0119531770320287,3.106819377118374e-11,2.335977292037279,-0.020213995089104986
20.520000000000408,1.0119531770309453,3.102667756347172e-11,2.3359772920373314,-0.020213995089020637
20.53000000000041,1.0119531770298635,3.09851761309756e-11,2.3359772920373825,-0.020213995088937148
20.54000000000041,1.0119531770287828,3.094383236260792e-11,2.335977292037432,-0.020213995088856296
20.550000000000413,1.0119531770277035,3.090259614571193e-11,2.3359772920374815,-0.020213995088777525
20.560000000000414,1.0119531770266257,3.08616071966344e-11,2.335977292037531,-0.020213995088699532
20.570000000000416,1.0119531770255494,3.082083528709353e-11,2.3359772920375805,-0.02021399508861646
20.580000000000418,1.0119531770244745,3.078006851573639e-11,2.3359772920376325,-0.020213995088532666
20.59000000000042,1.0119531770234012,3.0739256096108983e-11,2.335977292037682,-0.020213995088451953
20.60000000000042,1.011953177022329,3.0698460637329115e-11,2.3359772920377324,-0.020213995088371378
20.610000000000422,1.0119531770212582,3.065778574566532e-11,2.3359772920377817,-0.020213995088290804
20.620000000000424,1.0119531770201888,3.0617208354190354e-11,2.33597729203783,-0.02021399508821009
20.630000000000425,1.0119531770191212,3.057669119437324e-11,2.335977292037882,-0.02021399508812305
20.640000000000427,1.0119531770180548,3.053598152384487e-11,2.3359772920379314,-0.020213995088042336
20.65000000000043,1.0119531770169894,3.049543135865945e-11,2.335977292037981,-0.020213995087964898
20.66000000000043,1.0119531770159256,3.0455105882087714e-11,2.3359772920380277,-0.02021399508788843
20.67000000000043,1.011953177014863,3.0415141719876556e-11,2.335977292038075,-0.020213995087808606
20.680000000000433,1.011953177013802,3.0375232130008885e-11,2.3359772920381228,-0.02021399508773211
20.690000000000435,1.0119531770127421,3.033557933013442e-11,2.3359772920381707,-0.0202139950876557
20.700000000000436,1.011953177011684,3.0296180956993594e-11,2.3359772920382196,-0.020213995087571962
20.710000000000438,1.0119531770106271,3.025668763698602e-11,2.335977292038269,-0.020213995087493303
20.72000000000044,1.0119531770095718,3.02173287668629e-11,2.3359772920383173,-0.020213995087414033
20.73000000000044,1.0119531770085175,3.017792816735795e-11,2.3359772920383657,-0.0202139950873354
20.740000000000443,1.011953177007465,3.013864309708934e-11,2.3359772920384136,-0.020213995087256104
20.750000000000444,1.0119531770064136,3.0099409582710025e-11,2.335977292038462,-0.02021399508717875
20.760000000000446,1.0119531770053638,3.006026890062796e-11,2.3359772920385122,-0.020213995087097036
20.770000000000447,1.0119531770043153,3.002093728588803e-11,2.335977292038561,-0.020213995087016823
20.78000000000045,1.011953177003268,2.9981730972737995e-11,2.335977292038609,-0.02021399508694008
20.79000000000045,1.0119531770022223,2.9942549207226974e-11,2.335977292038659,-0.020213995086857534
20.800000000000452,1.0119531770011778,2.990324641558275e-11,2.3359772920387085,-0.020213995086778763
20.810000000000453,1.0119531770001347,2.9863922770395914e-11,2.3359772920387565,-0.020213995086703324
20.820000000000455,1.0119531769990928,2.982492373632269e-11,2.335977292038804,-0.020213995086627717
20.830000000000457,1.0119531769980523,2.9786057236552594e-11,2.3359772920388524,-0.020213995086550945
20.840000000000458,1.0119531769970131,2.974743941672115e-11,2.3359772920388995,-0.02021399508647706
20.85000000000046,1.0119531769959753,2.9708887367618746e-11,2.3359772920389483,-0.020213995086399178
20.86000000000046,1.011953176994939,2.9670201035810574e-11,2.3359772920389967,-0.0202139950863246
20.870000000000463,1.011953176993904,2.963172219333629e-11,2.3359772920390434,-0.020213995086248104
20.880000000000464,1.0119531769928702,2.95934439133026e-11,2.335977292039091,-0.020213995086173858
20.890000000000466,1.0119531769918382,2.9555282470691104e-11,2.335977292039142,-0.02021399508609284
20.900000000000468,1.0119531769908074,2.951694454980172e-11,2.3359772920391912,-0.020213995086012182
20.91000000000047,1.011953176989778,2.947837864919615e-11,2.3359772920392405,-0.020213995085932607
20.92000000000047,1.0119531769887498,2.94398642743493e-11,2.335977292039288,-0.02021399508585975
20.930000000000472,1.0119531769877226,2.940129118770977e-11,2.335977292039337,-0.020213995085785197
20.940000000000474,1.011953176986697,2.9362907796817255e-11,2.3359772920393835,-0.02021399508570995
20.950000000000475,1.0119531769856727,2.932480011527689e-11,2.3359772920394315,-0.020213995085635844
20.960000000000477,1.0119531769846497,2.9286666867023755e-11,2.33597729203948,-0.02021399508556035
20.97000000000048,1.0119531769836283,2.924862887786107e-11,2.3359772920395283,-0.020213995085486713
20.98000000000048,1.011953176982608,2.921073929859928e-11,2.335977292039577,-0.020213995085409636
20.99000000000048,1.0119531769815893,2.9172751294666155e-11,2.3359772920396273,-0.020213995085331754
21.000000000000483,1.0119531769805716,2.9134755988342504e-11,2.3359772920396744,-0.020213995085259506
21.010000000000485,1.0119531769795551,2.9096920646768344e-11,2.335977292039721,-0.02021399508518959
21.020000000000486,1.0119531769785404,2.9059106011241994e-11,2.3359772920397703,-0.02021399508511232
21.030000000000488,1.0119531769775267,2.9021381603500092e-11,2.3359772920398187,-0.020213995085037545
21.04000000000049,1.0119531769765147,2.8983558976916607e-11,2.335977292039867,-0.020213995084959774
21.05000000000049,1.011953176975504,2.894563405400689e-11,2.335977292039918,-0.02021399508488278
21.060000000000493,1.0119531769744945,2.890766615040831e-11,2.3359772920399666,-0.020213995084806036
21.070000000000494,1.0119531769734864,2.8869454935961556e-11,2.3359772920400164,-0.020213995084728875
21.080000000000496,1.0119531769724792,2.8831226453602127e-11,2.3359772920400634,-0.020213995084657738
21.090000000000497,1.0119531769714736,2.8793317917575353e-11,2.3359772920401123,-0.020213995084586545
21.1000000000005,1.0119531769704693,2.87554427898231e-11,2.3359772920401607,-0.02021399508450966
21.1100000000005,1.0119531769694663,2.8717649019870102e-11,2.335977292040209,-0.020213995084435138
21.120000000000502,1.0119531769684647,2.8679864727275768e-11,2.3359772920402575,-0.020213995084358866
21.130000000000503,1.0119531769674643,2.8641859615498406e-11,2.335977292040307,-0.020213995084285286
21.140000000000505,1.011953176966465,2.8604049822508094e-11,2.3359772920403508,-0.020213995084219755
21.150000000000507,1.0119531769654673,2.856671669712869e-11,2.335977292040399,-0.020213995084144093
21.160000000000508,1.0119531769644707,2.8529220808220026e-11,2.3359772920404462,-0.020213995084068626
21.17000000000051,1.0119531769634758,2.849184219132107e-11,2.3359772920404955,-0.020213995083994796
21.18000000000051,1.0119531769624819,2.845443360013333e-11,2.335977292040544,-0.020213995083922465
21.190000000000513,1.0119531769614893,2.841698423100969e-11,2.335977292040591,-0.02021399508384572
21.200000000000514,1.011953176960498,2.8379545708670813e-11,2.335977292040637,-0.02021399508377808
21.210000000000516,1.0119531769595078,2.8342365180420597e-11,2.3359772920406834,-0.02021399508370872
21.220000000000518,1.011953176958519,2.8305517458612885e-11,2.3359772920407313,-0.02021399508363339
21.23000000000052,1.0119531769575318,2.8268485847510777e-11,2.3359772920407793,-0.020213995083559033
21.24000000000052,1.0119531769565457,2.8231510015140958e-11,2.335977292040827,-0.020213995083485176
21.250000000000522,1.0119531769555612,2.8194449504686833e-11,2.3359772920408752,-0.020213995083409847
21.260000000000524,1.0119531769545775,2.815728137028567e-11,2.335977292040922,-0.02021399508333921
21.270000000000525,1.0119531769535952,2.8120397300824792e-11,2.335977292040967,-0.02021399508326907
21.280000000000527,1.0119531769526142,2.808351418980997e-11,2.3359772920410142,-0.020213995083197017
21.29000000000053,1.0119531769516346,2.8046630531454777e-11,2.335977292041063,-0.020213995083122632
21.30000000000053,1.0119531769506565,2.8009680141308477e-11,2.3359772920411115,-0.020213995083047887
21.31000000000053,1.0119531769496795,2.79726109161321e-11,2.3359772920411577,-0.02021399508297464
21.320000000000533,1.0119531769487033,2.7935741086249776e-11,2.3359772920412034,-0.020213995082906194
21.330000000000535,1.0119531769477286,2.789895826130769e-11,2.3359772920412487,-0.020213995082836916
21.340000000000536,1.0119531769467554,2.7862463316823582e-11,2.3359772920412967,-0.02021399508276353
21.350000000000538,1.0119531769457835,2.7825935275752727e-11,2.3359772920413433,-0.02021399508269059
21.36000000000054,1.0119531769448127,2.7789414352839186e-11,2.335977292041391,-0.020213995082622116
21.37000000000054,1.0119531769438435,2.7752910233653017e-11,2.335977292041438,-0.020213995082546454
21.380000000000543,1.0119531769428751,2.7716293520178572e-11,2.3359772920414836,-0.020213995082475816
21.390000000000544,1.0119531769419083,2.767974896719578e-11,2.335977292041531,-0.020213995082404568
21.400000000000546,1.0119531769409424,2.7643362165602434e-11,2.3359772920415756,-0.02021399508233565
21.410000000000547,1.0119531769399779,2.7607129193396607e-11,2.335977292041622,-0.020213995082267067
21.42000000000055,1.0119531769390147,2.757101145951042e-11,2.335977292041667,-0.020213995082197705
21.43000000000055,1.011953176938053,2.75350245091291e-11,2.3359772920417137,-0.020213995082122294
21.440000000000552,1.0119531769370924,2.7498782945601372e-11,2.3359772920417607,-0.02021399508205135
21.450000000000554,1.0119531769361332,2.7462607873310902e-11,2.335977292041808,-0.020213995081979408
21.460000000000555,1.0119531769351748,2.7426407138443904e-11,2.335977292041853,-0.020213995081911434
21.470000000000557,1.011953176934218,2.739046986329984e-11,2.335977292041899,-0.020213995081844044
21.480000000000558,1.0119531769332624,2.7354588061118427e-11,2.335977292041945,-0.020213995081771963
21.49000000000056,1.011953176932308,2.7318656175179853e-11,2.3359772920419912,-0.02021399508170077
21.50000000000056,1.0119531769313548,2.728279779932511e-11,2.335977292042037,-0.020213995081632546
21.510000000000563,1.011953176930403,2.7247031764104893e-11,2.3359772920420836,-0.020213995081559827
21.520000000000564,1.0119531769294525,2.721126658650549e-11,2.3359772920421293,-0.020213995081490244
21.530000000000566,1.011953176928503,2.7175399103870785e-11,2.335977292042175,-0.020213995081420133
21.540000000000568,1.011953176927555,2.713957696404168e-11,2.33597729204222,-0.02021399508134994
21.55000000000057,1.011953176926608,2.7103915659775002e-11,2.3359772920422657,-0.020213995081281827
21.56000000000057,1.0119531769256624,2.7068296512548267e-11,2.3359772920423114,-0.02021399508120797
21.570000000000572,1.011953176924718,2.7032531049759466e-11,2.3359772920423576,-0.020213995081140107
21.580000000000574,1.011953176923775,2.6996911664003663e-11,2.3359772920424033,-0.020213995081066832
21.590000000000575,1.011953176922833,2.6961269045082024e-11,2.3359772920424486,-0.020213995080997527
21.600000000000577,1.0119531769218924,2.6925505375415715e-11,2.335977292042495,-0.02021399508092772
21.61000000000058,1.0119531769209529,2.688977084635365e-11,2.3359772920425392,-0.020213995080859193
21.62000000000058,1.0119531769200143,2.68542783250575e-11,2.335977292042583,-0.020213995080794078
21.63000000000058,1.0119531769190775,2.6819007991208902e-11,2.3359772920426276,-0.020213995080723635
21.640000000000583,1.0119531769181416,2.6783621075335843e-11,2.3359772920426725,-0.020213995080654745
21.650000000000585,1.011953176917207,2.674846039475443e-11,2.3359772920427173,-0.020213995080587993
21.660000000000586,1.0119531769162735,2.6713332287423968e-11,2.3359772920427613,-0.020213995080518465
21.670000000000588,1.0119531769153416,2.667821775151122e-11,2.335977292042807,-0.02021399508044791
21.68000000000059,1.0119531769144103,2.6643122858303002e-11,2.3359772920428505,-0.020213995080382186
21.69000000000059,1.0119531769134806,2.6608281654136275e-11,2.335977292042893,-0.020213995080313796
21.700000000000593,1.0119531769125523,2.6573500270024028e-11,2.3359772920429402,-0.020213995080242714
21.710000000000594,1.0119531769116252,2.6538603667754084e-11,2.3359772920429847,-0.0202139950801703
21.720000000000596,1.011953176910699,2.650353743840396e-11,2.335977292043029,-0.020213995080103964
21.730000000000597,1.0119531769097743,2.6468663856040534e-11,2.335977292043073,-0.02021399508003624
21.7400000000006,1.0119531769088506,2.6433801523314906e-11,2.335977292043118,-0.02021399507996874
21.7500000000006,1.0119531769079282,2.639890727951324e-11,2.3359772920431623,-0.020213995079898822
21.760000000000602,1.011953176907007,2.6364245060938168e-11,2.335977292043205,-0.020213995079832542
21.770000000000604,1.0119531769060868,2.6329575008051777e-11,2.335977292043249,-0.02021399507976554
21.780000000000605,1.011953176905168,2.6295097797928778e-11,2.3359772920432924,-0.02021399507969926
21.790000000000607,1.0119531769042502,2.626071310532379e-11,2.335977292043336,-0.02021399507963284
21.80000000000061,1.0119531769033339,2.6226285092735568e-11,2.335977292043381,-0.020213995079563535
21.81000000000061,1.0119531769024186,2.6191901014691346e-11,2.3359772920434247,-0.02021399507949856
21.82000000000061,1.0119531769015044,2.615757689287721e-11,2.335977292043467,-0.02021399507943214
21.830000000000613,1.0119531769005916,2.6123507969454487e-11,2.3359772920435105,-0.02021399507936411
21.840000000000614,1.0119531768996797,2.6089400535489593e-11,2.335977292043551,-0.02021399507930416
21.850000000000616,1.011953176898769,2.605580534168595e-11,2.335977292043596,-0.02021399507923874
21.860000000000618,1.0119531768978602,2.6021992938523363e-11,2.335977292043641,-0.020213995079164687
21.87000000000062,1.0119531768969523,2.598794492344049e-11,2.3359772920436868,-0.020213995079093994
21.88000000000062,1.0119531768960455,2.5953773060858642e-11,2.3359772920437303,-0.020213995079024105
21.890000000000622,1.01195317689514,2.591931079732266e-11,2.3359772920437742,-0.020213995078957103
21.900000000000624,1.0119531768942356,2.588513376521361e-11,2.33597729204382,-0.02021399507888888
21.910000000000625,1.0119531768933319,2.5850862080758328e-11,2.3359772920438617,-0.02021399507882793
21.920000000000627,1.01195317689243,2.5816885547080335e-11,2.3359772920439053,-0.02021399507875804
21.93000000000063,1.0119531768915293,2.5782638477691525e-11,2.335977292043951,-0.02021399507868793
21.94000000000063,1.0119531768906294,2.574826037558496e-11,2.3359772920439936,-0.020213995078622343
21.95000000000063,1.011953176889731,2.571398703084096e-11,2.3359772920440376,-0.02021399507855362
21.960000000000633,1.0119531768888332,2.567974981565934e-11,2.3359772920440793,-0.020213995078491115
21.970000000000635,1.0119531768879368,2.5645827967261105e-11,2.335977292044121,-0.0202139950784285
21.980000000000636,1.0119531768870418,2.5612098452331228e-11,2.3359772920441637,-0.020213995078362856
21.990000000000638,1.0119531768861476,2.5578499496881416e-11,2.3359772920442046,-0.0202139950783011
22.00000000000064,1.011953176885255,2.5545111261312e-11,2.3359772920442476,-0.02021399507823321
22.01000000000064,1.0119531768843633,2.5511876300619266e-11,2.33597729204429,-0.020213995078166486
22.020000000000643,1.0119531768834729,2.5478561088061924e-11,2.335977292044332,-0.02021399507810437
22.030000000000644,1.0119531768825836,2.5445296008134422e-11,2.3359772920443747,-0.0202139950780367
22.040000000000646,1.0119531768816956,2.541206415328273e-11,2.3359772920444173,-0.02021399507797267
22.050000000000647,1.0119531768808085,2.53788397151445e-11,2.3359772920444586,-0.02021399507790858
22.06000000000065,1.0119531768799228,2.5345701559025268e-11,2.3359772920445017,-0.020213995077843216
22.07000000000065,1.0119531768790384,2.5312570926226965e-11,2.3359772920445456,-0.020213995077774854
22.080000000000652,1.011953176878155,2.527940417094762e-11,2.3359772920445887,-0.020213995077707214
22.090000000000654,1.011953176877273,2.524601929721137e-11,2.3359772920446322,-0.020213995077636993
22.100000000000655,1.0119531768763919,2.5212470481794456e-11,2.335977292044675,-0.02021399507757285
22.110000000000657,1.0119531768755117,2.517902980987698e-11,2.3359772920447157,-0.02021399507751115
22.12000000000066,1.011953176874633,2.5145808705762533e-11,2.335977292044759,-0.020213995077444674
22.13000000000066,1.011953176873755,2.511257447014333e-11,2.3359772920447983,-0.020213995077381308
22.14000000000066,1.0119531768728784,2.507956640386282e-11,2.33597729204484,-0.020213995077319247
22.150000000000663,1.0119531768720031,2.5046736779124834e-11,2.3359772920448814,-0.020213995077253855
22.160000000000664,1.011953176871129,2.5013783833238188e-11,2.335977292044925,-0.020213995077189295
22.170000000000666,1.0119531768702559,2.49809576150082e-11,2.335977292044967,-0.020213995077121932
22.180000000000668,1.011953176869384,2.4947968138111124e-11,2.335977292045008,-0.020213995077058344
22.19000000000067,1.011953176868513,2.4915149116084082e-11,2.3359772920450483,-0.0202139950769967
22.20000000000067,1.0119531768676433,2.488246026522632e-11,2.33597729204509,-0.020213995076931585
22.210000000000672,1.0119531768667747,2.4849937995732233e-11,2.335977292045131,-0.02021399507686858
22.220000000000674,1.0119531768659076,2.48173571893129e-11,2.335977292045174,-0.020213995076797886
22.230000000000675,1.0119531768650412,2.4784546708818836e-11,2.335977292045216,-0.02021399507673624
22.240000000000677,1.011953176864176,2.4751956816014944e-11,2.3359772920452575,-0.020213995076672653
22.25000000000068,1.011953176863312,2.4719232369784946e-11,2.3359772920452984,-0.020213995076608732
22.26000000000068,1.0119531768624492,2.468668948987632e-11,2.3359772920453397,-0.020213995076545782
22.27000000000068,1.0119531768615873,2.4654195452719176e-11,2.33597729204538,-0.0202139950764835
22.280000000000683,1.0119531768607266,2.462183443917601e-11,2.3359772920454205,-0.020213995076423075
22.290000000000685,1.011953176859867,2.4589701357058577e-11,2.3359772920454622,-0.02021399507635921
22.300000000000686,1.0119531768590087,2.4557599803790214e-11,2.335977292045502,-0.02021399507629637
22.310000000000688,1.0119531768581513,2.4525542158274745e-11,2.3359772920455426,-0.020213995076232755
22.32000000000069,1.0119531768572954,2.4493473574599406e-11,2.3359772920455852,-0.020213995076167862
22.33000000000069,1.0119531768564405,2.446130779983276e-11,2.335977292045627,-0.020213995076102137
22.340000000000693,1.0119531768555865,2.4429119864830015e-11,2.3359772920456674,-0.020213995076041963
22.350000000000694,1.0119531768547336,2.4397009959055882e-11,2.335977292045707,-0.020213995075982788
22.360000000000696,1.0119531768538819,2.4365105815959556e-11,2.3359772920457487,-0.02021399507592142
22.370000000000697,1.0119531768530312,2.4333276531397908e-11,2.3359772920457873,-0.020213995075861663
22.3800000000007,1.011953176852182,2.4301718714728632e-11,2.3359772920458286,-0.020213995075794244
22.3900000000007,1.0119531768513337,2.4269882598715522e-11,2.3359772920458717,-0.02021399507573171
22.400000000000702,1.0119531768504864,2.4237970829359073e-11,2.3359772920459116,-0.02021399507566851
22.410000000000704,1.0119531768496404,2.4206184562631325e-11,2.3359772920459525,-0.020213995075606395
22.420000000000705,1.0119531768487955,2.4174347921389222e-11,2.335977292045994,-0.020213995075542363
22.430000000000707,1.0119531768479515,2.4142535834204022e-11,2.3359772920460338,-0.020213995075481217
22.44000000000071,1.0119531768471084,2.411081842936242e-11,2.335977292046073,-0.020213995075424263
22.45000000000071,1.0119531768462666,2.407935235317033e-11,2.335977292046112,-0.02021399507536556
22.46000000000071,1.011953176845426,2.4048083527161457e-11,2.335977292046153,-0.020213995075302416
22.470000000000713,1.0119531768445866,2.4016713325441382e-11,2.335977292046195,-0.020213995075236968
22.480000000000715,1.0119531768437486,2.3985107253728078e-11,2.3359772920462367,-0.02021399507517166
22.490000000000716,1.0119531768429113,2.3953352637599668e-11,2.3359772920462762,-0.020213995075109986
22.500000000000718,1.011953176842075,2.3921713298702777e-11,2.335977292046317,-0.020213995075048785
22.51000000000072,1.0119531768412398,2.3890275154654283e-11,2.335977292046356,-0.02021399507498875
22.52000000000072,1.0119531768404058,2.385886572200447e-11,2.335977292046396,-0.020213995074929547
22.530000000000722,1.0119531768395729,2.3827662850286353e-11,2.335977292046436,-0.020213995074867652
22.540000000000724,1.011953176838741,2.379634024811888e-11,2.3359772920464774,-0.020213995074803537
22.550000000000725,1.0119531768379102,2.3765007819381032e-11,2.335977292046517,-0.020213995074744917
22.560000000000727,1.0119531768370806,2.3733745172560146e-11,2.335977292046557,-0.020213995074684965
22.57000000000073,1.011953176836252,2.3702676189841527e-11,2.335977292046595,-0.020213995074623847
22.58000000000073,1.0119531768354244,2.3671643839106482e-11,2.335977292046636,-0.02021399507456431
22.59000000000073,1.011953176834598,2.3640764787117587e-11,2.3359772920466746,-0.020213995074505026
22.600000000000733,1.0119531768337726,2.3609824084346126e-11,2.335977292046714,-0.020213995074445323
22.610000000000735,1.0119531768329482,2.3578901267658686e-11,2.3359772920467536,-0.020213995074384622
22.620000000000736,1.0119531768321253,2.354799305227946e-11,2.3359772920467945,-0.020213995074321728
22.630000000000738,1.011953176831303,2.3516998976698464e-11,2.3359772920468336,-0.02021399507426158
22.64000000000074,1.0119531768304821,2.3486113010672352e-11,2.3359772920468735,-0.02021399507420185
22.65000000000074,1.011953176829662,2.345534412827444e-11,2.3359772920469104,-0.02021399507414584
22.660000000000743,1.011953176828843,2.3424834144980567e-11,2.335977292046951,-0.020213995074086166
22.670000000000744,1.0119531768280252,2.339435137153094e-11,2.335977292046991,-0.020213995074026936
22.680000000000746,1.0119531768272085,2.336382417105056e-11,2.33597729204703,-0.020213995073965513
22.690000000000747,1.011953176826393,2.333327891075793e-11,2.3359772920470703,-0.02021399507390398
22.70000000000075,1.0119531768255785,2.330270121161027e-11,2.335977292047109,-0.020213995073843083
22.71000000000075,1.0119531768247652,2.3272095300199168e-11,2.335977292047151,-0.02021399507377697
22.720000000000752,1.011953176823953,2.32411652593355e-11,2.335977292047191,-0.02021399507371635
22.730000000000754,1.0119531768231411,2.3210118121083813e-11,2.3359772920472293,-0.02021399507366195
22.740000000000755,1.0119531768223307,2.3179441369816087e-11,2.3359772920472675,-0.02021399507360233
22.750000000000757,1.011953176821521,2.314879307069034e-11,2.3359772920473034,-0.020213995073549124
22.76000000000076,1.0119531768207128,2.3118688372421494e-11,2.3359772920473425,-0.020213995073493807
22.77000000000076,1.0119531768199053,2.3088678120925738e-11,2.33597729204738,-0.020213995073437796
22.78000000000076,1.0119531768190992,2.305894893701708e-11,2.3359772920474193,-0.02021399507337751
22.790000000000763,1.011953176818294,2.3029081999260546e-11,2.3359772920474566,-0.02021399507332325
22.800000000000765,1.0119531768174903,2.2999419347820984e-11,2.3359772920474966,-0.020213995073258356
22.810000000000766,1.0119531768166872,2.2969506030835004e-11,2.3359772920475352,-0.020213995073203456
22.820000000000768,1.0119531768158854,2.293973959661833e-11,2.335977292047573,-0.020213995073143615
22.83000000000077,1.0119531768150845,2.2909888495720883e-11,2.3359772920476125,-0.0202139950730863
22.84000000000077,1.0119531768142846,2.2880214297292425e-11,2.3359772920476516,-0.020213995073026264
22.850000000000772,1.0119531768134857,2.285034163913457e-11,2.33597729204769,-0.020213995072970226
22.860000000000774,1.0119531768126881,2.2820670900212613e-11,2.3359772920477297,-0.020213995072908636
22.870000000000775,1.0119531768118917,2.27907429548689e-11,2.3359772920477697,-0.02021399507284749
22.880000000000777,1.0119531768110963,2.2760679039167068e-11,2.33597729204781,-0.020213995072785346
22.89000000000078,1.0119531768103016,2.2730452948328197e-11,2.3359772920478483,-0.020213995072724616
22.90000000000078,1.0119531768095082,2.2700189275083704e-11,2.3359772920478883,-0.0202139950726683
22.91000000000078,1.0119531768087155,2.266999824928965e-11,2.3359772920479256,-0.020213995072609292
22.920000000000783,1.0119531768079244,2.2639857325203932e-11,2.335977292047967,-0.020213995072548646
22.930000000000785,1.011953176807134,2.26096079834241e-11,2.3359772920480046,-0.020213995072490026
22.940000000000786,1.0119531768063443,2.2579439746335563e-11,2.3359772920480424,-0.02021399507243618
22.950000000000788,1.011953176805556,2.2549467459233048e-11,2.3359772920480815,-0.02021399507237598
22.96000000000079,1.0119531768047687,2.2519571113319183e-11,2.3359772920481188,-0.02021399507231983
22.97000000000079,1.0119531768039824,2.2489723397093827e-11,2.3359772920481565,-0.02021399507226182
22.980000000000793,1.011953176803197,2.246003812300127e-11,2.335977292048195,-0.020213995072202284
22.990000000000794,1.011953176802413,2.2430164822541058e-11,2.335977292048234,-0.02021399507214175
23.000000000000796,1.0119531768016297,2.2400355859742018e-11,2.335977292048272,-0.020213995072086155
23.010000000000797,1.0119531768008476,2.2370568426830428e-11,2.335977292048309,-0.02021399507202823
23.0200000000008,1.0119531768000662,2.234092020842943e-11,2.3359772920483457,-0.020213995071972024
23.0300000000008,1.011953176799286,2.2311382255650164e-11,2.335977292048383,-0.020213995071917068
23.040000000000802,1.0119531767985068,2.2281957432241664e-11,2.33597729204842,-0.020213995071861307
23.050000000000804,1.0119531767977286,2.225273126463346e-11,2.3359772920484554,-0.020213995071805324
23.060000000000805,1.0119531767969514,2.2223642866127372e-11,2.3359772920484927,-0.020213995071752366
23.070000000000807,1.0119531767961754,2.2194789068959487e-11,2.3359772920485296,-0.020213995071692942
23.08000000000081,1.0119531767954002,2.2165834393813528e-11,2.3359772920485673,-0.020213995071635238
23.09000000000081,1.0119531767946262,2.2136871260209405e-11,2.3359772920486046,-0.020213995071580504
23.10000000000081,1.0119531767938528,2.21080541304885e-11,2.3359772920486392,-0.020213995071529517
23.110000000000813,1.0119531767930807,2.2079410330486376e-11,2.335977292048677,-0.020213995071469565
23.120000000000815,1.01195317679231,2.2050716767329475e-11,2.335977292048714,-0.02021399507141189
23.130000000000816,1.0119531767915402,2.202193710237245e-11,2.3359772920487525,-0.020213995071352242
23.140000000000818,1.0119531767907712,2.199308174551673e-11,2.3359772920487902,-0.020213995071294205
23.15000000000082,1.0119531767900034,2.196414803920007e-11,2.3359772920488284,-0.020213995071235974
23.16000000000082,1.0119531767892362,2.193499006030639e-11,2.335977292048865,-0.020213995071176827
23.170000000000822,1.0119531767884702,2.1905990576224542e-11,2.335977292048901,-0.02021399507112387
23.180000000000824,1.0119531767877052,2.1877153082723364e-11,2.3359772920489377,-0.02021399507106933
23.190000000000826,1.011953176786941,2.1848350419462108e-11,2.335977292048974,-0.020213995071016094
23.200000000000827,1.0119531767861778,2.1819818947552016e-11,2.335977292049009,-0.02021399507096233
23.21000000000083,1.0119531767854162,2.1791395449137243e-11,2.335977292049048,-0.02021399507090102
23.22000000000083,1.0119531767846552,2.1762783490091742e-11,2.335977292049084,-0.020213995070843233
23.23000000000083,1.0119531767838954,2.1734051700089495e-11,2.3359772920491233,-0.020213995070785196
23.240000000000833,1.0119531767831365,2.1705080024058447e-11,2.3359772920491597,-0.02021399507072899
23.250000000000835,1.0119531767823786,2.167633501285898e-11,2.335977292049197,-0.020213995070670315
23.260000000000836,1.0119531767816217,2.1647397066193853e-11,2.3359772920492334,-0.02021399507061339
23.270000000000838,1.0119531767808652,2.1618687484739697e-11,2.3359772920492663,-0.020213995070564955
23.28000000000084,1.01195317678011,2.1590386724032705e-11,2.3359772920493014,-0.0202139950705153
23.29000000000084,1.011953176779356,2.156224026256939e-11,2.335977292049338,-0.020213995070457375
23.300000000000843,1.0119531767786032,2.1534182431662183e-11,2.3359772920493747,-0.020213995070397922
23.310000000000844,1.0119531767778511,2.1505832259098885e-11,2.335977292049412,-0.02021399507034094
23.320000000000846,1.0119531767771,2.1477405083605966e-11,2.3359772920494484,-0.02021399507028876
23.330000000000847,1.0119531767763499,2.1449108533429306e-11,2.3359772920494835,-0.020213995070231083
23.34000000000085,1.0119531767756007,2.1420874756996327e-11,2.3359772920495185,-0.020213995070175045
23.35000000000085,1.0119531767748526,2.1392725845183468e-11,2.335977292049555,-0.02021399507012059
23.360000000000852,1.0119531767741052,2.1364605501249696e-11,2.33597729204959,-0.020213995070068214
23.370000000000854,1.011953176773359,2.1336470128905386e-11,2.3359772920496256,-0.020213995070016005
23.380000000000855,1.011953176772614,2.13087034531041e-11,2.335977292049662,-0.020213995069957802
23.390000000000857,1.0119531767718697,2.1280678856121714e-11,2.335977292049697,-0.02021399506990168
23.40000000000086,1.0119531767711263,2.125267010325861e-11,2.3359772920497317,-0.020213995069848556
23.41000000000086,1.0119531767703844,2.122477739099979e-11,2.33597729204977,-0.020213995069789187
23.42000000000086,1.011953176769643,2.119676879200171e-11,2.335977292049804,-0.020213995069733898
23.430000000000863,1.0119531767689025,2.1168831812663296e-11,2.33597729204984,-0.020213995069684076
23.440000000000865,1.011953176768163,2.1141074930977992e-11,2.335977292049874,-0.02021399506963148
23.450000000000866,1.0119531767674246,2.1113475623607436e-11,2.3359772920499084,-0.020213995069578578
23.460000000000868,1.011953176766687,2.1085907213576397e-11,2.335977292049944,-0.020213995069524593
23.47000000000087,1.0119531767659506,2.1058442784202445e-11,2.3359772920499804,-0.020213995069470303
23.48000000000087,1.0119531767652152,2.1030848065804414e-11,2.335977292050016,-0.020213995069415874
23.490000000000872,1.0119531767644807,2.100326415295473e-11,2.335977292050052,-0.020213995069356727
23.500000000000874,1.0119531767637469,2.097556568455168e-11,2.3359772920500856,-0.020213995069307267
23.510000000000876,1.0119531767630143,2.0948171173032058e-11,2.33597729205012,-0.02021399506925492
23.520000000000877,1.0119531767622827,2.0920695689980275e-11,2.3359772920501563,-0.020213995069198604
23.53000000000088,1.011953176761552,2.089329988404668e-11,2.335977292050191,-0.02021399506914484
23.54000000000088,1.0119531767608219,2.0866083080771135e-11,2.335977292050223,-0.020213995069099044
23.550000000000882,1.0119531767600929,2.083901603831526e-11,2.335977292050259,-0.02021399506904345
23.560000000000883,1.0119531767593652,2.0811963719825312e-11,2.3359772920502953,-0.02021399506898794
23.570000000000885,1.0119531767586383,2.0784743777424525e-11,2.3359772920503294,-0.020213995068934898
23.580000000000886,1.0119531767579122,2.0757596336526073e-11,2.335977292050363,-0.02021399506888319
23.590000000000888,1.0119531767571874,2.07305660000575e-11,2.335977292050399,-0.02021399506882704
23.60000000000089,1.0119531767564631,2.0703454033067088e-11,2.335977292050433,-0.020213995068776913
23.61000000000089,1.0119531767557401,2.067635835992183e-11,2.3359772920504676,-0.0202139950687234
23.620000000000893,1.0119531767550178,2.064950410673458e-11,2.3359772920505026,-0.02021399506867322
23.630000000000894,1.0119531767542964,2.062267030827468e-11,2.3359772920505364,-0.02021399506862359
23.640000000000896,1.011953176753576,2.0596023153432226e-11,2.33597729205057,-0.02021399506857205
23.650000000000897,1.0119531767528567,2.0569477284052848e-11,2.3359772920506052,-0.020213995068521395
23.6600000000009,1.011953176752138,2.0542957008550736e-11,2.3359772920506385,-0.020213995068472435
23.6700000000009,1.0119531767514207,2.0516590874521335e-11,2.3359772920506754,-0.020213995068416646
23.680000000000902,1.0119531767507044,2.0489918599422554e-11,2.3359772920507105,-0.020213995068362106
23.690000000000904,1.0119531767499885,2.0463314927437982e-11,2.335977292050745,-0.02021399506831356
23.700000000000905,1.0119531767492742,2.043667959025219e-11,2.335977292050781,-0.02021399506825791
23.710000000000907,1.0119531767485603,2.0409814508951467e-11,2.3359772920508166,-0.02021399506820684
23.72000000000091,1.0119531767478473,2.038313866597897e-11,2.3359772920508495,-0.020213995068157076
23.73000000000091,1.0119531767471355,2.0356600117465373e-11,2.335977292050884,-0.020213995068106033
23.74000000000091,1.0119531767464245,2.033010106039417e-11,2.33597729205092,-0.020213995068054463
23.750000000000913,1.0119531767457146,2.030359076195148e-11,2.335977292050955,-0.020213995068001478
23.760000000000915,1.0119531767450054,2.02770896309152e-11,2.335977292050989,-0.020213995067953572
23.770000000000916,1.0119531767442975,2.0250583684196956e-11,2.335977292051026,-0.02021399506789709
23.780000000000918,1.01195317674359,2.022407668974993e-11,2.3359772920510595,-0.020213995067847323
23.79000000000092,1.0119531767428838,2.0197505912665395e-11,2.3359772920510933,-0.020213995067799362
23.80000000000092,1.0119531767421783,2.0171059328059376e-11,2.3359772920511293,-0.02021399506774607
23.810000000000922,1.011953176741474,2.0144521522109065e-11,2.3359772920511634,-0.020213995067694418
23.820000000000924,1.0119531767407701,2.0118111983136172e-11,2.3359772920511963,-0.02021399506765234
23.830000000000926,1.0119531767400676,2.0092087163643304e-11,2.335977292051232,-0.02021399506759733
23.840000000000927,1.011953176739366,2.0065796204003688e-11,2.335977292051267,-0.020213995067547896
23.85000000000093,1.0119531767386651,2.0039666078327032e-11,2.3359772920513007,-0.020213995067496243
23.86000000000093,1.0119531767379653,2.0013419090322846e-11,2.3359772920513344,-0.020213995067444368
23.870000000000932,1.0119531767372665,1.9987257565577464e-11,2.3359772920513704,-0.020213995067393853
23.880000000000933,1.0119531767365684,1.9960917682680225e-11,2.3359772920514046,-0.020213995067347112
23.890000000000935,1.0119531767358712,1.9934875077869415e-11,2.3359772920514383,-0.020213995067295598
23.900000000000936,1.011953176735175,1.990880943884599e-11,2.335977292051472,-0.020213995067245583
23.910000000000938,1.0119531767344796,1.98827608908406e-11,2.3359772920515067,-0.020213995067195095
23.92000000000094,1.011953176733785,1.9856709551058302e-11,2.3359772920515405,-0.020213995067148438
23.93000000000094,1.0119531767330916,1.983083592637635e-11,2.335977292051573,-0.02021399506709967
23.940000000000943,1.0119531767323993,1.980513344915837e-11,2.3359772920516098,-0.020213995067045465
23.950000000000944,1.0119531767317076,1.9779053777660933e-11,2.3359772920516435,-0.020213995066994117
23.960000000000946,1.0119531767310168,1.9753072632954413e-11,2.3359772920516777,-0.020213995066945573
23.970000000000947,1.0119531767303271,1.9727066993835604e-11,2.3359772920517132,-0.020213995066893975
23.98000000000095,1.0119531767296381,1.9700992436211545e-11,2.3359772920517474,-0.020213995066839796
23.99000000000095,1.0119531767289502,1.967481110344518e-11,2.335977292051782,-0.020213995066788365
24.000000000000952,1.011953176728263,1.964854054288851e-11,2.335977292051816,-0.020213995066744345
24.010000000000954,1.0119531767275767,1.9622626128573632e-11,2.3359772920518496,-0.020213995066695356
24.020000000000955,1.0119531767268914,1.9596648301439455e-11,2.335977292051883,-0.0202139950666457
24.030000000000957,1.0119531767262067,1.9570851989207045e-11,2.335977292051915,-0.020213995066600182
24.04000000000096,1.0119531767255232,1.9545255462318964e-11,2.33597729205195,-0.020213995066546503
24.05000000000096,1.0119531767248406,1.951957975618422e-11,2.335977292051984,-0.02021399506649668
24.06000000000096,1.011953176724159,1.9493796973576365e-11,2.3359772920520183,-0.020213995066445972
24.070000000000963,1.0119531767234782,1.946788844792825e-11,2.3359772920520516,-0.020213995066395013
24.080000000000965,1.011953176722798,1.944195141681892e-11,2.335977292052083,-0.020213995066348606
24.090000000000966,1.0119531767221193,1.9416271652047573e-11,2.3359772920521182,-0.02021399506629451
24.100000000000968,1.011953176721441,1.9390443085342548e-11,2.335977292052152,-0.020213995066246326
24.11000000000097,1.0119531767207635,1.9364682313893206e-11,2.335977292052183,-0.020213995066202084
24.12000000000097,1.0119531767200867,1.9339228589208322e-11,2.3359772920522133,-0.020213995066156093
24.130000000000972,1.0119531767194114,1.9314182861477375e-11,2.335977292052248,-0.020213995066104495
24.140000000000974,1.0119531767187369,1.928879490271082e-11,2.335977292052282,-0.020213995066054397
24.150000000000976,1.011953176718063,1.9263388941271312e-11,2.335977292052314,-0.020213995066005686
24.160000000000977,1.0119531767173902,1.9237946865974242e-11,2.3359772920523483,-0.02021399506595481
24.17000000000098,1.0119531767167183,1.9212569497865213e-11,2.335977292052381,-0.020213995065904072
24.18000000000098,1.0119531767160472,1.918718599178342e-11,2.335977292052416,-0.020213995065853585
24.190000000000982,1.0119531767153769,1.916155989217437e-11,2.3359772920524478,-0.020213995065806095
24.200000000000983,1.0119531767147076,1.9136210798650236e-11,2.33597729205248,-0.020213995065756885
24.210000000000985,1.011953176714039,1.9110808217859153e-11,2.335977292052512,-0.020213995065705953
24.220000000000987,1.0119531767133714,1.9085508322958208e-11,2.335977292052544,-0.020213995065662627
24.230000000000988,1.0119531767127046,1.9060387799976087e-11,2.335977292052576,-0.020213995065612306
24.24000000000099,1.0119531767120387,1.9035309396695607e-11,2.3359772920526076,-0.02021399506556909
24.25000000000099,1.0119531767113736,1.9010471538282945e-11,2.3359772920526396,-0.020213995065516882
24.260000000000993,1.0119531767107095,1.8985599915482853e-11,2.335977292052673,-0.02021399506547053
24.270000000000994,1.0119531767100463,1.8960768656926068e-11,2.3359772920527044,-0.020213995065419377
24.280000000000996,1.0119531767093837,1.8935773944141732e-11,2.3359772920527355,-0.020213995065375828
24.290000000000997,1.011953176708722,1.8911060980955725e-11,2.335977292052766,-0.020213995065330087
24.300000000001,1.0119531767080614,1.8886572334207057e-11,2.335977292052799,-0.020213995065282514
24.310000000001,1.0119531767074017,1.886199189625055e-11,2.3359772920528314,-0.020213995065231777
24.320000000001002,1.0119531767067425,1.8837412678158696e-11,2.335977292052862,-0.020213995065187895
24.330000000001004,1.0119531767060845,1.8812933500978078e-11,2.335977292052895,-0.020213995065137658
24.340000000001005,1.011953176705427,1.8788526392318238e-11,2.335977292052926,-0.020213995065091916
24.350000000001007,1.011953176704771,1.8764087555956218e-11,2.335977292052959,-0.020213995065044704
24.36000000000101,1.0119531767041154,1.8739726135512067e-11,2.335977292052991,-0.020213995064995965
24.37000000000101,1.0119531767034609,1.87152762519326e-11,2.3359772920530237,-0.020213995064944312
24.38000000000101,1.0119531767028072,1.8690593992182293e-11,2.335977292053055,-0.020213995064899515
24.390000000001013,1.0119531767021541,1.8666119533005848e-11,2.3359772920530855,-0.020213995064855217
24.400000000001015,1.011953176701502,1.864174423912761e-11,2.335977292053118,-0.02021399506480892
24.410000000001016,1.0119531767008505,1.861757369239038e-11,2.3359772920531494,-0.02021399506476365
24.420000000001018,1.0119531767002001,1.859344639032397e-11,2.3359772920531814,-0.020213995064717855
24.43000000000102,1.0119531766995504,1.8569275517519274e-11,2.335977292053212,-0.020213995064675694
24.44000000000102,1.0119531766989016,1.854537860970001e-11,2.3359772920532436,-0.020213995064628038
24.450000000001022,1.011953176698254,1.8521383197849232e-11,2.335977292053276,-0.020213995064579993
24.460000000001024,1.011953176697607,1.8497297532489245e-11,2.3359772920533093,-0.020213995064526896
24.470000000001026,1.0119531766969612,1.8473043415007545e-11,2.335977292053342,-0.020213995064479573
24.480000000001027,1.011953176696316,1.8448687989649095e-11,2.3359772920533746,-0.020213995064430973
24.49000000000103,1.0119531766956713,1.842433403815448e-11,2.335977292053405,-0.02021399506438651
24.50000000000103,1.0119531766950278,1.8400074048109706e-11,2.335977292053438,-0.02021399506433824
24.510000000001032,1.011953176694385,1.837565748623232e-11,2.335977292053469,-0.020213995064292695
24.520000000001033,1.011953176693743,1.83514425924869e-11,2.3359772920535007,-0.02021399506424859
24.530000000001035,1.011953176693102,1.832726940691573e-11,2.3359772920535327,-0.02021399506420249
24.540000000001037,1.0119531766924619,1.8303219664933476e-11,2.3359772920535633,-0.020213995064153417
24.550000000001038,1.0119531766918226,1.8278924423675654e-11,2.3359772920535975,-0.020213995064102208
24.56000000000104,1.0119531766911842,1.8254498067132744e-11,2.3359772920536286,-0.020213995064054385
24.57000000000104,1.0119531766905465,1.8230092010971804e-11,2.335977292053661,-0.020213995064006368
24.580000000001043,1.01195317668991,1.8205534827969366e-11,2.3359772920536934,-0.020213995063957046
24.590000000001044,1.0119531766892738,1.8181062339484547e-11,2.3359772920537236,-0.020213995063910445
24.600000000001046,1.0119531766886385,1.8156699142333035e-11,2.335977292053755,-0.020213995063865176
24.610000000001047,1.011953176688004,1.8132327890940604e-11,2.335977292053786,-0.020213995063819018
24.62000000000105,1.0119531766873706,1.8108097863464554e-11,2.335977292053817,-0.020213995063770418
24.63000000000105,1.0119531766867378,1.808378962129934e-11,2.335977292053846,-0.02021399506372837
24.640000000001052,1.011953176686106,1.805978904795767e-11,2.335977292053877,-0.020213995063677992
24.650000000001054,1.0119531766854752,1.8035719946808048e-11,2.335977292053908,-0.020213995063629364
24.660000000001055,1.0119531766848449,1.8011618476263107e-11,2.335977292053938,-0.020213995063586954
24.670000000001057,1.0119531766842154,1.7987724005744312e-11,2.335977292053967,-0.02021399506353977
24.68000000000106,1.011953176683587,1.7963755004585257e-11,2.335977292053998,-0.02021399506349275
24.69000000000106,1.011953176682959,1.7939865537614954e-11,2.3359772920540287,-0.020213995063447843
24.70000000000106,1.0119531766823322,1.7916103368753524e-11,2.335977292054057,-0.0202139950634026
24.710000000001063,1.0119531766817058,1.7892486700867447e-11,2.3359772920540856,-0.020213995063360024
24.720000000001065,1.0119531766810803,1.7869238966186694e-11,2.335977292054114,-0.020213995063318668
24.730000000001066,1.0119531766804557,1.7846141745305752e-11,2.3359772920541446,-0.020213995063274898
24.740000000001068,1.011953176679832,1.7823046947053065e-11,2.3359772920541735,-0.020213995063228907
24.75000000000107,1.0119531766792094,1.78000310521193e-11,2.335977292054203,-0.020213995063180196
24.76000000000107,1.0119531766785876,1.7776733111099494e-11,2.335977292054236,-0.02021399506312968
24.770000000001072,1.0119531766779664,1.7753290332609757e-11,2.3359772920542645,-0.020213995063088408
24.780000000001074,1.0119531766773457,1.7729887080486705e-11,2.3359772920542943,-0.020213995063040918
24.790000000001076,1.0119531766767262,1.7706729186293018e-11,2.3359772920543245,-0.020213995062997064
24.800000000001077,1.0119531766761072,1.768364958520988e-11,2.3359772920543524,-0.0202139950629546
24.81000000000108,1.0119531766754895,1.7660681248389335e-11,2.3359772920543835,-0.02021399506290697
24.82000000000108,1.0119531766748724,1.7637653810198594e-11,2.335977292054415,-0.02021399506285823
24.830000000001082,1.011953176674256,1.7614491288491073e-11,2.335977292054443,-0.020213995062815876
24.840000000001083,1.0119531766736403,1.759151996508954e-11,2.3359772920544706,-0.02021399506277391
24.850000000001085,1.0119531766730254,1.756862529617166e-11,2.3359772920545003,-0.020213995062730833
24.860000000001087,1.0119531766724115,1.7545704117758025e-11,2.33597729205453,-0.0202139950626867
24.870000000001088,1.0119531766717984,1.7522882458248955e-11,2.3359772920545594,-0.02021399506264071
24.88000000000109,1.0119531766711862,1.7500141197694097e-11,2.33597729205459,-0.02021399506259311
24.89000000000109,1.0119531766705745,1.7477206220454238e-11,2.33597729205462,-0.02021399506254773
24.900000000001093,1.0119531766699639,1.745426966356186e-11,2.335977292054649,-0.020213995062502738
24.910000000001094,1.0119531766693541,1.7431252650595776e-11,2.33597729205468,-0.020213995062457468
24.920000000001096,1.0119531766687448,1.7408267068091e-11,2.33597729205471,-0.020213995062413476
24.930000000001098,1.0119531766681364,1.7385359045590832e-11,2.3359772920547384,-0.020213995062372203
24.9400000000011,1.0119531766675287,1.7362583335192377e-11,2.3359772920547663,-0.020213995062329404
24.9500000000011,1.0119531766669216,1.7340014827616107e-11,2.335977292054794,-0.020213995062288853
24.960000000001102,1.011953176666316,1.7317661526340234e-11,2.335977292054825,-0.02021399506224042
24.970000000001104,1.011953176665711,1.7295106326482433e-11,2.3359772920548547,-0.020213995062194484
24.980000000001105,1.0119531766651069,1.7272458387887306e-11,2.3359772920548854,-0.020213995062146106
24.990000000001107,1.0119531766645034,1.7249620164693998e-11,2.3359772920549147,-0.02021399506209995
25.00000000000111,1.0119531766639003,1.7226790006095332e-11,2.335977292054944,-0.020213995062059953
25.01000000000111,1.0119531766632983,1.7204104608913188e-11,2.3359772920549724,-0.020213995062013906
25.02000000000111,1.011953176662697,1.718135522665805e-11,2.335977292055001,-0.02021399506197366
25.030000000001113,1.0119531766620966,1.7158861039625933e-11,2.335977292055029,-0.020213995061931056
25.040000000001115,1.0119531766614966,1.7136535525885233e-11,2.3359772920550568,-0.02021399506189192
25.050000000001116,1.011953176660898,1.7114302125260408e-11,2.3359772920550865,-0.02021399506184704
25.060000000001118,1.0119531766602998,1.7092060940717054e-11,2.3359772920551163,-0.020213995061802936
25.07000000000112,1.0119531766597023,1.706981618809577e-11,2.335977292055143,-0.020213995061761664
25.08000000000112,1.011953176659106,1.7047742500135933e-11,2.3359772920551727,-0.020213995061716727
25.090000000001123,1.0119531766585106,1.702557435779776e-11,2.335977292055204,-0.020213995061668932
25.100000000001124,1.0119531766579155,1.700308049100278e-11,2.335977292055232,-0.020213995061626022
25.110000000001126,1.0119531766573213,1.698074101631492e-11,2.3359772920552606,-0.020213995061583057
25.120000000001127,1.011953176656728,1.695843549195353e-11,2.3359772920552913,-0.020213995061538814
25.13000000000113,1.0119531766561352,1.6936060282330924e-11,2.3359772920553197,-0.02021399506149893
25.14000000000113,1.0119531766555432,1.6913838199034818e-11,2.3359772920553477,-0.020213995061457185
25.150000000001132,1.011953176654952,1.6891709416486198e-11,2.335977292055376,-0.020213995061417023
25.160000000001133,1.0119531766543617,1.6869678891386195e-11,2.335977292055404,-0.020213995061373252
25.170000000001135,1.0119531766537724,1.6847684172012114e-11,2.3359772920554325,-0.020213995061326956
25.180000000001137,1.0119531766531833,1.6825486301238228e-11,2.3359772920554613,-0.020213995061289403
25.190000000001138,1.0119531766525955,1.6803687813684255e-11,2.3359772920554893,-0.020213995061246742
25.20000000000114,1.0119531766520085,1.6781857905187294e-11,2.335977292055519,-0.02021399506119939
25.21000000000114,1.011953176651422,1.6759748343169763e-11,2.335977292055549,-0.020213995061155038
25.220000000001143,1.0119531766508363,1.67376000544363e-11,2.3359772920555764,-0.020213995061112766
25.230000000001144,1.0119531766502512,1.6715717280776828e-11,2.3359772920556043,-0.020213995061072992
25.240000000001146,1.011953176649667,1.6693880829121023e-11,2.3359772920556314,-0.02021399506103222
25.250000000001148,1.0119531766490837,1.6672204609352048e-11,2.3359772920556607,-0.02021399506098981
25.26000000000115,1.011953176648501,1.6650382459667468e-11,2.3359772920556883,-0.020213995060948592
25.27000000000115,1.011953176647919,1.6628673816890335e-11,2.335977292055716,-0.020213995060909873
25.280000000001152,1.0119531766473377,1.6607157596822682e-11,2.335977292055743,-0.020213995060867934
25.290000000001154,1.0119531766467575,1.6585640648500693e-11,2.335977292055772,-0.020213995060826856
25.300000000001155,1.011953176646178,1.656411358799172e-11,2.3359772920558015,-0.020213995060782003
25.310000000001157,1.0119531766455996,1.6542466350603498e-11,2.3359772920558317,-0.020213995060734236
25.32000000000116,1.0119531766450214,1.652047624112003e-11,2.33597729205586,-0.02021399506069299
25.33000000000116,1.011953176644444,1.649858863527733e-11,2.3359772920558886,-0.02021399506065083
25.34000000000116,1.0119531766438674,1.647681625084777e-11,2.3359772920559156,-0.020213995060612028
25.350000000001163,1.0119531766432919,1.6455079557150293e-11,2.3359772920559445,-0.020213995060567508
25.360000000001165,1.0119531766427168,1.6433438799823406e-11,2.3359772920559734,-0.02021399506052593
25.370000000001166,1.0119531766421423,1.641177689147192e-11,2.335977292056,-0.020213995060490125
25.380000000001168,1.0119531766415684,1.639036966696197e-11,2.3359772920560262,-0.02021399506045002
25.39000000000117,1.0119531766409955,1.6369190820481298e-11,2.3359772920560533,-0.020213995060412798
25.40000000000117,1.0119531766404233,1.634806952036506e-11,2.3359772920560804,-0.02021399506037541
25.410000000001173,1.011953176639852,1.6327177146962183e-11,2.335977292056106,-0.020213995060336026
25.420000000001174,1.0119531766392813,1.630654574668302e-11,2.335977292056135,-0.020213995060296253
25.430000000001176,1.0119531766387115,1.6285741208646406e-11,2.3359772920561626,-0.020213995060254425
25.440000000001177,1.0119531766381422,1.6265001273779695e-11,2.33597729205619,-0.02021399506021823
25.45000000000118,1.011953176637574,1.6244334550764005e-11,2.335977292056219,-0.02021399506017324
25.46000000000118,1.0119531766370067,1.6223356324609252e-11,2.335977292056248,-0.02021399506012922
25.470000000001182,1.01195317663644,1.620229867512377e-11,2.335977292056278,-0.02021399506008631
25.480000000001183,1.011953176635874,1.618120925441977e-11,2.335977292056307,-0.02021399506004365
25.490000000001185,1.011953176635309,1.615980029285303e-11,2.3359772920563384,-0.020213995059996992
25.500000000001187,1.0119531766347443,1.613812816987703e-11,2.335977292056366,-0.020213995059959355
25.510000000001188,1.0119531766341803,1.6116553482826854e-11,2.3359772920563926,-0.02021399505992097
25.52000000000119,1.0119531766336172,1.609519407174893e-11,2.3359772920564206,-0.020213995059880113
25.53000000000119,1.0119531766330547,1.6073849494566162e-11,2.3359772920564503,-0.02021399505983984
25.540000000001193,1.0119531766324934,1.605244804597232e-11,2.3359772920564796,-0.02021399505979346
25.550000000001194,1.0119531766319327,1.603089872815749e-11,2.335977292056507,-0.020213995059750633
25.560000000001196,1.0119531766313725,1.600925999483995e-11,2.3359772920565356,-0.020213995059707
25.570000000001198,1.0119531766308132,1.598747244357311e-11,2.3359772920565653,-0.02021399505966298
25.5800000000012,1.0119531766302545,1.5965669496718118e-11,2.3359772920565924,-0.020213995059624706
25.5900000000012,1.0119531766296963,1.594411402839565e-11,2.3359772920566173,-0.02021399505958732
25.600000000001202,1.011953176629139,1.5922737790643526e-11,2.335977292056643,-0.02021399505954735
25.610000000001204,1.0119531766285823,1.5901585464418415e-11,2.3359772920566697,-0.020213995059510687
25.620000000001205,1.0119531766280265,1.5880589952103757e-11,2.335977292056698,-0.020213995059469525
25.630000000001207,1.0119531766274714,1.5859575039589304e-11,2.335977292056724,-0.020213995059430584
25.64000000000121,1.011953176626917,1.5838700603927392e-11,2.3359772920567496,-0.020213995059390838
25.65000000000121,1.0119531766263636,1.581797806802051e-11,2.335977292056778,-0.020213995059348067
25.66000000000121,1.011953176625811,1.5796962186535155e-11,2.335977292056806,-0.020213995059305156
25.670000000001213,1.0119531766252585,1.5775953733873214e-11,2.3359772920568322,-0.020213995059268103
25.680000000001215,1.011953176624707,1.575524233911404e-11,2.3359772920568567,-0.02021399505923141
25.690000000001216,1.011953176624156,1.573469300770436e-11,2.335977292056882,-0.020213995059191248
25.700000000001218,1.011953176623606,1.5714203178880095e-11,2.3359772920569086,-0.02021399505915472
25.71000000000122,1.0119531766230565,1.569390264814367e-11,2.335977292056934,-0.02021399505912022
25.72000000000122,1.011953176622508,1.567382478278502e-11,2.3359772920569597,-0.020213995059081086
25.730000000001223,1.01195317662196,1.5653714497223065e-11,2.3359772920569855,-0.02021399505904145
25.740000000001224,1.0119531766214127,1.5633736523048555e-11,2.335977292057011,-0.020213995059006534
25.750000000001226,1.0119531766208663,1.5613802001194412e-11,2.3359772920570374,-0.020213995058966316
25.760000000001227,1.0119531766203205,1.559403059571238e-11,2.335977292057064,-0.02021399505893068
25.77000000000123,1.0119531766197754,1.5574173482638454e-11,2.33597729205709,-0.020213995058893014
25.78000000000123,1.0119531766192313,1.5554394548195085e-11,2.3359772920571173,-0.02021399505884955
25.790000000001232,1.011953176618688,1.5534499313867935e-11,2.3359772920571453,-0.02021399505880761
25.800000000001234,1.0119531766181449,1.5514385800350742e-11,2.3359772920571715,-0.02021399505877125
25.810000000001235,1.0119531766176026,1.5494378196865583e-11,2.3359772920571973,-0.020213995058734058
25.820000000001237,1.0119531766170609,1.5474528980094984e-11,2.335977292057223,-0.020213995058701056
25.830000000001238,1.0119531766165202,1.5454833487236546e-11,2.33597729205725,-0.020213995058662254
25.84000000000124,1.01195317661598,1.5435127725243383e-11,2.3359772920572754,-0.020213995058625978
25.85000000000124,1.0119531766154406,1.5415534831288473e-11,2.3359772920573025,-0.020213995058590617
25.860000000001243,1.0119531766149017,1.5396095389329956e-11,2.335977292057328,-0.02021399505855545
25.870000000001244,1.0119531766143637,1.537674053147202e-11,2.335977292057354,-0.020213995058519063
25.880000000001246,1.0119531766138263,1.5357368970244545e-11,2.335977292057381,-0.020213995058482148
25.890000000001248,1.0119531766132899,1.5337958309376118e-11,2.335977292057408,-0.020213995058447537
25.90000000000125,1.011953176612754,1.531873475201298e-11,2.335977292057435,-0.020213995058409123
25.91000000000125,1.011953176612219,1.5299461249907542e-11,2.335977292057463,-0.020213995058372042
25.920000000001252,1.0119531766116845,1.5279900136598227e-11,2.335977292057491,-0.020213995058332435
25.930000000001254,1.011953176611151,1.526031533322524e-11,2.33597729205752,-0.020213995058293716
25.940000000001255,1.011953176610618,1.524057163182234e-11,2.335977292057549,-0.020213995058255912
25.950000000001257,1.0119531766100858,1.522062657136157e-11,2.3359772920575774,-0.020213995058216944
25.96000000000126,1.011953176609554,1.5200660326552504e-11,2.335977292057604,-0.020213995058179224
25.97000000000126,1.0119531766090233,1.5180707007674285e-11,2.335977292057633,-0.02021399505814045
25.98000000000126,1.011953176608493,1.5160525283388487e-11,2.3359772920576622,-0.020213995058101314
25.990000000001263,1.0119531766079637,1.5140443693367378e-11,2.3359772920576902,-0.02021399505806515
26.000000000001265,1.0119531766074348,1.5120305701240203e-11,2.3359772920577178,-0.020213995058027318
26.010000000001266,1.0119531766069065,1.510012625218822e-11,2.3359772920577453,-0.020213995057990902
26.020000000001268,1.0119531766063792,1.5080020808332998e-11,2.3359772920577733,-0.020213995057950074
26.03000000000127,1.0119531766058525,1.5059785351507822e-11,2.3359772920578017,-0.02021399505791291
26.04000000000127,1.0119531766053267,1.5039482026245344e-11,2.3359772920578314,-0.02021399505786961
26.050000000001273,1.0119531766048016,1.501891103658858e-11,2.335977292057859,-0.020213995057827505
26.060000000001274,1.011953176604277,1.4998183610820632e-11,2.3359772920578865,-0.02021399505778501
26.070000000001276,1.0119531766037533,1.4977376877819453e-11,2.3359772920579154,-0.020213995057747042
26.080000000001277,1.0119531766032301,1.495651190112026e-11,2.335977292057943,-0.020213995057706935
26.09000000000128,1.0119531766027074,1.4935752805363852e-11,2.3359772920579696,-0.020213995057667522
26.10000000000128,1.0119531766021856,1.4914942862197837e-11,2.3359772920579953,-0.02021399505763094
26.110000000001282,1.0119531766016643,1.489410449825627e-11,2.3359772920580215,-0.020213995057593137
26.120000000001284,1.0119531766011438,1.4873551691399316e-11,2.335977292058047,-0.020213995057557305
26.130000000001285,1.0119531766006238,1.4853174881905447e-11,2.3359772920580717,-0.02021399505751975
26.140000000001287,1.0119531766001044,1.483291277041641e-11,2.3359772920580966,-0.020213995057484557
26.150000000001288,1.0119531765995862,1.4812856434577235e-11,2.335977292058122,-0.020213995057444506
26.16000000000129,1.0119531765990686,1.479278228089878e-11,2.335977292058149,-0.02021399505740143
26.17000000000129,1.0119531765985514,1.4772548674839278e-11,2.3359772920581747,-0.020213995057363682
26.180000000001293,1.011953176598035,1.4752391439496467e-11,2.3359772920581987,-0.02021399505732585
26.190000000001294,1.0119531765975192,1.4732405264772154e-11,2.3359772920582222,-0.020213995057288575
26.200000000001296,1.011953176597004,1.4712447177813818e-11,2.3359772920582462,-0.02021399505725177
26.210000000001298,1.0119531765964893,1.469270087017047e-11,2.33597729205827,-0.020213995057216883
26.2200000000013,1.0119531765959755,1.4673264299331066e-11,2.3359772920582946,-0.020213995057181522
26.2300000000013,1.0119531765954624,1.465385384995262e-11,2.335977292058317,-0.020213995057145107
26.240000000001302,1.0119531765949497,1.4634715970372188e-11,2.3359772920583395,-0.02021399505711141
26.250000000001304,1.011953176594438,1.4615799326477766e-11,2.335977292058364,-0.020213995057073608
26.260000000001305,1.011953176593927,1.4596880935753333e-11,2.335977292058388,-0.020213995057034445
26.270000000001307,1.0119531765934164,1.4577904411518728e-11,2.3359772920584123,-0.020213995056995893
26.28000000000131,1.011953176592907,1.455882214494501e-11,2.3359772920584376,-0.020213995056953704
26.29000000000131,1.0119531765923981,1.4539553023830701e-11,2.3359772920584616,-0.020213995056914902
26.30000000000131,1.0119531765918899,1.4520136782200763e-11,2.335977292058488,-0.020213995056873685
26.310000000001313,1.0119531765913823,1.4500738068428256e-11,2.335977292058512,-0.020213995056833578
26.320000000001315,1.0119531765908754,1.4481161401435105e-11,2.335977292058537,-0.020213995056792444
26.330000000001316,1.011953176590369,1.446165556437438e-11,2.3359772920585615,-0.020213995056752865
26.340000000001318,1.0119531765898633,1.4442096295110434e-11,2.3359772920585846,-0.020213995056717837
26.35000000000132,1.0119531765893581,1.4422800143436918e-11,2.3359772920586077,-0.020213995056681505
26.36000000000132,1.0119531765888532,1.440364467393856e-11,2.3359772920586286,-0.020213995056650752
26.370000000001323,1.0119531765883492,1.4385000087537788e-11,2.335977292058649,-0.020213995056620526
26.380000000001324,1.011953176587846,1.4366728170655317e-11,2.335977292058672,-0.02021399505658561
26.390000000001326,1.0119531765873433,1.4348586665006742e-11,2.3359772920586934,-0.02021399505655183
26.400000000001327,1.0119531765868415,1.4330471171954725e-11,2.335977292058716,-0.020213995056517053
26.41000000000133,1.0119531765863403,1.4312504175253683e-11,2.3359772920587396,-0.0202139950564805
26.42000000000133,1.0119531765858398,1.4294419947677957e-11,2.3359772920587636,-0.020213995056441225
26.430000000001332,1.0119531765853402,1.4276306469312979e-11,2.335977292058788,-0.020213995056404033
26.440000000001334,1.011953176584841,1.4258093962469057e-11,2.3359772920588115,-0.02021399505636562
26.450000000001335,1.0119531765843426,1.4239764629128182e-11,2.3359772920588364,-0.020213995056328926
26.460000000001337,1.0119531765838448,1.4221389619353714e-11,2.335977292058861,-0.020213995056291012
26.47000000000134,1.0119531765833476,1.4203026017586109e-11,2.3359772920588853,-0.02021399505625257
26.48000000000134,1.011953176582851,1.4184419575183118e-11,2.3359772920589097,-0.020213995056215434
26.49000000000134,1.011953176582355,1.4165935398872258e-11,2.3359772920589323,-0.020213995056181988
26.500000000001343,1.0119531765818597,1.4147604624207792e-11,2.335977292058956,-0.020213995056149958
26.510000000001344,1.0119531765813647,1.4129476327524571e-11,2.3359772920589776,-0.020213995056115763
26.520000000001346,1.0119531765808707,1.4111323997861802e-11,2.335977292059001,-0.020213995056082817
26.530000000001348,1.0119531765803773,1.4093323094693134e-11,2.335977292059024,-0.020213995056049372
26.54000000000135,1.0119531765798844,1.4075481043958252e-11,2.3359772920590474,-0.020213995056016815
26.55000000000135,1.0119531765793925,1.405764829960367e-11,2.3359772920590713,-0.0202139950559789
26.560000000001352,1.0119531765789012,1.4039751064434393e-11,2.335977292059096,-0.020213995055940404
26.570000000001354,1.0119531765784104,1.4021747546709795e-11,2.3359772920591215,-0.020213995055903267
26.580000000001355,1.0119531765779206,1.4003549962983017e-11,2.3359772920591473,-0.020213995055864215
26.590000000001357,1.011953176577431,1.3985232100127987e-11,2.3359772920591717,-0.02021399505583152
26.60000000000136,1.011953176576942,1.396704103728099e-11,2.335977292059195,-0.020213995055797573
26.61000000000136,1.0119531765764538,1.394871485440279e-11,2.335977292059219,-0.020213995055762213
26.62000000000136,1.0119531765759662,1.3930532865533243e-11,2.3359772920592428,-0.020213995055728684
26.630000000001363,1.0119531765754792,1.3912373182752378e-11,2.3359772920592676,-0.0202139950556946
26.640000000001365,1.011953176574993,1.3894354248429567e-11,2.335977292059291,-0.020213995055658823
26.650000000001366,1.0119531765745073,1.3876172295346122e-11,2.335977292059315,-0.02021399505562474
26.660000000001368,1.0119531765740224,1.3858162292506174e-11,2.335977292059339,-0.02021399505558938
26.67000000000137,1.0119531765735377,1.38402547914647e-11,2.3359772920593618,-0.020213995055557543
26.68000000000137,1.0119531765730538,1.3822265700986062e-11,2.335977292059385,-0.020213995055525708
26.690000000001373,1.011953176572571,1.3804505821196962e-11,2.3359772920594097,-0.02021399505549154
26.700000000001374,1.0119531765720884,1.3786572493367091e-11,2.3359772920594346,-0.02021399505545371
26.710000000001376,1.0119531765716068,1.3768509408097336e-11,2.33597729205946,-0.020213995055415768
26.720000000001377,1.0119531765711254,1.375042975917597e-11,2.3359772920594835,-0.020213995055382905
26.73000000000138,1.0119531765706447,1.3732424230426517e-11,2.3359772920595074,-0.020213995055350403
26.74000000000138,1.0119531765701648,1.3714548433420474e-11,2.335977292059533,-0.020213995055315154
26.750000000001382,1.0119531765696859,1.3696351241334352e-11,2.335977292059557,-0.020213995055275547
26.760000000001384,1.0119531765692071,1.3678051382306821e-11,2.335977292059582,-0.02021399505523927
26.770000000001385,1.0119531765687289,1.3659909583583067e-11,2.3359772920596042,-0.02021399505520996
26.780000000001387,1.0119531765682512,1.3641739263911774e-11,2.3359772920596273,-0.020213995055180095
26.79000000000139,1.0119531765677743,1.3623906421628812e-11,2.335977292059649,-0.020213995055145872
26.80000000000139,1.011953176567298,1.3606173405138877e-11,2.335977292059673,-0.02021399505511487
26.81000000000139,1.0119531765668222,1.3588480654642164e-11,2.3359772920596957,-0.02021399505508134
26.820000000001393,1.0119531765663474,1.3570929573970009e-11,2.3359772920597206,-0.020213995055044037
26.830000000001395,1.0119531765658734,1.3553215032828776e-11,2.3359772920597455,-0.020213995055008066
26.840000000001396,1.0119531765653995,1.3535399705796826e-11,2.3359772920597695,-0.020213995054974315
26.850000000001398,1.0119531765649266,1.3517322294146133e-11,2.3359772920597925,-0.020213995054937456
26.8600000000014,1.011953176564454,1.3499335496369008e-11,2.335977292059818,-0.020213995054903067
26.8700000000014,1.0119531765639822,1.3481402755360051e-11,2.33597729205984,-0.02021399505487015
26.880000000001402,1.0119531765635108,1.3463450373142474e-11,2.335977292059863,-0.020213995054838035
26.890000000001404,1.0119531765630403,1.3445747708729798e-11,2.3359772920598876,-0.02021399505480223
26.900000000001405,1.0119531765625704,1.3427972245865533e-11,2.3359772920599107,-0.020213995054767786
26.910000000001407,1.011953176562101,1.3410238009146114e-11,2.335977292059934,-0.02021399505473509
26.92000000000141,1.0119531765616323,1.3392393542312405e-11,2.335977292059957,-0.020213995054699757
26.93000000000141,1.0119531765611638,1.3374684619752388e-11,2.335977292059978,-0.020213995054674555
26.94000000000141,1.0119531765606962,1.335727722881675e-11,2.335977292060001,-0.020213995054639944
26.950000000001413,1.0119531765602292,1.3339852523985024e-11,2.335977292060023,-0.02021399505460708
26.960000000001415,1.011953176559763,1.3322554338849221e-11,2.335977292060046,-0.02021399505457408
26.970000000001416,1.011953176559297,1.3305257071904438e-11,2.3359772920600705,-0.020213995054541828
26.980000000001418,1.0119531765588323,1.3287869794096044e-11,2.335977292060095,-0.020213995054499556
26.99000000000142,1.011953176558368,1.32701377290196e-11,2.335977292060119,-0.020213995054465056
27.00000000000142,1.011953176557904,1.3252310659174314e-11,2.3359772920601416,-0.020213995054431277
27.010000000001423,1.0119531765574408,1.3234695441409599e-11,2.3359772920601642,-0.02021399505439933
27.020000000001424,1.011953176556978,1.3217070429458803e-11,2.3359772920601873,-0.020213995054365885
27.030000000001426,1.0119531765565162,1.3199457881812115e-11,2.335977292060211,-0.020213995054331912
27.040000000001427,1.0119531765560545,1.3181942021256147e-11,2.335977292060233,-0.020213995054300188
27.05000000000143,1.0119531765555936,1.3164424007423225e-11,2.3359772920602557,-0.020213995054266964
27.06000000000143,1.0119531765551337,1.3146914596831679e-11,2.3359772920602797,-0.0202139950542293
27.070000000001432,1.0119531765546739,1.3129364743786714e-11,2.3359772920603006,-0.02021399505419963
27.080000000001434,1.0119531765542147,1.311207730846992e-11,2.335977292060322,-0.02021399505416807
27.090000000001435,1.0119531765537562,1.3094904967753842e-11,2.335977292060345,-0.020213995054138983
27.100000000001437,1.0119531765532983,1.3077833418200109e-11,2.3359772920603668,-0.020213995054104594
27.11000000000144,1.0119531765528413,1.3060776431049315e-11,2.3359772920603907,-0.020213995054066375
27.12000000000144,1.0119531765523848,1.3043356725537198e-11,2.335977292060413,-0.02021399505403179
27.13000000000144,1.0119531765519285,1.3025940898842224e-11,2.335977292060436,-0.02021399505399954
27.140000000001443,1.011953176551473,1.3008668138553282e-11,2.3359772920604573,-0.020213995053967537
27.150000000001445,1.0119531765510184,1.2991543242680524e-11,2.3359772920604795,-0.02021399505393265
27.160000000001446,1.0119531765505638,1.297441061131561e-11,2.335977292060501,-0.020213995053904393
27.170000000001448,1.0119531765501102,1.2957422546359292e-11,2.335977292060522,-0.020213995053872558
27.18000000000145,1.0119531765496572,1.2940484792596586e-11,2.335977292060546,-0.020213995053834977
27.19000000000145,1.0119531765492047,1.2923388221043745e-11,2.3359772920605666,-0.02021399505380514
27.200000000001452,1.0119531765487526,1.2906581897680103e-11,2.335977292060588,-0.020213995053776412
27.210000000001454,1.0119531765483012,1.2889863962028858e-11,2.335977292060609,-0.020213995053742884
27.220000000001455,1.0119531765478507,1.2873250181862842e-11,2.3359772920606314,-0.020213995053712436
27.230000000001457,1.0119531765474004,1.2856530943969553e-11,2.335977292060652,-0.020213995053683098
27.24000000000146,1.0119531765469507,1.2839977902734447e-11,2.3359772920606736,-0.02021399505365082
27.25000000000146,1.0119531765465017,1.2823505305343784e-11,2.3359772920606945,-0.020213995053619427
27.26000000000146,1.0119531765460534,1.2807016205093569e-11,2.3359772920607162,-0.02021399505358512
27.270000000001463,1.0119531765456056,1.2790589609633678e-11,2.3359772920607376,-0.020213995053555617
27.280000000001465,1.0119531765451586,1.277430735406761e-11,2.335977292060761,-0.020213995053521477
27.290000000001466,1.011953176544712,1.2757726647590698e-11,2.3359772920607833,-0.020213995053486783
27.300000000001468,1.011953176544266,1.274105554674439e-11,2.3359772920608055,-0.02021399505345514
27.31000000000147,1.0119531765438206,1.27244363428265e-11,2.3359772920608277,-0.020213995053423695
27.32000000000147,1.0119531765433758,1.2707912671010723e-11,2.3359772920608495,-0.020213995053390915
27.330000000001473,1.0119531765429313,1.2691383916691889e-11,2.3359772920608703,-0.020213995053362854
27.340000000001474,1.0119531765424878,1.2674845296490719e-11,2.3359772920608934,-0.020213995053326578
27.350000000001476,1.0119531765420446,1.265819477935226e-11,2.335977292060916,-0.02021399505329366
27.360000000001477,1.011953176541602,1.2641611088002303e-11,2.3359772920609365,-0.020213995053267125
27.37000000000148,1.01195317654116,1.2625220191770422e-11,2.3359772920609583,-0.02021399505323626
27.38000000000148,1.0119531765407186,1.2608803792791121e-11,2.335977292060981,-0.02021399505320476
27.390000000001482,1.0119531765402776,1.2592365022793642e-11,2.335977292061001,-0.020213995053176476
27.400000000001484,1.011953176539838,1.2576103119184216e-11,2.3359772920610262,-0.020213995053136036
27.410000000001485,1.0119531765393985,1.2559405760574927e-11,2.3359772920610498,-0.02021399505310051
27.420000000001487,1.0119531765389593,1.2542606895826607e-11,2.335977292061071,-0.020213995053071226
27.43000000000149,1.011953176538521,1.2525904038158703e-11,2.335977292061094,-0.020213995053037226
27.44000000000149,1.0119531765380831,1.25090737245702e-11,2.335977292061116,-0.02021399505300636
27.45000000000149,1.011953176537646,1.2492254902962255e-11,2.3359772920611377,-0.02021399505297189
27.460000000001493,1.0119531765372092,1.247547380078853e-11,2.33597729206116,-0.020213995052938916
27.470000000001495,1.011953176536773,1.2458632759460683e-11,2.3359772920611825,-0.020213995052906664
27.480000000001496,1.0119531765363374,1.2441697493742888e-11,2.3359772920612025,-0.020213995052876577
27.490000000001498,1.0119531765359022,1.242491611318645e-11,2.335977292061223,-0.02021399505284424
27.5000000000015,1.011953176535468,1.2408275626341796e-11,2.3359772920612456,-0.020213995052814265
27.5100000000015,1.0119531765350338,1.2391739793911894e-11,2.335977292061266,-0.020213995052783762
27.520000000001502,1.0119531765346006,1.2375253584906095e-11,2.3359772920612865,-0.020213995052751038
27.530000000001504,1.0119531765341676,1.2358934341191944e-11,2.335977292061307,-0.02021399505272381
27.540000000001505,1.0119531765337353,1.2342685361328321e-11,2.335977292061326,-0.020213995052698774
27.550000000001507,1.0119531765333036,1.2326763115155324e-11,2.3359772920613464,-0.02021399505266555
27.56000000000151,1.0119531765328726,1.2310749115714655e-11,2.335977292061369,-0.020213995052632827
27.57000000000151,1.0119531765324419,1.2294738744796056e-11,2.335977292061388,-0.020213995052605016
27.58000000000151,1.011953176532012,1.2278981979234476e-11,2.335977292061409,-0.020213995052572153
27.590000000001513,1.0119531765315826,1.2263014661326869e-11,2.3359772920614303,-0.020213995052540734
27.600000000001515,1.011953176531154,1.224701386343243e-11,2.3359772920614525,-0.020213995052506567
27.610000000001516,1.011953176530726,1.2230846848880568e-11,2.335977292061474,-0.020213995052472622
27.620000000001518,1.011953176530298,1.221475289796287e-11,2.3359772920614934,-0.020213995052444034
27.63000000000152,1.011953176529871,1.2198641959016624e-11,2.3359772920615147,-0.020213995052412392
27.64000000000152,1.0119531765294445,1.218257360239926e-11,2.335977292061536,-0.020213995052382888
27.650000000001523,1.0119531765290182,1.2166597343695501e-11,2.335977292061555,-0.02021399505235283
27.660000000001524,1.0119531765285927,1.215087745947483e-11,2.335977292061575,-0.020213995052325767
27.670000000001526,1.0119531765281677,1.213514125615882e-11,2.335977292061595,-0.020213995052298844
27.680000000001527,1.0119531765277432,1.2119426218496843e-11,2.3359772920616146,-0.02021399505226687
27.69000000000153,1.0119531765273195,1.210390509450169e-11,2.3359772920616355,-0.020213995052239142
27.70000000000153,1.011953176526896,1.2088448686925485e-11,2.3359772920616564,-0.02021399505220936
27.710000000001532,1.0119531765264733,1.2073011473630007e-11,2.3359772920616764,-0.02021399505218091
27.720000000001534,1.0119531765260514,1.2057586836133577e-11,2.3359772920616986,-0.020213995052147077
27.730000000001535,1.01195317652563,1.2042039978939038e-11,2.3359772920617203,-0.020213995052114492
27.740000000001537,1.011953176525209,1.2026288995749584e-11,2.335977292061741,-0.020213995052082656
27.75000000000154,1.0119531765247882,1.2010589236979608e-11,2.3359772920617607,-0.020213995052057343
27.76000000000154,1.0119531765243683,1.1994914993451638e-11,2.335977292061782,-0.020213995052026923
27.77000000000154,1.011953176523949,1.197932452398693e-11,2.335977292061803,-0.020213995051998057
27.780000000001543,1.0119531765235301,1.1963660195534817e-11,2.3359772920618247,-0.020213995051965722
27.790000000001545,1.011953176523112,1.1947996258576375e-11,2.335977292061846,-0.020213995051932887
27.800000000001546,1.0119531765226943,1.193224592758832e-11,2.335977292061867,-0.020213995051901634
27.810000000001548,1.0119531765222771,1.1916470035159002e-11,2.3359772920618873,-0.020213995051873823
27.82000000000155,1.0119531765218601,1.1900793526203817e-11,2.3359772920619064,-0.020213995051846623
27.83000000000155,1.0119531765214442,1.188533147072312e-11,2.3359772920619273,-0.020213995051816175
27.840000000001552,1.0119531765210286,1.1869895309364715e-11,2.3359772920619464,-0.020213995051787337
27.850000000001554,1.0119531765206133,1.1854537789568332e-11,2.3359772920619672,-0.020213995051759526
27.860000000001556,1.0119531765201988,1.1839235878753056e-11,2.3359772920619863,-0.02021399505173299
27.870000000001557,1.011953176519785,1.1824198277529005e-11,2.3359772920620085,-0.020213995051703848
27.88000000000156,1.0119531765193717,1.1808914408241198e-11,2.3359772920620285,-0.02021399505167143
27.89000000000156,1.0119531765189587,1.179360666883121e-11,2.335977292062048,-0.020213995051645478
27.90000000000156,1.0119531765185463,1.1778294369960228e-11,2.3359772920620694,-0.020213995051614808
27.910000000001563,1.0119531765181349,1.1762989159875755e-11,2.335977292062091,-0.020213995051584416
27.920000000001565,1.0119531765177239,1.1747598603786527e-11,2.3359772920621134,-0.02021399505154739
27.930000000001566,1.011953176517313,1.1731849857015225e-11,2.335977292062134,-0.020213995051520467
27.940000000001568,1.011953176516903,1.1716207628753973e-11,2.3359772920621547,-0.020213995051490213
27.95000000000157,1.0119531765164935,1.1700592916092336e-11,2.3359772920621755,-0.02021399505145674
27.96000000000157,1.0119531765160845,1.1684954311944492e-11,2.3359772920621964,-0.02021399505142829
27.970000000001573,1.011953176515676,1.1669229582053706e-11,2.335977292062217,-0.020213995051398315
27.980000000001574,1.0119531765152678,1.1653563795950247e-11,2.335977292062236,-0.02021399505137267
27.990000000001576,1.0119531765148604,1.1638126270894985e-11,2.335977292062257,-0.020213995051343164
28.000000000001577,1.0119531765144532,1.1622844523315855e-11,2.3359772920622746,-0.020213995051317185
28.01000000000158,1.0119531765140468,1.1607666541926515e-11,2.3359772920622945,-0.020213995051287265
28.02000000000158,1.011953176513641,1.159250113728104e-11,2.3359772920623154,-0.020213995051261036
28.030000000001582,1.0119531765132357,1.1577421929343303e-11,2.3359772920623363,-0.020213995051227146
28.040000000001584,1.0119531765128311,1.1562173626774511e-11,2.335977292062358,-0.02021399505119506
28.050000000001585,1.0119531765124268,1.1546640408043686e-11,2.335977292062378,-0.02021399505116722
28.060000000001587,1.011953176512023,1.1531251841244818e-11,2.335977292062397,-0.020213995051136635
28.07000000000159,1.01195317651162,1.1515956945976159e-11,2.3359772920624184,-0.02021399505110444
28.08000000000159,1.0119531765112175,1.1500376480793798e-11,2.3359772920624393,-0.02021399505107152
28.09000000000159,1.0119531765108152,1.1484569103191191e-11,2.335977292062459,-0.020213995051045597
28.100000000001593,1.0119531765104137,1.1469096016276642e-11,2.335977292062478,-0.020213995051016315
28.110000000001595,1.0119531765100125,1.1453779786622115e-11,2.3359772920624966,-0.020213995050988726
28.120000000001596,1.0119531765096117,1.1438512707159481e-11,2.335977292062515,-0.02021399505096394
28.130000000001598,1.0119531765092116,1.1423525732661857e-11,2.3359772920625326,-0.02021399505093807
28.1400000000016,1.0119531765088121,1.1408716385389656e-11,2.335977292062553,-0.020213995050906458
28.1500000000016,1.011953176508413,1.1393887667618825e-11,2.3359772920625725,-0.020213995050879535
28.160000000001602,1.0119531765080145,1.1379055185683836e-11,2.3359772920625907,-0.020213995050851585
28.170000000001604,1.0119531765076162,1.136434251732085e-11,2.335977292062608,-0.020213995050828243
28.180000000001606,1.0119531765072187,1.134989884282803e-11,2.335977292062628,-0.02021399505079957
28.190000000001607,1.0119531765068217,1.1335434142709467e-11,2.3359772920626463,-0.020213995050775257
28.20000000000161,1.0119531765064254,1.1321168489259213e-11,2.3359772920626662,-0.02021399505074606
28.21000000000161,1.0119531765060295,1.1306829562965883e-11,2.3359772920626862,-0.020213995050715722
28.220000000001612,1.0119531765056344,1.1292296597731772e-11,2.3359772920627075,-0.020213995050682276
28.230000000001613,1.0119531765052396,1.1277418029614571e-11,2.335977292062728,-0.020213995050649664
28.240000000001615,1.0119531765048455,1.1262466442201216e-11,2.335977292062748,-0.020213995050620825
28.250000000001616,1.0119531765044516,1.1247544987572625e-11,2.3359772920627666,-0.020213995050593153
28.260000000001618,1.0119531765040584,1.1232651957309573e-11,2.335977292062788,-0.02021399505056179
28.27000000000162,1.0119531765036656,1.1217639083681324e-11,2.335977292062806,-0.020213995050535366
28.28000000000162,1.0119531765032732,1.120279183950876e-11,2.335977292062825,-0.020213995050508665
28.290000000001623,1.0119531765028813,1.1188104630667463e-11,2.335977292062842,-0.020213995050483574
28.300000000001624,1.01195317650249,1.1173374927115596e-11,2.335977292062862,-0.020213995050455763
28.310000000001626,1.011953176502099,1.1158737635929889e-11,2.33597729206288,-0.020213995050432226
28.320000000001627,1.0119531765017087,1.1144436391645683e-11,2.3359772920628985,-0.020213995050406608
28.33000000000163,1.0119531765013188,1.1130317798487666e-11,2.3359772920629154,-0.020213995050383043
28.34000000000163,1.0119531765009293,1.1116257327067686e-11,2.3359772920629336,-0.020213995050360367
28.350000000001632,1.0119531765005405,1.110244962920987e-11,2.3359772920629522,-0.020213995050335276
28.360000000001634,1.0119531765001524,1.1088758835184513e-11,2.335977292062972,-0.020213995050307132
28.370000000001635,1.011953176499765,1.1074828468834136e-11,2.3359772920629918,-0.020213995050275074
28.380000000001637,1.0119531764993777,1.1060714023925731e-11,2.3359772920630126,-0.02021399505024582
28.39000000000164,1.0119531764989913,1.1046466171228363e-11,2.3359772920630344,-0.02021399505021526
28.40000000000164,1.0119531764986054,1.1031971730968051e-11,2.335977292063054,-0.02021399505018287
28.41000000000164,1.0119531764982197,1.101736255761621e-11,2.3359772920630744,-0.02021399505015578
28.420000000001643,1.0119531764978347,1.1002687103082469e-11,2.335977292063094,-0.020213995050125833
28.430000000001645,1.01195317649745,1.0988040347752257e-11,2.335977292063115,-0.02021399505009644
28.440000000001646,1.011953176497066,1.0973135455265033e-11,2.3359772920631348,-0.02021399505006724
28.450000000001648,1.0119531764966825,1.0958307200547384e-11,2.335977292063155,-0.020213995050042177
28.46000000000165,1.0119531764962992,1.0943442938162479e-11,2.3359772920631743,-0.0202139950500147
28.47000000000165,1.0119531764959167,1.0928630601700579e-11,2.3359772920631947,-0.020213995049985528
28.480000000001652,1.0119531764955347,1.0913800807862765e-11,2.335977292063213,-0.020213995049956662
28.490000000001654,1.011953176495153,1.089907919440876e-11,2.3359772920632325,-0.02021399504993099
28.500000000001656,1.011953176494772,1.088423318103554e-11,2.335977292063253,-0.020213995049900957
28.510000000001657,1.0119531764943914,1.0869359733523497e-11,2.33597729206327,-0.020213995049870453
28.52000000000166,1.0119531764940113,1.0854695189491726e-11,2.335977292063289,-0.02021399504984492
28.53000000000166,1.0119531764936316,1.0840173531876261e-11,2.335977292063307,-0.020213995049818606
28.540000000001662,1.0119531764932528,1.0825688727618259e-11,2.3359772920633284,-0.020213995049785494
28.550000000001663,1.011953176492874,1.0810881955355973e-11,2.335977292063346,-0.02021399504975832
28.560000000001665,1.011953176492496,1.0796202960451128e-11,2.335977292063365,-0.020213995049728956
28.570000000001667,1.0119531764921186,1.0781373472902964e-11,2.335977292063383,-0.02021399504969934
28.580000000001668,1.0119531764917413,1.0766622453283063e-11,2.3359772920634008,-0.020213995049673777
28.59000000000167,1.0119531764913645,1.0752051923493994e-11,2.335977292063418,-0.02021399504964852
28.60000000000167,1.0119531764909884,1.0737580016629038e-11,2.3359772920634367,-0.020213995049623235
28.610000000001673,1.0119531764906127,1.0723337402904682e-11,2.335977292063454,-0.020213995049593342
28.620000000001674,1.0119531764902374,1.0709139696403225e-11,2.3359772920634705,-0.020213995049569833
28.630000000001676,1.0119531764898626,1.0695039913514232e-11,2.3359772920634874,-0.020213995049544242
28.640000000001677,1.0119531764894885,1.068111992162563e-11,2.3359772920635047,-0.020213995049514377
28.65000000000168,1.0119531764891148,1.0667176782904065e-11,2.335977292063522,-0.02021399504948984
28.66000000000168,1.0119531764887415,1.0653322902867477e-11,2.3359772920635393,-0.020213995049462863
28.670000000001682,1.0119531764883687,1.0639481722398307e-11,2.3359772920635566,-0.020213995049435413
28.680000000001684,1.0119531764879963,1.0625705855748454e-11,2.335977292063574,-0.020213995049409905
28.690000000001685,1.0119531764876246,1.0612218944005993e-11,2.3359772920635917,-0.020213995049381872
28.700000000001687,1.0119531764872536,1.0598562146123091e-11,2.335977292063609,-0.020213995049355366
28.71000000000169,1.0119531764868825,1.0585008833721305e-11,2.335977292063626,-0.020213995049336048
28.72000000000169,1.0119531764865122,1.0571668161295139e-11,2.3359772920636424,-0.02021399504930832
28.73000000000169,1.0119531764861422,1.0558282034855831e-11,2.3359772920636614,-0.02021399504928062
28.740000000001693,1.0119531764857728,1.0544857718771054e-11,2.335977292063678,-0.020213995049258526
28.750000000001695,1.011953176485404,1.0531614983128242e-11,2.3359772920636956,-0.020213995049230604
28.760000000001696,1.0119531764850358,1.0518245529231773e-11,2.3359772920637147,-0.02021399504920146
28.770000000001698,1.0119531764846679,1.0504815837053776e-11,2.335977292063732,-0.020213995049178174
28.7800000000017,1.0119531764843004,1.049148237838551e-11,2.335977292063751,-0.020213995049148725
28.7900000000017,1.0119531764839338,1.047798490128346e-11,2.3359772920637702,-0.02021399504911714
28.800000000001702,1.011953176483567,1.0464221633914593e-11,2.3359772920637862,-0.020213995049097044
28.810000000001704,1.011953176483201,1.0450795206409148e-11,2.335977292063803,-0.020213995049073397
28.820000000001706,1.0119531764828353,1.043747382419385e-11,2.335977292063821,-0.020213995049047584
28.830000000001707,1.0119531764824705,1.0424252635624545e-11,2.3359772920638395,-0.0202139950490213
28.84000000000171,1.011953176482106,1.0410970112809206e-11,2.3359772920638573,-0.02021399504899432
28.85000000000171,1.011953176481742,1.0397522756275219e-11,2.335977292063875,-0.02021399504896962
28.860000000001712,1.0119531764813785,1.0384171995063217e-11,2.335977292063894,-0.020213995048939642
28.870000000001713,1.011953176481015,1.0370719694696833e-11,2.33597729206391,-0.020213995048920214
28.880000000001715,1.0119531764806522,1.0357621792861401e-11,2.335977292063927,-0.020213995048896705
28.890000000001717,1.01195317648029,1.0344501289374961e-11,2.335977292063946,-0.02021399504887139
28.900000000001718,1.0119531764799286,1.0331357566359138e-11,2.3359772920639643,-0.0202139950488458
28.91000000000172,1.0119531764795675,1.0318051175817847e-11,2.335977292063983,-0.020213995048817157
28.92000000000172,1.0119531764792071,1.0304662027893518e-11,2.335977292064004,-0.020213995048785793
28.930000000001723,1.0119531764788467,1.0291113091727533e-11,2.3359772920640216,-0.020213995048762645
28.940000000001724,1.0119531764784868,1.0277516963467317e-11,2.3359772920640394,-0.020213995048734362
28.950000000001726,1.0119531764781278,1.0263824373725716e-11,2.33597729206406,-0.02021399504870583
28.960000000001727,1.011953176477769,1.0249896267530301e-11,2.3359772920640784,-0.020213995048681127
28.97000000000173,1.0119531764774108,1.0236026782051847e-11,2.335977292064097,-0.02021399504865304
28.98000000000173,1.0119531764770529,1.0222208752706611e-11,2.3359772920641153,-0.02021399504862814
28.990000000001732,1.0119531764766951,1.0208393018398811e-11,2.3359772920641317,-0.020213995048604688
29.000000000001734,1.0119531764763383,1.0194832070751603e-11,2.335977292064151,-0.020213995048579958
29.010000000001735,1.0119531764759815,1.018121391873642e-11,2.3359772920641673,-0.020213995048556282
29.020000000001737,1.0119531764756255,1.0167741918906462e-11,2.3359772920641846,-0.020213995048532718
29.03000000000174,1.01195317647527,1.0154370352017884e-11,2.335977292064203,-0.0202139950485056
29.04000000000174,1.0119531764749148,1.0141000783029581e-11,2.3359772920642197,-0.02021399504848395
29.05000000000174,1.01195317647456,1.0127819350062041e-11,2.335977292064236,-0.02021399504846144
29.060000000001743,1.011953176474206,1.0114765578170349e-11,2.335977292064255,-0.02021399504843452
29.070000000001745,1.011953176473852,1.010163827778554e-11,2.335977292064271,-0.020213995048413147
29.080000000001746,1.0119531764734986,1.0088604823509927e-11,2.3359772920642867,-0.02021399504839194
29.090000000001748,1.011953176473146,1.0075802591651333e-11,2.335977292064306,-0.020213995048361577
29.10000000000175,1.0119531764727936,1.0062851493128768e-11,2.335977292064324,-0.020213995048337985
29.11000000000175,1.0119531764724419,1.0049891809411709e-11,2.3359772920643427,-0.020213995048308675
29.120000000001752,1.0119531764720906,1.0036717325076712e-11,2.3359772920643604,-0.02021399504828228
29.130000000001754,1.0119531764717395,1.0023476671781856e-11,2.335977292064377,-0.020213995048260464
29.140000000001756,1.0119531764713892,1.0010288893790394e-11,2.3359772920643955,-0.02021399504823218
29.150000000001757,1.0119531764710394,9.997157178613537e-12,2.3359772920644146,-0.02021399504820398
29.16000000000176,1.0119531764706897,9.983655213335462e-12,2.3359772920644306,-0.020213995048181443
29.17000000000176,1.0119531764703407,9.970365579669358e-12,2.3359772920644484,-0.02021399504815663
29.180000000001762,1.0119531764699923,9.95707493961414e-12,2.335977292064467,-0.020213995048126848
29.190000000001763,1.011953176469644,9.943694396843207e-12,2.3359772920644835,-0.020213995048102673
29.200000000001765,1.0119531764692962,9.930445045687583e-12,2.335977292064501,-0.020213995048079803
29.210000000001767,1.011953176468949,9.917266984840357e-12,2.3359772920645168,-0.020213995048055267
29.220000000001768,1.0119531764686018,9.904126885561346e-12,2.3359772920645354,-0.020213995048032812
29.23000000000177,1.0119531764682554,9.891215802072937e-12,2.3359772920645505,-0.02021399504801083
29.24000000000177,1.0119531764679093,9.878419943360447e-12,2.335977292064568,-0.020213995047989486
29.250000000001773,1.0119531764675638,9.865576859999056e-12,2.335977292064584,-0.020213995047967892
29.260000000001774,1.0119531764672187,9.85302018797952e-12,2.3359772920646007,-0.020213995047943162
29.270000000001776,1.0119531764668739,9.84042794470548e-12,2.3359772920646167,-0.020213995047923816
29.280000000001777,1.01195317646653,9.828049829413027e-12,2.335977292064635,-0.020213995047897282
29.29000000000178,1.0119531764661864,9.815548189598466e-12,2.3359772920646535,-0.020213995047869388
29.30000000000178,1.0119531764658432,9.802696798051837e-12,2.335977292064671,-0.020213995047846545
29.310000000001782,1.0119531764655005,9.790027313235821e-12,2.335977292064688,-0.020213995047816624
29.320000000001784,1.0119531764651581,9.777235742717991e-12,2.3359772920647055,-0.02021399504779528
29.330000000001785,1.0119531764648162,9.764384468819987e-12,2.3359772920647224,-0.020213995047771577
29.340000000001787,1.0119531764644751,9.751721371718658e-12,2.3359772920647415,-0.020213995047745625
29.35000000000179,1.0119531764641339,9.738720148802573e-12,2.335977292064758,-0.020213995047724864
29.36000000000179,1.0119531764637932,9.725973861225971e-12,2.335977292064774,-0.02021399504770005
29.37000000000179,1.0119531764634533,9.713393454558166e-12,2.335977292064792,-0.020213995047675737
29.380000000001793,1.0119531764631138,9.700647024254086e-12,2.3359772920648094,-0.020213995047649647
29.390000000001795,1.0119531764627745,9.687887675898684e-12,2.335977292064826,-0.020213995047628525
29.400000000001796,1.0119531764624357,9.675182574466943e-12,2.3359772920648423,-0.02021399504760693
29.410000000001798,1.0119531764620973,9.662656787649542e-12,2.335977292064859,-0.020213995047580063
29.4200000000018,1.0119531764617593,9.650162129273733e-12,2.3359772920648756,-0.020213995047561273
29.4300000000018,1.0119531764614218,9.637691433028566e-12,2.3359772920648916,-0.020213995047541594
29.440000000001803,1.0119531764610847,9.62541768089343e-12,2.335977292064908,-0.02021399504751703
29.450000000001804,1.0119531764607483,9.613156560661779e-12,2.335977292064926,-0.020213995047491023
29.460000000001806,1.011953176460412,9.60074112199352e-12,2.3359772920649418,-0.020213995047471928
29.470000000001807,1.0119531764600767,9.588624385816848e-12,2.335977292064961,-0.020213995047443672
29.48000000000181,1.0119531764597414,9.57613525500648e-12,2.335977292064978,-0.02021399504742097
29.49000000000181,1.0119531764594065,9.563526792589954e-12,2.335977292064996,-0.02021399504739596
29.500000000001812,1.0119531764590726,9.5510185135582e-12,2.3359772920650137,-0.02021399504736876
29.510000000001813,1.0119531764587386,9.538229768739624e-12,2.3359772920650315,-0.020213995047344585
29.520000000001815,1.0119531764584053,9.525488863992353e-12,2.33597729206505,-0.020213995047317773
29.530000000001817,1.0119531764580723,9.512588783681348e-12,2.3359772920650674,-0.020213995047295152
29.540000000001818,1.0119531764577396,9.49970168340278e-12,2.335977292065084,-0.020213995047269506
29.55000000000182,1.0119531764574077,9.486823105651615e-12,2.3359772920651025,-0.020213995047243166
29.56000000000182,1.011953176457076,9.473848818791099e-12,2.335977292065119,-0.020213995047219768
29.570000000001823,1.0119531764567447,9.460997118708088e-12,2.335977292065135,-0.020213995047196842
29.580000000001824,1.0119531764564138,9.448089998685514e-12,2.335977292065151,-0.020213995047173056
29.590000000001826,1.0119531764560834,9.435351610253164e-12,2.3359772920651687,-0.020213995047150435
29.600000000001828,1.0119531764557537,9.42267097142607e-12,2.335977292065187,-0.020213995047123012
29.61000000000183,1.011953176455424,9.409738706164789e-12,2.3359772920652,-0.02021399504710439
29.62000000000183,1.0119531764550949,9.397229848755983e-12,2.335977292065217,-0.020213995047080185
29.630000000001832,1.011953176454766,9.384595692222891e-12,2.335977292065233,-0.02021399504705859
29.640000000001834,1.0119531764544378,9.372052695810915e-12,2.3359772920652504,-0.020213995047035693
29.650000000001835,1.0119531764541099,9.359713743480663e-12,2.3359772920652633,-0.02021399504701396
29.660000000001837,1.0119531764537821,9.347523767754979e-12,2.3359772920652784,-0.02021399504699567
29.67000000000184,1.0119531764534555,9.33551563340579e-12,2.335977292065296,-0.020213995046968775
29.68000000000184,1.011953176453129,9.323246480857425e-12,2.335977292065314,-0.020213995046940075
29.69000000000184,1.0119531764528031,9.310805097684183e-12,2.335977292065329,-0.020213995046917788
29.700000000001843,1.0119531764524774,9.298550937994157e-12,2.335977292065346,-0.02021399504689264
29.710000000001845,1.011953176452152,9.286180458249076e-12,2.3359772920653628,-0.020213995046870187
29.720000000001846,1.0119531764518275,9.273870495878373e-12,2.3359772920653787,-0.020213995046845123
29.730000000001848,1.011953176451503,9.261436883634934e-12,2.3359772920653947,-0.020213995046819644
29.74000000000185,1.0119531764511789,9.249058225225281e-12,2.335977292065409,-0.02021399504680188
29.75000000000185,1.0119531764508554,9.236921938784679e-12,2.3359772920654245,-0.02021399504677643
29.760000000001853,1.011953176450532,9.224845973816666e-12,2.3359772920654387,-0.02021399504675453
29.770000000001854,1.0119531764502094,9.212896467968999e-12,2.335977292065455,-0.020213995046731326
29.780000000001856,1.011953176449887,9.200810009712884e-12,2.3359772920654707,-0.020213995046710675
29.790000000001857,1.011953176449565,9.18889976352649e-12,2.335977292065484,-0.020213995046688416
29.80000000000186,1.0119531764492438,9.177104960176396e-12,2.335977292065501,-0.020213995046662825
29.81000000000186,1.0119531764489227,9.165217256354856e-12,2.3359772920655164,-0.02021399504664212
29.820000000001862,1.011953176448602,9.153417710878867e-12,2.335977292065532,-0.020213995046620997
29.830000000001863,1.0119531764482819,9.141665060526158e-12,2.3359772920655466,-0.020213995046600347
29.840000000001865,1.0119531764479621,9.129993916833177e-12,2.335977292065562,-0.020213995046576505
29.850000000001867,1.0119531764476428,9.118338234604201e-12,2.3359772920655772,-0.02021399504655305
29.860000000001868,1.0119531764473237,9.106682464003222e-12,2.3359772920655937,-0.020213995046530875
29.87000000000187,1.011953176447005,9.095088308309134e-12,2.3359772920656074,-0.0202139950465115
29.88000000000187,1.0119531764466871,9.083527473881577e-12,2.335977292065625,-0.020213995046484162
29.890000000001873,1.0119531764463696,9.071781663842987e-12,2.335977292065641,-0.020213995046460154
29.900000000001874,1.0119531764460528,9.059845416140385e-12,2.3359772920656585,-0.020213995046433314
29.910000000001876,1.011953176445736,9.047764065237015e-12,2.3359772920656754,-0.02021399504640828
29.920000000001878,1.0119531764454197,9.035672654050009e-12,2.3359772920656927,-0.020213995046383215
29.93000000000188,1.0119531764451035,9.02334730305301e-12,2.3359772920657087,-0.020213995046362038
29.94000000000188,1.0119531764447878,9.011167468245727e-12,2.335977292065723,-0.020213995046340583
29.950000000001882,1.011953176444473,8.999047620542256e-12,2.3359772920657393,-0.02021399504631463
29.960000000001884,1.011953176444158,8.98697375202262e-12,2.335977292065755,-0.020213995046294897
29.970000000001885,1.0119531764438436,8.974864022236407e-12,2.335977292065771,-0.02021399504627286
29.980000000001887,1.0119531764435294,8.962856386605206e-12,2.3359772920657846,-0.02021399504625271
29.99000000000189,1.011953176443216,8.95110621788299e-12,2.3359772920658,-0.02021399504622931
30.0,1.011953176442903,8.939324298084881e-12,2.335977292065816,-0.020213995046206218
30.0,1.011953176442903,8.939324298084881e-12,2.335977292065816,-0.020213995046206218
30.01,1.01195318286129,1.244397675227872e-6,2.33591761388149,-0.02023791792448429
30.020000000000003,1.011953226620724,9.501533820888454e-6,2.335745771775139,-0.020306829202788285
30.030000000000005,1.011953341966688,3.058900894625756e-5,2.335472863536037,-0.020416708900636016
30.040000000000006,1.0119535600283396,6.912742364893863e-5,2.3351102637690526,-0.020563887966061373
30.050000000000008,1.011953909098912,0.0001286545724323143,2.334669468836783,-0.020745036866978928
30.06000000000001,1.0119544149039905,0.0002117353860961469,2.334161957545328,-0.020957147977470975
30.07000000000001,1.0119551008535483,0.0003200671014165551,2.333599067186468,-0.021197513736880946
30.080000000000013,1.0119559882750453,0.0004545792636810242,2.3329918844354953,-0.021463702163058956
30.090000000000014,1.011957096626025,0.000615528282735716,2.332351150510298,-0.021753530972448254
30.100000000000016,1.0119584436855324,0.0008025863606982213,2.331687179922366,-0.02206504128735992
30.110000000000017,1.0119600457243678,0.0010149246919255504,2.3310097920925843,-0.022396471685874275
30.12000000000002,1.01196191765472,0.0012512909053501355,2.3303282550623288,-0.022746233164690405
30.13000000000002,1.0119640731601094,0.00151008077770401,2.3296512405018293,-0.023112885433041103
30.140000000000022,1.0119665248068606,0.0017894042949551333,2.3289867892013443,-0.023495114831575736
30.150000000000023,1.011969284138505,0.002087146179775974,2.328342286224798,-0.023891714069095737
30.160000000000025,1.0119723617546423,0.002401021036169159,2.327724444908747,-0.02430156388844465
30.170000000000027,1.011975767375841,0.002728623289425489,2.3271392989005104,-0.024723616707513746
30.180000000000028,1.011979509896181,0.0030674721212107414,2.32659220144672,-0.02515688222974538
30.19000000000003,1.011983597425005,0.003415051616484038,2.326087831166403,-0.02560041497823981
30.20000000000003,1.0119880373194068,0.003768846351753952,2.3256302035700296,-0.026053303676644324
30.210000000000033,1.0119928362089001,0.004126372663403417,2.3252226876166877,-0.026514662377227494
30.220000000000034,1.0119980000136355,0.0044852058409479804,2.32486802663517,-0.02698362322012532
30.230000000000036,1.0120035339574203,0.0048430034935248965,2.3245683629703318,-0.02745933069675996
30.240000000000038,1.0120094425766981,0.005197525339009241,2.324325265753226,-0.027940937284048145
30.25000000000004,1.0120157297265395,0.0055466496642302705,2.3241397612315158,-0.028427600312991824
30.26000000000004,1.0120223985845715,0.0058883867020914785,2.324012365135231,-0.028918479935431396
30.270000000000042,1.012029451653677,0.006220889167234587,2.323943116591524,-0.029412738055181964
30.280000000000044,1.0120368907641821,0.006542460186441052,2.3239316131404966,-0.029909538093909033
30.290000000000045,1.0120447170761497,0.006851558853429529,2.3239770464419904,-0.030408045468042766
30.300000000000047,1.0120529310822985,0.0071468036302666,2.324078238300289,-0.030907428659554176
30.31000000000005,1.012061532611978,0.007426973809403125,2.324233676669766,-0.03140686077121216
30.32000000000005,1.0120705208365415,0.007691009241531614,2.3244415513393997,-0.03190552146488149
30.33000000000005,1.0120798942763871,0.007938008525154028,2.3246997890276764,-0.032402599189799514
30.340000000000053,1.0120896508098574,0.008167225844058287,2.3250060876515617,-0.032897293616379414
30.350000000000055,1.012099787684129,0.008378066628950468,2.32535794956388,-0.03338881819944983
30.360000000000056,1.0121103015281694,0.008570082209348124,2.3257527135824945,-0.03387640280321183
30.370000000000058,1.0121211883677739,0.008742963611604412,2.3261875856621095,-0.03435929632843396
30.38000000000006,1.0121324436426704,0.008896534648687962,2.326659668085292,-0.0348367692898669
30.39000000000006,1.0121440622256226,0.009030744437125912,2.327165987073348,-0.03530811629970687
30.400000000000063,1.012156038443443,0.009145659466439146,2.327703518740104,-0.03577265841948682
30.410000000000064,1.012168366099792,0.009241455336455455,2.328269213332318,-0.0362297453496572
30.420000000000066,1.0121810384996237,0.00931840826818258,2.3288600177195193,-0.03667875743193391
30.430000000000067,1.0121940484751126,0.009376886484458596,2.3294728961134505,-0.037119107445263616
30.44000000000007,1.0122073884128964,0.009417341547431745,2.330104849013166,-0.03755024218112299
30.45000000000007,1.0122210502824431,0.009440299731081781,2.3307529303860113,-0.03797164378877585
30.460000000000072,1.0122350256653612,0.009446353498508184,2.3314142631076185,-0.03838283088495048
30.470000000000073,1.0122493057854591,0.0094361531455907,2.332086052695281,-0.03878335942625627
30.480000000000075,1.0122638815393654,0.009410398664905666,2.332765599379091,-0.03917282334587807
30.490000000000077,1.0122787435275182,0.009369831876461976,2.3334503085638625,-0.039550854958836534
30.500000000000078,1.0122938820853482,0.009315228864914737,2.3341376997422625,-0.03991712514255821
30.51000000000008,1.0123092873144692,0.009247392756424952,2.3348254139257913,-0.040271343301618856
30.52000000000008,1.0123249491137152,0.009167146862275764,2.335511219665411,-0.04061325712711328
30.530000000000083,1.0123408572098602,0.009075328210710724,2.3361930177376475,-0.04094265216252094
30.540000000000084,1.0123570011878766,0.008972781483236644,2.3368688445752133,-0.041259351189099125
30.550000000000086,1.0123733705205868,0.008860353366822817,2.3375368745233347,-0.04156321344452288
30.560000000000088,1.012389954597589,0.008738887329028236,2.3381954210044515,-0.04185413368919502
30.57000000000009,1.0124067427533356,0.008609218819071012,2.3388429366746015,-0.04213204113491267
30.58000000000009,1.012423724294268,0.008472170894236075,2.339478012654788,-0.04239689825076995
30.590000000000092,1.0124408885249092,0.008328550267756672,2.340099376919994,-0.04264869946117772
30.600000000000094,1.0124582247728453,0.008179143771405724,2.340705891927346,-0.04288746975066579
30.610000000000095,1.0124757224125163,0.008024715223476683,2.341296551563195,-0.04311326318997255
30.620000000000097,1.0124933708877748,0.007866002690602204,2.341870477486883,-0.04332616139722953
30.6300000000001,1.012511159733155,0.007703716129923458,2.342426914946349,-0.04352627194796066
30.6400000000001,1.0125290785938275,0.007538535396500805,2.3429652281380626,-0.043713726746645504
30.6500000000001,1.0125471172442104,0.007371108599486941,2.343484895180586,-0.043888680372160094
30.660000000000103,1.012565265605227,0.007202050789477933,2.343985502767842,-0.044051308408687206
30.670000000000105,1.0125835137602008,0.007031942958596758,2.3444667405646866,-0.04420180577289884
30.680000000000106,1.0126018519693927,0.0068613313342088325,2.344928395403727,-0.04434038504748555
30.690000000000108,1.0126202706831926,0.0066907269467327704,2.345370345338676,-0.044467274830335246
30.70000000000011,1.0126387605539817,0.006520605451748655,2.345792553605721,-0.04458271810786546
30.71000000000011,1.012657312446689,0.006351407186522704,2.3461950625406374,-0.04468697066021535
30.720000000000113,1.0126759174480742,0.0061835374411340705,2.346577987495504,-0.04478029950525922
30.730000000000114,1.0126945668747738,0.006017366924593205,2.346941510795196,-0.044862981387521844
30.740000000000116,1.0127132522801445,0.005853232406675152,2.3472858757700137,-0.04493530131757975
30.750000000000117,1.012731965459955,0.005691437516628352,2.3476113808972707,-0.04499755116645163
30.76000000000012,1.012750698456969,0.00553225368045383,2.3479183740810035,-0.04505002831905619
30.77000000000012,1.0127694435644712,0.005375921179066329,2.348207247095583,-0.045093034390090214
30.780000000000122,1.0127881933287874,0.005222650310343927,2.348478430215687,-0.04512687400489174
30.790000000000123,1.0128069405508568,0.005072622638808781,2.3487323870518755,-0.04515185364741561
30.800000000000125,1.0128256782869067,0.0049259923174857605,2.3489696096079973,-0.045168280576840636
30.810000000000127,1.0128443998482897,0.004782887467316329,2.3491906135737457,-0.04517646181364876
30.820000000000128,1.012863098800541,0.0046434116003641395,2.3493959338629953,-0.045176703195806356
30.83000000000013,1.0128817689617102,0.004507645073935665,2.34958612040595,-0.04516930850481199
30.84000000000013,1.0129004044000263,0.0043756465636264055,2.3497617342007486,-0.04515457866140929
30.850000000000133,1.0129189994309515,0.0042474545442085605,2.3499233436279745,-0.045132810989982036
30.860000000000134,1.0129375486136798,0.004123088768164001,2.350071521029442,-0.04510429855052636
30.870000000000136,1.0129560467471317,0.004002551732561149,2.3502068395507285,-0.04506932953671469
30.880000000000138,1.0129744888655055,0.003885830125845753,2.3503298702452824,-0.04502818673821257
30.89000000000014,1.0129928702334239,0.0037728962469666073,2.350441179436247,-0.044981147065395743
30.90000000000014,1.013011186340741,0.003663709390101364,2.3505413263309363,-0.044928481134006576
30.910000000000142,1.0130294328970386,0.003558217189039239,2.3506308608814317,-0.04487045290759634
30.920000000000144,1.0130476058258782,0.0034563569160712565,2.3507103218839487,-0.04480731939496391
30.930000000000145,1.0130657012588342,0.003358056730964889,2.350780235308425,-0.04473933040001052
30.940000000000147,1.0130837155293575,0.0032632368763257573,2.3508411128491633,-0.04466672832130203
30.95000000000015,1.0131016451665087,0.0031718108163127615,2.350893450686607,-0.044589747998332485
30.96000000000015,1.0131194868885962,0.0030836863163142647,2.350937728449811,-0.0445086166016434
30.97000000000015,1.0131372375967491,0.0029987664617838724,2.3509744083687405,-0.044423553563945783
30.980000000000153,1.0131548943684636,0.002916950614999039,2.3510039346051768,-0.04433477054922938
30.990000000000155,1.0131724544511482,0.002838135309017561,2.351026732750907,-0.04424247145691754
31.000000000000156,1.0131899152556922,0.002762215078586028,2.3510432094815807,-0.04414685245831795
31.010000000000158,1.0132072743500875,0.00268908322819565,2.3510537523547788,-0.04404810206236054
31.02000000000016,1.0132245294531226,0.002618632537874412,2.3510587297407524,-0.043946401207949404
31.03000000000016,1.0132416784281673,0.0025507559076674495,2.3510584908744687,-0.043841923380221304
31.040000000000163,1.0132587192770712,0.002485346942083138,2.3510533660178097,-0.04373483474800907
31.050000000000164,1.0132756501341875,0.002422300476061729,2.351043666720977,-0.04362529432003223
31.060000000000166,1.0132924692605352,0.002361513044279172,2.3510296861724655,-0.043513454117451444
31.070000000000167,1.0133091750381138,0.002302883295818025,2.351011699627358,-0.04339945936033962
31.08000000000017,1.0133257659643835,0.0022463123564155554,2.3509899649040324,-0.04328344866594025
31.09000000000017,1.0133422406469113,0.0021917041406551057,2.350964722939817,-0.0431655542566064
31.100000000000172,1.0133585977981958,0.0021389656165943433,2.3509361983965382,-0.04304590217550161
31.110000000000174,1.013374836230675,0.0020880070254175992,2.350904600307469,-0.042924612508098065
31.120000000000175,1.0133909548519198,0.0020387420587696914,2.3508701227575446,-0.04280179960790381
31.130000000000177,1.0134069526600131,0.0019910879964774465,2.3508329455892927,-0.04267757232474437
31.140000000000178,1.013422828739123,0.0019449658073910341,2.3507932351274454,-0.04255203423411061
31.15000000000018,1.0134385822552612,0.00190030021607634,2.350751144915625,-0.0424252838662772
31.16000000000018,1.013454212452233,0.0018570197380775107,2.350706816459086,-0.04229741493396294
31.170000000000183,1.0134697186477701,0.0018150566864404253,2.350660379967951,-0.042168516557427066
31.180000000000184,1.0134851002298535,0.0017743471521335856,2.350611955095931,-0.04203867348591658
31.190000000000186,1.0135003566532097,0.0017348309609453846,2.350561651669927,-0.0419079663147624
31.200000000000188,1.0135154874359882,0.0016964516093651131,2.350509570406444,-0.04177647169721274
31.21000000000019,1.0135304921566075,0.0016591561818700858,2.3504558036112373,-0.04164426255036657
31.22000000000019,1.0135453704507704,0.0016228952519458913,2.350400435858959,-0.04151140825467989
31.230000000000192,1.0135601220086368,0.001587622769070589,2.350343544650103,-0.041377974846497606
31.240000000000194,1.0135747465721539,0.001553295933784254,2.3502852010428943,-0.041244025203284296
31.250000000000195,1.0135892439325338,0.0015198750628544573,2.350225470258157,-0.04110961922121284
31.260000000000197,1.013603613927873,0.001487323446433819,2.3501644122556256,-0.04097481398489883
31.2700000000002,1.0136178564409088,0.0014556071989834018,2.35010208228041,-0.04083966392907609
31.2800000000002,1.0136319713969038,0.0014246951056221106,2.3500385313787233,-0.040704220992212437
31.2900000000002,1.0136459587616526,0.001394558465435437,2.3499738068822738,-0.04056853476192224
31.300000000000203,1.0136598185396055,0.0013651709331615263,2.349907952860931,-0.040432652612302306
31.310000000000205,1.0136735507720993,0.0013365083605496766,2.349841010543646,-0.0402966198332092
31.320000000000206,1.0136871555356914,0.0013085486385713122,2.349773018707731,-0.04016047975160675
31.330000000000208,1.013700632940591,0.0012812715415453225,2.3497040140368646,-0.04002427384514501
31.34000000000021,1.0137139831291797,0.0012546585741310232,2.349634031448389,-0.039888041848188394
31.35000000000021,1.0137272062746137,0.001228692822030305,2.3495631043905845,-0.03975182185047613
31.360000000000213,1.0137403025795084,0.0012033588071360367,2.349491265110822,-0.039615650388712315
31.370000000000214,1.013753272274689,0.001178642347765334,2.34941854489553,-0.03947956253138496
31.380000000000216,1.0137661156180144,0.0011545304245201779,2.349344974283142,-0.039343591956961826
31.390000000000217,1.0137788328932598,0.0011310110522217431,2.3492705832511773,-0.03920777102594952
31.40000000000022,1.0137914244090533,0.0011080731582850615,2.3491954013786978,-0.03907213084711078
31.41000000000022,1.0138038904978703,0.001085706467821077,2.349119457985549,-0.03893670133797117
31.420000000000222,1.0138162315150703,0.0010639013956666586,2.3490427822496613,-0.03880151128026857
31.430000000000224,1.01382844783798,0.0010426489454902301,2.3489654033038745,-0.038666588370369265
31.440000000000225,1.0138405398650177,0.0010219406160375142,2.348887350313701,-0.03853195926518155
31.450000000000227,1.0138525080148493,0.0010017683145383048,2.3488086525374023,-0.03839764962383274
31.46000000000023,1.0138643527255804,0.0009821242772315927,2.348729339369874,-0.03826368414544978
31.47000000000023,1.0138760744539783,0.0009630009969226037,2.3486494403716724,-0.038130086603321234
31.48000000000023,1.0138876736747202,0.0009443911574371928,2.3485689852846283,-0.03799687987580744
31.490000000000233,1.0138991508796653,0.0009262875748044376,2.348488004035341,-0.037864085974261885
31.500000000000234,1.0139105065771512,0.0009086831449622637,2.3484065267279255,-0.037731726068270355
31.510000000000236,1.0139217412913073,0.0008915707977519568,2.3483245836272046,-0.03759982050851235
31.520000000000238,1.0139328555613913,0.0008749434569418288,2.348242205133676,-0.03746838884739459
31.53000000000024,1.0139438499411362,0.0008587940059990345,2.3481594217512805,-0.0373374498579119
31.54000000000024,1.0139547249981185,0.0008431152593151457,2.3480762640492223,-0.03720702155073788
31.550000000000242,1.0139654813131362,0.0008278999385710003,2.347992762618773,-0.037077121189967366
31.560000000000244,1.0139761194796029,0.0008131406539244976,2.3479089480261317,-0.03694776530758562
31.570000000000245,1.0139866401029514,0.0007988298896913287,2.3478248507622057,-0.03681896971690385
31.580000000000247,1.013997043800048,0.000784959994189552,2.34774050119019,-0.036690749525222444
31.59000000000025,1.0140073311986229,0.0007715231734194402,2.3476559294917654,-0.03656311914566551
31.60000000000025,1.0140175029367025,0.0007585114882428904,2.347571165612589,-0.03643609230860395
31.61000000000025,1.0140275596620583,0.0007459168547428587,2.347486239207789,-0.036309682072594995
31.620000000000253,1.0140375020316605,0.0007337310474399423,2.3474011795880307,-0.036183900835088295
31.630000000000255,1.014047330711145,0.0007219457050556778,2.347316015666714,-0.03605876034291605
31.640000000000256,1.014057046374286,0.0007105523385181646,2.347230775908785,-0.03593427170270386
31.650000000000258,1.014066649702479,0.0006995423409197439,2.347145488281532,-0.035810445391321416
31.66000000000026,1.014076141384234,0.0006889069991469319,2.347060180207802,-0.035687291266373544
31.67000000000026,1.0140855221146758,0.0006786375069144071,2.34697487852189,-0.03556481857681251
31.680000000000263,1.0140947925950545,0.0006687249789510844,2.3468896094283744,-0.03544303597377155
31.690000000000264,1.0141039535322662,0.0006591604660982738,2.3468043984641382,-0.035321951521582046
31.700000000000266,1.0141130056383814,0.0006499349710962455,2.346719270463679,-0.03520157270908028
31.710000000000267,1.0141219496301852,0.000641039464851319,2.3466342495278965,-0.03508190646112558
31.72000000000027,1.0141307862287263,0.0006324649029868927,2.3465493589963904,-0.03496295915048078
31.73000000000027,1.0141395161588764,0.0006242022425031922,2.346464621423323,-0.03484473660992296
31.740000000000272,1.0141481401488999,0.0006162424583809874,2.3463800585568912,-0.03472724414470643
31.750000000000274,1.0141566589300346,0.0006085765599824438,2.3462956913223354,-0.03461048654524637
31.760000000000275,1.014165073236083,0.0006011956071153527,2.3462115398084706,-0.034494468100170705
31.770000000000277,1.0141733838030154,0.000594090725642963,2.346127623257678,-0.034379192609529846
31.78000000000028,1.0141815913685819,0.0005872531225346659,2.346043960059209,-0.03426466339836973
31.79000000000028,1.0141896966719393,0.0005806741002684059,2.3459605677457573,-0.034150883330426096
31.80000000000028,1.014197700453286,0.0005743450705048195,2.345877462993119,-0.03403785482207225
31.810000000000283,1.014205603453512,0.000568257566970577,2.3457946616228003,-0.033925579856430715
31.820000000000285,1.0142134064138573,0.0005624032574964719,2.3457121786074375,-0.03381405999761325
31.830000000000286,1.0142211100755856,0.0005567739551688364,2.34563002807885,-0.033703296405076216
31.840000000000288,1.0142287151796665,0.0005513616285627034,2.3455482233385316,-0.03359328984807153
31.85000000000029,1.0142362224664725,0.0005461584110361314,2.345466776870434,-0.03348404072012587
31.86000000000029,1.0142436326754867,0.0005411566090724726,2.345385700355836,-0.033375549053530296
31.870000000000292,1.014250946545022,0.0005363487096661715,2.345305004690119,-0.03326781453384908
31.880000000000294,1.0142581648119533,0.0005317273867584721,2.345224700001251,-0.03316083651432161
31.890000000000295,1.0142652882114604,0.0005272855067310084,2.345144795669818,-0.033054614030245094
31.900000000000297,1.0142723174767851,0.0005230161329757587,2.3450653003503934,-0.03294914581318406
31.9100000000003,1.0142792533389957,0.0005189125295634983,2.34498622199407,-0.03284443030510037
31.9200000000003,1.014286096526767,0.0005149681640406115,2.3449075678720006,-0.032740465672259716
31.9300000000003,1.0142928477661703,0.0005111767093828989,2.34482934459975,-0.03263724981897698
31.940000000000303,1.0142995077804726,0.0005075320451449373,2.3447515581622995,-0.03253478040115296
31.950000000000305,1.01430607728995,0.0005040282578446953,2.3446742139395678,-0.03243305483951511
31.960000000000306,1.0143125570117095,0.000500659640621005,2.3445973167322745,-0.03233207033264693
31.970000000000308,1.014318947659523,0.000497420692211683,2.3445208707880196,-0.032231823869695864
31.98000000000031,1.0143252499436686,0.0004943061152950831,2.3444448798274355,-0.03213231224281396
31.99000000000031,1.014331464570787,0.0004913108142424408,2.3443693470703013,-0.03203353205922804
32.00000000000031,1.0143375922437419,0.0004884298923273401,2.3442942752614853,-0.03193547975303515
32.01000000000031,1.0143436336614926,0.00048565864844070107,2.3442196666966284,-0.03183815159662215
32.02000000000031,1.0143495895189774,0.000482992573356,2.344145523247461,-0.031741543711724635
32.03000000000031,1.0143554605070018,0.0004804273455942983,2.3440718463866608,-0.031645652080130315
32.040000000000305,1.014361247312139,0.000477958826933221,2.3439986372121915,-0.031550472554019104
32.0500000000003,1.014366950616637,0.0004755830576040709,2.343925896471023,-0.03145600086590583
32.0600000000003,1.0143725710983313,0.00047329625122279376,2.343853624582181,-0.03136223263824975
32.0700000000003,1.014378109430571,0.00047109478949708877,2.3437818216591135,-0.03126916339260366
32.0800000000003,1.0143835662821463,0.0004689752167470054,2.3437104875312427,-0.031176788558463786
32.090000000000295,1.0143889423172263,0.00046693423428107426,2.3436396217647526,-0.031085103481681337
32.10000000000029,1.0143942381953015,0.0004649686946629579,2.343569223682513,-0.030994103432548298
32.11000000000029,1.0143994545711357,0.00046307559590584254,2.343499292383164,-0.030903783613436597
32.12000000000029,1.0144045920947191,0.0004612520756238774,2.3434298267593228,-0.030814139166139953
32.13000000000029,1.0144096514112324,0.0004594954051733632,2.3433608255148886,-0.030725165178815794
32.140000000000285,1.0144146331610129,0.0004578029838120649,2.343292287181473,-0.030636856692553532
32.15000000000028,1.0144195379795256,0.0004561723329014402,2.3432242101339247,-0.0305492087076574
32.16000000000028,1.014424366497342,0.00045460109017791283,2.3431565926049744,-0.030462216189499902
32.17000000000028,1.0144291193401207,0.0004530870041121049,2.343089432698993,-0.030375874074126147
32.18000000000028,1.0144337971285946,0.0004516279283779823,2.3430227284049012,-0.03029017727346983
32.190000000000275,1.0144384004785585,0.0004502218164475585,2.342956477608198,-0.030205120680309394
32.20000000000027,1.0144429300008653,0.0004488667163287842,2.342890678102204,-0.03012069917289656
32.21000000000027,1.0144473863014225,0.0004475607654569154,2.3428253275984674,-0.03003690761928504
32.22000000000027,1.0144517699811937,0.0004463021857525203,2.3427604237364053,-0.029953740881391383
32.23000000000027,1.0144560816362003,0.0004450892788561576,2.342695964092186,-0.029871193818827663
32.240000000000265,1.0144603218575308,0.0004439204215469263,2.342631946186904,-0.02978926129238535
32.25000000000026,1.0144644912313496,0.00044279406134984886,2.3425683674940543,-0.02970793816736464
32.26000000000026,1.0144685903389088,0.0004417087123376907,2.3425052254463443,-0.02962721931661072
32.27000000000026,1.0144726197565617,0.00044066295113035506,2.3424425174418957,-0.029547099623387696
32.28000000000026,1.014476580055781,0.00043965541309362425,2.3423802408498378,-0.02946757398396818
32.290000000000255,1.014480471803175,0.00043868478873715713,2.3423183930153626,-0.02938863731009722
32.30000000000025,1.0144842955605107,0.0004377498203098916,2.3422569712642374,-0.029310284531205766
32.31000000000025,1.014488051884734,0.00043684929859343107,2.3421959729068518,-0.029232510596488792
32.32000000000025,1.0144917413279926,0.000435982059888172,2.3421353952417796,-0.029155310476807
32.33000000000025,1.0144953644376629,0.00043514698318962474,2.3420752355589496,-0.029078679166420984
32.340000000000245,1.014498921756374,0.0004343429875506641,2.3420154911423965,-0.029002611684596835
32.35000000000024,1.014502413822038,0.0004335690296236017,2.3419561592726845,-0.028927103077043992
32.36000000000024,1.0145058411678751,0.0004328241013759655,2.3418972372289772,-0.02885214841726877
32.37000000000024,1.0145092043224455,0.00043210722797561635,2.3418387222908192,-0.028777742807780754
32.38000000000024,1.0145125038096778,0.0004314174658363739,2.341780611739646,-0.028703881381200613
32.390000000000235,1.014515740148903,0.000430753900819078,2.3417229028600683,-0.02863055930122549
32.40000000000023,1.0145189138548818,0.00043011564657706073,2.341665592940898,-0.028557771763591533
32.41000000000023,1.014522025437842,0.0004295018430442974,2.3416086792760358,-0.02848551399684307
32.42000000000023,1.0145250754035078,0.00042891165505206015,2.34155215916514,-0.02841378126309549
32.43000000000023,1.0145280642531347,0.0004283442710722179,2.3414960299141843,-0.028342568858693462
32.440000000000225,1.0145309924835442,0.0004277989020745351,2.341440288835871,-0.028271872114786656
32.45000000000022,1.0145338605871561,0.00042727478049333023,2.3413849332499326,-0.028201686397913678
32.46000000000022,1.0145366690520252,0.00042677115929538396,2.341329960483357,-0.028132007110409196
32.47000000000022,1.0145394183618748,0.0004262873111400285,2.3412753678705265,-0.028062829690893326
32.48000000000022,1.0145421089961333,0.0004258225276256673,2.3412211527533073,-0.027994149614586683
32.490000000000215,1.0145447414299686,0.0004253761186143331,2.3411673124810846,-0.027925962393686943
32.50000000000021,1.014547316134325,0.000424947411628587,2.341113844410761,-0.027858263577635795
32.51000000000021,1.0145498335759573,0.0004245357513130108,2.3410607459067414,-0.027791048753388198
32.52000000000021,1.0145522942174678,0.0004241404989548437,2.3410080143409044,-0.027724313545630597
32.53000000000021,1.0145546985173435,0.0004237610320559679,2.340955647092552,-0.027658053616966105
32.540000000000205,1.0145570469299896,0.0004233967439526274,2.3409036415483855,-0.02759226466808773
32.5500000000002,1.0145593399057686,0.00042304704347503457,2.340851995102475,-0.02752694243791312
32.5600000000002,1.014561577891034,0.0004227113546438524,2.3408007051562425,-0.027462082703710228
32.5700000000002,1.0145637613281688,0.00042238911639754927,2.340749769118475,-0.027397681281178504
32.5800000000002,1.0145658906556208,0.00042207978234518284,2.340699184405348,-0.027333734024535122
32.590000000000195,1.0145679663079383,0.00042178282054275174,2.340648948440489,-0.027270236826574867
32.60000000000019,1.014569988715808,0.00042149771328706175,2.340599058655045,-0.027207185618705942
32.61000000000019,1.0145719583060906,0.0004212239569245743,2.3405495124878115,-0.027144576370964485
32.62000000000019,1.0145738755018556,0.0004209610616711785,2.3405003073853576,-0.02708240509206475
32.63000000000019,1.0145757407224205,0.0004207085514421779,2.3404514408022044,-0.02702066782935178
32.640000000000185,1.0145775543833842,0.00042046596368609665,2.34040291020103,-0.026959360668807775
32.65000000000018,1.0145793168966644,0.0004202328492235015,2.3403547130528914,-0.026898479735041197
32.66000000000018,1.0145810286705332,0.000420008772087503,2.340306846837485,-0.02683802119121856
32.67000000000018,1.0145826901096537,0.0004197933093626413,2.340259309043441,-0.02677798123902911
32.68000000000018,1.0145843016151146,0.0004195860510232535,2.340212097168623,-0.02671835611863041
32.690000000000175,1.014585863584467,0.0004193865997673614,2.34016520872047,-0.026659142108557743
32.70000000000017,1.014587376411759,0.0004191945708476901,2.3401186412163435,-0.026600335525675145
32.71000000000017,1.0145888404875718,0.00041900959189691416,2.3400723921839117,-0.02654193272505731
32.72000000000017,1.0145902561990556,0.00041883130274691796,2.3400264591615385,-0.026483930099892528
32.73000000000017,1.0145916239299635,0.0004186593552414286,2.339980839698683,-0.026426324081368302
32.740000000000165,1.014592944060687,0.0004184934130424654,2.3399355313563226,-0.026369111138581564
32.75000000000016,1.0145942169682918,0.0004183331514301288,2.33989053170738,-0.026312287778357202
32.76000000000016,1.0145954430265514,0.00041817825709434923,2.339845838337149,-0.026255850545156584
32.77000000000016,1.0145966226059817,0.00041802842792046293,2.3398014488437386,-0.02619979602089581
32.78000000000016,1.0145977560738768,0.00041788337276860924,2.3397573608385094,-0.026144120824796835
32.790000000000155,1.0145988437943425,0.0004177428112450601,2.339713571946517,-0.026088821613211854
32.80000000000015,1.0145998861283285,0.0004176064734686782,2.3396700798069348,-0.026033895079475122
32.81000000000015,1.0146008834336648,0.0004174740998320579,2.339626882073491,-0.025979337953688342
32.82000000000015,1.0146018360650944,0.00041734544075610865,2.3395839764148953,-0.025925147002525156
32.83000000000015,1.014602744374307,0.00041722025644099707,2.3395413605152493,-0.025871319029032808
32.840000000000146,1.0146036087099717,0.0004170983166126694,2.339499032074442,-0.025817850872427273
32.85000000000014,1.0146044294177694,0.0004169794002661103,2.339456988808548,-0.025764739407861226
32.86000000000014,1.0146052068404274,0.0004168632954058778,2.339415228450198,-0.025711981546192836
32.87000000000014,1.014605941317751,0.0004167497987839564,2.33937374874895,-0.025659574233736243
32.88000000000014,1.0146066331866552,0.00041663871563587607,2.3393325474716082,-0.025607514452044428
32.890000000000136,1.0146072827811972,0.00041652985941788393,2.3392916224025715,-0.02555579921762738
32.900000000000134,1.0146078904326086,0.00041642305154133833,2.33925097134413,-0.02550442558169222
32.91000000000013,1.014608456469327,0.00041631812110917433,2.3392105921167494,-0.02545339062986801
32.92000000000013,1.0146089812170258,0.000416214904652243,2.3391704825593393,-0.025402691481951206
32.93000000000013,1.0146094649986472,0.0004161132458691521,2.339130640529495,-0.025352325291597144
32.940000000000126,1.0146099081344313,0.00041601299536673836,2.339091063903725,-0.02530228924603828
32.950000000000124,1.0146103109419475,0.00041591401040352275,2.3390517505776494,-0.0252525805657646
32.96000000000012,1.014610673736124,0.00041581615463702725,2.339012698466181,-0.02520319650426553
32.97000000000012,1.0146109968292787,0.00041571929787488193,2.3389739055036842,-0.025154134347656454
32.98000000000012,1.0146112805311478,0.00041562331582870737,2.338935369644115,-0.025105391414410427
32.990000000000116,1.0146115251489154,0.00041552808987446824,2.3388970888611254,-0.02505696505501398
33.000000000000114,1.0146117309872429,0.0004154335068170766,2.3388590611481717,-0.025008852651642266
33.01000000000011,1.0146118983482963,0.00041533945866012136,2.338821284518574,-0.024961051617842483
33.02000000000011,1.0146120275317765,0.00041524584238192627,2.3387837570055754,-0.024913559398184515
33.03000000000011,1.014612118834945,0.00041515255971703326,2.3387464766623705,-0.024866373467928415
33.040000000000106,1.0146121725526551,0.0004150595169445336,2.338709441562126,-0.024819491332663174
33.050000000000104,1.0146121889773754,0.0004149666246808657,2.338672649797969,-0.0247729105279898
33.0600000000001,1.0146121683992189,0.00041487379768136585,2.3386360994829585,-0.024726628619161167
33.0700000000001,1.014612111105971,0.0004147809546481571,2.338599788750059,-0.02468064320072083
33.0800000000001,1.0146120173831135,0.00041468801804291457,2.338563715752073,-0.024634951896143814
33.090000000000096,1.0146118875138521,0.0004145949139078277,2.3385278786615626,-0.02458955235752172
33.100000000000094,1.0146117217791424,0.0004145015716938975,2.3384922756707747,-0.024544442265161864
33.11000000000009,1.0146115204577144,0.00041440792409513466,2.338456904991525,-0.024499619327259137
33.12000000000009,1.0146112838260986,0.00041431390688960397,2.338421764855092,-0.024455081279514262
33.13000000000009,1.0146110121586513,0.00041421945878745384,2.3383868535120858,-0.02441082588478466
33.140000000000086,1.0146107057275773,0.0004141245212852663,2.338352169232302,-0.024366850932741713
33.150000000000084,1.014610364802956,0.00041402903852798425,2.338317710304582,-0.02432315423948725
33.16000000000008,1.014609989652765,0.00041393295717599324,2.3382834750366475,-0.02427973364720179
33.17000000000008,1.014609580542902,0.0004138362262790505,2.3382494617549208,-0.024236587023804324
33.18000000000008,1.01460913773721,0.00041373879715716263,2.338215668804356,-0.02419371226257877
33.190000000000076,1.0146086614974998,0.0004136406232866353,2.3381820945482623,-0.024151107281815104
33.200000000000074,1.0146081520835728,0.00041354166019177675,2.3381487373680923,-0.0241087700244636
33.21000000000007,1.014607609753242,0.0004134418653430197,2.3381155956632544,-0.024066698457777175
33.22000000000007,1.014607034762356,0.0004133411980598821,2.338082667850911,-0.02402489057296317
33.23000000000007,1.0146064273648188,0.0004132396194192111,2.3380499523657554,-0.023983344384850613
33.240000000000066,1.0146057878126127,0.0004131370921700883,2.338017447659814,-0.023942057931517075
33.250000000000064,1.0146051163558183,0.0004130335806510957,2.3379851522022257,-0.02390102927396101
33.26000000000006,1.0146044132426362,0.00041292905071428897,2.33795306447902,-0.023860256495750687
33.27000000000006,1.0146036787194068,0.0004128234696522098,2.3379211829928974,-0.023819737702702654
33.28000000000006,1.0146029130306309,0.00041271680613049193,2.337889506263008,-0.023779471022526977
33.290000000000056,1.0146021164189893,0.00041260903012317596,2.3378580328247276,-0.023739454604504467
33.300000000000054,1.0146012891253628,0.0004125001128525337,2.33782676122943,-0.023699686619159943
33.31000000000005,1.0146004313888508,0.0004123900267329817,2.3377956900442576,-0.02366016525793782
33.32000000000005,1.0145995434467914,0.00041227874531758215,2.337764817851916,-0.023620888732857226
33.33000000000005,1.0145986255347788,0.00041216624324736344,2.337734143250417,-0.023581855276235436
33.340000000000046,1.0145976778866823,0.00041205249620613455,2.337703664852886,-0.023543063140343407
33.350000000000044,1.0145967007346663,0.00041193748087536044,2.337673381287324,-0.023504510597077144
33.36000000000004,1.0145956943092054,0.0004118211748919592,2.3376432911963874,-0.02346619593768917
33.37000000000004,1.014594658839103,0.00041170355681060134,2.337613393237174,-0.02342811747246204
33.38000000000004,1.0145935945515094,0.00041158460606636403,2.3375836860809933,-0.023390273530421363
33.390000000000036,1.0145925016719386,0.00041146430294134205,2.337554168413166,-0.023352662459015766
33.400000000000034,1.0145913804242848,0.0004113426285305446,2.337524838932801,-0.02331528262385041
33.41000000000003,1.014590231030839,0.000411219564712934,2.337495696352589,-0.023278132408380836
33.42000000000003,1.0145890537123057,0.00041109509412134206,2.337466739398588,-0.02324121021363984
33.43000000000003,1.014587848687819,0.0004109692001165527,2.337437966810028,-0.02320451445793964
33.440000000000026,1.0145866161749586,0.0004108418667599814,2.3374093773391,-0.02316804357661867
33.450000000000024,1.0145853563897647,0.00041071307879016005,2.3373809697507575,-0.02313179602175086
33.46000000000002,1.0145840695467543,0.00041058282159898713,2.3373527428225227,-0.023095770261867016
33.47000000000002,1.0145827558589355,0.0004104510812100422,2.3373246953442894,-0.023059964781725173
33.48000000000002,1.0145814155378228,0.0004103178442577715,2.3372968261181315,-0.023024378082026814
33.490000000000016,1.0145800487934513,0.0004101830979668399,2.337269133958112,-0.022989008679161482
33.500000000000014,1.014578655834393,0.00041004683013365757,2.3372416176901116,-0.022953855104939275
33.51000000000001,1.0145772368677684,0.0004099090291075346,2.3372142761516295,-0.022918915906372045
33.52000000000001,1.0145757920992629,0.00040976968377311385,2.3371871081916167,-0.022884189645395125
33.53000000000001,1.0145743217331387,0.0004096287835331091,2.337160112670292,-0.02284967489865744
33.540000000000006,1.014572825972249,0.0004094863182926981,2.3371332884589706,-0.02281537025726363
33.550000000000004,1.0145713050180527,0.0004093422784434555,2.337106634439899,-0.022781274326540202
33.56,1.0145697590706257,0.0004091966548479149,2.3370801495060816,-0.02274738572581314
33.57,1.0145681883286752,0.000409049438825,2.33705383256112,-0.022713703088163867
33.58,1.0145665929895509,0.00040890062213569216,2.3370276825190452,-0.022680225060249054
33.589999999999996,1.0145649732492603,0.00040875019696960717,2.337001698304168,-0.022646950302016078
33.599999999999994,1.0145633293024778,0.00040859815593063384,2.336975878850916,-0.02261387748654556
33.60999999999999,1.0145616613425603,0.0004084444920247234,2.33695022310368,-0.022581005299804974
33.61999999999999,1.0145599695615561,0.00040828919864641246,2.3369247300166673,-0.022548332440453872
33.62999999999999,1.0145582541502192,0.00040813226956698794,2.3368993985537467,-0.02251585761963365
33.639999999999986,1.0145565152980185,0.0004079736989219663,2.3368742276883028,-0.022483579560782896
33.649999999999984,1.014554753193152,0.0004078134812000892,2.336849216403101,-0.022451496999399412
33.65999999999998,1.0145529680225573,0.00040765161123080233,2.3368243636901402,-0.02241960868286652
33.66999999999998,1.0145511599719208,0.0004074880841728265,2.3367996685505075,-0.02238791337028656
33.67999999999998,1.0145493292256913,0.00040732289550456834,2.3367751299942516,-0.022356409832246932
33.689999999999976,1.0145474759670892,0.0004071560410117834,2.3367507470402407,-0.02232509685066697
33.699999999999974,1.0145456003781175,0.00040698751677878875,2.336726518716031,-0.02229397321860549
33.70999999999997,1.0145437026395734,0.0004068173191772879,2.336702444057742,-0.022263037740067826
33.71999999999997,1.0145417829310568,0.0004066454448561852,2.3366785221099207,-0.022232289229854235
33.72999999999997,1.0145398414309812,0.00040647189073282484,2.3366547519254133,-0.022201726513379594
33.73999999999997,1.014537878316585,0.000406296653983623,2.336631132565252,-0.02217134842648008
33.749999999999964,1.0145358937639395,0.00040611973203339037,2.3366076630985253,-0.022141153815272097
33.75999999999996,1.0145338879479595,0.00040594112254808436,2.3365843426022455,-0.022111141535993
33.76999999999996,1.0145318610424128,0.00040576082342583367,2.3365611701612496,-0.022081310454826475
33.77999999999996,1.01452981321993,0.00040557883278877156,2.336538144868075,-0.02205165944771545
33.78999999999996,1.014527744652014,0.00040539514897377366,2.336515265822836,-0.022022187400267096
33.799999999999955,1.0145256555090467,0.00040520977052575194,2.3364925321331182,-0.02199289320756692
33.80999999999995,1.0145235459603026,0.0004050226961900697,2.3364699429138636,-0.021963775774016564
33.81999999999995,1.014521416173953,0.00040483392490486033,2.3364474972872618,-0.021934834013210752
33.82999999999995,1.0145192663170786,0.0004046434557937793,2.336425194382638,-0.021906066847778016
33.83999999999995,1.0145170965556758,0.00040445128815968427,2.336403033336352,-0.02187747320923955
33.849999999999945,1.0145149070546657,0.0004042574214775119,2.336381013291686,-0.02184905203787868
33.85999999999994,1.014512697977903,0.00040406185538852633,2.33635913339874,-0.021820802282599278
33.86999999999994,1.0145104694881846,0.00040386458969382923,2.3363373928143387,-0.021792722900784628
33.87999999999994,1.0145082217472565,0.0004036656243489854,2.336315790701923,-0.02176481285817508
33.88999999999994,1.014505954915822,0.0004034649594580823,2.336294326231445,-0.021737071128741292
33.899999999999935,1.0145036691535518,0.0004032625952693491,2.3362729985792887,-0.021709496694540226
33.90999999999993,1.0145013646190901,0.0004030585321687071,2.3362518069281597,-0.021682088545593003
33.91999999999993,1.0144990414700608,0.00040285277067554106,2.336230750466989,-0.021654845679796197
33.92999999999993,1.0144966998630784,0.00040264531143857857,2.336209828390849,-0.02162776710275105
33.93999999999993,1.0144943399537536,0.0004024361552309894,2.3361890399008525,-0.021600851827691808
33.949999999999925,1.0144919618967003,0.00040222530294687086,2.336168384204073,-0.021574098875335984
33.95999999999992,1.0144895658455448,0.00040201275559652934,2.336147860513448,-0.02154750727378496
33.96999999999992,1.014487151952931,0.00040179851430320623,2.3361274680476924,-0.021521076058416466
33.97999999999992,1.0144847203705287,0.0004015825802998178,2.3361072060312162,-0.021494804271773083
33.98999999999992,1.0144822712490404,0.00040136495492497967,2.3360870736940402,-0.02146869096344467
33.999999999999915,1.0144798047382078,0.0004011456396206441,2.336067070271708,-0.0214427351899876
34.00999999999991,1.0144773209868194,0.00040092463592866453,2.336047195005211,-0.02141693601478792
34.01999999999991,1.0144748201427165,0.00040070194548793507,2.3360274471409035,-0.021391292507992876
34.02999999999991,1.0144723023527993,0.000400477570032322,2.336007825930421,-0.0213658037464122
34.03999999999991,1.0144697677630359,0.000400251511388572,2.335988330630616,-0.021340468813379226
34.049999999999905,1.0144672165184656,0.0004000237714729885,2.335968960503467,-0.02131528679872763
34.0599999999999,1.014464648763208,0.00039979435229102835,2.335949714816015,-0.021290256798612933
34.0699999999999,1.0144620646404676,0.00039956325593325004,2.335930592840283,-0.02126537791549099
34.0799999999999,1.0144594642925406,0.000399330484575055,2.335911593853212,-0.02124064925800251
34.0899999999999,1.0144568478608214,0.00039909604047460017,2.3358927171365824,-0.021216069940883597
34.099999999999895,1.0144542154858076,0.00039885992597143917,2.3358739619769473,-0.021191639084887276
34.10999999999989,1.014451567307107,0.0003986221434849402,2.3358553276655685,-0.021167355816699346
34.11999999999989,1.0144489034634436,0.00039838269551314525,2.335836813498349,-0.021143219268842828
34.12999999999989,1.0144462240926633,0.00039814158463100194,2.3358184187757645,-0.021119228579615373
34.13999999999989,1.0144435293317384,0.000397898813490058,2.335800142802804,-0.02109538289300608
34.149999999999885,1.014440819316775,0.0003976543848169605,2.3357819848889005,-0.021071681358618283
34.15999999999988,1.014438094183018,0.00039740830141279465,2.335763944347875,-0.021048123131590296
34.16999999999988,1.0144353540648567,0.0003971605661524347,2.3357460204978806,-0.02102470737252357
34.17999999999988,1.01443259909583,0.00039691118198334697,2.335728212661333,-0.02100143324741413
34.18999999999988,1.014429829408632,0.000396660151925127,2.3357105201648594,-0.020978299927580712
34.199999999999875,1.0144270451351185,0.0003964074790690012,2.335692942339246,-0.02095530658958164
34.20999999999987,1.0144242464063102,0.00039615316657661535,2.335675478519375,-0.020932452415168862
34.21999999999987,1.0144214333523998,0.00039589721768028675,2.335658128044173,-0.02090973659121312
34.22999999999987,1.014418606102756,0.0003956396356820178,2.3356408902565615,-0.020887158309638304
34.23999999999987,1.014415764785929,0.00039538042395352785,2.335623764503397,-0.020864716767359848
34.249999999999865,1.014412909529657,0.00039511958593536233,2.3356067501354345,-0.020842411166205388
34.25999999999986,1.0144100404608678,0.0003948571251366347,2.3355898465072604,-0.02082024071289726
34.26999999999986,1.0144071577056872,0.000394593045135193,2.3355730529772565,-0.02079820461895049
34.27999999999986,1.0144042613894426,0.00039432734957705907,2.335556368907554,-0.020776302100625615
34.28999999999986,1.0144013516366672,0.00039406004217562644,2.335539793663971,-0.020754532378889107
34.299999999999855,1.014398428571106,0.00039379112671239627,2.3355233266159905,-0.020732894679335118
34.30999999999985,1.0143954923157203,0.000393520607035573,2.3355069671366993,-0.02071138823214075
34.31999999999985,1.0143925429926912,0.00039324848706093673,2.335490714602745,-0.02069001227202688
34.32999999999985,1.014389580723426,0.0003929747707711274,2.335474568394306,-0.020668766038178604
34.33999999999985,1.0143866056285615,0.00039269946221517926,2.3354585278950393,-0.020647648774208743
34.349999999999845,1.0143836178279695,0.00039242256550886263,2.3354425924920377,-0.020626659728122915
34.35999999999984,1.0143806174407604,0.00039214408483419634,2.335426761575804,-0.020605798152239924
34.36999999999984,1.0143776045852888,0.00039186402443932027,2.335411034540201,-0.020585063303168283
34.37999999999984,1.0143745793791568,0.00039158238863820557,2.3353954107824144,-0.020564454441748592
34.38999999999984,1.0143715419392192,0.00039129918181054574,2.335379889702922,-0.020543970833011765
34.399999999999835,1.0143684923815877,0.00039101440840128904,2.3353644707054544,-0.02052361174613418
34.40999999999983,1.0143654308216348,0.0003907280729211467,2.3353491531969595,-0.020503376454388628
34.41999999999983,1.0143623573739982,0.00039044017994514167,2.3353339365875634,-0.020483264235124338
34.42999999999983,1.0143592721525858,0.00039015073411394885,2.33531882029055,-0.020463274369681594
34.43999999999983,1.0143561752705785,0.0003898597401320684,2.3353038037223124,-0.020443406143405285
34.449999999999825,1.0143530668404355,0.0003895672027690918,2.3352888863023322,-0.020423658845563852
34.45999999999982,1.014349946973898,0.0003892731268586194,2.3352740674531436,-0.020404031769319875
34.46999999999982,1.014346815781993,0.00038897751729782,2.3352593466003073,-0.020384524211706084
34.47999999999982,1.014343673375038,0.000388680379047672,2.3352447231723685,-0.02036513547358007
34.48999999999982,1.0143405198626447,0.00038838171713292025,2.3352301966008486,-0.020345864859572904
34.499999999999815,1.0143373553537227,0.00038808153664085597,2.335215766320193,-0.020326711678082393
34.50999999999981,1.0143341799564833,0.0003877798427220078,2.3352014317677594,-0.020307675241227063
34.51999999999981,1.0143309937784444,0.0003874766405897147,2.335187192383789,-0.020288754864782127
34.52999999999981,1.014327796926434,0.00038717193551861707,2.335173047611378,-0.020269949868190917
34.53999999999981,1.0143245895065929,0.0003868657328455084,2.3351589968964443,-0.020251259574515207
34.549999999999805,1.0143213716243797,0.00038655803796899444,2.3351450396877156,-0.02023268331039954
34.5599999999998,1.014318143384575,0.00038624885634845564,2.3351311754366932,-0.020214220406036876
34.5699999999998,1.0143149048912827,0.00038593819350418496,2.3351174035976348,-0.020195870195165527
34.5799999999998,1.0143116562479375,0.00038562605501744863,2.3351037236275296,-0.02017763201498632
34.5899999999998,1.0143083975573055,0.0003853124465288734,2.335090134986073,-0.020159505206188477
34.599999999999795,1.0143051289214888,0.0003849973737390004,2.33507663713565,-0.0201414891128881
34.60999999999979,1.0143018504419297,0.0003846808424074073,2.335063229541304,-0.02012358308261744
34.61999999999979,1.0142985622194138,0.0003843628583525355,2.3350499116707244,-0.020105786466277614
34.62999999999979,1.0142952643540737,0.00038404342745107723,2.335036682994219,-0.020088098618136208
34.63999999999979,1.0142919569453919,0.000383722555637684,2.3350235429846986,-0.020070518895792283
34.649999999999785,1.014288640092205,0.00038340024890458124,2.335010491117651,-0.020053046660149898
34.65999999999978,1.0142853138927084,0.00038307651330114425,2.334997526871132,-0.020035681275373973
34.66999999999978,1.014281978444457,0.00038275135493305514,2.3349846497257305,-0.020018422108908668
34.67999999999978,1.014278633844371,0.0003824247799622703,2.3349718591645687,-0.020001268531408406
34.68999999999978,1.0142752801887387,0.0003820967946061605,2.334959154673268,-0.019984219916749674
34.699999999999775,1.0142719175732189,0.00038176740513718235,2.33494653573994,-0.019967275641982113
34.70999999999977,1.014268546092846,0.00038143661788214554,2.3349340018551685,-0.019950435087323137
34.71999999999977,1.014265165842032,0.00038110443922194153,2.3349215525119877,-0.019933697636129954
34.72999999999977,1.0142617769145705,0.00038077087559117026,2.3349091872058687,-0.019917062674884328
34.73999999999977,1.0142583794036397,0.00038043593347739064,2.3348969054347046,-0.019900529593160077
34.749999999999766,1.0142549734018065,0.00038009961942047683,2.334884706698797,-0.019884097783602867
34.75999999999976,1.0142515590010281,0.0003797619400119047,2.3348725905008303,-0.019867766641920137
34.76999999999976,1.0142481362926576,0.0003794229018946684,2.33486055634587,-0.019851535566862727
34.77999999999976,1.014244705367445,0.0003790825117623959,2.3348486037413396,-0.01983540396018607
34.78999999999976,1.0142412663155416,0.0003787407763585295,2.3348367321970027,-0.019819371226660942
34.799999999999756,1.014237819226503,0.00037839770247655044,2.334824941224959,-0.019803436774033067
34.809999999999754,1.0142343641892921,0.0003780532969585225,2.334813230339627,-0.01978760001300242
34.81999999999975,1.0142309012922828,0.0003777075666949108,2.3348015990577227,-0.019771860357233745
34.82999999999975,1.0142274306232626,0.00037736051862448974,2.33479004689826,-0.019756217223293737
34.83999999999975,1.014223952269436,0.00037701215973242485,2.334778573382527,-0.019740670030675256
34.849999999999746,1.0142204663174275,0.0003766624970506167,2.334767178034077,-0.019725218201757988
34.859999999999744,1.0142169728532848,0.0003763115376568887,2.3347558603787193,-0.01970986116180004
34.86999999999974,1.0142134719624811,0.0003759592886739709,2.3347446199445,-0.019694598338925645
34.87999999999974,1.0142099637299198,0.00037560575726955863,2.3347334562616955,-0.01967942916410584
34.88999999999974,1.0142064482399358,0.00037525095065535585,2.334722368862799,-0.019664353071129875
34.899999999999736,1.0142029255762999,0.00037489487608655705,2.334711357282511,-0.019649369496608643
34.909999999999734,1.0141993958222206,0.00037453754086048746,2.3347004210577293,-0.019634477879948792
34.91999999999973,1.0141958590603486,0.000374178952316667,2.3346895597275297,-0.019619677663354984
34.92999999999973,1.0141923153727779,0.0003738191178364015,2.3346787728331684,-0.019604968291781655
34.93999999999973,1.0141887648410504,0.00037345804484103726,2.3346680599180583,-0.019590349212948194
34.949999999999726,1.0141852075461577,0.0003730957407923702,2.3346574205277695,-0.01957581987732651
34.959999999999724,1.0141816435685451,0.0003727322131915896,2.3346468542100136,-0.019561379738105622
34.96999999999972,1.0141780729881138,0.0003723674695783705,2.3346363605146374,-0.01954702825119148
34.97999999999972,1.0141744958842234,0.00037200151753027716,2.3346259389936095,-0.01953276487519115
34.98999999999972,1.0141709123356957,0.0003716343646623305,2.3346155892010114,-0.0195185890714083
34.999999999999716,1.0141673224208176,0.0003712660186261516,2.334605310693033,-0.019504500303809846
35.009999999999714,1.0141637262173426,0.00037089648710916166,2.334595103027955,-0.019490498039046095
35.01999999999971,1.014160123802496,0.00037052577783417204,2.3345849657661506,-0.019476581746396493
35.02999999999971,1.0141565152529746,0.0003701538985580737,2.334574898470067,-0.019462750897796727
35.03999999999971,1.0141529006449528,0.000369780857072147,2.334564900704226,-0.019449004967800776
35.049999999999706,1.0141492800540826,0.0003694066612003651,2.3345549720352055,-0.019435343433586216
35.059999999999704,1.0141456535554991,0.0003690313187994822,2.334545112031641,-0.019421765774922134
35.0699999999997,1.0141420212238204,0.00036865483775721055,2.334535320264209,-0.01940827147418203
35.0799999999997,1.0141383831331525,0.0003682772259929069,2.334525596305625,-0.01939486001631857
35.0899999999997,1.0141347393570916,0.0003678984914558874,2.3345159397306374,-0.019381530888849308
35.099999999999696,1.0141310899687255,0.0003675186421249821,2.334506350116008,-0.01936828358185841
35.109999999999694,1.0141274350406388,0.00036713768600796535,2.334496827040519,-0.019355117587968956
35.11999999999969,1.0141237746449134,0.0003667556311405113,2.334487370084959,-0.01934203240235438
35.12999999999969,1.0141201088531322,0.0003663724855857118,2.33447797883211,-0.01932902752270857
35.13999999999969,1.0141164377363814,0.00036598825743350564,2.3344686528667564,-0.01931610244924259
35.149999999999686,1.0141127613652539,0.00036560295479928144,2.3344593917756553,-0.01930325668467267
35.159999999999684,1.0141090798098504,0.0003652165858240418,2.334450195147548,-0.019290489734227728
35.16999999999968,1.0141053931397845,0.00036482915867355026,2.334441062573147,-0.01927780110560387
35.17999999999968,1.0141017014241835,0.0003644406815368991,2.334431993645132,-0.01926519030897894
35.18999999999968,1.0140980047316912,0.0003640511626261873,2.3344229879581313,-0.01925265685700478
35.199999999999676,1.0140943031304706,0.0003636606101759874,2.3344140451087316,-0.019240200264791785
35.209999999999674,1.0140905966882072,0.0003632690324426001,2.334405164695462,-0.019227820049888322
35.21999999999967,1.014086885472111,0.00036287643770309744,2.3343963463187873,-0.019215515732303262
35.22999999999967,1.0140831695489194,0.0003624828342547457,2.3343875895811097,-0.01920328683443953
35.23999999999967,1.0140794489848997,0.0003620882304139018,2.334378894086751,-0.019191132881150347
35.249999999999666,1.0140757238458507,0.0003616926345157229,2.334370259441954,-0.019179053399691837
35.259999999999664,1.014071994197107,0.00036129605491341766,2.334361685254876,-0.01916704791972454
35.26999999999966,1.0140682601035405,0.00036089849997742644,2.3343531711355796,-0.01915511597329486
35.27999999999966,1.0140645216295623,0.00036049997809458435,2.334344716696027,-0.01914325709484313
35.28999999999966,1.0140607788391276,0.00036010049766755525,2.3343363215500803,-0.019131470821181246
35.299999999999656,1.014057031795735,0.00035970006711423904,2.3343279853134846,-0.019119756691486883
35.309999999999654,1.0140532805624316,0.00035929869486695475,2.334319707603874,-0.019108114247296304
35.31999999999965,1.0140495252018142,0.00035889638937122253,2.3343114880407545,-0.0190965430325028
35.32999999999965,1.014045765776032,0.00035849315908600016,2.3343033262455086,-0.01908504259333646
35.33999999999965,1.0140420023467895,0.0003580890124822073,2.3342952218413835,-0.019073612478354013
35.349999999999646,1.0140382349753485,0.00035768395804224094,2.3342871744534848,-0.019062252238453453
35.359999999999644,1.0140344637225307,0.00035727800425965664,2.3342791837087784,-0.01905096142682769
35.36999999999964,1.01403068864872,0.0003568711596375864,2.3342712492360738,-0.019039739598993577
35.37999999999964,1.0140269098138655,0.0003564634326887618,2.3342633706660276,-0.019028586312768825
35.38999999999964,1.0140231272774822,0.0003560548319349362,2.3342555476311326,-0.019017501128260256
35.399999999999636,1.0140193410986564,0.0003556453659060056,2.3342477797657155,-0.019006483607853925
35.409999999999634,1.0140155513360454,0.00035523504313884164,2.334240066705931,-0.018995533316221558
35.41999999999963,1.0140117580478811,0.000354823872177285,2.33423240808976,-0.018984649820294186
35.42999999999963,1.0140079612919721,0.00035441186157117877,2.3342248035569924,-0.01897383268926711
35.43999999999963,1.0140041611257067,0.00035399901987547764,2.3342172527492395,-0.018963081494578288
35.449999999999626,1.014000357606054,0.00035358535564958434,2.33420975530991,-0.01895239580992869
35.459999999999624,1.0139965507895667,0.0003531708774573554,2.334202310884216,-0.01894177521124807
35.46999999999962,1.0139927407323854,0.0003527555938655633,2.3341949191191724,-0.018931219276682537
35.47999999999962,1.0139889274902376,0.00035233951344382827,2.3341875796635785,-0.0189207275866147
35.48999999999962,1.013985111118442,0.00035192264476330395,2.334180292168019,-0.018910299723639334
35.499999999999616,1.0139812916719106,0.00035150499639701,2.3341730562848597,-0.018899935272555707
35.509999999999614,1.0139774692051515,0.0003510865769185164,2.3341658716682447,-0.018889633820350332
35.51999999999961,1.01397364377227,0.00035066739490130245,2.3341587379740862,-0.018879394956215795
35.52999999999961,1.0139698154269716,0.00035024745891812023,2.3341516548600625,-0.01886921827151289
35.53999999999961,1.013965984222564,0.00034982677754032577,2.334144621985609,-0.0188591033597921
35.549999999999606,1.0139621502119596,0.00034940535933771584,2.334137639011918,-0.018849049816771102
35.559999999999604,1.0139583134476782,0.0003489832128776485,2.334130705601934,-0.01883905724031787
35.5699999999996,1.0139544739818485,0.0003485603467242043,2.3341238214203424,-0.018829125230453186
35.5799999999996,1.01395063186621,0.0003481367694374354,2.334116986133568,-0.018819253389355556
35.5899999999996,1.0139467871521162,0.000347712489573537,2.3341101994097726,-0.018809441321340103
35.599999999999596,1.0139429398905373,0.000347287515683774,2.3341034609188482,-0.01879968863283346
35.609999999999594,1.0139390901320606,0.0003468618563132403,2.334096770332413,-0.01878999493240377
35.61999999999959,1.013935237926894,0.0003464355200009616,2.3340901273237984,-0.01878035983073123
35.62999999999959,1.0139313833248675,0.00034600851527958796,2.3340835315680537,-0.018770782940613656
35.63999999999959,1.0139275263754366,0.00034558085067457446,2.334076982741937,-0.018761263876925782
35.64999999999959,1.013923667127683,0.00034515253470311863,2.3340704805239154,-0.018751802256655403
35.659999999999584,1.0139198056303178,0.00034472357587374264,2.3340640245941473,-0.01874239769887681
35.66999999999958,1.013915941931683,0.00034429398268647084,2.3340576146344953,-0.018733049824733478
35.67999999999958,1.013912076079754,0.00034386376363130416,2.334051250328501,-0.01872375825744893
35.68999999999958,1.013908208122142,0.0003434329271879202,2.334044931361401,-0.018714522622298835
35.69999999999958,1.0139043381060955,0.00034300148182549536,2.3340386574200997,-0.01870534254663936
35.709999999999575,1.0139004660785034,0.000342569436002156,2.3340324281931877,-0.018696217659846137
35.71999999999957,1.0138965920858956,0.00034213679816341605,2.334026243370913,-0.01868714759336737
35.72999999999957,1.013892716174446,0.00034170357674340066,2.3340201026451957,-0.01867813198067178
35.73999999999957,1.0138888383899753,0.0003412697801630177,2.3340140057096135,-0.018669170457259743
35.74999999999957,1.0138849587779521,0.00034083541682977734,2.334007952259398,-0.01866026266064255
35.759999999999565,1.0138810773834954,0.0003404004951371918,2.334001941991429,-0.0186514082303616
35.76999999999956,1.0138771942513762,0.00033996502346441597,2.333995974604232,-0.01864260680795246
35.77999999999956,1.0138733094260204,0.00033952901017583216,2.3339900497979684,-0.01863385803695533
35.78999999999956,1.0138694229515097,0.00033909246362028364,2.333984167274437,-0.01862516156290206
35.79999999999956,1.0138655348715853,0.000338655392130736,2.333978326737065,-0.018616517033305247
35.809999999999555,1.0138616452296478,0.00033821780402358526,2.3339725278909005,-0.018607924097660822
35.81999999999955,1.0138577540687612,0.00033777970759845565,2.333966770442611,-0.0185993824074408
35.82999999999955,1.0138538614316546,0.000337341111138167,2.333961054100482,-0.01859089161605576
35.83999999999955,1.0138499673607224,0.00033690202290675986,2.333955378574402,-0.01858245137889908
35.84999999999955,1.013846071898029,0.0003364624511506196,2.3339497435758663,-0.018574061353294646
35.859999999999545,1.0138421750853086,0.0003360224040971466,2.333944148817967,-0.018565721198519375
35.86999999999954,1.0138382769639682,0.00033558188995444987,2.333938594015388,-0.018557430575782213
35.87999999999954,1.01383437757509,0.0003351409169116394,2.333933078884403,-0.018549189148212963
35.88999999999954,1.0138304769594317,0.00033469949313710997,2.3339276031428686,-0.01854099658087427
35.89999999999954,1.0138265751574307,0.00033425762677925986,2.3339221665102174,-0.018532852540720846
35.909999999999535,1.0138226722092043,0.00033381532596525967,2.3339167687074576,-0.0185247566966317
35.91999999999953,1.0138187681545527,0.0003333725988009821,2.3339114094571602,-0.018516708719376024
35.92999999999953,1.0138148630329602,0.00033292945337077206,2.3339060884834635,-0.01850870828161294
35.93999999999953,1.0138109568835978,0.0003324858977365395,2.3339008055120583,-0.018500755057888896
35.94999999999953,1.013807049745324,0.00033204193993757015,2.3338955602701894,-0.01849284872462409
35.959999999999525,1.0138031416566882,0.0003315975879906881,2.333890352486648,-0.018484988960116522
35.96999999999952,1.0137992326559322,0.0003311528498891859,2.333885181891765,-0.018477175444504695
35.97999999999952,1.0137953227809906,0.00033070773360227416,2.3338800482174076,-0.018469407859817072
35.98999999999952,1.013791412069495,0.0003302622470759242,2.333874951196976,-0.018461685889895746
35.99999999999952,1.0137875005587746,0.00032981639823105087,2.333869890565396,-0.018454009220439826
36.009999999999515,1.0137835882858577,0.0003293701949639307,2.3338648660591104,-0.018446377538984038
36.01999999999951,1.0137796752874748,0.0003289236451456121,2.333859877416079,-0.018438790534876515
36.02999999999951,1.0137757616000589,0.0003284767566216164,2.3338549243757702,-0.018431247899306058
36.03999999999951,1.0137718472597492,0.0003280295372121433,2.3338500066791594,-0.01842374932524693
36.04999999999951,1.0137679323023914,0.0003275819947104993,2.33384512406872,-0.01841629450750204
36.059999999999505,1.0137640167635402,0.0003271341368837972,2.3338402762884174,-0.018408883142651683
36.0699999999995,1.0137601006784613,0.0003266859714722297,2.3338354630837106,-0.01840151492907377
36.0799999999995,1.0137561840821325,0.00032623750618855423,2.3338306842015335,-0.018394189566939195
36.0899999999995,1.0137522670092463,0.0003257887487187012,2.333825939390307,-0.01838690675817664
36.0999999999995,1.0137483494942108,0.00032533970672014026,2.3338212283999176,-0.01837966620649817
36.109999999999495,1.0137444315711528,0.00032489038782225585,2.333816550981722,-0.01837246761737024
36.11999999999949,1.0137405132739186,0.0003244407996266285,2.3338119068885392,-0.018365310698006815
36.12999999999949,1.013736594636075,0.00032399094970545677,2.333807295874641,-0.018358195157394758
36.13999999999949,1.0137326756909135,0.00032354084560268887,2.3338027176957548,-0.018351120706227853
36.14999999999949,1.0137287564714499,0.0003230904948325613,2.333798172109048,-0.018344087056958697
36.159999999999485,1.013724837010427,0.0003226399048801147,2.3337936588731365,-0.018337093923740166
36.16999999999948,1.0137209173403159,0.00032218908319996,2.333789177748064,-0.01833014102245986
36.17999999999948,1.0137169974933178,0.0003217380372171428,2.3337847284953055,-0.018323228070725395
36.18999999999948,1.013713077501366,0.00032128677432674443,2.333780310877757,-0.018316354787828837
36.19999999999948,1.0137091573961283,0.00032083530189288016,2.3337759246597396,-0.01830952089476856
36.209999999999475,1.0137052372090067,0.00032038362724898044,2.3337715696069856,-0.018302726114218848
36.21999999999947,1.013701316971141,0.0003199317576970012,2.333767245486633,-0.01829597017055723
36.22999999999947,1.0136973967134097,0.00031947970050802963,2.333762952067222,-0.01828925278981816
36.23999999999947,1.0136934764664316,0.0003190274629214002,2.3337586891186874,-0.0182825736997205
36.24999999999947,1.0136895562605674,0.0003185750521453513,2.3337544564123607,-0.018275932629632008
36.259999999999465,1.0136856361259223,0.00031812247535556703,2.333750253720952,-0.01826932931058181
36.26999999999946,1.013681716092347,0.0003176697396960646,2.333746080818562,-0.01826276347522157
36.27999999999946,1.0136777961894385,0.00031721685227766695,2.3337419374806547,-0.018256234857885162
36.28999999999946,1.0136738764465436,0.00031676382017964394,2.333737823484074,-0.018249743194491824
36.29999999999946,1.0136699568927592,0.0003163106504476828,2.3337337386070214,-0.01824328822261298
36.309999999999455,1.0136660375569337,0.0003158573500944684,2.333729682629056,-0.018236869681435258
36.31999999999945,1.0136621184676695,0.00031540392610025634,2.333725655331089,-0.018230487311755722
36.32999999999945,1.0136581996533247,0.0003149503854116382,2.333721656495383,-0.018224140855972404
36.33999999999945,1.0136542811420142,0.0003144967349420469,2.333717685905541,-0.018217830058068457
36.34999999999945,1.0136503629616107,0.00031404298157090604,2.333713743346502,-0.018211554663634888
36.359999999999445,1.0136464451397482,0.0003135891321438799,2.3337098286045386,-0.018205314419826174
36.36999999999944,1.0136425277038215,0.0003131351934725065,2.3337059414672403,-0.018199109075383746
36.37999999999944,1.0136386106809887,0.00031268117233417735,2.333702081723524,-0.018192938380612922
36.38999999999944,1.013634694098173,0.00031222707547216177,2.3336982491636165,-0.018186802087379772
36.39999999999944,1.0136307779820637,0.0003117729095952951,2.3336944435790556,-0.018180699949111284
36.409999999999435,1.0136268623591185,0.00031131868137822434,2.3336906647626816,-0.01817463172076217
36.41999999999943,1.013622947255564,0.00031086439746011506,2.333686912508631,-0.018168597158838007
36.42999999999943,1.0136190326973984,0.00031041006444551143,2.333683186612335,-0.018162596021374433
36.43999999999943,1.0136151187103921,0.0003099556889041413,2.3336794868705084,-0.0181566280679287
36.44999999999943,1.0136112053200894,0.00030950127737054494,2.3336758130811455,-0.018150693059588358
36.459999999999425,1.0136072925518107,0.00030904683634426863,2.333672165043521,-0.01814479075893244
36.46999999999942,1.0136033804306526,0.0003085923722892161,2.333668542558173,-0.018138920930058616
36.47999999999942,1.0135994689814918,0.00030813789163388505,2.333664945426911,-0.0181330833385476
36.48999999999942,1.013595558228983,0.0003076834007713666,2.333661373452796,-0.018127277751489923
36.49999999999942,1.0135916481975642,0.0003072289060589961,2.333657826440145,-0.01812150393743342
36.509999999999415,1.013587738911456,0.0003067744138184311,2.3336543041945257,-0.018115761666417096
36.51999999999941,1.013583830394663,0.0003063199303354781,2.3336508065227406,-0.01811005070993965
36.52999999999941,1.0135799226709754,0.00030586546185987456,2.3336473332328334,-0.018104370840976713
36.53999999999941,1.0135760157639722,0.00030541101460603633,2.333643884134076,-0.018098721833944925
36.54999999999941,1.0135721096970203,0.00030495659475174324,2.3336404590369715,-0.018093103464700472
36.559999999999405,1.0135682044932772,0.0003045022084385247,2.333637057753236,-0.018087515510548713
36.5699999999994,1.0135643001756915,0.00030404786177156605,2.3336336800957986,-0.018081957750241434
36.5799999999994,1.0135603967670057,0.0003035935608204875,2.3336303258788043,-0.01807642996393069
36.5899999999994,1.0135564942897568,0.0003031393116179451,2.333626994917597,-0.018070931933202666
36.5999999999994,1.0135525927662772,0.0003026851201602604,2.333623687028716,-0.018065463441056168
36.609999999999395,1.0135486922186971,0.0003022309924074656,2.3336204020298967,-0.018060024271887243
36.61999999999939,1.013544792668945,0.00030177693428276754,2.333617139740054,-0.018054614211503367
36.62999999999939,1.01354089413875,0.0003013229516734373,2.333613899979292,-0.018049233047089136
36.63999999999939,1.0135369966496426,0.00030086905042955235,2.3336106825688865,-0.0180438805672207
36.64999999999939,1.013533100222956,0.00030041523636483824,2.3336074873312787,-0.018038556561859626
36.659999999999386,1.013529204879828,0.0002999615152565627,2.333604314090083,-0.018033260822310132
36.66999999999938,1.0135253106412017,0.0002995078928447101,2.333601162670067,-0.018027993141269988
36.67999999999938,1.013521417527827,0.0002990543748326645,2.3335980328971515,-0.018022753312772533
36.68999999999938,1.0135175255602626,0.0002986009668869457,2.333594924598404,-0.018017541132224174
36.69999999999938,1.0135136347588762,0.0002981476746377477,2.3335918376020364,-0.018012356396355206
36.709999999999376,1.0135097451438466,0.00029769450367829155,2.333588771737396,-0.01800719890323932
36.719999999999374,1.0135058567351656,0.0002972414595645258,2.333585726834961,-0.018002068452274422
36.72999999999937,1.013501969552637,0.0002967885478162635,2.333582702726335,-0.017996964844191776
36.73999999999937,1.013498083615881,0.00029633577391644677,2.3335796992442424,-0.01799188788103373
36.74999999999937,1.013494198944333,0.00029588314331101446,2.3335767162225225,-0.017986837366144176
36.759999999999366,1.0134903155572466,0.0002954306614089625,2.3335737534961245,-0.0179818131041736
36.769999999999364,1.0134864334736935,0.0002949783335826688,2.333570810901096,-0.017976814901076305
36.77999999999936,1.013482552712566,0.00029452616516766853,2.3335678882745903,-0.017971842564082657
36.78999999999936,1.013478673292577,0.00029407416146243936,2.333564985454849,-0.0179668959017108
36.79999999999936,1.0134747952322627,0.0002936223277288824,2.3335621022812023,-0.017961974723756158
36.809999999999356,1.0134709185499828,0.00029317066919200805,2.3335592385940624,-0.017957078841270985
36.819999999999354,1.0134670432639217,0.0002927191910397603,2.3335563942349173,-0.01795220806658626
36.82999999999935,1.0134631693920904,0.0002922678984238289,2.333553569046324,-0.017947362213286105
36.83999999999935,1.0134592969523273,0.00029181679645906794,2.333550762871908,-0.017942541096190784
36.84999999999935,1.0134554259623,0.0002913658902232807,2.3335479755563573,-0.017937744531366817
36.859999999999346,1.0134515564395055,0.00029091518475792287,2.3335452069454057,-0.017932972336126896
36.869999999999344,1.013447688401272,0.00029046468506780174,2.333542456885843,-0.01792822432899946
36.87999999999934,1.0134438218647606,0.00029001439612111926,2.3335397252255046,-0.017923500329738412
36.88999999999934,1.013439956846965,0.0002895643228493059,2.3335370118132572,-0.017918800159327175
36.89999999999934,1.0134360933647149,0.000289114470147699,2.333534316499009,-0.017914123639931417
36.909999999999336,1.0134322314346753,0.0002886648428747693,2.33353163913369,-0.017909470594933058
36.919999999999334,1.0134283710733483,0.0002882154458524355,2.3335289795692544,-0.01790484084892424
36.92999999999933,1.013424512297074,0.000287766283866763,2.3335263376586743,-0.01790023422766379
36.93999999999933,1.0134206551220333,0.00028731736166704005,2.3335237132559343,-0.017895650558098802
36.94999999999933,1.013416799564246,0.000286868683966332,2.333521106216021,-0.017891089668368526
36.959999999999326,1.0134129456395748,0.0002864202554418817,2.333518516394927,-0.017886551387758964
36.969999999999324,1.013409093363725,0.0002859720807342036,2.333515943649639,-0.0178820355467392
36.97999999999932,1.0134052427522464,0.0002855241644478466,2.3335133878381367,-0.017877541976916322
36.98999999999932,1.0134013938205328,0.00028507651115124307,2.333510848819378,-0.017873070511070205
36.99999999999932,1.0133975465838259,0.0002846291253771064,2.333508326453309,-0.01786862098310496
37.009999999999316,1.0133937010572132,0.00028418201162204855,2.333505820600846,-0.017864193228079805
37.019999999999314,1.0133898572556321,0.0002837351743470959,2.3335033311238758,-0.017859787082174894
37.02999999999931,1.0133860151938687,0.0002832886179769095,2.3335008578852485,-0.017855402382700086
37.03999999999931,1.0133821748865608,0.0002828423469013806,2.3334984007487747,-0.01785103896808421
37.04999999999931,1.013378336348197,0.00028239636547396747,2.3334959595792184,-0.017846696677861762
37.059999999999306,1.0133744995931195,0.00028195067801294803,2.333493534242292,-0.01784237535268457
37.069999999999304,1.013370664635525,0.00028150528880109673,2.333491124604654,-0.017838074834292422
37.0799999999993,1.013366831489464,0.00028106020208547625,2.3334887305338996,-0.017833794965526423
37.0899999999993,1.0133630001688436,0.00028061542207799653,2.333486351898551,-0.017829535590323298
37.0999999999993,1.0133591706874283,0.0002801709529555401,2.3334839885680663,-0.017825296553692582
37.109999999999296,1.0133553430588411,0.000279726798859991,2.3334816404128267,-0.017821077701712124
37.119999999999294,1.013351517296564,0.00027928296389787623,2.333479307304126,-0.01781687888154579
37.12999999999929,1.0133476934139394,0.0002788394521407644,2.3334769891141747,-0.017812699941402138
37.13999999999929,1.013343871424171,0.00027839626762524335,2.3334746857160886,-0.01780854073055943
37.14999999999929,1.0133400513403248,0.0002779534143534474,2.3334723969838858,-0.017804401099352996
37.159999999999286,1.0133362331753304,0.00027751089629270945,2.333470122792482,-0.017800280899142734
37.169999999999284,1.0133324169419815,0.00027706871737588797,2.3334678630176864,-0.017796179982346116
37.17999999999928,1.0133286026529382,0.00027662688150147086,2.3334656175361963,-0.017792098202404183
37.18999999999928,1.0133247903207259,0.0002761853925333413,2.3334633862255916,-0.017788035413786152
37.19999999999928,1.0133209799577383,0.00027574425430115394,2.333461168964325,-0.017783991471978733
37.209999999999276,1.0133171715762372,0.00027530347060029074,2.333458965631726,-0.01777996623348918
37.219999999999274,1.0133133651883537,0.000274863045192273,2.3334567761079903,-0.017775959555829834
37.22999999999927,1.0133095608060891,0.0002744229818045283,2.3334546002741736,-0.017771971297529804
37.23999999999927,1.013305758441317,0.00027398328413094566,2.3334524380121935,-0.017768001318090337
37.24999999999927,1.0133019581057823,0.0002735439558312609,2.333450289204817,-0.017764049478021626
37.259999999999266,1.0132981598111037,0.00027310500053192134,2.33344815373566,-0.017760115638818685
37.269999999999264,1.0132943635687743,0.0002726664218257275,2.3334460314891805,-0.01775619966294764
37.27999999999926,1.0132905693901624,0.00027222822327203043,2.3334439223506727,-0.01775230141384579
37.28999999999926,1.0132867772865117,0.00027179040839676324,2.333441826206268,-0.01774842075593605
37.29999999999926,1.013282987268944,0.00027135298069306505,2.3334397429429217,-0.017744557554592616
37.309999999999256,1.0132791993484582,0.0002709159436208758,2.333437672448413,-0.017740711676145632
37.319999999999254,1.0132754135359332,0.00027047930060758896,2.3334356146113424,-0.017736882987871683
37.32999999999925,1.0132716298421267,0.00027004305504691687,2.3334335693211212,-0.017733071358001312
37.33999999999925,1.0132678482776778,0.0002696072103006616,2.333431536467971,-0.017729276655696846
37.34999999999925,1.0132640688531076,0.0002691717696975998,2.3334295159429193,-0.017725498751054253
37.359999999999246,1.0132602915788191,0.000268736736533917,2.3334275076377877,-0.017721737515108194
37.369999999999244,1.0132565164650984,0.00026830211407385035,2.3334255114451956,-0.017717992819806933
37.37999999999924,1.0132527435221177,0.00026786790554944226,2.333423527258555,-0.017714264538006008
37.38999999999924,1.013248972759932,0.00026743411416025134,2.3334215549720545,-0.01771055254350118
37.39999999999924,1.013245204188485,0.00026700074307462693,2.3334195944806733,-0.0177068567109612
37.409999999999236,1.0132414378176056,0.000266567795428465,2.333417645680159,-0.017703176915975144
37.419999999999234,1.0132376736570112,0.00026613527432629006,2.3334157084670335,-0.017699513035017378
37.42999999999923,1.0132339117163076,0.0002657031828409445,2.3334137827385844,-0.017695864945465545
37.43999999999923,1.0132301520049913,0.000265271524013995,2.3334118683928615,-0.017692232525556628
37.44999999999923,1.0132263945324478,0.0002648403008555923,2.3334099653286713,-0.017688615654429696
37.459999999999226,1.013222639307955,0.0002644095163449852,2.3334080734455758,-0.01768501421207741
37.469999999999224,1.013218886340682,0.0002639791734297593,2.3334061926438783,-0.017681428079379308
37.47999999999922,1.013215135639692,0.00026354927502759783,2.3334043228246344,-0.01767785713805531
37.48999999999922,1.013211387213941,0.00026311982402434407,2.333402463889632,-0.017674301270698023
37.49999999999922,1.0132076410722801,0.0002626908232757443,2.3334006157413967,-0.017670760360746995
37.509999999999216,1.013203897223456,0.00026226227560721883,2.333398778283184,-0.017667234292485068
37.519999999999214,1.0132001556761112,0.00026183418381327755,2.3333969514189734,-0.01766372295103566
37.52999999999921,1.0131964164387857,0.00026140655065851217,2.3333951350534647,-0.017660226222367986
37.53999999999921,1.0131926795199169,0.00026097937887773766,2.333393329092076,-0.017656743993268942
37.54999999999921,1.0131889449278413,0.00026055267117552336,2.3333915334409383,-0.017653276151358088
37.55999999999921,1.0131852126707943,0.0002601264302265487,2.333389748006887,-0.017649822585070807
37.569999999999204,1.0131814827569126,0.000259700658676327,2.3333879726974636,-0.01764638318366052
37.5799999999992,1.0131777551942327,0.00025927535914048113,2.333386207420907,-0.01764295783718922
37.5899999999992,1.0131740299906937,0.0002588505342056575,2.333384452086152,-0.017639546436521658
37.5999999999992,1.0131703071541376,0.00025842618642861936,2.333382706602825,-0.017636148873318935
37.6099999999992,1.0131665866923087,0.00025800231833740723,2.333380970881236,-0.01763276504003916
37.619999999999195,1.0131628686128558,0.00025757893243084614,2.3333792448323747,-0.01762939482994272
37.62999999999919,1.0131591529233335,0.0002571560311795853,2.333377528367913,-0.0176260381370468
37.63999999999919,1.0131554396312006,0.00025673361702477246,2.3333758214001934,-0.017622694856174098
37.64999999999919,1.013151728743823,0.00025631169237965497,2.333374123842225,-0.017619364882909383
37.65999999999919,1.013148020268474,0.00025589025962886153,2.333372435607685,-0.01761604811360487
37.669999999999185,1.013144314212334,0.00025546932112880213,2.333370756610909,-0.01761274444538713
37.67999999999918,1.0131406105824927,0.00025504887920788354,2.3333690867668917,-0.017609453776124218
37.68999999999918,1.0131369093859484,0.00025462893616635485,2.3333674259912716,-0.01760617600446135
37.69999999999918,1.0131332106296098,0.0002542094942767996,2.3333657742003466,-0.017602911029781926
37.70999999999918,1.0131295143202972,0.00025379055578422154,2.333364131311051,-0.017599658752202013
37.719999999999175,1.0131258204647402,0.00025337212290593415,2.3333624972409557,-0.017596419072605035
37.72999999999917,1.013122129069583,0.0002529541978322826,2.3333608719082783,-0.017593191892582183
37.73999999999917,1.0131184401413809,0.00025253678272575176,2.3333592552318536,-0.01758997711448279
37.74999999999917,1.0131147536866034,0.0002521198797224362,2.333357647131155,-0.017586774641363906
37.75999999999917,1.013111069711635,0.00025170349093118664,2.333356047526275,-0.01758358437699284
37.769999999999165,1.0131073882227735,0.00025128761843389204,2.333354456337924,-0.017580406225883305
37.77999999999916,1.013103709226234,0.0002508722642863687,2.3333528734874296,-0.017577240093234053
37.78999999999916,1.013100032728147,0.000250457430517266,2.333351298896728,-0.017574085884965174
37.79999999999916,1.01309635873456,0.00025004311912932796,2.3333497324883665,-0.017570943507697112
37.80999999999916,1.0130926872514388,0.0002496293320989395,2.3333481741854927,-0.017567812868742344
37.819999999999155,1.0130890182846666,0.00024921607137654597,2.3333466239118525,-0.017564693876111953
37.82999999999915,1.013085351840046,0.0002488033388867365,2.3333450815917907,-0.01756158643850958
37.83999999999915,1.0130816879233002,0.0002483911365283035,2.3333435471502435,-0.017558490465305665
37.84999999999915,1.0130780265400703,0.00024797946617421637,2.3333420205127267,-0.01755540586657925
37.85999999999915,1.0130743676959213,0.0002475683296726432,2.3333405016053526,-0.01755233255305136
37.869999999999145,1.013070711396338,0.00024715772884559224,2.3333389903548043,-0.017549270436130304
37.87999999999914,1.0130670576467273,0.0002467476654904608,2.3333374866883436,-0.017546219427899717
37.88999999999914,1.0130634064524198,0.00024633814137964017,2.333335990533803,-0.017543179441089213
37.89999999999914,1.013059757818669,0.0002459291582604234,2.3333345018195857,-0.017540150389092762
37.90999999999914,1.0130561117506531,0.0002455207178559617,2.3333330204746567,-0.017537132185953597
37.919999999999135,1.0130524682534745,0.000245112821864131,2.333331546428549,-0.017534124746364843
37.92999999999913,1.0130488273321614,0.0002447054719584227,2.333330079611342,-0.017531127985669803
37.93999999999913,1.0130451889916674,0.0002442986697886395,2.333328619953678,-0.01752814181983753
37.94999999999913,1.0130415532368735,0.0002438924169799434,2.3333271673867437,-0.017525166165487188
37.95999999999913,1.0130379200725865,0.0002434867151335425,2.3333257218422716,-0.01752220093986892
37.969999999999125,1.0130342895035427,0.00024308156582733854,2.33332428325254,-0.017519246060852117
37.97999999999912,1.013030661534406,0.0002426769706150914,2.3333228515503643,-0.01751630144692179
37.98999999999912,1.0130270361697689,0.00024227293102696028,2.3333214266690963,-0.01751336701720327
37.99999999999912,1.0130234134141543,0.00024186944856978854,2.333320008542617,-0.01751044269141308
38.00999999999912,1.0130197932720137,0.00024146652472718097,2.333318597105333,-0.017507528389903104
38.019999999999115,1.0130161757477316,0.0002410641609599715,2.3333171922921845,-0.01750462403360603
38.02999999999911,1.013012560845622,0.000240662358705519,2.3333157940386204,-0.017501729544078692
38.03999999999911,1.013008948569931,0.0002402611193787972,2.333314402280615,-0.017498844843465422
38.04999999999911,1.0130053389248381,0.0002398604443722311,2.333313016954658,-0.017495969854493865
38.05999999999911,1.0130017319144549,0.0002394603350549351,2.333311637997741,-0.017493104500501067
38.069999999999105,1.0129981275428268,0.00023906079277447425,2.333310265347368,-0.017490248705402472
38.0799999999991,1.0129945258139337,0.0002386618188560526,2.333308898941545,-0.017487402393690676
38.0899999999991,1.0129909267316894,0.00023826341460263565,2.3333075387187794,-0.017484565490441445
38.0999999999991,1.0129873302999435,0.00023786558129508967,2.333306184618071,-0.017481737921306917
38.1099999999991,1.012983736522481,0.00023746832019304925,2.3333048365789177,-0.017478919612501836
38.119999999999095,1.0129801454030238,0.00023707163253419822,2.3333034945413034,-0.017476110490808022
38.12999999999909,1.01297655694523,0.0002366755195345522,2.333302158445698,-0.017473310483578752
38.13999999999909,1.0129729711526954,0.00023627998238903068,2.33330082823306,-0.01747051951871384
38.14999999999909,1.0129693880289534,0.00023588502227117524,2.333299503844818,-0.017467737524673566
38.15999999999909,1.0129658075774761,0.00023549064033382433,2.3332981852228842,-0.01746496443046841
38.169999999999085,1.0129622298016747,0.0002350968377084018,2.3332968723096426,-0.017462200165655917
38.17999999999908,1.0129586547048994,0.00023470361550577198,2.3332955650479428,-0.017459444660336276
38.18999999999908,1.0129550822904407,0.00023431097481638042,2.333294263381108,-0.017456697845142616
38.19999999999908,1.01295151256153,0.00023391891670943677,2.3332929672529197,-0.0174539596512491
38.20999999999908,1.0129479455213382,0.00023352744223412535,2.333291676607615,-0.017451230010373076
38.219999999999075,1.0129443811729788,0.0002331365524199184,2.3332903913898964,-0.01744850885474361
38.22999999999907,1.012940819519508,0.000232746248276005,2.333289111544917,-0.017445796117114
38.23999999999907,1.0129372605639226,0.0002323565307910379,2.333287837018275,-0.01744309173077599
38.24999999999907,1.0129337043091642,0.00023196740093458972,2.3332865677560246,-0.01744039562951541
38.25999999999907,1.0129301507581165,0.0002315788596562173,2.3332853037046557,-0.017437707747650355
38.269999999999065,1.0129265999136083,0.00023119090788628998,2.3332840448111045,-0.017435028019997356
38.27999999999906,1.0129230517784118,0.0002308035465354029,2.333282791022743,-0.017432356381882508
38.28999999999906,1.0129195063552445,0.00023041677649522884,2.3332815422873776,-0.01742969276914144
38.29999999999906,1.0129159636467697,0.00023003059863813366,2.3332802985532464,-0.0174270371180969
38.30999999999906,1.012912423655596,0.000229645013817408,2.33327905976902,-0.01742438936557525
38.319999999999055,1.0129088863842783,0.00022926002286802893,2.3332778258837843,-0.01742174944890293
38.32999999999905,1.0129053518353193,0.00022887562660599926,2.3332765968470635,-0.017419117305866594
38.33999999999905,1.0129018200111672,0.00022849182582815612,2.3332753726087843,-0.01741649287477151
38.34999999999905,1.0128982909142192,0.00022810862131392946,2.333274153119301,-0.0174138760943868
38.35999999999905,1.01289476454682,0.00022772601382400472,2.333272938329377,-0.01741126690397357
38.369999999999045,1.0128912409112636,0.00022734400410118089,2.3332717281901876,-0.017408665243247662
38.37999999999904,1.0128877200097925,0.0002269625928700952,2.3332705226533177,-0.017406071052413458
38.38999999999904,1.0128842018445992,0.00022658178083720325,2.3332693216707536,-0.017403484272133313
38.39999999999904,1.012880686417825,0.00022620156869161267,2.3332681251948837,-0.01740090484354695
38.40999999999904,1.0128771737315632,0.00022582195710485877,2.3332669331784985,-0.017398332708237485
38.419999999999035,1.0128736637878564,0.00022544294673063138,2.3332657455747827,-0.017395767808266377
38.42999999999903,1.0128701565886993,0.00022506453820567005,2.3332645623373125,-0.017393210086143696
38.43999999999903,1.012866652136038,0.00022468673214917712,2.333263383420054,-0.017390659484824045
38.44999999999903,1.012863150431771,0.0002243095291636062,2.3332622087773682,-0.017388115947715888
38.45999999999903,1.0128596514777495,0.00022393292983418568,2.333261038363994,-0.017385579418667668
38.469999999999025,1.0128561552757762,0.00022355693472921162,2.333259872135052,-0.017383049841986548
38.47999999999902,1.0128526618276088,0.0002231815444006264,2.3332587100460453,-0.017380527162404846
38.48999999999902,1.0128491711349579,0.00022280675938376855,2.3332575520528533,-0.01737801132508998
38.49999999999902,1.0128456831994885,0.00022243258019723685,2.3332563981117254,-0.017375502275650878
38.50999999999902,1.01284219802282,0.0002220590073437171,2.333255248179285,-0.01737299996012584
38.519999999999015,1.012838715606527,0.00022168604130994336,2.3332541022125266,-0.017370504324967673
38.52999999999901,1.0128352359521395,0.00022131368256589356,2.3332529601688012,-0.017368015317066554
38.53999999999901,1.012831759061143,0.00022094193156605582,2.3332518220058356,-0.017365532883721363
38.54999999999901,1.0128282849349797,0.00022057078874904132,2.3332506876817054,-0.017363056972663327
38.55999999999901,1.0128248135750475,0.00022020025453777813,2.3332495571548493,-0.017360587532025323
38.569999999999006,1.0128213449827022,0.0002198303293398399,2.333248430384062,-0.017358124510356093
38.579999999999,1.0128178791592561,0.00021946101354718085,2.33324730732849,-0.017355667856610968
38.589999999999,1.01281441610598,0.00021909230753639324,2.333246187947626,-0.01735321752015137
38.599999999999,1.0128109558241019,0.0002187242116689438,2.3332450722013127,-0.017350773450750562
38.609999999999,1.0128074983148088,0.0002183567262914065,2.333243960049736,-0.017348335598571102
38.619999999998996,1.012804043579247,0.00021798985173568535,2.3332428514534294,-0.017345903914168515
38.629999999998994,1.0128005916185208,0.00021762358831829855,2.3332417463732593,-0.01734347834850883
38.63999999999899,1.0127971424336952,0.00021725793634153477,2.333240644770432,-0.01734105885292908
38.64999999999899,1.0127936960257944,0.00021689289609297486,2.3332395466064892,-0.01733864537917207
38.65999999999899,1.012790252395804,0.0002165284678457124,2.3332384518433043,-0.01733623787934968
38.669999999998986,1.0127868115446685,0.00021616465185851107,2.33323736044308,-0.017333836305971767
38.679999999998984,1.0127833734732956,0.0002158014483760742,2.333236272368344,-0.0173314406119133
38.68999999999898,1.012779938182552,0.00021543885762903897,2.3332351875819537,-0.017329050750446134
38.69999999999898,1.012776505673268,0.00021507687983393875,2.333234106047086,-0.01732666667519156
38.70999999999898,1.0127730759462352,0.00021471551519354603,2.333233027727237,-0.017324288340166083
38.719999999998976,1.0127696490022082,0.0002143547638971727,2.333231952586224,-0.017321915699726798
38.729999999998974,1.0127662248419034,0.0002139946261198414,2.3332308805881734,-0.01731954870862723
38.73999999999897,1.012762803466001,0.00021363510202368285,2.3332298116975316,-0.01731718732196183
38.74999999999897,1.0127593848751448,0.0002132761917571696,2.3332287458790506,-0.017314831495198968
38.75999999999897,1.0127559690699417,0.00021291789545565518,2.333227683097792,-0.01731248118415865
38.769999999998966,1.0127525560509631,0.00021256021324133974,2.333226623319122,-0.017310136345018518
38.779999999998964,1.012749145818745,0.00021220314522350952,2.3332255665087107,-0.017307796934314834
38.78999999999896,1.012745738373788,0.00021184669149844302,2.333224512632534,-0.017305462908914077
38.79999999999896,1.012742333716558,0.00021149085214972627,2.333223461656862,-0.017303134226048122
38.80999999999896,1.0127389318474864,0.00021113562724787535,2.333222413548263,-0.017300810843285913
38.819999999998956,1.0127355327669698,0.0002107810168509404,2.3332213682736,-0.017298492718544667
38.829999999998954,1.012732136475371,0.00021042702100477036,2.333220325800024,-0.0172961798100843
38.83999999999895,1.0127287429730194,0.00021007363974274537,2.3332192860949847,-0.01729387207648997
38.84999999999895,1.0127253522602118,0.00020972087308616073,2.333218249126214,-0.017291569476682866
38.85999999999895,1.0127219643372107,0.00020936872104364737,2.333217214861728,-0.01728927196992966
38.869999999998946,1.0127185792042468,0.00020901718361233091,2.3332161832698306,-0.017286979515812012
38.879999999998944,1.0127151968615178,0.00020866626077718108,2.3332151543191064,-0.017284692074248847
38.88999999999894,1.0127118173091902,0.0002083159525114127,2.3332141279784167,-0.01728240960547217
38.89999999999894,1.0127084405473978,0.00020796625877637123,2.3332131042169,-0.017280132070060572
38.90999999999894,1.0127050665762434,0.00020761717952221413,2.3332120830039704,-0.017277859428884823
38.919999999998936,1.0127016953957984,0.00020726871468729077,2.3332110643093187,-0.017275591643150262
38.929999999998934,1.0126983270061038,0.0002069208641986308,2.333210048102903,-0.017273328674365596
38.93999999999893,1.0126949614071696,0.00020657362797185934,2.333209034354947,-0.017271070484367462
38.94999999999893,1.0126915985989757,0.00020622700591162575,2.33320802303595,-0.017268817035289152
38.95999999999893,1.012688238581472,0.00020588099791131654,2.333207014116665,-0.01726656828957751
38.969999999998926,1.0126848813545775,0.0002055356038533798,2.333206007568112,-0.017264324210002235
38.979999999998924,1.0126815269181841,0.00020519082361017467,2.3332050033615763,-0.01726208475959501
38.98999999999892,1.0126781752721525,0.0002048466570417658,2.3332040014685944,-0.017259849901731517
38.99999999999892,1.0126748264163157,0.00020450310399901302,2.333203001860967,-0.01725761960005784
39.00999999999892,1.0126714803504777,0.00020416016432129474,2.3332020045107424,-0.01725539381853672
39.019999999998916,1.0126681370744142,0.00020381783783771432,2.333201009390225,-0.017253172521409676
39.029999999998914,1.012664796587872,0.00020347612436702928,2.333200016471966,-0.01725095567322965
39.03999999999891,1.0126614588905718,0.00020313502371843725,2.333199025728773,-0.01724874323881012
39.04999999999891,1.0126581239822054,0.00020279453568970953,2.333198037133693,-0.01724653518328431
39.05999999999891,1.012654791862438,0.00020245466006951974,2.3331970506600204,-0.017244331472054397
39.069999999998906,1.0126514625309078,0.00020211539663645596,2.3331960662812947,-0.0172421320708028
39.079999999998904,1.012648135987226,0.00020177674515874366,2.333195083971295,-0.01723993694550055
39.0899999999989,1.0126448122309775,0.00020143870539487537,2.333194103704038,-0.01723774606239481
39.0999999999989,1.0126414912617208,0.00020110127709389904,2.3331931254537777,-0.017235559388017213
39.1099999999989,1.0126381730789886,0.00020076445999542907,2.333192149195006,-0.017233376889169955
39.119999999998896,1.012634857682288,0.00020042825382954316,2.333191174902445,-0.01723119853292293
39.129999999998894,1.0126315450711005,0.00020009265831654084,2.3331902025510542,-0.017229024286622402
39.13999999999889,1.0126282352448823,0.00019975767316788963,2.3331892321160166,-0.017226854117885992
39.14999999999889,1.0126249282030648,0.0001994232980855203,2.3331882635727474,-0.01722468799458768
39.15999999999889,1.012621623945055,0.00019908953276265965,2.333187296896887,-0.01722252588487813
39.169999999998886,1.0126183224702348,0.0001987563768828849,2.3331863320643027,-0.017220367757162736
39.179999999998884,1.012615023777962,0.00019842383012134954,2.3331853690510798,-0.0172182135801163
39.18999999999888,1.0126117278675715,0.000198091892144364,2.333184407833529,-0.017216063322654684
39.19999999999888,1.0126084347383726,0.0001977605626090373,2.3331834483881795,-0.017213916953971092
39.20999999999888,1.0126051443896524,0.000197429841164206,2.3331824906917755,-0.017211774443506633
39.219999999998876,1.0126018568206745,0.00019709972745008498,2.3331815347212794,-0.017209635760949138
39.229999999998874,1.0125985720306794,0.00019677022109839483,2.3331805804538694,-0.017207500876239262
39.23999999999887,1.0125952900188848,0.0001964413217320413,2.3331796278669357,-0.017205369759565103
39.24999999999887,1.0125920107844857,0.0001961130289659662,2.333178676938075,-0.01720324238137569
39.25999999999887,1.0125887343266546,0.0001957853424071335,2.333177727645095,-0.01720111871235333
39.269999999998866,1.0125854606445424,0.00019545826165415163,2.3331767799660152,-0.01719899872341696
39.279999999998864,1.0125821897372773,0.0001951317862973221,2.333175833879055,-0.017196882385744433
39.28999999999886,1.012578921603967,0.00019480591591946204,2.3331748893626454,-0.017194769670738158
39.29999999999886,1.0125756562436965,0.00019448065009505173,2.3331739463954118,-0.017192660550044703
39.30999999999886,1.0125723936555306,0.00019415598839081318,2.333173004956188,-0.017190554995538954
39.319999999998856,1.012569133838512,0.0001938319303657416,2.333172065023998,-0.017188452979349067
39.329999999998854,1.0125658767916634,0.00019350847557152693,2.3331711265780726,-0.01718635447381478
39.33999999999885,1.0125626225139868,0.00019318562355224121,2.3331701895978343,-0.017184259451516026
39.34999999999885,1.0125593710044634,0.00019286337384419598,2.333169254062903,-0.017182167885257393
39.35999999999885,1.0125561222620547,0.0001925417259765136,2.3331683199530877,-0.01718007974807742
39.369999999998846,1.012552876285702,0.00019222067947109416,2.333167387248391,-0.0171779950132267
39.379999999998844,1.0125496330743264,0.00019190023384207315,2.333166455929007,-0.017175913654191244
39.38999999999884,1.0125463926268303,0.00019158038859708157,2.333165525975318,-0.017173835644672064
39.39999999999884,1.0125431549420965,0.0001912611432363334,2.3331645973678916,-0.01717176095859696
39.40999999999884,1.0125399200189875,0.00019094249725309757,2.333163670087476,-0.017169689570112168
39.419999999998836,1.0125366878563484,0.00019062445013414187,2.3331627441150142,-0.017167621453563653
39.429999999998834,1.0125334584530048,0.00019030700135888915,2.333161819431624,-0.017165556583536662
39.43999999999883,1.012530231807764,0.0001899901504005328,2.3331608960186094,-0.017163494934803458
39.44999999999883,1.0125270079194149,0.00018967389672478618,2.3331599738574504,-0.017161436482365316
39.45999999999883,1.0125237867867278,0.0001893582397911583,2.3331590529298043,-0.017159381201431012
39.46999999999883,1.0125205684084553,0.0001890431790525978,2.3331581332175055,-0.017157329067418015
39.479999999998824,1.0125173527833324,0.00018872871395574407,2.333157214702568,-0.017155280055941607
39.48999999999882,1.012514139910076,0.00018841484394066066,2.3331562973671742,-0.017153234142834012
39.49999999999882,1.0125109297873862,0.00018810156844100754,2.333155381193681,-0.017151191304123126
39.50999999999882,1.012507722413945,0.00018778888688461955,2.3331544661646166,-0.017149151516040934
39.51999999999882,1.012504517788418,0.0001874767986930103,2.333153552262675,-0.017147114755027365
39.529999999998815,1.012501315909454,0.00018716530328183434,2.333152639470726,-0.017145080997698403
39.53999999999881,1.0124981167756846,0.00018685440006024215,2.333151727771799,-0.017143050220892464
39.54999999999881,1.0124949203857256,0.0001865440884318887,2.333150817149097,-0.017141022401625794
39.55999999999881,1.0124917267381757,0.00018623436779398523,2.3331499075859763,-0.017138997517115034
39.56999999999881,1.012488535831618,0.00018592523753825513,2.333148999065965,-0.017136975544770977
39.579999999998805,1.012485347664619,0.000185616697050847,2.333148091572747,-0.017134956462201506
39.5899999999988,1.0124821622357303,0.00018530874571233796,2.333147185090174,-0.01713294024717532
39.5999999999988,1.012478979543487,0.00018500138289681735,2.3331462796022477,-0.017130926877685665
39.6099999999988,1.012475799586409,0.00018469460797382388,2.3331453750931304,-0.017128916331895422
39.6199999999988,1.0124726223630012,0.0001843884203069819,2.3331444715471417,-0.01712690858815083
39.629999999998795,1.0124694478717529,0.00018408281925477786,2.3331435689487576,-0.017124903624980814
39.63999999999879,1.0124662761111387,0.00018377780417017846,2.333142667282604,-0.017122901421106645
39.64999999999879,1.0124631070796182,0.00018347337440088857,2.333141766533459,-0.017120901955416545
39.65999999999879,1.012459940775637,0.00018316952928979389,2.3331408666862603,-0.01711890520698542
39.66999999999879,1.0124567771976252,0.00018286626817390017,2.3331399677260842,-0.01711691115506625
39.679999999998785,1.0124536163439994,0.0001825635903858671,2.3331390696381606,-0.017114919779085525
39.68999999999878,1.0124504582131617,0.00018226149525308604,2.3331381724078697,-0.01711293105864664
39.69999999999878,1.0124473028035001,0.00018195998209791402,2.3331372760207323,-0.017110944973527803
39.70999999999878,1.012444150113389,0.00018165905023810798,2.333136380462418,-0.017108961503680492
39.71999999999878,1.012441000141189,0.00018135869898643864,2.33313548571874,-0.017106980629214674
39.729999999998775,1.0124378528852473,0.0001810589276508556,2.3331345917756527,-0.017105002330425084
39.73999999999877,1.0124347083438976,0.0001807597355346705,2.333133698619253,-0.0171030265877678
39.74999999999877,1.0124315665154602,0.00018046112193668702,2.333132806235776,-0.017101053381867848
39.75999999999877,1.0124284273982427,0.00018016308615122147,2.333131914611599,-0.01709908269351218
39.76999999999877,1.0124252909905396,0.00017986562746781496,2.333131023733238,-0.01709711450364948
39.779999999998765,1.0124221572906322,0.00017956874517154379,2.333130133587338,-0.017095148793410953
39.78999999999876,1.0124190262967903,0.00017927243854367806,2.33312924416069,-0.01709318554405395
39.79999999999876,1.0124158980072697,0.00017897670686040738,2.3331283554402145,-0.017091224737029176
39.80999999999876,1.012412772420315,0.00017868154939385252,2.333127467412962,-0.01708926635393193
39.81999999999876,1.0124096495341584,0.00017838696541249205,2.333126580066125,-0.017087310376510984
39.829999999998755,1.0124065293470195,0.00017809295417993838,2.333125693387016,-0.017085356786681133
39.83999999999875,1.0124034118571066,0.00017779951495621222,2.3331248073630833,-0.017083405566511417
39.84999999999875,1.012400297062616,0.0001775066469969146,2.3331239219819095,-0.017081456698207792
39.85999999999875,1.0123971849617324,0.0001772143495535811,2.3331230372311906,-0.01707951016415521
39.86999999999875,1.0123940755526282,0.000176922621874334,2.3331221530987616,-0.01707756594687887
39.879999999998745,1.0123909688334658,0.00017663146320339958,2.3331212695725805,-0.017075624029048136
39.88999999999874,1.0123878648023956,0.0001763408727809922,2.3331203866407257,-0.01707368439348994
39.89999999999874,1.012384763457557,0.000176050849843637,2.3331195042914064,-0.01707174702317063
39.90999999999874,1.012381664797078,0.00017576139362410618,2.3331186225129468,-0.017069811901210485
39.91999999999874,1.012378568819077,0.00017547250335173278,2.333117741293801,-0.01706787901087281
39.929999999998735,1.0123754755216605,0.00017518417825203859,2.3331168606225376,-0.017065948335564546
39.93999999999873,1.0123723849029251,0.0001748964175466526,2.3331159804878463,-0.017064019858830298
39.94999999999873,1.0123692969609563,0.00017460922045434276,2.333115100878533,-0.01706209356437155
39.95999999999873,1.0123662116938297,0.00017432258619009115,2.333114221783527,-0.017060169436018208
39.96999999999873,1.012363129099611,0.00017403651396589293,2.3331133431918674,-0.017058247457741343
39.979999999998725,1.012360049176355,0.00017375100298989824,2.333112465092713,-0.017056327613659578
39.98999999999872,1.012356971922107,0.00017346605246754395,2.3331115874753334,-0.017054409888017014
39.99999999999872,1.0123538973349027,0.00017318166160077444,2.3331107103291173,-0.017052494265204637
40.00999999999872,1.0123508254127682,0.00017289782958846453,2.333109833643564,-0.017050580729734116
40.01999999999872,1.0123477561537195,0.00017261455562581518,2.3331089574082813,-0.017048669266264943
40.029999999998715,1.012344689555763,0.00017233183890564237,2.333108081612989,-0.017046759859591365
40.03999999999871,1.012341625616897,0.00017204967861753951,2.3331072062475213,-0.017044852494622093
40.04999999999871,1.0123385643351088,0.00017176807394797886,2.3331063313018134,-0.017042947156413385
40.05999999999871,1.012335505708378,0.00017148702408039356,2.333105456765916,-0.01704104383014357
40.06999999999871,1.0123324497346746,0.00017120652819533158,2.3331045826299803,-0.017039142501124566
40.079999999998705,1.0123293964119593,0.00017092658547102313,2.333103708884267,-0.01703724315479871
40.0899999999987,1.0123263457381855,0.0001706471950824812,2.333102835519143,-0.017035345776716337
40.0999999999987,1.0123232977112964,0.00017036835620171356,2.3331019625250753,-0.017033450352576
40.1099999999987,1.0123202523292267,0.00017009006799859148,2.3331010898926365,-0.017031556868200126
40.1199999999987,1.0123172095899038,0.00016981232964044017,2.3331002176125017,-0.01702966530952274
40.129999999998695,1.0123141694912465,0.00016953514029172665,2.3330993456754503,-0.017027775662588757
40.13999999999869,1.0123111320311644,0.00016925849911378024,2.333098474072357,-0.017025887913602322
40.14999999999869,1.01230809720756,0.00016898240526638295,2.3330976027941976,-0.017024002048852654
40.15999999999869,1.0123050650183272,0.00016870685790633337,2.333096731832051,-0.017022118054771607
40.16999999999869,1.0123020354613521,0.00016843185618822636,2.3330958611770876,-0.017020235917898946
40.179999999998685,1.0122990085345136,0.00016815739926407799,2.333094990820583,-0.017018355624889403
40.18999999999868,1.0122959842356827,0.00016788348628377545,2.333094120753903,-0.017016477162516225
40.19999999999868,1.0122929625627224,0.00016761011639443484,2.3330932509685125,-0.01701460051767828
40.20999999999868,1.012289943513488,0.00016733728874138165,2.3330923814559656,-0.0170127256773831
40.21999999999868,1.0122869270858281,0.00016706500246757217,2.3330915122079174,-0.01701085262875099
40.229999999998675,1.012283913277584,0.000166793256714129,2.333090643216115,-0.01700898135900425
40.23999999999867,1.0122809020865895,0.00016652205061919582,2.3330897744723895,-0.01700711185550069
40.24999999999867,1.012277893510671,0.00016625138331977606,2.3330889059686735,-0.017005244105694817
40.25999999999867,1.0122748875476488,0.00016598125395040072,2.3330880376969856,-0.017003378097154104
40.26999999999867,1.0122718841953355,0.00016571166164365688,2.333087169649433,-0.017001513817561403
40.279999999998665,1.0122688834515372,0.00016544260553041508,2.333086301818217,-0.016999651254693354
40.28999999999866,1.0122658853140538,0.00016517408473916192,2.3330854341956244,-0.01699779039644153
40.29999999999866,1.012262889780678,0.00016490609839673535,2.3330845667740294,-0.01699593123080556
40.30999999999866,1.012259896849196,0.0001646386456278405,2.3330836995458917,-0.016994073745893234
40.31999999999866,1.0122569065173879,0.00016437172555588844,2.3330828325037585,-0.01699221792991834
40.329999999998655,1.0122539187830268,0.000164105337302277,2.33308196564026,-0.016990363771191147
40.33999999999865,1.0122509336438807,0.00016383947998670036,2.333081098948118,-0.016988511258126893
40.34999999999865,1.0122479510977112,0.00016357415272717234,2.333080232420132,-0.016986660379241736
40.35999999999865,1.012244971142273,0.00016330935463951298,2.3330793660491826,-0.016984811123163662
40.36999999999865,1.0122419937753153,0.0001630450848386218,2.333078499828239,-0.016982963478608087
40.379999999998645,1.0122390189945814,0.00016278134243746787,2.3330776337503454,-0.016981117434409276
40.38999999999864,1.0122360467978087,0.00016251812654792224,2.333076767808631,-0.01697927297948129
40.39999999999864,1.0122330771827293,0.00016225543628018893,2.333075901996303,-0.016977430102842472
40.40999999999864,1.0122301101470699,0.0001619932707429131,2.333075036306653,-0.01697558879360675
40.41999999999864,1.0122271456885508,0.00016173162904294761,2.3330741707330445,-0.016973749040988
40.429999999998635,1.0122241838048875,0.00016147051028627104,2.3330733052689236,-0.016971910834298942
40.43999999999863,1.0122212244937898,0.00016120991357724057,2.333072439907812,-0.01697007416294108
40.44999999999863,1.0122182677529628,0.00016094983801899027,2.3330715746433093,-0.016968239016404568
40.45999999999863,1.0122153135801053,0.00016069028271282085,2.333070709469088,-0.016966405384289812
40.46999999999863,1.0122123619729124,0.00016043124675961347,2.3330698443789006,-0.016964573256277177
40.479999999998626,1.0122094129290728,0.00016017272925828346,2.33306897936657,-0.01696274262214542
40.48999999999862,1.0122064664462715,0.00015991472930699572,2.333068114425996,-0.01696091347175599
40.49999999999862,1.012203522522187,0.00015965724600248645,2.3330672495511466,-0.016959085795076462
40.50999999999862,1.0122005811544947,0.00015940027844105377,2.3330663847360684,-0.016957259582148415
40.51999999999862,1.0121976423408645,0.00015914382571721543,2.333065519974876,-0.016955434823110516
40.529999999998616,1.0121947060789616,0.00015888788692466655,2.333064655261758,-0.016953611508183503
40.539999999998614,1.0121917723664469,0.00015863246115607057,2.333063790590977,-0.01695178962767263
40.54999999999861,1.0121888412009767,0.00015837754750269291,2.333062925956856,-0.016949969171987406
40.55999999999861,1.012185912580203,0.00015812314505525197,2.333062061353797,-0.016948150131607498
40.56999999999861,1.012182986501773,0.0001578692529035962,2.3330611967762636,-0.016946332497100897
40.579999999998606,1.0121800629633304,0.00015761587013619517,2.3330603322187926,-0.016944516259120884
40.589999999998604,1.012177141962514,0.00015736299584100886,2.333059467675987,-0.016942701408401595
40.5999999999986,1.0121742234969588,0.00015711062910457498,2.3330586031425145,-0.016940887935769727
40.6099999999986,1.0121713075642957,0.0001568587690134066,2.3330577386131104,-0.01693907583213425
40.6199999999986,1.0121683941621513,0.00015660741465285525,2.3330568740825774,-0.016937265088468323
40.629999999998596,1.0121654832881493,0.00015635656510780646,2.3330560095457833,-0.016935455695841956
40.639999999998594,1.0121625749399081,0.00015610621946179082,2.3330551449976573,-0.01693364764540886
40.64999999999859,1.0121596691150434,0.0001558563767983846,2.3330542804331955,-0.0169318409283874
40.65999999999859,1.0121567658111674,0.00015560703619994852,2.3330534158474605,-0.01693003553607708
40.66999999999859,1.0121538650258877,0.00015535819674797823,2.3330525512355678,-0.01692823145986988
40.679999999998586,1.0121509667568087,0.00015510985752399518,2.333051686592705,-0.016926428691226958
40.689999999998584,1.0121480710015316,0.00015486201760853862,2.333050821914117,-0.016924627221683336
40.69999999999858,1.0121451777576538,0.00015461467608159213,2.3330499571951075,-0.016922827042858996
40.70999999999858,1.0121422870227699,0.0001543678320229833,2.333049092431049,-0.01692102814643709
40.71999999999858,1.0121393987944698,0.00015412148451156166,2.333048227617364,-0.016919230524194723
40.729999999998576,1.0121365130703421,0.00015387563262595383,2.333047362749542,-0.01691743416796221
40.739999999998574,1.0121336298479715,0.00015363027544426064,2.3330464978231302,-0.016915639069648714
40.74999999999857,1.0121307491249383,0.00015338541204384644,2.333045632833728,-0.01691384522125805
40.75999999999857,1.0121278708988215,0.0001531410415022769,2.333044767777002,-0.016912052614832723
40.76999999999857,1.0121249951671965,0.0001528971628961487,2.3330439026486696,-0.01691026124251596
40.779999999998566,1.012122121927635,0.00015265377530200022,2.3330430374445053,-0.016908471096512445
40.789999999998564,1.0121192511777075,0.00015241087779610052,2.333042172160343,-0.016906682169086973
40.79999999999856,1.0121163829149795,0.00015216846945415407,2.3330413067920706,-0.016904894452596297
40.80999999999856,1.0121135171370161,0.0001519265493518962,2.333040441335631,-0.016903107939443496
40.81999999999856,1.0121106538413782,0.00015168511656475935,2.333039575787025,-0.01690132262211566
40.829999999998556,1.0121077930256244,0.00015144417016740126,2.333038710142304,-0.016899538493162086
40.839999999998554,1.0121049346873106,0.00015120370923488651,2.3330378443975706,-0.016897755545209087
40.84999999999855,1.0121020788239905,0.00015096373284182634,2.333036978548988,-0.016895973770935574
40.85999999999855,1.0120992254332155,0.00015072424006272561,2.3330361125927657,-0.016894193163098148
40.86999999999855,1.012096374512534,0.0001504852299719212,2.3330352465251707,-0.01689241371451572
40.879999999998546,1.0120935260594925,0.00015024670164336134,2.333034380342518,-0.016890635418076005
40.889999999998544,1.0120906800716347,0.00015000865415138159,2.333033514041172,-0.01688885826673034
40.89999999999854,1.0120878365465025,0.00014977108657012112,2.3330326476175527,-0.016887082253492974
40.90999999999854,1.012084995481636,0.0001495339979735905,2.3330317810681325,-0.016885307371438757
40.91999999999854,1.0120821568745726,0.00014929738743555193,2.333030914389424,-0.01688353361371217
40.929999999998536,1.0120793207228473,0.00014906125402996224,2.3330300475779975,-0.016881760973521592
40.939999999998534,1.0120764870239936,0.00014882559683106382,2.3330291806304664,-0.016879989444137544
40.94999999999853,1.0120736557755432,0.00014859041491292968,2.3330283135434993,-0.01687821901888137
40.95999999999853,1.0120708269750254,0.00014835570734956363,2.3330274463138077,-0.01687644969115265
40.96999999999853,1.0120680006199683,0.00014812147321531876,2.333026578938155,-0.016874681454392193
40.979999999998526,1.0120651767078974,0.0001478877115840785,2.333025711413346,-0.016872914302118708
40.989999999998524,1.012062355236337,0.0001476544215302954,2.333024843736236,-0.01687114822789723
40.99999999999852,1.012059536202809,0.00014742160212837633,2.3330239759037252,-0.016869383225370405
41.00999999999852,1.0120567196048345,0.00014718925245316047,2.333023107912761,-0.016867619288222085
41.01999999999852,1.0120539054399322,0.00014695737157951384,2.3330222397603317,-0.016865856410200608
41.029999999998516,1.0120510937056202,0.00014672595858254394,2.3330213714434795,-0.0168640945851061
41.039999999998514,1.012048284399414,0.00014649501253738355,2.3330205029592848,-0.01686233380680599
41.04999999999851,1.0120454775188283,0.00014626453251938794,2.3330196343048692,-0.016860574069219203
41.05999999999851,1.0120426730613765,0.0001460345176043754,2.3330187654774064,-0.016858815366321445
41.06999999999851,1.01203987102457,0.0001458049668681144,2.3330178964741055,-0.01685705769214116
41.079999999998506,1.0120370714059188,0.00014557587938714654,2.333017027292222,-0.016855301040772125
41.089999999998504,1.012034274202933,0.0001453472542379843,2.333016157929057,-0.016853545406346176
41.0999999999985,1.0120314794131196,0.0001451190904970967,2.3330152883819464,-0.016851790783061038
41.1099999999985,1.0120286870339856,0.0001448913872417216,2.3330144186482733,-0.01685003716517175
41.1199999999985,1.0120258970630363,0.00014466414354952732,2.333013548725459,-0.01684828454698517
41.129999999998496,1.0120231094977763,0.00014443735849869332,2.333012678610969,-0.01684653292284702
41.139999999998494,1.0120203243357087,0.00014421103116727256,2.333011808302302,-0.01684478228717609
41.14999999999849,1.0120175415743358,0.00014398516063436604,2.333010937797005,-0.016843032634429628
41.15999999999849,1.012014761211159,0.0001437597459789904,2.3330100670926646,-0.01684128395911824
41.16999999999849,1.0120119832436787,0.00014353478628087403,2.333009196186897,-0.01683953625581061
41.179999999998486,1.0120092076693943,0.00014331028062020186,2.3330083250773685,-0.016837789519117435
41.189999999998484,1.0120064344858042,0.0001430862280777178,2.3330074537617764,-0.01683604374370748
41.19999999999848,1.0120036636904066,0.00014286262773452926,2.3330065822378607,-0.016834298924293056
41.20999999999848,1.0120008952806987,0.00014263947867226734,2.3330057105034006,-0.016832555055630583
41.21999999999848,1.0119981292541762,0.00014241677997268144,2.3330048385562048,-0.016830812132547335
41.229999999998476,1.011995365608335,0.00014219453071889028,2.3330039663941253,-0.01682907014990312
41.239999999998474,1.0119926043406702,0.00014197272999409862,2.3330030940150492,-0.01682732910260007
41.24999999999847,1.011989845448676,0.00014175137688208724,2.3330022214169035,-0.016825588985599632
41.25999999999847,1.0119870889298466,0.00014153047046717597,2.3330013485976466,-0.016823849793897505
41.26999999999847,1.0119843347816744,0.00014131000983388527,2.3330004755552713,-0.016822111522560135
41.279999999998466,1.011981583001653,0.00014108999406824718,2.332999602287811,-0.016820374166682833
41.289999999998464,1.0119788335872741,0.000140870422256456,2.3329987287933305,-0.01681863772140385
41.29999999999846,1.0119760865360299,0.0001406512934851888,2.332997855069929,-0.016816902181920362
41.30999999999846,1.0119733418454115,0.00014043260684211623,2.332996981115743,-0.016815167543461768
41.31999999999846,1.0119705995129105,0.0001402143614152992,2.33299610692894,-0.01681343380131442
41.329999999998456,1.0119678595360173,0.00013999655629381305,2.3329952325077215,-0.016811700950800174
41.339999999998454,1.0119651219122223,0.0001397791905669927,2.332994357850323,-0.016809968987299556
41.34999999999845,1.0119623866390162,0.00013956226332577644,2.332993482955011,-0.016808237906210832
41.35999999999845,1.0119596537138889,0.00013934577366079857,2.33299260782009,-0.016806507702996742
41.36999999999845,1.0119569231343302,0.00013912972066382567,2.3329917324438916,-0.016804778373156165
41.37999999999845,1.0119541948978303,0.0001389141034275619,2.332990856824783,-0.016803049912227863
41.389999999998444,1.0119514690018787,0.0001386989210447573,2.3329899809611576,-0.01680132231579684
41.39999999999844,1.0119487454439646,0.00013848417260952994,2.3329891048514444,-0.0167995955794967
41.40999999999844,1.0119460242215774,0.0001382698572171463,2.3329882284941017,-0.016797869698995577
41.41999999999844,1.011943305332207,0.0001380559739631865,2.3329873518876214,-0.016796144669998403
41.42999999999844,1.0119405887733435,0.0001378425219442516,2.3329864750305234,-0.016794420488254524
41.439999999998435,1.0119378745424754,0.00013762950025747773,2.332985597921355,-0.016792697149559166
41.44999999999843,1.0119351626370934,0.00013741690800135047,2.3329847205587013,-0.016790974649739637
41.45999999999843,1.0119324530546867,0.0001372047442746519,2.332983842941168,-0.01678925298466652
41.46999999999843,1.0119297457927454,0.00013699300817741463,2.3329829650673948,-0.01678753215025494
41.47999999999843,1.01192704084876,0.00013678169881062394,2.3329820869360516,-0.01678581214244776
41.489999999998425,1.0119243382202208,0.00013657081527554646,2.3329812085458337,-0.016784092957231683
41.49999999999842,1.011921637904618,0.0001363603566749675,2.332980329895466,-0.01678237459063847
41.50999999999842,1.0119189398994435,0.00013615032211234686,2.3329794509837027,-0.016780657038726193
41.51999999999842,1.0119162442021878,0.0001359407106917241,2.332978571809323,-0.016778940297600492
41.52999999999842,1.0119135508103423,0.0001357315215185662,2.332977692371134,-0.016777224363407617
41.539999999998415,1.0119108597213997,0.00013552275369951353,2.3329768126679746,-0.016775509232307778
41.54999999999841,1.011908170932852,0.00013531440634118567,2.332975932698703,-0.016773794900524108
41.55999999999841,1.0119054844421915,0.00013510647855199015,2.3329750524622113,-0.0167720813643103
41.56999999999841,1.011902800246912,0.00013489896944110513,2.3329741719574137,-0.016770368619949072
41.57999999999841,1.0119001183445069,0.00013469187811892834,2.3329732911832504,-0.016768656663755516
41.589999999998405,1.0118974387324706,0.00013448520369608224,2.332972410138691,-0.016766945492094815
41.5999999999984,1.0118947614082976,0.00013427894528498927,2.3329715288227275,-0.01676523510135386
41.6099999999984,1.0118920863694831,0.0001340731019988167,2.3329706472343754,-0.01676352548797236
41.6199999999984,1.0118894136135232,0.00013386767295196924,2.3329697653726815,-0.01676181664839435
41.6299999999984,1.0118867431379148,0.00013366265725961172,2.3329688832367146,-0.016760108579120442
41.639999999998395,1.0118840749401548,0.00013345805403753696,2.3329680008255673,-0.016758401276683543
41.64999999999839,1.0118814090177406,0.00013325386240325502,2.3329671181383547,-0.016756694737645517
41.65999999999839,1.011878745368171,0.0001330500814750663,2.332966235174219,-0.016754988958608052
41.66999999999839,1.0118760839889454,0.0001328467103723848,2.3329653519323235,-0.01675328393619549
41.67999999999839,1.0118734248775632,0.00013264374821602066,2.3329644684118565,-0.01675157966707927
41.689999999998385,1.011870768031526,0.00013244119412726918,2.332963584612034,-0.016749876147937465
41.69999999999838,1.0118681134483345,0.00013223904722881212,2.3329627005320854,-0.016748173375517816
41.70999999999838,1.0118654611254916,0.0001320373066446927,2.3329618161712715,-0.016746471346564096
41.71999999999838,1.0118628110605004,0.00013183597149965675,2.3329609315288717,-0.01674477005787464
41.72999999999838,1.011860163250865,0.00013163504091989606,2.3329600466041898,-0.016743069506267277
41.739999999998375,1.0118575176940905,0.00013143451403230144,2.332959161396551,-0.01674136968859455
41.74999999999837,1.011854874387682,0.00013123438996504464,2.3329582759052974,-0.016739670601751078
41.75999999999837,1.0118522333291473,0.0001310346678479213,2.3329573901298013,-0.016737972242641036
41.76999999999837,1.0118495945159938,0.00013083534681122854,2.332956504069452,-0.016736274608211504
41.77999999999837,1.01184695794573,0.0001306364259868821,2.332955617723658,-0.01673457769543854
41.789999999998365,1.0118443236158663,0.00013043790450792324,2.3329547310918546,-0.016732881501325098
41.79999999999836,1.011841691523913,0.0001302397815082862,2.332953844173491,-0.016731186022906963
41.80999999999836,1.0118390616673818,0.00013004205612314189,2.3329529569680423,-0.016729491257247486
41.81999999999836,1.011836434043786,0.00012984472748918649,2.332952069475003,-0.016727797201437855
41.82999999999836,1.0118338086506395,0.000129647794743864,2.3329511816938857,-0.016726103852593627
41.839999999998355,1.0118311854854574,0.00012945125702608975,2.3329502936242212,-0.016724411207877793
41.84999999999835,1.011828564545756,0.00012925511347606003,2.3329494052655693,-0.0167227192644481
41.85999999999835,1.0118259458290533,0.00012905936323456937,2.3329485166174964,-0.016721028019520107
41.86999999999835,1.011823329332867,0.0001288640054442379,2.332947627679597,-0.016719337470326334
41.87999999999835,1.011820715054717,0.00012866903924890603,2.332946738451482,-0.016717647614131997
41.889999999998345,1.0118181029921245,0.00012847446379338396,2.3329458489327792,-0.01671595844822371
41.89999999999834,1.0118154931426115,0.0001282802782244803,2.3329449591231377,-0.01671426996990763
41.90999999999834,1.011812885503702,0.00012808648168910922,2.332944069022225,-0.016712582176532126
41.91999999999834,1.0118102800729207,0.00012789307333635299,2.332943178629728,-0.016710895065457615
41.92999999999834,1.0118076768477933,0.00012770005231581811,2.3329422879453463,-0.016709208634086592
41.939999999998335,1.0118050758258477,0.00012750741777910787,2.3329413969688013,-0.016707522879833736
41.94999999999833,1.011802477004612,0.00012731516887865484,2.332940505699834,-0.016705837800143675
41.95999999999833,1.0117998803816166,0.00012712330476798953,2.3329396141381986,-0.016704153392491344
41.96999999999833,1.0117972859543933,0.00012693182460258537,2.3329387222836693,-0.016702469654365337
41.97999999999833,1.0117946937204745,0.000126740727538565,2.3329378301360344,-0.016700786583295157
41.989999999998325,1.0117921036773943,0.00012655001273384296,2.332936937695103,-0.016699104176826546
41.99999999999832,1.0117895158226886,0.00012635967934743637,2.3329360449606984,-0.016697422432524617
42.00999999999832,1.0117869301538949,0.00012616972653949898,2.3329351519326633,-0.01669574134798832
42.01999999999832,1.0117843466685508,0.0001259801534715936,2.3329342586108495,-0.01669406092083861
42.02999999999832,1.011781765364197,0.00012579095930709521,2.332933364995134,-0.01669238114871996
42.039999999998315,1.0117791862383754,0.00012560214321004877,2.3329324710854054,-0.016690702029284493
42.04999999999831,1.0117766092886282,0.00012541370434572194,2.3329315768815677,-0.0166890235602426
42.05999999999831,1.0117740345125008,0.00012522564188124357,2.3329306823835414,-0.01668734573929448
42.06999999999831,1.0117714619075389,0.00012503795498469082,2.3329297875912625,-0.016685668564179135
42.07999999999831,1.01176889147129,0.0001248506428257179,2.3329288925046816,-0.016683992032662853
42.089999999998305,1.0117663232013034,0.00012466370457521808,2.3329279971237655,-0.01668231614252369
42.0999999999983,1.0117637570951306,0.00012447713940569473,2.332927101448493,-0.016680640891568677
42.1099999999983,1.0117611931503232,0.0001242909464906468,2.3329262054788638,-0.016678966277621804
42.1199999999983,1.0117586313644358,0.00012410512500515096,2.332925309214886,-0.01667729229852971
42.1299999999983,1.011756071735024,0.0001239196741252706,2.3329244126565865,-0.01667561895216707
42.139999999998295,1.0117535142596454,0.00012373459302861286,2.332923515804002,-0.01667394623642271
42.14999999999829,1.0117509589358584,0.0001235498808945081,2.3329226186571854,-0.016672274149221455
42.15999999999829,1.0117484057612247,0.00012336553690332885,2.3329217212162074,-0.01667060268848891
42.16999999999829,1.0117458547333058,0.00012318156023693314,2.332920823481146,-0.016668931852186125
42.17999999999829,1.011743305849666,0.0001229979500785111,2.3329199254520936,-0.016667261638290826
42.189999999998285,1.0117407591078718,0.00012281470561276573,2.332919027129164,-0.016665592044793592
42.19999999999828,1.0117382145054898,0.00012263182602561583,2.3329181285124734,-0.016663923069723363
42.20999999999828,1.0117356720400903,0.0001224493105046456,2.33291722960216,-0.016662254711112517
42.21999999999828,1.0117331317092435,0.0001222671582383377,2.3329163303983664,-0.016660586967027546
42.22999999999828,1.0117305935105232,0.00012208536841746732,2.3329154309012563,-0.01665891983554299
42.239999999998275,1.0117280574415035,0.0001219039402333065,2.332914531111003,-0.0166572533147544
42.24999999999827,1.0117255234997615,0.00012172287287892707,2.332913631027794,-0.01665558740277745
42.25999999999827,1.0117229916828745,0.00012154216554851988,2.3329127306518216,-0.016653922097764895
42.26999999999827,1.0117204619884237,0.00012136181743829181,2.3329118299833014,-0.016652257397861803
42.27999999999827,1.0117179344139908,0.00012118182774532548,2.3329109290224515,-0.0166505933012423
42.289999999998265,1.0117154089571594,0.00012100219566813087,2.332910027769509,-0.016648929806110796
42.29999999999826,1.0117128856155155,0.00012082292040702809,2.3329091262247195,-0.01664726691067475
42.30999999999826,1.0117103643866465,0.00012064400116345763,2.332908224388339,-0.016645604613173215
42.31999999999826,1.011707845268142,0.00012046543714057998,2.33290732226064,-0.016643942911845483
42.32999999999826,1.0117053282575934,0.00012028722754261115,2.3329064198418985,-0.016642281804976067
42.339999999998255,1.0117028133525945,0.00012010937157568012,2.332905517132413,-0.016640621290834157
42.34999999999825,1.0117003005507397,0.00011993186844689438,2.3329046141324796,-0.01663896136773954
42.35999999999825,1.0116977898496269,0.00011975471736503321,2.3329037108424178,-0.016637302034007928
42.36999999999825,1.0116952812468551,0.00011957791754039465,2.3329028072625504,-0.016635643287980922
42.37999999999825,1.0116927747400257,0.00011940146818420278,2.332901903393215,-0.016633985128007095
42.389999999998246,1.0116902703267412,0.00011922536850976522,2.3329009992347554,-0.016632327552476095
42.39999999999824,1.0116877680046072,0.00011904961773155602,2.3329000947875302,-0.016630670559769467
42.40999999999824,1.0116852677712305,0.00011887421506539658,2.3328991900519043,-0.01662901414830087
42.41999999999824,1.0116827696242205,0.00011869915972900854,2.3328982850282585,-0.01662735831649767
42.42999999999824,1.0116802735611883,0.00011852445094122352,2.332897379716978,-0.016625703062791902
42.439999999998236,1.0116777795797467,0.00011835008792224979,2.3328964741184604,-0.016624048385651874
42.449999999998234,1.0116752876775115,0.00011817606989405165,2.3328955682331145,-0.016622394283546255
42.45999999999823,1.0116727978520996,0.00011800239607960245,2.332894662061355,-0.016620740754968055
42.46999999999823,1.0116703101011302,0.00011782906570382885,2.3328937556036102,-0.016619087798429966
42.47999999999823,1.0116678244222248,0.00011765607799311008,2.3328928488603164,-0.016617435412443066
42.489999999998226,1.0116653408130074,0.00011748343217483143,2.33289194183192,-0.016615783595547773
42.499999999998224,1.0116628592711028,0.00011731112747801812,2.332891034518873,-0.01661413234630771
42.50999999999822,1.0116603797941393,0.00011713916313329414,2.332890126921643,-0.01661248166327678
42.51999999999822,1.0116579023797458,0.00011696753837265372,2.3328892190406973,-0.016610831545057464
42.52999999999822,1.0116554270255553,0.00011679625242999517,2.3328883108765233,-0.01660918199023581
42.539999999998216,1.011652953729201,0.00011662530454006449,2.332887402429607,-0.01660753299743284
42.549999999998214,1.0116504824883192,0.0001164546939394435,2.332886493700452,-0.01660588456527254
42.55999999999821,1.0116480133005483,0.00011628441986625846,2.332885584689561,-0.016604236692411956
42.56999999999821,1.0116455461635288,0.00011611448155989239,2.3328846753974557,-0.01660258937749287
42.57999999999821,1.011643081074903,0.00011594487826135095,2.332883765824654,-0.01660094261920192
42.589999999998206,1.0116406180323163,0.00011577560921305978,2.332882855971697,-0.01659929641621624
42.599999999998204,1.011638157033415,0.00011560667365896572,2.3328819458391177,-0.01659765076724487
42.6099999999982,1.0116356980758487,0.00011543807084442907,2.33288103542747,-0.016596005670997893
42.6199999999982,1.0116332411572688,0.00011526980001644747,2.332880124737309,-0.01659436112620516
42.6299999999982,1.0116307862753284,0.00011510186042302696,2.332879213769201,-0.016592717131611173
42.639999999998196,1.0116283334276834,0.00011493425131420662,2.3328783025237145,-0.01659107368598156
42.649999999998194,1.0116258826119922,0.00011476697194163428,2.3328773910014324,-0.01658943078807426
42.65999999999819,1.0116234338259145,0.00011460002155808776,2.332876479202941,-0.016587788436676687
42.66999999999819,1.0116209870671131,0.00011443339941778593,2.3328755671288373,-0.01658614663058544
42.67999999999819,1.0116185423332522,0.00011426710477658604,2.3328746547797192,-0.016584505368615776
42.689999999998186,1.0116160996219992,0.00011410113689201019,2.3328737421561985,-0.016582864649587803
42.699999999998184,1.011613658931023,0.00011393549502290731,2.3328728292588923,-0.01658122447233565
42.70999999999818,1.0116112202579954,0.00011377017842956358,2.332871916088424,-0.01657958483570751
42.71999999999818,1.01160878360059,0.00011360518637357561,2.332871002645424,-0.016577945738562472
42.72999999999818,1.011606348956483,0.00011344051811834113,2.3328700889305285,-0.016576307179775235
42.739999999998176,1.0116039163233523,0.00011327617292844872,2.3328691749443813,-0.01657466915823655
42.749999999998174,1.0116014856988786,0.00011311215007034485,2.3328682606876336,-0.01657303167284166
42.75999999999817,1.0115990570807447,0.00011294844881174992,2.332867346160942,-0.016571394722503213
42.76999999999817,1.011596630466636,0.00011278506842212193,2.3328664313649683,-0.016569758306144905
42.77999999999817,1.01159420585424,0.0001126220081721821,2.332865516300385,-0.016568122422699394
42.789999999998166,1.0115917832412464,0.00011245926733415579,2.3328646009678677,-0.01656648707110764
42.799999999998164,1.0115893626253472,0.00011229684518181699,2.3328636853680966,-0.01656485225033849
42.80999999999816,1.0115869440042369,0.00011213474099061832,2.332862769501762,-0.01656321795935231
42.81999999999816,1.0115845273756126,0.00011197295403721592,2.332861853369557,-0.016561584197137352
42.82999999999816,1.0115821127371731,0.00011181148359985271,2.332860936972183,-0.016559950962681147
42.839999999998156,1.01157970008662,0.00011165032895849154,2.3328600203103433,-0.01655831825499654
42.849999999998154,1.011577289421657,0.00011148948939461778,2.332859103384751,-0.016556686073089938
42.85999999999815,1.0115748807399907,0.00011132896419103116,2.332858186196127,-0.016555054415983816
42.86999999999815,1.0115724740393297,0.00011116875263173913,2.3328572687451894,-0.016553423282720303
42.87999999999815,1.0115700693173846,0.00011100885400233042,2.3328563510326705,-0.016551792672346355
42.889999999998146,1.0115676665718687,0.00011084926759025748,2.332855433059302,-0.016550162583921002
42.899999999998144,1.0115652658004977,0.00011068999268412611,2.3328545148258226,-0.016548533016514405
42.90999999999814,1.0115628670009897,0.00011053102857431429,2.3328535963329773,-0.016546903969208826
42.91999999999814,1.0115604701710654,0.00011037237455284008,2.332852677581517,-0.01654527544108797
42.92999999999814,1.0115580753084472,0.00011021402991278705,2.3328517585721924,-0.01654364743125783
42.939999999998136,1.0115556824108611,0.00011005599394920041,2.3328508393057703,-0.016542019938822455
42.949999999998134,1.011553291476034,0.00010989826595778077,2.332849919783006,-0.016540392962910044
42.95999999999813,1.0115509025016962,0.00010974084523675604,2.3328490000046775,-0.016538766502649044
42.96999999999813,1.0115485154855803,0.00010958373108552678,2.332848079971554,-0.016537140557177615
42.97999999999813,1.0115461304254214,0.00010942692280447212,2.3328471596844174,-0.01653551512564619
42.989999999998126,1.0115437473189564,0.00010927041969600529,2.3328462391440477,-0.016533890207219987
42.999999999998124,1.0115413661639256,0.00010911422106408126,2.3328453183512363,-0.0165322658010624
43.00999999999812,1.0115389869580707,0.00010895832621362554,2.332844397306776,-0.016530641906357835
43.01999999999812,1.0115366096991365,0.00010880273445150266,2.332843476011459,-0.016529018522297934
43.02999999999812,1.0115342343848697,0.00010864744508613053,2.3328425544660907,-0.016527395648078008
43.039999999998116,1.0115318610130206,0.00010849245742742148,2.3328416326714767,-0.016525773282898615
43.049999999998114,1.0115294895813405,0.00010833777078624638,2.3328407106284264,-0.016524151425989314
43.05999999999811,1.011527120087584,0.0001081833844755649,2.3328397883377523,-0.016522530076569564
43.06999999999811,1.0115247525295084,0.00010802929780966018,2.332838865800275,-0.016520909233871478
43.07999999999811,1.0115223869048726,0.00010787551010413757,2.332837943016818,-0.016519288897134637
43.089999999998106,1.0115200232114387,0.00010772202067580037,2.3328370199882045,-0.016517669065622548
43.099999999998104,1.0115176614469705,0.00010756882884342464,2.3328360967152633,-0.016516049738591887
43.1099999999981,1.0115153016092353,0.00010741593392738744,2.3328351731988293,-0.016514430915313988
43.1199999999981,1.011512943696002,0.00010726333524922808,2.3328342494397396,-0.016512812595065235
43.1299999999981,1.0115105877050423,0.00010711103213215804,2.332833325438836,-0.016511194777133587
43.139999999998096,1.0115082336341303,0.00010695902390075516,2.3328324011969643,-0.01650957746081494
43.149999999998094,1.0115058814810431,0.00010680730988097114,2.3328314767149703,-0.01650796064540727
43.15999999999809,1.0115035312435594,0.00010665588940040501,2.3328305519937054,-0.016506344330236455
43.16999999999809,1.011501182919461,0.00010650476178843733,2.3328296270340267,-0.01650472851460863
43.17999999999809,1.0114988365065318,0.00010635392637527941,2.3328287018367893,-0.016503113197861213
43.189999999998086,1.0114964920025582,0.00010620338249329646,2.3328277764028567,-0.01650149837933776
43.199999999998084,1.01149414940533,0.00010605312947641355,2.332826850733094,-0.01649988405836733
43.20999999999808,1.0114918087126388,0.00010590316665924606,2.332825924828369,-0.016498270234302115
43.21999999999808,1.0114894699222787,0.00010575349337825342,2.3328249986895586,-0.01649665690650451
43.22999999999808,1.0114871330320463,0.00010560410897117835,2.332824072317528,-0.01649504407434335
43.239999999998076,1.0114847980397403,0.00010545501277744357,2.3328231457131605,-0.016493431737195557
43.249999999998074,1.0114824649431629,0.00010530620413803675,2.3328222188773315,-0.01649181989444748
43.25999999999807,1.011480133740118,0.00010515768239558486,2.3328212918109275,-0.01649020854548247
43.26999999999807,1.0114778044284125,0.00010500944689388695,2.3328203645148347,-0.016488597689696044
43.27999999999807,1.011475477005856,0.0001048614969779179,2.3328194369899413,-0.016486987326493424
43.28999999999807,1.0114731514702593,0.00010471383199458384,2.332818509237136,-0.016485377455301597
43.299999999998064,1.0114708278194375,0.00010456645129247472,2.332817581257318,-0.016483768075511634
43.30999999999806,1.011468506051207,0.00010441935422070988,2.332816653051378,-0.01648215918658072
43.31999999999806,1.0114661861633873,0.00010427254013097069,2.332815724620221,-0.01648055078792135
43.32999999999806,1.0114638681538004,0.00010412600837574777,2.332814795964745,-0.016478942878975028
43.33999999999806,1.0114615520202708,0.00010397975830899162,2.3328138670858563,-0.016477335459193443
43.349999999998055,1.011459237760625,0.00010383378928642657,2.33281293798446,-0.016475728528034167
43.35999999999805,1.0114569253726928,0.00010368810066479703,2.3328120086614663,-0.016474122084950388
43.36999999999805,1.0114546148543058,0.00010354269180276093,2.3328110791177816,-0.016472516129422188
43.37999999999805,1.0114523062032992,0.00010339756206072344,2.332810149354327,-0.016470910660904947
43.38999999999805,1.0114499994175101,0.00010325271079946694,2.3328092193720154,-0.01646930567888344
43.399999999998045,1.0114476944947777,0.00010310813738178606,2.332808289171762,-0.016467701182855843
43.40999999999804,1.0114453914329444,0.00010296384117209979,2.332807358754488,-0.016466097172305683
43.41999999999804,1.0114430902298548,0.00010281982153635636,2.3328064281211156,-0.01646449364674188
43.42999999999804,1.0114407908833565,0.00010267607784166114,2.3328054972725707,-0.016462890605657726
43.43999999999804,1.0114384933912994,0.00010253260945660308,2.3328045662097767,-0.016461288048570305
43.449999999998035,1.0114361977515356,0.00010238941575110231,2.33280363493366,-0.01645968597499864
43.45999999999803,1.0114339039619202,0.00010224649609686,2.3328027034451537,-0.01645808438447191
43.46999999999803,1.0114316120203106,0.00010210384986691918,2.332801771745187,-0.01645648327651769
43.47999999999803,1.0114293219245671,0.00010196147643591513,2.3328008398346936,-0.01645488265066883
43.48999999999803,1.0114270336725522,0.00010181937517958382,2.3327999077146075,-0.016453282506471212
43.499999999998025,1.011424747262131,0.00010167754547514701,2.332798975385868,-0.016451682843468735
43.50999999999802,1.0114224626911716,0.00010153598670133413,2.3327980428494137,-0.01645008366121689
43.51999999999802,1.0114201799575437,0.00010139469823821517,2.3327971101061795,-0.016448484959282
43.52999999999802,1.0114178990591212,0.00010125367946782472,2.3327961771571117,-0.01644688673721703
43.53999999999802,1.011415619993779,0.00010111292977275984,2.3327952440031536,-0.016445288994599017
43.549999999998015,1.0114133427593948,0.00010097244853748634,2.3327943106452467,-0.016443691731001464
43.55999999999801,1.0114110673538494,0.00010083223514777487,2.332793377084337,-0.01644209494601037
43.56999999999801,1.0114087937750262,0.00010069228899103603,2.332792443321374,-0.016440498639214013
43.57999999999801,1.0114065220208106,0.00010055260945623034,2.332791509357304,-0.016438902810202022
43.58999999999801,1.0114042520890911,0.00010041319593331138,2.332790575193076,-0.016437307458569805
43.599999999998005,1.0114019839777584,0.00010027404781376314,2.3327896408296454,-0.016435712583927092
43.609999999998,1.011399717684706,0.00010013516449077217,2.3327887062679613,-0.01643411818587337
43.619999999998,1.0113974532078298,9.999654535852818e-5,2.332787771508978,-0.01643252426402944
43.629999999998,1.0113951905450287,9.985818981294115e-5,2.3327868365536504,-0.016430930818010364
43.639999999998,1.0113929296942035,9.972009725106659e-5,2.3327859014029357,-0.016429337847439718
43.649999999997995,1.0113906706532578,9.958226707164259e-5,2.332784966057788,-0.016427745351946493
43.65999999999799,1.011388413420098,9.944469867461716e-5,2.3327840305191656,-0.016426153331170146
43.66999999999799,1.0113861579926335,9.93073914615171e-5,2.3327830947880304,-0.016424561784739083
43.67999999999799,1.011383904368775,9.917034483521769e-5,2.3327821588653372,-0.016422970712302976
43.68999999999799,1.0113816525464365,9.903355819994028e-5,2.3327812227520504,-0.01642138011351052
43.699999999997985,1.0113794025235352,9.889703096141041e-5,2.3327802864491325,-0.016419789988007805
43.70999999999798,1.01137715429799,9.876076252640905e-5,2.3327793499575447,-0.0164182003354556
43.71999999999798,1.0113749078677223,9.862475230318466e-5,2.3327784132782488,-0.016416611155516042
43.72999999999798,1.0113726632306566,9.848899970181904e-5,2.3327774764122107,-0.016415022447857003
43.73999999999798,1.0113704203847198,9.83535041333493e-5,2.332776539360393,-0.016413434212150996
43.749999999997975,1.011368179327841,9.821826501067351e-5,2.332775602123765,-0.01641184644807478
43.75999999999797,1.0113659400579529,9.80832817476526e-5,2.332774664703288,-0.016410259155302698
43.76999999999797,1.0113637025729891,9.794855375973019e-5,2.3327737270999322,-0.016408672333529495
43.77999999999797,1.0113614668708877,9.781408046410305e-5,2.3327727893146637,-0.016407085982433983
43.78999999999797,1.0113592329495877,9.76798612785317e-5,2.3327718513484506,-0.01640550010171421
43.799999999997965,1.0113570008070325,9.754589562270385e-5,2.3327709132022636,-0.016403914691062976
43.80999999999796,1.011354770441166,9.741218291739249e-5,2.332769974877071,-0.016402329750180966
43.81999999999796,1.0113525418499363,9.72787225847717e-5,2.3327690363738425,-0.016400745278776607
43.82999999999796,1.0113503150312928,9.71455140482003e-5,2.3327680976935468,-0.01639916127656288
43.83999999999796,1.0113480899831886,9.701255673313629e-5,2.332767158837156,-0.016397577743250513
43.849999999997955,1.0113458667035786,9.687985006576259e-5,2.332766219805639,-0.016395994678557735
43.85999999999795,1.011343645190421,9.674739347381013e-5,2.332765280599971,-0.016394412082199328
43.86999999999795,1.0113414254416755,9.661518638613624e-5,2.332764341221117,-0.016392829953918248
43.87999999999795,1.0113392074553054,9.648322823366286e-5,2.3327634016700554,-0.016391248293433053
43.88999999999795,1.011336991229276,9.63515184481083e-5,2.3327624619477536,-0.01638966710047629
43.899999999997945,1.0113347767615555,9.622005646247598e-5,2.332761522055187,-0.016388086374788835
43.90999999999794,1.0113325640501143,9.608884171146637e-5,2.3327605819933273,-0.01638650611610698
43.91999999999794,1.0113303530929263,9.595787363090677e-5,2.332759641763149,-0.016384926324175847
43.92999999999794,1.0113281438879662,9.582715165773362e-5,2.3327587013656212,-0.01638334699875138
43.93999999999794,1.011325936433213,9.569667523086944e-5,2.3327577608017207,-0.0163817681395802
43.949999999997935,1.0113237307266474,9.556644378994815e-5,2.3327568200724182,-0.01638018974641728
43.95999999999793,1.011321526766253,9.543645677634709e-5,2.3327558791786878,-0.01637861181902192
43.96999999999793,1.0113193245500154,9.530671363268335e-5,2.3327549381215023,-0.016377034357163978
43.97999999999793,1.0113171240759236,9.517721380297049e-5,2.3327539969018356,-0.01637545736060289
43.98999999999793,1.0113149253419689,9.504795673254537e-5,2.3327530555206617,-0.016373880829104348
43.999999999997925,1.011312728346144,9.491894186793391e-5,2.3327521139789513,-0.016372304762456824
44.00999999999792,1.011310533086447,9.479016865715082e-5,2.332751172277683,-0.016370729160416486
44.01999999999792,1.0113083395608753,9.466163654921456e-5,2.332750230417825,-0.016369154022774723
44.02999999999792,1.0113061477674306,9.453334499485096e-5,2.3327492884003522,-0.016367579349316902
44.03999999999792,1.011303957704117,9.440529344606836e-5,2.332748346226235,-0.016366005139827305
44.049999999997915,1.011301769368941,9.427748135622192e-5,2.33274740389645,-0.0163644313940923
44.05999999999791,1.0112995827599118,9.414990817980742e-5,2.3327464614119684,-0.01636285811190541
44.06999999999791,1.011297397875041,9.402257337265424e-5,2.3327455187737627,-0.01636128529306119
44.07999999999791,1.0112952147123426,9.389547639185947e-5,2.3327445759828027,-0.016359712937364795
44.08999999999791,1.011293033269834,9.376861669618033e-5,2.3327436330400646,-0.016358141044611557
44.099999999997905,1.0112908535455336,9.364199374524376e-5,2.3327426899465173,-0.016356569614611433
44.1099999999979,1.011288675537464,9.351560700032277e-5,2.332741746703131,-0.016354998647173102
44.1199999999979,1.0112864992436492,9.338945592403054e-5,2.3327408033108807,-0.01635342814210053
44.1299999999979,1.0112843246621162,9.3263539979731e-5,2.332739859770733,-0.01635185809921824
44.1399999999979,1.0112821517908948,9.313785863295526e-5,2.33273891608366,-0.016350288518334533
44.149999999997895,1.0112799806280173,9.301241134974533e-5,2.332737972250635,-0.016348719399264966
44.15999999999789,1.0112778111715177,9.288719759742496e-5,2.332737028272623,-0.01634715074184434
44.16999999999789,1.0112756434194337,9.276221684534888e-5,2.332736084150596,-0.01634558254589008
44.17999999999789,1.0112734773698049,9.26374685635092e-5,2.3327351398855223,-0.016344014811225355
44.18999999999789,1.0112713130206734,9.25129522230848e-5,2.332734195478368,-0.016342447537695093
44.199999999997885,1.011269150370084,9.238866729722832e-5,2.3327332509301026,-0.01634088072512402
44.20999999999788,1.011266989416084,9.226461325993725e-5,2.3327323062416934,-0.01633931437335384
44.21999999999788,1.0112648301567235,9.21407895866048e-5,2.332731361414108,-0.01633774848221628
44.22999999999788,1.0112626725900549,9.201719575392838e-5,2.3327304164483085,-0.016336183051559594
44.23999999999788,1.0112605167141333,9.189383124007407e-5,2.3327294713452655,-0.01633461808121961
44.249999999997875,1.011258362527016,9.177069552356224e-5,2.332728526105942,-0.016333053571048833
44.25999999999787,1.011256210026763,9.164778808521678e-5,2.3327275807313024,-0.016331489520895054
44.26999999999787,1.0112540592114367,9.152510840675235e-5,2.3327266352223104,-0.016329925930611777
44.27999999999787,1.0112519100791029,9.140265597104917e-5,2.3327256895799304,-0.016328362800047902
44.28999999999787,1.0112497626278287,9.128043026226522e-5,2.3327247438051244,-0.016326800129062624
44.299999999997866,1.0112476168556843,9.115843076606374e-5,2.3327237978988524,-0.016325237917517
44.30999999999786,1.0112454727607425,9.103665696930806e-5,2.332722851862079,-0.016323676165269807
44.31999999999786,1.0112433303410786,9.091510835988703e-5,2.3327219056957613,-0.016322114872187737
44.32999999999786,1.0112411895947702,9.079378442711836e-5,2.3327209594008607,-0.01632055403813165
44.33999999999786,1.0112390505198974,9.067268466136057e-5,2.3327200129783363,-0.016318993662970877
44.349999999997856,1.0112369131145436,9.05518085546611e-5,2.332719066429147,-0.01631743374657671
44.359999999997854,1.0112347773767933,9.043115559981025e-5,2.332718119754249,-0.016315874288823695
44.36999999999785,1.0112326433047352,9.031072529117912e-5,2.332717172954601,-0.016314315289580855
44.37999999999785,1.0112305108964588,9.019051712419033e-5,2.3327162260311556,-0.01631275674873109
44.38999999999785,1.0112283801500572,9.007053059547193e-5,2.332715278984869,-0.016311198666153437
44.399999999997846,1.0112262510636258,8.995076520339935e-5,2.332714331816694,-0.01630964104173266
44.409999999997844,1.0112241236352628,8.983122044724522e-5,2.3327133845275876,-0.016308083875339774
44.41999999999784,1.0112219978630683,8.971189582716452e-5,2.3327124371184995,-0.01630652716687042
44.42999999999784,1.0112198737451452,8.95927908449422e-5,2.332711489590382,-0.016304970916207834
44.43999999999784,1.011217751279599,8.947390500355284e-5,2.3327105419441865,-0.01630341512324357
44.449999999997836,1.0112156304645374,8.935523780711736e-5,2.3327095941808627,-0.016301859787866496
44.459999999997834,1.0112135112980711,8.923678876070467e-5,2.3327086463013598,-0.016300304909965174
44.46999999999783,1.011211393778313,8.911855737101647e-5,2.3327076983066237,-0.01629875048944615
44.47999999999783,1.0112092779033786,8.900054314565487e-5,2.332706750197606,-0.0162971965261946
44.48999999999783,1.011207163671385,8.888274559340347e-5,2.332705801975245,-0.016295643020122763
44.499999999997826,1.0112050510804533,8.876516422493871e-5,2.3327048536404913,-0.016294089971123332
44.509999999997824,1.0112029401287064,8.864779855161522e-5,2.3327039051942866,-0.0162925373791023
44.51999999999782,1.0112008308142695,8.85306480858373e-5,2.3327029566375748,-0.016290985243958916
44.52999999999782,1.0111987231352701,8.841371234149594e-5,2.332702007971295,-0.016289433565608274
44.53999999999782,1.0111966170898394,8.829699083375772e-5,2.332701059196393,-0.016287882343949817
44.549999999997816,1.0111945126761095,8.81804830786195e-5,2.3327001103138048,-0.016286331578899943
44.559999999997814,1.011192409892216,8.80641885936473e-5,2.332699161324471,-0.01628478127036445
44.56999999999781,1.0111903087362963,8.794810689735743e-5,2.332698212229325,-0.016283231418269595
44.57999999999781,1.011188209206491,8.783223750991215e-5,2.332697263029307,-0.016281682022519867
44.58999999999781,1.011186111300943,8.771657995234763e-5,2.3326963137253536,-0.016280133083031778
44.599999999997806,1.0111840150177978,8.760113374666418e-5,2.332695364318399,-0.016278584599715845
44.609999999997804,1.0111819203552026,8.748589841568586e-5,2.3326944148093753,-0.016277036572503845
44.6199999999978,1.0111798273113073,8.737087348399588e-5,2.3326934651992115,-0.016275489001323307
44.6299999999978,1.011177735884265,8.72560584779455e-5,2.3326925154888416,-0.016273941886079668
44.6399999999978,1.011175646072231,8.714145292413668e-5,2.332691565679197,-0.01627239522670787
44.649999999997796,1.0111735578733623,8.702705635035146e-5,2.3326906157712015,-0.016270849023132694
44.659999999997794,1.0111714712858193,8.691286828586119e-5,2.332689665765788,-0.016269303275279562
44.66999999999779,1.0111693863077644,8.679888826113219e-5,2.3326887156638785,-0.016267757983077752
44.67999999999779,1.0111673029373627,8.668511580765658e-5,2.3326877654664,-0.0162662131464566
44.68999999999779,1.0111652211727813,8.657155045778609e-5,2.332686815174274,-0.01626466876535332
44.699999999997786,1.01116314101219,8.645819174570435e-5,2.3326858647884245,-0.01626312483970374
44.709999999997784,1.0111610624537613,8.634503920652038e-5,2.3326849143097723,-0.016261581369434674
44.71999999999778,1.01115898549567,8.623209237632341e-5,2.332683963739238,-0.016260038354482725
44.72999999999778,1.011156910136093,8.611935079247381e-5,2.3326830130777374,-0.016258495794792382
44.73999999999778,1.0111548363732101,8.600681399345698e-5,2.3326820623261906,-0.016256953690299503
44.749999999997776,1.0111527642052034,8.589448151906804e-5,2.3326811114855115,-0.01625541204094011
44.759999999997774,1.0111506936302572,8.57823529100629e-5,2.3326801605566176,-0.016253870846668156
44.76999999999777,1.0111486246465589,8.567042770841751e-5,2.33267920954042,-0.01625233010741159
44.77999999999777,1.0111465572522973,8.555870545698947e-5,2.3326782584378325,-0.016250789823122086
44.78999999999777,1.0111444914456647,8.544718570020505e-5,2.332677307249766,-0.016249249993746107
44.799999999997766,1.0111424272248553,8.533586798336164e-5,2.3326763559771284,-0.016247710619222505
44.809999999997764,1.0111403645880654,8.5224751852772e-5,2.3326754046208302,-0.016246171699506706
44.81999999999776,1.0111383035334947,8.511383685596581e-5,2.3326744531817782,-0.016244633234543088
44.82999999999776,1.0111362440593443,8.500312254158719e-5,2.332673501660876,-0.01624309522428652
44.83999999999776,1.0111341861638181,8.489260845953841e-5,2.3326725500590277,-0.016241557668688178
44.849999999997756,1.0111321298451226,8.478229416099022e-5,2.3326715983771367,-0.01624002056769916
44.859999999997754,1.0111300751014667,8.467217919798392e-5,2.332670646616105,-0.01623848392126706
44.86999999999775,1.0111280219310612,8.45622631235196e-5,2.332669694776832,-0.016236947729351303
44.87999999999775,1.0111259703321203,8.44525454918365e-5,2.3326687428602177,-0.016235411991911947
44.88999999999775,1.0111239203028595,8.43430258583577e-5,2.332667790867157,-0.016233876708901557
44.899999999997746,1.0111218718414972,8.423370377969188e-5,2.3326668387985454,-0.01623234188027997
44.909999999997744,1.0111198249462545,8.412457881352902e-5,2.332665886655277,-0.01623080750600553
44.91999999999774,1.0111177796153543,8.401565051858285e-5,2.3326649344382484,-0.01622927358604015
44.92999999999774,1.011115735847023,8.390691845470711e-5,2.3326639821483486,-0.016227740120331652
44.93999999999774,1.0111136936394878,8.37983821823466e-5,2.332663029786467,-0.016226207108865215
44.949999999997736,1.0111116529909794,8.369004126395126e-5,2.3326620773534934,-0.01622467455158011
44.959999999997734,1.0111096138997304,8.358189526238294e-5,2.332661124850312,-0.01622314244845871
44.96999999999773,1.0111075763639763,8.347394374196488e-5,2.332660172277812,-0.016221610799455805
44.97999999999773,1.011105540381954,8.336618626797301e-5,2.3326592196368727,-0.01622007960455249
44.98999999999773,1.0111035059519042,8.325862240707093e-5,2.3326582669283824,-0.0162185488636947
44.999999999997726,1.0111014730720693,8.315125172648601e-5,2.3326573141532196,-0.01621701857685734
45.0,1.0111014730720687,8.315125172646163e-5,2.3326573141532183,-0.016217018576860448
45.0,1.0111014730720687,8.315125172646163e-5,2.3326573141532183,-0.016217018576860448
45.01,1.0110994423924318,8.227964383889235e-5,2.3327065707524675,-0.01621789855050576
45.019999999999996,1.0110974169316047,7.709844047261583e-5,2.3328500505881324,-0.016222991819784538
45.029999999999994,1.0110953996540784,6.402345102827547e-5,2.333078444207317,-0.016231288765476415
45.03999999999999,1.011093392673426,4.01912107259904e-5,2.3333824861577326,-0.016241687669387994
45.04999999999999,1.0110913971976527,3.3859491673447104e-6,2.3337530285568273,-0.01625303783268814
45.05999999999999,1.011089413505846,-4.802844929799356e-5,2.334181105903708,-0.016264174825570632
45.069999999999986,1.0110874409502848,-0.0001151718301600749,2.334657991802928,-0.016273949043634384
45.079999999999984,1.011085477979036,-0.0001987067924032827,2.335175248182528,-0.016281248573628504
45.08999999999998,1.011083522174804,-0.00029889360940287793,2.3357247675240207,-0.016285017224908105
45.09999999999998,1.0110815703064624,-0.0004156412753007943,2.336298808574046,-0.01628426845797329
45.10999999999998,1.0110796183902122,-0.0005485548804326476,2.336890025971626,-0.016278095836297357
45.119999999999976,1.011077661757809,-0.0006969794992582299,2.3374914941987943,-0.016265680537072197
45.129999999999974,1.011075695129674,-0.0008600407580672116,2.3380967262424512,-0.016246296380277664
45.13999999999997,1.0110737126910716,-0.0010366822368363651,2.3386996873404007,-0.0162193127699006
45.14999999999997,1.0110717081698108,-0.0012256998495025068,2.3392948041725403,-0.016184195885594777
45.15999999999997,1.0110696749141932,-0.001425773339068606,2.3398769698483615,-0.0161405084153248
45.169999999999966,1.0110676059701436,-0.0016354950179634981,2.340441545033164,-0.01608790807891311
45.179999999999964,1.011065494156643,-0.0018533958795399874,2.3409843555470786,-0.016026145157641447
45.18999999999996,1.0110633321387517,-0.0020779692031944494,2.3415016867627587,-0.01595505921512741
45.19999999999996,1.011061112497641,-0.002307691773048081,2.341990275119079,-0.01587457516912119
45.20999999999996,1.0110588277971788,-0.002541042828199282,2.3424472970589854,-0.015784698851897233
45.219999999999956,1.011056470646711,-0.002776520861035325,2.342870355689999,-0.01568551217795619
45.229999999999954,1.011054033759772,-0.0030126583788245573,2.343257465455385,-0.015577168021440935
45.23999999999995,1.0110515100085364,-0.0032480347426478606,2.343607035092812,-0.015459884891590198
45.24999999999995,1.011048892473886,-0.003481287196573241,2.3439178491454937,-0.015333941482341934
45.25999999999995,1.0110461744910237,-0.0037111201987323453,2.344189048278309,-0.015199671161611972
45.269999999999946,1.011043349690615,-0.003936313164574901,2.3444201086383307,-0.015057456456691182
45.279999999999944,1.0110404120354857,-0.004155726730985709,2.3446108204857166,-0.01490772358392739
45.28999999999994,1.0110373558529233,-0.004368307648143695,2.3447612663069632,-0.01475093706423361
45.29999999999994,1.0110341758626824,-0.004573092403934764,2.3448717986084446,-0.014587594459422537
45.30999999999994,1.011030867200803,-0.004769209683419779,2.344943017573803,-0.014418221259289515
45.319999999999936,1.0110274254393765,-0.004955881763280768,2.3449757487543517,-0.01424336594438344
45.329999999999934,1.0110238466024213,-0.005132424938344115,2.3449710209473578,-0.014063595245270677
45.33999999999993,1.0110201271780295,-0.0052982490742176785,2.344930044402767,-0.013879489615344132
45.34999999999993,1.0110162641269704,-0.0054528563767951,2.3448541894849524,-0.013691638930921152
45.35999999999993,1.0110122548879419,-0.005595839465890939,2.3447449659023114,-0.013500638429220752
45.369999999999926,1.0110080973796658,-0.005726878836614909,2.3446040026041404,-0.013307084892383775
45.379999999999924,1.0110037900000317,-0.005845739788269757,2.3444330284312636,-0.01311157308310354
45.38999999999992,1.0109993316224968,-0.005952268896619908,2.3442338535943574,-0.0129146924353373
45.39999999999992,1.0109947215899473,-0.006046390101325956,2.34400835204201,-0.012717024001628913
45.40999999999992,1.010989959706232,-0.006128100476225545,2.3437584447690543,-0.012519137656821305
45.419999999999916,1.0109850462255774,-0.006197465745966155,2.3434860841049847,-0.01232158955626833
45.429999999999914,1.010979981840084,-0.006254615608302519,2.3431932390120145,-0.01212491984542674
45.43999999999991,1.01097476766551,-0.006299738917173743,2.3428818814127954,-0.01192965061622761
45.44999999999991,1.0109694052255374,-0.006333078777501443,2.3425539735589758,-0.011736284104602673
45.45999999999991,1.0109638964347156,-0.0063549275985222975,2.342211456443481,-0.011545301122456775
45.46999999999991,1.0109582435802635,-0.006365622148400377,2.341856239251843,-0.01135715971666773
45.479999999999905,1.0109524493029145,-0.00636553864887829,2.341490189841113,-0.011172294046558257
45.4899999999999,1.010946516576975,-0.006355087944847399,2.3411151262284924,-0.010991113470990854
45.4999999999999,1.0109404486897595,-0.00633471077993984,2.3407328090663597,-0.010814001835444259
45.5099999999999,1.0109342492205617,-0.006304873205605139,2.340344935075367,-0.010641316948938634
45.5199999999999,1.0109279220193097,-0.006266062147630809,2.339953131402908,-0.010473390240392594
45.529999999999895,1.0109214711850378,-0.006218781150711766,2.3395589508705448,-0.01031052658369963
45.53999999999989,1.01091490104432,-0.00616354631847656,2.3391638680708344,-0.010153004280376965
45.54999999999989,1.0109082161297678,-0.006100882463352499,2.3387692762712504,-0.010001075188840358
45.55999999999989,1.0109014211587244,-0.006031319477786084,2.3383764850809183,-0.009854964988957216
45.56999999999989,1.010894521012243,-0.00595538893565769,2.337986718834156,-0.009714873570764254
45.579999999999885,1.010887520714451,-0.005873620930218238,2.337601115643674,-0.009580975536215092
45.58999999999988,1.0108804254123858,-0.005786541152548306,2.3372207270755916,-0.009453420802898432
45.59999999999988,1.010873240356375,-0.005694668212394954,2.336846518398006,-0.009332335298994326
45.60999999999988,1.010865970881032,-0.005598511201265464,2.336479369354968,-0.009217821738801452
45.61999999999988,1.0108586223869256,-0.005498567495870688,2.3361200754180373,-0.00910996046859705
45.629999999999875,1.010851200322974,-0.005395320798382787,2.335769349468231,-0.009008810372854392
45.63999999999987,1.0108437101696064,-0.00528923940852519,2.335427823862222,-0.008914409831162928
45.64999999999987,1.0108361574227314,-0.0051807747212226545,2.3350960528377342,-0.008826777716688577
45.65999999999987,1.0108285475785355,-0.005070359942417828,2.334774515214529,-0.008745914427386953
45.66999999999987,1.010820886119138,-0.004958409014676365,2.334463617349019,-0.00867180294158218
45.679999999999865,1.0108131784991135,-0.004845315743387294,2.3341636963021752,-0.008604409890132114
45.68999999999986,1.010805430132896,-0.00473145311366922,2.3338750231824608,-0.008543686637719622
45.69999999999986,1.0107976463830617,-0.004617172787542556,2.333597806627336,-0.008489570366441351
45.70999999999986,1.0107898325494942,-0.00450280477049611,2.33333219638912,-0.008441985155283965
45.71999999999986,1.0107819938594238,-0.004388657236266765,2.3330782869930657,-0.008400843049588463
45.729999999999855,1.0107741354583266,-0.004275016498445242,2.3328361214376905,-0.008366045115210552
45.73999999999985,1.010766262401672,-0.0041621471174190725,2.3326056949096707,-0.00833748247245042
45.74999999999985,1.0107583796474962,-0.004050292131153421,2.3323869584878008,-0.008315037305404976
45.75999999999985,1.0107504920497836,-0.003939673398388709,2.3321798228127446,-0.008298583842825974
45.76999999999985,1.0107426043526258,-0.0038304920429860913,2.3319841617014694,-0.008287989307157378
45.779999999999845,1.0107347211851345,-0.0037229289883695406,2.3317998156874498,-0.008283114828710803
45.78999999999984,1.010726847057076,-0.003617145571301421,2.33162659546978,-0.008283816322558646
45.79999999999984,1.0107189863551986,-0.003513284224561946,2.3314642852564247,-0.008289945325974712
45.80999999999984,1.0107111433402154,-0.003411469218491158,2.331312645988739,-0.008301349794881618
45.81999999999984,1.0107033221444133,-0.003311807451768671,2.3311714184363708,-0.008317874857861868
45.829999999999835,1.0106955267698472,-0.003214389282272778,2.331040326153353,-0.008339363526977228
45.83999999999983,1.0106877610870921,-0.0031192893893354713,2.3309190782880354,-0.008365657364664214
45.84999999999983,1.0106800288345084,-0.0030265676592234683,2.3308073722410017,-0.008396597106534287
45.85999999999983,1.010672333617989,-0.0029362700861923314,2.330704896166737,-0.008432023240097286
45.86999999999983,1.0106646789111533,-0.002848429681989938,2.3306113313161867,-0.008471776539668852
45.879999999999825,1.010657068055951,-0.0027630673872306197,2.3305263542186583,-0.008515698558026225
45.88999999999982,1.010649504263639,-0.002680192978589636,2.330449638702776,-0.008563632075615418
45.89999999999982,1.0106419906161017,-0.002599805966311994,2.3303808577572833,-0.008615421508212956
45.90999999999982,1.0106345300674797,-0.0025218964770527576,2.330319685233496,-0.008670913274195252
45.91999999999982,1.010627125446071,-0.0024464461175891547,2.330265797392142,-0.008729956122805138
45.929999999999815,1.010619779456481,-0.002373428815447024,2.3302188742981436,-0.00879240142469831
45.93999999999981,1.010612494681986,-0.0023028116329817726,2.330178601067585,-0.008858103426415409
45.94999999999981,1.01060527358708,-0.0022345555519199547,2.3301446689717644,-0.008926919470430977
45.95999999999981,1.0105981185201864,-0.002168616225827898,2.3301167764037833,-0.008998710182380215
45.96999999999981,1.0105910317165,-0.002104944698404427,2.330094629713548,-0.009073339627337806
45.979999999999805,1.01058401530094,-0.0020434880859070415,2.33007794391744,-0.009150675436904093
45.9899999999998,1.010577071291186,-0.0019841902224057195,2.3300664432892213,-0.009230588909010018
45.9999999999998,1.010570201600786,-0.001926992266921522,2.330059861839009,-0.009312955082132368
46.0099999999998,1.0105634080423045,-0.0018718332718529757,2.3300579436871987,-0.009397652785932492
46.0199999999998,1.0105566923305003,-0.0018186507123958882,2.3300604433404537,-0.009484564670052181
46.029999999999795,1.0105500560855154,-0.0017673809769587767,2.3300671258768184,-0.00957357721289448
46.03999999999979,1.0105435008360584,-0.0017179598188367072,2.330077767047046,-0.009664580712164472
46.04999999999979,1.0105370280225703,-0.0016703227696458424,2.3300921532991627,-0.009757469258903112
46.05999999999979,1.010530639000359,-0.0016244055152361827,2.3301100817331837,-0.009852140696669814
46.06999999999979,1.0105243350426913,-0.001580144234989447,2.330131359992759,-0.009948496567526277
46.079999999999785,1.0105181173438347,-0.0015374759055803192,2.330155806100344,-0.010046442046355603
46.08999999999978,1.0105119870220347,-0.001496338570421429,2.330183248242292,-0.010145885865018606
46.09999999999978,1.0105059451224288,-0.0014566715761406292,2.330213524510028,-0.010246740227754958
46.10999999999978,1.0104999926198823,-0.0014184157775421324,2.330246482603187,-0.010348920719186278
46.11999999999978,1.0104941304217465,-0.0013815137125881404,2.330281979500392,-0.01045234620616578
46.129999999999775,1.0104883593705307,-0.0013459097490060169,2.3303198811029575,-0.010556938734707144
46.13999999999977,1.0104826802464895,-0.0013115502041737854,2.3303600618565996,-0.010662623423040613
46.14999999999977,1.0104770937701177,-0.0012783834399747332,2.3304024043558793,-0.010769328351868612
46.15999999999977,1.0104716006045535,-0.0012463599343266528,2.3304467989357693,-0.01087698445278859
46.16999999999977,1.0104662013578902,-0.0012154323311015266,2.3304931432544853,-0.01098552539569217
46.179999999999765,1.0104608965853932,-0.0011855554701408046,2.330541341871347,-0.011094887475991078
46.18999999999976,1.0104556867916263,-0.0011566863990575174,2.330591305823134,-0.011205009502351343
46.19999999999976,1.0104505724324837,-0.0011287843684854653,2.3306429522021093,-0.011315832685636157
46.20999999999976,1.0104455539171313,-0.0011018108124000792,2.3306962037385506,-0.01142730052956642
46.21999999999976,1.01044063160986,-0.0010757293150889106,2.3307509883903537,-0.011539358723673676
46.229999999999755,1.0104358058318523,-0.0010505055662989927,2.3308072389419774,-0.011651955038888023
46.23999999999975,1.0104310768628626,-0.0010261073060319772,2.3308648926147026,-0.011765039226293156
46.24999999999975,1.0104264449428173,-0.0010025042603874035,2.3309238906899457,-0.01187856291921735
46.25999999999975,1.0104219102733347,-0.0009796680697976051,2.3309841781470904,-0.01199247953899052
46.26999999999975,1.0104174730191713,-0.0009575722109191113,2.3310457033170326,-0.012106744204633035
46.279999999999745,1.0104131333095907,-0.000936191913374051,2.331108417552475,-0.01222131364652615
46.28999999999974,1.0104088912396705,-0.0009155040724625009,2.331172274915718,-0.012336146124282327
46.29999999999974,1.0104047468715371,-0.0008954871588872959,2.331237231884548,-0.0124512013488067
46.30999999999974,1.010400700235542,-0.000876121126460708,2.3313032470765838,-0.012566440408692925
46.31999999999974,1.0103967513313774,-0.0008573873186792467,2.331370280992345,-0.012681825700853327
46.329999999999735,1.0103929001291374,-0.0008392683749845615,2.3314382957770374,-0.012797320865432449
46.33999999999973,1.0103891465703294,-0.0008217481374473834,2.3315072550010645,-0.012912890724835924
46.34999999999973,1.0103854905688316,-0.0008048115585446648,2.3315771234589318,-0.013028501227004219
46.35999999999973,1.0103819320118126,-0.000788444610621066,2.331647866986341,-0.01314411939254545
46.36999999999973,1.0103784707606025,-0.0007726341975662268,2.3317194522949305,-0.013259713265876744
46.379999999999725,1.01037510665153,-0.000757368069164804,2.331791846824196,-0.013375251870020699
46.38999999999972,1.0103718394967225,-0.000742634738516903,2.3318650186099976,-0.013490705165013717
46.39999999999972,1.0103686690848703,-0.000728423402867409,2.331938936168916,-0.01360604400978424
46.40999999999972,1.0103655951819663,-0.0007147238681196306,2.332013568397811,-0.01372124012720724
46.41999999999972,1.0103626175320115,-0.0007015264772615358,2.3320888844877463,-0.013836266072296127
46.429999999999715,1.0103597358577008,-0.0006888220428755851,2.3321648538515203,-0.01395109520323079
46.43999999999971,1.0103569498610834,-0.0006766017838612963,2.332241446063925,-0.014065701655077811
46.44999999999971,1.0103542592242016,-0.0006648572664543672,2.332318630813922,-0.014180060316060089
46.45999999999971,1.0103516636097138,-0.0006535803495806369,2.332396377867843,-0.014294146806071079
46.46999999999971,1.010349162661495,-0.000642763134556025,2.3324746570427535,-0.014407937457415754
46.479999999999706,1.010346756005228,-0.0006323979190989966,2.332553438189147,-0.014521409297372778
46.489999999999704,1.0103444432489768,-0.0006224771556021929,2.3326326911820807,-0.014634540032606419
46.4999999999997,1.0103422239837476,-0.0006129934135754038,2.3327123859199377,-0.014747308035140821
46.5099999999997,1.0103400977840409,-0.000603939346150121,2.332792492330005,-0.014859692329725616
46.5199999999997,1.0103380642083892,-0.0005953076605168451,2.332872980380056,-0.01497167258249718
46.529999999999696,1.0103361227998908,-0.0005870910921477859,2.33295382009521,-0.015083229090681383
46.539999999999694,1.0103342730867295,-0.0005792823826400647,2.3330349815792855,-0.015194342773305974
46.54999999999969,1.0103325145826902,-0.0005718742610045884,2.3331164350400053,-0.015304995162685159
46.55999999999969,1.0103308467876657,-0.0005648594282143238,2.3331981508173483,-0.015415168396606282
46.56999999999969,1.0103292691881576,-0.000558230544817523,2.3332800994144454,-0.015524845211050131
46.579999999999686,1.01032778125777,-0.0005519802214178749,2.3333622515304326,-0.015634008933384208
46.589999999999684,1.0103263824576996,-0.0005461010118185287,2.333444578094704,-0.015742643475860407
46.59999999999968,1.0103250722372155,-0.0005405854086233049,2.333527050302071,-0.015850733329407396
46.60999999999968,1.0103238500341372,-0.0005354258410922721,2.3336096396483375,-0.015958263557577596
46.61999999999968,1.0103227152753074,-0.0005306146750453014,2.333692317965925,-0.016065219790486945
46.629999999999676,1.010321667377057,-0.0005261442146190187,2.33377505745907,-0.01617158821889078
46.639999999999674,1.0103207057456665,-0.0005220067056741998,2.3338578307383364,-0.01627735558812271
46.64999999999967,1.010319829777819,-0.0005181943406657414,2.333940610854061,-0.016382509192001043
46.65999999999967,1.0103190388610541,-0.0005146992647888025,2.3340233713285183,-0.016487036866487198
46.66999999999967,1.0103183323742073,-0.0005115135832251336,2.3341060861865173,-0.016590926983278464
46.679999999999666,1.010317709687852,-0.0005086293693160774,2.3341887299842776,-0.016694168443054352
46.689999999999664,1.0103171701647282,-0.0005060386735037876,2.334271277836342,-0.016796750668617327
46.69999999999966,1.0103167131601711,-0.0005037335328826898,2.3343537054404857,-0.016898663597619157
46.70999999999966,1.0103163380225295,-0.000501705981222097,2.334435989100417,-0.016999897675137404
46.71999999999966,1.0103160440935774,-0.0004999480593210946,2.3345181057462328,-0.017100443845896984
46.729999999999656,1.010315830708922,-0.0004984518255712533,2.3346000329525824,-0.01720029354621888
46.739999999999654,1.0103156971984006,-0.0004972093666131788,2.3346817489544707,-0.017299438695672464
46.74999999999965,1.0103156428864728,-0.0004962128079790075,2.3347632326607095,-0.017397871688455885
46.75999999999965,1.0103156670926052,-0.0004954543246237299,2.334844463665035,-0.017495585384482343
46.76999999999965,1.0103157691316458,-0.0004949261512611156,2.3349254222548783,-0.017592573100231823
46.779999999999646,1.0103159483141935,-0.0004946205924227029,2.335006089417888,-0.017688828599300627
46.789999999999644,1.0103162039469586,-0.0004945300321730351,2.335086446846217,-0.01778434608275592
46.79999999999964,1.010316535333113,-0.0004946469434218036,2.3351664769386495,-0.017879120179267932
46.80999999999964,1.0103169417726339,-0.000494963896777673,2.335246162800677,-0.017973145935050894
46.81999999999964,1.01031742256264,-0.000495473568902672,2.3353254882425922,-0.01806641880357812
46.829999999999636,1.010317976997715,-0.0004961687503320485,2.335404437775681,-0.018158934635232993
46.839999999999634,1.0103186043702277,-0.0004970423527264097,2.3354829966066832,-0.018250689666736764
46.84999999999963,1.0103193039706373,-0.0004980874155388047,2.3355611506305496,-0.01834168051054283
46.85999999999963,1.0103200750877956,-0.0004992971120782676,2.3356388864216755,-0.018431904144098038
46.86999999999963,1.010320917009235,-0.0005006647549599436,2.3357161912236926,-0.018521357899103807
46.879999999999626,1.0103218290214513,-0.0005021838009393833,2.33579305293796,-0.018610039450674076
46.889999999999624,1.0103228104101747,-0.000503847855130089,2.3358694601108496,-0.01869794680654907
46.89999999999962,1.010323860460634,-0.0005056506746098948,2.335945401919986,-0.018785078296280983
46.90999999999962,1.0103249784578094,-0.0005075861714265063,2.3360208681595025,-0.018871432560487678
46.91999999999962,1.0103261636866812,-0.0005096484150145216,2.3360958492245008,-0.01895700854009505
46.929999999999616,1.0103274154324617,-0.0005118316340425299,2.336170336094751,-0.019041805465771416
46.939999999999614,1.0103287329808261,-0.0005141302177060112,2.3362443203178125,-0.0191258228473625
46.94999999999961,1.0103301156181297,-0.0005165387164918097,2.33631779399163,-0.01920906046349316
46.95999999999961,1.0103315626316203,-0.0005190518424359761,2.336390749746757,-0.019291518351257114
46.96999999999961,1.0103330733096372,-0.0005216644689019515,2.3364631807282454,-0.01937319679614108
46.979999999999606,1.0103346469418069,-0.0005243716299061296,2.336535080577355,-0.0194540963220462
46.989999999999604,1.0103362828192282,-0.0005271685190179862,2.3366064434131326,-0.019534217681477395
46.9999999999996,1.0103379802346486,-0.0005300504878673355,2.336677263813958,-0.01961356184600338
47.0099999999996,1.0103397384826351,-0.0005330130442841078,2.3367475367991246,-0.019692129996841723
47.0199999999996,1.0103415568597363,-0.0005360518501043776,2.336817257810552,-0.019769923515700227
47.029999999999596,1.0103434346646347,-0.0005391627186709774,2.3368864226946506,-0.019846943975830422
47.039999999999594,1.010345371198297,-0.0005423416120588468,2.33695502768445,-0.019923193133305428
47.04999999999959,1.010347365764111,-0.0005455846380542637,2.3370230693820093,-0.019998672918547317
47.05999999999959,1.010349417668022,-0.0005488880469180082,2.337090544741178,-0.02007338542808837
47.06999999999959,1.0103515262186564,-0.0005522482279597604,2.3371574510507314,-0.02014733291656859
47.079999999999586,1.0103536907274426,-0.0005556617059507206,2.3372237859179514,-0.020220517789015763
47.089999999999584,1.0103559105087265,-0.000559125137402016,2.3372895472526585,-0.0202929425933063
47.09999999999958,1.0103581848798777,-0.0005626353067344877,2.337354733251723,-0.020364610012966494
47.10999999999958,1.0103605131613904,-0.000566189122361636,2.337419342384094,-0.020435522860159983
47.11999999999958,1.0103628946769816,-0.0005697836127103079,2.33748337337637,-0.020505684068951785
47.129999999999576,1.0103653287536813,-0.000573415922201817,2.337546825198898,-0.02057509668879473
47.139999999999574,1.010367814721917,-0.0005770833072107682,2.337609697052434,-0.020643763878315652
47.14999999999957,1.0103703519155964,-0.0005807831320229661,2.3376719883553827,-0.02071168889927083
47.15999999999957,1.010372939672181,-0.0005845128648097479,2.3377336987315753,-0.02077887511080881
47.16999999999957,1.0103755773327576,-0.0005882700736325429,2.337794827998635,-0.020845325963933237
47.179999999999566,1.0103782642421062,-0.0005920524224944474,2.3378553761569023,-0.02091104499618382
47.189999999999564,1.0103809997487612,-0.0005958576674520647,2.3379153433789255,-0.020976035826575146
47.19999999999956,1.0103837832050704,-0.000599683652799063,2.3379747299994844,-0.021040302150723056
47.20999999999956,1.0103866139672484,-0.000603528307331817,2.338033536506168,-0.02110384773621582
47.21999999999956,1.0103894913954294,-0.0006073896407059646,2.33809176353049,-0.02116667641814629
47.229999999999556,1.010392414853712,-0.0006112657398950947,2.3381494118394883,-0.021228792094900195
47.239999999999554,1.0103953837102049,-0.0006151547657543979,2.338206482327859,-0.021290198724076698
47.24999999999955,1.0103983973370663,-0.0006190549496976008,2.33826297601055,-0.021350900318653526
47.25999999999955,1.0104014551105414,-0.000622964590490161,2.3383188940158157,-0.021410900943295647
47.26999999999955,1.0104045564109982,-0.0006268820511650373,2.3383742375787424,-0.02147020471082753
47.279999999999546,1.0104077006229577,-0.0006308057560611193,2.3384290080351735,-0.0215288157789206
47.289999999999544,1.0104108871351238,-0.0006347341879867738,2.338483206816048,-0.021586738346883017
47.29999999999954,1.0104141153404105,-0.0006386658855098371,2.33853683544214,-0.021643976652619662
47.30999999999954,1.0104173846359643,-0.0006425994403759681,2.3385898955191395,-0.021700534969752966
47.31999999999954,1.0104206944231884,-0.0006465334950499305,2.3386423887330996,-0.021756417604859107
47.329999999999536,1.0104240441077594,-0.0006504667403843765,2.338694316846177,-0.021811628894875534
47.339999999999534,1.010427433099648,-0.0006543979134091449,2.3387456816927257,-0.021866173204556055
47.34999999999953,1.0104308608131327,-0.0006583257952434673,2.338796485175619,-0.021920054924130405
47.35999999999953,1.010434326666814,-0.0006622492091246568,2.3388467292628814,-0.02197327846699823
47.36999999999953,1.0104378300836263,-0.0006661670185522166,2.3388964159845322,-0.022025848267620024
47.37999999999953,1.0104413704908486,-0.0006700781255420506,2.33894554742968,-0.022077768779407175
47.389999999999525,1.0104449473201118,-0.0006739814689891317,2.3389941257438047,-0.022129044472787962
47.39999999999952,1.010448560007408,-0.0006778760231322498,2.339042153126256,-0.02217967983330149
47.40999999999952,1.0104522079930938,-0.0006817607961188965,2.339089631827898,-0.022229679359851706
47.41999999999952,1.0104558907218952,-0.0006856348286621583,2.3391365641489323,-0.022279047562957927
47.42999999999952,1.0104596076429113,-0.0006894971927895535,2.3391829524368646,-0.022327788963122708
47.439999999999515,1.0104633582096143,-0.0006933469906756325,2.339228799084591,-0.02237590808930781
47.44999999999951,1.0104671418798514,-0.0006971833535545877,2.3392741065286127,-0.02242340947736937
47.45999999999951,1.0104709581158426,-0.0007010054407104,2.3393188772473423,-0.022470297668687883
47.46999999999951,1.010474806384179,-0.0007048124385348953,2.3393631137595214,-0.022516577208759242
47.47999999999951,1.01047868615582,-0.0007086035596537535,2.3394068186226917,-0.022562252645890152
47.489999999999505,1.0104825969060895,-0.0007123780421133614,2.339449994431776,-0.022607328529906434
47.4999999999995,1.0104865381146695,-0.0007161351486265556,2.3394926438176835,-0.022651809410996454
47.5099999999995,1.0104905092655956,-0.000719874165866756,2.339534769445999,-0.022695699838471
47.5199999999995,1.0104945098472482,-0.0007235944038157109,2.339576374015701,-0.022739004359700082
47.5299999999995,1.0104985393523476,-0.0007272951951519744,2.3396174602579354,-0.02278172751898172
47.539999999999495,1.0105025972779416,-0.0007309758946817126,2.3396580309348036,-0.022823873856543886
47.54999999999949,1.0105066831253986,-0.0007346358788049642,2.339698088838194,-0.022865447907524844
47.55999999999949,1.0105107964003963,-0.0007382745450154625,2.339737636788635,-0.02290645420099935
47.56999999999949,1.0105149366129111,-0.0007418913114306371,2.3397766776341675,-0.02294689725904958
47.57999999999949,1.0105191032772054,-0.0007454856163482137,2.339815214249219,-0.022986781595888406
47.589999999999485,1.0105232959118169,-0.0007490569178246913,2.3398532495335234,-0.023026111716944547
47.59999999999948,1.0105275140395444,-0.0007526046932776675,2.3398907864110154,-0.023064892118064617
47.60999999999948,1.010531757187433,-0.0007561284391038365,2.3399278278287476,-0.023103127284701513
47.61999999999948,1.010536024886762,-0.0007596276703132743,2.3399643767558276,-0.023140821691115615
47.62999999999948,1.010540316673028,-0.0007631019201779288,2.3400004361823354,-0.023177979799629628
47.639999999999475,1.0105446320859304,-0.000766550739891844,2.3400360091182635,-0.023214606059906745
47.64999999999947,1.0105489706693547,-0.0007699736982401389,2.3400710985924538,-0.02325070490823919
47.65999999999947,1.0105533319713564,-0.0007733703812768498,2.340105707651538,-0.023286280766881023
47.66999999999947,1.0105577155441434,-0.0007767403920092299,2.340139839358888,-0.023321338043375966
47.67999999999947,1.0105621209440587,-0.0007800833500873827,2.3401734967935566,-0.023355881129944772
47.689999999999465,1.0105665477315617,-0.0007833988914981575,2.3402066830492383,-0.023389914402868472
47.69999999999946,1.010570995471211,-0.0007866866682617356,2.3402394012332297,-0.023423442221897184
47.70999999999946,1.0105754637316429,-0.0007899463481314893,2.3402716544653805,-0.02345646892970868
47.71999999999946,1.010579952085555,-0.0007931776142939595,2.340303445877082,-0.023488998851322468
47.72999999999946,1.010584460109684,-0.0007963801650715499,2.340334778610234,-0.02352103629362276
47.739999999999455,1.0105889873847869,-0.0007995537136240415,2.340365655816231,-0.02355258554483225
47.74999999999945,1.0105935334956182,-0.0008026979876512346,2.3403960806549646,-0.023583650874051537
47.75999999999945,1.0105980980309126,-0.0008058127290947139,2.3404260562938286,-0.023614236530754923
47.76999999999945,1.010602680583361,-0.0008088976938404884,2.3404555859067417,-0.023644346744395833
47.77999999999945,1.0106072807495892,-0.0008119526514193185,2.3404846726731754,-0.023673985723954044
47.789999999999445,1.0106118981301366,-0.0008149773847083409,2.340513319777202,-0.023703157657550655
47.79999999999944,1.0106165323294345,-0.0008179716896313242,2.340541530406563,-0.02373186671204222
47.80999999999944,1.0106211829557823,-0.0008209353748582648,2.340569307751741,-0.02376011703267411
47.81999999999944,1.0106258496213256,-0.000823868261505577,2.3405966550050623,-0.02378791274272632
47.82999999999944,1.0106305319420334,-0.000826770182835365,2.340623575359811,-0.02381525794316608
47.839999999999435,1.0106352295376742,-0.0008296409839558168,2.3406500720093626,-0.023842156712362728
47.84999999999943,1.010639942031793,-0.0008324805215209581,2.3406761481463385,-0.02386861310577157
47.85999999999943,1.0106446690516886,-0.0008352886634320849,2.3407018069617926,-0.02389463115565374
47.86999999999943,1.0106494102283876,-0.000838065288539991,2.340727051644395,-0.023920214870834677
47.87999999999943,1.0106541651966232,-0.0008408102863473627,2.340751885379669,-0.023945368236418935
47.889999999999425,1.0106589335948089,-0.0008435235567153658,2.3407763113492255,-0.023970095213602355
47.89999999999942,1.0106637150650144,-0.000846205009569687,2.340800332730034,-0.023994399739430988
47.90999999999942,1.010668509252943,-0.0008488545646097346,2.340823952693714,-0.02401828572661288
47.91999999999942,1.0106733158079058,-0.0008514721510212709,2.340847174405855,-0.02404175706331868
47.92999999999942,1.0106781343827957,-0.0008540577071912584,2.340870001025357,-0.02406481761303461
47.939999999999415,1.010682964634066,-0.0008566111804256931,2.340892435703792,-0.024087471214380318
47.94999999999941,1.010687806221703,-0.0008591325266720948,2.340914481584803,-0.024109721680986296
47.95999999999941,1.0106926588092018,-0.0008616217102454241,2.3409361418035086,-0.024131572801359635
47.96999999999941,1.0106975220635408,-0.0008640787035570676,2.340957419485949,-0.02415302833877017
47.97999999999941,1.010702395655158,-0.0008665034868496094,2.3409783177485486,-0.02417409203115256
47.989999999999405,1.0107072792579255,-0.0008688960479360242,2.3409988396976167,-0.024194767590987265
47.9999999999994,1.0107121725491235,-0.0008712563819440211,2.34101898842884,-0.024215058705263498
48.0099999999994,1.0107170752094157,-0.0008735844910638811,2.341038767026827,-0.02423496903539829
48.0199999999994,1.010721986922825,-0.0008758803843029035,2.3410581785646807,-0.024254502217167184
48.0299999999994,1.010726907376707,-0.0008781440772461166,2.341077226103561,-0.024273661860679613
48.039999999999395,1.010731836261726,-0.0008803755918196862,2.3410959126923085,-0.024292451550324556
48.04999999999939,1.0107367732718293,-0.0008825749560633285,2.341114241367058,-0.024310874844765906
48.05999999999939,1.0107417181042224,-0.0008847422039061645,2.341132215150896,-0.024328935276916958
48.06999999999939,1.010746670459343,-0.0008868773749496068,2.3411498370535244,-0.024346636353952206
48.07999999999939,1.010751630040838,-0.0008889805142547799,2.3411671100709537,-0.02436398155729319
48.089999999999385,1.010756596555536,-0.0008910516721376514,2.3411840371852155,-0.02438097434261738
48.09999999999938,1.0107615697134238,-0.0008930909039691594,2.3412006213640795,-0.02439761813991745
48.10999999999938,1.010766549227622,-0.000895098269980439,2.3412168655608165,-0.02441391635347767
48.11999999999938,1.010771534814359,-0.0008970738350764156,2.3412327727139486,-0.024429872361953486
48.12999999999938,1.0107765261929471,-0.0008990176686525039,2.3412483457470423,-0.02444548951838632
48.139999999999375,1.0107815230857553,-0.0009009298444197635,2.3412635875684913,-0.024460771150301264
48.14999999999937,1.01078652521819,-0.0009028104402323956,2.34127850107135,-0.024475720559691577
48.15999999999937,1.0107915323186645,-0.0009046595379252153,2.3412930891331416,-0.024490341023152506
48.16999999999937,1.0107965441185784,-0.0009064772231531604,2.341307354615719,-0.024504635791912144
48.17999999999937,1.0108015603522922,-0.000908263585238135,2.3413213003651063,-0.024518608091926547
48.189999999999365,1.0108065807571027,-0.0009100187170211834,2.3413349292113836,-0.024532261123930338
48.19999999999936,1.0108116050732188,-0.000911742714719471,2.3413482439685502,-0.02454559806356968
48.20999999999936,1.0108166330437378,-0.0009134356777881966,2.3413612474344374,-0.02455862206146095
48.21999999999936,1.0108216644146215,-0.0009150977087883234,2.3413739423905993,-0.024571336243284198
48.22999999999936,1.0108266989346726,-0.0009167289132587156,2.34138633160224,-0.024583743709903183
48.239999999999355,1.010831736355509,-0.0009183293995934798,2.341398417818124,-0.024595847537459553
48.24999999999935,1.010836776431544,-0.000919899278922487,2.3414102037705304,-0.024607650777471318
48.25999999999935,1.0108418189199584,-0.0009214386649988778,2.3414216921751794,-0.024619156456954033
48.26999999999935,1.01084686358068,-0.0009229476740884611,2.3414328857311935,-0.02463036757854603
48.27999999999935,1.0108519101763607,-0.0009244264248645146,2.3414437871210576,-0.02464128712058794
48.289999999999345,1.0108569584723506,-0.0009258750383068692,2.3414543990105847,-0.024651918037298853
48.29999999999934,1.0108620082366782,-0.0009272936376036486,2.34146472404889,-0.024662263258837525
48.30999999999934,1.0108670592400244,-0.0009286823480576039,2.341474764868373,-0.024672325691490526
48.31999999999934,1.0108721112557029,-0.0009300412969959425,2.341484524084707,-0.02468210821774694
48.32999999999934,1.0108771640596355,-0.0009313706136839006,2.341494004296826,-0.024691613696460113
48.339999999999336,1.01088221743033,-0.00093267042924011,2.3415032080869267,-0.024700844962974172
48.34999999999933,1.0108872711488583,-0.0009339408765565844,2.341512138020478,-0.024709804829249865
48.35999999999933,1.0108923249988349,-0.0009351820902217256,2.3415207966462166,-0.02471849608400234
48.36999999999933,1.0108973787663929,-0.0009363942064454403,2.3415291864961736,-0.024726921492838283
48.37999999999933,1.010902432240163,-0.000937577362987109,2.341537310085672,-0.02473508379842565
48.389999999999326,1.0109074852112527,-0.0009387316990854816,2.341545169913371,-0.02474298572057032
48.399999999999324,1.0109125374732237,-0.0009398573553933799,2.3415527684612667,-0.024750629956422326
48.40999999999932,1.0109175888220707,-0.0009409544739118597,2.34156010819474,-0.024758019180561225
48.41999999999932,1.0109226390561992,-0.0009420231979290203,2.3415671915625715,-0.024765156045202658
48.42999999999932,1.0109276879764064,-0.0009430636719590106,2.341574020996982,-0.024772043180268544
48.439999999999316,1.010932735385858,-0.0009440760416846162,2.3415805989136684,-0.024778683193601714
48.449999999999314,1.0109377810900682,-0.0009450604539008873,2.341586927711842,-0.024785078671062555
48.45999999999931,1.010942824896879,-0.0009460170564610299,2.3415930097742677,-0.024791232176708533
48.46999999999931,1.0109478666164402,-0.0009469459982233847,2.3415988474673117,-0.024797146252901248
48.47999999999931,1.010952906061187,-0.0009478474290013866,2.3416044431409797,-0.02480282342050777
48.489999999999306,1.0109579430458218,-0.0009487214995133701,2.341609799128972,-0.02480826617900106
48.499999999999304,1.0109629773872921,-0.0009495683613351842,2.341614917748721,-0.024813477006646684
48.5099999999993,1.0109680089047728,-0.000950388166853312,2.3416198013014644,-0.024818458360601592
48.5199999999993,1.0109730374196442,-0.0009511810692207301,2.3416244520722738,-0.024823212677113238
48.5299999999993,1.0109780627554736,-0.0009519472223129784,2.341628872330124,-0.024827742371631795
48.539999999999296,1.0109830847379948,-0.0009526867806856918,2.341633064327945,-0.024832049838984738
48.549999999999294,1.0109881031950894,-0.0009533998995329876,2.341637030302674,-0.024836137453502077
48.55999999999929,1.010993117956766,-0.0009540867346483134,2.341640772475319,-0.024840007569202932
48.56999999999929,1.0109981288551444,-0.0009547474423836551,2.341644293051027,-0.024843662519877463
48.57999999999929,1.011003135724433,-0.000955382179614304,2.3416475942191286,-0.02484710461930642
48.589999999999286,1.011008138400911,-0.0009559911036998584,2.3416506781532114,-0.024850336161368752
48.599999999999284,1.011013136722911,-0.0009565743724489792,2.3416535470111777,-0.02485335942020181
48.60999999999928,1.0110181305307988,-0.0009571321440841541,2.341656202935315,-0.02485617665034559
48.61999999999928,1.0110231196669561,-0.0009576645772078549,2.3416586480523587,-0.02485879008688935
48.62999999999928,1.0110281039757616,-0.0009581718307698676,2.3416608844735607,-0.02486120194562208
48.639999999999276,1.0110330833035728,-0.0009586540640338986,2.341662914294755,-0.024863414423176272
48.649999999999274,1.0110380574987081,-0.0009591114365470966,2.341664739596422,-0.024865429697192826
48.65999999999927,1.0110430264114298,-0.0009595441081080344,2.3416663624437706,-0.024867249926423446
48.66999999999927,1.0110479898939249,-0.0009599522387387202,2.3416677848867984,-0.02486887725092818
48.67999999999927,1.0110529478002879,-0.0009603359886534543,2.341669008960361,-0.024870313792185128
48.689999999999266,1.0110578999865047,-0.0009606955182313935,2.341670036684256,-0.024871561653247276
48.699999999999264,1.0110628463104343,-0.0009610309879891116,2.3416708700632904,-0.02487262291888631
48.70999999999926,1.0110677866317905,-0.0009613425585532164,2.3416715110873447,-0.024873499655737236
48.71999999999926,1.0110727208121273,-0.0009616303906342977,2.3416719617314663,-0.024874193912443693
48.72999999999926,1.0110776487148196,-0.0009618946450009498,2.341672223955923,-0.02487470771979544
48.739999999999256,1.011082570205049,-0.0009621354824552954,2.341672299706304,-0.024875043090868493
48.749999999999254,1.0110874851497849,-0.000962353063808528,2.3416721909135725,-0.0248752020211698
48.75999999999925,1.0110923934177687,-0.0009625475498578922,2.341671899494157,-0.024875186488792805
48.76999999999925,1.0110972948794985,-0.000962719101362548,2.3416714273500268,-0.02487499845452562
48.77999999999925,1.0111021894072114,-0.0009628678790224597,2.3416707763687614,-0.024874639862033088
48.789999999999246,1.0111070768748682,-0.0009629940434553506,2.3416699484236467,-0.02487411263795114
48.799999999999244,1.0111119571581384,-0.0009630977551765761,2.3416689453737454,-0.024873418692045624
48.80999999999924,1.0111168301343816,-0.0009631791745787105,2.341667769063963,-0.024872559917374387
48.81999999999924,1.0111216956826352,-0.0009632384619104557,2.341666421325158,-0.024871538190370773
48.82999999999924,1.0111265536835963,-0.0009632757772587922,2.341664903974195,-0.0248703553710255
48.839999999999236,1.011131404019608,-0.0009632912805287153,2.341663218814047,-0.02486901330299565
48.849999999999234,1.0111362465746427,-0.0009632851314265603,2.3416613676338613,-0.024867513813761538
48.85999999999923,1.0111410812342883,-0.0009632574894407302,2.3416593522090445,-0.02486585871474123
48.86999999999923,1.011145907885732,-0.0009632085138253977,2.341657174301359,-0.024864049801424953
48.87999999999923,1.0111507264177464,-0.0009631383635841036,2.341654835658985,-0.024862088853521452
48.889999999999226,1.0111555367206733,-0.0009630471974529678,2.341652338016614,-0.0248599776350871
48.899999999999224,1.0111603386864108,-0.0009629351738851555,2.341649683095535,-0.024857717894638143
48.90999999999922,1.0111651322083979,-0.0009628024510359954,2.3416468726037123,-0.024855311365294397
48.91999999999922,1.0111699171815998,-0.0009626491867488692,2.341643908235865,-0.02485275976492826
48.92999999999922,1.0111746935024948,-0.0009624755385398839,2.341640791673567,-0.02485006479623067
48.939999999999216,1.011179461069058,-0.0009622816635856293,2.3416375245853063,-0.02484722814692003
48.949999999999214,1.0111842197807501,-0.0009620677187089478,2.341634108626593,-0.02484425148980879
48.95999999999921,1.0111889695385012,-0.0009618338603662625,2.341630545440028,-0.024841136482946113
48.96999999999921,1.0111937102446982,-0.0009615802446365163,2.341626836655391,-0.024837884769754626
48.97999999999921,1.0111984418031699,-0.0009613070272074742,2.341622983889725,-0.02483449797914361
48.989999999999206,1.0112031641191752,-0.0009610143633656564,2.341618988747416,-0.024830977725634557
48.999999999999204,1.011207877099388,-0.0009607024079841598,2.341614852820285,-0.02482732560947984
49.0099999999992,1.011212580651885,-0.0009603713155132065,2.3416105776876646,-0.02482354321679217
49.0199999999992,1.0112172746861325,-0.0009600212399689026,2.341606164916488,-0.02481963211965088
49.0299999999992,1.011221959112972,-0.0009596523349239739,2.341601616061369,-0.02481559387623619
49.039999999999196,1.0112266338446099,-0.0009592647534987,2.341596932664686,-0.02481143003093314
49.049999999999194,1.0112312987946002,-0.0009588586483509911,2.341592116256663,-0.024807142114471548
49.05999999999919,1.0112359538778362,-0.0009584341716677134,2.341587168355453,-0.024802731644034848
49.06999999999919,1.011240599010536,-0.0009579914751559239,2.341582090467235,-0.02479820012334255
49.07999999999919,1.0112452341102294,-0.0009575307100363736,2.341576884086271,-0.024793549042820273
49.089999999999186,1.0112498590957473,-0.0009570520270340898,2.3415715506950123,-0.02478877987966796
49.099999999999184,1.0112544738872062,-0.0009565555763720624,2.3415660917641627,-0.024783894098014986
49.10999999999918,1.0112590784060003,-0.0009560415077628209,2.3415605087527753,-0.02477889314898074
49.11999999999918,1.0112636725747852,-0.0009555099704031771,2.3415548031083233,-0.024773778470844415
49.12999999999918,1.0112682563174689,-0.0009549611129663768,2.341548976266791,-0.02476855148910273
49.139999999999176,1.0112728295591977,-0.0009543950835963738,2.3415430296527373,-0.02476321361663006
49.149999999999174,1.0112773922263465,-0.0009538120299012491,2.341536964679404,-0.024757766253735047
49.15999999999917,1.0112819442465064,-0.0009532120989485094,2.341530782748773,-0.024752210788294537
49.16999999999917,1.0112864855484713,-0.0009525954372590232,2.341524485251652,-0.024746548595883405
49.17999999999917,1.0112910160622295,-0.0009519621908015689,2.3415180735677574,-0.024740781039828658
49.189999999999166,1.01129553571895,-0.0009513125049881673,2.341511549065793,-0.02473490947136242
49.199999999999164,1.0113000444509717,-0.0009506465246692828,2.3415049131035226,-0.024728935229699656
49.20999999999916,1.0113045421917934,-0.0009499643941286085,2.341498167027859,-0.02472285964214635
49.21999999999916,1.0113090288760611,-0.0009492662570797101,2.3414913121749317,-0.02471668402421312
49.22999999999916,1.0113135044395578,-0.000948552256661028,2.341484349870169,-0.02471040967970084
49.239999999999156,1.0113179688191927,-0.0009478225354326065,2.341477281428377,-0.02470403790081066
49.249999999999154,1.0113224219529902,-0.0009470772353716577,2.3414701081538105,-0.024697569968233052
49.25999999999915,1.011326863780079,-0.000946316497869928,2.341462831340252,-0.0246910071512719
49.26999999999915,1.0113312942406822,-0.0009455404637291079,2.341455452271094,-0.024684350707913943
49.27999999999915,1.0113357132761056,-0.0009447492731587352,2.3414479722193997,-0.024677601884947026
49.28999999999915,1.011340120828729,-0.0009439430657721884,2.3414403924479954,-0.02467076191803322
49.299999999999145,1.0113445168419937,-0.000943121980584795,2.3414327142095255,-0.024663832031838445
49.30999999999914,1.0113489012603938,-0.0009422861560103208,2.3414249387465422,-0.024656813440093073
49.31999999999914,1.0113532740294662,-0.0009414357298584535,2.341417067291575,-0.024649707345703264
49.32999999999914,1.0113576350957791,-0.0009405708393328397,2.3414091010671956,-0.024642514940849986
49.33999999999914,1.0113619844069237,-0.0009396916210280303,2.341401041286102,-0.024635237407058336
49.349999999999135,1.0113663219115026,-0.0009387982109279591,2.34139288915118,-0.02462787591531776
49.35999999999913,1.0113706475591215,-0.0009378907444038246,2.341384645855585,-0.024620431626147576
49.36999999999913,1.0113749613003793,-0.0009369693562119392,2.341376312582805,-0.024612905689695347
49.37999999999913,1.0113792630868572,-0.0009360341804920439,2.3413678905067337,-0.024605299245836265
49.38999999999913,1.0113835528711104,-0.0009350853507657093,2.3413593807917397,-0.024597613424251624
49.399999999999125,1.0113878306066584,-0.000934122999934495,2.3413507845927395,-0.02458984934450495
49.40999999999912,1.011392096247975,-0.0009331472602790995,2.3413421030552617,-0.024582008116149467
49.41999999999912,1.0113963497504803,-0.0009321582634574198,2.3413333373155223,-0.024574090838805046
49.42999999999912,1.01140059107053,-0.0009311561405038413,2.3413244885004816,-0.024566098602245262
49.43999999999912,1.0114048201654067,-0.0009301410218274171,2.341315557727923,-0.024558032486468706
49.449999999999115,1.0114090369933117,-0.0009291130372115759,2.341306546106517,-0.024549893561799846
49.45999999999911,1.0114132415133548,-0.0009280723158126319,2.341297454735882,-0.024541682888973654
49.46999999999911,1.0114174336855464,-0.0009270189861587771,2.3412882847066583,-0.02453340151919714
49.47999999999911,1.0114216134707879,-0.0009259531761499157,2.341279037100572,-0.024525050494236422
49.48999999999911,1.0114257808308638,-0.0009248750130569179,2.3412697129904965,-0.02451663084651695
49.499999999999105,1.011429935728432,-0.0009237846235204414,2.341260313440523,-0.024508143599180715
49.5099999999991,1.0114340781270157,-0.0009226821335509695,2.341250839506016,-0.024499589766183105
49.5199999999991,1.0114382079909956,-0.0009215676685276204,2.341241292233687,-0.024490970352341213
49.5299999999991,1.0114423252856002,-0.0009204413531990323,2.3412316726616558,-0.024482286353447097
49.5399999999991,1.0114464299768982,-0.0009193033116821033,2.341221981819507,-0.024473538756324298
49.549999999999095,1.01145052203179,-0.0009181536674619757,2.341212220728355,-0.024464728538906244
49.55999999999909,1.011454601417999,-0.0009169925433919455,2.341202390400912,-0.024455856670324516
49.56999999999909,1.011458668104065,-0.0009158200616931817,2.341192491841545,-0.024446924110950063
49.57999999999909,1.0114627220593337,-0.0009146363439549286,2.3411825260463313,-0.0244379318125221
49.58999999999909,1.0114667632539511,-0.0009134415111341563,2.341172494003132,-0.02442888071816038
49.599999999999085,1.011470791658854,-0.0009122356835564576,2.341162396691641,-0.02441977176247878
49.60999999999908,1.0114748072457622,-0.0009110189809152649,2.341152235083447,-0.024410605871645313
49.61999999999908,1.011478809987172,-0.0009097915222724398,2.3411420101420983,-0.024401383963446932
49.62999999999908,1.0114827998563476,-0.0009085534260590579,2.341131722823158,-0.024392106947364017
49.63999999999908,1.011486776827312,-0.0009073048100750514,2.341121374074257,-0.024382775724662797
49.649999999999075,1.0114907408748417,-0.0009060457914894214,2.3411109648351585,-0.02437339118842155
49.65999999999907,1.0114946919744585,-0.0009047764868414028,2.3411004960378183,-0.02436395422362933
49.66999999999907,1.011498630102421,-0.0009034970120402866,2.3410899686064313,-0.024354465707259826
49.67999999999907,1.011502555235718,-0.0009022074823661279,2.341079383457496,-0.02434492650830536
49.68999999999907,1.0115064673520624,-0.0009009080124704626,2.3410687414998748,-0.024335337487867426
49.699999999999065,1.0115103664298808,-0.0008995987163774351,2.3410580436348334,-0.024325699499236464
49.70999999999906,1.0115142524483092,-0.0008982797074829189,2.341047290756117,-0.02431601338791642
49.71999999999906,1.0115181253871843,-0.0008969510985567576,2.3410364837499866,-0.0243062799917321
49.72999999999906,1.0115219852270365,-0.0008956130017428501,2.3410256234952844,-0.024296500140875754
49.73999999999906,1.0115258319490839,-0.0008942655285595625,2.3410147108634876,-0.024286674657957696
49.749999999999055,1.0115296655352244,-0.000892908789901281,2.341003746718758,-0.024276804358081994
49.75999999999905,1.0115334859680287,-0.0008915428960391157,2.340992731917998,-0.02426689004891769
49.76999999999905,1.0115372932307338,-0.0008901679566216661,2.340981667310899,-0.024256932530751923
49.77999999999905,1.0115410873072368,-0.0008887840806758881,2.340970553740002,-0.02424693259653815
49.78999999999905,1.0115448681820862,-0.0008873913766082572,2.3409593920407397,-0.02423689103199611
49.799999999999045,1.0115486358404782,-0.0008859899522053374,2.340948183041499,-0.02422680861561191
49.80999999999904,1.0115523902682462,-0.0008845799146358962,2.3409369275636593,-0.024216686118769398
49.81999999999904,1.0115561314518586,-0.0008831613704504868,2.3409256264216602,-0.024206524305740773
49.82999999999904,1.011559859378409,-0.0008817344255834603,2.3409142804230303,-0.02419632393379781
49.83999999999904,1.0115635740356108,-0.0008802991853541315,2.3409028903684597,-0.024186085753233305
49.849999999999035,1.0115672754117913,-0.0008788557544680552,2.340891457051836,-0.02417581050744741
49.85999999999903,1.0115709634958845,-0.0008774042370172081,2.340879981260295,-0.02416549893298628
49.86999999999903,1.0115746382774253,-0.0008759447364823903,2.3408684637742727,-0.02415515175959898
49.87999999999903,1.011578299746544,-0.0008744773557340865,2.3408569053675534,-0.02414476971030749
49.88999999999903,1.0115819478939578,-0.0008730021970333049,2.340845306807317,-0.024134353501439304
49.899999999999025,1.0115855827109672,-0.000871519362033867,2.340833668854186,-0.024123903842720312
49.90999999999902,1.0115892041894485,-0.0008700289517824927,2.3408219922622724,-0.024113421437283122
49.91999999999902,1.011592812321849,-0.0008685310667212261,2.3408102777792332,-0.02410290698174314
49.92999999999902,1.0115964071011787,-0.0008670258066884974,2.3407985261463007,-0.024092361166268422
49.93999999999902,1.011599988521007,-0.0008655132709197439,2.340786738098345,-0.024081784674605478
49.949999999999015,1.011603556575455,-0.000863993558050231,2.340774914363912,-0.02407117818414181
49.95999999999901,1.011607111259191,-0.0008624667661153311,2.3407630556652665,-0.024060542365965165
49.96999999999901,1.0116106525674233,-0.0008609329925525085,2.3407511627184467,-0.024049877884904758
49.97999999999901,1.0116141804958965,-0.0008593923342026754,2.3407392362333006,-0.024039185399586105
49.98999999999901,1.0116176950408828,-0.0008578448873117808,2.3407272769135337,-0.02402846556248489
49.999999999999005,1.0116211961991797,-0.0008562907475321939,2.3407152854567546,-0.02401771901997285
50.0,1.0116211961991803,-0.000856290747532039,2.3407152854567546,-0.02401771901996877
